(Project Enclosure-Acrylic)
(Created by Estlcam version 11 build 11.244)
(Machining time about 00:23:28 hours)

(Required tools:)
(Acrylic Endmill)

G90
M03 S24000
G0 X0.0000 Y0.0000 Z0.0000 F2100
G0 Z-5.0000 F480


(No. 1: Drill 6)
G0 X29.9590 Y36.5427 F2100
G0 Z-0.5000 F480
G1 Z0.5000 F180 S24000
G0 Z-0.5000 F480
G0 Z0.0000
G1 Z1.0000 F180
G0 Z-0.5000 F480
G0 Z0.5000
G1 Z1.5000 F180
G0 Z-0.5000 F480
G0 Z1.0000
G1 Z2.0000 F180
G0 Z-0.5000 F480
G0 Z1.5000
G1 Z2.5000 F180
G0 Z-0.5000 F480
G0 Z2.0000
G1 Z3.0000 F180
G0 Z-0.5000 F480
G0 Z2.5000
G1 Z3.5000 F180
G0 Z-0.5000 F480
G0 Z3.0000
G1 Z4.0000 F180
G0 Z-0.5000 F480
G0 Z3.5000
G1 Z4.5000 F180
G0 Z-0.5000 F480
G0 Z4.0000
G1 Z5.0000 F180
G0 Z-0.5000 F480
G0 Z4.5000
G1 Z5.5000 F180
G0 Z-0.5000 F480
G0 Z5.0000
G1 Z6.0000 F180
G0 Z-0.5000 F480
G0 Z5.5000
G1 Z6.5000 F180
G0 Z-0.5000 F480
G0 Z6.0000
G1 Z7.0000 F180
G0 Z-0.5000 F480
G0 Z6.5000
G1 Z7.5000 F180
G0 Z-0.5000 F480
G0 Z7.0000
G1 Z8.0000 F180
G0 Z-5.0000 F480


(No. 2: Drill 5)
G0 X95.6090 Y36.5427 Z-5.0000 F2100
G0 Z-0.5000 F480
G1 Z0.5000 F180
G0 Z-0.5000 F480
G0 Z0.0000
G1 Z1.0000 F180
G0 Z-0.5000 F480
G0 Z0.5000
G1 Z1.5000 F180
G0 Z-0.5000 F480
G0 Z1.0000
G1 Z2.0000 F180
G0 Z-0.5000 F480
G0 Z1.5000
G1 Z2.5000 F180
G0 Z-0.5000 F480
G0 Z2.0000
G1 Z3.0000 F180
G0 Z-0.5000 F480
G0 Z2.5000
G1 Z3.5000 F180
G0 Z-0.5000 F480
G0 Z3.0000
G1 Z4.0000 F180
G0 Z-0.5000 F480
G0 Z3.5000
G1 Z4.5000 F180
G0 Z-0.5000 F480
G0 Z4.0000
G1 Z5.0000 F180
G0 Z-0.5000 F480
G0 Z4.5000
G1 Z5.5000 F180
G0 Z-0.5000 F480
G0 Z5.0000
G1 Z6.0000 F180
G0 Z-0.5000 F480
G0 Z5.5000
G1 Z6.5000 F180
G0 Z-0.5000 F480
G0 Z6.0000
G1 Z7.0000 F180
G0 Z-0.5000 F480
G0 Z6.5000
G1 Z7.5000 F180
G0 Z-0.5000 F480
G0 Z7.0000
G1 Z8.0000 F180
G0 Z-5.0000 F480


(No. 3: Drill 4)
G0 X161.2590 Y36.5427 Z-5.0000 F2100
G0 Z-0.5000 F480
G1 Z0.5000 F180
G0 Z-0.5000 F480
G0 Z0.0000
G1 Z1.0000 F180
G0 Z-0.5000 F480
G0 Z0.5000
G1 Z1.5000 F180
G0 Z-0.5000 F480
G0 Z1.0000
G1 Z2.0000 F180
G0 Z-0.5000 F480
G0 Z1.5000
G1 Z2.5000 F180
G0 Z-0.5000 F480
G0 Z2.0000
G1 Z3.0000 F180
G0 Z-0.5000 F480
G0 Z2.5000
G1 Z3.5000 F180
G0 Z-0.5000 F480
G0 Z3.0000
G1 Z4.0000 F180
G0 Z-0.5000 F480
G0 Z3.5000
G1 Z4.5000 F180
G0 Z-0.5000 F480
G0 Z4.0000
G1 Z5.0000 F180
G0 Z-0.5000 F480
G0 Z4.5000
G1 Z5.5000 F180
G0 Z-0.5000 F480
G0 Z5.0000
G1 Z6.0000 F180
G0 Z-0.5000 F480
G0 Z5.5000
G1 Z6.5000 F180
G0 Z-0.5000 F480
G0 Z6.0000
G1 Z7.0000 F180
G0 Z-0.5000 F480
G0 Z6.5000
G1 Z7.5000 F180
G0 Z-0.5000 F480
G0 Z7.0000
G1 Z8.0000 F180
G0 Z-5.0000 F480


(No. 4: Drill 3)
G0 X161.2590 Y186.5427 Z-5.0000 F2100
G0 Z-0.5000 F480
G1 Z0.5000 F180
G0 Z-0.5000 F480
G0 Z0.0000
G1 Z1.0000 F180
G0 Z-0.5000 F480
G0 Z0.5000
G1 Z1.5000 F180
G0 Z-0.5000 F480
G0 Z1.0000
G1 Z2.0000 F180
G0 Z-0.5000 F480
G0 Z1.5000
G1 Z2.5000 F180
G0 Z-0.5000 F480
G0 Z2.0000
G1 Z3.0000 F180
G0 Z-0.5000 F480
G0 Z2.5000
G1 Z3.5000 F180
G0 Z-0.5000 F480
G0 Z3.0000
G1 Z4.0000 F180
G0 Z-0.5000 F480
G0 Z3.5000
G1 Z4.5000 F180
G0 Z-0.5000 F480
G0 Z4.0000
G1 Z5.0000 F180
G0 Z-0.5000 F480
G0 Z4.5000
G1 Z5.5000 F180
G0 Z-0.5000 F480
G0 Z5.0000
G1 Z6.0000 F180
G0 Z-0.5000 F480
G0 Z5.5000
G1 Z6.5000 F180
G0 Z-0.5000 F480
G0 Z6.0000
G1 Z7.0000 F180
G0 Z-0.5000 F480
G0 Z6.5000
G1 Z7.5000 F180
G0 Z-0.5000 F480
G0 Z7.0000
G1 Z8.0000 F180
G0 Z-5.0000 F480


(No. 5: Drill 2)
G0 X95.6090 Y186.5427 Z-5.0000 F2100
G0 Z-0.5000 F480
G1 Z0.5000 F180
G0 Z-0.5000 F480
G0 Z0.0000
G1 Z1.0000 F180
G0 Z-0.5000 F480
G0 Z0.5000
G1 Z1.5000 F180
G0 Z-0.5000 F480
G0 Z1.0000
G1 Z2.0000 F180
G0 Z-0.5000 F480
G0 Z1.5000
G1 Z2.5000 F180
G0 Z-0.5000 F480
G0 Z2.0000
G1 Z3.0000 F180
G0 Z-0.5000 F480
G0 Z2.5000
G1 Z3.5000 F180
G0 Z-0.5000 F480
G0 Z3.0000
G1 Z4.0000 F180
G0 Z-0.5000 F480
G0 Z3.5000
G1 Z4.5000 F180
G0 Z-0.5000 F480
G0 Z4.0000
G1 Z5.0000 F180
G0 Z-0.5000 F480
G0 Z4.5000
G1 Z5.5000 F180
G0 Z-0.5000 F480
G0 Z5.0000
G1 Z6.0000 F180
G0 Z-0.5000 F480
G0 Z5.5000
G1 Z6.5000 F180
G0 Z-0.5000 F480
G0 Z6.0000
G1 Z7.0000 F180
G0 Z-0.5000 F480
G0 Z6.5000
G1 Z7.5000 F180
G0 Z-0.5000 F480
G0 Z7.0000
G1 Z8.0000 F180
G0 Z-5.0000 F480


(No. 6: Drill 1)
G0 X29.9590 Y186.5427 Z-5.0000 F2100
G0 Z-0.5000 F480
G1 Z0.5000 F180
G0 Z-0.5000 F480
G0 Z0.0000
G1 Z1.0000 F180
G0 Z-0.5000 F480
G0 Z0.5000
G1 Z1.5000 F180
G0 Z-0.5000 F480
G0 Z1.0000
G1 Z2.0000 F180
G0 Z-0.5000 F480
G0 Z1.5000
G1 Z2.5000 F180
G0 Z-0.5000 F480
G0 Z2.0000
G1 Z3.0000 F180
G0 Z-0.5000 F480
G0 Z2.5000
G1 Z3.5000 F180
G0 Z-0.5000 F480
G0 Z3.0000
G1 Z4.0000 F180
G0 Z-0.5000 F480
G0 Z3.5000
G1 Z4.5000 F180
G0 Z-0.5000 F480
G0 Z4.0000
G1 Z5.0000 F180
G0 Z-0.5000 F480
G0 Z4.5000
G1 Z5.5000 F180
G0 Z-0.5000 F480
G0 Z5.0000
G1 Z6.0000 F180
G0 Z-0.5000 F480
G0 Z5.5000
G1 Z6.5000 F180
G0 Z-0.5000 F480
G0 Z6.0000
G1 Z7.0000 F180
G0 Z-0.5000 F480
G0 Z6.5000
G1 Z7.5000 F180
G0 Z-0.5000 F480
G0 Z7.0000
G1 Z8.0000 F180
G0 Z-5.0000 F480


(No. 7: Part 1)
G0 X20.8090 Y20.2427 Z-5.0000 F2100
G0 Z-0.5000 F480
G1 Z0.0000 F180
G1 Z0.5000
G1 X20.8126 Y20.1348 F780
G1 X20.8232 Y20.0273
G1 X20.8407 Y19.9208
G1 X20.8653 Y19.8156
G1 X20.8966 Y19.7123
G1 X20.9346 Y19.6113
G1 X20.9792 Y19.5129
G1 X21.0301 Y19.4177
G1 X21.0871 Y19.3260
G1 X21.1500 Y19.2382
G1 X21.2185 Y19.1548
G1 X21.2923 Y19.0760
G1 X21.3711 Y19.0021
G1 X21.4546 Y18.9337
G1 X21.5423 Y18.8708
G1 X21.6340 Y18.8137
G1 X21.7293 Y18.7628
G1 X21.8276 Y18.7183
G1 X21.9287 Y18.6803
G1 X22.0320 Y18.6489
G1 X22.1371 Y18.6244
G1 X22.2437 Y18.6068
G1 X22.3511 Y18.5962
G1 X22.4590 Y18.5927
G1 X68.7590
G1 X68.8670 Y18.5962
G1 X68.9744 Y18.6068
G1 X69.0809 Y18.6244
G1 X69.1861 Y18.6489
G1 X69.2894 Y18.6803
G1 X69.3905 Y18.7183
G1 X69.4888 Y18.7628
G1 X69.5840 Y18.8137
G1 X69.6757 Y18.8708
G1 X69.7635 Y18.9337
G1 X69.8470 Y19.0021
G1 X69.9258 Y19.0760
G1 X69.9996 Y19.1548
G1 X70.0681 Y19.2382
G1 X70.1310 Y19.3260
G1 X70.1880 Y19.4177
G1 X70.2389 Y19.5129
G1 X70.2834 Y19.6113
G1 X70.3215 Y19.7123
G1 X70.3528 Y19.8156
G1 X70.3773 Y19.9208
G1 X70.3949 Y20.0273
G1 X70.4055 Y20.1348
G1 X70.4090 Y20.2427
G1 Y24.8927
G1 X69.9258 Y25.3760
G1 X70.4090 Y24.8927
G1 X127.1090
G1 X127.5923 Y25.3760
G1 X127.1090 Y24.8927
G1 Y20.2427
G1 X127.1126 Y20.1348
G1 X127.1232 Y20.0273
G1 X127.1407 Y19.9208
G1 X127.1653 Y19.8156
G1 X127.1966 Y19.7123
G1 X127.2346 Y19.6113
G1 X127.2792 Y19.5129
G1 X127.3301 Y19.4177
G1 X127.3871 Y19.3260
G1 X127.4500 Y19.2382
G1 X127.5185 Y19.1548
G1 X127.5923 Y19.0760
G1 X127.6711 Y19.0021
G1 X127.7546 Y18.9337
G1 X127.8423 Y18.8708
G1 X127.9340 Y18.8137
G1 X128.0293 Y18.7628
G1 X128.1276 Y18.7183
G1 X128.2287 Y18.6803
G1 X128.3320 Y18.6489
G1 X128.4371 Y18.6244
G1 X128.5437 Y18.6068
G1 X128.6511 Y18.5962
G1 X128.7590 Y18.5927
G1 X175.0590
G1 X175.1670 Y18.5962
G1 X175.2744 Y18.6068
G1 X175.3809 Y18.6244
G1 X175.4861 Y18.6489
G1 X175.5894 Y18.6803
G1 X175.6905 Y18.7183
G1 X175.7888 Y18.7628
G1 X175.8840 Y18.8137
G1 X175.9757 Y18.8708
G1 X176.0635 Y18.9337
G1 X176.1470 Y19.0021
G1 X176.2258 Y19.0760
G1 X176.2996 Y19.1548
G1 X176.3681 Y19.2382
G1 X176.4310 Y19.3260
G1 X176.4880 Y19.4177
G1 X176.5389 Y19.5129
G1 X176.5834 Y19.6113
G1 X176.6215 Y19.7123
G1 X176.6528 Y19.8156
G1 X176.6773 Y19.9208
G1 X176.6949 Y20.0273
G1 X176.7055 Y20.1348
G1 X176.7090 Y20.2427
G1 Y81.5427
G1 X176.7055 Y81.6506
G1 X176.6949 Y81.7581
G1 X176.6773 Y81.8646
G1 X176.6528 Y81.9697
G1 X176.6215 Y82.0731
G1 X176.5834 Y82.1741
G1 X176.5389 Y82.2725
G1 X176.4880 Y82.3677
G1 X176.4310 Y82.4594
G1 X176.3681 Y82.5471
G1 X176.2996 Y82.6306
G1 X176.2258 Y82.7094
G1 X176.1470 Y82.7832
G1 X176.0635 Y82.8517
G1 X175.9757 Y82.9146
G1 X175.8840 Y82.9716
G1 X175.7888 Y83.0225
G1 X175.6905 Y83.0671
G1 X175.5894 Y83.1051
G1 X175.4861 Y83.1365
G1 X175.3809 Y83.1610
G1 X175.2744 Y83.1786
G1 X175.1670 Y83.1892
G1 X175.0590 Y83.1927
G1 X170.4090
G1 X169.9258 Y82.7094
G1 X170.4090 Y83.1927
G1 Y139.8927
G1 X169.9258 Y140.3760
G1 X170.4090 Y139.8927
G1 X175.0590
G1 X175.1670 Y139.8962
G1 X175.2744 Y139.9068
G1 X175.3809 Y139.9244
G1 X175.4861 Y139.9489
G1 X175.5894 Y139.9803
G1 X175.6905 Y140.0183
G1 X175.7888 Y140.0628
G1 X175.8840 Y140.1137
G1 X175.9757 Y140.1708
G1 X176.0635 Y140.2337
G1 X176.1470 Y140.3021
G1 X176.2258 Y140.3760
G1 X176.2996 Y140.4548
G1 X176.3681 Y140.5382
G1 X176.4310 Y140.6260
G1 X176.4880 Y140.7177
G1 X176.5389 Y140.8129
G1 X176.5834 Y140.9113
G1 X176.6215 Y141.0123
G1 X176.6528 Y141.1156
G1 X176.6773 Y141.2208
G1 X176.6949 Y141.3273
G1 X176.7055 Y141.4348
G1 X176.7090 Y141.5427
G1 Y202.8427
G1 X176.7055 Y202.9506
G1 X176.6949 Y203.0581
G1 X176.6773 Y203.1646
G1 X176.6528 Y203.2697
G1 X176.6215 Y203.3731
G1 X176.5834 Y203.4741
G1 X176.5389 Y203.5725
G1 X176.4880 Y203.6677
G1 X176.4310 Y203.7594
G1 X176.3681 Y203.8471
G1 X176.2996 Y203.9306
G1 X176.2258 Y204.0094
G1 X176.1470 Y204.0832
G1 X176.0635 Y204.1517
G1 X175.9757 Y204.2146
G1 X175.8840 Y204.2716
G1 X175.7888 Y204.3225
G1 X175.6905 Y204.3671
G1 X175.5894 Y204.4051
G1 X175.4861 Y204.4365
G1 X175.3809 Y204.4610
G1 X175.2744 Y204.4786
G1 X175.1670 Y204.4892
G1 X175.0590 Y204.4927
G1 X128.7590
G1 X128.6511 Y204.4892
G1 X128.5437 Y204.4786
G1 X128.4371 Y204.4610
G1 X128.3320 Y204.4365
G1 X128.2287 Y204.4051
G1 X128.1276 Y204.3671
G1 X128.0293 Y204.3225
G1 X127.9340 Y204.2716
G1 X127.8423 Y204.2146
G1 X127.7546 Y204.1517
G1 X127.6711 Y204.0832
G1 X127.5923 Y204.0094
G1 X127.5185 Y203.9306
G1 X127.4500 Y203.8471
G1 X127.3871 Y203.7594
G1 X127.3301 Y203.6677
G1 X127.2792 Y203.5725
G1 X127.2346 Y203.4741
G1 X127.1966 Y203.3731
G1 X127.1653 Y203.2697
G1 X127.1407 Y203.1646
G1 X127.1232 Y203.0581
G1 X127.1126 Y202.9506
G1 X127.1090 Y202.8427
G1 Y198.1927
G1 X127.5923 Y197.7094
G1 X127.1090 Y198.1927
G1 X70.4090
G1 X69.9258 Y197.7094
G1 X70.4090 Y198.1927
G1 Y202.8427
G1 X70.4055 Y202.9506
G1 X70.3949 Y203.0581
G1 X70.3773 Y203.1646
G1 X70.3528 Y203.2697
G1 X70.3215 Y203.3731
G1 X70.2834 Y203.4741
G1 X70.2389 Y203.5725
G1 X70.1880 Y203.6677
G1 X70.1310 Y203.7594
G1 X70.0681 Y203.8471
G1 X69.9996 Y203.9306
G1 X69.9258 Y204.0094
G1 X69.8470 Y204.0832
G1 X69.7635 Y204.1517
G1 X69.6757 Y204.2146
G1 X69.5840 Y204.2716
G1 X69.4888 Y204.3225
G1 X69.3905 Y204.3671
G1 X69.2894 Y204.4051
G1 X69.1861 Y204.4365
G1 X69.0809 Y204.4610
G1 X68.9744 Y204.4786
G1 X68.8670 Y204.4892
G1 X68.7590 Y204.4927
G1 X22.4590
G1 X22.3511 Y204.4892
G1 X22.2437 Y204.4786
G1 X22.1371 Y204.4610
G1 X22.0320 Y204.4365
G1 X21.9287 Y204.4051
G1 X21.8276 Y204.3671
G1 X21.7293 Y204.3225
G1 X21.6340 Y204.2716
G1 X21.5423 Y204.2146
G1 X21.4546 Y204.1517
G1 X21.3711 Y204.0832
G1 X21.2923 Y204.0094
G1 X21.2185 Y203.9306
G1 X21.1500 Y203.8471
G1 X21.0871 Y203.7594
G1 X21.0301 Y203.6677
G1 X20.9792 Y203.5725
G1 X20.9346 Y203.4741
G1 X20.8966 Y203.3731
G1 X20.8653 Y203.2697
G1 X20.8407 Y203.1646
G1 X20.8232 Y203.0581
G1 X20.8126 Y202.9506
G1 X20.8090 Y202.8427
G1 Y20.2427
G1 Z1.0000 F180
G1 X20.8126 Y20.1348 F780
G1 X20.8232 Y20.0273
G1 X20.8407 Y19.9208
G1 X20.8653 Y19.8156
G1 X20.8966 Y19.7123
G1 X20.9346 Y19.6113
G1 X20.9792 Y19.5129
G1 X21.0301 Y19.4177
G1 X21.0871 Y19.3260
G1 X21.1500 Y19.2382
G1 X21.2185 Y19.1548
G1 X21.2923 Y19.0760
G1 X21.3711 Y19.0021
G1 X21.4546 Y18.9337
G1 X21.5423 Y18.8708
G1 X21.6340 Y18.8137
G1 X21.7293 Y18.7628
G1 X21.8276 Y18.7183
G1 X21.9287 Y18.6803
G1 X22.0320 Y18.6489
G1 X22.1371 Y18.6244
G1 X22.2437 Y18.6068
G1 X22.3511 Y18.5962
G1 X22.4590 Y18.5927
G1 X68.7590
G1 X68.8670 Y18.5962
G1 X68.9744 Y18.6068
G1 X69.0809 Y18.6244
G1 X69.1861 Y18.6489
G1 X69.2894 Y18.6803
G1 X69.3905 Y18.7183
G1 X69.4888 Y18.7628
G1 X69.5840 Y18.8137
G1 X69.6757 Y18.8708
G1 X69.7635 Y18.9337
G1 X69.8470 Y19.0021
G1 X69.9258 Y19.0760
G1 X69.9996 Y19.1548
G1 X70.0681 Y19.2382
G1 X70.1310 Y19.3260
G1 X70.1880 Y19.4177
G1 X70.2389 Y19.5129
G1 X70.2834 Y19.6113
G1 X70.3215 Y19.7123
G1 X70.3528 Y19.8156
G1 X70.3773 Y19.9208
G1 X70.3949 Y20.0273
G1 X70.4055 Y20.1348
G1 X70.4090 Y20.2427
G1 Y24.8927
G1 X69.9258 Y25.3760
G1 X70.4090 Y24.8927
G1 X127.1090
G1 X127.5923 Y25.3760
G1 X127.1090 Y24.8927
G1 Y20.2427
G1 X127.1126 Y20.1348
G1 X127.1232 Y20.0273
G1 X127.1407 Y19.9208
G1 X127.1653 Y19.8156
G1 X127.1966 Y19.7123
G1 X127.2346 Y19.6113
G1 X127.2792 Y19.5129
G1 X127.3301 Y19.4177
G1 X127.3871 Y19.3260
G1 X127.4500 Y19.2382
G1 X127.5185 Y19.1548
G1 X127.5923 Y19.0760
G1 X127.6711 Y19.0021
G1 X127.7546 Y18.9337
G1 X127.8423 Y18.8708
G1 X127.9340 Y18.8137
G1 X128.0293 Y18.7628
G1 X128.1276 Y18.7183
G1 X128.2287 Y18.6803
G1 X128.3320 Y18.6489
G1 X128.4371 Y18.6244
G1 X128.5437 Y18.6068
G1 X128.6511 Y18.5962
G1 X128.7590 Y18.5927
G1 X175.0590
G1 X175.1670 Y18.5962
G1 X175.2744 Y18.6068
G1 X175.3809 Y18.6244
G1 X175.4861 Y18.6489
G1 X175.5894 Y18.6803
G1 X175.6905 Y18.7183
G1 X175.7888 Y18.7628
G1 X175.8840 Y18.8137
G1 X175.9757 Y18.8708
G1 X176.0635 Y18.9337
G1 X176.1470 Y19.0021
G1 X176.2258 Y19.0760
G1 X176.2996 Y19.1548
G1 X176.3681 Y19.2382
G1 X176.4310 Y19.3260
G1 X176.4880 Y19.4177
G1 X176.5389 Y19.5129
G1 X176.5834 Y19.6113
G1 X176.6215 Y19.7123
G1 X176.6528 Y19.8156
G1 X176.6773 Y19.9208
G1 X176.6949 Y20.0273
G1 X176.7055 Y20.1348
G1 X176.7090 Y20.2427
G1 Y81.5427
G1 X176.7055 Y81.6506
G1 X176.6949 Y81.7581
G1 X176.6773 Y81.8646
G1 X176.6528 Y81.9697
G1 X176.6215 Y82.0731
G1 X176.5834 Y82.1741
G1 X176.5389 Y82.2725
G1 X176.4880 Y82.3677
G1 X176.4310 Y82.4594
G1 X176.3681 Y82.5471
G1 X176.2996 Y82.6306
G1 X176.2258 Y82.7094
G1 X176.1470 Y82.7832
G1 X176.0635 Y82.8517
G1 X175.9757 Y82.9146
G1 X175.8840 Y82.9716
G1 X175.7888 Y83.0225
G1 X175.6905 Y83.0671
G1 X175.5894 Y83.1051
G1 X175.4861 Y83.1365
G1 X175.3809 Y83.1610
G1 X175.2744 Y83.1786
G1 X175.1670 Y83.1892
G1 X175.0590 Y83.1927
G1 X170.4090
G1 X169.9258 Y82.7094
G1 X170.4090 Y83.1927
G1 Y139.8927
G1 X169.9258 Y140.3760
G1 X170.4090 Y139.8927
G1 X175.0590
G1 X175.1670 Y139.8962
G1 X175.2744 Y139.9068
G1 X175.3809 Y139.9244
G1 X175.4861 Y139.9489
G1 X175.5894 Y139.9803
G1 X175.6905 Y140.0183
G1 X175.7888 Y140.0628
G1 X175.8840 Y140.1137
G1 X175.9757 Y140.1708
G1 X176.0635 Y140.2337
G1 X176.1470 Y140.3021
G1 X176.2258 Y140.3760
G1 X176.2996 Y140.4548
G1 X176.3681 Y140.5382
G1 X176.4310 Y140.6260
G1 X176.4880 Y140.7177
G1 X176.5389 Y140.8129
G1 X176.5834 Y140.9113
G1 X176.6215 Y141.0123
G1 X176.6528 Y141.1156
G1 X176.6773 Y141.2208
G1 X176.6949 Y141.3273
G1 X176.7055 Y141.4348
G1 X176.7090 Y141.5427
G1 Y202.8427
G1 X176.7055 Y202.9506
G1 X176.6949 Y203.0581
G1 X176.6773 Y203.1646
G1 X176.6528 Y203.2697
G1 X176.6215 Y203.3731
G1 X176.5834 Y203.4741
G1 X176.5389 Y203.5725
G1 X176.4880 Y203.6677
G1 X176.4310 Y203.7594
G1 X176.3681 Y203.8471
G1 X176.2996 Y203.9306
G1 X176.2258 Y204.0094
G1 X176.1470 Y204.0832
G1 X176.0635 Y204.1517
G1 X175.9757 Y204.2146
G1 X175.8840 Y204.2716
G1 X175.7888 Y204.3225
G1 X175.6905 Y204.3671
G1 X175.5894 Y204.4051
G1 X175.4861 Y204.4365
G1 X175.3809 Y204.4610
G1 X175.2744 Y204.4786
G1 X175.1670 Y204.4892
G1 X175.0590 Y204.4927
G1 X128.7590
G1 X128.6511 Y204.4892
G1 X128.5437 Y204.4786
G1 X128.4371 Y204.4610
G1 X128.3320 Y204.4365
G1 X128.2287 Y204.4051
G1 X128.1276 Y204.3671
G1 X128.0293 Y204.3225
G1 X127.9340 Y204.2716
G1 X127.8423 Y204.2146
G1 X127.7546 Y204.1517
G1 X127.6711 Y204.0832
G1 X127.5923 Y204.0094
G1 X127.5185 Y203.9306
G1 X127.4500 Y203.8471
G1 X127.3871 Y203.7594
G1 X127.3301 Y203.6677
G1 X127.2792 Y203.5725
G1 X127.2346 Y203.4741
G1 X127.1966 Y203.3731
G1 X127.1653 Y203.2697
G1 X127.1407 Y203.1646
G1 X127.1232 Y203.0581
G1 X127.1126 Y202.9506
G1 X127.1090 Y202.8427
G1 Y198.1927
G1 X127.5923 Y197.7094
G1 X127.1090 Y198.1927
G1 X70.4090
G1 X69.9258 Y197.7094
G1 X70.4090 Y198.1927
G1 Y202.8427
G1 X70.4055 Y202.9506
G1 X70.3949 Y203.0581
G1 X70.3773 Y203.1646
G1 X70.3528 Y203.2697
G1 X70.3215 Y203.3731
G1 X70.2834 Y203.4741
G1 X70.2389 Y203.5725
G1 X70.1880 Y203.6677
G1 X70.1310 Y203.7594
G1 X70.0681 Y203.8471
G1 X69.9996 Y203.9306
G1 X69.9258 Y204.0094
G1 X69.8470 Y204.0832
G1 X69.7635 Y204.1517
G1 X69.6757 Y204.2146
G1 X69.5840 Y204.2716
G1 X69.4888 Y204.3225
G1 X69.3905 Y204.3671
G1 X69.2894 Y204.4051
G1 X69.1861 Y204.4365
G1 X69.0809 Y204.4610
G1 X68.9744 Y204.4786
G1 X68.8670 Y204.4892
G1 X68.7590 Y204.4927
G1 X22.4590
G1 X22.3511 Y204.4892
G1 X22.2437 Y204.4786
G1 X22.1371 Y204.4610
G1 X22.0320 Y204.4365
G1 X21.9287 Y204.4051
G1 X21.8276 Y204.3671
G1 X21.7293 Y204.3225
G1 X21.6340 Y204.2716
G1 X21.5423 Y204.2146
G1 X21.4546 Y204.1517
G1 X21.3711 Y204.0832
G1 X21.2923 Y204.0094
G1 X21.2185 Y203.9306
G1 X21.1500 Y203.8471
G1 X21.0871 Y203.7594
G1 X21.0301 Y203.6677
G1 X20.9792 Y203.5725
G1 X20.9346 Y203.4741
G1 X20.8966 Y203.3731
G1 X20.8653 Y203.2697
G1 X20.8407 Y203.1646
G1 X20.8232 Y203.0581
G1 X20.8126 Y202.9506
G1 X20.8090 Y202.8427
G1 Y20.2427
G1 Z1.5000 F180
G1 X20.8126 Y20.1348 F780
G1 X20.8232 Y20.0273
G1 X20.8407 Y19.9208
G1 X20.8653 Y19.8156
G1 X20.8966 Y19.7123
G1 X20.9346 Y19.6113
G1 X20.9792 Y19.5129
G1 X21.0301 Y19.4177
G1 X21.0871 Y19.3260
G1 X21.1500 Y19.2382
G1 X21.2185 Y19.1548
G1 X21.2923 Y19.0760
G1 X21.3711 Y19.0021
G1 X21.4546 Y18.9337
G1 X21.5423 Y18.8708
G1 X21.6340 Y18.8137
G1 X21.7293 Y18.7628
G1 X21.8276 Y18.7183
G1 X21.9287 Y18.6803
G1 X22.0320 Y18.6489
G1 X22.1371 Y18.6244
G1 X22.2437 Y18.6068
G1 X22.3511 Y18.5962
G1 X22.4590 Y18.5927
G1 X68.7590
G1 X68.8670 Y18.5962
G1 X68.9744 Y18.6068
G1 X69.0809 Y18.6244
G1 X69.1861 Y18.6489
G1 X69.2894 Y18.6803
G1 X69.3905 Y18.7183
G1 X69.4888 Y18.7628
G1 X69.5840 Y18.8137
G1 X69.6757 Y18.8708
G1 X69.7635 Y18.9337
G1 X69.8470 Y19.0021
G1 X69.9258 Y19.0760
G1 X69.9996 Y19.1548
G1 X70.0681 Y19.2382
G1 X70.1310 Y19.3260
G1 X70.1880 Y19.4177
G1 X70.2389 Y19.5129
G1 X70.2834 Y19.6113
G1 X70.3215 Y19.7123
G1 X70.3528 Y19.8156
G1 X70.3773 Y19.9208
G1 X70.3949 Y20.0273
G1 X70.4055 Y20.1348
G1 X70.4090 Y20.2427
G1 Y24.8927
G1 X69.9258 Y25.3760
G1 X70.4090 Y24.8927
G1 X127.1090
G1 X127.5923 Y25.3760
G1 X127.1090 Y24.8927
G1 Y20.2427
G1 X127.1126 Y20.1348
G1 X127.1232 Y20.0273
G1 X127.1407 Y19.9208
G1 X127.1653 Y19.8156
G1 X127.1966 Y19.7123
G1 X127.2346 Y19.6113
G1 X127.2792 Y19.5129
G1 X127.3301 Y19.4177
G1 X127.3871 Y19.3260
G1 X127.4500 Y19.2382
G1 X127.5185 Y19.1548
G1 X127.5923 Y19.0760
G1 X127.6711 Y19.0021
G1 X127.7546 Y18.9337
G1 X127.8423 Y18.8708
G1 X127.9340 Y18.8137
G1 X128.0293 Y18.7628
G1 X128.1276 Y18.7183
G1 X128.2287 Y18.6803
G1 X128.3320 Y18.6489
G1 X128.4371 Y18.6244
G1 X128.5437 Y18.6068
G1 X128.6511 Y18.5962
G1 X128.7590 Y18.5927
G1 X175.0590
G1 X175.1670 Y18.5962
G1 X175.2744 Y18.6068
G1 X175.3809 Y18.6244
G1 X175.4861 Y18.6489
G1 X175.5894 Y18.6803
G1 X175.6905 Y18.7183
G1 X175.7888 Y18.7628
G1 X175.8840 Y18.8137
G1 X175.9757 Y18.8708
G1 X176.0635 Y18.9337
G1 X176.1470 Y19.0021
G1 X176.2258 Y19.0760
G1 X176.2996 Y19.1548
G1 X176.3681 Y19.2382
G1 X176.4310 Y19.3260
G1 X176.4880 Y19.4177
G1 X176.5389 Y19.5129
G1 X176.5834 Y19.6113
G1 X176.6215 Y19.7123
G1 X176.6528 Y19.8156
G1 X176.6773 Y19.9208
G1 X176.6949 Y20.0273
G1 X176.7055 Y20.1348
G1 X176.7090 Y20.2427
G1 Y81.5427
G1 X176.7055 Y81.6506
G1 X176.6949 Y81.7581
G1 X176.6773 Y81.8646
G1 X176.6528 Y81.9697
G1 X176.6215 Y82.0731
G1 X176.5834 Y82.1741
G1 X176.5389 Y82.2725
G1 X176.4880 Y82.3677
G1 X176.4310 Y82.4594
G1 X176.3681 Y82.5471
G1 X176.2996 Y82.6306
G1 X176.2258 Y82.7094
G1 X176.1470 Y82.7832
G1 X176.0635 Y82.8517
G1 X175.9757 Y82.9146
G1 X175.8840 Y82.9716
G1 X175.7888 Y83.0225
G1 X175.6905 Y83.0671
G1 X175.5894 Y83.1051
G1 X175.4861 Y83.1365
G1 X175.3809 Y83.1610
G1 X175.2744 Y83.1786
G1 X175.1670 Y83.1892
G1 X175.0590 Y83.1927
G1 X170.4090
G1 X169.9258 Y82.7094
G1 X170.4090 Y83.1927
G1 Y139.8927
G1 X169.9258 Y140.3760
G1 X170.4090 Y139.8927
G1 X175.0590
G1 X175.1670 Y139.8962
G1 X175.2744 Y139.9068
G1 X175.3809 Y139.9244
G1 X175.4861 Y139.9489
G1 X175.5894 Y139.9803
G1 X175.6905 Y140.0183
G1 X175.7888 Y140.0628
G1 X175.8840 Y140.1137
G1 X175.9757 Y140.1708
G1 X176.0635 Y140.2337
G1 X176.1470 Y140.3021
G1 X176.2258 Y140.3760
G1 X176.2996 Y140.4548
G1 X176.3681 Y140.5382
G1 X176.4310 Y140.6260
G1 X176.4880 Y140.7177
G1 X176.5389 Y140.8129
G1 X176.5834 Y140.9113
G1 X176.6215 Y141.0123
G1 X176.6528 Y141.1156
G1 X176.6773 Y141.2208
G1 X176.6949 Y141.3273
G1 X176.7055 Y141.4348
G1 X176.7090 Y141.5427
G1 Y202.8427
G1 X176.7055 Y202.9506
G1 X176.6949 Y203.0581
G1 X176.6773 Y203.1646
G1 X176.6528 Y203.2697
G1 X176.6215 Y203.3731
G1 X176.5834 Y203.4741
G1 X176.5389 Y203.5725
G1 X176.4880 Y203.6677
G1 X176.4310 Y203.7594
G1 X176.3681 Y203.8471
G1 X176.2996 Y203.9306
G1 X176.2258 Y204.0094
G1 X176.1470 Y204.0832
G1 X176.0635 Y204.1517
G1 X175.9757 Y204.2146
G1 X175.8840 Y204.2716
G1 X175.7888 Y204.3225
G1 X175.6905 Y204.3671
G1 X175.5894 Y204.4051
G1 X175.4861 Y204.4365
G1 X175.3809 Y204.4610
G1 X175.2744 Y204.4786
G1 X175.1670 Y204.4892
G1 X175.0590 Y204.4927
G1 X128.7590
G1 X128.6511 Y204.4892
G1 X128.5437 Y204.4786
G1 X128.4371 Y204.4610
G1 X128.3320 Y204.4365
G1 X128.2287 Y204.4051
G1 X128.1276 Y204.3671
G1 X128.0293 Y204.3225
G1 X127.9340 Y204.2716
G1 X127.8423 Y204.2146
G1 X127.7546 Y204.1517
G1 X127.6711 Y204.0832
G1 X127.5923 Y204.0094
G1 X127.5185 Y203.9306
G1 X127.4500 Y203.8471
G1 X127.3871 Y203.7594
G1 X127.3301 Y203.6677
G1 X127.2792 Y203.5725
G1 X127.2346 Y203.4741
G1 X127.1966 Y203.3731
G1 X127.1653 Y203.2697
G1 X127.1407 Y203.1646
G1 X127.1232 Y203.0581
G1 X127.1126 Y202.9506
G1 X127.1090 Y202.8427
G1 Y198.1927
G1 X127.5923 Y197.7094
G1 X127.1090 Y198.1927
G1 X70.4090
G1 X69.9258 Y197.7094
G1 X70.4090 Y198.1927
G1 Y202.8427
G1 X70.4055 Y202.9506
G1 X70.3949 Y203.0581
G1 X70.3773 Y203.1646
G1 X70.3528 Y203.2697
G1 X70.3215 Y203.3731
G1 X70.2834 Y203.4741
G1 X70.2389 Y203.5725
G1 X70.1880 Y203.6677
G1 X70.1310 Y203.7594
G1 X70.0681 Y203.8471
G1 X69.9996 Y203.9306
G1 X69.9258 Y204.0094
G1 X69.8470 Y204.0832
G1 X69.7635 Y204.1517
G1 X69.6757 Y204.2146
G1 X69.5840 Y204.2716
G1 X69.4888 Y204.3225
G1 X69.3905 Y204.3671
G1 X69.2894 Y204.4051
G1 X69.1861 Y204.4365
G1 X69.0809 Y204.4610
G1 X68.9744 Y204.4786
G1 X68.8670 Y204.4892
G1 X68.7590 Y204.4927
G1 X22.4590
G1 X22.3511 Y204.4892
G1 X22.2437 Y204.4786
G1 X22.1371 Y204.4610
G1 X22.0320 Y204.4365
G1 X21.9287 Y204.4051
G1 X21.8276 Y204.3671
G1 X21.7293 Y204.3225
G1 X21.6340 Y204.2716
G1 X21.5423 Y204.2146
G1 X21.4546 Y204.1517
G1 X21.3711 Y204.0832
G1 X21.2923 Y204.0094
G1 X21.2185 Y203.9306
G1 X21.1500 Y203.8471
G1 X21.0871 Y203.7594
G1 X21.0301 Y203.6677
G1 X20.9792 Y203.5725
G1 X20.9346 Y203.4741
G1 X20.8966 Y203.3731
G1 X20.8653 Y203.2697
G1 X20.8407 Y203.1646
G1 X20.8232 Y203.0581
G1 X20.8126 Y202.9506
G1 X20.8090 Y202.8427
G1 Y20.2427
G1 Z2.0000 F180
G1 X20.8126 Y20.1348 F780
G1 X20.8232 Y20.0273
G1 X20.8407 Y19.9208
G1 X20.8653 Y19.8156
G1 X20.8966 Y19.7123
G1 X20.9346 Y19.6113
G1 X20.9792 Y19.5129
G1 X21.0301 Y19.4177
G1 X21.0871 Y19.3260
G1 X21.1500 Y19.2382
G1 X21.2185 Y19.1548
G1 X21.2923 Y19.0760
G1 X21.3711 Y19.0021
G1 X21.4546 Y18.9337
G1 X21.5423 Y18.8708
G1 X21.6340 Y18.8137
G1 X21.7293 Y18.7628
G1 X21.8276 Y18.7183
G1 X21.9287 Y18.6803
G1 X22.0320 Y18.6489
G1 X22.1371 Y18.6244
G1 X22.2437 Y18.6068
G1 X22.3511 Y18.5962
G1 X22.4590 Y18.5927
G1 X68.7590
G1 X68.8670 Y18.5962
G1 X68.9744 Y18.6068
G1 X69.0809 Y18.6244
G1 X69.1861 Y18.6489
G1 X69.2894 Y18.6803
G1 X69.3905 Y18.7183
G1 X69.4888 Y18.7628
G1 X69.5840 Y18.8137
G1 X69.6757 Y18.8708
G1 X69.7635 Y18.9337
G1 X69.8470 Y19.0021
G1 X69.9258 Y19.0760
G1 X69.9996 Y19.1548
G1 X70.0681 Y19.2382
G1 X70.1310 Y19.3260
G1 X70.1880 Y19.4177
G1 X70.2389 Y19.5129
G1 X70.2834 Y19.6113
G1 X70.3215 Y19.7123
G1 X70.3528 Y19.8156
G1 X70.3773 Y19.9208
G1 X70.3949 Y20.0273
G1 X70.4055 Y20.1348
G1 X70.4090 Y20.2427
G1 Y24.8927
G1 X69.9258 Y25.3760
G1 X70.4090 Y24.8927
G1 X127.1090
G1 X127.5923 Y25.3760
G1 X127.1090 Y24.8927
G1 Y20.2427
G1 X127.1126 Y20.1348
G1 X127.1232 Y20.0273
G1 X127.1407 Y19.9208
G1 X127.1653 Y19.8156
G1 X127.1966 Y19.7123
G1 X127.2346 Y19.6113
G1 X127.2792 Y19.5129
G1 X127.3301 Y19.4177
G1 X127.3871 Y19.3260
G1 X127.4500 Y19.2382
G1 X127.5185 Y19.1548
G1 X127.5923 Y19.0760
G1 X127.6711 Y19.0021
G1 X127.7546 Y18.9337
G1 X127.8423 Y18.8708
G1 X127.9340 Y18.8137
G1 X128.0293 Y18.7628
G1 X128.1276 Y18.7183
G1 X128.2287 Y18.6803
G1 X128.3320 Y18.6489
G1 X128.4371 Y18.6244
G1 X128.5437 Y18.6068
G1 X128.6511 Y18.5962
G1 X128.7590 Y18.5927
G1 X175.0590
G1 X175.1670 Y18.5962
G1 X175.2744 Y18.6068
G1 X175.3809 Y18.6244
G1 X175.4861 Y18.6489
G1 X175.5894 Y18.6803
G1 X175.6905 Y18.7183
G1 X175.7888 Y18.7628
G1 X175.8840 Y18.8137
G1 X175.9757 Y18.8708
G1 X176.0635 Y18.9337
G1 X176.1470 Y19.0021
G1 X176.2258 Y19.0760
G1 X176.2996 Y19.1548
G1 X176.3681 Y19.2382
G1 X176.4310 Y19.3260
G1 X176.4880 Y19.4177
G1 X176.5389 Y19.5129
G1 X176.5834 Y19.6113
G1 X176.6215 Y19.7123
G1 X176.6528 Y19.8156
G1 X176.6773 Y19.9208
G1 X176.6949 Y20.0273
G1 X176.7055 Y20.1348
G1 X176.7090 Y20.2427
G1 Y81.5427
G1 X176.7055 Y81.6506
G1 X176.6949 Y81.7581
G1 X176.6773 Y81.8646
G1 X176.6528 Y81.9697
G1 X176.6215 Y82.0731
G1 X176.5834 Y82.1741
G1 X176.5389 Y82.2725
G1 X176.4880 Y82.3677
G1 X176.4310 Y82.4594
G1 X176.3681 Y82.5471
G1 X176.2996 Y82.6306
G1 X176.2258 Y82.7094
G1 X176.1470 Y82.7832
G1 X176.0635 Y82.8517
G1 X175.9757 Y82.9146
G1 X175.8840 Y82.9716
G1 X175.7888 Y83.0225
G1 X175.6905 Y83.0671
G1 X175.5894 Y83.1051
G1 X175.4861 Y83.1365
G1 X175.3809 Y83.1610
G1 X175.2744 Y83.1786
G1 X175.1670 Y83.1892
G1 X175.0590 Y83.1927
G1 X170.4090
G1 X169.9258 Y82.7094
G1 X170.4090 Y83.1927
G1 Y139.8927
G1 X169.9258 Y140.3760
G1 X170.4090 Y139.8927
G1 X175.0590
G1 X175.1670 Y139.8962
G1 X175.2744 Y139.9068
G1 X175.3809 Y139.9244
G1 X175.4861 Y139.9489
G1 X175.5894 Y139.9803
G1 X175.6905 Y140.0183
G1 X175.7888 Y140.0628
G1 X175.8840 Y140.1137
G1 X175.9757 Y140.1708
G1 X176.0635 Y140.2337
G1 X176.1470 Y140.3021
G1 X176.2258 Y140.3760
G1 X176.2996 Y140.4548
G1 X176.3681 Y140.5382
G1 X176.4310 Y140.6260
G1 X176.4880 Y140.7177
G1 X176.5389 Y140.8129
G1 X176.5834 Y140.9113
G1 X176.6215 Y141.0123
G1 X176.6528 Y141.1156
G1 X176.6773 Y141.2208
G1 X176.6949 Y141.3273
G1 X176.7055 Y141.4348
G1 X176.7090 Y141.5427
G1 Y202.8427
G1 X176.7055 Y202.9506
G1 X176.6949 Y203.0581
G1 X176.6773 Y203.1646
G1 X176.6528 Y203.2697
G1 X176.6215 Y203.3731
G1 X176.5834 Y203.4741
G1 X176.5389 Y203.5725
G1 X176.4880 Y203.6677
G1 X176.4310 Y203.7594
G1 X176.3681 Y203.8471
G1 X176.2996 Y203.9306
G1 X176.2258 Y204.0094
G1 X176.1470 Y204.0832
G1 X176.0635 Y204.1517
G1 X175.9757 Y204.2146
G1 X175.8840 Y204.2716
G1 X175.7888 Y204.3225
G1 X175.6905 Y204.3671
G1 X175.5894 Y204.4051
G1 X175.4861 Y204.4365
G1 X175.3809 Y204.4610
G1 X175.2744 Y204.4786
G1 X175.1670 Y204.4892
G1 X175.0590 Y204.4927
G1 X128.7590
G1 X128.6511 Y204.4892
G1 X128.5437 Y204.4786
G1 X128.4371 Y204.4610
G1 X128.3320 Y204.4365
G1 X128.2287 Y204.4051
G1 X128.1276 Y204.3671
G1 X128.0293 Y204.3225
G1 X127.9340 Y204.2716
G1 X127.8423 Y204.2146
G1 X127.7546 Y204.1517
G1 X127.6711 Y204.0832
G1 X127.5923 Y204.0094
G1 X127.5185 Y203.9306
G1 X127.4500 Y203.8471
G1 X127.3871 Y203.7594
G1 X127.3301 Y203.6677
G1 X127.2792 Y203.5725
G1 X127.2346 Y203.4741
G1 X127.1966 Y203.3731
G1 X127.1653 Y203.2697
G1 X127.1407 Y203.1646
G1 X127.1232 Y203.0581
G1 X127.1126 Y202.9506
G1 X127.1090 Y202.8427
G1 Y198.1927
G1 X127.5923 Y197.7094
G1 X127.1090 Y198.1927
G1 X70.4090
G1 X69.9258 Y197.7094
G1 X70.4090 Y198.1927
G1 Y202.8427
G1 X70.4055 Y202.9506
G1 X70.3949 Y203.0581
G1 X70.3773 Y203.1646
G1 X70.3528 Y203.2697
G1 X70.3215 Y203.3731
G1 X70.2834 Y203.4741
G1 X70.2389 Y203.5725
G1 X70.1880 Y203.6677
G1 X70.1310 Y203.7594
G1 X70.0681 Y203.8471
G1 X69.9996 Y203.9306
G1 X69.9258 Y204.0094
G1 X69.8470 Y204.0832
G1 X69.7635 Y204.1517
G1 X69.6757 Y204.2146
G1 X69.5840 Y204.2716
G1 X69.4888 Y204.3225
G1 X69.3905 Y204.3671
G1 X69.2894 Y204.4051
G1 X69.1861 Y204.4365
G1 X69.0809 Y204.4610
G1 X68.9744 Y204.4786
G1 X68.8670 Y204.4892
G1 X68.7590 Y204.4927
G1 X22.4590
G1 X22.3511 Y204.4892
G1 X22.2437 Y204.4786
G1 X22.1371 Y204.4610
G1 X22.0320 Y204.4365
G1 X21.9287 Y204.4051
G1 X21.8276 Y204.3671
G1 X21.7293 Y204.3225
G1 X21.6340 Y204.2716
G1 X21.5423 Y204.2146
G1 X21.4546 Y204.1517
G1 X21.3711 Y204.0832
G1 X21.2923 Y204.0094
G1 X21.2185 Y203.9306
G1 X21.1500 Y203.8471
G1 X21.0871 Y203.7594
G1 X21.0301 Y203.6677
G1 X20.9792 Y203.5725
G1 X20.9346 Y203.4741
G1 X20.8966 Y203.3731
G1 X20.8653 Y203.2697
G1 X20.8407 Y203.1646
G1 X20.8232 Y203.0581
G1 X20.8126 Y202.9506
G1 X20.8090 Y202.8427
G1 Y20.2427
G1 Z2.5000 F180
G1 X20.8126 Y20.1348 F780
G1 X20.8232 Y20.0273
G1 X20.8407 Y19.9208
G1 X20.8653 Y19.8156
G1 X20.8966 Y19.7123
G1 X20.9346 Y19.6113
G1 X20.9792 Y19.5129
G1 X21.0301 Y19.4177
G1 X21.0871 Y19.3260
G1 X21.1500 Y19.2382
G1 X21.2185 Y19.1548
G1 X21.2923 Y19.0760
G1 X21.3711 Y19.0021
G1 X21.4546 Y18.9337
G1 X21.5423 Y18.8708
G1 X21.6340 Y18.8137
G1 X21.7293 Y18.7628
G1 X21.8276 Y18.7183
G1 X21.9287 Y18.6803
G1 X22.0320 Y18.6489
G1 X22.1371 Y18.6244
G1 X22.2437 Y18.6068
G1 X22.3511 Y18.5962
G1 X22.4590 Y18.5927
G1 X68.7590
G1 X68.8670 Y18.5962
G1 X68.9744 Y18.6068
G1 X69.0809 Y18.6244
G1 X69.1861 Y18.6489
G1 X69.2894 Y18.6803
G1 X69.3905 Y18.7183
G1 X69.4888 Y18.7628
G1 X69.5840 Y18.8137
G1 X69.6757 Y18.8708
G1 X69.7635 Y18.9337
G1 X69.8470 Y19.0021
G1 X69.9258 Y19.0760
G1 X69.9996 Y19.1548
G1 X70.0681 Y19.2382
G1 X70.1310 Y19.3260
G1 X70.1880 Y19.4177
G1 X70.2389 Y19.5129
G1 X70.2834 Y19.6113
G1 X70.3215 Y19.7123
G1 X70.3528 Y19.8156
G1 X70.3773 Y19.9208
G1 X70.3949 Y20.0273
G1 X70.4055 Y20.1348
G1 X70.4090 Y20.2427
G1 Y24.8927
G1 X69.9258 Y25.3760
G1 X70.4090 Y24.8927
G1 X127.1090
G1 X127.5923 Y25.3760
G1 X127.1090 Y24.8927
G1 Y20.2427
G1 X127.1126 Y20.1348
G1 X127.1232 Y20.0273
G1 X127.1407 Y19.9208
G1 X127.1653 Y19.8156
G1 X127.1966 Y19.7123
G1 X127.2346 Y19.6113
G1 X127.2792 Y19.5129
G1 X127.3301 Y19.4177
G1 X127.3871 Y19.3260
G1 X127.4500 Y19.2382
G1 X127.5185 Y19.1548
G1 X127.5923 Y19.0760
G1 X127.6711 Y19.0021
G1 X127.7546 Y18.9337
G1 X127.8423 Y18.8708
G1 X127.9340 Y18.8137
G1 X128.0293 Y18.7628
G1 X128.1276 Y18.7183
G1 X128.2287 Y18.6803
G1 X128.3320 Y18.6489
G1 X128.4371 Y18.6244
G1 X128.5437 Y18.6068
G1 X128.6511 Y18.5962
G1 X128.7590 Y18.5927
G1 X175.0590
G1 X175.1670 Y18.5962
G1 X175.2744 Y18.6068
G1 X175.3809 Y18.6244
G1 X175.4861 Y18.6489
G1 X175.5894 Y18.6803
G1 X175.6905 Y18.7183
G1 X175.7888 Y18.7628
G1 X175.8840 Y18.8137
G1 X175.9757 Y18.8708
G1 X176.0635 Y18.9337
G1 X176.1470 Y19.0021
G1 X176.2258 Y19.0760
G1 X176.2996 Y19.1548
G1 X176.3681 Y19.2382
G1 X176.4310 Y19.3260
G1 X176.4880 Y19.4177
G1 X176.5389 Y19.5129
G1 X176.5834 Y19.6113
G1 X176.6215 Y19.7123
G1 X176.6528 Y19.8156
G1 X176.6773 Y19.9208
G1 X176.6949 Y20.0273
G1 X176.7055 Y20.1348
G1 X176.7090 Y20.2427
G1 Y81.5427
G1 X176.7055 Y81.6506
G1 X176.6949 Y81.7581
G1 X176.6773 Y81.8646
G1 X176.6528 Y81.9697
G1 X176.6215 Y82.0731
G1 X176.5834 Y82.1741
G1 X176.5389 Y82.2725
G1 X176.4880 Y82.3677
G1 X176.4310 Y82.4594
G1 X176.3681 Y82.5471
G1 X176.2996 Y82.6306
G1 X176.2258 Y82.7094
G1 X176.1470 Y82.7832
G1 X176.0635 Y82.8517
G1 X175.9757 Y82.9146
G1 X175.8840 Y82.9716
G1 X175.7888 Y83.0225
G1 X175.6905 Y83.0671
G1 X175.5894 Y83.1051
G1 X175.4861 Y83.1365
G1 X175.3809 Y83.1610
G1 X175.2744 Y83.1786
G1 X175.1670 Y83.1892
G1 X175.0590 Y83.1927
G1 X170.4090
G1 X169.9258 Y82.7094
G1 X170.4090 Y83.1927
G1 Y139.8927
G1 X169.9258 Y140.3760
G1 X170.4090 Y139.8927
G1 X175.0590
G1 X175.1670 Y139.8962
G1 X175.2744 Y139.9068
G1 X175.3809 Y139.9244
G1 X175.4861 Y139.9489
G1 X175.5894 Y139.9803
G1 X175.6905 Y140.0183
G1 X175.7888 Y140.0628
G1 X175.8840 Y140.1137
G1 X175.9757 Y140.1708
G1 X176.0635 Y140.2337
G1 X176.1470 Y140.3021
G1 X176.2258 Y140.3760
G1 X176.2996 Y140.4548
G1 X176.3681 Y140.5382
G1 X176.4310 Y140.6260
G1 X176.4880 Y140.7177
G1 X176.5389 Y140.8129
G1 X176.5834 Y140.9113
G1 X176.6215 Y141.0123
G1 X176.6528 Y141.1156
G1 X176.6773 Y141.2208
G1 X176.6949 Y141.3273
G1 X176.7055 Y141.4348
G1 X176.7090 Y141.5427
G1 Y202.8427
G1 X176.7055 Y202.9506
G1 X176.6949 Y203.0581
G1 X176.6773 Y203.1646
G1 X176.6528 Y203.2697
G1 X176.6215 Y203.3731
G1 X176.5834 Y203.4741
G1 X176.5389 Y203.5725
G1 X176.4880 Y203.6677
G1 X176.4310 Y203.7594
G1 X176.3681 Y203.8471
G1 X176.2996 Y203.9306
G1 X176.2258 Y204.0094
G1 X176.1470 Y204.0832
G1 X176.0635 Y204.1517
G1 X175.9757 Y204.2146
G1 X175.8840 Y204.2716
G1 X175.7888 Y204.3225
G1 X175.6905 Y204.3671
G1 X175.5894 Y204.4051
G1 X175.4861 Y204.4365
G1 X175.3809 Y204.4610
G1 X175.2744 Y204.4786
G1 X175.1670 Y204.4892
G1 X175.0590 Y204.4927
G1 X128.7590
G1 X128.6511 Y204.4892
G1 X128.5437 Y204.4786
G1 X128.4371 Y204.4610
G1 X128.3320 Y204.4365
G1 X128.2287 Y204.4051
G1 X128.1276 Y204.3671
G1 X128.0293 Y204.3225
G1 X127.9340 Y204.2716
G1 X127.8423 Y204.2146
G1 X127.7546 Y204.1517
G1 X127.6711 Y204.0832
G1 X127.5923 Y204.0094
G1 X127.5185 Y203.9306
G1 X127.4500 Y203.8471
G1 X127.3871 Y203.7594
G1 X127.3301 Y203.6677
G1 X127.2792 Y203.5725
G1 X127.2346 Y203.4741
G1 X127.1966 Y203.3731
G1 X127.1653 Y203.2697
G1 X127.1407 Y203.1646
G1 X127.1232 Y203.0581
G1 X127.1126 Y202.9506
G1 X127.1090 Y202.8427
G1 Y198.1927
G1 X127.5923 Y197.7094
G1 X127.1090 Y198.1927
G1 X70.4090
G1 X69.9258 Y197.7094
G1 X70.4090 Y198.1927
G1 Y202.8427
G1 X70.4055 Y202.9506
G1 X70.3949 Y203.0581
G1 X70.3773 Y203.1646
G1 X70.3528 Y203.2697
G1 X70.3215 Y203.3731
G1 X70.2834 Y203.4741
G1 X70.2389 Y203.5725
G1 X70.1880 Y203.6677
G1 X70.1310 Y203.7594
G1 X70.0681 Y203.8471
G1 X69.9996 Y203.9306
G1 X69.9258 Y204.0094
G1 X69.8470 Y204.0832
G1 X69.7635 Y204.1517
G1 X69.6757 Y204.2146
G1 X69.5840 Y204.2716
G1 X69.4888 Y204.3225
G1 X69.3905 Y204.3671
G1 X69.2894 Y204.4051
G1 X69.1861 Y204.4365
G1 X69.0809 Y204.4610
G1 X68.9744 Y204.4786
G1 X68.8670 Y204.4892
G1 X68.7590 Y204.4927
G1 X22.4590
G1 X22.3511 Y204.4892
G1 X22.2437 Y204.4786
G1 X22.1371 Y204.4610
G1 X22.0320 Y204.4365
G1 X21.9287 Y204.4051
G1 X21.8276 Y204.3671
G1 X21.7293 Y204.3225
G1 X21.6340 Y204.2716
G1 X21.5423 Y204.2146
G1 X21.4546 Y204.1517
G1 X21.3711 Y204.0832
G1 X21.2923 Y204.0094
G1 X21.2185 Y203.9306
G1 X21.1500 Y203.8471
G1 X21.0871 Y203.7594
G1 X21.0301 Y203.6677
G1 X20.9792 Y203.5725
G1 X20.9346 Y203.4741
G1 X20.8966 Y203.3731
G1 X20.8653 Y203.2697
G1 X20.8407 Y203.1646
G1 X20.8232 Y203.0581
G1 X20.8126 Y202.9506
G1 X20.8090 Y202.8427
G1 Y20.2427
G1 Z3.0000 F180
G1 X20.8126 Y20.1348 F780
G1 X20.8232 Y20.0273
G1 X20.8407 Y19.9208
G1 X20.8653 Y19.8156
G1 X20.8966 Y19.7123
G1 X20.9346 Y19.6113
G1 X20.9792 Y19.5129
G1 X21.0301 Y19.4177
G1 X21.0871 Y19.3260
G1 X21.1500 Y19.2382
G1 X21.2185 Y19.1548
G1 X21.2923 Y19.0760
G1 X21.3711 Y19.0021
G1 X21.4546 Y18.9337
G1 X21.5423 Y18.8708
G1 X21.6340 Y18.8137
G1 X21.7293 Y18.7628
G1 X21.8276 Y18.7183
G1 X21.9287 Y18.6803
G1 X22.0320 Y18.6489
G1 X22.1371 Y18.6244
G1 X22.2437 Y18.6068
G1 X22.3511 Y18.5962
G1 X22.4590 Y18.5927
G1 X68.7590
G1 X68.8670 Y18.5962
G1 X68.9744 Y18.6068
G1 X69.0809 Y18.6244
G1 X69.1861 Y18.6489
G1 X69.2894 Y18.6803
G1 X69.3905 Y18.7183
G1 X69.4888 Y18.7628
G1 X69.5840 Y18.8137
G1 X69.6757 Y18.8708
G1 X69.7635 Y18.9337
G1 X69.8470 Y19.0021
G1 X69.9258 Y19.0760
G1 X69.9996 Y19.1548
G1 X70.0681 Y19.2382
G1 X70.1310 Y19.3260
G1 X70.1880 Y19.4177
G1 X70.2389 Y19.5129
G1 X70.2834 Y19.6113
G1 X70.3215 Y19.7123
G1 X70.3528 Y19.8156
G1 X70.3773 Y19.9208
G1 X70.3949 Y20.0273
G1 X70.4055 Y20.1348
G1 X70.4090 Y20.2427
G1 Y24.8927
G1 X69.9258 Y25.3760
G1 X70.4090 Y24.8927
G1 X127.1090
G1 X127.5923 Y25.3760
G1 X127.1090 Y24.8927
G1 Y20.2427
G1 X127.1126 Y20.1348
G1 X127.1232 Y20.0273
G1 X127.1407 Y19.9208
G1 X127.1653 Y19.8156
G1 X127.1966 Y19.7123
G1 X127.2346 Y19.6113
G1 X127.2792 Y19.5129
G1 X127.3301 Y19.4177
G1 X127.3871 Y19.3260
G1 X127.4500 Y19.2382
G1 X127.5185 Y19.1548
G1 X127.5923 Y19.0760
G1 X127.6711 Y19.0021
G1 X127.7546 Y18.9337
G1 X127.8423 Y18.8708
G1 X127.9340 Y18.8137
G1 X128.0293 Y18.7628
G1 X128.1276 Y18.7183
G1 X128.2287 Y18.6803
G1 X128.3320 Y18.6489
G1 X128.4371 Y18.6244
G1 X128.5437 Y18.6068
G1 X128.6511 Y18.5962
G1 X128.7590 Y18.5927
G1 X175.0590
G1 X175.1670 Y18.5962
G1 X175.2744 Y18.6068
G1 X175.3809 Y18.6244
G1 X175.4861 Y18.6489
G1 X175.5894 Y18.6803
G1 X175.6905 Y18.7183
G1 X175.7888 Y18.7628
G1 X175.8840 Y18.8137
G1 X175.9757 Y18.8708
G1 X176.0635 Y18.9337
G1 X176.1470 Y19.0021
G1 X176.2258 Y19.0760
G1 X176.2996 Y19.1548
G1 X176.3681 Y19.2382
G1 X176.4310 Y19.3260
G1 X176.4880 Y19.4177
G1 X176.5389 Y19.5129
G1 X176.5834 Y19.6113
G1 X176.6215 Y19.7123
G1 X176.6528 Y19.8156
G1 X176.6773 Y19.9208
G1 X176.6949 Y20.0273
G1 X176.7055 Y20.1348
G1 X176.7090 Y20.2427
G1 Y81.5427
G1 X176.7055 Y81.6506
G1 X176.6949 Y81.7581
G1 X176.6773 Y81.8646
G1 X176.6528 Y81.9697
G1 X176.6215 Y82.0731
G1 X176.5834 Y82.1741
G1 X176.5389 Y82.2725
G1 X176.4880 Y82.3677
G1 X176.4310 Y82.4594
G1 X176.3681 Y82.5471
G1 X176.2996 Y82.6306
G1 X176.2258 Y82.7094
G1 X176.1470 Y82.7832
G1 X176.0635 Y82.8517
G1 X175.9757 Y82.9146
G1 X175.8840 Y82.9716
G1 X175.7888 Y83.0225
G1 X175.6905 Y83.0671
G1 X175.5894 Y83.1051
G1 X175.4861 Y83.1365
G1 X175.3809 Y83.1610
G1 X175.2744 Y83.1786
G1 X175.1670 Y83.1892
G1 X175.0590 Y83.1927
G1 X170.4090
G1 X169.9258 Y82.7094
G1 X170.4090 Y83.1927
G1 Y139.8927
G1 X169.9258 Y140.3760
G1 X170.4090 Y139.8927
G1 X175.0590
G1 X175.1670 Y139.8962
G1 X175.2744 Y139.9068
G1 X175.3809 Y139.9244
G1 X175.4861 Y139.9489
G1 X175.5894 Y139.9803
G1 X175.6905 Y140.0183
G1 X175.7888 Y140.0628
G1 X175.8840 Y140.1137
G1 X175.9757 Y140.1708
G1 X176.0635 Y140.2337
G1 X176.1470 Y140.3021
G1 X176.2258 Y140.3760
G1 X176.2996 Y140.4548
G1 X176.3681 Y140.5382
G1 X176.4310 Y140.6260
G1 X176.4880 Y140.7177
G1 X176.5389 Y140.8129
G1 X176.5834 Y140.9113
G1 X176.6215 Y141.0123
G1 X176.6528 Y141.1156
G1 X176.6773 Y141.2208
G1 X176.6949 Y141.3273
G1 X176.7055 Y141.4348
G1 X176.7090 Y141.5427
G1 Y202.8427
G1 X176.7055 Y202.9506
G1 X176.6949 Y203.0581
G1 X176.6773 Y203.1646
G1 X176.6528 Y203.2697
G1 X176.6215 Y203.3731
G1 X176.5834 Y203.4741
G1 X176.5389 Y203.5725
G1 X176.4880 Y203.6677
G1 X176.4310 Y203.7594
G1 X176.3681 Y203.8471
G1 X176.2996 Y203.9306
G1 X176.2258 Y204.0094
G1 X176.1470 Y204.0832
G1 X176.0635 Y204.1517
G1 X175.9757 Y204.2146
G1 X175.8840 Y204.2716
G1 X175.7888 Y204.3225
G1 X175.6905 Y204.3671
G1 X175.5894 Y204.4051
G1 X175.4861 Y204.4365
G1 X175.3809 Y204.4610
G1 X175.2744 Y204.4786
G1 X175.1670 Y204.4892
G1 X175.0590 Y204.4927
G1 X128.7590
G1 X128.6511 Y204.4892
G1 X128.5437 Y204.4786
G1 X128.4371 Y204.4610
G1 X128.3320 Y204.4365
G1 X128.2287 Y204.4051
G1 X128.1276 Y204.3671
G1 X128.0293 Y204.3225
G1 X127.9340 Y204.2716
G1 X127.8423 Y204.2146
G1 X127.7546 Y204.1517
G1 X127.6711 Y204.0832
G1 X127.5923 Y204.0094
G1 X127.5185 Y203.9306
G1 X127.4500 Y203.8471
G1 X127.3871 Y203.7594
G1 X127.3301 Y203.6677
G1 X127.2792 Y203.5725
G1 X127.2346 Y203.4741
G1 X127.1966 Y203.3731
G1 X127.1653 Y203.2697
G1 X127.1407 Y203.1646
G1 X127.1232 Y203.0581
G1 X127.1126 Y202.9506
G1 X127.1090 Y202.8427
G1 Y198.1927
G1 X127.5923 Y197.7094
G1 X127.1090 Y198.1927
G1 X70.4090
G1 X69.9258 Y197.7094
G1 X70.4090 Y198.1927
G1 Y202.8427
G1 X70.4055 Y202.9506
G1 X70.3949 Y203.0581
G1 X70.3773 Y203.1646
G1 X70.3528 Y203.2697
G1 X70.3215 Y203.3731
G1 X70.2834 Y203.4741
G1 X70.2389 Y203.5725
G1 X70.1880 Y203.6677
G1 X70.1310 Y203.7594
G1 X70.0681 Y203.8471
G1 X69.9996 Y203.9306
G1 X69.9258 Y204.0094
G1 X69.8470 Y204.0832
G1 X69.7635 Y204.1517
G1 X69.6757 Y204.2146
G1 X69.5840 Y204.2716
G1 X69.4888 Y204.3225
G1 X69.3905 Y204.3671
G1 X69.2894 Y204.4051
G1 X69.1861 Y204.4365
G1 X69.0809 Y204.4610
G1 X68.9744 Y204.4786
G1 X68.8670 Y204.4892
G1 X68.7590 Y204.4927
G1 X22.4590
G1 X22.3511 Y204.4892
G1 X22.2437 Y204.4786
G1 X22.1371 Y204.4610
G1 X22.0320 Y204.4365
G1 X21.9287 Y204.4051
G1 X21.8276 Y204.3671
G1 X21.7293 Y204.3225
G1 X21.6340 Y204.2716
G1 X21.5423 Y204.2146
G1 X21.4546 Y204.1517
G1 X21.3711 Y204.0832
G1 X21.2923 Y204.0094
G1 X21.2185 Y203.9306
G1 X21.1500 Y203.8471
G1 X21.0871 Y203.7594
G1 X21.0301 Y203.6677
G1 X20.9792 Y203.5725
G1 X20.9346 Y203.4741
G1 X20.8966 Y203.3731
G1 X20.8653 Y203.2697
G1 X20.8407 Y203.1646
G1 X20.8232 Y203.0581
G1 X20.8126 Y202.9506
G1 X20.8090 Y202.8427
G1 Y20.2427
G1 Z3.5000 F180
G1 X20.8126 Y20.1348 F780
G1 X20.8232 Y20.0273
G1 X20.8407 Y19.9208
G1 X20.8653 Y19.8156
G1 X20.8966 Y19.7123
G1 X20.9346 Y19.6113
G1 X20.9792 Y19.5129
G1 X21.0301 Y19.4177
G1 X21.0871 Y19.3260
G1 X21.1500 Y19.2382
G1 X21.2185 Y19.1548
G1 X21.2923 Y19.0760
G1 X21.3711 Y19.0021
G1 X21.4546 Y18.9337
G1 X21.5423 Y18.8708
G1 X21.6340 Y18.8137
G1 X21.7293 Y18.7628
G1 X21.8276 Y18.7183
G1 X21.9287 Y18.6803
G1 X22.0320 Y18.6489
G1 X22.1371 Y18.6244
G1 X22.2437 Y18.6068
G1 X22.3511 Y18.5962
G1 X22.4590 Y18.5927
G1 X68.7590
G1 X68.8670 Y18.5962
G1 X68.9744 Y18.6068
G1 X69.0809 Y18.6244
G1 X69.1861 Y18.6489
G1 X69.2894 Y18.6803
G1 X69.3905 Y18.7183
G1 X69.4888 Y18.7628
G1 X69.5840 Y18.8137
G1 X69.6757 Y18.8708
G1 X69.7635 Y18.9337
G1 X69.8470 Y19.0021
G1 X69.9258 Y19.0760
G1 X69.9996 Y19.1548
G1 X70.0681 Y19.2382
G1 X70.1310 Y19.3260
G1 X70.1880 Y19.4177
G1 X70.2389 Y19.5129
G1 X70.2834 Y19.6113
G1 X70.3215 Y19.7123
G1 X70.3528 Y19.8156
G1 X70.3773 Y19.9208
G1 X70.3949 Y20.0273
G1 X70.4055 Y20.1348
G1 X70.4090 Y20.2427
G1 Y24.8927
G1 X69.9258 Y25.3760
G1 X70.4090 Y24.8927
G1 X127.1090
G1 X127.5923 Y25.3760
G1 X127.1090 Y24.8927
G1 Y20.2427
G1 X127.1126 Y20.1348
G1 X127.1232 Y20.0273
G1 X127.1407 Y19.9208
G1 X127.1653 Y19.8156
G1 X127.1966 Y19.7123
G1 X127.2346 Y19.6113
G1 X127.2792 Y19.5129
G1 X127.3301 Y19.4177
G1 X127.3871 Y19.3260
G1 X127.4500 Y19.2382
G1 X127.5185 Y19.1548
G1 X127.5923 Y19.0760
G1 X127.6711 Y19.0021
G1 X127.7546 Y18.9337
G1 X127.8423 Y18.8708
G1 X127.9340 Y18.8137
G1 X128.0293 Y18.7628
G1 X128.1276 Y18.7183
G1 X128.2287 Y18.6803
G1 X128.3320 Y18.6489
G1 X128.4371 Y18.6244
G1 X128.5437 Y18.6068
G1 X128.6511 Y18.5962
G1 X128.7590 Y18.5927
G1 X175.0590
G1 X175.1670 Y18.5962
G1 X175.2744 Y18.6068
G1 X175.3809 Y18.6244
G1 X175.4861 Y18.6489
G1 X175.5894 Y18.6803
G1 X175.6905 Y18.7183
G1 X175.7888 Y18.7628
G1 X175.8840 Y18.8137
G1 X175.9757 Y18.8708
G1 X176.0635 Y18.9337
G1 X176.1470 Y19.0021
G1 X176.2258 Y19.0760
G1 X176.2996 Y19.1548
G1 X176.3681 Y19.2382
G1 X176.4310 Y19.3260
G1 X176.4880 Y19.4177
G1 X176.5389 Y19.5129
G1 X176.5834 Y19.6113
G1 X176.6215 Y19.7123
G1 X176.6528 Y19.8156
G1 X176.6773 Y19.9208
G1 X176.6949 Y20.0273
G1 X176.7055 Y20.1348
G1 X176.7090 Y20.2427
G1 Y81.5427
G1 X176.7055 Y81.6506
G1 X176.6949 Y81.7581
G1 X176.6773 Y81.8646
G1 X176.6528 Y81.9697
G1 X176.6215 Y82.0731
G1 X176.5834 Y82.1741
G1 X176.5389 Y82.2725
G1 X176.4880 Y82.3677
G1 X176.4310 Y82.4594
G1 X176.3681 Y82.5471
G1 X176.2996 Y82.6306
G1 X176.2258 Y82.7094
G1 X176.1470 Y82.7832
G1 X176.0635 Y82.8517
G1 X175.9757 Y82.9146
G1 X175.8840 Y82.9716
G1 X175.7888 Y83.0225
G1 X175.6905 Y83.0671
G1 X175.5894 Y83.1051
G1 X175.4861 Y83.1365
G1 X175.3809 Y83.1610
G1 X175.2744 Y83.1786
G1 X175.1670 Y83.1892
G1 X175.0590 Y83.1927
G1 X170.4090
G1 X169.9258 Y82.7094
G1 X170.4090 Y83.1927
G1 Y139.8927
G1 X169.9258 Y140.3760
G1 X170.4090 Y139.8927
G1 X175.0590
G1 X175.1670 Y139.8962
G1 X175.2744 Y139.9068
G1 X175.3809 Y139.9244
G1 X175.4861 Y139.9489
G1 X175.5894 Y139.9803
G1 X175.6905 Y140.0183
G1 X175.7888 Y140.0628
G1 X175.8840 Y140.1137
G1 X175.9757 Y140.1708
G1 X176.0635 Y140.2337
G1 X176.1470 Y140.3021
G1 X176.2258 Y140.3760
G1 X176.2996 Y140.4548
G1 X176.3681 Y140.5382
G1 X176.4310 Y140.6260
G1 X176.4880 Y140.7177
G1 X176.5389 Y140.8129
G1 X176.5834 Y140.9113
G1 X176.6215 Y141.0123
G1 X176.6528 Y141.1156
G1 X176.6773 Y141.2208
G1 X176.6949 Y141.3273
G1 X176.7055 Y141.4348
G1 X176.7090 Y141.5427
G1 Y202.8427
G1 X176.7055 Y202.9506
G1 X176.6949 Y203.0581
G1 X176.6773 Y203.1646
G1 X176.6528 Y203.2697
G1 X176.6215 Y203.3731
G1 X176.5834 Y203.4741
G1 X176.5389 Y203.5725
G1 X176.4880 Y203.6677
G1 X176.4310 Y203.7594
G1 X176.3681 Y203.8471
G1 X176.2996 Y203.9306
G1 X176.2258 Y204.0094
G1 X176.1470 Y204.0832
G1 X176.0635 Y204.1517
G1 X175.9757 Y204.2146
G1 X175.8840 Y204.2716
G1 X175.7888 Y204.3225
G1 X175.6905 Y204.3671
G1 X175.5894 Y204.4051
G1 X175.4861 Y204.4365
G1 X175.3809 Y204.4610
G1 X175.2744 Y204.4786
G1 X175.1670 Y204.4892
G1 X175.0590 Y204.4927
G1 X128.7590
G1 X128.6511 Y204.4892
G1 X128.5437 Y204.4786
G1 X128.4371 Y204.4610
G1 X128.3320 Y204.4365
G1 X128.2287 Y204.4051
G1 X128.1276 Y204.3671
G1 X128.0293 Y204.3225
G1 X127.9340 Y204.2716
G1 X127.8423 Y204.2146
G1 X127.7546 Y204.1517
G1 X127.6711 Y204.0832
G1 X127.5923 Y204.0094
G1 X127.5185 Y203.9306
G1 X127.4500 Y203.8471
G1 X127.3871 Y203.7594
G1 X127.3301 Y203.6677
G1 X127.2792 Y203.5725
G1 X127.2346 Y203.4741
G1 X127.1966 Y203.3731
G1 X127.1653 Y203.2697
G1 X127.1407 Y203.1646
G1 X127.1232 Y203.0581
G1 X127.1126 Y202.9506
G1 X127.1090 Y202.8427
G1 Y198.1927
G1 X127.5923 Y197.7094
G1 X127.1090 Y198.1927
G1 X70.4090
G1 X69.9258 Y197.7094
G1 X70.4090 Y198.1927
G1 Y202.8427
G1 X70.4055 Y202.9506
G1 X70.3949 Y203.0581
G1 X70.3773 Y203.1646
G1 X70.3528 Y203.2697
G1 X70.3215 Y203.3731
G1 X70.2834 Y203.4741
G1 X70.2389 Y203.5725
G1 X70.1880 Y203.6677
G1 X70.1310 Y203.7594
G1 X70.0681 Y203.8471
G1 X69.9996 Y203.9306
G1 X69.9258 Y204.0094
G1 X69.8470 Y204.0832
G1 X69.7635 Y204.1517
G1 X69.6757 Y204.2146
G1 X69.5840 Y204.2716
G1 X69.4888 Y204.3225
G1 X69.3905 Y204.3671
G1 X69.2894 Y204.4051
G1 X69.1861 Y204.4365
G1 X69.0809 Y204.4610
G1 X68.9744 Y204.4786
G1 X68.8670 Y204.4892
G1 X68.7590 Y204.4927
G1 X22.4590
G1 X22.3511 Y204.4892
G1 X22.2437 Y204.4786
G1 X22.1371 Y204.4610
G1 X22.0320 Y204.4365
G1 X21.9287 Y204.4051
G1 X21.8276 Y204.3671
G1 X21.7293 Y204.3225
G1 X21.6340 Y204.2716
G1 X21.5423 Y204.2146
G1 X21.4546 Y204.1517
G1 X21.3711 Y204.0832
G1 X21.2923 Y204.0094
G1 X21.2185 Y203.9306
G1 X21.1500 Y203.8471
G1 X21.0871 Y203.7594
G1 X21.0301 Y203.6677
G1 X20.9792 Y203.5725
G1 X20.9346 Y203.4741
G1 X20.8966 Y203.3731
G1 X20.8653 Y203.2697
G1 X20.8407 Y203.1646
G1 X20.8232 Y203.0581
G1 X20.8126 Y202.9506
G1 X20.8090 Y202.8427
G1 Y20.2427
G1 Z4.0000 F180
G1 X20.8126 Y20.1348 F780
G1 X20.8232 Y20.0273
G1 X20.8407 Y19.9208
G1 X20.8653 Y19.8156
G1 X20.8966 Y19.7123
G1 X20.9346 Y19.6113
G1 X20.9792 Y19.5129
G1 X21.0301 Y19.4177
G1 X21.0871 Y19.3260
G1 X21.1500 Y19.2382
G1 X21.2185 Y19.1548
G1 X21.2923 Y19.0760
G1 X21.3711 Y19.0021
G1 X21.4546 Y18.9337
G1 X21.5423 Y18.8708
G1 X21.6340 Y18.8137
G1 X21.7293 Y18.7628
G1 X21.8276 Y18.7183
G1 X21.9287 Y18.6803
G1 X22.0320 Y18.6489
G1 X22.1371 Y18.6244
G1 X22.2437 Y18.6068
G1 X22.3511 Y18.5962
G1 X22.4590 Y18.5927
G1 X68.7590
G1 X68.8670 Y18.5962
G1 X68.9744 Y18.6068
G1 X69.0809 Y18.6244
G1 X69.1861 Y18.6489
G1 X69.2894 Y18.6803
G1 X69.3905 Y18.7183
G1 X69.4888 Y18.7628
G1 X69.5840 Y18.8137
G1 X69.6757 Y18.8708
G1 X69.7635 Y18.9337
G1 X69.8470 Y19.0021
G1 X69.9258 Y19.0760
G1 X69.9996 Y19.1548
G1 X70.0681 Y19.2382
G1 X70.1310 Y19.3260
G1 X70.1880 Y19.4177
G1 X70.2389 Y19.5129
G1 X70.2834 Y19.6113
G1 X70.3215 Y19.7123
G1 X70.3528 Y19.8156
G1 X70.3773 Y19.9208
G1 X70.3949 Y20.0273
G1 X70.4055 Y20.1348
G1 X70.4090 Y20.2427
G1 Y24.8927
G1 X69.9258 Y25.3760
G1 X70.4090 Y24.8927
G1 X127.1090
G1 X127.5923 Y25.3760
G1 X127.1090 Y24.8927
G1 Y20.2427
G1 X127.1126 Y20.1348
G1 X127.1232 Y20.0273
G1 X127.1407 Y19.9208
G1 X127.1653 Y19.8156
G1 X127.1966 Y19.7123
G1 X127.2346 Y19.6113
G1 X127.2792 Y19.5129
G1 X127.3301 Y19.4177
G1 X127.3871 Y19.3260
G1 X127.4500 Y19.2382
G1 X127.5185 Y19.1548
G1 X127.5923 Y19.0760
G1 X127.6711 Y19.0021
G1 X127.7546 Y18.9337
G1 X127.8423 Y18.8708
G1 X127.9340 Y18.8137
G1 X128.0293 Y18.7628
G1 X128.1276 Y18.7183
G1 X128.2287 Y18.6803
G1 X128.3320 Y18.6489
G1 X128.4371 Y18.6244
G1 X128.5437 Y18.6068
G1 X128.6511 Y18.5962
G1 X128.7590 Y18.5927
G1 X175.0590
G1 X175.1670 Y18.5962
G1 X175.2744 Y18.6068
G1 X175.3809 Y18.6244
G1 X175.4861 Y18.6489
G1 X175.5894 Y18.6803
G1 X175.6905 Y18.7183
G1 X175.7888 Y18.7628
G1 X175.8840 Y18.8137
G1 X175.9757 Y18.8708
G1 X176.0635 Y18.9337
G1 X176.1470 Y19.0021
G1 X176.2258 Y19.0760
G1 X176.2996 Y19.1548
G1 X176.3681 Y19.2382
G1 X176.4310 Y19.3260
G1 X176.4880 Y19.4177
G1 X176.5389 Y19.5129
G1 X176.5834 Y19.6113
G1 X176.6215 Y19.7123
G1 X176.6528 Y19.8156
G1 X176.6773 Y19.9208
G1 X176.6949 Y20.0273
G1 X176.7055 Y20.1348
G1 X176.7090 Y20.2427
G1 Y81.5427
G1 X176.7055 Y81.6506
G1 X176.6949 Y81.7581
G1 X176.6773 Y81.8646
G1 X176.6528 Y81.9697
G1 X176.6215 Y82.0731
G1 X176.5834 Y82.1741
G1 X176.5389 Y82.2725
G1 X176.4880 Y82.3677
G1 X176.4310 Y82.4594
G1 X176.3681 Y82.5471
G1 X176.2996 Y82.6306
G1 X176.2258 Y82.7094
G1 X176.1470 Y82.7832
G1 X176.0635 Y82.8517
G1 X175.9757 Y82.9146
G1 X175.8840 Y82.9716
G1 X175.7888 Y83.0225
G1 X175.6905 Y83.0671
G1 X175.5894 Y83.1051
G1 X175.4861 Y83.1365
G1 X175.3809 Y83.1610
G1 X175.2744 Y83.1786
G1 X175.1670 Y83.1892
G1 X175.0590 Y83.1927
G1 X170.4090
G1 X169.9258 Y82.7094
G1 X170.4090 Y83.1927
G1 Y139.8927
G1 X169.9258 Y140.3760
G1 X170.4090 Y139.8927
G1 X175.0590
G1 X175.1670 Y139.8962
G1 X175.2744 Y139.9068
G1 X175.3809 Y139.9244
G1 X175.4861 Y139.9489
G1 X175.5894 Y139.9803
G1 X175.6905 Y140.0183
G1 X175.7888 Y140.0628
G1 X175.8840 Y140.1137
G1 X175.9757 Y140.1708
G1 X176.0635 Y140.2337
G1 X176.1470 Y140.3021
G1 X176.2258 Y140.3760
G1 X176.2996 Y140.4548
G1 X176.3681 Y140.5382
G1 X176.4310 Y140.6260
G1 X176.4880 Y140.7177
G1 X176.5389 Y140.8129
G1 X176.5834 Y140.9113
G1 X176.6215 Y141.0123
G1 X176.6528 Y141.1156
G1 X176.6773 Y141.2208
G1 X176.6949 Y141.3273
G1 X176.7055 Y141.4348
G1 X176.7090 Y141.5427
G1 Y202.8427
G1 X176.7055 Y202.9506
G1 X176.6949 Y203.0581
G1 X176.6773 Y203.1646
G1 X176.6528 Y203.2697
G1 X176.6215 Y203.3731
G1 X176.5834 Y203.4741
G1 X176.5389 Y203.5725
G1 X176.4880 Y203.6677
G1 X176.4310 Y203.7594
G1 X176.3681 Y203.8471
G1 X176.2996 Y203.9306
G1 X176.2258 Y204.0094
G1 X176.1470 Y204.0832
G1 X176.0635 Y204.1517
G1 X175.9757 Y204.2146
G1 X175.8840 Y204.2716
G1 X175.7888 Y204.3225
G1 X175.6905 Y204.3671
G1 X175.5894 Y204.4051
G1 X175.4861 Y204.4365
G1 X175.3809 Y204.4610
G1 X175.2744 Y204.4786
G1 X175.1670 Y204.4892
G1 X175.0590 Y204.4927
G1 X128.7590
G1 X128.6511 Y204.4892
G1 X128.5437 Y204.4786
G1 X128.4371 Y204.4610
G1 X128.3320 Y204.4365
G1 X128.2287 Y204.4051
G1 X128.1276 Y204.3671
G1 X128.0293 Y204.3225
G1 X127.9340 Y204.2716
G1 X127.8423 Y204.2146
G1 X127.7546 Y204.1517
G1 X127.6711 Y204.0832
G1 X127.5923 Y204.0094
G1 X127.5185 Y203.9306
G1 X127.4500 Y203.8471
G1 X127.3871 Y203.7594
G1 X127.3301 Y203.6677
G1 X127.2792 Y203.5725
G1 X127.2346 Y203.4741
G1 X127.1966 Y203.3731
G1 X127.1653 Y203.2697
G1 X127.1407 Y203.1646
G1 X127.1232 Y203.0581
G1 X127.1126 Y202.9506
G1 X127.1090 Y202.8427
G1 Y198.1927
G1 X127.5923 Y197.7094
G1 X127.1090 Y198.1927
G1 X70.4090
G1 X69.9258 Y197.7094
G1 X70.4090 Y198.1927
G1 Y202.8427
G1 X70.4055 Y202.9506
G1 X70.3949 Y203.0581
G1 X70.3773 Y203.1646
G1 X70.3528 Y203.2697
G1 X70.3215 Y203.3731
G1 X70.2834 Y203.4741
G1 X70.2389 Y203.5725
G1 X70.1880 Y203.6677
G1 X70.1310 Y203.7594
G1 X70.0681 Y203.8471
G1 X69.9996 Y203.9306
G1 X69.9258 Y204.0094
G1 X69.8470 Y204.0832
G1 X69.7635 Y204.1517
G1 X69.6757 Y204.2146
G1 X69.5840 Y204.2716
G1 X69.4888 Y204.3225
G1 X69.3905 Y204.3671
G1 X69.2894 Y204.4051
G1 X69.1861 Y204.4365
G1 X69.0809 Y204.4610
G1 X68.9744 Y204.4786
G1 X68.8670 Y204.4892
G1 X68.7590 Y204.4927
G1 X22.4590
G1 X22.3511 Y204.4892
G1 X22.2437 Y204.4786
G1 X22.1371 Y204.4610
G1 X22.0320 Y204.4365
G1 X21.9287 Y204.4051
G1 X21.8276 Y204.3671
G1 X21.7293 Y204.3225
G1 X21.6340 Y204.2716
G1 X21.5423 Y204.2146
G1 X21.4546 Y204.1517
G1 X21.3711 Y204.0832
G1 X21.2923 Y204.0094
G1 X21.2185 Y203.9306
G1 X21.1500 Y203.8471
G1 X21.0871 Y203.7594
G1 X21.0301 Y203.6677
G1 X20.9792 Y203.5725
G1 X20.9346 Y203.4741
G1 X20.8966 Y203.3731
G1 X20.8653 Y203.2697
G1 X20.8407 Y203.1646
G1 X20.8232 Y203.0581
G1 X20.8126 Y202.9506
G1 X20.8090 Y202.8427
G1 Y20.2427
G1 Z4.5000 F180
G1 X20.8126 Y20.1348 F780
G1 X20.8232 Y20.0273
G1 X20.8407 Y19.9208
G1 X20.8653 Y19.8156
G1 X20.8966 Y19.7123
G1 X20.9346 Y19.6113
G1 X20.9792 Y19.5129
G1 X21.0301 Y19.4177
G1 X21.0871 Y19.3260
G1 X21.1500 Y19.2382
G1 X21.2185 Y19.1548
G1 X21.2923 Y19.0760
G1 X21.3711 Y19.0021
G1 X21.4546 Y18.9337
G1 X21.5423 Y18.8708
G1 X21.6340 Y18.8137
G1 X21.7293 Y18.7628
G1 X21.8276 Y18.7183
G1 X21.9287 Y18.6803
G1 X22.0320 Y18.6489
G1 X22.1371 Y18.6244
G1 X22.2437 Y18.6068
G1 X22.3511 Y18.5962
G1 X22.4590 Y18.5927
G1 X68.7590
G1 X68.8670 Y18.5962
G1 X68.9744 Y18.6068
G1 X69.0809 Y18.6244
G1 X69.1861 Y18.6489
G1 X69.2894 Y18.6803
G1 X69.3905 Y18.7183
G1 X69.4888 Y18.7628
G1 X69.5840 Y18.8137
G1 X69.6757 Y18.8708
G1 X69.7635 Y18.9337
G1 X69.8470 Y19.0021
G1 X69.9258 Y19.0760
G1 X69.9996 Y19.1548
G1 X70.0681 Y19.2382
G1 X70.1310 Y19.3260
G1 X70.1880 Y19.4177
G1 X70.2389 Y19.5129
G1 X70.2834 Y19.6113
G1 X70.3215 Y19.7123
G1 X70.3528 Y19.8156
G1 X70.3773 Y19.9208
G1 X70.3949 Y20.0273
G1 X70.4055 Y20.1348
G1 X70.4090 Y20.2427
G1 Y24.8927
G1 X69.9258 Y25.3760
G1 X70.4090 Y24.8927
G1 X127.1090
G1 X127.5923 Y25.3760
G1 X127.1090 Y24.8927
G1 Y20.2427
G1 X127.1126 Y20.1348
G1 X127.1232 Y20.0273
G1 X127.1407 Y19.9208
G1 X127.1653 Y19.8156
G1 X127.1966 Y19.7123
G1 X127.2346 Y19.6113
G1 X127.2792 Y19.5129
G1 X127.3301 Y19.4177
G1 X127.3871 Y19.3260
G1 X127.4500 Y19.2382
G1 X127.5185 Y19.1548
G1 X127.5923 Y19.0760
G1 X127.6711 Y19.0021
G1 X127.7546 Y18.9337
G1 X127.8423 Y18.8708
G1 X127.9340 Y18.8137
G1 X128.0293 Y18.7628
G1 X128.1276 Y18.7183
G1 X128.2287 Y18.6803
G1 X128.3320 Y18.6489
G1 X128.4371 Y18.6244
G1 X128.5437 Y18.6068
G1 X128.6511 Y18.5962
G1 X128.7590 Y18.5927
G1 X175.0590
G1 X175.1670 Y18.5962
G1 X175.2744 Y18.6068
G1 X175.3809 Y18.6244
G1 X175.4861 Y18.6489
G1 X175.5894 Y18.6803
G1 X175.6905 Y18.7183
G1 X175.7888 Y18.7628
G1 X175.8840 Y18.8137
G1 X175.9757 Y18.8708
G1 X176.0635 Y18.9337
G1 X176.1470 Y19.0021
G1 X176.2258 Y19.0760
G1 X176.2996 Y19.1548
G1 X176.3681 Y19.2382
G1 X176.4310 Y19.3260
G1 X176.4880 Y19.4177
G1 X176.5389 Y19.5129
G1 X176.5834 Y19.6113
G1 X176.6215 Y19.7123
G1 X176.6528 Y19.8156
G1 X176.6773 Y19.9208
G1 X176.6949 Y20.0273
G1 X176.7055 Y20.1348
G1 X176.7090 Y20.2427
G1 Y81.5427
G1 X176.7055 Y81.6506
G1 X176.6949 Y81.7581
G1 X176.6773 Y81.8646
G1 X176.6528 Y81.9697
G1 X176.6215 Y82.0731
G1 X176.5834 Y82.1741
G1 X176.5389 Y82.2725
G1 X176.4880 Y82.3677
G1 X176.4310 Y82.4594
G1 X176.3681 Y82.5471
G1 X176.2996 Y82.6306
G1 X176.2258 Y82.7094
G1 X176.1470 Y82.7832
G1 X176.0635 Y82.8517
G1 X175.9757 Y82.9146
G1 X175.8840 Y82.9716
G1 X175.7888 Y83.0225
G1 X175.6905 Y83.0671
G1 X175.5894 Y83.1051
G1 X175.4861 Y83.1365
G1 X175.3809 Y83.1610
G1 X175.2744 Y83.1786
G1 X175.1670 Y83.1892
G1 X175.0590 Y83.1927
G1 X170.4090
G1 X169.9258 Y82.7094
G1 X170.4090 Y83.1927
G1 Y139.8927
G1 X169.9258 Y140.3760
G1 X170.4090 Y139.8927
G1 X175.0590
G1 X175.1670 Y139.8962
G1 X175.2744 Y139.9068
G1 X175.3809 Y139.9244
G1 X175.4861 Y139.9489
G1 X175.5894 Y139.9803
G1 X175.6905 Y140.0183
G1 X175.7888 Y140.0628
G1 X175.8840 Y140.1137
G1 X175.9757 Y140.1708
G1 X176.0635 Y140.2337
G1 X176.1470 Y140.3021
G1 X176.2258 Y140.3760
G1 X176.2996 Y140.4548
G1 X176.3681 Y140.5382
G1 X176.4310 Y140.6260
G1 X176.4880 Y140.7177
G1 X176.5389 Y140.8129
G1 X176.5834 Y140.9113
G1 X176.6215 Y141.0123
G1 X176.6528 Y141.1156
G1 X176.6773 Y141.2208
G1 X176.6949 Y141.3273
G1 X176.7055 Y141.4348
G1 X176.7090 Y141.5427
G1 Y202.8427
G1 X176.7055 Y202.9506
G1 X176.6949 Y203.0581
G1 X176.6773 Y203.1646
G1 X176.6528 Y203.2697
G1 X176.6215 Y203.3731
G1 X176.5834 Y203.4741
G1 X176.5389 Y203.5725
G1 X176.4880 Y203.6677
G1 X176.4310 Y203.7594
G1 X176.3681 Y203.8471
G1 X176.2996 Y203.9306
G1 X176.2258 Y204.0094
G1 X176.1470 Y204.0832
G1 X176.0635 Y204.1517
G1 X175.9757 Y204.2146
G1 X175.8840 Y204.2716
G1 X175.7888 Y204.3225
G1 X175.6905 Y204.3671
G1 X175.5894 Y204.4051
G1 X175.4861 Y204.4365
G1 X175.3809 Y204.4610
G1 X175.2744 Y204.4786
G1 X175.1670 Y204.4892
G1 X175.0590 Y204.4927
G1 X128.7590
G1 X128.6511 Y204.4892
G1 X128.5437 Y204.4786
G1 X128.4371 Y204.4610
G1 X128.3320 Y204.4365
G1 X128.2287 Y204.4051
G1 X128.1276 Y204.3671
G1 X128.0293 Y204.3225
G1 X127.9340 Y204.2716
G1 X127.8423 Y204.2146
G1 X127.7546 Y204.1517
G1 X127.6711 Y204.0832
G1 X127.5923 Y204.0094
G1 X127.5185 Y203.9306
G1 X127.4500 Y203.8471
G1 X127.3871 Y203.7594
G1 X127.3301 Y203.6677
G1 X127.2792 Y203.5725
G1 X127.2346 Y203.4741
G1 X127.1966 Y203.3731
G1 X127.1653 Y203.2697
G1 X127.1407 Y203.1646
G1 X127.1232 Y203.0581
G1 X127.1126 Y202.9506
G1 X127.1090 Y202.8427
G1 Y198.1927
G1 X127.5923 Y197.7094
G1 X127.1090 Y198.1927
G1 X70.4090
G1 X69.9258 Y197.7094
G1 X70.4090 Y198.1927
G1 Y202.8427
G1 X70.4055 Y202.9506
G1 X70.3949 Y203.0581
G1 X70.3773 Y203.1646
G1 X70.3528 Y203.2697
G1 X70.3215 Y203.3731
G1 X70.2834 Y203.4741
G1 X70.2389 Y203.5725
G1 X70.1880 Y203.6677
G1 X70.1310 Y203.7594
G1 X70.0681 Y203.8471
G1 X69.9996 Y203.9306
G1 X69.9258 Y204.0094
G1 X69.8470 Y204.0832
G1 X69.7635 Y204.1517
G1 X69.6757 Y204.2146
G1 X69.5840 Y204.2716
G1 X69.4888 Y204.3225
G1 X69.3905 Y204.3671
G1 X69.2894 Y204.4051
G1 X69.1861 Y204.4365
G1 X69.0809 Y204.4610
G1 X68.9744 Y204.4786
G1 X68.8670 Y204.4892
G1 X68.7590 Y204.4927
G1 X22.4590
G1 X22.3511 Y204.4892
G1 X22.2437 Y204.4786
G1 X22.1371 Y204.4610
G1 X22.0320 Y204.4365
G1 X21.9287 Y204.4051
G1 X21.8276 Y204.3671
G1 X21.7293 Y204.3225
G1 X21.6340 Y204.2716
G1 X21.5423 Y204.2146
G1 X21.4546 Y204.1517
G1 X21.3711 Y204.0832
G1 X21.2923 Y204.0094
G1 X21.2185 Y203.9306
G1 X21.1500 Y203.8471
G1 X21.0871 Y203.7594
G1 X21.0301 Y203.6677
G1 X20.9792 Y203.5725
G1 X20.9346 Y203.4741
G1 X20.8966 Y203.3731
G1 X20.8653 Y203.2697
G1 X20.8407 Y203.1646
G1 X20.8232 Y203.0581
G1 X20.8126 Y202.9506
G1 X20.8090 Y202.8427
G1 Y20.2427
G1 Z5.0000 F180
G1 X20.8126 Y20.1348 F780
G1 X20.8232 Y20.0273
G1 X20.8407 Y19.9208
G1 X20.8653 Y19.8156
G1 X20.8966 Y19.7123
G1 X20.9346 Y19.6113
G1 X20.9792 Y19.5129
G1 X21.0301 Y19.4177
G1 X21.0871 Y19.3260
G1 X21.1500 Y19.2382
G1 X21.2185 Y19.1548
G1 X21.2923 Y19.0760
G1 X21.3711 Y19.0021
G1 X21.4546 Y18.9337
G1 X21.5423 Y18.8708
G1 X21.6340 Y18.8137
G1 X21.7293 Y18.7628
G1 X21.8276 Y18.7183
G1 X21.9287 Y18.6803
G1 X22.0320 Y18.6489
G1 X22.1371 Y18.6244
G1 X22.2437 Y18.6068
G1 X22.3511 Y18.5962
G1 X22.4590 Y18.5927
G1 X68.7590
G1 X68.8670 Y18.5962
G1 X68.9744 Y18.6068
G1 X69.0809 Y18.6244
G1 X69.1861 Y18.6489
G1 X69.2894 Y18.6803
G1 X69.3905 Y18.7183
G1 X69.4888 Y18.7628
G1 X69.5840 Y18.8137
G1 X69.6757 Y18.8708
G1 X69.7635 Y18.9337
G1 X69.8470 Y19.0021
G1 X69.9258 Y19.0760
G1 X69.9996 Y19.1548
G1 X70.0681 Y19.2382
G1 X70.1310 Y19.3260
G1 X70.1880 Y19.4177
G1 X70.2389 Y19.5129
G1 X70.2834 Y19.6113
G1 X70.3215 Y19.7123
G1 X70.3528 Y19.8156
G1 X70.3773 Y19.9208
G1 X70.3949 Y20.0273
G1 X70.4055 Y20.1348
G1 X70.4090 Y20.2427
G1 Y24.8927
G1 X69.9258 Y25.3760
G1 X70.4090 Y24.8927
G1 X127.1090
G1 X127.5923 Y25.3760
G1 X127.1090 Y24.8927
G1 Y20.2427
G1 X127.1126 Y20.1348
G1 X127.1232 Y20.0273
G1 X127.1407 Y19.9208
G1 X127.1653 Y19.8156
G1 X127.1966 Y19.7123
G1 X127.2346 Y19.6113
G1 X127.2792 Y19.5129
G1 X127.3301 Y19.4177
G1 X127.3871 Y19.3260
G1 X127.4500 Y19.2382
G1 X127.5185 Y19.1548
G1 X127.5923 Y19.0760
G1 X127.6711 Y19.0021
G1 X127.7546 Y18.9337
G1 X127.8423 Y18.8708
G1 X127.9340 Y18.8137
G1 X128.0293 Y18.7628
G1 X128.1276 Y18.7183
G1 X128.2287 Y18.6803
G1 X128.3320 Y18.6489
G1 X128.4371 Y18.6244
G1 X128.5437 Y18.6068
G1 X128.6511 Y18.5962
G1 X128.7590 Y18.5927
G1 X175.0590
G1 X175.1670 Y18.5962
G1 X175.2744 Y18.6068
G1 X175.3809 Y18.6244
G1 X175.4861 Y18.6489
G1 X175.5894 Y18.6803
G1 X175.6905 Y18.7183
G1 X175.7888 Y18.7628
G1 X175.8840 Y18.8137
G1 X175.9757 Y18.8708
G1 X176.0635 Y18.9337
G1 X176.1470 Y19.0021
G1 X176.2258 Y19.0760
G1 X176.2996 Y19.1548
G1 X176.3681 Y19.2382
G1 X176.4310 Y19.3260
G1 X176.4880 Y19.4177
G1 X176.5389 Y19.5129
G1 X176.5834 Y19.6113
G1 X176.6215 Y19.7123
G1 X176.6528 Y19.8156
G1 X176.6773 Y19.9208
G1 X176.6949 Y20.0273
G1 X176.7055 Y20.1348
G1 X176.7090 Y20.2427
G1 Y81.5427
G1 X176.7055 Y81.6506
G1 X176.6949 Y81.7581
G1 X176.6773 Y81.8646
G1 X176.6528 Y81.9697
G1 X176.6215 Y82.0731
G1 X176.5834 Y82.1741
G1 X176.5389 Y82.2725
G1 X176.4880 Y82.3677
G1 X176.4310 Y82.4594
G1 X176.3681 Y82.5471
G1 X176.2996 Y82.6306
G1 X176.2258 Y82.7094
G1 X176.1470 Y82.7832
G1 X176.0635 Y82.8517
G1 X175.9757 Y82.9146
G1 X175.8840 Y82.9716
G1 X175.7888 Y83.0225
G1 X175.6905 Y83.0671
G1 X175.5894 Y83.1051
G1 X175.4861 Y83.1365
G1 X175.3809 Y83.1610
G1 X175.2744 Y83.1786
G1 X175.1670 Y83.1892
G1 X175.0590 Y83.1927
G1 X170.4090
G1 X169.9258 Y82.7094
G1 X170.4090 Y83.1927
G1 Y139.8927
G1 X169.9258 Y140.3760
G1 X170.4090 Y139.8927
G1 X175.0590
G1 X175.1670 Y139.8962
G1 X175.2744 Y139.9068
G1 X175.3809 Y139.9244
G1 X175.4861 Y139.9489
G1 X175.5894 Y139.9803
G1 X175.6905 Y140.0183
G1 X175.7888 Y140.0628
G1 X175.8840 Y140.1137
G1 X175.9757 Y140.1708
G1 X176.0635 Y140.2337
G1 X176.1470 Y140.3021
G1 X176.2258 Y140.3760
G1 X176.2996 Y140.4548
G1 X176.3681 Y140.5382
G1 X176.4310 Y140.6260
G1 X176.4880 Y140.7177
G1 X176.5389 Y140.8129
G1 X176.5834 Y140.9113
G1 X176.6215 Y141.0123
G1 X176.6528 Y141.1156
G1 X176.6773 Y141.2208
G1 X176.6949 Y141.3273
G1 X176.7055 Y141.4348
G1 X176.7090 Y141.5427
G1 Y202.8427
G1 X176.7055 Y202.9506
G1 X176.6949 Y203.0581
G1 X176.6773 Y203.1646
G1 X176.6528 Y203.2697
G1 X176.6215 Y203.3731
G1 X176.5834 Y203.4741
G1 X176.5389 Y203.5725
G1 X176.4880 Y203.6677
G1 X176.4310 Y203.7594
G1 X176.3681 Y203.8471
G1 X176.2996 Y203.9306
G1 X176.2258 Y204.0094
G1 X176.1470 Y204.0832
G1 X176.0635 Y204.1517
G1 X175.9757 Y204.2146
G1 X175.8840 Y204.2716
G1 X175.7888 Y204.3225
G1 X175.6905 Y204.3671
G1 X175.5894 Y204.4051
G1 X175.4861 Y204.4365
G1 X175.3809 Y204.4610
G1 X175.2744 Y204.4786
G1 X175.1670 Y204.4892
G1 X175.0590 Y204.4927
G1 X128.7590
G1 X128.6511 Y204.4892
G1 X128.5437 Y204.4786
G1 X128.4371 Y204.4610
G1 X128.3320 Y204.4365
G1 X128.2287 Y204.4051
G1 X128.1276 Y204.3671
G1 X128.0293 Y204.3225
G1 X127.9340 Y204.2716
G1 X127.8423 Y204.2146
G1 X127.7546 Y204.1517
G1 X127.6711 Y204.0832
G1 X127.5923 Y204.0094
G1 X127.5185 Y203.9306
G1 X127.4500 Y203.8471
G1 X127.3871 Y203.7594
G1 X127.3301 Y203.6677
G1 X127.2792 Y203.5725
G1 X127.2346 Y203.4741
G1 X127.1966 Y203.3731
G1 X127.1653 Y203.2697
G1 X127.1407 Y203.1646
G1 X127.1232 Y203.0581
G1 X127.1126 Y202.9506
G1 X127.1090 Y202.8427
G1 Y198.1927
G1 X127.5923 Y197.7094
G1 X127.1090 Y198.1927
G1 X70.4090
G1 X69.9258 Y197.7094
G1 X70.4090 Y198.1927
G1 Y202.8427
G1 X70.4055 Y202.9506
G1 X70.3949 Y203.0581
G1 X70.3773 Y203.1646
G1 X70.3528 Y203.2697
G1 X70.3215 Y203.3731
G1 X70.2834 Y203.4741
G1 X70.2389 Y203.5725
G1 X70.1880 Y203.6677
G1 X70.1310 Y203.7594
G1 X70.0681 Y203.8471
G1 X69.9996 Y203.9306
G1 X69.9258 Y204.0094
G1 X69.8470 Y204.0832
G1 X69.7635 Y204.1517
G1 X69.6757 Y204.2146
G1 X69.5840 Y204.2716
G1 X69.4888 Y204.3225
G1 X69.3905 Y204.3671
G1 X69.2894 Y204.4051
G1 X69.1861 Y204.4365
G1 X69.0809 Y204.4610
G1 X68.9744 Y204.4786
G1 X68.8670 Y204.4892
G1 X68.7590 Y204.4927
G1 X22.4590
G1 X22.3511 Y204.4892
G1 X22.2437 Y204.4786
G1 X22.1371 Y204.4610
G1 X22.0320 Y204.4365
G1 X21.9287 Y204.4051
G1 X21.8276 Y204.3671
G1 X21.7293 Y204.3225
G1 X21.6340 Y204.2716
G1 X21.5423 Y204.2146
G1 X21.4546 Y204.1517
G1 X21.3711 Y204.0832
G1 X21.2923 Y204.0094
G1 X21.2185 Y203.9306
G1 X21.1500 Y203.8471
G1 X21.0871 Y203.7594
G1 X21.0301 Y203.6677
G1 X20.9792 Y203.5725
G1 X20.9346 Y203.4741
G1 X20.8966 Y203.3731
G1 X20.8653 Y203.2697
G1 X20.8407 Y203.1646
G1 X20.8232 Y203.0581
G1 X20.8126 Y202.9506
G1 X20.8090 Y202.8427
G1 Y20.2427
G1 Z5.5000 F180
G1 X20.8126 Y20.1348 F780
G1 X20.8232 Y20.0273
G1 X20.8407 Y19.9208
G1 X20.8653 Y19.8156
G1 X20.8966 Y19.7123
G1 X20.9346 Y19.6113
G1 X20.9792 Y19.5129
G1 X21.0301 Y19.4177
G1 X21.0871 Y19.3260
G1 X21.1500 Y19.2382
G1 X21.2185 Y19.1548
G1 X21.2923 Y19.0760
G1 X21.3711 Y19.0021
G1 X21.4546 Y18.9337
G1 X21.5423 Y18.8708
G1 X21.6340 Y18.8137
G1 X21.7293 Y18.7628
G1 X21.8276 Y18.7183
G1 X21.9287 Y18.6803
G1 X22.0320 Y18.6489
G1 X22.1371 Y18.6244
G1 X22.2437 Y18.6068
G1 X22.3511 Y18.5962
G1 X22.4590 Y18.5927
G1 X68.7590
G1 X68.8670 Y18.5962
G1 X68.9744 Y18.6068
G1 X69.0809 Y18.6244
G1 X69.1861 Y18.6489
G1 X69.2894 Y18.6803
G1 X69.3905 Y18.7183
G1 X69.4888 Y18.7628
G1 X69.5840 Y18.8137
G1 X69.6757 Y18.8708
G1 X69.7635 Y18.9337
G1 X69.8470 Y19.0021
G1 X69.9258 Y19.0760
G1 X69.9996 Y19.1548
G1 X70.0681 Y19.2382
G1 X70.1310 Y19.3260
G1 X70.1880 Y19.4177
G1 X70.2389 Y19.5129
G1 X70.2834 Y19.6113
G1 X70.3215 Y19.7123
G1 X70.3528 Y19.8156
G1 X70.3773 Y19.9208
G1 X70.3949 Y20.0273
G1 X70.4055 Y20.1348
G1 X70.4090 Y20.2427
G1 Y24.8927
G1 X69.9258 Y25.3760
G1 X70.4090 Y24.8927
G1 X127.1090
G1 X127.5923 Y25.3760
G1 X127.1090 Y24.8927
G1 Y20.2427
G1 X127.1126 Y20.1348
G1 X127.1232 Y20.0273
G1 X127.1407 Y19.9208
G1 X127.1653 Y19.8156
G1 X127.1966 Y19.7123
G1 X127.2346 Y19.6113
G1 X127.2792 Y19.5129
G1 X127.3301 Y19.4177
G1 X127.3871 Y19.3260
G1 X127.4500 Y19.2382
G1 X127.5185 Y19.1548
G1 X127.5923 Y19.0760
G1 X127.6711 Y19.0021
G1 X127.7546 Y18.9337
G1 X127.8423 Y18.8708
G1 X127.9340 Y18.8137
G1 X128.0293 Y18.7628
G1 X128.1276 Y18.7183
G1 X128.2287 Y18.6803
G1 X128.3320 Y18.6489
G1 X128.4371 Y18.6244
G1 X128.5437 Y18.6068
G1 X128.6511 Y18.5962
G1 X128.7590 Y18.5927
G1 X175.0590
G1 X175.1670 Y18.5962
G1 X175.2744 Y18.6068
G1 X175.3809 Y18.6244
G1 X175.4861 Y18.6489
G1 X175.5894 Y18.6803
G1 X175.6905 Y18.7183
G1 X175.7888 Y18.7628
G1 X175.8840 Y18.8137
G1 X175.9757 Y18.8708
G1 X176.0635 Y18.9337
G1 X176.1470 Y19.0021
G1 X176.2258 Y19.0760
G1 X176.2996 Y19.1548
G1 X176.3681 Y19.2382
G1 X176.4310 Y19.3260
G1 X176.4880 Y19.4177
G1 X176.5389 Y19.5129
G1 X176.5834 Y19.6113
G1 X176.6215 Y19.7123
G1 X176.6528 Y19.8156
G1 X176.6773 Y19.9208
G1 X176.6949 Y20.0273
G1 X176.7055 Y20.1348
G1 X176.7090 Y20.2427
G1 Y81.5427
G1 X176.7055 Y81.6506
G1 X176.6949 Y81.7581
G1 X176.6773 Y81.8646
G1 X176.6528 Y81.9697
G1 X176.6215 Y82.0731
G1 X176.5834 Y82.1741
G1 X176.5389 Y82.2725
G1 X176.4880 Y82.3677
G1 X176.4310 Y82.4594
G1 X176.3681 Y82.5471
G1 X176.2996 Y82.6306
G1 X176.2258 Y82.7094
G1 X176.1470 Y82.7832
G1 X176.0635 Y82.8517
G1 X175.9757 Y82.9146
G1 X175.8840 Y82.9716
G1 X175.7888 Y83.0225
G1 X175.6905 Y83.0671
G1 X175.5894 Y83.1051
G1 X175.4861 Y83.1365
G1 X175.3809 Y83.1610
G1 X175.2744 Y83.1786
G1 X175.1670 Y83.1892
G1 X175.0590 Y83.1927
G1 X170.4090
G1 X169.9258 Y82.7094
G1 X170.4090 Y83.1927
G1 Y139.8927
G1 X169.9258 Y140.3760
G1 X170.4090 Y139.8927
G1 X175.0590
G1 X175.1670 Y139.8962
G1 X175.2744 Y139.9068
G1 X175.3809 Y139.9244
G1 X175.4861 Y139.9489
G1 X175.5894 Y139.9803
G1 X175.6905 Y140.0183
G1 X175.7888 Y140.0628
G1 X175.8840 Y140.1137
G1 X175.9757 Y140.1708
G1 X176.0635 Y140.2337
G1 X176.1470 Y140.3021
G1 X176.2258 Y140.3760
G1 X176.2996 Y140.4548
G1 X176.3681 Y140.5382
G1 X176.4310 Y140.6260
G1 X176.4880 Y140.7177
G1 X176.5389 Y140.8129
G1 X176.5834 Y140.9113
G1 X176.6215 Y141.0123
G1 X176.6528 Y141.1156
G1 X176.6773 Y141.2208
G1 X176.6949 Y141.3273
G1 X176.7055 Y141.4348
G1 X176.7090 Y141.5427
G1 Y202.8427
G1 X176.7055 Y202.9506
G1 X176.6949 Y203.0581
G1 X176.6773 Y203.1646
G1 X176.6528 Y203.2697
G1 X176.6215 Y203.3731
G1 X176.5834 Y203.4741
G1 X176.5389 Y203.5725
G1 X176.4880 Y203.6677
G1 X176.4310 Y203.7594
G1 X176.3681 Y203.8471
G1 X176.2996 Y203.9306
G1 X176.2258 Y204.0094
G1 X176.1470 Y204.0832
G1 X176.0635 Y204.1517
G1 X175.9757 Y204.2146
G1 X175.8840 Y204.2716
G1 X175.7888 Y204.3225
G1 X175.6905 Y204.3671
G1 X175.5894 Y204.4051
G1 X175.4861 Y204.4365
G1 X175.3809 Y204.4610
G1 X175.2744 Y204.4786
G1 X175.1670 Y204.4892
G1 X175.0590 Y204.4927
G1 X128.7590
G1 X128.6511 Y204.4892
G1 X128.5437 Y204.4786
G1 X128.4371 Y204.4610
G1 X128.3320 Y204.4365
G1 X128.2287 Y204.4051
G1 X128.1276 Y204.3671
G1 X128.0293 Y204.3225
G1 X127.9340 Y204.2716
G1 X127.8423 Y204.2146
G1 X127.7546 Y204.1517
G1 X127.6711 Y204.0832
G1 X127.5923 Y204.0094
G1 X127.5185 Y203.9306
G1 X127.4500 Y203.8471
G1 X127.3871 Y203.7594
G1 X127.3301 Y203.6677
G1 X127.2792 Y203.5725
G1 X127.2346 Y203.4741
G1 X127.1966 Y203.3731
G1 X127.1653 Y203.2697
G1 X127.1407 Y203.1646
G1 X127.1232 Y203.0581
G1 X127.1126 Y202.9506
G1 X127.1090 Y202.8427
G1 Y198.1927
G1 X127.5923 Y197.7094
G1 X127.1090 Y198.1927
G1 X70.4090
G1 X69.9258 Y197.7094
G1 X70.4090 Y198.1927
G1 Y202.8427
G1 X70.4055 Y202.9506
G1 X70.3949 Y203.0581
G1 X70.3773 Y203.1646
G1 X70.3528 Y203.2697
G1 X70.3215 Y203.3731
G1 X70.2834 Y203.4741
G1 X70.2389 Y203.5725
G1 X70.1880 Y203.6677
G1 X70.1310 Y203.7594
G1 X70.0681 Y203.8471
G1 X69.9996 Y203.9306
G1 X69.9258 Y204.0094
G1 X69.8470 Y204.0832
G1 X69.7635 Y204.1517
G1 X69.6757 Y204.2146
G1 X69.5840 Y204.2716
G1 X69.4888 Y204.3225
G1 X69.3905 Y204.3671
G1 X69.2894 Y204.4051
G1 X69.1861 Y204.4365
G1 X69.0809 Y204.4610
G1 X68.9744 Y204.4786
G1 X68.8670 Y204.4892
G1 X68.7590 Y204.4927
G1 X22.4590
G1 X22.3511 Y204.4892
G1 X22.2437 Y204.4786
G1 X22.1371 Y204.4610
G1 X22.0320 Y204.4365
G1 X21.9287 Y204.4051
G1 X21.8276 Y204.3671
G1 X21.7293 Y204.3225
G1 X21.6340 Y204.2716
G1 X21.5423 Y204.2146
G1 X21.4546 Y204.1517
G1 X21.3711 Y204.0832
G1 X21.2923 Y204.0094
G1 X21.2185 Y203.9306
G1 X21.1500 Y203.8471
G1 X21.0871 Y203.7594
G1 X21.0301 Y203.6677
G1 X20.9792 Y203.5725
G1 X20.9346 Y203.4741
G1 X20.8966 Y203.3731
G1 X20.8653 Y203.2697
G1 X20.8407 Y203.1646
G1 X20.8232 Y203.0581
G1 X20.8126 Y202.9506
G1 X20.8090 Y202.8427
G1 Y20.2427
G1 Z6.0000 F180
G1 X20.8126 Y20.1348 F780
G1 X20.8232 Y20.0273
G1 X20.8407 Y19.9208
G1 X20.8653 Y19.8156
G1 X20.8966 Y19.7123
G1 X20.9346 Y19.6113
G1 X20.9792 Y19.5129
G1 X21.0301 Y19.4177
G1 X21.0871 Y19.3260
G1 X21.1500 Y19.2382
G1 X21.2185 Y19.1548
G1 X21.2923 Y19.0760
G1 X21.3711 Y19.0021
G1 X21.4546 Y18.9337
G1 X21.5423 Y18.8708
G1 X21.6340 Y18.8137
G1 X21.7293 Y18.7628
G1 X21.8276 Y18.7183
G1 X21.9287 Y18.6803
G1 X22.0320 Y18.6489
G1 X22.1371 Y18.6244
G1 X22.2437 Y18.6068
G1 X22.3511 Y18.5962
G1 X22.4590 Y18.5927
G1 X68.7590
G1 X68.8670 Y18.5962
G1 X68.9744 Y18.6068
G1 X69.0809 Y18.6244
G1 X69.1861 Y18.6489
G1 X69.2894 Y18.6803
G1 X69.3905 Y18.7183
G1 X69.4888 Y18.7628
G1 X69.5840 Y18.8137
G1 X69.6757 Y18.8708
G1 X69.7635 Y18.9337
G1 X69.8470 Y19.0021
G1 X69.9258 Y19.0760
G1 X69.9996 Y19.1548
G1 X70.0681 Y19.2382
G1 X70.1310 Y19.3260
G1 X70.1880 Y19.4177
G1 X70.2389 Y19.5129
G1 X70.2834 Y19.6113
G1 X70.3215 Y19.7123
G1 X70.3528 Y19.8156
G1 X70.3773 Y19.9208
G1 X70.3949 Y20.0273
G1 X70.4055 Y20.1348
G1 X70.4090 Y20.2427
G1 Y24.8927
G1 X69.9258 Y25.3760
G1 X70.4090 Y24.8927
G1 X127.1090
G1 X127.5923 Y25.3760
G1 X127.1090 Y24.8927
G1 Y20.2427
G1 X127.1126 Y20.1348
G1 X127.1232 Y20.0273
G1 X127.1407 Y19.9208
G1 X127.1653 Y19.8156
G1 X127.1966 Y19.7123
G1 X127.2346 Y19.6113
G1 X127.2792 Y19.5129
G1 X127.3301 Y19.4177
G1 X127.3871 Y19.3260
G1 X127.4500 Y19.2382
G1 X127.5185 Y19.1548
G1 X127.5923 Y19.0760
G1 X127.6711 Y19.0021
G1 X127.7546 Y18.9337
G1 X127.8423 Y18.8708
G1 X127.9340 Y18.8137
G1 X128.0293 Y18.7628
G1 X128.1276 Y18.7183
G1 X128.2287 Y18.6803
G1 X128.3320 Y18.6489
G1 X128.4371 Y18.6244
G1 X128.5437 Y18.6068
G1 X128.6511 Y18.5962
G1 X128.7590 Y18.5927
G1 X175.0590
G1 X175.1670 Y18.5962
G1 X175.2744 Y18.6068
G1 X175.3809 Y18.6244
G1 X175.4861 Y18.6489
G1 X175.5894 Y18.6803
G1 X175.6905 Y18.7183
G1 X175.7888 Y18.7628
G1 X175.8840 Y18.8137
G1 X175.9757 Y18.8708
G1 X176.0635 Y18.9337
G1 X176.1470 Y19.0021
G1 X176.2258 Y19.0760
G1 X176.2996 Y19.1548
G1 X176.3681 Y19.2382
G1 X176.4310 Y19.3260
G1 X176.4880 Y19.4177
G1 X176.5389 Y19.5129
G1 X176.5834 Y19.6113
G1 X176.6215 Y19.7123
G1 X176.6528 Y19.8156
G1 X176.6773 Y19.9208
G1 X176.6949 Y20.0273
G1 X176.7055 Y20.1348
G1 X176.7090 Y20.2427
G1 Y81.5427
G1 X176.7055 Y81.6506
G1 X176.6949 Y81.7581
G1 X176.6773 Y81.8646
G1 X176.6528 Y81.9697
G1 X176.6215 Y82.0731
G1 X176.5834 Y82.1741
G1 X176.5389 Y82.2725
G1 X176.4880 Y82.3677
G1 X176.4310 Y82.4594
G1 X176.3681 Y82.5471
G1 X176.2996 Y82.6306
G1 X176.2258 Y82.7094
G1 X176.1470 Y82.7832
G1 X176.0635 Y82.8517
G1 X175.9757 Y82.9146
G1 X175.8840 Y82.9716
G1 X175.7888 Y83.0225
G1 X175.6905 Y83.0671
G1 X175.5894 Y83.1051
G1 X175.4861 Y83.1365
G1 X175.3809 Y83.1610
G1 X175.2744 Y83.1786
G1 X175.1670 Y83.1892
G1 X175.0590 Y83.1927
G1 X170.4090
G1 X169.9258 Y82.7094
G1 X170.4090 Y83.1927
G1 Y139.8927
G1 X169.9258 Y140.3760
G1 X170.4090 Y139.8927
G1 X175.0590
G1 X175.1670 Y139.8962
G1 X175.2744 Y139.9068
G1 X175.3809 Y139.9244
G1 X175.4861 Y139.9489
G1 X175.5894 Y139.9803
G1 X175.6905 Y140.0183
G1 X175.7888 Y140.0628
G1 X175.8840 Y140.1137
G1 X175.9757 Y140.1708
G1 X176.0635 Y140.2337
G1 X176.1470 Y140.3021
G1 X176.2258 Y140.3760
G1 X176.2996 Y140.4548
G1 X176.3681 Y140.5382
G1 X176.4310 Y140.6260
G1 X176.4880 Y140.7177
G1 X176.5389 Y140.8129
G1 X176.5834 Y140.9113
G1 X176.6215 Y141.0123
G1 X176.6528 Y141.1156
G1 X176.6773 Y141.2208
G1 X176.6949 Y141.3273
G1 X176.7055 Y141.4348
G1 X176.7090 Y141.5427
G1 Y202.8427
G1 X176.7055 Y202.9506
G1 X176.6949 Y203.0581
G1 X176.6773 Y203.1646
G1 X176.6528 Y203.2697
G1 X176.6215 Y203.3731
G1 X176.5834 Y203.4741
G1 X176.5389 Y203.5725
G1 X176.4880 Y203.6677
G1 X176.4310 Y203.7594
G1 X176.3681 Y203.8471
G1 X176.2996 Y203.9306
G1 X176.2258 Y204.0094
G1 X176.1470 Y204.0832
G1 X176.0635 Y204.1517
G1 X175.9757 Y204.2146
G1 X175.8840 Y204.2716
G1 X175.7888 Y204.3225
G1 X175.6905 Y204.3671
G1 X175.5894 Y204.4051
G1 X175.4861 Y204.4365
G1 X175.3809 Y204.4610
G1 X175.2744 Y204.4786
G1 X175.1670 Y204.4892
G1 X175.0590 Y204.4927
G1 X128.7590
G1 X128.6511 Y204.4892
G1 X128.5437 Y204.4786
G1 X128.4371 Y204.4610
G1 X128.3320 Y204.4365
G1 X128.2287 Y204.4051
G1 X128.1276 Y204.3671
G1 X128.0293 Y204.3225
G1 X127.9340 Y204.2716
G1 X127.8423 Y204.2146
G1 X127.7546 Y204.1517
G1 X127.6711 Y204.0832
G1 X127.5923 Y204.0094
G1 X127.5185 Y203.9306
G1 X127.4500 Y203.8471
G1 X127.3871 Y203.7594
G1 X127.3301 Y203.6677
G1 X127.2792 Y203.5725
G1 X127.2346 Y203.4741
G1 X127.1966 Y203.3731
G1 X127.1653 Y203.2697
G1 X127.1407 Y203.1646
G1 X127.1232 Y203.0581
G1 X127.1126 Y202.9506
G1 X127.1090 Y202.8427
G1 Y198.1927
G1 X127.5923 Y197.7094
G1 X127.1090 Y198.1927
G1 X70.4090
G1 X69.9258 Y197.7094
G1 X70.4090 Y198.1927
G1 Y202.8427
G1 X70.4055 Y202.9506
G1 X70.3949 Y203.0581
G1 X70.3773 Y203.1646
G1 X70.3528 Y203.2697
G1 X70.3215 Y203.3731
G1 X70.2834 Y203.4741
G1 X70.2389 Y203.5725
G1 X70.1880 Y203.6677
G1 X70.1310 Y203.7594
G1 X70.0681 Y203.8471
G1 X69.9996 Y203.9306
G1 X69.9258 Y204.0094
G1 X69.8470 Y204.0832
G1 X69.7635 Y204.1517
G1 X69.6757 Y204.2146
G1 X69.5840 Y204.2716
G1 X69.4888 Y204.3225
G1 X69.3905 Y204.3671
G1 X69.2894 Y204.4051
G1 X69.1861 Y204.4365
G1 X69.0809 Y204.4610
G1 X68.9744 Y204.4786
G1 X68.8670 Y204.4892
G1 X68.7590 Y204.4927
G1 X22.4590
G1 X22.3511 Y204.4892
G1 X22.2437 Y204.4786
G1 X22.1371 Y204.4610
G1 X22.0320 Y204.4365
G1 X21.9287 Y204.4051
G1 X21.8276 Y204.3671
G1 X21.7293 Y204.3225
G1 X21.6340 Y204.2716
G1 X21.5423 Y204.2146
G1 X21.4546 Y204.1517
G1 X21.3711 Y204.0832
G1 X21.2923 Y204.0094
G1 X21.2185 Y203.9306
G1 X21.1500 Y203.8471
G1 X21.0871 Y203.7594
G1 X21.0301 Y203.6677
G1 X20.9792 Y203.5725
G1 X20.9346 Y203.4741
G1 X20.8966 Y203.3731
G1 X20.8653 Y203.2697
G1 X20.8407 Y203.1646
G1 X20.8232 Y203.0581
G1 X20.8126 Y202.9506
G1 X20.8090 Y202.8427
G1 Y20.2427
G1 Z6.5000 F180
G1 X20.8126 Y20.1348 F780
G1 X20.8232 Y20.0273
G1 X20.8407 Y19.9208
G1 X20.8653 Y19.8156
G1 X20.8966 Y19.7123
G1 X20.9346 Y19.6113
G1 X20.9792 Y19.5129
G1 X21.0301 Y19.4177
G1 X21.0871 Y19.3260
G1 X21.1500 Y19.2382
G1 X21.2185 Y19.1548
G1 X21.2923 Y19.0760
G1 X21.3711 Y19.0021
G1 X21.4546 Y18.9337
G1 X21.5423 Y18.8708
G1 X21.6340 Y18.8137
G1 X21.7293 Y18.7628
G1 X21.8276 Y18.7183
G1 X21.9287 Y18.6803
G1 X22.0320 Y18.6489
G1 X22.1371 Y18.6244
G1 X22.2437 Y18.6068
G1 X22.3511 Y18.5962
G1 X22.4590 Y18.5927
G1 X68.7590
G1 X68.8670 Y18.5962
G1 X68.9744 Y18.6068
G1 X69.0809 Y18.6244
G1 X69.1861 Y18.6489
G1 X69.2894 Y18.6803
G1 X69.3905 Y18.7183
G1 X69.4888 Y18.7628
G1 X69.5840 Y18.8137
G1 X69.6757 Y18.8708
G1 X69.7635 Y18.9337
G1 X69.8470 Y19.0021
G1 X69.9258 Y19.0760
G1 X69.9996 Y19.1548
G1 X70.0681 Y19.2382
G1 X70.1310 Y19.3260
G1 X70.1880 Y19.4177
G1 X70.2389 Y19.5129
G1 X70.2834 Y19.6113
G1 X70.3215 Y19.7123
G1 X70.3528 Y19.8156
G1 X70.3773 Y19.9208
G1 X70.3949 Y20.0273
G1 X70.4055 Y20.1348
G1 X70.4090 Y20.2427
G1 Y24.8927
G1 X69.9258 Y25.3760
G1 X70.4090 Y24.8927
G1 X127.1090
G1 X127.5923 Y25.3760
G1 X127.1090 Y24.8927
G1 Y20.2427
G1 X127.1126 Y20.1348
G1 X127.1232 Y20.0273
G1 X127.1407 Y19.9208
G1 X127.1653 Y19.8156
G1 X127.1966 Y19.7123
G1 X127.2346 Y19.6113
G1 X127.2792 Y19.5129
G1 X127.3301 Y19.4177
G1 X127.3871 Y19.3260
G1 X127.4500 Y19.2382
G1 X127.5185 Y19.1548
G1 X127.5923 Y19.0760
G1 X127.6711 Y19.0021
G1 X127.7546 Y18.9337
G1 X127.8423 Y18.8708
G1 X127.9340 Y18.8137
G1 X128.0293 Y18.7628
G1 X128.1276 Y18.7183
G1 X128.2287 Y18.6803
G1 X128.3320 Y18.6489
G1 X128.4371 Y18.6244
G1 X128.5437 Y18.6068
G1 X128.6511 Y18.5962
G1 X128.7590 Y18.5927
G1 X175.0590
G1 X175.1670 Y18.5962
G1 X175.2744 Y18.6068
G1 X175.3809 Y18.6244
G1 X175.4861 Y18.6489
G1 X175.5894 Y18.6803
G1 X175.6905 Y18.7183
G1 X175.7888 Y18.7628
G1 X175.8840 Y18.8137
G1 X175.9757 Y18.8708
G1 X176.0635 Y18.9337
G1 X176.1470 Y19.0021
G1 X176.2258 Y19.0760
G1 X176.2996 Y19.1548
G1 X176.3681 Y19.2382
G1 X176.4310 Y19.3260
G1 X176.4880 Y19.4177
G1 X176.5389 Y19.5129
G1 X176.5834 Y19.6113
G1 X176.6215 Y19.7123
G1 X176.6528 Y19.8156
G1 X176.6773 Y19.9208
G1 X176.6949 Y20.0273
G1 X176.7055 Y20.1348
G1 X176.7090 Y20.2427
G1 Y81.5427
G1 X176.7055 Y81.6506
G1 X176.6949 Y81.7581
G1 X176.6773 Y81.8646
G1 X176.6528 Y81.9697
G1 X176.6215 Y82.0731
G1 X176.5834 Y82.1741
G1 X176.5389 Y82.2725
G1 X176.4880 Y82.3677
G1 X176.4310 Y82.4594
G1 X176.3681 Y82.5471
G1 X176.2996 Y82.6306
G1 X176.2258 Y82.7094
G1 X176.1470 Y82.7832
G1 X176.0635 Y82.8517
G1 X175.9757 Y82.9146
G1 X175.8840 Y82.9716
G1 X175.7888 Y83.0225
G1 X175.6905 Y83.0671
G1 X175.5894 Y83.1051
G1 X175.4861 Y83.1365
G1 X175.3809 Y83.1610
G1 X175.2744 Y83.1786
G1 X175.1670 Y83.1892
G1 X175.0590 Y83.1927
G1 X170.4090
G1 X169.9258 Y82.7094
G1 X170.4090 Y83.1927
G1 Y139.8927
G1 X169.9258 Y140.3760
G1 X170.4090 Y139.8927
G1 X175.0590
G1 X175.1670 Y139.8962
G1 X175.2744 Y139.9068
G1 X175.3809 Y139.9244
G1 X175.4861 Y139.9489
G1 X175.5894 Y139.9803
G1 X175.6905 Y140.0183
G1 X175.7888 Y140.0628
G1 X175.8840 Y140.1137
G1 X175.9757 Y140.1708
G1 X176.0635 Y140.2337
G1 X176.1470 Y140.3021
G1 X176.2258 Y140.3760
G1 X176.2996 Y140.4548
G1 X176.3681 Y140.5382
G1 X176.4310 Y140.6260
G1 X176.4880 Y140.7177
G1 X176.5389 Y140.8129
G1 X176.5834 Y140.9113
G1 X176.6215 Y141.0123
G1 X176.6528 Y141.1156
G1 X176.6773 Y141.2208
G1 X176.6949 Y141.3273
G1 X176.7055 Y141.4348
G1 X176.7090 Y141.5427
G1 Y202.8427
G1 X176.7055 Y202.9506
G1 X176.6949 Y203.0581
G1 X176.6773 Y203.1646
G1 X176.6528 Y203.2697
G1 X176.6215 Y203.3731
G1 X176.5834 Y203.4741
G1 X176.5389 Y203.5725
G1 X176.4880 Y203.6677
G1 X176.4310 Y203.7594
G1 X176.3681 Y203.8471
G1 X176.2996 Y203.9306
G1 X176.2258 Y204.0094
G1 X176.1470 Y204.0832
G1 X176.0635 Y204.1517
G1 X175.9757 Y204.2146
G1 X175.8840 Y204.2716
G1 X175.7888 Y204.3225
G1 X175.6905 Y204.3671
G1 X175.5894 Y204.4051
G1 X175.4861 Y204.4365
G1 X175.3809 Y204.4610
G1 X175.2744 Y204.4786
G1 X175.1670 Y204.4892
G1 X175.0590 Y204.4927
G1 X128.7590
G1 X128.6511 Y204.4892
G1 X128.5437 Y204.4786
G1 X128.4371 Y204.4610
G1 X128.3320 Y204.4365
G1 X128.2287 Y204.4051
G1 X128.1276 Y204.3671
G1 X128.0293 Y204.3225
G1 X127.9340 Y204.2716
G1 X127.8423 Y204.2146
G1 X127.7546 Y204.1517
G1 X127.6711 Y204.0832
G1 X127.5923 Y204.0094
G1 X127.5185 Y203.9306
G1 X127.4500 Y203.8471
G1 X127.3871 Y203.7594
G1 X127.3301 Y203.6677
G1 X127.2792 Y203.5725
G1 X127.2346 Y203.4741
G1 X127.1966 Y203.3731
G1 X127.1653 Y203.2697
G1 X127.1407 Y203.1646
G1 X127.1232 Y203.0581
G1 X127.1126 Y202.9506
G1 X127.1090 Y202.8427
G1 Y198.1927
G1 X127.5923 Y197.7094
G1 X127.1090 Y198.1927
G1 X70.4090
G1 X69.9258 Y197.7094
G1 X70.4090 Y198.1927
G1 Y202.8427
G1 X70.4055 Y202.9506
G1 X70.3949 Y203.0581
G1 X70.3773 Y203.1646
G1 X70.3528 Y203.2697
G1 X70.3215 Y203.3731
G1 X70.2834 Y203.4741
G1 X70.2389 Y203.5725
G1 X70.1880 Y203.6677
G1 X70.1310 Y203.7594
G1 X70.0681 Y203.8471
G1 X69.9996 Y203.9306
G1 X69.9258 Y204.0094
G1 X69.8470 Y204.0832
G1 X69.7635 Y204.1517
G1 X69.6757 Y204.2146
G1 X69.5840 Y204.2716
G1 X69.4888 Y204.3225
G1 X69.3905 Y204.3671
G1 X69.2894 Y204.4051
G1 X69.1861 Y204.4365
G1 X69.0809 Y204.4610
G1 X68.9744 Y204.4786
G1 X68.8670 Y204.4892
G1 X68.7590 Y204.4927
G1 X22.4590
G1 X22.3511 Y204.4892
G1 X22.2437 Y204.4786
G1 X22.1371 Y204.4610
G1 X22.0320 Y204.4365
G1 X21.9287 Y204.4051
G1 X21.8276 Y204.3671
G1 X21.7293 Y204.3225
G1 X21.6340 Y204.2716
G1 X21.5423 Y204.2146
G1 X21.4546 Y204.1517
G1 X21.3711 Y204.0832
G1 X21.2923 Y204.0094
G1 X21.2185 Y203.9306
G1 X21.1500 Y203.8471
G1 X21.0871 Y203.7594
G1 X21.0301 Y203.6677
G1 X20.9792 Y203.5725
G1 X20.9346 Y203.4741
G1 X20.8966 Y203.3731
G1 X20.8653 Y203.2697
G1 X20.8407 Y203.1646
G1 X20.8232 Y203.0581
G1 X20.8126 Y202.9506
G1 X20.8090 Y202.8427
G1 Y20.2427
G1 Z7.0000 F180
G1 X20.8126 Y20.1348 F780
G1 X20.8232 Y20.0273
G1 X20.8407 Y19.9208
G1 X20.8653 Y19.8156
G1 X20.8966 Y19.7123
G1 X20.9346 Y19.6113
G1 X20.9792 Y19.5129
G1 X21.0301 Y19.4177
G1 X21.0871 Y19.3260
G1 X21.1500 Y19.2382
G1 X21.2185 Y19.1548
G1 X21.2923 Y19.0760
G1 X21.3711 Y19.0021
G1 X21.4546 Y18.9337
G1 X21.5423 Y18.8708
G1 X21.6340 Y18.8137
G1 X21.7293 Y18.7628
G1 X21.8276 Y18.7183
G1 X21.9287 Y18.6803
G1 X22.0320 Y18.6489
G1 X22.1371 Y18.6244
G1 X22.2437 Y18.6068
G1 X22.3511 Y18.5962
G1 X22.4590 Y18.5927
G1 X68.7590
G1 X68.8670 Y18.5962
G1 X68.9744 Y18.6068
G1 X69.0809 Y18.6244
G1 X69.1861 Y18.6489
G1 X69.2894 Y18.6803
G1 X69.3905 Y18.7183
G1 X69.4888 Y18.7628
G1 X69.5840 Y18.8137
G1 X69.6757 Y18.8708
G1 X69.7635 Y18.9337
G1 X69.8470 Y19.0021
G1 X69.9258 Y19.0760
G1 X69.9996 Y19.1548
G1 X70.0681 Y19.2382
G1 X70.1310 Y19.3260
G1 X70.1880 Y19.4177
G1 X70.2389 Y19.5129
G1 X70.2834 Y19.6113
G1 X70.3215 Y19.7123
G1 X70.3528 Y19.8156
G1 X70.3773 Y19.9208
G1 X70.3949 Y20.0273
G1 X70.4055 Y20.1348
G1 X70.4090 Y20.2427
G1 Y24.8927
G1 X69.9258 Y25.3760
G1 X70.4090 Y24.8927
G1 X127.1090
G1 X127.5923 Y25.3760
G1 X127.1090 Y24.8927
G1 Y20.2427
G1 X127.1126 Y20.1348
G1 X127.1232 Y20.0273
G1 X127.1407 Y19.9208
G1 X127.1653 Y19.8156
G1 X127.1966 Y19.7123
G1 X127.2346 Y19.6113
G1 X127.2792 Y19.5129
G1 X127.3301 Y19.4177
G1 X127.3871 Y19.3260
G1 X127.4500 Y19.2382
G1 X127.5185 Y19.1548
G1 X127.5923 Y19.0760
G1 X127.6711 Y19.0021
G1 X127.7546 Y18.9337
G1 X127.8423 Y18.8708
G1 X127.9340 Y18.8137
G1 X128.0293 Y18.7628
G1 X128.1276 Y18.7183
G1 X128.2287 Y18.6803
G1 X128.3320 Y18.6489
G1 X128.4371 Y18.6244
G1 X128.5437 Y18.6068
G1 X128.6511 Y18.5962
G1 X128.7590 Y18.5927
G1 X175.0590
G1 X175.1670 Y18.5962
G1 X175.2744 Y18.6068
G1 X175.3809 Y18.6244
G1 X175.4861 Y18.6489
G1 X175.5894 Y18.6803
G1 X175.6905 Y18.7183
G1 X175.7888 Y18.7628
G1 X175.8840 Y18.8137
G1 X175.9757 Y18.8708
G1 X176.0635 Y18.9337
G1 X176.1470 Y19.0021
G1 X176.2258 Y19.0760
G1 X176.2996 Y19.1548
G1 X176.3681 Y19.2382
G1 X176.4310 Y19.3260
G1 X176.4880 Y19.4177
G1 X176.5389 Y19.5129
G1 X176.5834 Y19.6113
G1 X176.6215 Y19.7123
G1 X176.6528 Y19.8156
G1 X176.6773 Y19.9208
G1 X176.6949 Y20.0273
G1 X176.7055 Y20.1348
G1 X176.7090 Y20.2427
G1 Y81.5427
G1 X176.7055 Y81.6506
G1 X176.6949 Y81.7581
G1 X176.6773 Y81.8646
G1 X176.6528 Y81.9697
G1 X176.6215 Y82.0731
G1 X176.5834 Y82.1741
G1 X176.5389 Y82.2725
G1 X176.4880 Y82.3677
G1 X176.4310 Y82.4594
G1 X176.3681 Y82.5471
G1 X176.2996 Y82.6306
G1 X176.2258 Y82.7094
G1 X176.1470 Y82.7832
G1 X176.0635 Y82.8517
G1 X175.9757 Y82.9146
G1 X175.8840 Y82.9716
G1 X175.7888 Y83.0225
G1 X175.6905 Y83.0671
G1 X175.5894 Y83.1051
G1 X175.4861 Y83.1365
G1 X175.3809 Y83.1610
G1 X175.2744 Y83.1786
G1 X175.1670 Y83.1892
G1 X175.0590 Y83.1927
G1 X170.4090
G1 X169.9258 Y82.7094
G1 X170.4090 Y83.1927
G1 Y139.8927
G1 X169.9258 Y140.3760
G1 X170.4090 Y139.8927
G1 X175.0590
G1 X175.1670 Y139.8962
G1 X175.2744 Y139.9068
G1 X175.3809 Y139.9244
G1 X175.4861 Y139.9489
G1 X175.5894 Y139.9803
G1 X175.6905 Y140.0183
G1 X175.7888 Y140.0628
G1 X175.8840 Y140.1137
G1 X175.9757 Y140.1708
G1 X176.0635 Y140.2337
G1 X176.1470 Y140.3021
G1 X176.2258 Y140.3760
G1 X176.2996 Y140.4548
G1 X176.3681 Y140.5382
G1 X176.4310 Y140.6260
G1 X176.4880 Y140.7177
G1 X176.5389 Y140.8129
G1 X176.5834 Y140.9113
G1 X176.6215 Y141.0123
G1 X176.6528 Y141.1156
G1 X176.6773 Y141.2208
G1 X176.6949 Y141.3273
G1 X176.7055 Y141.4348
G1 X176.7090 Y141.5427
G1 Y202.8427
G1 X176.7055 Y202.9506
G1 X176.6949 Y203.0581
G1 X176.6773 Y203.1646
G1 X176.6528 Y203.2697
G1 X176.6215 Y203.3731
G1 X176.5834 Y203.4741
G1 X176.5389 Y203.5725
G1 X176.4880 Y203.6677
G1 X176.4310 Y203.7594
G1 X176.3681 Y203.8471
G1 X176.2996 Y203.9306
G1 X176.2258 Y204.0094
G1 X176.1470 Y204.0832
G1 X176.0635 Y204.1517
G1 X175.9757 Y204.2146
G1 X175.8840 Y204.2716
G1 X175.7888 Y204.3225
G1 X175.6905 Y204.3671
G1 X175.5894 Y204.4051
G1 X175.4861 Y204.4365
G1 X175.3809 Y204.4610
G1 X175.2744 Y204.4786
G1 X175.1670 Y204.4892
G1 X175.0590 Y204.4927
G1 X128.7590
G1 X128.6511 Y204.4892
G1 X128.5437 Y204.4786
G1 X128.4371 Y204.4610
G1 X128.3320 Y204.4365
G1 X128.2287 Y204.4051
G1 X128.1276 Y204.3671
G1 X128.0293 Y204.3225
G1 X127.9340 Y204.2716
G1 X127.8423 Y204.2146
G1 X127.7546 Y204.1517
G1 X127.6711 Y204.0832
G1 X127.5923 Y204.0094
G1 X127.5185 Y203.9306
G1 X127.4500 Y203.8471
G1 X127.3871 Y203.7594
G1 X127.3301 Y203.6677
G1 X127.2792 Y203.5725
G1 X127.2346 Y203.4741
G1 X127.1966 Y203.3731
G1 X127.1653 Y203.2697
G1 X127.1407 Y203.1646
G1 X127.1232 Y203.0581
G1 X127.1126 Y202.9506
G1 X127.1090 Y202.8427
G1 Y198.1927
G1 X127.5923 Y197.7094
G1 X127.1090 Y198.1927
G1 X70.4090
G1 X69.9258 Y197.7094
G1 X70.4090 Y198.1927
G1 Y202.8427
G1 X70.4055 Y202.9506
G1 X70.3949 Y203.0581
G1 X70.3773 Y203.1646
G1 X70.3528 Y203.2697
G1 X70.3215 Y203.3731
G1 X70.2834 Y203.4741
G1 X70.2389 Y203.5725
G1 X70.1880 Y203.6677
G1 X70.1310 Y203.7594
G1 X70.0681 Y203.8471
G1 X69.9996 Y203.9306
G1 X69.9258 Y204.0094
G1 X69.8470 Y204.0832
G1 X69.7635 Y204.1517
G1 X69.6757 Y204.2146
G1 X69.5840 Y204.2716
G1 X69.4888 Y204.3225
G1 X69.3905 Y204.3671
G1 X69.2894 Y204.4051
G1 X69.1861 Y204.4365
G1 X69.0809 Y204.4610
G1 X68.9744 Y204.4786
G1 X68.8670 Y204.4892
G1 X68.7590 Y204.4927
G1 X22.4590
G1 X22.3511 Y204.4892
G1 X22.2437 Y204.4786
G1 X22.1371 Y204.4610
G1 X22.0320 Y204.4365
G1 X21.9287 Y204.4051
G1 X21.8276 Y204.3671
G1 X21.7293 Y204.3225
G1 X21.6340 Y204.2716
G1 X21.5423 Y204.2146
G1 X21.4546 Y204.1517
G1 X21.3711 Y204.0832
G1 X21.2923 Y204.0094
G1 X21.2185 Y203.9306
G1 X21.1500 Y203.8471
G1 X21.0871 Y203.7594
G1 X21.0301 Y203.6677
G1 X20.9792 Y203.5725
G1 X20.9346 Y203.4741
G1 X20.8966 Y203.3731
G1 X20.8653 Y203.2697
G1 X20.8407 Y203.1646
G1 X20.8232 Y203.0581
G1 X20.8126 Y202.9506
G1 X20.8090 Y202.8427
G1 Y20.2427
G1 Z7.5000 F180
G1 X20.8126 Y20.1348 F780
G1 X20.8232 Y20.0273
G1 X20.8407 Y19.9208
G1 X20.8653 Y19.8156
G1 X20.8966 Y19.7123
G1 X20.9346 Y19.6113
G1 X20.9792 Y19.5129
G1 X21.0301 Y19.4177
G1 X21.0871 Y19.3260
G1 X21.1500 Y19.2382
G1 X21.2185 Y19.1548
G1 X21.2923 Y19.0760
G1 X21.3711 Y19.0021
G1 X21.4546 Y18.9337
G1 X21.5423 Y18.8708
G1 X21.6340 Y18.8137
G1 X21.7293 Y18.7628
G1 X21.8276 Y18.7183
G1 X21.9287 Y18.6803
G1 X22.0320 Y18.6489
G1 X22.1371 Y18.6244
G1 X22.2437 Y18.6068
G1 X22.3511 Y18.5962
G1 X22.4590 Y18.5927
G1 X68.7590
G1 X68.8670 Y18.5962
G1 X68.9744 Y18.6068
G1 X69.0809 Y18.6244
G1 X69.1861 Y18.6489
G1 X69.2894 Y18.6803
G1 X69.3905 Y18.7183
G1 X69.4888 Y18.7628
G1 X69.5840 Y18.8137
G1 X69.6757 Y18.8708
G1 X69.7635 Y18.9337
G1 X69.8470 Y19.0021
G1 X69.9258 Y19.0760
G1 X69.9996 Y19.1548
G1 X70.0681 Y19.2382
G1 X70.1310 Y19.3260
G1 X70.1880 Y19.4177
G1 X70.2389 Y19.5129
G1 X70.2834 Y19.6113
G1 X70.3215 Y19.7123
G1 X70.3528 Y19.8156
G1 X70.3773 Y19.9208
G1 X70.3949 Y20.0273
G1 X70.4055 Y20.1348
G1 X70.4090 Y20.2427
G1 Y24.8927
G1 X69.9258 Y25.3760
G1 X70.4090 Y24.8927
G1 X127.1090
G1 X127.5923 Y25.3760
G1 X127.1090 Y24.8927
G1 Y20.2427
G1 X127.1126 Y20.1348
G1 X127.1232 Y20.0273
G1 X127.1407 Y19.9208
G1 X127.1653 Y19.8156
G1 X127.1966 Y19.7123
G1 X127.2346 Y19.6113
G1 X127.2792 Y19.5129
G1 X127.3301 Y19.4177
G1 X127.3871 Y19.3260
G1 X127.4500 Y19.2382
G1 X127.5185 Y19.1548
G1 X127.5923 Y19.0760
G1 X127.6711 Y19.0021
G1 X127.7546 Y18.9337
G1 X127.8423 Y18.8708
G1 X127.9340 Y18.8137
G1 X128.0293 Y18.7628
G1 X128.1276 Y18.7183
G1 X128.2287 Y18.6803
G1 X128.3320 Y18.6489
G1 X128.4371 Y18.6244
G1 X128.5437 Y18.6068
G1 X128.6511 Y18.5962
G1 X128.7590 Y18.5927
G1 X175.0590
G1 X175.1670 Y18.5962
G1 X175.2744 Y18.6068
G1 X175.3809 Y18.6244
G1 X175.4861 Y18.6489
G1 X175.5894 Y18.6803
G1 X175.6905 Y18.7183
G1 X175.7888 Y18.7628
G1 X175.8840 Y18.8137
G1 X175.9757 Y18.8708
G1 X176.0635 Y18.9337
G1 X176.1470 Y19.0021
G1 X176.2258 Y19.0760
G1 X176.2996 Y19.1548
G1 X176.3681 Y19.2382
G1 X176.4310 Y19.3260
G1 X176.4880 Y19.4177
G1 X176.5389 Y19.5129
G1 X176.5834 Y19.6113
G1 X176.6215 Y19.7123
G1 X176.6528 Y19.8156
G1 X176.6773 Y19.9208
G1 X176.6949 Y20.0273
G1 X176.7055 Y20.1348
G1 X176.7090 Y20.2427
G1 Y81.5427
G1 X176.7055 Y81.6506
G1 X176.6949 Y81.7581
G1 X176.6773 Y81.8646
G1 X176.6528 Y81.9697
G1 X176.6215 Y82.0731
G1 X176.5834 Y82.1741
G1 X176.5389 Y82.2725
G1 X176.4880 Y82.3677
G1 X176.4310 Y82.4594
G1 X176.3681 Y82.5471
G1 X176.2996 Y82.6306
G1 X176.2258 Y82.7094
G1 X176.1470 Y82.7832
G1 X176.0635 Y82.8517
G1 X175.9757 Y82.9146
G1 X175.8840 Y82.9716
G1 X175.7888 Y83.0225
G1 X175.6905 Y83.0671
G1 X175.5894 Y83.1051
G1 X175.4861 Y83.1365
G1 X175.3809 Y83.1610
G1 X175.2744 Y83.1786
G1 X175.1670 Y83.1892
G1 X175.0590 Y83.1927
G1 X170.4090
G1 X169.9258 Y82.7094
G1 X170.4090 Y83.1927
G1 Y139.8927
G1 X169.9258 Y140.3760
G1 X170.4090 Y139.8927
G1 X175.0590
G1 X175.1670 Y139.8962
G1 X175.2744 Y139.9068
G1 X175.3809 Y139.9244
G1 X175.4861 Y139.9489
G1 X175.5894 Y139.9803
G1 X175.6905 Y140.0183
G1 X175.7888 Y140.0628
G1 X175.8840 Y140.1137
G1 X175.9757 Y140.1708
G1 X176.0635 Y140.2337
G1 X176.1470 Y140.3021
G1 X176.2258 Y140.3760
G1 X176.2996 Y140.4548
G1 X176.3681 Y140.5382
G1 X176.4310 Y140.6260
G1 X176.4880 Y140.7177
G1 X176.5389 Y140.8129
G1 X176.5834 Y140.9113
G1 X176.6215 Y141.0123
G1 X176.6528 Y141.1156
G1 X176.6773 Y141.2208
G1 X176.6949 Y141.3273
G1 X176.7055 Y141.4348
G1 X176.7090 Y141.5427
G1 Y202.8427
G1 X176.7055 Y202.9506
G1 X176.6949 Y203.0581
G1 X176.6773 Y203.1646
G1 X176.6528 Y203.2697
G1 X176.6215 Y203.3731
G1 X176.5834 Y203.4741
G1 X176.5389 Y203.5725
G1 X176.4880 Y203.6677
G1 X176.4310 Y203.7594
G1 X176.3681 Y203.8471
G1 X176.2996 Y203.9306
G1 X176.2258 Y204.0094
G1 X176.1470 Y204.0832
G1 X176.0635 Y204.1517
G1 X175.9757 Y204.2146
G1 X175.8840 Y204.2716
G1 X175.7888 Y204.3225
G1 X175.6905 Y204.3671
G1 X175.5894 Y204.4051
G1 X175.4861 Y204.4365
G1 X175.3809 Y204.4610
G1 X175.2744 Y204.4786
G1 X175.1670 Y204.4892
G1 X175.0590 Y204.4927
G1 X128.7590
G1 X128.6511 Y204.4892
G1 X128.5437 Y204.4786
G1 X128.4371 Y204.4610
G1 X128.3320 Y204.4365
G1 X128.2287 Y204.4051
G1 X128.1276 Y204.3671
G1 X128.0293 Y204.3225
G1 X127.9340 Y204.2716
G1 X127.8423 Y204.2146
G1 X127.7546 Y204.1517
G1 X127.6711 Y204.0832
G1 X127.5923 Y204.0094
G1 X127.5185 Y203.9306
G1 X127.4500 Y203.8471
G1 X127.3871 Y203.7594
G1 X127.3301 Y203.6677
G1 X127.2792 Y203.5725
G1 X127.2346 Y203.4741
G1 X127.1966 Y203.3731
G1 X127.1653 Y203.2697
G1 X127.1407 Y203.1646
G1 X127.1232 Y203.0581
G1 X127.1126 Y202.9506
G1 X127.1090 Y202.8427
G1 Y198.1927
G1 X127.5923 Y197.7094
G1 X127.1090 Y198.1927
G1 X70.4090
G1 X69.9258 Y197.7094
G1 X70.4090 Y198.1927
G1 Y202.8427
G1 X70.4055 Y202.9506
G1 X70.3949 Y203.0581
G1 X70.3773 Y203.1646
G1 X70.3528 Y203.2697
G1 X70.3215 Y203.3731
G1 X70.2834 Y203.4741
G1 X70.2389 Y203.5725
G1 X70.1880 Y203.6677
G1 X70.1310 Y203.7594
G1 X70.0681 Y203.8471
G1 X69.9996 Y203.9306
G1 X69.9258 Y204.0094
G1 X69.8470 Y204.0832
G1 X69.7635 Y204.1517
G1 X69.6757 Y204.2146
G1 X69.5840 Y204.2716
G1 X69.4888 Y204.3225
G1 X69.3905 Y204.3671
G1 X69.2894 Y204.4051
G1 X69.1861 Y204.4365
G1 X69.0809 Y204.4610
G1 X68.9744 Y204.4786
G1 X68.8670 Y204.4892
G1 X68.7590 Y204.4927
G1 X22.4590
G1 X22.3511 Y204.4892
G1 X22.2437 Y204.4786
G1 X22.1371 Y204.4610
G1 X22.0320 Y204.4365
G1 X21.9287 Y204.4051
G1 X21.8276 Y204.3671
G1 X21.7293 Y204.3225
G1 X21.6340 Y204.2716
G1 X21.5423 Y204.2146
G1 X21.4546 Y204.1517
G1 X21.3711 Y204.0832
G1 X21.2923 Y204.0094
G1 X21.2185 Y203.9306
G1 X21.1500 Y203.8471
G1 X21.0871 Y203.7594
G1 X21.0301 Y203.6677
G1 X20.9792 Y203.5725
G1 X20.9346 Y203.4741
G1 X20.8966 Y203.3731
G1 X20.8653 Y203.2697
G1 X20.8407 Y203.1646
G1 X20.8232 Y203.0581
G1 X20.8126 Y202.9506
G1 X20.8090 Y202.8427
G1 Y20.2427
G1 Z8.0000 F180
G1 X20.8126 Y20.1348 F780
G1 X20.8232 Y20.0273
G1 X20.8407 Y19.9208
G1 X20.8653 Y19.8156
G1 X20.8966 Y19.7123
G1 X20.9346 Y19.6113
G1 X20.9792 Y19.5129
G1 X21.0301 Y19.4177
G1 X21.0871 Y19.3260
G1 X21.1500 Y19.2382
G1 X21.2185 Y19.1548
G1 X21.2923 Y19.0760
G1 X21.3711 Y19.0021
G1 X21.4546 Y18.9337
G1 X21.5423 Y18.8708
G1 X21.6340 Y18.8137
G1 X21.7293 Y18.7628
G1 X21.8276 Y18.7183
G1 X21.9287 Y18.6803
G1 X22.0320 Y18.6489
G1 X22.1371 Y18.6244
G1 X22.2437 Y18.6068
G1 X22.3511 Y18.5962
G1 X22.4590 Y18.5927
G1 X68.7590
G1 X68.8670 Y18.5962
G1 X68.9744 Y18.6068
G1 X69.0809 Y18.6244
G1 X69.1861 Y18.6489
G1 X69.2894 Y18.6803
G1 X69.3905 Y18.7183
G1 X69.4888 Y18.7628
G1 X69.5840 Y18.8137
G1 X69.6757 Y18.8708
G1 X69.7635 Y18.9337
G1 X69.8470 Y19.0021
G1 X69.9258 Y19.0760
G1 X69.9996 Y19.1548
G1 X70.0681 Y19.2382
G1 X70.1310 Y19.3260
G1 X70.1880 Y19.4177
G1 X70.2389 Y19.5129
G1 X70.2834 Y19.6113
G1 X70.3215 Y19.7123
G1 X70.3528 Y19.8156
G1 X70.3773 Y19.9208
G1 X70.3949 Y20.0273
G1 X70.4055 Y20.1348
G1 X70.4090 Y20.2427
G1 Y24.8927
G1 X69.9258 Y25.3760
G1 X70.4090 Y24.8927
G1 X127.1090
G1 X127.5923 Y25.3760
G1 X127.1090 Y24.8927
G1 Y20.2427
G1 X127.1126 Y20.1348
G1 X127.1232 Y20.0273
G1 X127.1407 Y19.9208
G1 X127.1653 Y19.8156
G1 X127.1966 Y19.7123
G1 X127.2346 Y19.6113
G1 X127.2792 Y19.5129
G1 X127.3301 Y19.4177
G1 X127.3871 Y19.3260
G1 X127.4500 Y19.2382
G1 X127.5185 Y19.1548
G1 X127.5923 Y19.0760
G1 X127.6711 Y19.0021
G1 X127.7546 Y18.9337
G1 X127.8423 Y18.8708
G1 X127.9340 Y18.8137
G1 X128.0293 Y18.7628
G1 X128.1276 Y18.7183
G1 X128.2287 Y18.6803
G1 X128.3320 Y18.6489
G1 X128.4371 Y18.6244
G1 X128.5437 Y18.6068
G1 X128.6511 Y18.5962
G1 X128.7590 Y18.5927
G1 X175.0590
G1 X175.1670 Y18.5962
G1 X175.2744 Y18.6068
G1 X175.3809 Y18.6244
G1 X175.4861 Y18.6489
G1 X175.5894 Y18.6803
G1 X175.6905 Y18.7183
G1 X175.7888 Y18.7628
G1 X175.8840 Y18.8137
G1 X175.9757 Y18.8708
G1 X176.0635 Y18.9337
G1 X176.1470 Y19.0021
G1 X176.2258 Y19.0760
G1 X176.2996 Y19.1548
G1 X176.3681 Y19.2382
G1 X176.4310 Y19.3260
G1 X176.4880 Y19.4177
G1 X176.5389 Y19.5129
G1 X176.5834 Y19.6113
G1 X176.6215 Y19.7123
G1 X176.6528 Y19.8156
G1 X176.6773 Y19.9208
G1 X176.6949 Y20.0273
G1 X176.7055 Y20.1348
G1 X176.7090 Y20.2427
G1 Y81.5427
G1 X176.7055 Y81.6506
G1 X176.6949 Y81.7581
G1 X176.6773 Y81.8646
G1 X176.6528 Y81.9697
G1 X176.6215 Y82.0731
G1 X176.5834 Y82.1741
G1 X176.5389 Y82.2725
G1 X176.4880 Y82.3677
G1 X176.4310 Y82.4594
G1 X176.3681 Y82.5471
G1 X176.2996 Y82.6306
G1 X176.2258 Y82.7094
G1 X176.1470 Y82.7832
G1 X176.0635 Y82.8517
G1 X175.9757 Y82.9146
G1 X175.8840 Y82.9716
G1 X175.7888 Y83.0225
G1 X175.6905 Y83.0671
G1 X175.5894 Y83.1051
G1 X175.4861 Y83.1365
G1 X175.3809 Y83.1610
G1 X175.2744 Y83.1786
G1 X175.1670 Y83.1892
G1 X175.0590 Y83.1927
G1 X170.4090
G1 X169.9258 Y82.7094
G1 X170.4090 Y83.1927
G1 Y139.8927
G1 X169.9258 Y140.3760
G1 X170.4090 Y139.8927
G1 X175.0590
G1 X175.1670 Y139.8962
G1 X175.2744 Y139.9068
G1 X175.3809 Y139.9244
G1 X175.4861 Y139.9489
G1 X175.5894 Y139.9803
G1 X175.6905 Y140.0183
G1 X175.7888 Y140.0628
G1 X175.8840 Y140.1137
G1 X175.9757 Y140.1708
G1 X176.0635 Y140.2337
G1 X176.1470 Y140.3021
G1 X176.2258 Y140.3760
G1 X176.2996 Y140.4548
G1 X176.3681 Y140.5382
G1 X176.4310 Y140.6260
G1 X176.4880 Y140.7177
G1 X176.5389 Y140.8129
G1 X176.5834 Y140.9113
G1 X176.6215 Y141.0123
G1 X176.6528 Y141.1156
G1 X176.6773 Y141.2208
G1 X176.6949 Y141.3273
G1 X176.7055 Y141.4348
G1 X176.7090 Y141.5427
G1 Y202.8427
G1 X176.7055 Y202.9506
G1 X176.6949 Y203.0581
G1 X176.6773 Y203.1646
G1 X176.6528 Y203.2697
G1 X176.6215 Y203.3731
G1 X176.5834 Y203.4741
G1 X176.5389 Y203.5725
G1 X176.4880 Y203.6677
G1 X176.4310 Y203.7594
G1 X176.3681 Y203.8471
G1 X176.2996 Y203.9306
G1 X176.2258 Y204.0094
G1 X176.1470 Y204.0832
G1 X176.0635 Y204.1517
G1 X175.9757 Y204.2146
G1 X175.8840 Y204.2716
G1 X175.7888 Y204.3225
G1 X175.6905 Y204.3671
G1 X175.5894 Y204.4051
G1 X175.4861 Y204.4365
G1 X175.3809 Y204.4610
G1 X175.2744 Y204.4786
G1 X175.1670 Y204.4892
G1 X175.0590 Y204.4927
G1 X128.7590
G1 X128.6511 Y204.4892
G1 X128.5437 Y204.4786
G1 X128.4371 Y204.4610
G1 X128.3320 Y204.4365
G1 X128.2287 Y204.4051
G1 X128.1276 Y204.3671
G1 X128.0293 Y204.3225
G1 X127.9340 Y204.2716
G1 X127.8423 Y204.2146
G1 X127.7546 Y204.1517
G1 X127.6711 Y204.0832
G1 X127.5923 Y204.0094
G1 X127.5185 Y203.9306
G1 X127.4500 Y203.8471
G1 X127.3871 Y203.7594
G1 X127.3301 Y203.6677
G1 X127.2792 Y203.5725
G1 X127.2346 Y203.4741
G1 X127.1966 Y203.3731
G1 X127.1653 Y203.2697
G1 X127.1407 Y203.1646
G1 X127.1232 Y203.0581
G1 X127.1126 Y202.9506
G1 X127.1090 Y202.8427
G1 Y198.1927
G1 X127.5923 Y197.7094
G1 X127.1090 Y198.1927
G1 X70.4090
G1 X69.9258 Y197.7094
G1 X70.4090 Y198.1927
G1 Y202.8427
G1 X70.4055 Y202.9506
G1 X70.3949 Y203.0581
G1 X70.3773 Y203.1646
G1 X70.3528 Y203.2697
G1 X70.3215 Y203.3731
G1 X70.2834 Y203.4741
G1 X70.2389 Y203.5725
G1 X70.1880 Y203.6677
G1 X70.1310 Y203.7594
G1 X70.0681 Y203.8471
G1 X69.9996 Y203.9306
G1 X69.9258 Y204.0094
G1 X69.8470 Y204.0832
G1 X69.7635 Y204.1517
G1 X69.6757 Y204.2146
G1 X69.5840 Y204.2716
G1 X69.4888 Y204.3225
G1 X69.3905 Y204.3671
G1 X69.2894 Y204.4051
G1 X69.1861 Y204.4365
G1 X69.0809 Y204.4610
G1 X68.9744 Y204.4786
G1 X68.8670 Y204.4892
G1 X68.7590 Y204.4927
G1 X22.4590
G1 X22.3511 Y204.4892
G1 X22.2437 Y204.4786
G1 X22.1371 Y204.4610
G1 X22.0320 Y204.4365
G1 X21.9287 Y204.4051
G1 X21.8276 Y204.3671
G1 X21.7293 Y204.3225
G1 X21.6340 Y204.2716
G1 X21.5423 Y204.2146
G1 X21.4546 Y204.1517
G1 X21.3711 Y204.0832
G1 X21.2923 Y204.0094
G1 X21.2185 Y203.9306
G1 X21.1500 Y203.8471
G1 X21.0871 Y203.7594
G1 X21.0301 Y203.6677
G1 X20.9792 Y203.5725
G1 X20.9346 Y203.4741
G1 X20.8966 Y203.3731
G1 X20.8653 Y203.2697
G1 X20.8407 Y203.1646
G1 X20.8232 Y203.0581
G1 X20.8126 Y202.9506
G1 X20.8090 Y202.8427
G1 Y20.2427
G0 Z-5.0000 F480
G0 X0.0000 Y0.0000 F2100

M05
M30
