(Project Enclosure-Second)
(Created by Estlcam version 11 build 11.244)
(Machining time about 01:23:51 hours)

(Required tools:)
(Compression Bit)

G90
M03 S24000
G0 X0.0000 Y0.0000 Z0.0000 F2100
G0 Z-5.0000 F480


(No. 1: Drill 7)
G0 X39.7419 Y44.6976 F2100
G0 Z-0.5000 F480
G1 Z4.0000 F120 S24000
G0 Z-0.5000 F480
G0 Z3.5000
G1 Z8.0000 F120
G0 Z-5.0000 F480


(No. 2: Drill 8)
G0 X34.7419 Y70.6976 Z-5.0000 F2100
G0 Z-0.5000 F480
G1 Z4.0000 F120
G0 Z-0.5000 F480
G0 Z3.5000
G1 Z8.0000 F120
G0 Z-5.0000 F480


(No. 3: Hole 19)
G0 X53.6952 Y102.5956 Z-5.0000 F2100
G0 Z-0.5000 F480
G1 Z0.0000 F120
G1 Z4.0000
G1 X53.5748 Y102.6600 F480
G1 X53.4583 Y102.7313
G1 X53.3461 Y102.8093
G1 X53.2387 Y102.8936
G1 X53.1363 Y102.9841
G1 X53.0394 Y103.0803
G1 X52.9482 Y103.1821
G1 X52.8632 Y103.2889
G1 X52.7844 Y103.4005
G1 X52.7123 Y103.5166
G1 X52.6471 Y103.6366
G1 X52.5889 Y103.7602
G1 X52.5381 Y103.8869
G1 X52.4946 Y104.0164
G1 X52.4588 Y104.1483
G1 X52.4308 Y104.2819
G1 X52.4105 Y104.4170
G1 X52.3981 Y104.5531
G1 X52.3937 Y104.6896
G1 X52.3972 Y104.8261
G1 X52.4086 Y104.9623
G1 X52.4280 Y105.0975
G1 X52.4551 Y105.2313
G1 X52.4900 Y105.3634
G1 X52.5326 Y105.4932
G1 X52.5826 Y105.6203
G1 X52.6399 Y105.7443
G1 X52.7043 Y105.8648
G1 X52.7756 Y105.9813
G1 X52.8536 Y106.0934
G1 X52.9379 Y106.2009
G1 X53.0284 Y106.3032
G1 X53.1246 Y106.4001
G1 X53.2264 Y106.4913
G1 X53.3332 Y106.5764
G1 X53.4448 Y106.6551
G1 X53.5608 Y106.7272
G1 X53.6809 Y106.7925
G1 X53.8045 Y106.8506
G1 X53.9312 Y106.9015
G1 X54.0607 Y106.9449
G1 X54.1926 Y106.9807
G1 X54.3262 Y107.0088
G1 X54.4613 Y107.0290
G1 X54.5974 Y107.0414
G1 X54.7339 Y107.0458
G1 X54.8704 Y107.0423
G1 X55.0065 Y107.0309
G1 X55.1418 Y107.0116
G1 X55.2756 Y106.9844
G1 X55.4077 Y106.9495
G1 X55.5375 Y106.9070
G1 X55.6646 Y106.8570
G1 X55.7886 Y106.7997
G1 X55.9091 Y106.7353
G1 X56.0256 Y106.6640
G1 X56.1377 Y106.5860
G1 X56.2452 Y106.5016
G1 X56.3475 Y106.4112
G1 X56.4444 Y106.3149
G1 X56.5356 Y106.2132
G1 X56.6207 Y106.1063
G1 X56.6994 Y105.9947
G1 X56.7715 Y105.8787
G1 X56.8368 Y105.7587
G1 X56.8949 Y105.6351
G1 X56.9458 Y105.5083
G1 X56.9892 Y105.3788
G1 X57.0250 Y105.2470
G1 X57.0531 Y105.1133
G1 X57.0733 Y104.9782
G1 X57.0857 Y104.8422
G1 X57.0901 Y104.7057
G1 X57.0866 Y104.5691
G1 X57.0752 Y104.4330
G1 X57.0559 Y104.2978
G1 X57.0287 Y104.1639
G1 X56.9938 Y104.0318
G1 X56.9513 Y103.9020
G1 X56.9013 Y103.7749
G1 X56.8440 Y103.6509
G1 X56.7796 Y103.5305
G1 X56.7082 Y103.4140
G1 X56.6303 Y103.3018
G1 X56.5459 Y103.1944
G1 X56.4555 Y103.0920
G1 X56.3592 Y102.9951
G1 X56.2575 Y102.9039
G1 X56.1506 Y102.8189
G1 X56.0390 Y102.7401
G1 X55.9230 Y102.6680
G1 X55.8030 Y102.6028
G1 X55.6794 Y102.5446
G1 X55.5526 Y102.4938
G1 X55.4231 Y102.4504
G1 X55.2913 Y102.4145
G1 X55.1576 Y102.3865
G1 X55.0225 Y102.3662
G1 X54.8865 Y102.3538
G1 X54.7500 Y102.3494
G1 X54.6134 Y102.3529
G1 X54.4773 Y102.3643
G1 X54.3421 Y102.3837
G1 X54.2082 Y102.4108
G1 X54.0761 Y102.4457
G1 X53.9463 Y102.4883
G1 X53.8192 Y102.5383
G1 X53.6952 Y102.5956
G1 Z8.0000 F120
G1 X53.5748 Y102.6600 F480
G1 X53.4583 Y102.7313
G1 X53.3461 Y102.8093
G1 X53.2387 Y102.8936
G1 X53.1363 Y102.9841
G1 X53.0394 Y103.0803
G1 X52.9482 Y103.1821
G1 X52.8632 Y103.2889
G1 X52.7844 Y103.4005
G1 X52.7123 Y103.5166
G1 X52.6471 Y103.6366
G1 X52.5889 Y103.7602
G1 X52.5381 Y103.8869
G1 X52.4946 Y104.0164
G1 X52.4588 Y104.1483
G1 X52.4308 Y104.2819
G1 X52.4105 Y104.4170
G1 X52.3981 Y104.5531
G1 X52.3937 Y104.6896
G1 X52.3972 Y104.8261
G1 X52.4086 Y104.9623
G1 X52.4280 Y105.0975
G1 X52.4551 Y105.2313
G1 X52.4900 Y105.3634
G1 X52.5326 Y105.4932
G1 X52.5826 Y105.6203
G1 X52.6399 Y105.7443
G1 X52.7043 Y105.8648
G1 X52.7756 Y105.9813
G1 X52.8536 Y106.0934
G1 X52.9379 Y106.2009
G1 X53.0284 Y106.3032
G1 X53.1246 Y106.4001
G1 X53.2264 Y106.4913
G1 X53.3332 Y106.5764
G1 X53.4448 Y106.6551
G1 X53.5608 Y106.7272
G1 X53.6809 Y106.7925
G1 X53.8045 Y106.8506
G1 X53.9312 Y106.9015
G1 X54.0607 Y106.9449
G1 X54.1926 Y106.9807
G1 X54.3262 Y107.0088
G1 X54.4613 Y107.0290
G1 X54.5974 Y107.0414
G1 X54.7339 Y107.0458
G1 X54.8704 Y107.0423
G1 X55.0065 Y107.0309
G1 X55.1418 Y107.0116
G1 X55.2756 Y106.9844
G1 X55.4077 Y106.9495
G1 X55.5375 Y106.9070
G1 X55.6646 Y106.8570
G1 X55.7886 Y106.7997
G1 X55.9091 Y106.7353
G1 X56.0256 Y106.6640
G1 X56.1377 Y106.5860
G1 X56.2452 Y106.5016
G1 X56.3475 Y106.4112
G1 X56.4444 Y106.3149
G1 X56.5356 Y106.2132
G1 X56.6207 Y106.1063
G1 X56.6994 Y105.9947
G1 X56.7715 Y105.8787
G1 X56.8368 Y105.7587
G1 X56.8949 Y105.6351
G1 X56.9458 Y105.5083
G1 X56.9892 Y105.3788
G1 X57.0250 Y105.2470
G1 X57.0531 Y105.1133
G1 X57.0733 Y104.9782
G1 X57.0857 Y104.8422
G1 X57.0901 Y104.7057
G1 X57.0866 Y104.5691
G1 X57.0752 Y104.4330
G1 X57.0559 Y104.2978
G1 X57.0287 Y104.1639
G1 X56.9938 Y104.0318
G1 X56.9513 Y103.9020
G1 X56.9013 Y103.7749
G1 X56.8440 Y103.6509
G1 X56.7796 Y103.5305
G1 X56.7082 Y103.4140
G1 X56.6303 Y103.3018
G1 X56.5459 Y103.1944
G1 X56.4555 Y103.0920
G1 X56.3592 Y102.9951
G1 X56.2575 Y102.9039
G1 X56.1506 Y102.8189
G1 X56.0390 Y102.7401
G1 X55.9230 Y102.6680
G1 X55.8030 Y102.6028
G1 X55.6794 Y102.5446
G1 X55.5526 Y102.4938
G1 X55.4231 Y102.4504
G1 X55.2913 Y102.4145
G1 X55.1576 Y102.3865
G1 X55.0225 Y102.3662
G1 X54.8865 Y102.3538
G1 X54.7500 Y102.3494
G1 X54.6134 Y102.3529
G1 X54.4773 Y102.3643
G1 X54.3421 Y102.3837
G1 X54.2082 Y102.4108
G1 X54.0761 Y102.4457
G1 X53.9463 Y102.4883
G1 X53.8192 Y102.5383
G1 X53.6952 Y102.5956
G0 Z-5.0000


(No. 4: Hole 18)
G0 X68.5057 Y102.7011 Z-5.0000 F2100
G0 Z-0.5000 F480
G1 Z0.0000 F120
G1 Z4.0000
G1 X68.3917 Y102.7764 F480
G1 X68.2823 Y102.8581
G1 X68.1778 Y102.9461
G1 X68.0786 Y103.0400
G1 X67.9851 Y103.1395
G1 X67.8974 Y103.2443
G1 X67.8161 Y103.3540
G1 X67.7412 Y103.4683
G1 X67.6731 Y103.5867
G1 X67.6120 Y103.7089
G1 X67.5581 Y103.8344
G1 X67.5116 Y103.9628
G1 X67.4727 Y104.0937
G1 X67.4414 Y104.2267
G1 X67.4179 Y104.3613
G1 X67.4023 Y104.4970
G1 X67.3946 Y104.6333
G1 X67.3948 Y104.7699
G1 X67.4030 Y104.9063
G1 X67.4191 Y105.0419
G1 X67.4430 Y105.1764
G1 X67.4747 Y105.3093
G1 X67.5141 Y105.4401
G1 X67.5611 Y105.5683
G1 X67.6154 Y105.6937
G1 X67.6769 Y105.8156
G1 X67.7454 Y105.9338
G1 X67.8207 Y106.0478
G1 X67.9024 Y106.1572
G1 X67.9904 Y106.2617
G1 X68.0843 Y106.3609
G1 X68.1838 Y106.4545
G1 X68.2886 Y106.5421
G1 X68.3983 Y106.6235
G1 X68.5126 Y106.6984
G1 X68.6310 Y106.7664
G1 X68.7532 Y106.8275
G1 X68.8787 Y106.8814
G1 X69.0071 Y106.9279
G1 X69.1380 Y106.9669
G1 X69.2710 Y106.9982
G1 X69.4056 Y107.0216
G1 X69.5413 Y107.0373
G1 X69.6776 Y107.0450
G1 X69.8142 Y107.0447
G1 X69.9506 Y107.0366
G1 X70.0862 Y107.0205
G1 X70.2207 Y106.9965
G1 X70.3536 Y106.9648
G1 X70.4844 Y106.9254
G1 X70.6126 Y106.8785
G1 X70.7380 Y106.8241
G1 X70.8599 Y106.7626
G1 X70.9781 Y106.6941
G1 X71.0921 Y106.6189
G1 X71.2015 Y106.5371
G1 X71.3060 Y106.4491
G1 X71.4052 Y106.3552
G1 X71.4988 Y106.2557
G1 X71.5864 Y106.1509
G1 X71.6678 Y106.0412
G1 X71.7426 Y105.9270
G1 X71.8107 Y105.8086
G1 X71.8718 Y105.6864
G1 X71.9257 Y105.5609
G1 X71.9722 Y105.4324
G1 X72.0112 Y105.3015
G1 X72.0424 Y105.1685
G1 X72.0659 Y105.0340
G1 X72.0816 Y104.8983
G1 X72.0893 Y104.7619
G1 X72.0890 Y104.6253
G1 X72.0809 Y104.4890
G1 X72.0648 Y104.3533
G1 X72.0408 Y104.2188
G1 X72.0091 Y104.0860
G1 X71.9697 Y103.9552
G1 X71.9228 Y103.8269
G1 X71.8684 Y103.7016
G1 X71.8069 Y103.5796
G1 X71.7384 Y103.4614
G1 X71.6632 Y103.3474
G1 X71.5814 Y103.2380
G1 X71.4934 Y103.1335
G1 X71.3995 Y103.0343
G1 X71.3000 Y102.9408
G1 X71.1952 Y102.8531
G1 X71.0855 Y102.7718
G1 X70.9713 Y102.6969
G1 X70.8529 Y102.6288
G1 X70.7307 Y102.5677
G1 X70.6052 Y102.5138
G1 X70.4767 Y102.4673
G1 X70.3458 Y102.4284
G1 X70.2128 Y102.3971
G1 X70.0783 Y102.3736
G1 X69.9426 Y102.3580
G1 X69.8062 Y102.3503
G1 X69.6696 Y102.3505
G1 X69.5333 Y102.3587
G1 X69.3976 Y102.3748
G1 X69.2631 Y102.3987
G1 X69.1303 Y102.4304
G1 X68.9995 Y102.4698
G1 X68.8712 Y102.5168
G1 X68.7459 Y102.5711
G1 X68.6239 Y102.6326
G1 X68.5057 Y102.7011
G1 Z8.0000 F120
G1 X68.3917 Y102.7764 F480
G1 X68.2823 Y102.8581
G1 X68.1778 Y102.9461
G1 X68.0786 Y103.0400
G1 X67.9851 Y103.1395
G1 X67.8974 Y103.2443
G1 X67.8161 Y103.3540
G1 X67.7412 Y103.4683
G1 X67.6731 Y103.5867
G1 X67.6120 Y103.7089
G1 X67.5581 Y103.8344
G1 X67.5116 Y103.9628
G1 X67.4727 Y104.0937
G1 X67.4414 Y104.2267
G1 X67.4179 Y104.3613
G1 X67.4023 Y104.4970
G1 X67.3946 Y104.6333
G1 X67.3948 Y104.7699
G1 X67.4030 Y104.9063
G1 X67.4191 Y105.0419
G1 X67.4430 Y105.1764
G1 X67.4747 Y105.3093
G1 X67.5141 Y105.4401
G1 X67.5611 Y105.5683
G1 X67.6154 Y105.6937
G1 X67.6769 Y105.8156
G1 X67.7454 Y105.9338
G1 X67.8207 Y106.0478
G1 X67.9024 Y106.1572
G1 X67.9904 Y106.2617
G1 X68.0843 Y106.3609
G1 X68.1838 Y106.4545
G1 X68.2886 Y106.5421
G1 X68.3983 Y106.6235
G1 X68.5126 Y106.6984
G1 X68.6310 Y106.7664
G1 X68.7532 Y106.8275
G1 X68.8787 Y106.8814
G1 X69.0071 Y106.9279
G1 X69.1380 Y106.9669
G1 X69.2710 Y106.9982
G1 X69.4056 Y107.0216
G1 X69.5413 Y107.0373
G1 X69.6776 Y107.0450
G1 X69.8142 Y107.0447
G1 X69.9506 Y107.0366
G1 X70.0862 Y107.0205
G1 X70.2207 Y106.9965
G1 X70.3536 Y106.9648
G1 X70.4844 Y106.9254
G1 X70.6126 Y106.8785
G1 X70.7380 Y106.8241
G1 X70.8599 Y106.7626
G1 X70.9781 Y106.6941
G1 X71.0921 Y106.6189
G1 X71.2015 Y106.5371
G1 X71.3060 Y106.4491
G1 X71.4052 Y106.3552
G1 X71.4988 Y106.2557
G1 X71.5864 Y106.1509
G1 X71.6678 Y106.0412
G1 X71.7426 Y105.9270
G1 X71.8107 Y105.8086
G1 X71.8718 Y105.6864
G1 X71.9257 Y105.5609
G1 X71.9722 Y105.4324
G1 X72.0112 Y105.3015
G1 X72.0424 Y105.1685
G1 X72.0659 Y105.0340
G1 X72.0816 Y104.8983
G1 X72.0893 Y104.7619
G1 X72.0890 Y104.6253
G1 X72.0809 Y104.4890
G1 X72.0648 Y104.3533
G1 X72.0408 Y104.2188
G1 X72.0091 Y104.0860
G1 X71.9697 Y103.9552
G1 X71.9228 Y103.8269
G1 X71.8684 Y103.7016
G1 X71.8069 Y103.5796
G1 X71.7384 Y103.4614
G1 X71.6632 Y103.3474
G1 X71.5814 Y103.2380
G1 X71.4934 Y103.1335
G1 X71.3995 Y103.0343
G1 X71.3000 Y102.9408
G1 X71.1952 Y102.8531
G1 X71.0855 Y102.7718
G1 X70.9713 Y102.6969
G1 X70.8529 Y102.6288
G1 X70.7307 Y102.5677
G1 X70.6052 Y102.5138
G1 X70.4767 Y102.4673
G1 X70.3458 Y102.4284
G1 X70.2128 Y102.3971
G1 X70.0783 Y102.3736
G1 X69.9426 Y102.3580
G1 X69.8062 Y102.3503
G1 X69.6696 Y102.3505
G1 X69.5333 Y102.3587
G1 X69.3976 Y102.3748
G1 X69.2631 Y102.3987
G1 X69.1303 Y102.4304
G1 X68.9995 Y102.4698
G1 X68.8712 Y102.5168
G1 X68.7459 Y102.5711
G1 X68.6239 Y102.6326
G1 X68.5057 Y102.7011
G0 Z-5.0000


(No. 5: Hole 17)
G0 X83.3268 Y102.8237 Z-5.0000 F2100
G0 Z-0.5000 F480
G1 Z0.0000 F120
G1 Z4.0000
G1 X83.2202 Y102.9091 F480
G1 X83.1188 Y103.0006
G1 X83.0229 Y103.0979
G1 X82.9328 Y103.2006
G1 X82.8488 Y103.3083
G1 X82.7712 Y103.4207
G1 X82.7003 Y103.5375
G1 X82.6363 Y103.6581
G1 X82.5794 Y103.7823
G1 X82.5298 Y103.9096
G1 X82.4878 Y104.0396
G1 X82.4533 Y104.1717
G1 X82.4266 Y104.3057
G1 X82.4077 Y104.4410
G1 X82.3968 Y104.5771
G1 X82.3937 Y104.7137
G1 X82.3986 Y104.8502
G1 X82.4115 Y104.9862
G1 X82.4322 Y105.1212
G1 X82.4607 Y105.2548
G1 X82.4970 Y105.3865
G1 X82.5408 Y105.5159
G1 X82.5921 Y105.6424
G1 X82.6507 Y105.7658
G1 X82.7164 Y105.8856
G1 X82.7889 Y106.0014
G1 X82.8680 Y106.1128
G1 X82.9534 Y106.2193
G1 X83.0449 Y106.3207
G1 X83.1422 Y106.4167
G1 X83.2448 Y106.5068
G1 X83.3526 Y106.5908
G1 X83.4650 Y106.6683
G1 X83.5817 Y106.7392
G1 X83.7024 Y106.8032
G1 X83.8266 Y106.8601
G1 X83.9539 Y106.9097
G1 X84.0838 Y106.9518
G1 X84.2160 Y106.9862
G1 X84.3500 Y107.0129
G1 X84.4853 Y107.0318
G1 X84.6214 Y107.0428
G1 X84.7580 Y107.0458
G1 X84.8945 Y107.0409
G1 X85.0305 Y107.0281
G1 X85.1655 Y107.0073
G1 X85.2991 Y106.9788
G1 X85.4308 Y106.9425
G1 X85.5601 Y106.8987
G1 X85.6867 Y106.8474
G1 X85.8101 Y106.7888
G1 X85.9299 Y106.7232
G1 X86.0457 Y106.6507
G1 X86.1570 Y106.5716
G1 X86.2636 Y106.4861
G1 X86.3650 Y106.3946
G1 X86.4610 Y106.2974
G1 X86.5511 Y106.1947
G1 X86.6350 Y106.0870
G1 X86.7126 Y105.9745
G1 X86.7835 Y105.8578
G1 X86.8475 Y105.7371
G1 X86.9044 Y105.6129
G1 X86.9540 Y105.4856
G1 X86.9961 Y105.3557
G1 X87.0305 Y105.2235
G1 X87.0572 Y105.0896
G1 X87.0761 Y104.9543
G1 X87.0871 Y104.8181
G1 X87.0901 Y104.6816
G1 X87.0852 Y104.5450
G1 X87.0724 Y104.4091
G1 X87.0516 Y104.2740
G1 X87.0231 Y104.1405
G1 X86.9868 Y104.0088
G1 X86.9430 Y103.8794
G1 X86.8917 Y103.7528
G1 X86.8331 Y103.6294
G1 X86.7675 Y103.5096
G1 X86.6950 Y103.3938
G1 X86.6159 Y103.2825
G1 X86.5304 Y103.1759
G1 X86.4389 Y103.0745
G1 X86.3416 Y102.9786
G1 X86.2390 Y102.8885
G1 X86.1313 Y102.8045
G1 X86.0188 Y102.7269
G1 X85.9021 Y102.6560
G1 X85.7814 Y102.5920
G1 X85.6572 Y102.5351
G1 X85.5299 Y102.4856
G1 X85.4000 Y102.4435
G1 X85.2678 Y102.4090
G1 X85.1338 Y102.3823
G1 X84.9986 Y102.3635
G1 X84.8624 Y102.3525
G1 X84.7258 Y102.3494
G1 X84.5893 Y102.3543
G1 X84.4533 Y102.3672
G1 X84.3183 Y102.3879
G1 X84.1847 Y102.4164
G1 X84.0531 Y102.4527
G1 X83.9237 Y102.4966
G1 X83.7971 Y102.5478
G1 X83.6737 Y102.6064
G1 X83.5539 Y102.6721
G1 X83.4381 Y102.7446
G1 X83.3268 Y102.8237
G1 Z8.0000 F120
G1 X83.2202 Y102.9091 F480
G1 X83.1188 Y103.0006
G1 X83.0229 Y103.0979
G1 X82.9328 Y103.2006
G1 X82.8488 Y103.3083
G1 X82.7712 Y103.4207
G1 X82.7003 Y103.5375
G1 X82.6363 Y103.6581
G1 X82.5794 Y103.7823
G1 X82.5298 Y103.9096
G1 X82.4878 Y104.0396
G1 X82.4533 Y104.1717
G1 X82.4266 Y104.3057
G1 X82.4077 Y104.4410
G1 X82.3968 Y104.5771
G1 X82.3937 Y104.7137
G1 X82.3986 Y104.8502
G1 X82.4115 Y104.9862
G1 X82.4322 Y105.1212
G1 X82.4607 Y105.2548
G1 X82.4970 Y105.3865
G1 X82.5408 Y105.5159
G1 X82.5921 Y105.6424
G1 X82.6507 Y105.7658
G1 X82.7164 Y105.8856
G1 X82.7889 Y106.0014
G1 X82.8680 Y106.1128
G1 X82.9534 Y106.2193
G1 X83.0449 Y106.3207
G1 X83.1422 Y106.4167
G1 X83.2448 Y106.5068
G1 X83.3526 Y106.5908
G1 X83.4650 Y106.6683
G1 X83.5817 Y106.7392
G1 X83.7024 Y106.8032
G1 X83.8266 Y106.8601
G1 X83.9539 Y106.9097
G1 X84.0838 Y106.9518
G1 X84.2160 Y106.9862
G1 X84.3500 Y107.0129
G1 X84.4853 Y107.0318
G1 X84.6214 Y107.0428
G1 X84.7580 Y107.0458
G1 X84.8945 Y107.0409
G1 X85.0305 Y107.0281
G1 X85.1655 Y107.0073
G1 X85.2991 Y106.9788
G1 X85.4308 Y106.9425
G1 X85.5601 Y106.8987
G1 X85.6867 Y106.8474
G1 X85.8101 Y106.7888
G1 X85.9299 Y106.7232
G1 X86.0457 Y106.6507
G1 X86.1570 Y106.5716
G1 X86.2636 Y106.4861
G1 X86.3650 Y106.3946
G1 X86.4610 Y106.2974
G1 X86.5511 Y106.1947
G1 X86.6350 Y106.0870
G1 X86.7126 Y105.9745
G1 X86.7835 Y105.8578
G1 X86.8475 Y105.7371
G1 X86.9044 Y105.6129
G1 X86.9540 Y105.4856
G1 X86.9961 Y105.3557
G1 X87.0305 Y105.2235
G1 X87.0572 Y105.0896
G1 X87.0761 Y104.9543
G1 X87.0871 Y104.8181
G1 X87.0901 Y104.6816
G1 X87.0852 Y104.5450
G1 X87.0724 Y104.4091
G1 X87.0516 Y104.2740
G1 X87.0231 Y104.1405
G1 X86.9868 Y104.0088
G1 X86.9430 Y103.8794
G1 X86.8917 Y103.7528
G1 X86.8331 Y103.6294
G1 X86.7675 Y103.5096
G1 X86.6950 Y103.3938
G1 X86.6159 Y103.2825
G1 X86.5304 Y103.1759
G1 X86.4389 Y103.0745
G1 X86.3416 Y102.9786
G1 X86.2390 Y102.8885
G1 X86.1313 Y102.8045
G1 X86.0188 Y102.7269
G1 X85.9021 Y102.6560
G1 X85.7814 Y102.5920
G1 X85.6572 Y102.5351
G1 X85.5299 Y102.4856
G1 X85.4000 Y102.4435
G1 X85.2678 Y102.4090
G1 X85.1338 Y102.3823
G1 X84.9986 Y102.3635
G1 X84.8624 Y102.3525
G1 X84.7258 Y102.3494
G1 X84.5893 Y102.3543
G1 X84.4533 Y102.3672
G1 X84.3183 Y102.3879
G1 X84.1847 Y102.4164
G1 X84.0531 Y102.4527
G1 X83.9237 Y102.4966
G1 X83.7971 Y102.5478
G1 X83.6737 Y102.6064
G1 X83.5539 Y102.6721
G1 X83.4381 Y102.7446
G1 X83.3268 Y102.8237
G0 Z-5.0000


(No. 6: Hole 15)
G0 X98.1599 Y102.9623 Z-5.0000 F2100
G0 Z-0.5000 F480
G1 Z0.0000 F120
G1 Z4.0000
G1 X98.0617 Y103.0572 F480
G1 X97.9692 Y103.1576
G1 X97.8826 Y103.2633
G1 X97.8024 Y103.3739
G1 X97.7287 Y103.4889
G1 X97.6618 Y103.6080
G1 X97.6020 Y103.7308
G1 X97.5494 Y103.8568
G1 X97.5042 Y103.9857
G1 X97.4666 Y104.1171
G1 X97.4367 Y104.2503
G1 X97.4146 Y104.3851
G1 X97.4003 Y104.5210
G1 X97.3940 Y104.6574
G1 X97.3957 Y104.7940
G1 X97.4052 Y104.9303
G1 X97.4227 Y105.0658
G1 X97.4480 Y105.2000
G1 X97.4811 Y105.3325
G1 X97.5219 Y105.4629
G1 X97.5701 Y105.5907
G1 X97.6257 Y105.7155
G1 X97.6885 Y105.8368
G1 X97.7582 Y105.9542
G1 X97.8346 Y106.0675
G1 X97.9175 Y106.1760
G1 X98.0065 Y106.2796
G1 X98.1015 Y106.3778
G1 X98.2019 Y106.4704
G1 X98.3076 Y106.5569
G1 X98.4182 Y106.6372
G1 X98.5332 Y106.7109
G1 X98.6523 Y106.7777
G1 X98.7751 Y106.8376
G1 X98.9011 Y106.8902
G1 X99.0300 Y106.9354
G1 X99.1614 Y106.9730
G1 X99.2946 Y107.0029
G1 X99.4294 Y107.0250
G1 X99.5653 Y107.0392
G1 X99.7017 Y107.0455
G1 X99.8383 Y107.0439
G1 X99.9746 Y107.0343
G1 X100.1101 Y107.0168
G1 X100.2443 Y106.9915
G1 X100.3768 Y106.9584
G1 X100.5072 Y106.9177
G1 X100.6350 Y106.8694
G1 X100.7597 Y106.8138
G1 X100.8811 Y106.7510
G1 X100.9985 Y106.6813
G1 X101.1118 Y106.6049
G1 X101.2203 Y106.5220
G1 X101.3239 Y106.4330
G1 X101.4221 Y106.3381
G1 X101.5147 Y106.2376
G1 X101.6012 Y106.1319
G1 X101.6815 Y106.0214
G1 X101.7552 Y105.9064
G1 X101.8220 Y105.7873
G1 X101.8819 Y105.6645
G1 X101.9345 Y105.5384
G1 X101.9797 Y105.4095
G1 X102.0173 Y105.2782
G1 X102.0472 Y105.1449
G1 X102.0693 Y105.0101
G1 X102.0835 Y104.8743
G1 X102.0898 Y104.7378
G1 X102.0882 Y104.6012
G1 X102.0786 Y104.4650
G1 X102.0611 Y104.3295
G1 X102.0358 Y104.1953
G1 X102.0027 Y104.0627
G1 X101.9620 Y103.9324
G1 X101.9137 Y103.8046
G1 X101.8581 Y103.6798
G1 X101.7953 Y103.5585
G1 X101.7256 Y103.4410
G1 X101.6492 Y103.3278
G1 X101.5663 Y103.2192
G1 X101.4773 Y103.1156
G1 X101.3824 Y103.0174
G1 X101.2819 Y102.9249
G1 X101.1762 Y102.8383
G1 X101.0657 Y102.7581
G1 X100.9507 Y102.6844
G1 X100.8316 Y102.6175
G1 X100.7088 Y102.5577
G1 X100.5827 Y102.5051
G1 X100.4538 Y102.4599
G1 X100.3225 Y102.4223
G1 X100.1892 Y102.3924
G1 X100.0544 Y102.3703
G1 X99.9185 Y102.3560
G1 X99.7821 Y102.3497
G1 X99.6455 Y102.3514
G1 X99.5092 Y102.3609
G1 X99.3738 Y102.3784
G1 X99.2396 Y102.4038
G1 X99.1070 Y102.4368
G1 X98.9766 Y102.4776
G1 X98.8489 Y102.5258
G1 X98.7241 Y102.5814
G1 X98.6028 Y102.6442
G1 X98.4853 Y102.7139
G1 X98.3721 Y102.7903
G1 X98.2635 Y102.8732
G1 X98.1599 Y102.9623
G1 Z8.0000 F120
G1 X98.0617 Y103.0572 F480
G1 X97.9692 Y103.1576
G1 X97.8826 Y103.2633
G1 X97.8024 Y103.3739
G1 X97.7287 Y103.4889
G1 X97.6618 Y103.6080
G1 X97.6020 Y103.7308
G1 X97.5494 Y103.8568
G1 X97.5042 Y103.9857
G1 X97.4666 Y104.1171
G1 X97.4367 Y104.2503
G1 X97.4146 Y104.3851
G1 X97.4003 Y104.5210
G1 X97.3940 Y104.6574
G1 X97.3957 Y104.7940
G1 X97.4052 Y104.9303
G1 X97.4227 Y105.0658
G1 X97.4480 Y105.2000
G1 X97.4811 Y105.3325
G1 X97.5219 Y105.4629
G1 X97.5701 Y105.5907
G1 X97.6257 Y105.7155
G1 X97.6885 Y105.8368
G1 X97.7582 Y105.9542
G1 X97.8346 Y106.0675
G1 X97.9175 Y106.1760
G1 X98.0065 Y106.2796
G1 X98.1015 Y106.3778
G1 X98.2019 Y106.4704
G1 X98.3076 Y106.5569
G1 X98.4182 Y106.6372
G1 X98.5332 Y106.7109
G1 X98.6523 Y106.7777
G1 X98.7751 Y106.8376
G1 X98.9011 Y106.8902
G1 X99.0300 Y106.9354
G1 X99.1614 Y106.9730
G1 X99.2946 Y107.0029
G1 X99.4294 Y107.0250
G1 X99.5653 Y107.0392
G1 X99.7017 Y107.0455
G1 X99.8383 Y107.0439
G1 X99.9746 Y107.0343
G1 X100.1101 Y107.0168
G1 X100.2443 Y106.9915
G1 X100.3768 Y106.9584
G1 X100.5072 Y106.9177
G1 X100.6350 Y106.8694
G1 X100.7597 Y106.8138
G1 X100.8811 Y106.7510
G1 X100.9985 Y106.6813
G1 X101.1118 Y106.6049
G1 X101.2203 Y106.5220
G1 X101.3239 Y106.4330
G1 X101.4221 Y106.3381
G1 X101.5147 Y106.2376
G1 X101.6012 Y106.1319
G1 X101.6815 Y106.0214
G1 X101.7552 Y105.9064
G1 X101.8220 Y105.7873
G1 X101.8819 Y105.6645
G1 X101.9345 Y105.5384
G1 X101.9797 Y105.4095
G1 X102.0173 Y105.2782
G1 X102.0472 Y105.1449
G1 X102.0693 Y105.0101
G1 X102.0835 Y104.8743
G1 X102.0898 Y104.7378
G1 X102.0882 Y104.6012
G1 X102.0786 Y104.4650
G1 X102.0611 Y104.3295
G1 X102.0358 Y104.1953
G1 X102.0027 Y104.0627
G1 X101.9620 Y103.9324
G1 X101.9137 Y103.8046
G1 X101.8581 Y103.6798
G1 X101.7953 Y103.5585
G1 X101.7256 Y103.4410
G1 X101.6492 Y103.3278
G1 X101.5663 Y103.2192
G1 X101.4773 Y103.1156
G1 X101.3824 Y103.0174
G1 X101.2819 Y102.9249
G1 X101.1762 Y102.8383
G1 X101.0657 Y102.7581
G1 X100.9507 Y102.6844
G1 X100.8316 Y102.6175
G1 X100.7088 Y102.5577
G1 X100.5827 Y102.5051
G1 X100.4538 Y102.4599
G1 X100.3225 Y102.4223
G1 X100.1892 Y102.3924
G1 X100.0544 Y102.3703
G1 X99.9185 Y102.3560
G1 X99.7821 Y102.3497
G1 X99.6455 Y102.3514
G1 X99.5092 Y102.3609
G1 X99.3738 Y102.3784
G1 X99.2396 Y102.4038
G1 X99.1070 Y102.4368
G1 X98.9766 Y102.4776
G1 X98.8489 Y102.5258
G1 X98.7241 Y102.5814
G1 X98.6028 Y102.6442
G1 X98.4853 Y102.7139
G1 X98.3721 Y102.7903
G1 X98.2635 Y102.8732
G1 X98.1599 Y102.9623
G0 Z-5.0000


(No. 7: Hole 21)
G0 X98.0065 Y88.1156 Z-5.0000 F2100
G0 Z-0.5000 F480
G1 Z0.0000 F120
G1 Z4.0000
G1 X97.9175 Y88.2192 F480
G1 X97.8346 Y88.3278
G1 X97.7582 Y88.4410
G1 X97.6885 Y88.5585
G1 X97.6257 Y88.6798
G1 X97.5701 Y88.8046
G1 X97.5219 Y88.9324
G1 X97.4811 Y89.0627
G1 X97.4480 Y89.1953
G1 X97.4227 Y89.3295
G1 X97.4052 Y89.4650
G1 X97.3957 Y89.6012
G1 X97.3940 Y89.7378
G1 X97.4003 Y89.8743
G1 X97.4146 Y90.0101
G1 X97.4367 Y90.1449
G1 X97.4666 Y90.2782
G1 X97.5042 Y90.4095
G1 X97.5494 Y90.5384
G1 X97.6020 Y90.6645
G1 X97.6618 Y90.7873
G1 X97.7287 Y90.9064
G1 X97.8024 Y91.0214
G1 X97.8826 Y91.1319
G1 X97.9692 Y91.2376
G1 X98.0617 Y91.3381
G1 X98.1599 Y91.4330
G1 X98.2635 Y91.5220
G1 X98.3721 Y91.6049
G1 X98.4853 Y91.6813
G1 X98.6028 Y91.7510
G1 X98.7241 Y91.8138
G1 X98.8489 Y91.8694
G1 X98.9766 Y91.9177
G1 X99.1070 Y91.9584
G1 X99.2396 Y91.9915
G1 X99.3738 Y92.0168
G1 X99.5092 Y92.0343
G1 X99.6455 Y92.0439
G1 X99.7821 Y92.0455
G1 X99.9185 Y92.0392
G1 X100.0544 Y92.0250
G1 X100.1892 Y92.0029
G1 X100.3225 Y91.9730
G1 X100.4538 Y91.9354
G1 X100.5827 Y91.8902
G1 X100.7088 Y91.8376
G1 X100.8316 Y91.7777
G1 X100.9507 Y91.7109
G1 X101.0657 Y91.6372
G1 X101.1762 Y91.5569
G1 X101.2819 Y91.4704
G1 X101.3824 Y91.3778
G1 X101.4773 Y91.2796
G1 X101.5663 Y91.1760
G1 X101.6492 Y91.0675
G1 X101.7256 Y90.9542
G1 X101.7953 Y90.8368
G1 X101.8581 Y90.7155
G1 X101.9137 Y90.5907
G1 X101.9620 Y90.4629
G1 X102.0027 Y90.3325
G1 X102.0358 Y90.2000
G1 X102.0611 Y90.0658
G1 X102.0786 Y89.9303
G1 X102.0882 Y89.7940
G1 X102.0898 Y89.6574
G1 X102.0835 Y89.5210
G1 X102.0693 Y89.3851
G1 X102.0472 Y89.2503
G1 X102.0173 Y89.1171
G1 X101.9797 Y88.9857
G1 X101.9345 Y88.8568
G1 X101.8819 Y88.7308
G1 X101.8220 Y88.6080
G1 X101.7552 Y88.4889
G1 X101.6815 Y88.3739
G1 X101.6012 Y88.2633
G1 X101.5147 Y88.1576
G1 X101.4221 Y88.0572
G1 X101.3239 Y87.9623
G1 X101.2203 Y87.8732
G1 X101.1118 Y87.7903
G1 X100.9985 Y87.7139
G1 X100.8811 Y87.6442
G1 X100.7597 Y87.5814
G1 X100.6350 Y87.5258
G1 X100.5072 Y87.4776
G1 X100.3768 Y87.4368
G1 X100.2443 Y87.4038
G1 X100.1101 Y87.3784
G1 X99.9746 Y87.3609
G1 X99.8383 Y87.3514
G1 X99.7017 Y87.3497
G1 X99.5653 Y87.3560
G1 X99.4294 Y87.3703
G1 X99.2946 Y87.3924
G1 X99.1614 Y87.4223
G1 X99.0300 Y87.4599
G1 X98.9011 Y87.5051
G1 X98.7751 Y87.5577
G1 X98.6523 Y87.6175
G1 X98.5332 Y87.6844
G1 X98.4182 Y87.7581
G1 X98.3076 Y87.8383
G1 X98.2019 Y87.9249
G1 X98.1015 Y88.0174
G1 X98.0065 Y88.1156
G1 Z8.0000 F120
G1 X97.9175 Y88.2192 F480
G1 X97.8346 Y88.3278
G1 X97.7582 Y88.4410
G1 X97.6885 Y88.5585
G1 X97.6257 Y88.6798
G1 X97.5701 Y88.8046
G1 X97.5219 Y88.9324
G1 X97.4811 Y89.0627
G1 X97.4480 Y89.1953
G1 X97.4227 Y89.3295
G1 X97.4052 Y89.4650
G1 X97.3957 Y89.6012
G1 X97.3940 Y89.7378
G1 X97.4003 Y89.8743
G1 X97.4146 Y90.0101
G1 X97.4367 Y90.1449
G1 X97.4666 Y90.2782
G1 X97.5042 Y90.4095
G1 X97.5494 Y90.5384
G1 X97.6020 Y90.6645
G1 X97.6618 Y90.7873
G1 X97.7287 Y90.9064
G1 X97.8024 Y91.0214
G1 X97.8826 Y91.1319
G1 X97.9692 Y91.2376
G1 X98.0617 Y91.3381
G1 X98.1599 Y91.4330
G1 X98.2635 Y91.5220
G1 X98.3721 Y91.6049
G1 X98.4853 Y91.6813
G1 X98.6028 Y91.7510
G1 X98.7241 Y91.8138
G1 X98.8489 Y91.8694
G1 X98.9766 Y91.9177
G1 X99.1070 Y91.9584
G1 X99.2396 Y91.9915
G1 X99.3738 Y92.0168
G1 X99.5092 Y92.0343
G1 X99.6455 Y92.0439
G1 X99.7821 Y92.0455
G1 X99.9185 Y92.0392
G1 X100.0544 Y92.0250
G1 X100.1892 Y92.0029
G1 X100.3225 Y91.9730
G1 X100.4538 Y91.9354
G1 X100.5827 Y91.8902
G1 X100.7088 Y91.8376
G1 X100.8316 Y91.7777
G1 X100.9507 Y91.7109
G1 X101.0657 Y91.6372
G1 X101.1762 Y91.5569
G1 X101.2819 Y91.4704
G1 X101.3824 Y91.3778
G1 X101.4773 Y91.2796
G1 X101.5663 Y91.1760
G1 X101.6492 Y91.0675
G1 X101.7256 Y90.9542
G1 X101.7953 Y90.8368
G1 X101.8581 Y90.7155
G1 X101.9137 Y90.5907
G1 X101.9620 Y90.4629
G1 X102.0027 Y90.3325
G1 X102.0358 Y90.2000
G1 X102.0611 Y90.0658
G1 X102.0786 Y89.9303
G1 X102.0882 Y89.7940
G1 X102.0898 Y89.6574
G1 X102.0835 Y89.5210
G1 X102.0693 Y89.3851
G1 X102.0472 Y89.2503
G1 X102.0173 Y89.1171
G1 X101.9797 Y88.9857
G1 X101.9345 Y88.8568
G1 X101.8819 Y88.7308
G1 X101.8220 Y88.6080
G1 X101.7552 Y88.4889
G1 X101.6815 Y88.3739
G1 X101.6012 Y88.2633
G1 X101.5147 Y88.1576
G1 X101.4221 Y88.0572
G1 X101.3239 Y87.9623
G1 X101.2203 Y87.8732
G1 X101.1118 Y87.7903
G1 X100.9985 Y87.7139
G1 X100.8811 Y87.6442
G1 X100.7597 Y87.5814
G1 X100.6350 Y87.5258
G1 X100.5072 Y87.4776
G1 X100.3768 Y87.4368
G1 X100.2443 Y87.4038
G1 X100.1101 Y87.3784
G1 X99.9746 Y87.3609
G1 X99.8383 Y87.3514
G1 X99.7017 Y87.3497
G1 X99.5653 Y87.3560
G1 X99.4294 Y87.3703
G1 X99.2946 Y87.3924
G1 X99.1614 Y87.4223
G1 X99.0300 Y87.4599
G1 X98.9011 Y87.5051
G1 X98.7751 Y87.5577
G1 X98.6523 Y87.6175
G1 X98.5332 Y87.6844
G1 X98.4182 Y87.7581
G1 X98.3076 Y87.8383
G1 X98.2019 Y87.9249
G1 X98.1015 Y88.0174
G1 X98.0065 Y88.1156
G0 Z-5.0000


(No. 8: Hole 22)
G0 X83.1599 Y87.9623 Z-5.0000 F2100
G0 Z-0.5000 F480
G1 Z0.0000 F120
G1 Z4.0000
G1 X83.0617 Y88.0572 F480
G1 X82.9692 Y88.1576
G1 X82.8826 Y88.2633
G1 X82.8024 Y88.3739
G1 X82.7287 Y88.4889
G1 X82.6618 Y88.6080
G1 X82.6020 Y88.7308
G1 X82.5494 Y88.8568
G1 X82.5042 Y88.9857
G1 X82.4666 Y89.1171
G1 X82.4367 Y89.2503
G1 X82.4146 Y89.3851
G1 X82.4003 Y89.5210
G1 X82.3940 Y89.6574
G1 X82.3957 Y89.7940
G1 X82.4052 Y89.9303
G1 X82.4227 Y90.0658
G1 X82.4480 Y90.2000
G1 X82.4811 Y90.3325
G1 X82.5219 Y90.4629
G1 X82.5701 Y90.5907
G1 X82.6257 Y90.7155
G1 X82.6885 Y90.8368
G1 X82.7582 Y90.9542
G1 X82.8346 Y91.0675
G1 X82.9175 Y91.1760
G1 X83.0065 Y91.2796
G1 X83.1015 Y91.3778
G1 X83.2019 Y91.4704
G1 X83.3076 Y91.5569
G1 X83.4182 Y91.6372
G1 X83.5332 Y91.7109
G1 X83.6523 Y91.7777
G1 X83.7751 Y91.8376
G1 X83.9011 Y91.8902
G1 X84.0300 Y91.9354
G1 X84.1614 Y91.9730
G1 X84.2946 Y92.0029
G1 X84.4294 Y92.0250
G1 X84.5653 Y92.0392
G1 X84.7017 Y92.0455
G1 X84.8383 Y92.0439
G1 X84.9746 Y92.0343
G1 X85.1101 Y92.0168
G1 X85.2443 Y91.9915
G1 X85.3768 Y91.9584
G1 X85.5072 Y91.9177
G1 X85.6350 Y91.8694
G1 X85.7597 Y91.8138
G1 X85.8811 Y91.7510
G1 X85.9985 Y91.6813
G1 X86.1118 Y91.6049
G1 X86.2203 Y91.5220
G1 X86.3239 Y91.4330
G1 X86.4221 Y91.3381
G1 X86.5147 Y91.2376
G1 X86.6012 Y91.1319
G1 X86.6815 Y91.0214
G1 X86.7552 Y90.9064
G1 X86.8220 Y90.7873
G1 X86.8819 Y90.6645
G1 X86.9345 Y90.5384
G1 X86.9797 Y90.4095
G1 X87.0173 Y90.2782
G1 X87.0472 Y90.1449
G1 X87.0693 Y90.0101
G1 X87.0835 Y89.8743
G1 X87.0898 Y89.7378
G1 X87.0882 Y89.6012
G1 X87.0786 Y89.4650
G1 X87.0611 Y89.3295
G1 X87.0358 Y89.1953
G1 X87.0027 Y89.0627
G1 X86.9620 Y88.9324
G1 X86.9137 Y88.8046
G1 X86.8581 Y88.6798
G1 X86.7953 Y88.5585
G1 X86.7256 Y88.4410
G1 X86.6492 Y88.3278
G1 X86.5663 Y88.2192
G1 X86.4773 Y88.1156
G1 X86.3824 Y88.0174
G1 X86.2819 Y87.9249
G1 X86.1762 Y87.8383
G1 X86.0657 Y87.7581
G1 X85.9507 Y87.6844
G1 X85.8316 Y87.6175
G1 X85.7088 Y87.5577
G1 X85.5827 Y87.5051
G1 X85.4538 Y87.4599
G1 X85.3225 Y87.4223
G1 X85.1892 Y87.3924
G1 X85.0544 Y87.3703
G1 X84.9185 Y87.3560
G1 X84.7821 Y87.3497
G1 X84.6455 Y87.3514
G1 X84.5092 Y87.3609
G1 X84.3738 Y87.3784
G1 X84.2396 Y87.4038
G1 X84.1070 Y87.4368
G1 X83.9766 Y87.4776
G1 X83.8489 Y87.5258
G1 X83.7241 Y87.5814
G1 X83.6028 Y87.6442
G1 X83.4853 Y87.7139
G1 X83.3721 Y87.7903
G1 X83.2635 Y87.8732
G1 X83.1599 Y87.9623
G1 Z8.0000 F120
G1 X83.0617 Y88.0572 F480
G1 X82.9692 Y88.1576
G1 X82.8826 Y88.2633
G1 X82.8024 Y88.3739
G1 X82.7287 Y88.4889
G1 X82.6618 Y88.6080
G1 X82.6020 Y88.7308
G1 X82.5494 Y88.8568
G1 X82.5042 Y88.9857
G1 X82.4666 Y89.1171
G1 X82.4367 Y89.2503
G1 X82.4146 Y89.3851
G1 X82.4003 Y89.5210
G1 X82.3940 Y89.6574
G1 X82.3957 Y89.7940
G1 X82.4052 Y89.9303
G1 X82.4227 Y90.0658
G1 X82.4480 Y90.2000
G1 X82.4811 Y90.3325
G1 X82.5219 Y90.4629
G1 X82.5701 Y90.5907
G1 X82.6257 Y90.7155
G1 X82.6885 Y90.8368
G1 X82.7582 Y90.9542
G1 X82.8346 Y91.0675
G1 X82.9175 Y91.1760
G1 X83.0065 Y91.2796
G1 X83.1015 Y91.3778
G1 X83.2019 Y91.4704
G1 X83.3076 Y91.5569
G1 X83.4182 Y91.6372
G1 X83.5332 Y91.7109
G1 X83.6523 Y91.7777
G1 X83.7751 Y91.8376
G1 X83.9011 Y91.8902
G1 X84.0300 Y91.9354
G1 X84.1614 Y91.9730
G1 X84.2946 Y92.0029
G1 X84.4294 Y92.0250
G1 X84.5653 Y92.0392
G1 X84.7017 Y92.0455
G1 X84.8383 Y92.0439
G1 X84.9746 Y92.0343
G1 X85.1101 Y92.0168
G1 X85.2443 Y91.9915
G1 X85.3768 Y91.9584
G1 X85.5072 Y91.9177
G1 X85.6350 Y91.8694
G1 X85.7597 Y91.8138
G1 X85.8811 Y91.7510
G1 X85.9985 Y91.6813
G1 X86.1118 Y91.6049
G1 X86.2203 Y91.5220
G1 X86.3239 Y91.4330
G1 X86.4221 Y91.3381
G1 X86.5147 Y91.2376
G1 X86.6012 Y91.1319
G1 X86.6815 Y91.0214
G1 X86.7552 Y90.9064
G1 X86.8220 Y90.7873
G1 X86.8819 Y90.6645
G1 X86.9345 Y90.5384
G1 X86.9797 Y90.4095
G1 X87.0173 Y90.2782
G1 X87.0472 Y90.1449
G1 X87.0693 Y90.0101
G1 X87.0835 Y89.8743
G1 X87.0898 Y89.7378
G1 X87.0882 Y89.6012
G1 X87.0786 Y89.4650
G1 X87.0611 Y89.3295
G1 X87.0358 Y89.1953
G1 X87.0027 Y89.0627
G1 X86.9620 Y88.9324
G1 X86.9137 Y88.8046
G1 X86.8581 Y88.6798
G1 X86.7953 Y88.5585
G1 X86.7256 Y88.4410
G1 X86.6492 Y88.3278
G1 X86.5663 Y88.2192
G1 X86.4773 Y88.1156
G1 X86.3824 Y88.0174
G1 X86.2819 Y87.9249
G1 X86.1762 Y87.8383
G1 X86.0657 Y87.7581
G1 X85.9507 Y87.6844
G1 X85.8316 Y87.6175
G1 X85.7088 Y87.5577
G1 X85.5827 Y87.5051
G1 X85.4538 Y87.4599
G1 X85.3225 Y87.4223
G1 X85.1892 Y87.3924
G1 X85.0544 Y87.3703
G1 X84.9185 Y87.3560
G1 X84.7821 Y87.3497
G1 X84.6455 Y87.3514
G1 X84.5092 Y87.3609
G1 X84.3738 Y87.3784
G1 X84.2396 Y87.4038
G1 X84.1070 Y87.4368
G1 X83.9766 Y87.4776
G1 X83.8489 Y87.5258
G1 X83.7241 Y87.5814
G1 X83.6028 Y87.6442
G1 X83.4853 Y87.7139
G1 X83.3721 Y87.7903
G1 X83.2635 Y87.8732
G1 X83.1599 Y87.9623
G0 Z-5.0000


(No. 9: Hole 20)
G0 X68.3268 Y87.8237 Z-5.0000 F2100
G0 Z-0.5000 F480
G1 Z0.0000 F120
G1 Z4.0000
G1 X68.2202 Y87.9091 F480
G1 X68.1188 Y88.0006
G1 X68.0229 Y88.0979
G1 X67.9328 Y88.2006
G1 X67.8488 Y88.3083
G1 X67.7712 Y88.4207
G1 X67.7003 Y88.5375
G1 X67.6363 Y88.6581
G1 X67.5794 Y88.7823
G1 X67.5298 Y88.9096
G1 X67.4878 Y89.0396
G1 X67.4533 Y89.1717
G1 X67.4266 Y89.3057
G1 X67.4077 Y89.4410
G1 X67.3968 Y89.5771
G1 X67.3937 Y89.7137
G1 X67.3986 Y89.8502
G1 X67.4115 Y89.9862
G1 X67.4322 Y90.1212
G1 X67.4607 Y90.2548
G1 X67.4970 Y90.3865
G1 X67.5408 Y90.5159
G1 X67.5921 Y90.6424
G1 X67.6507 Y90.7658
G1 X67.7164 Y90.8856
G1 X67.7889 Y91.0014
G1 X67.8680 Y91.1128
G1 X67.9534 Y91.2193
G1 X68.0449 Y91.3207
G1 X68.1422 Y91.4167
G1 X68.2448 Y91.5068
G1 X68.3526 Y91.5908
G1 X68.4650 Y91.6683
G1 X68.5817 Y91.7392
G1 X68.7024 Y91.8032
G1 X68.8266 Y91.8601
G1 X68.9539 Y91.9097
G1 X69.0838 Y91.9518
G1 X69.2160 Y91.9862
G1 X69.3500 Y92.0129
G1 X69.4853 Y92.0318
G1 X69.6214 Y92.0428
G1 X69.7580 Y92.0458
G1 X69.8945 Y92.0409
G1 X70.0305 Y92.0281
G1 X70.1655 Y92.0073
G1 X70.2991 Y91.9788
G1 X70.4308 Y91.9425
G1 X70.5601 Y91.8987
G1 X70.6867 Y91.8474
G1 X70.8101 Y91.7888
G1 X70.9299 Y91.7232
G1 X71.0457 Y91.6507
G1 X71.1570 Y91.5716
G1 X71.2636 Y91.4861
G1 X71.3650 Y91.3946
G1 X71.4610 Y91.2974
G1 X71.5511 Y91.1947
G1 X71.6350 Y91.0870
G1 X71.7126 Y90.9745
G1 X71.7835 Y90.8578
G1 X71.8475 Y90.7371
G1 X71.9044 Y90.6129
G1 X71.9540 Y90.4856
G1 X71.9961 Y90.3557
G1 X72.0305 Y90.2235
G1 X72.0572 Y90.0896
G1 X72.0761 Y89.9543
G1 X72.0871 Y89.8181
G1 X72.0901 Y89.6816
G1 X72.0852 Y89.5450
G1 X72.0724 Y89.4091
G1 X72.0516 Y89.2740
G1 X72.0231 Y89.1405
G1 X71.9868 Y89.0088
G1 X71.9430 Y88.8794
G1 X71.8917 Y88.7528
G1 X71.8331 Y88.6294
G1 X71.7675 Y88.5096
G1 X71.6950 Y88.3938
G1 X71.6159 Y88.2825
G1 X71.5304 Y88.1759
G1 X71.4389 Y88.0745
G1 X71.3416 Y87.9786
G1 X71.2390 Y87.8885
G1 X71.1313 Y87.8045
G1 X71.0188 Y87.7269
G1 X70.9021 Y87.6560
G1 X70.7814 Y87.5920
G1 X70.6572 Y87.5351
G1 X70.5299 Y87.4856
G1 X70.4000 Y87.4435
G1 X70.2678 Y87.4090
G1 X70.1338 Y87.3823
G1 X69.9986 Y87.3635
G1 X69.8624 Y87.3525
G1 X69.7258 Y87.3494
G1 X69.5893 Y87.3543
G1 X69.4533 Y87.3672
G1 X69.3183 Y87.3879
G1 X69.1847 Y87.4164
G1 X69.0531 Y87.4527
G1 X68.9237 Y87.4966
G1 X68.7971 Y87.5478
G1 X68.6737 Y87.6064
G1 X68.5539 Y87.6721
G1 X68.4381 Y87.7446
G1 X68.3268 Y87.8237
G1 Z8.0000 F120
G1 X68.2202 Y87.9091 F480
G1 X68.1188 Y88.0006
G1 X68.0229 Y88.0979
G1 X67.9328 Y88.2006
G1 X67.8488 Y88.3083
G1 X67.7712 Y88.4207
G1 X67.7003 Y88.5375
G1 X67.6363 Y88.6581
G1 X67.5794 Y88.7823
G1 X67.5298 Y88.9096
G1 X67.4878 Y89.0396
G1 X67.4533 Y89.1717
G1 X67.4266 Y89.3057
G1 X67.4077 Y89.4410
G1 X67.3968 Y89.5771
G1 X67.3937 Y89.7137
G1 X67.3986 Y89.8502
G1 X67.4115 Y89.9862
G1 X67.4322 Y90.1212
G1 X67.4607 Y90.2548
G1 X67.4970 Y90.3865
G1 X67.5408 Y90.5159
G1 X67.5921 Y90.6424
G1 X67.6507 Y90.7658
G1 X67.7164 Y90.8856
G1 X67.7889 Y91.0014
G1 X67.8680 Y91.1128
G1 X67.9534 Y91.2193
G1 X68.0449 Y91.3207
G1 X68.1422 Y91.4167
G1 X68.2448 Y91.5068
G1 X68.3526 Y91.5908
G1 X68.4650 Y91.6683
G1 X68.5817 Y91.7392
G1 X68.7024 Y91.8032
G1 X68.8266 Y91.8601
G1 X68.9539 Y91.9097
G1 X69.0838 Y91.9518
G1 X69.2160 Y91.9862
G1 X69.3500 Y92.0129
G1 X69.4853 Y92.0318
G1 X69.6214 Y92.0428
G1 X69.7580 Y92.0458
G1 X69.8945 Y92.0409
G1 X70.0305 Y92.0281
G1 X70.1655 Y92.0073
G1 X70.2991 Y91.9788
G1 X70.4308 Y91.9425
G1 X70.5601 Y91.8987
G1 X70.6867 Y91.8474
G1 X70.8101 Y91.7888
G1 X70.9299 Y91.7232
G1 X71.0457 Y91.6507
G1 X71.1570 Y91.5716
G1 X71.2636 Y91.4861
G1 X71.3650 Y91.3946
G1 X71.4610 Y91.2974
G1 X71.5511 Y91.1947
G1 X71.6350 Y91.0870
G1 X71.7126 Y90.9745
G1 X71.7835 Y90.8578
G1 X71.8475 Y90.7371
G1 X71.9044 Y90.6129
G1 X71.9540 Y90.4856
G1 X71.9961 Y90.3557
G1 X72.0305 Y90.2235
G1 X72.0572 Y90.0896
G1 X72.0761 Y89.9543
G1 X72.0871 Y89.8181
G1 X72.0901 Y89.6816
G1 X72.0852 Y89.5450
G1 X72.0724 Y89.4091
G1 X72.0516 Y89.2740
G1 X72.0231 Y89.1405
G1 X71.9868 Y89.0088
G1 X71.9430 Y88.8794
G1 X71.8917 Y88.7528
G1 X71.8331 Y88.6294
G1 X71.7675 Y88.5096
G1 X71.6950 Y88.3938
G1 X71.6159 Y88.2825
G1 X71.5304 Y88.1759
G1 X71.4389 Y88.0745
G1 X71.3416 Y87.9786
G1 X71.2390 Y87.8885
G1 X71.1313 Y87.8045
G1 X71.0188 Y87.7269
G1 X70.9021 Y87.6560
G1 X70.7814 Y87.5920
G1 X70.6572 Y87.5351
G1 X70.5299 Y87.4856
G1 X70.4000 Y87.4435
G1 X70.2678 Y87.4090
G1 X70.1338 Y87.3823
G1 X69.9986 Y87.3635
G1 X69.8624 Y87.3525
G1 X69.7258 Y87.3494
G1 X69.5893 Y87.3543
G1 X69.4533 Y87.3672
G1 X69.3183 Y87.3879
G1 X69.1847 Y87.4164
G1 X69.0531 Y87.4527
G1 X68.9237 Y87.4966
G1 X68.7971 Y87.5478
G1 X68.6737 Y87.6064
G1 X68.5539 Y87.6721
G1 X68.4381 Y87.7446
G1 X68.3268 Y87.8237
G0 Z-5.0000


(No. 10: Hole 11)
G0 X68.5057 Y117.7011 Z-5.0000 F2100
G0 Z-0.5000 F480
G1 Z0.0000 F120
G1 Z4.0000
G1 X68.3917 Y117.7764 F480
G1 X68.2823 Y117.8581
G1 X68.1778 Y117.9461
G1 X68.0786 Y118.0400
G1 X67.9851 Y118.1395
G1 X67.8974 Y118.2443
G1 X67.8161 Y118.3540
G1 X67.7412 Y118.4683
G1 X67.6731 Y118.5867
G1 X67.6120 Y118.7089
G1 X67.5581 Y118.8344
G1 X67.5116 Y118.9628
G1 X67.4727 Y119.0937
G1 X67.4414 Y119.2267
G1 X67.4179 Y119.3613
G1 X67.4023 Y119.4970
G1 X67.3946 Y119.6333
G1 X67.3948 Y119.7699
G1 X67.4030 Y119.9063
G1 X67.4191 Y120.0419
G1 X67.4430 Y120.1764
G1 X67.4747 Y120.3093
G1 X67.5141 Y120.4401
G1 X67.5611 Y120.5683
G1 X67.6154 Y120.6937
G1 X67.6769 Y120.8156
G1 X67.7454 Y120.9338
G1 X67.8207 Y121.0478
G1 X67.9024 Y121.1572
G1 X67.9904 Y121.2617
G1 X68.0843 Y121.3609
G1 X68.1838 Y121.4545
G1 X68.2886 Y121.5421
G1 X68.3983 Y121.6235
G1 X68.5126 Y121.6984
G1 X68.6310 Y121.7664
G1 X68.7532 Y121.8275
G1 X68.8787 Y121.8814
G1 X69.0071 Y121.9279
G1 X69.1380 Y121.9669
G1 X69.2710 Y121.9982
G1 X69.4056 Y122.0216
G1 X69.5413 Y122.0373
G1 X69.6776 Y122.0450
G1 X69.8142 Y122.0447
G1 X69.9506 Y122.0366
G1 X70.0862 Y122.0205
G1 X70.2207 Y121.9965
G1 X70.3536 Y121.9648
G1 X70.4844 Y121.9254
G1 X70.6126 Y121.8785
G1 X70.7380 Y121.8241
G1 X70.8599 Y121.7626
G1 X70.9781 Y121.6941
G1 X71.0921 Y121.6189
G1 X71.2015 Y121.5371
G1 X71.3060 Y121.4491
G1 X71.4052 Y121.3552
G1 X71.4988 Y121.2557
G1 X71.5864 Y121.1509
G1 X71.6678 Y121.0412
G1 X71.7426 Y120.9270
G1 X71.8107 Y120.8086
G1 X71.8718 Y120.6864
G1 X71.9257 Y120.5609
G1 X71.9722 Y120.4324
G1 X72.0112 Y120.3015
G1 X72.0424 Y120.1685
G1 X72.0659 Y120.0340
G1 X72.0816 Y119.8983
G1 X72.0893 Y119.7619
G1 X72.0890 Y119.6253
G1 X72.0809 Y119.4890
G1 X72.0648 Y119.3533
G1 X72.0408 Y119.2188
G1 X72.0091 Y119.0860
G1 X71.9697 Y118.9552
G1 X71.9228 Y118.8269
G1 X71.8684 Y118.7016
G1 X71.8069 Y118.5796
G1 X71.7384 Y118.4614
G1 X71.6632 Y118.3474
G1 X71.5814 Y118.2380
G1 X71.4934 Y118.1335
G1 X71.3995 Y118.0343
G1 X71.3000 Y117.9408
G1 X71.1952 Y117.8531
G1 X71.0855 Y117.7718
G1 X70.9713 Y117.6969
G1 X70.8529 Y117.6288
G1 X70.7307 Y117.5677
G1 X70.6052 Y117.5138
G1 X70.4767 Y117.4673
G1 X70.3458 Y117.4284
G1 X70.2128 Y117.3971
G1 X70.0783 Y117.3736
G1 X69.9426 Y117.3580
G1 X69.8062 Y117.3503
G1 X69.6696 Y117.3505
G1 X69.5333 Y117.3587
G1 X69.3976 Y117.3748
G1 X69.2631 Y117.3987
G1 X69.1303 Y117.4304
G1 X68.9995 Y117.4698
G1 X68.8712 Y117.5168
G1 X68.7459 Y117.5711
G1 X68.6239 Y117.6326
G1 X68.5057 Y117.7011
G1 Z8.0000 F120
G1 X68.3917 Y117.7764 F480
G1 X68.2823 Y117.8581
G1 X68.1778 Y117.9461
G1 X68.0786 Y118.0400
G1 X67.9851 Y118.1395
G1 X67.8974 Y118.2443
G1 X67.8161 Y118.3540
G1 X67.7412 Y118.4683
G1 X67.6731 Y118.5867
G1 X67.6120 Y118.7089
G1 X67.5581 Y118.8344
G1 X67.5116 Y118.9628
G1 X67.4727 Y119.0937
G1 X67.4414 Y119.2267
G1 X67.4179 Y119.3613
G1 X67.4023 Y119.4970
G1 X67.3946 Y119.6333
G1 X67.3948 Y119.7699
G1 X67.4030 Y119.9063
G1 X67.4191 Y120.0419
G1 X67.4430 Y120.1764
G1 X67.4747 Y120.3093
G1 X67.5141 Y120.4401
G1 X67.5611 Y120.5683
G1 X67.6154 Y120.6937
G1 X67.6769 Y120.8156
G1 X67.7454 Y120.9338
G1 X67.8207 Y121.0478
G1 X67.9024 Y121.1572
G1 X67.9904 Y121.2617
G1 X68.0843 Y121.3609
G1 X68.1838 Y121.4545
G1 X68.2886 Y121.5421
G1 X68.3983 Y121.6235
G1 X68.5126 Y121.6984
G1 X68.6310 Y121.7664
G1 X68.7532 Y121.8275
G1 X68.8787 Y121.8814
G1 X69.0071 Y121.9279
G1 X69.1380 Y121.9669
G1 X69.2710 Y121.9982
G1 X69.4056 Y122.0216
G1 X69.5413 Y122.0373
G1 X69.6776 Y122.0450
G1 X69.8142 Y122.0447
G1 X69.9506 Y122.0366
G1 X70.0862 Y122.0205
G1 X70.2207 Y121.9965
G1 X70.3536 Y121.9648
G1 X70.4844 Y121.9254
G1 X70.6126 Y121.8785
G1 X70.7380 Y121.8241
G1 X70.8599 Y121.7626
G1 X70.9781 Y121.6941
G1 X71.0921 Y121.6189
G1 X71.2015 Y121.5371
G1 X71.3060 Y121.4491
G1 X71.4052 Y121.3552
G1 X71.4988 Y121.2557
G1 X71.5864 Y121.1509
G1 X71.6678 Y121.0412
G1 X71.7426 Y120.9270
G1 X71.8107 Y120.8086
G1 X71.8718 Y120.6864
G1 X71.9257 Y120.5609
G1 X71.9722 Y120.4324
G1 X72.0112 Y120.3015
G1 X72.0424 Y120.1685
G1 X72.0659 Y120.0340
G1 X72.0816 Y119.8983
G1 X72.0893 Y119.7619
G1 X72.0890 Y119.6253
G1 X72.0809 Y119.4890
G1 X72.0648 Y119.3533
G1 X72.0408 Y119.2188
G1 X72.0091 Y119.0860
G1 X71.9697 Y118.9552
G1 X71.9228 Y118.8269
G1 X71.8684 Y118.7016
G1 X71.8069 Y118.5796
G1 X71.7384 Y118.4614
G1 X71.6632 Y118.3474
G1 X71.5814 Y118.2380
G1 X71.4934 Y118.1335
G1 X71.3995 Y118.0343
G1 X71.3000 Y117.9408
G1 X71.1952 Y117.8531
G1 X71.0855 Y117.7718
G1 X70.9713 Y117.6969
G1 X70.8529 Y117.6288
G1 X70.7307 Y117.5677
G1 X70.6052 Y117.5138
G1 X70.4767 Y117.4673
G1 X70.3458 Y117.4284
G1 X70.2128 Y117.3971
G1 X70.0783 Y117.3736
G1 X69.9426 Y117.3580
G1 X69.8062 Y117.3503
G1 X69.6696 Y117.3505
G1 X69.5333 Y117.3587
G1 X69.3976 Y117.3748
G1 X69.2631 Y117.3987
G1 X69.1303 Y117.4304
G1 X68.9995 Y117.4698
G1 X68.8712 Y117.5168
G1 X68.7459 Y117.5711
G1 X68.6239 Y117.6326
G1 X68.5057 Y117.7011
G0 Z-5.0000


(No. 11: Hole 10)
G0 X53.6952 Y117.5956 Z-5.0000 F2100
G0 Z-0.5000 F480
G1 Z0.0000 F120
G1 Z4.0000
G1 X53.5748 Y117.6600 F480
G1 X53.4583 Y117.7313
G1 X53.3461 Y117.8093
G1 X53.2387 Y117.8936
G1 X53.1363 Y117.9841
G1 X53.0394 Y118.0803
G1 X52.9482 Y118.1821
G1 X52.8632 Y118.2889
G1 X52.7844 Y118.4005
G1 X52.7123 Y118.5166
G1 X52.6471 Y118.6366
G1 X52.5889 Y118.7602
G1 X52.5381 Y118.8869
G1 X52.4946 Y119.0164
G1 X52.4588 Y119.1483
G1 X52.4308 Y119.2819
G1 X52.4105 Y119.4170
G1 X52.3981 Y119.5531
G1 X52.3937 Y119.6896
G1 X52.3972 Y119.8261
G1 X52.4086 Y119.9623
G1 X52.4280 Y120.0975
G1 X52.4551 Y120.2313
G1 X52.4900 Y120.3634
G1 X52.5326 Y120.4932
G1 X52.5826 Y120.6203
G1 X52.6399 Y120.7443
G1 X52.7043 Y120.8648
G1 X52.7756 Y120.9813
G1 X52.8536 Y121.0934
G1 X52.9379 Y121.2009
G1 X53.0284 Y121.3032
G1 X53.1246 Y121.4001
G1 X53.2264 Y121.4913
G1 X53.3332 Y121.5764
G1 X53.4448 Y121.6551
G1 X53.5608 Y121.7272
G1 X53.6809 Y121.7925
G1 X53.8045 Y121.8506
G1 X53.9312 Y121.9015
G1 X54.0607 Y121.9449
G1 X54.1926 Y121.9807
G1 X54.3262 Y122.0088
G1 X54.4613 Y122.0290
G1 X54.5974 Y122.0414
G1 X54.7339 Y122.0458
G1 X54.8704 Y122.0423
G1 X55.0065 Y122.0309
G1 X55.1418 Y122.0116
G1 X55.2756 Y121.9844
G1 X55.4077 Y121.9495
G1 X55.5375 Y121.9070
G1 X55.6646 Y121.8570
G1 X55.7886 Y121.7997
G1 X55.9091 Y121.7353
G1 X56.0256 Y121.6640
G1 X56.1377 Y121.5860
G1 X56.2452 Y121.5016
G1 X56.3475 Y121.4112
G1 X56.4444 Y121.3149
G1 X56.5356 Y121.2132
G1 X56.6207 Y121.1063
G1 X56.6994 Y120.9947
G1 X56.7715 Y120.8787
G1 X56.8368 Y120.7587
G1 X56.8949 Y120.6351
G1 X56.9458 Y120.5083
G1 X56.9892 Y120.3788
G1 X57.0250 Y120.2470
G1 X57.0531 Y120.1133
G1 X57.0733 Y119.9782
G1 X57.0857 Y119.8422
G1 X57.0901 Y119.7057
G1 X57.0866 Y119.5691
G1 X57.0752 Y119.4330
G1 X57.0559 Y119.2978
G1 X57.0287 Y119.1639
G1 X56.9938 Y119.0318
G1 X56.9513 Y118.9020
G1 X56.9013 Y118.7749
G1 X56.8440 Y118.6509
G1 X56.7796 Y118.5305
G1 X56.7082 Y118.4140
G1 X56.6303 Y118.3018
G1 X56.5459 Y118.1944
G1 X56.4555 Y118.0920
G1 X56.3592 Y117.9951
G1 X56.2575 Y117.9039
G1 X56.1506 Y117.8189
G1 X56.0390 Y117.7401
G1 X55.9230 Y117.6680
G1 X55.8030 Y117.6028
G1 X55.6794 Y117.5446
G1 X55.5526 Y117.4938
G1 X55.4231 Y117.4504
G1 X55.2913 Y117.4145
G1 X55.1576 Y117.3865
G1 X55.0225 Y117.3662
G1 X54.8865 Y117.3538
G1 X54.7500 Y117.3494
G1 X54.6134 Y117.3529
G1 X54.4773 Y117.3643
G1 X54.3421 Y117.3837
G1 X54.2082 Y117.4108
G1 X54.0761 Y117.4457
G1 X53.9463 Y117.4883
G1 X53.8192 Y117.5383
G1 X53.6952 Y117.5956
G1 Z8.0000 F120
G1 X53.5748 Y117.6600 F480
G1 X53.4583 Y117.7313
G1 X53.3461 Y117.8093
G1 X53.2387 Y117.8936
G1 X53.1363 Y117.9841
G1 X53.0394 Y118.0803
G1 X52.9482 Y118.1821
G1 X52.8632 Y118.2889
G1 X52.7844 Y118.4005
G1 X52.7123 Y118.5166
G1 X52.6471 Y118.6366
G1 X52.5889 Y118.7602
G1 X52.5381 Y118.8869
G1 X52.4946 Y119.0164
G1 X52.4588 Y119.1483
G1 X52.4308 Y119.2819
G1 X52.4105 Y119.4170
G1 X52.3981 Y119.5531
G1 X52.3937 Y119.6896
G1 X52.3972 Y119.8261
G1 X52.4086 Y119.9623
G1 X52.4280 Y120.0975
G1 X52.4551 Y120.2313
G1 X52.4900 Y120.3634
G1 X52.5326 Y120.4932
G1 X52.5826 Y120.6203
G1 X52.6399 Y120.7443
G1 X52.7043 Y120.8648
G1 X52.7756 Y120.9813
G1 X52.8536 Y121.0934
G1 X52.9379 Y121.2009
G1 X53.0284 Y121.3032
G1 X53.1246 Y121.4001
G1 X53.2264 Y121.4913
G1 X53.3332 Y121.5764
G1 X53.4448 Y121.6551
G1 X53.5608 Y121.7272
G1 X53.6809 Y121.7925
G1 X53.8045 Y121.8506
G1 X53.9312 Y121.9015
G1 X54.0607 Y121.9449
G1 X54.1926 Y121.9807
G1 X54.3262 Y122.0088
G1 X54.4613 Y122.0290
G1 X54.5974 Y122.0414
G1 X54.7339 Y122.0458
G1 X54.8704 Y122.0423
G1 X55.0065 Y122.0309
G1 X55.1418 Y122.0116
G1 X55.2756 Y121.9844
G1 X55.4077 Y121.9495
G1 X55.5375 Y121.9070
G1 X55.6646 Y121.8570
G1 X55.7886 Y121.7997
G1 X55.9091 Y121.7353
G1 X56.0256 Y121.6640
G1 X56.1377 Y121.5860
G1 X56.2452 Y121.5016
G1 X56.3475 Y121.4112
G1 X56.4444 Y121.3149
G1 X56.5356 Y121.2132
G1 X56.6207 Y121.1063
G1 X56.6994 Y120.9947
G1 X56.7715 Y120.8787
G1 X56.8368 Y120.7587
G1 X56.8949 Y120.6351
G1 X56.9458 Y120.5083
G1 X56.9892 Y120.3788
G1 X57.0250 Y120.2470
G1 X57.0531 Y120.1133
G1 X57.0733 Y119.9782
G1 X57.0857 Y119.8422
G1 X57.0901 Y119.7057
G1 X57.0866 Y119.5691
G1 X57.0752 Y119.4330
G1 X57.0559 Y119.2978
G1 X57.0287 Y119.1639
G1 X56.9938 Y119.0318
G1 X56.9513 Y118.9020
G1 X56.9013 Y118.7749
G1 X56.8440 Y118.6509
G1 X56.7796 Y118.5305
G1 X56.7082 Y118.4140
G1 X56.6303 Y118.3018
G1 X56.5459 Y118.1944
G1 X56.4555 Y118.0920
G1 X56.3592 Y117.9951
G1 X56.2575 Y117.9039
G1 X56.1506 Y117.8189
G1 X56.0390 Y117.7401
G1 X55.9230 Y117.6680
G1 X55.8030 Y117.6028
G1 X55.6794 Y117.5446
G1 X55.5526 Y117.4938
G1 X55.4231 Y117.4504
G1 X55.2913 Y117.4145
G1 X55.1576 Y117.3865
G1 X55.0225 Y117.3662
G1 X54.8865 Y117.3538
G1 X54.7500 Y117.3494
G1 X54.6134 Y117.3529
G1 X54.4773 Y117.3643
G1 X54.3421 Y117.3837
G1 X54.2082 Y117.4108
G1 X54.0761 Y117.4457
G1 X53.9463 Y117.4883
G1 X53.8192 Y117.5383
G1 X53.6952 Y117.5956
G0 Z-5.0000


(No. 12: Hole 9)
G0 X53.8936 Y132.5080 Z-5.0000 F2100
G0 Z-0.5000 F480
G1 Z0.0000 F120
G1 Z4.0000
G1 X53.7678 Y132.5610 F480
G1 X53.6452 Y132.6212
G1 X53.5263 Y132.6885
G1 X53.4115 Y132.7626
G1 X53.3013 Y132.8432
G1 X53.1959 Y132.9301
G1 X53.0957 Y133.0230
G1 X53.0011 Y133.1216
G1 X52.9124 Y133.2255
G1 X52.8299 Y133.3343
G1 X52.7539 Y133.4478
G1 X52.6846 Y133.5655
G1 X52.6223 Y133.6870
G1 X52.5671 Y133.8120
G1 X52.5193 Y133.9400
G1 X52.4790 Y134.0705
G1 X52.4463 Y134.2031
G1 X52.4215 Y134.3374
G1 X52.4045 Y134.4730
G1 X52.3953 Y134.6092
G1 X52.3942 Y134.7458
G1 X52.4009 Y134.8823
G1 X52.4156 Y135.0181
G1 X52.4382 Y135.1528
G1 X52.4686 Y135.2860
G1 X52.5066 Y135.4172
G1 X52.5522 Y135.5459
G1 X52.6053 Y135.6718
G1 X52.6655 Y135.7944
G1 X52.7328 Y135.9132
G1 X52.8069 Y136.0280
G1 X52.8875 Y136.1383
G1 X52.9744 Y136.2437
G1 X53.0673 Y136.3438
G1 X53.1659 Y136.4384
G1 X53.2698 Y136.5271
G1 X53.3786 Y136.6096
G1 X53.4921 Y136.6856
G1 X53.6098 Y136.7549
G1 X53.7313 Y136.8173
G1 X53.8563 Y136.8725
G1 X53.9842 Y136.9203
G1 X54.1148 Y136.9606
G1 X54.2474 Y136.9932
G1 X54.3817 Y137.0181
G1 X54.5172 Y137.0351
G1 X54.6535 Y137.0442
G1 X54.7901 Y137.0454
G1 X54.9266 Y137.0386
G1 X55.0624 Y137.0239
G1 X55.1971 Y137.0013
G1 X55.3303 Y136.9710
G1 X55.4614 Y136.9329
G1 X55.5902 Y136.8873
G1 X55.7161 Y136.8343
G1 X55.8387 Y136.7740
G1 X55.9575 Y136.7067
G1 X56.0723 Y136.6326
G1 X56.1826 Y136.5520
G1 X56.2879 Y136.4651
G1 X56.3881 Y136.3722
G1 X56.4827 Y136.2737
G1 X56.5714 Y136.1698
G1 X56.6539 Y136.0609
G1 X56.7299 Y135.9474
G1 X56.7992 Y135.8297
G1 X56.8616 Y135.7082
G1 X56.9167 Y135.5832
G1 X56.9646 Y135.4553
G1 X57.0049 Y135.3248
G1 X57.0375 Y135.1921
G1 X57.0624 Y135.0578
G1 X57.0794 Y134.9223
G1 X57.0885 Y134.7860
G1 X57.0897 Y134.6494
G1 X57.0829 Y134.5130
G1 X57.0682 Y134.3772
G1 X57.0456 Y134.2425
G1 X57.0153 Y134.1093
G1 X56.9772 Y133.9781
G1 X56.9316 Y133.8493
G1 X56.8786 Y133.7235
G1 X56.8183 Y133.6009
G1 X56.7510 Y133.4820
G1 X56.6769 Y133.3672
G1 X56.5963 Y133.2570
G1 X56.5094 Y133.1516
G1 X56.4165 Y133.0514
G1 X56.3180 Y132.9569
G1 X56.2141 Y132.8682
G1 X56.1052 Y132.7857
G1 X55.9917 Y132.7096
G1 X55.8740 Y132.6403
G1 X55.7525 Y132.5780
G1 X55.6275 Y132.5228
G1 X55.4996 Y132.4750
G1 X55.3691 Y132.4347
G1 X55.2364 Y132.4020
G1 X55.1021 Y132.3772
G1 X54.9666 Y132.3602
G1 X54.8303 Y132.3510
G1 X54.6937 Y132.3499
G1 X54.5573 Y132.3567
G1 X54.4215 Y132.3714
G1 X54.2868 Y132.3939
G1 X54.1536 Y132.4243
G1 X54.0224 Y132.4623
G1 X53.8936 Y132.5080
G1 Z8.0000 F120
G1 X53.7678 Y132.5610 F480
G1 X53.6452 Y132.6212
G1 X53.5263 Y132.6885
G1 X53.4115 Y132.7626
G1 X53.3013 Y132.8432
G1 X53.1959 Y132.9301
G1 X53.0957 Y133.0230
G1 X53.0011 Y133.1216
G1 X52.9124 Y133.2255
G1 X52.8299 Y133.3343
G1 X52.7539 Y133.4478
G1 X52.6846 Y133.5655
G1 X52.6223 Y133.6870
G1 X52.5671 Y133.8120
G1 X52.5193 Y133.9400
G1 X52.4790 Y134.0705
G1 X52.4463 Y134.2031
G1 X52.4215 Y134.3374
G1 X52.4045 Y134.4730
G1 X52.3953 Y134.6092
G1 X52.3942 Y134.7458
G1 X52.4009 Y134.8823
G1 X52.4156 Y135.0181
G1 X52.4382 Y135.1528
G1 X52.4686 Y135.2860
G1 X52.5066 Y135.4172
G1 X52.5522 Y135.5459
G1 X52.6053 Y135.6718
G1 X52.6655 Y135.7944
G1 X52.7328 Y135.9132
G1 X52.8069 Y136.0280
G1 X52.8875 Y136.1383
G1 X52.9744 Y136.2437
G1 X53.0673 Y136.3438
G1 X53.1659 Y136.4384
G1 X53.2698 Y136.5271
G1 X53.3786 Y136.6096
G1 X53.4921 Y136.6856
G1 X53.6098 Y136.7549
G1 X53.7313 Y136.8173
G1 X53.8563 Y136.8725
G1 X53.9842 Y136.9203
G1 X54.1148 Y136.9606
G1 X54.2474 Y136.9932
G1 X54.3817 Y137.0181
G1 X54.5172 Y137.0351
G1 X54.6535 Y137.0442
G1 X54.7901 Y137.0454
G1 X54.9266 Y137.0386
G1 X55.0624 Y137.0239
G1 X55.1971 Y137.0013
G1 X55.3303 Y136.9710
G1 X55.4614 Y136.9329
G1 X55.5902 Y136.8873
G1 X55.7161 Y136.8343
G1 X55.8387 Y136.7740
G1 X55.9575 Y136.7067
G1 X56.0723 Y136.6326
G1 X56.1826 Y136.5520
G1 X56.2879 Y136.4651
G1 X56.3881 Y136.3722
G1 X56.4827 Y136.2737
G1 X56.5714 Y136.1698
G1 X56.6539 Y136.0609
G1 X56.7299 Y135.9474
G1 X56.7992 Y135.8297
G1 X56.8616 Y135.7082
G1 X56.9167 Y135.5832
G1 X56.9646 Y135.4553
G1 X57.0049 Y135.3248
G1 X57.0375 Y135.1921
G1 X57.0624 Y135.0578
G1 X57.0794 Y134.9223
G1 X57.0885 Y134.7860
G1 X57.0897 Y134.6494
G1 X57.0829 Y134.5130
G1 X57.0682 Y134.3772
G1 X57.0456 Y134.2425
G1 X57.0153 Y134.1093
G1 X56.9772 Y133.9781
G1 X56.9316 Y133.8493
G1 X56.8786 Y133.7235
G1 X56.8183 Y133.6009
G1 X56.7510 Y133.4820
G1 X56.6769 Y133.3672
G1 X56.5963 Y133.2570
G1 X56.5094 Y133.1516
G1 X56.4165 Y133.0514
G1 X56.3180 Y132.9569
G1 X56.2141 Y132.8682
G1 X56.1052 Y132.7857
G1 X55.9917 Y132.7096
G1 X55.8740 Y132.6403
G1 X55.7525 Y132.5780
G1 X55.6275 Y132.5228
G1 X55.4996 Y132.4750
G1 X55.3691 Y132.4347
G1 X55.2364 Y132.4020
G1 X55.1021 Y132.3772
G1 X54.9666 Y132.3602
G1 X54.8303 Y132.3510
G1 X54.6937 Y132.3499
G1 X54.5573 Y132.3567
G1 X54.4215 Y132.3714
G1 X54.2868 Y132.3939
G1 X54.1536 Y132.4243
G1 X54.0224 Y132.4623
G1 X53.8936 Y132.5080
G0 Z-5.0000


(No. 13: Hole 8)
G0 X68.6952 Y132.5956 Z-5.0000 F2100
G0 Z-0.5000 F480
G1 Z0.0000 F120
G1 Z4.0000
G1 X68.5748 Y132.6600 F480
G1 X68.4583 Y132.7313
G1 X68.3461 Y132.8093
G1 X68.2387 Y132.8936
G1 X68.1363 Y132.9841
G1 X68.0394 Y133.0803
G1 X67.9482 Y133.1821
G1 X67.8632 Y133.2889
G1 X67.7844 Y133.4005
G1 X67.7123 Y133.5166
G1 X67.6471 Y133.6366
G1 X67.5889 Y133.7602
G1 X67.5381 Y133.8869
G1 X67.4946 Y134.0164
G1 X67.4588 Y134.1483
G1 X67.4308 Y134.2819
G1 X67.4105 Y134.4170
G1 X67.3981 Y134.5531
G1 X67.3937 Y134.6896
G1 X67.3972 Y134.8261
G1 X67.4086 Y134.9623
G1 X67.4280 Y135.0975
G1 X67.4551 Y135.2313
G1 X67.4900 Y135.3634
G1 X67.5326 Y135.4932
G1 X67.5826 Y135.6203
G1 X67.6399 Y135.7443
G1 X67.7043 Y135.8648
G1 X67.7756 Y135.9813
G1 X67.8536 Y136.0934
G1 X67.9379 Y136.2009
G1 X68.0284 Y136.3032
G1 X68.1246 Y136.4001
G1 X68.2264 Y136.4913
G1 X68.3332 Y136.5764
G1 X68.4448 Y136.6551
G1 X68.5608 Y136.7272
G1 X68.6809 Y136.7925
G1 X68.8045 Y136.8506
G1 X68.9312 Y136.9015
G1 X69.0607 Y136.9449
G1 X69.1926 Y136.9807
G1 X69.3262 Y137.0088
G1 X69.4613 Y137.0290
G1 X69.5974 Y137.0414
G1 X69.7339 Y137.0458
G1 X69.8704 Y137.0423
G1 X70.0065 Y137.0309
G1 X70.1418 Y137.0116
G1 X70.2756 Y136.9844
G1 X70.4077 Y136.9495
G1 X70.5375 Y136.9070
G1 X70.6646 Y136.8570
G1 X70.7886 Y136.7997
G1 X70.9091 Y136.7353
G1 X71.0256 Y136.6640
G1 X71.1377 Y136.5860
G1 X71.2452 Y136.5016
G1 X71.3475 Y136.4112
G1 X71.4444 Y136.3149
G1 X71.5356 Y136.2132
G1 X71.6207 Y136.1063
G1 X71.6994 Y135.9947
G1 X71.7715 Y135.8787
G1 X71.8368 Y135.7587
G1 X71.8949 Y135.6351
G1 X71.9458 Y135.5083
G1 X71.9892 Y135.3788
G1 X72.0250 Y135.2470
G1 X72.0531 Y135.1133
G1 X72.0733 Y134.9782
G1 X72.0857 Y134.8422
G1 X72.0901 Y134.7057
G1 X72.0866 Y134.5691
G1 X72.0752 Y134.4330
G1 X72.0559 Y134.2978
G1 X72.0287 Y134.1639
G1 X71.9938 Y134.0318
G1 X71.9513 Y133.9020
G1 X71.9013 Y133.7749
G1 X71.8440 Y133.6509
G1 X71.7796 Y133.5305
G1 X71.7082 Y133.4140
G1 X71.6303 Y133.3018
G1 X71.5459 Y133.1944
G1 X71.4555 Y133.0920
G1 X71.3592 Y132.9951
G1 X71.2575 Y132.9039
G1 X71.1506 Y132.8189
G1 X71.0390 Y132.7401
G1 X70.9230 Y132.6680
G1 X70.8030 Y132.6028
G1 X70.6794 Y132.5446
G1 X70.5526 Y132.4938
G1 X70.4231 Y132.4504
G1 X70.2913 Y132.4145
G1 X70.1576 Y132.3865
G1 X70.0225 Y132.3662
G1 X69.8865 Y132.3538
G1 X69.7500 Y132.3494
G1 X69.6134 Y132.3529
G1 X69.4773 Y132.3643
G1 X69.3421 Y132.3837
G1 X69.2082 Y132.4108
G1 X69.0761 Y132.4457
G1 X68.9463 Y132.4883
G1 X68.8192 Y132.5383
G1 X68.6952 Y132.5956
G1 Z8.0000 F120
G1 X68.5748 Y132.6600 F480
G1 X68.4583 Y132.7313
G1 X68.3461 Y132.8093
G1 X68.2387 Y132.8936
G1 X68.1363 Y132.9841
G1 X68.0394 Y133.0803
G1 X67.9482 Y133.1821
G1 X67.8632 Y133.2889
G1 X67.7844 Y133.4005
G1 X67.7123 Y133.5166
G1 X67.6471 Y133.6366
G1 X67.5889 Y133.7602
G1 X67.5381 Y133.8869
G1 X67.4946 Y134.0164
G1 X67.4588 Y134.1483
G1 X67.4308 Y134.2819
G1 X67.4105 Y134.4170
G1 X67.3981 Y134.5531
G1 X67.3937 Y134.6896
G1 X67.3972 Y134.8261
G1 X67.4086 Y134.9623
G1 X67.4280 Y135.0975
G1 X67.4551 Y135.2313
G1 X67.4900 Y135.3634
G1 X67.5326 Y135.4932
G1 X67.5826 Y135.6203
G1 X67.6399 Y135.7443
G1 X67.7043 Y135.8648
G1 X67.7756 Y135.9813
G1 X67.8536 Y136.0934
G1 X67.9379 Y136.2009
G1 X68.0284 Y136.3032
G1 X68.1246 Y136.4001
G1 X68.2264 Y136.4913
G1 X68.3332 Y136.5764
G1 X68.4448 Y136.6551
G1 X68.5608 Y136.7272
G1 X68.6809 Y136.7925
G1 X68.8045 Y136.8506
G1 X68.9312 Y136.9015
G1 X69.0607 Y136.9449
G1 X69.1926 Y136.9807
G1 X69.3262 Y137.0088
G1 X69.4613 Y137.0290
G1 X69.5974 Y137.0414
G1 X69.7339 Y137.0458
G1 X69.8704 Y137.0423
G1 X70.0065 Y137.0309
G1 X70.1418 Y137.0116
G1 X70.2756 Y136.9844
G1 X70.4077 Y136.9495
G1 X70.5375 Y136.9070
G1 X70.6646 Y136.8570
G1 X70.7886 Y136.7997
G1 X70.9091 Y136.7353
G1 X71.0256 Y136.6640
G1 X71.1377 Y136.5860
G1 X71.2452 Y136.5016
G1 X71.3475 Y136.4112
G1 X71.4444 Y136.3149
G1 X71.5356 Y136.2132
G1 X71.6207 Y136.1063
G1 X71.6994 Y135.9947
G1 X71.7715 Y135.8787
G1 X71.8368 Y135.7587
G1 X71.8949 Y135.6351
G1 X71.9458 Y135.5083
G1 X71.9892 Y135.3788
G1 X72.0250 Y135.2470
G1 X72.0531 Y135.1133
G1 X72.0733 Y134.9782
G1 X72.0857 Y134.8422
G1 X72.0901 Y134.7057
G1 X72.0866 Y134.5691
G1 X72.0752 Y134.4330
G1 X72.0559 Y134.2978
G1 X72.0287 Y134.1639
G1 X71.9938 Y134.0318
G1 X71.9513 Y133.9020
G1 X71.9013 Y133.7749
G1 X71.8440 Y133.6509
G1 X71.7796 Y133.5305
G1 X71.7082 Y133.4140
G1 X71.6303 Y133.3018
G1 X71.5459 Y133.1944
G1 X71.4555 Y133.0920
G1 X71.3592 Y132.9951
G1 X71.2575 Y132.9039
G1 X71.1506 Y132.8189
G1 X71.0390 Y132.7401
G1 X70.9230 Y132.6680
G1 X70.8030 Y132.6028
G1 X70.6794 Y132.5446
G1 X70.5526 Y132.4938
G1 X70.4231 Y132.4504
G1 X70.2913 Y132.4145
G1 X70.1576 Y132.3865
G1 X70.0225 Y132.3662
G1 X69.8865 Y132.3538
G1 X69.7500 Y132.3494
G1 X69.6134 Y132.3529
G1 X69.4773 Y132.3643
G1 X69.3421 Y132.3837
G1 X69.2082 Y132.4108
G1 X69.0761 Y132.4457
G1 X68.9463 Y132.4883
G1 X68.8192 Y132.5383
G1 X68.6952 Y132.5956
G0 Z-5.0000


(No. 14: Hole 7)
G0 X83.5057 Y132.7011 Z-5.0000 F2100
G0 Z-0.5000 F480
G1 Z0.0000 F120
G1 Z4.0000
G1 X83.3917 Y132.7764 F480
G1 X83.2823 Y132.8581
G1 X83.1778 Y132.9461
G1 X83.0786 Y133.0400
G1 X82.9851 Y133.1395
G1 X82.8974 Y133.2443
G1 X82.8161 Y133.3540
G1 X82.7412 Y133.4683
G1 X82.6731 Y133.5867
G1 X82.6120 Y133.7089
G1 X82.5581 Y133.8344
G1 X82.5116 Y133.9628
G1 X82.4727 Y134.0937
G1 X82.4414 Y134.2267
G1 X82.4179 Y134.3613
G1 X82.4023 Y134.4970
G1 X82.3946 Y134.6333
G1 X82.3948 Y134.7699
G1 X82.4030 Y134.9063
G1 X82.4191 Y135.0419
G1 X82.4430 Y135.1764
G1 X82.4747 Y135.3093
G1 X82.5141 Y135.4401
G1 X82.5611 Y135.5683
G1 X82.6154 Y135.6937
G1 X82.6769 Y135.8156
G1 X82.7454 Y135.9338
G1 X82.8207 Y136.0478
G1 X82.9024 Y136.1572
G1 X82.9904 Y136.2617
G1 X83.0843 Y136.3609
G1 X83.1838 Y136.4545
G1 X83.2886 Y136.5421
G1 X83.3983 Y136.6235
G1 X83.5126 Y136.6984
G1 X83.6310 Y136.7664
G1 X83.7532 Y136.8275
G1 X83.8787 Y136.8814
G1 X84.0071 Y136.9279
G1 X84.1380 Y136.9669
G1 X84.2710 Y136.9982
G1 X84.4056 Y137.0216
G1 X84.5413 Y137.0373
G1 X84.6776 Y137.0450
G1 X84.8142 Y137.0447
G1 X84.9506 Y137.0366
G1 X85.0862 Y137.0205
G1 X85.2207 Y136.9965
G1 X85.3536 Y136.9648
G1 X85.4844 Y136.9254
G1 X85.6126 Y136.8785
G1 X85.7380 Y136.8241
G1 X85.8599 Y136.7626
G1 X85.9781 Y136.6941
G1 X86.0921 Y136.6189
G1 X86.2015 Y136.5371
G1 X86.3060 Y136.4491
G1 X86.4052 Y136.3552
G1 X86.4988 Y136.2557
G1 X86.5864 Y136.1509
G1 X86.6678 Y136.0412
G1 X86.7426 Y135.9270
G1 X86.8107 Y135.8086
G1 X86.8718 Y135.6864
G1 X86.9257 Y135.5609
G1 X86.9722 Y135.4324
G1 X87.0112 Y135.3015
G1 X87.0424 Y135.1685
G1 X87.0659 Y135.0340
G1 X87.0816 Y134.8983
G1 X87.0893 Y134.7619
G1 X87.0890 Y134.6253
G1 X87.0809 Y134.4890
G1 X87.0648 Y134.3533
G1 X87.0408 Y134.2188
G1 X87.0091 Y134.0860
G1 X86.9697 Y133.9552
G1 X86.9228 Y133.8269
G1 X86.8684 Y133.7016
G1 X86.8069 Y133.5796
G1 X86.7384 Y133.4614
G1 X86.6632 Y133.3474
G1 X86.5814 Y133.2380
G1 X86.4934 Y133.1335
G1 X86.3995 Y133.0343
G1 X86.3000 Y132.9408
G1 X86.1952 Y132.8531
G1 X86.0855 Y132.7718
G1 X85.9713 Y132.6969
G1 X85.8529 Y132.6288
G1 X85.7307 Y132.5677
G1 X85.6052 Y132.5138
G1 X85.4767 Y132.4673
G1 X85.3458 Y132.4284
G1 X85.2128 Y132.3971
G1 X85.0783 Y132.3736
G1 X84.9426 Y132.3580
G1 X84.8062 Y132.3503
G1 X84.6696 Y132.3505
G1 X84.5333 Y132.3587
G1 X84.3976 Y132.3748
G1 X84.2631 Y132.3987
G1 X84.1303 Y132.4304
G1 X83.9995 Y132.4698
G1 X83.8712 Y132.5168
G1 X83.7459 Y132.5711
G1 X83.6239 Y132.6326
G1 X83.5057 Y132.7011
G1 Z8.0000 F120
G1 X83.3917 Y132.7764 F480
G1 X83.2823 Y132.8581
G1 X83.1778 Y132.9461
G1 X83.0786 Y133.0400
G1 X82.9851 Y133.1395
G1 X82.8974 Y133.2443
G1 X82.8161 Y133.3540
G1 X82.7412 Y133.4683
G1 X82.6731 Y133.5867
G1 X82.6120 Y133.7089
G1 X82.5581 Y133.8344
G1 X82.5116 Y133.9628
G1 X82.4727 Y134.0937
G1 X82.4414 Y134.2267
G1 X82.4179 Y134.3613
G1 X82.4023 Y134.4970
G1 X82.3946 Y134.6333
G1 X82.3948 Y134.7699
G1 X82.4030 Y134.9063
G1 X82.4191 Y135.0419
G1 X82.4430 Y135.1764
G1 X82.4747 Y135.3093
G1 X82.5141 Y135.4401
G1 X82.5611 Y135.5683
G1 X82.6154 Y135.6937
G1 X82.6769 Y135.8156
G1 X82.7454 Y135.9338
G1 X82.8207 Y136.0478
G1 X82.9024 Y136.1572
G1 X82.9904 Y136.2617
G1 X83.0843 Y136.3609
G1 X83.1838 Y136.4545
G1 X83.2886 Y136.5421
G1 X83.3983 Y136.6235
G1 X83.5126 Y136.6984
G1 X83.6310 Y136.7664
G1 X83.7532 Y136.8275
G1 X83.8787 Y136.8814
G1 X84.0071 Y136.9279
G1 X84.1380 Y136.9669
G1 X84.2710 Y136.9982
G1 X84.4056 Y137.0216
G1 X84.5413 Y137.0373
G1 X84.6776 Y137.0450
G1 X84.8142 Y137.0447
G1 X84.9506 Y137.0366
G1 X85.0862 Y137.0205
G1 X85.2207 Y136.9965
G1 X85.3536 Y136.9648
G1 X85.4844 Y136.9254
G1 X85.6126 Y136.8785
G1 X85.7380 Y136.8241
G1 X85.8599 Y136.7626
G1 X85.9781 Y136.6941
G1 X86.0921 Y136.6189
G1 X86.2015 Y136.5371
G1 X86.3060 Y136.4491
G1 X86.4052 Y136.3552
G1 X86.4988 Y136.2557
G1 X86.5864 Y136.1509
G1 X86.6678 Y136.0412
G1 X86.7426 Y135.9270
G1 X86.8107 Y135.8086
G1 X86.8718 Y135.6864
G1 X86.9257 Y135.5609
G1 X86.9722 Y135.4324
G1 X87.0112 Y135.3015
G1 X87.0424 Y135.1685
G1 X87.0659 Y135.0340
G1 X87.0816 Y134.8983
G1 X87.0893 Y134.7619
G1 X87.0890 Y134.6253
G1 X87.0809 Y134.4890
G1 X87.0648 Y134.3533
G1 X87.0408 Y134.2188
G1 X87.0091 Y134.0860
G1 X86.9697 Y133.9552
G1 X86.9228 Y133.8269
G1 X86.8684 Y133.7016
G1 X86.8069 Y133.5796
G1 X86.7384 Y133.4614
G1 X86.6632 Y133.3474
G1 X86.5814 Y133.2380
G1 X86.4934 Y133.1335
G1 X86.3995 Y133.0343
G1 X86.3000 Y132.9408
G1 X86.1952 Y132.8531
G1 X86.0855 Y132.7718
G1 X85.9713 Y132.6969
G1 X85.8529 Y132.6288
G1 X85.7307 Y132.5677
G1 X85.6052 Y132.5138
G1 X85.4767 Y132.4673
G1 X85.3458 Y132.4284
G1 X85.2128 Y132.3971
G1 X85.0783 Y132.3736
G1 X84.9426 Y132.3580
G1 X84.8062 Y132.3503
G1 X84.6696 Y132.3505
G1 X84.5333 Y132.3587
G1 X84.3976 Y132.3748
G1 X84.2631 Y132.3987
G1 X84.1303 Y132.4304
G1 X83.9995 Y132.4698
G1 X83.8712 Y132.5168
G1 X83.7459 Y132.5711
G1 X83.6239 Y132.6326
G1 X83.5057 Y132.7011
G0 Z-5.0000


(No. 15: Hole 6)
G0 X98.3268 Y132.8237 Z-5.0000 F2100
G0 Z-0.5000 F480
G1 Z0.0000 F120
G1 Z4.0000
G1 X98.2202 Y132.9091 F480
G1 X98.1188 Y133.0006
G1 X98.0229 Y133.0979
G1 X97.9328 Y133.2006
G1 X97.8488 Y133.3083
G1 X97.7712 Y133.4207
G1 X97.7003 Y133.5375
G1 X97.6363 Y133.6581
G1 X97.5794 Y133.7823
G1 X97.5298 Y133.9096
G1 X97.4878 Y134.0396
G1 X97.4533 Y134.1717
G1 X97.4266 Y134.3057
G1 X97.4077 Y134.4410
G1 X97.3968 Y134.5771
G1 X97.3937 Y134.7137
G1 X97.3986 Y134.8502
G1 X97.4115 Y134.9862
G1 X97.4322 Y135.1212
G1 X97.4607 Y135.2548
G1 X97.4970 Y135.3865
G1 X97.5408 Y135.5159
G1 X97.5921 Y135.6424
G1 X97.6507 Y135.7658
G1 X97.7164 Y135.8856
G1 X97.7889 Y136.0014
G1 X97.8680 Y136.1128
G1 X97.9534 Y136.2193
G1 X98.0449 Y136.3207
G1 X98.1422 Y136.4167
G1 X98.2448 Y136.5068
G1 X98.3526 Y136.5908
G1 X98.4650 Y136.6683
G1 X98.5817 Y136.7392
G1 X98.7024 Y136.8032
G1 X98.8266 Y136.8601
G1 X98.9539 Y136.9097
G1 X99.0838 Y136.9518
G1 X99.2160 Y136.9862
G1 X99.3500 Y137.0129
G1 X99.4853 Y137.0318
G1 X99.6214 Y137.0428
G1 X99.7580 Y137.0458
G1 X99.8945 Y137.0409
G1 X100.0305 Y137.0281
G1 X100.1655 Y137.0073
G1 X100.2991 Y136.9788
G1 X100.4308 Y136.9425
G1 X100.5601 Y136.8987
G1 X100.6867 Y136.8474
G1 X100.8101 Y136.7888
G1 X100.9299 Y136.7232
G1 X101.0457 Y136.6507
G1 X101.1570 Y136.5716
G1 X101.2636 Y136.4861
G1 X101.3650 Y136.3946
G1 X101.4610 Y136.2974
G1 X101.5511 Y136.1947
G1 X101.6350 Y136.0870
G1 X101.7126 Y135.9745
G1 X101.7835 Y135.8578
G1 X101.8475 Y135.7371
G1 X101.9044 Y135.6129
G1 X101.9540 Y135.4856
G1 X101.9961 Y135.3557
G1 X102.0305 Y135.2235
G1 X102.0572 Y135.0896
G1 X102.0761 Y134.9543
G1 X102.0871 Y134.8181
G1 X102.0901 Y134.6816
G1 X102.0852 Y134.5450
G1 X102.0724 Y134.4091
G1 X102.0516 Y134.2740
G1 X102.0231 Y134.1405
G1 X101.9868 Y134.0088
G1 X101.9430 Y133.8794
G1 X101.8917 Y133.7528
G1 X101.8331 Y133.6294
G1 X101.7675 Y133.5096
G1 X101.6950 Y133.3938
G1 X101.6159 Y133.2825
G1 X101.5304 Y133.1759
G1 X101.4389 Y133.0745
G1 X101.3416 Y132.9786
G1 X101.2390 Y132.8885
G1 X101.1313 Y132.8045
G1 X101.0188 Y132.7269
G1 X100.9021 Y132.6560
G1 X100.7814 Y132.5920
G1 X100.6572 Y132.5351
G1 X100.5299 Y132.4856
G1 X100.4000 Y132.4435
G1 X100.2678 Y132.4090
G1 X100.1338 Y132.3823
G1 X99.9986 Y132.3635
G1 X99.8624 Y132.3525
G1 X99.7258 Y132.3494
G1 X99.5893 Y132.3543
G1 X99.4533 Y132.3672
G1 X99.3183 Y132.3879
G1 X99.1847 Y132.4164
G1 X99.0531 Y132.4527
G1 X98.9237 Y132.4966
G1 X98.7971 Y132.5478
G1 X98.6737 Y132.6064
G1 X98.5539 Y132.6721
G1 X98.4381 Y132.7446
G1 X98.3268 Y132.8237
G1 Z8.0000 F120
G1 X98.2202 Y132.9091 F480
G1 X98.1188 Y133.0006
G1 X98.0229 Y133.0979
G1 X97.9328 Y133.2006
G1 X97.8488 Y133.3083
G1 X97.7712 Y133.4207
G1 X97.7003 Y133.5375
G1 X97.6363 Y133.6581
G1 X97.5794 Y133.7823
G1 X97.5298 Y133.9096
G1 X97.4878 Y134.0396
G1 X97.4533 Y134.1717
G1 X97.4266 Y134.3057
G1 X97.4077 Y134.4410
G1 X97.3968 Y134.5771
G1 X97.3937 Y134.7137
G1 X97.3986 Y134.8502
G1 X97.4115 Y134.9862
G1 X97.4322 Y135.1212
G1 X97.4607 Y135.2548
G1 X97.4970 Y135.3865
G1 X97.5408 Y135.5159
G1 X97.5921 Y135.6424
G1 X97.6507 Y135.7658
G1 X97.7164 Y135.8856
G1 X97.7889 Y136.0014
G1 X97.8680 Y136.1128
G1 X97.9534 Y136.2193
G1 X98.0449 Y136.3207
G1 X98.1422 Y136.4167
G1 X98.2448 Y136.5068
G1 X98.3526 Y136.5908
G1 X98.4650 Y136.6683
G1 X98.5817 Y136.7392
G1 X98.7024 Y136.8032
G1 X98.8266 Y136.8601
G1 X98.9539 Y136.9097
G1 X99.0838 Y136.9518
G1 X99.2160 Y136.9862
G1 X99.3500 Y137.0129
G1 X99.4853 Y137.0318
G1 X99.6214 Y137.0428
G1 X99.7580 Y137.0458
G1 X99.8945 Y137.0409
G1 X100.0305 Y137.0281
G1 X100.1655 Y137.0073
G1 X100.2991 Y136.9788
G1 X100.4308 Y136.9425
G1 X100.5601 Y136.8987
G1 X100.6867 Y136.8474
G1 X100.8101 Y136.7888
G1 X100.9299 Y136.7232
G1 X101.0457 Y136.6507
G1 X101.1570 Y136.5716
G1 X101.2636 Y136.4861
G1 X101.3650 Y136.3946
G1 X101.4610 Y136.2974
G1 X101.5511 Y136.1947
G1 X101.6350 Y136.0870
G1 X101.7126 Y135.9745
G1 X101.7835 Y135.8578
G1 X101.8475 Y135.7371
G1 X101.9044 Y135.6129
G1 X101.9540 Y135.4856
G1 X101.9961 Y135.3557
G1 X102.0305 Y135.2235
G1 X102.0572 Y135.0896
G1 X102.0761 Y134.9543
G1 X102.0871 Y134.8181
G1 X102.0901 Y134.6816
G1 X102.0852 Y134.5450
G1 X102.0724 Y134.4091
G1 X102.0516 Y134.2740
G1 X102.0231 Y134.1405
G1 X101.9868 Y134.0088
G1 X101.9430 Y133.8794
G1 X101.8917 Y133.7528
G1 X101.8331 Y133.6294
G1 X101.7675 Y133.5096
G1 X101.6950 Y133.3938
G1 X101.6159 Y133.2825
G1 X101.5304 Y133.1759
G1 X101.4389 Y133.0745
G1 X101.3416 Y132.9786
G1 X101.2390 Y132.8885
G1 X101.1313 Y132.8045
G1 X101.0188 Y132.7269
G1 X100.9021 Y132.6560
G1 X100.7814 Y132.5920
G1 X100.6572 Y132.5351
G1 X100.5299 Y132.4856
G1 X100.4000 Y132.4435
G1 X100.2678 Y132.4090
G1 X100.1338 Y132.3823
G1 X99.9986 Y132.3635
G1 X99.8624 Y132.3525
G1 X99.7258 Y132.3494
G1 X99.5893 Y132.3543
G1 X99.4533 Y132.3672
G1 X99.3183 Y132.3879
G1 X99.1847 Y132.4164
G1 X99.0531 Y132.4527
G1 X98.9237 Y132.4966
G1 X98.7971 Y132.5478
G1 X98.6737 Y132.6064
G1 X98.5539 Y132.6721
G1 X98.4381 Y132.7446
G1 X98.3268 Y132.8237
G0 Z-5.0000


(No. 16: Hole 5)
G0 X113.1599 Y132.9623 Z-5.0000 F2100
G0 Z-0.5000 F480
G1 Z0.0000 F120
G1 Z4.0000
G1 X113.0617 Y133.0572 F480
G1 X112.9692 Y133.1576
G1 X112.8826 Y133.2633
G1 X112.8024 Y133.3739
G1 X112.7287 Y133.4889
G1 X112.6618 Y133.6080
G1 X112.6020 Y133.7308
G1 X112.5494 Y133.8568
G1 X112.5042 Y133.9857
G1 X112.4666 Y134.1171
G1 X112.4367 Y134.2503
G1 X112.4146 Y134.3851
G1 X112.4003 Y134.5210
G1 X112.3940 Y134.6574
G1 X112.3957 Y134.7940
G1 X112.4052 Y134.9303
G1 X112.4227 Y135.0658
G1 X112.4480 Y135.2000
G1 X112.4811 Y135.3325
G1 X112.5219 Y135.4629
G1 X112.5701 Y135.5907
G1 X112.6257 Y135.7155
G1 X112.6885 Y135.8368
G1 X112.7582 Y135.9542
G1 X112.8346 Y136.0675
G1 X112.9175 Y136.1760
G1 X113.0065 Y136.2796
G1 X113.1015 Y136.3778
G1 X113.2019 Y136.4704
G1 X113.3076 Y136.5569
G1 X113.4182 Y136.6372
G1 X113.5332 Y136.7109
G1 X113.6523 Y136.7777
G1 X113.7751 Y136.8376
G1 X113.9011 Y136.8902
G1 X114.0300 Y136.9354
G1 X114.1614 Y136.9730
G1 X114.2946 Y137.0029
G1 X114.4294 Y137.0250
G1 X114.5653 Y137.0392
G1 X114.7017 Y137.0455
G1 X114.8383 Y137.0439
G1 X114.9746 Y137.0343
G1 X115.1101 Y137.0168
G1 X115.2443 Y136.9915
G1 X115.3768 Y136.9584
G1 X115.5072 Y136.9177
G1 X115.6350 Y136.8694
G1 X115.7597 Y136.8138
G1 X115.8811 Y136.7510
G1 X115.9985 Y136.6813
G1 X116.1118 Y136.6049
G1 X116.2203 Y136.5220
G1 X116.3239 Y136.4330
G1 X116.4221 Y136.3381
G1 X116.5147 Y136.2376
G1 X116.6012 Y136.1319
G1 X116.6815 Y136.0214
G1 X116.7552 Y135.9064
G1 X116.8220 Y135.7873
G1 X116.8819 Y135.6645
G1 X116.9345 Y135.5384
G1 X116.9797 Y135.4095
G1 X117.0173 Y135.2782
G1 X117.0472 Y135.1449
G1 X117.0693 Y135.0101
G1 X117.0835 Y134.8743
G1 X117.0898 Y134.7378
G1 X117.0882 Y134.6012
G1 X117.0786 Y134.4650
G1 X117.0611 Y134.3295
G1 X117.0358 Y134.1953
G1 X117.0027 Y134.0627
G1 X116.9620 Y133.9324
G1 X116.9137 Y133.8046
G1 X116.8581 Y133.6798
G1 X116.7953 Y133.5585
G1 X116.7256 Y133.4410
G1 X116.6492 Y133.3278
G1 X116.5663 Y133.2192
G1 X116.4773 Y133.1156
G1 X116.3824 Y133.0174
G1 X116.2819 Y132.9249
G1 X116.1762 Y132.8383
G1 X116.0657 Y132.7581
G1 X115.9507 Y132.6844
G1 X115.8316 Y132.6175
G1 X115.7088 Y132.5577
G1 X115.5827 Y132.5051
G1 X115.4538 Y132.4599
G1 X115.3225 Y132.4223
G1 X115.1892 Y132.3924
G1 X115.0544 Y132.3703
G1 X114.9185 Y132.3560
G1 X114.7821 Y132.3497
G1 X114.6455 Y132.3514
G1 X114.5092 Y132.3609
G1 X114.3738 Y132.3784
G1 X114.2396 Y132.4038
G1 X114.1070 Y132.4368
G1 X113.9766 Y132.4776
G1 X113.8489 Y132.5258
G1 X113.7241 Y132.5814
G1 X113.6028 Y132.6442
G1 X113.4853 Y132.7139
G1 X113.3721 Y132.7903
G1 X113.2635 Y132.8732
G1 X113.1599 Y132.9623
G1 Z8.0000 F120
G1 X113.0617 Y133.0572 F480
G1 X112.9692 Y133.1576
G1 X112.8826 Y133.2633
G1 X112.8024 Y133.3739
G1 X112.7287 Y133.4889
G1 X112.6618 Y133.6080
G1 X112.6020 Y133.7308
G1 X112.5494 Y133.8568
G1 X112.5042 Y133.9857
G1 X112.4666 Y134.1171
G1 X112.4367 Y134.2503
G1 X112.4146 Y134.3851
G1 X112.4003 Y134.5210
G1 X112.3940 Y134.6574
G1 X112.3957 Y134.7940
G1 X112.4052 Y134.9303
G1 X112.4227 Y135.0658
G1 X112.4480 Y135.2000
G1 X112.4811 Y135.3325
G1 X112.5219 Y135.4629
G1 X112.5701 Y135.5907
G1 X112.6257 Y135.7155
G1 X112.6885 Y135.8368
G1 X112.7582 Y135.9542
G1 X112.8346 Y136.0675
G1 X112.9175 Y136.1760
G1 X113.0065 Y136.2796
G1 X113.1015 Y136.3778
G1 X113.2019 Y136.4704
G1 X113.3076 Y136.5569
G1 X113.4182 Y136.6372
G1 X113.5332 Y136.7109
G1 X113.6523 Y136.7777
G1 X113.7751 Y136.8376
G1 X113.9011 Y136.8902
G1 X114.0300 Y136.9354
G1 X114.1614 Y136.9730
G1 X114.2946 Y137.0029
G1 X114.4294 Y137.0250
G1 X114.5653 Y137.0392
G1 X114.7017 Y137.0455
G1 X114.8383 Y137.0439
G1 X114.9746 Y137.0343
G1 X115.1101 Y137.0168
G1 X115.2443 Y136.9915
G1 X115.3768 Y136.9584
G1 X115.5072 Y136.9177
G1 X115.6350 Y136.8694
G1 X115.7597 Y136.8138
G1 X115.8811 Y136.7510
G1 X115.9985 Y136.6813
G1 X116.1118 Y136.6049
G1 X116.2203 Y136.5220
G1 X116.3239 Y136.4330
G1 X116.4221 Y136.3381
G1 X116.5147 Y136.2376
G1 X116.6012 Y136.1319
G1 X116.6815 Y136.0214
G1 X116.7552 Y135.9064
G1 X116.8220 Y135.7873
G1 X116.8819 Y135.6645
G1 X116.9345 Y135.5384
G1 X116.9797 Y135.4095
G1 X117.0173 Y135.2782
G1 X117.0472 Y135.1449
G1 X117.0693 Y135.0101
G1 X117.0835 Y134.8743
G1 X117.0898 Y134.7378
G1 X117.0882 Y134.6012
G1 X117.0786 Y134.4650
G1 X117.0611 Y134.3295
G1 X117.0358 Y134.1953
G1 X117.0027 Y134.0627
G1 X116.9620 Y133.9324
G1 X116.9137 Y133.8046
G1 X116.8581 Y133.6798
G1 X116.7953 Y133.5585
G1 X116.7256 Y133.4410
G1 X116.6492 Y133.3278
G1 X116.5663 Y133.2192
G1 X116.4773 Y133.1156
G1 X116.3824 Y133.0174
G1 X116.2819 Y132.9249
G1 X116.1762 Y132.8383
G1 X116.0657 Y132.7581
G1 X115.9507 Y132.6844
G1 X115.8316 Y132.6175
G1 X115.7088 Y132.5577
G1 X115.5827 Y132.5051
G1 X115.4538 Y132.4599
G1 X115.3225 Y132.4223
G1 X115.1892 Y132.3924
G1 X115.0544 Y132.3703
G1 X114.9185 Y132.3560
G1 X114.7821 Y132.3497
G1 X114.6455 Y132.3514
G1 X114.5092 Y132.3609
G1 X114.3738 Y132.3784
G1 X114.2396 Y132.4038
G1 X114.1070 Y132.4368
G1 X113.9766 Y132.4776
G1 X113.8489 Y132.5258
G1 X113.7241 Y132.5814
G1 X113.6028 Y132.6442
G1 X113.4853 Y132.7139
G1 X113.3721 Y132.7903
G1 X113.2635 Y132.8732
G1 X113.1599 Y132.9623
G0 Z-5.0000


(No. 17: Hole 14)
G0 X113.1599 Y117.9623 Z-5.0000 F2100
G0 Z-0.5000 F480
G1 Z0.0000 F120
G1 Z4.0000
G1 X113.0617 Y118.0572 F480
G1 X112.9692 Y118.1576
G1 X112.8826 Y118.2633
G1 X112.8024 Y118.3739
G1 X112.7287 Y118.4889
G1 X112.6618 Y118.6080
G1 X112.6020 Y118.7308
G1 X112.5494 Y118.8568
G1 X112.5042 Y118.9857
G1 X112.4666 Y119.1171
G1 X112.4367 Y119.2503
G1 X112.4146 Y119.3851
G1 X112.4003 Y119.5210
G1 X112.3940 Y119.6574
G1 X112.3957 Y119.7940
G1 X112.4052 Y119.9303
G1 X112.4227 Y120.0658
G1 X112.4480 Y120.2000
G1 X112.4811 Y120.3325
G1 X112.5219 Y120.4629
G1 X112.5701 Y120.5907
G1 X112.6257 Y120.7155
G1 X112.6885 Y120.8368
G1 X112.7582 Y120.9542
G1 X112.8346 Y121.0675
G1 X112.9175 Y121.1760
G1 X113.0065 Y121.2796
G1 X113.1015 Y121.3778
G1 X113.2019 Y121.4704
G1 X113.3076 Y121.5569
G1 X113.4182 Y121.6372
G1 X113.5332 Y121.7109
G1 X113.6523 Y121.7777
G1 X113.7751 Y121.8376
G1 X113.9011 Y121.8902
G1 X114.0300 Y121.9354
G1 X114.1614 Y121.9730
G1 X114.2946 Y122.0029
G1 X114.4294 Y122.0250
G1 X114.5653 Y122.0392
G1 X114.7017 Y122.0455
G1 X114.8383 Y122.0439
G1 X114.9746 Y122.0343
G1 X115.1101 Y122.0168
G1 X115.2443 Y121.9915
G1 X115.3768 Y121.9584
G1 X115.5072 Y121.9177
G1 X115.6350 Y121.8694
G1 X115.7597 Y121.8138
G1 X115.8811 Y121.7510
G1 X115.9985 Y121.6813
G1 X116.1118 Y121.6049
G1 X116.2203 Y121.5220
G1 X116.3239 Y121.4330
G1 X116.4221 Y121.3381
G1 X116.5147 Y121.2376
G1 X116.6012 Y121.1319
G1 X116.6815 Y121.0214
G1 X116.7552 Y120.9064
G1 X116.8220 Y120.7873
G1 X116.8819 Y120.6645
G1 X116.9345 Y120.5384
G1 X116.9797 Y120.4095
G1 X117.0173 Y120.2782
G1 X117.0472 Y120.1449
G1 X117.0693 Y120.0101
G1 X117.0835 Y119.8743
G1 X117.0898 Y119.7378
G1 X117.0882 Y119.6012
G1 X117.0786 Y119.4650
G1 X117.0611 Y119.3295
G1 X117.0358 Y119.1953
G1 X117.0027 Y119.0627
G1 X116.9620 Y118.9324
G1 X116.9137 Y118.8046
G1 X116.8581 Y118.6798
G1 X116.7953 Y118.5585
G1 X116.7256 Y118.4410
G1 X116.6492 Y118.3278
G1 X116.5663 Y118.2192
G1 X116.4773 Y118.1156
G1 X116.3824 Y118.0174
G1 X116.2819 Y117.9249
G1 X116.1762 Y117.8383
G1 X116.0657 Y117.7581
G1 X115.9507 Y117.6844
G1 X115.8316 Y117.6175
G1 X115.7088 Y117.5577
G1 X115.5827 Y117.5051
G1 X115.4538 Y117.4599
G1 X115.3225 Y117.4223
G1 X115.1892 Y117.3924
G1 X115.0544 Y117.3703
G1 X114.9185 Y117.3560
G1 X114.7821 Y117.3497
G1 X114.6455 Y117.3514
G1 X114.5092 Y117.3609
G1 X114.3738 Y117.3784
G1 X114.2396 Y117.4038
G1 X114.1070 Y117.4368
G1 X113.9766 Y117.4776
G1 X113.8489 Y117.5258
G1 X113.7241 Y117.5814
G1 X113.6028 Y117.6442
G1 X113.4853 Y117.7139
G1 X113.3721 Y117.7903
G1 X113.2635 Y117.8732
G1 X113.1599 Y117.9623
G1 Z8.0000 F120
G1 X113.0617 Y118.0572 F480
G1 X112.9692 Y118.1576
G1 X112.8826 Y118.2633
G1 X112.8024 Y118.3739
G1 X112.7287 Y118.4889
G1 X112.6618 Y118.6080
G1 X112.6020 Y118.7308
G1 X112.5494 Y118.8568
G1 X112.5042 Y118.9857
G1 X112.4666 Y119.1171
G1 X112.4367 Y119.2503
G1 X112.4146 Y119.3851
G1 X112.4003 Y119.5210
G1 X112.3940 Y119.6574
G1 X112.3957 Y119.7940
G1 X112.4052 Y119.9303
G1 X112.4227 Y120.0658
G1 X112.4480 Y120.2000
G1 X112.4811 Y120.3325
G1 X112.5219 Y120.4629
G1 X112.5701 Y120.5907
G1 X112.6257 Y120.7155
G1 X112.6885 Y120.8368
G1 X112.7582 Y120.9542
G1 X112.8346 Y121.0675
G1 X112.9175 Y121.1760
G1 X113.0065 Y121.2796
G1 X113.1015 Y121.3778
G1 X113.2019 Y121.4704
G1 X113.3076 Y121.5569
G1 X113.4182 Y121.6372
G1 X113.5332 Y121.7109
G1 X113.6523 Y121.7777
G1 X113.7751 Y121.8376
G1 X113.9011 Y121.8902
G1 X114.0300 Y121.9354
G1 X114.1614 Y121.9730
G1 X114.2946 Y122.0029
G1 X114.4294 Y122.0250
G1 X114.5653 Y122.0392
G1 X114.7017 Y122.0455
G1 X114.8383 Y122.0439
G1 X114.9746 Y122.0343
G1 X115.1101 Y122.0168
G1 X115.2443 Y121.9915
G1 X115.3768 Y121.9584
G1 X115.5072 Y121.9177
G1 X115.6350 Y121.8694
G1 X115.7597 Y121.8138
G1 X115.8811 Y121.7510
G1 X115.9985 Y121.6813
G1 X116.1118 Y121.6049
G1 X116.2203 Y121.5220
G1 X116.3239 Y121.4330
G1 X116.4221 Y121.3381
G1 X116.5147 Y121.2376
G1 X116.6012 Y121.1319
G1 X116.6815 Y121.0214
G1 X116.7552 Y120.9064
G1 X116.8220 Y120.7873
G1 X116.8819 Y120.6645
G1 X116.9345 Y120.5384
G1 X116.9797 Y120.4095
G1 X117.0173 Y120.2782
G1 X117.0472 Y120.1449
G1 X117.0693 Y120.0101
G1 X117.0835 Y119.8743
G1 X117.0898 Y119.7378
G1 X117.0882 Y119.6012
G1 X117.0786 Y119.4650
G1 X117.0611 Y119.3295
G1 X117.0358 Y119.1953
G1 X117.0027 Y119.0627
G1 X116.9620 Y118.9324
G1 X116.9137 Y118.8046
G1 X116.8581 Y118.6798
G1 X116.7953 Y118.5585
G1 X116.7256 Y118.4410
G1 X116.6492 Y118.3278
G1 X116.5663 Y118.2192
G1 X116.4773 Y118.1156
G1 X116.3824 Y118.0174
G1 X116.2819 Y117.9249
G1 X116.1762 Y117.8383
G1 X116.0657 Y117.7581
G1 X115.9507 Y117.6844
G1 X115.8316 Y117.6175
G1 X115.7088 Y117.5577
G1 X115.5827 Y117.5051
G1 X115.4538 Y117.4599
G1 X115.3225 Y117.4223
G1 X115.1892 Y117.3924
G1 X115.0544 Y117.3703
G1 X114.9185 Y117.3560
G1 X114.7821 Y117.3497
G1 X114.6455 Y117.3514
G1 X114.5092 Y117.3609
G1 X114.3738 Y117.3784
G1 X114.2396 Y117.4038
G1 X114.1070 Y117.4368
G1 X113.9766 Y117.4776
G1 X113.8489 Y117.5258
G1 X113.7241 Y117.5814
G1 X113.6028 Y117.6442
G1 X113.4853 Y117.7139
G1 X113.3721 Y117.7903
G1 X113.2635 Y117.8732
G1 X113.1599 Y117.9623
G0 Z-5.0000


(No. 18: Hole 16)
G0 X113.0065 Y103.1156 Z-5.0000 F2100
G0 Z-0.5000 F480
G1 Z0.0000 F120
G1 Z4.0000
G1 X112.9175 Y103.2192 F480
G1 X112.8346 Y103.3278
G1 X112.7582 Y103.4410
G1 X112.6885 Y103.5585
G1 X112.6257 Y103.6798
G1 X112.5701 Y103.8046
G1 X112.5219 Y103.9324
G1 X112.4811 Y104.0627
G1 X112.4480 Y104.1953
G1 X112.4227 Y104.3295
G1 X112.4052 Y104.4650
G1 X112.3957 Y104.6012
G1 X112.3940 Y104.7378
G1 X112.4003 Y104.8743
G1 X112.4146 Y105.0101
G1 X112.4367 Y105.1449
G1 X112.4666 Y105.2782
G1 X112.5042 Y105.4095
G1 X112.5494 Y105.5384
G1 X112.6020 Y105.6645
G1 X112.6618 Y105.7873
G1 X112.7287 Y105.9064
G1 X112.8024 Y106.0214
G1 X112.8826 Y106.1319
G1 X112.9692 Y106.2376
G1 X113.0617 Y106.3381
G1 X113.1599 Y106.4330
G1 X113.2635 Y106.5220
G1 X113.3721 Y106.6049
G1 X113.4853 Y106.6813
G1 X113.6028 Y106.7510
G1 X113.7241 Y106.8138
G1 X113.8489 Y106.8694
G1 X113.9766 Y106.9177
G1 X114.1070 Y106.9584
G1 X114.2396 Y106.9915
G1 X114.3738 Y107.0168
G1 X114.5092 Y107.0343
G1 X114.6455 Y107.0439
G1 X114.7821 Y107.0455
G1 X114.9185 Y107.0392
G1 X115.0544 Y107.0250
G1 X115.1892 Y107.0029
G1 X115.3225 Y106.9730
G1 X115.4538 Y106.9354
G1 X115.5827 Y106.8902
G1 X115.7088 Y106.8376
G1 X115.8316 Y106.7777
G1 X115.9507 Y106.7109
G1 X116.0657 Y106.6372
G1 X116.1762 Y106.5569
G1 X116.2819 Y106.4704
G1 X116.3824 Y106.3778
G1 X116.4773 Y106.2796
G1 X116.5663 Y106.1760
G1 X116.6492 Y106.0675
G1 X116.7256 Y105.9542
G1 X116.7953 Y105.8368
G1 X116.8581 Y105.7155
G1 X116.9137 Y105.5907
G1 X116.9620 Y105.4629
G1 X117.0027 Y105.3325
G1 X117.0358 Y105.2000
G1 X117.0611 Y105.0658
G1 X117.0786 Y104.9303
G1 X117.0882 Y104.7940
G1 X117.0898 Y104.6574
G1 X117.0835 Y104.5210
G1 X117.0693 Y104.3851
G1 X117.0472 Y104.2503
G1 X117.0173 Y104.1171
G1 X116.9797 Y103.9857
G1 X116.9345 Y103.8568
G1 X116.8819 Y103.7308
G1 X116.8220 Y103.6080
G1 X116.7552 Y103.4889
G1 X116.6815 Y103.3739
G1 X116.6012 Y103.2633
G1 X116.5147 Y103.1576
G1 X116.4221 Y103.0572
G1 X116.3239 Y102.9623
G1 X116.2203 Y102.8732
G1 X116.1118 Y102.7903
G1 X115.9985 Y102.7139
G1 X115.8811 Y102.6442
G1 X115.7597 Y102.5814
G1 X115.6350 Y102.5258
G1 X115.5072 Y102.4776
G1 X115.3768 Y102.4368
G1 X115.2443 Y102.4038
G1 X115.1101 Y102.3784
G1 X114.9746 Y102.3609
G1 X114.8383 Y102.3514
G1 X114.7017 Y102.3497
G1 X114.5653 Y102.3560
G1 X114.4294 Y102.3703
G1 X114.2946 Y102.3924
G1 X114.1614 Y102.4223
G1 X114.0300 Y102.4599
G1 X113.9011 Y102.5051
G1 X113.7751 Y102.5577
G1 X113.6523 Y102.6175
G1 X113.5332 Y102.6844
G1 X113.4182 Y102.7581
G1 X113.3076 Y102.8383
G1 X113.2019 Y102.9249
G1 X113.1015 Y103.0174
G1 X113.0065 Y103.1156
G1 Z8.0000 F120
G1 X112.9175 Y103.2192 F480
G1 X112.8346 Y103.3278
G1 X112.7582 Y103.4410
G1 X112.6885 Y103.5585
G1 X112.6257 Y103.6798
G1 X112.5701 Y103.8046
G1 X112.5219 Y103.9324
G1 X112.4811 Y104.0627
G1 X112.4480 Y104.1953
G1 X112.4227 Y104.3295
G1 X112.4052 Y104.4650
G1 X112.3957 Y104.6012
G1 X112.3940 Y104.7378
G1 X112.4003 Y104.8743
G1 X112.4146 Y105.0101
G1 X112.4367 Y105.1449
G1 X112.4666 Y105.2782
G1 X112.5042 Y105.4095
G1 X112.5494 Y105.5384
G1 X112.6020 Y105.6645
G1 X112.6618 Y105.7873
G1 X112.7287 Y105.9064
G1 X112.8024 Y106.0214
G1 X112.8826 Y106.1319
G1 X112.9692 Y106.2376
G1 X113.0617 Y106.3381
G1 X113.1599 Y106.4330
G1 X113.2635 Y106.5220
G1 X113.3721 Y106.6049
G1 X113.4853 Y106.6813
G1 X113.6028 Y106.7510
G1 X113.7241 Y106.8138
G1 X113.8489 Y106.8694
G1 X113.9766 Y106.9177
G1 X114.1070 Y106.9584
G1 X114.2396 Y106.9915
G1 X114.3738 Y107.0168
G1 X114.5092 Y107.0343
G1 X114.6455 Y107.0439
G1 X114.7821 Y107.0455
G1 X114.9185 Y107.0392
G1 X115.0544 Y107.0250
G1 X115.1892 Y107.0029
G1 X115.3225 Y106.9730
G1 X115.4538 Y106.9354
G1 X115.5827 Y106.8902
G1 X115.7088 Y106.8376
G1 X115.8316 Y106.7777
G1 X115.9507 Y106.7109
G1 X116.0657 Y106.6372
G1 X116.1762 Y106.5569
G1 X116.2819 Y106.4704
G1 X116.3824 Y106.3778
G1 X116.4773 Y106.2796
G1 X116.5663 Y106.1760
G1 X116.6492 Y106.0675
G1 X116.7256 Y105.9542
G1 X116.7953 Y105.8368
G1 X116.8581 Y105.7155
G1 X116.9137 Y105.5907
G1 X116.9620 Y105.4629
G1 X117.0027 Y105.3325
G1 X117.0358 Y105.2000
G1 X117.0611 Y105.0658
G1 X117.0786 Y104.9303
G1 X117.0882 Y104.7940
G1 X117.0898 Y104.6574
G1 X117.0835 Y104.5210
G1 X117.0693 Y104.3851
G1 X117.0472 Y104.2503
G1 X117.0173 Y104.1171
G1 X116.9797 Y103.9857
G1 X116.9345 Y103.8568
G1 X116.8819 Y103.7308
G1 X116.8220 Y103.6080
G1 X116.7552 Y103.4889
G1 X116.6815 Y103.3739
G1 X116.6012 Y103.2633
G1 X116.5147 Y103.1576
G1 X116.4221 Y103.0572
G1 X116.3239 Y102.9623
G1 X116.2203 Y102.8732
G1 X116.1118 Y102.7903
G1 X115.9985 Y102.7139
G1 X115.8811 Y102.6442
G1 X115.7597 Y102.5814
G1 X115.6350 Y102.5258
G1 X115.5072 Y102.4776
G1 X115.3768 Y102.4368
G1 X115.2443 Y102.4038
G1 X115.1101 Y102.3784
G1 X114.9746 Y102.3609
G1 X114.8383 Y102.3514
G1 X114.7017 Y102.3497
G1 X114.5653 Y102.3560
G1 X114.4294 Y102.3703
G1 X114.2946 Y102.3924
G1 X114.1614 Y102.4223
G1 X114.0300 Y102.4599
G1 X113.9011 Y102.5051
G1 X113.7751 Y102.5577
G1 X113.6523 Y102.6175
G1 X113.5332 Y102.6844
G1 X113.4182 Y102.7581
G1 X113.3076 Y102.8383
G1 X113.2019 Y102.9249
G1 X113.1015 Y103.0174
G1 X113.0065 Y103.1156
G0 Z-5.0000


(No. 19: Hole 13)
G0 X98.1599 Y117.9623 Z-5.0000 F2100
G0 Z-0.5000 F480
G1 Z0.0000 F120
G1 Z4.0000
G1 X98.0617 Y118.0572 F480
G1 X97.9692 Y118.1576
G1 X97.8826 Y118.2633
G1 X97.8024 Y118.3739
G1 X97.7287 Y118.4889
G1 X97.6618 Y118.6080
G1 X97.6020 Y118.7308
G1 X97.5494 Y118.8568
G1 X97.5042 Y118.9857
G1 X97.4666 Y119.1171
G1 X97.4367 Y119.2503
G1 X97.4146 Y119.3851
G1 X97.4003 Y119.5210
G1 X97.3940 Y119.6574
G1 X97.3957 Y119.7940
G1 X97.4052 Y119.9303
G1 X97.4227 Y120.0658
G1 X97.4480 Y120.2000
G1 X97.4811 Y120.3325
G1 X97.5219 Y120.4629
G1 X97.5701 Y120.5907
G1 X97.6257 Y120.7155
G1 X97.6885 Y120.8368
G1 X97.7582 Y120.9542
G1 X97.8346 Y121.0675
G1 X97.9175 Y121.1760
G1 X98.0065 Y121.2796
G1 X98.1015 Y121.3778
G1 X98.2019 Y121.4704
G1 X98.3076 Y121.5569
G1 X98.4182 Y121.6372
G1 X98.5332 Y121.7109
G1 X98.6523 Y121.7777
G1 X98.7751 Y121.8376
G1 X98.9011 Y121.8902
G1 X99.0300 Y121.9354
G1 X99.1614 Y121.9730
G1 X99.2946 Y122.0029
G1 X99.4294 Y122.0250
G1 X99.5653 Y122.0392
G1 X99.7017 Y122.0455
G1 X99.8383 Y122.0439
G1 X99.9746 Y122.0343
G1 X100.1101 Y122.0168
G1 X100.2443 Y121.9915
G1 X100.3768 Y121.9584
G1 X100.5072 Y121.9177
G1 X100.6350 Y121.8694
G1 X100.7597 Y121.8138
G1 X100.8811 Y121.7510
G1 X100.9985 Y121.6813
G1 X101.1118 Y121.6049
G1 X101.2203 Y121.5220
G1 X101.3239 Y121.4330
G1 X101.4221 Y121.3381
G1 X101.5147 Y121.2376
G1 X101.6012 Y121.1319
G1 X101.6815 Y121.0214
G1 X101.7552 Y120.9064
G1 X101.8220 Y120.7873
G1 X101.8819 Y120.6645
G1 X101.9345 Y120.5384
G1 X101.9797 Y120.4095
G1 X102.0173 Y120.2782
G1 X102.0472 Y120.1449
G1 X102.0693 Y120.0101
G1 X102.0835 Y119.8743
G1 X102.0898 Y119.7378
G1 X102.0882 Y119.6012
G1 X102.0786 Y119.4650
G1 X102.0611 Y119.3295
G1 X102.0358 Y119.1953
G1 X102.0027 Y119.0627
G1 X101.9620 Y118.9324
G1 X101.9137 Y118.8046
G1 X101.8581 Y118.6798
G1 X101.7953 Y118.5585
G1 X101.7256 Y118.4410
G1 X101.6492 Y118.3278
G1 X101.5663 Y118.2192
G1 X101.4773 Y118.1156
G1 X101.3824 Y118.0174
G1 X101.2819 Y117.9249
G1 X101.1762 Y117.8383
G1 X101.0657 Y117.7581
G1 X100.9507 Y117.6844
G1 X100.8316 Y117.6175
G1 X100.7088 Y117.5577
G1 X100.5827 Y117.5051
G1 X100.4538 Y117.4599
G1 X100.3225 Y117.4223
G1 X100.1892 Y117.3924
G1 X100.0544 Y117.3703
G1 X99.9185 Y117.3560
G1 X99.7821 Y117.3497
G1 X99.6455 Y117.3514
G1 X99.5092 Y117.3609
G1 X99.3738 Y117.3784
G1 X99.2396 Y117.4038
G1 X99.1070 Y117.4368
G1 X98.9766 Y117.4776
G1 X98.8489 Y117.5258
G1 X98.7241 Y117.5814
G1 X98.6028 Y117.6442
G1 X98.4853 Y117.7139
G1 X98.3721 Y117.7903
G1 X98.2635 Y117.8732
G1 X98.1599 Y117.9623
G1 Z8.0000 F120
G1 X98.0617 Y118.0572 F480
G1 X97.9692 Y118.1576
G1 X97.8826 Y118.2633
G1 X97.8024 Y118.3739
G1 X97.7287 Y118.4889
G1 X97.6618 Y118.6080
G1 X97.6020 Y118.7308
G1 X97.5494 Y118.8568
G1 X97.5042 Y118.9857
G1 X97.4666 Y119.1171
G1 X97.4367 Y119.2503
G1 X97.4146 Y119.3851
G1 X97.4003 Y119.5210
G1 X97.3940 Y119.6574
G1 X97.3957 Y119.7940
G1 X97.4052 Y119.9303
G1 X97.4227 Y120.0658
G1 X97.4480 Y120.2000
G1 X97.4811 Y120.3325
G1 X97.5219 Y120.4629
G1 X97.5701 Y120.5907
G1 X97.6257 Y120.7155
G1 X97.6885 Y120.8368
G1 X97.7582 Y120.9542
G1 X97.8346 Y121.0675
G1 X97.9175 Y121.1760
G1 X98.0065 Y121.2796
G1 X98.1015 Y121.3778
G1 X98.2019 Y121.4704
G1 X98.3076 Y121.5569
G1 X98.4182 Y121.6372
G1 X98.5332 Y121.7109
G1 X98.6523 Y121.7777
G1 X98.7751 Y121.8376
G1 X98.9011 Y121.8902
G1 X99.0300 Y121.9354
G1 X99.1614 Y121.9730
G1 X99.2946 Y122.0029
G1 X99.4294 Y122.0250
G1 X99.5653 Y122.0392
G1 X99.7017 Y122.0455
G1 X99.8383 Y122.0439
G1 X99.9746 Y122.0343
G1 X100.1101 Y122.0168
G1 X100.2443 Y121.9915
G1 X100.3768 Y121.9584
G1 X100.5072 Y121.9177
G1 X100.6350 Y121.8694
G1 X100.7597 Y121.8138
G1 X100.8811 Y121.7510
G1 X100.9985 Y121.6813
G1 X101.1118 Y121.6049
G1 X101.2203 Y121.5220
G1 X101.3239 Y121.4330
G1 X101.4221 Y121.3381
G1 X101.5147 Y121.2376
G1 X101.6012 Y121.1319
G1 X101.6815 Y121.0214
G1 X101.7552 Y120.9064
G1 X101.8220 Y120.7873
G1 X101.8819 Y120.6645
G1 X101.9345 Y120.5384
G1 X101.9797 Y120.4095
G1 X102.0173 Y120.2782
G1 X102.0472 Y120.1449
G1 X102.0693 Y120.0101
G1 X102.0835 Y119.8743
G1 X102.0898 Y119.7378
G1 X102.0882 Y119.6012
G1 X102.0786 Y119.4650
G1 X102.0611 Y119.3295
G1 X102.0358 Y119.1953
G1 X102.0027 Y119.0627
G1 X101.9620 Y118.9324
G1 X101.9137 Y118.8046
G1 X101.8581 Y118.6798
G1 X101.7953 Y118.5585
G1 X101.7256 Y118.4410
G1 X101.6492 Y118.3278
G1 X101.5663 Y118.2192
G1 X101.4773 Y118.1156
G1 X101.3824 Y118.0174
G1 X101.2819 Y117.9249
G1 X101.1762 Y117.8383
G1 X101.0657 Y117.7581
G1 X100.9507 Y117.6844
G1 X100.8316 Y117.6175
G1 X100.7088 Y117.5577
G1 X100.5827 Y117.5051
G1 X100.4538 Y117.4599
G1 X100.3225 Y117.4223
G1 X100.1892 Y117.3924
G1 X100.0544 Y117.3703
G1 X99.9185 Y117.3560
G1 X99.7821 Y117.3497
G1 X99.6455 Y117.3514
G1 X99.5092 Y117.3609
G1 X99.3738 Y117.3784
G1 X99.2396 Y117.4038
G1 X99.1070 Y117.4368
G1 X98.9766 Y117.4776
G1 X98.8489 Y117.5258
G1 X98.7241 Y117.5814
G1 X98.6028 Y117.6442
G1 X98.4853 Y117.7139
G1 X98.3721 Y117.7903
G1 X98.2635 Y117.8732
G1 X98.1599 Y117.9623
G0 Z-5.0000


(No. 20: Hole 12)
G0 X83.3268 Y117.8237 Z-5.0000 F2100
G0 Z-0.5000 F480
G1 Z0.0000 F120
G1 Z4.0000
G1 X83.2202 Y117.9091 F480
G1 X83.1188 Y118.0006
G1 X83.0229 Y118.0979
G1 X82.9328 Y118.2006
G1 X82.8488 Y118.3083
G1 X82.7712 Y118.4207
G1 X82.7003 Y118.5375
G1 X82.6363 Y118.6581
G1 X82.5794 Y118.7823
G1 X82.5298 Y118.9096
G1 X82.4878 Y119.0396
G1 X82.4533 Y119.1717
G1 X82.4266 Y119.3057
G1 X82.4077 Y119.4410
G1 X82.3968 Y119.5771
G1 X82.3937 Y119.7137
G1 X82.3986 Y119.8502
G1 X82.4115 Y119.9862
G1 X82.4322 Y120.1212
G1 X82.4607 Y120.2548
G1 X82.4970 Y120.3865
G1 X82.5408 Y120.5159
G1 X82.5921 Y120.6424
G1 X82.6507 Y120.7658
G1 X82.7164 Y120.8856
G1 X82.7889 Y121.0014
G1 X82.8680 Y121.1128
G1 X82.9534 Y121.2193
G1 X83.0449 Y121.3207
G1 X83.1422 Y121.4167
G1 X83.2448 Y121.5068
G1 X83.3526 Y121.5908
G1 X83.4650 Y121.6683
G1 X83.5817 Y121.7392
G1 X83.7024 Y121.8032
G1 X83.8266 Y121.8601
G1 X83.9539 Y121.9097
G1 X84.0838 Y121.9518
G1 X84.2160 Y121.9862
G1 X84.3500 Y122.0129
G1 X84.4853 Y122.0318
G1 X84.6214 Y122.0428
G1 X84.7580 Y122.0458
G1 X84.8945 Y122.0409
G1 X85.0305 Y122.0281
G1 X85.1655 Y122.0073
G1 X85.2991 Y121.9788
G1 X85.4308 Y121.9425
G1 X85.5601 Y121.8987
G1 X85.6867 Y121.8474
G1 X85.8101 Y121.7888
G1 X85.9299 Y121.7232
G1 X86.0457 Y121.6507
G1 X86.1570 Y121.5716
G1 X86.2636 Y121.4861
G1 X86.3650 Y121.3946
G1 X86.4610 Y121.2974
G1 X86.5511 Y121.1947
G1 X86.6350 Y121.0870
G1 X86.7126 Y120.9745
G1 X86.7835 Y120.8578
G1 X86.8475 Y120.7371
G1 X86.9044 Y120.6129
G1 X86.9540 Y120.4856
G1 X86.9961 Y120.3557
G1 X87.0305 Y120.2235
G1 X87.0572 Y120.0896
G1 X87.0761 Y119.9543
G1 X87.0871 Y119.8181
G1 X87.0901 Y119.6816
G1 X87.0852 Y119.5450
G1 X87.0724 Y119.4091
G1 X87.0516 Y119.2740
G1 X87.0231 Y119.1405
G1 X86.9868 Y119.0088
G1 X86.9430 Y118.8794
G1 X86.8917 Y118.7528
G1 X86.8331 Y118.6294
G1 X86.7675 Y118.5096
G1 X86.6950 Y118.3938
G1 X86.6159 Y118.2825
G1 X86.5304 Y118.1759
G1 X86.4389 Y118.0745
G1 X86.3416 Y117.9786
G1 X86.2390 Y117.8885
G1 X86.1313 Y117.8045
G1 X86.0188 Y117.7269
G1 X85.9021 Y117.6560
G1 X85.7814 Y117.5920
G1 X85.6572 Y117.5351
G1 X85.5299 Y117.4856
G1 X85.4000 Y117.4435
G1 X85.2678 Y117.4090
G1 X85.1338 Y117.3823
G1 X84.9986 Y117.3635
G1 X84.8624 Y117.3525
G1 X84.7258 Y117.3494
G1 X84.5893 Y117.3543
G1 X84.4533 Y117.3672
G1 X84.3183 Y117.3879
G1 X84.1847 Y117.4164
G1 X84.0531 Y117.4527
G1 X83.9237 Y117.4966
G1 X83.7971 Y117.5478
G1 X83.6737 Y117.6064
G1 X83.5539 Y117.6721
G1 X83.4381 Y117.7446
G1 X83.3268 Y117.8237
G1 Z8.0000 F120
G1 X83.2202 Y117.9091 F480
G1 X83.1188 Y118.0006
G1 X83.0229 Y118.0979
G1 X82.9328 Y118.2006
G1 X82.8488 Y118.3083
G1 X82.7712 Y118.4207
G1 X82.7003 Y118.5375
G1 X82.6363 Y118.6581
G1 X82.5794 Y118.7823
G1 X82.5298 Y118.9096
G1 X82.4878 Y119.0396
G1 X82.4533 Y119.1717
G1 X82.4266 Y119.3057
G1 X82.4077 Y119.4410
G1 X82.3968 Y119.5771
G1 X82.3937 Y119.7137
G1 X82.3986 Y119.8502
G1 X82.4115 Y119.9862
G1 X82.4322 Y120.1212
G1 X82.4607 Y120.2548
G1 X82.4970 Y120.3865
G1 X82.5408 Y120.5159
G1 X82.5921 Y120.6424
G1 X82.6507 Y120.7658
G1 X82.7164 Y120.8856
G1 X82.7889 Y121.0014
G1 X82.8680 Y121.1128
G1 X82.9534 Y121.2193
G1 X83.0449 Y121.3207
G1 X83.1422 Y121.4167
G1 X83.2448 Y121.5068
G1 X83.3526 Y121.5908
G1 X83.4650 Y121.6683
G1 X83.5817 Y121.7392
G1 X83.7024 Y121.8032
G1 X83.8266 Y121.8601
G1 X83.9539 Y121.9097
G1 X84.0838 Y121.9518
G1 X84.2160 Y121.9862
G1 X84.3500 Y122.0129
G1 X84.4853 Y122.0318
G1 X84.6214 Y122.0428
G1 X84.7580 Y122.0458
G1 X84.8945 Y122.0409
G1 X85.0305 Y122.0281
G1 X85.1655 Y122.0073
G1 X85.2991 Y121.9788
G1 X85.4308 Y121.9425
G1 X85.5601 Y121.8987
G1 X85.6867 Y121.8474
G1 X85.8101 Y121.7888
G1 X85.9299 Y121.7232
G1 X86.0457 Y121.6507
G1 X86.1570 Y121.5716
G1 X86.2636 Y121.4861
G1 X86.3650 Y121.3946
G1 X86.4610 Y121.2974
G1 X86.5511 Y121.1947
G1 X86.6350 Y121.0870
G1 X86.7126 Y120.9745
G1 X86.7835 Y120.8578
G1 X86.8475 Y120.7371
G1 X86.9044 Y120.6129
G1 X86.9540 Y120.4856
G1 X86.9961 Y120.3557
G1 X87.0305 Y120.2235
G1 X87.0572 Y120.0896
G1 X87.0761 Y119.9543
G1 X87.0871 Y119.8181
G1 X87.0901 Y119.6816
G1 X87.0852 Y119.5450
G1 X87.0724 Y119.4091
G1 X87.0516 Y119.2740
G1 X87.0231 Y119.1405
G1 X86.9868 Y119.0088
G1 X86.9430 Y118.8794
G1 X86.8917 Y118.7528
G1 X86.8331 Y118.6294
G1 X86.7675 Y118.5096
G1 X86.6950 Y118.3938
G1 X86.6159 Y118.2825
G1 X86.5304 Y118.1759
G1 X86.4389 Y118.0745
G1 X86.3416 Y117.9786
G1 X86.2390 Y117.8885
G1 X86.1313 Y117.8045
G1 X86.0188 Y117.7269
G1 X85.9021 Y117.6560
G1 X85.7814 Y117.5920
G1 X85.6572 Y117.5351
G1 X85.5299 Y117.4856
G1 X85.4000 Y117.4435
G1 X85.2678 Y117.4090
G1 X85.1338 Y117.3823
G1 X84.9986 Y117.3635
G1 X84.8624 Y117.3525
G1 X84.7258 Y117.3494
G1 X84.5893 Y117.3543
G1 X84.4533 Y117.3672
G1 X84.3183 Y117.3879
G1 X84.1847 Y117.4164
G1 X84.0531 Y117.4527
G1 X83.9237 Y117.4966
G1 X83.7971 Y117.5478
G1 X83.6737 Y117.6064
G1 X83.5539 Y117.6721
G1 X83.4381 Y117.7446
G1 X83.3268 Y117.8237
G0 Z-5.0000


(No. 21: Hole 3)
G0 X83.5057 Y147.7011 Z-5.0000 F2100
G0 Z-0.5000 F480
G1 Z0.0000 F120
G1 Z4.0000
G1 X83.3917 Y147.7764 F480
G1 X83.2823 Y147.8581
G1 X83.1778 Y147.9461
G1 X83.0786 Y148.0400
G1 X82.9851 Y148.1395
G1 X82.8974 Y148.2443
G1 X82.8161 Y148.3540
G1 X82.7412 Y148.4683
G1 X82.6731 Y148.5867
G1 X82.6120 Y148.7089
G1 X82.5581 Y148.8344
G1 X82.5116 Y148.9628
G1 X82.4727 Y149.0937
G1 X82.4414 Y149.2267
G1 X82.4179 Y149.3613
G1 X82.4023 Y149.4970
G1 X82.3946 Y149.6333
G1 X82.3948 Y149.7699
G1 X82.4030 Y149.9063
G1 X82.4191 Y150.0419
G1 X82.4430 Y150.1764
G1 X82.4747 Y150.3093
G1 X82.5141 Y150.4401
G1 X82.5611 Y150.5683
G1 X82.6154 Y150.6937
G1 X82.6769 Y150.8156
G1 X82.7454 Y150.9338
G1 X82.8207 Y151.0478
G1 X82.9024 Y151.1572
G1 X82.9904 Y151.2617
G1 X83.0843 Y151.3609
G1 X83.1838 Y151.4545
G1 X83.2886 Y151.5421
G1 X83.3983 Y151.6235
G1 X83.5126 Y151.6984
G1 X83.6310 Y151.7664
G1 X83.7532 Y151.8275
G1 X83.8787 Y151.8814
G1 X84.0071 Y151.9279
G1 X84.1380 Y151.9669
G1 X84.2710 Y151.9982
G1 X84.4056 Y152.0216
G1 X84.5413 Y152.0373
G1 X84.6776 Y152.0450
G1 X84.8142 Y152.0447
G1 X84.9506 Y152.0366
G1 X85.0862 Y152.0205
G1 X85.2207 Y151.9965
G1 X85.3536 Y151.9648
G1 X85.4844 Y151.9254
G1 X85.6126 Y151.8785
G1 X85.7380 Y151.8241
G1 X85.8599 Y151.7626
G1 X85.9781 Y151.6941
G1 X86.0921 Y151.6189
G1 X86.2015 Y151.5371
G1 X86.3060 Y151.4491
G1 X86.4052 Y151.3552
G1 X86.4988 Y151.2557
G1 X86.5864 Y151.1509
G1 X86.6678 Y151.0412
G1 X86.7426 Y150.9270
G1 X86.8107 Y150.8086
G1 X86.8718 Y150.6864
G1 X86.9257 Y150.5609
G1 X86.9722 Y150.4324
G1 X87.0112 Y150.3015
G1 X87.0424 Y150.1685
G1 X87.0659 Y150.0340
G1 X87.0816 Y149.8983
G1 X87.0893 Y149.7619
G1 X87.0890 Y149.6253
G1 X87.0809 Y149.4890
G1 X87.0648 Y149.3533
G1 X87.0408 Y149.2188
G1 X87.0091 Y149.0860
G1 X86.9697 Y148.9552
G1 X86.9228 Y148.8269
G1 X86.8684 Y148.7016
G1 X86.8069 Y148.5796
G1 X86.7384 Y148.4614
G1 X86.6632 Y148.3474
G1 X86.5814 Y148.2380
G1 X86.4934 Y148.1335
G1 X86.3995 Y148.0343
G1 X86.3000 Y147.9408
G1 X86.1952 Y147.8531
G1 X86.0855 Y147.7718
G1 X85.9713 Y147.6969
G1 X85.8529 Y147.6288
G1 X85.7307 Y147.5677
G1 X85.6052 Y147.5138
G1 X85.4767 Y147.4673
G1 X85.3458 Y147.4284
G1 X85.2128 Y147.3971
G1 X85.0783 Y147.3736
G1 X84.9426 Y147.3580
G1 X84.8062 Y147.3503
G1 X84.6696 Y147.3505
G1 X84.5333 Y147.3587
G1 X84.3976 Y147.3748
G1 X84.2631 Y147.3987
G1 X84.1303 Y147.4304
G1 X83.9995 Y147.4698
G1 X83.8712 Y147.5168
G1 X83.7459 Y147.5711
G1 X83.6239 Y147.6326
G1 X83.5057 Y147.7011
G1 Z8.0000 F120
G1 X83.3917 Y147.7764 F480
G1 X83.2823 Y147.8581
G1 X83.1778 Y147.9461
G1 X83.0786 Y148.0400
G1 X82.9851 Y148.1395
G1 X82.8974 Y148.2443
G1 X82.8161 Y148.3540
G1 X82.7412 Y148.4683
G1 X82.6731 Y148.5867
G1 X82.6120 Y148.7089
G1 X82.5581 Y148.8344
G1 X82.5116 Y148.9628
G1 X82.4727 Y149.0937
G1 X82.4414 Y149.2267
G1 X82.4179 Y149.3613
G1 X82.4023 Y149.4970
G1 X82.3946 Y149.6333
G1 X82.3948 Y149.7699
G1 X82.4030 Y149.9063
G1 X82.4191 Y150.0419
G1 X82.4430 Y150.1764
G1 X82.4747 Y150.3093
G1 X82.5141 Y150.4401
G1 X82.5611 Y150.5683
G1 X82.6154 Y150.6937
G1 X82.6769 Y150.8156
G1 X82.7454 Y150.9338
G1 X82.8207 Y151.0478
G1 X82.9024 Y151.1572
G1 X82.9904 Y151.2617
G1 X83.0843 Y151.3609
G1 X83.1838 Y151.4545
G1 X83.2886 Y151.5421
G1 X83.3983 Y151.6235
G1 X83.5126 Y151.6984
G1 X83.6310 Y151.7664
G1 X83.7532 Y151.8275
G1 X83.8787 Y151.8814
G1 X84.0071 Y151.9279
G1 X84.1380 Y151.9669
G1 X84.2710 Y151.9982
G1 X84.4056 Y152.0216
G1 X84.5413 Y152.0373
G1 X84.6776 Y152.0450
G1 X84.8142 Y152.0447
G1 X84.9506 Y152.0366
G1 X85.0862 Y152.0205
G1 X85.2207 Y151.9965
G1 X85.3536 Y151.9648
G1 X85.4844 Y151.9254
G1 X85.6126 Y151.8785
G1 X85.7380 Y151.8241
G1 X85.8599 Y151.7626
G1 X85.9781 Y151.6941
G1 X86.0921 Y151.6189
G1 X86.2015 Y151.5371
G1 X86.3060 Y151.4491
G1 X86.4052 Y151.3552
G1 X86.4988 Y151.2557
G1 X86.5864 Y151.1509
G1 X86.6678 Y151.0412
G1 X86.7426 Y150.9270
G1 X86.8107 Y150.8086
G1 X86.8718 Y150.6864
G1 X86.9257 Y150.5609
G1 X86.9722 Y150.4324
G1 X87.0112 Y150.3015
G1 X87.0424 Y150.1685
G1 X87.0659 Y150.0340
G1 X87.0816 Y149.8983
G1 X87.0893 Y149.7619
G1 X87.0890 Y149.6253
G1 X87.0809 Y149.4890
G1 X87.0648 Y149.3533
G1 X87.0408 Y149.2188
G1 X87.0091 Y149.0860
G1 X86.9697 Y148.9552
G1 X86.9228 Y148.8269
G1 X86.8684 Y148.7016
G1 X86.8069 Y148.5796
G1 X86.7384 Y148.4614
G1 X86.6632 Y148.3474
G1 X86.5814 Y148.2380
G1 X86.4934 Y148.1335
G1 X86.3995 Y148.0343
G1 X86.3000 Y147.9408
G1 X86.1952 Y147.8531
G1 X86.0855 Y147.7718
G1 X85.9713 Y147.6969
G1 X85.8529 Y147.6288
G1 X85.7307 Y147.5677
G1 X85.6052 Y147.5138
G1 X85.4767 Y147.4673
G1 X85.3458 Y147.4284
G1 X85.2128 Y147.3971
G1 X85.0783 Y147.3736
G1 X84.9426 Y147.3580
G1 X84.8062 Y147.3503
G1 X84.6696 Y147.3505
G1 X84.5333 Y147.3587
G1 X84.3976 Y147.3748
G1 X84.2631 Y147.3987
G1 X84.1303 Y147.4304
G1 X83.9995 Y147.4698
G1 X83.8712 Y147.5168
G1 X83.7459 Y147.5711
G1 X83.6239 Y147.6326
G1 X83.5057 Y147.7011
G0 Z-5.0000


(No. 22: Hole 2)
G0 X68.6952 Y147.5956 Z-5.0000 F2100
G0 Z-0.5000 F480
G1 Z0.0000 F120
G1 Z4.0000
G1 X68.5748 Y147.6600 F480
G1 X68.4583 Y147.7313
G1 X68.3461 Y147.8093
G1 X68.2387 Y147.8936
G1 X68.1363 Y147.9841
G1 X68.0394 Y148.0803
G1 X67.9482 Y148.1821
G1 X67.8632 Y148.2889
G1 X67.7844 Y148.4005
G1 X67.7123 Y148.5166
G1 X67.6471 Y148.6366
G1 X67.5889 Y148.7602
G1 X67.5381 Y148.8869
G1 X67.4946 Y149.0164
G1 X67.4588 Y149.1483
G1 X67.4308 Y149.2819
G1 X67.4105 Y149.4170
G1 X67.3981 Y149.5531
G1 X67.3937 Y149.6896
G1 X67.3972 Y149.8261
G1 X67.4086 Y149.9623
G1 X67.4280 Y150.0975
G1 X67.4551 Y150.2313
G1 X67.4900 Y150.3634
G1 X67.5326 Y150.4932
G1 X67.5826 Y150.6203
G1 X67.6399 Y150.7443
G1 X67.7043 Y150.8648
G1 X67.7756 Y150.9813
G1 X67.8536 Y151.0934
G1 X67.9379 Y151.2009
G1 X68.0284 Y151.3032
G1 X68.1246 Y151.4001
G1 X68.2264 Y151.4913
G1 X68.3332 Y151.5764
G1 X68.4448 Y151.6551
G1 X68.5608 Y151.7272
G1 X68.6809 Y151.7925
G1 X68.8045 Y151.8506
G1 X68.9312 Y151.9015
G1 X69.0607 Y151.9449
G1 X69.1926 Y151.9807
G1 X69.3262 Y152.0088
G1 X69.4613 Y152.0290
G1 X69.5974 Y152.0414
G1 X69.7339 Y152.0458
G1 X69.8704 Y152.0423
G1 X70.0065 Y152.0309
G1 X70.1418 Y152.0116
G1 X70.2756 Y151.9844
G1 X70.4077 Y151.9495
G1 X70.5375 Y151.9070
G1 X70.6646 Y151.8570
G1 X70.7886 Y151.7997
G1 X70.9091 Y151.7353
G1 X71.0256 Y151.6640
G1 X71.1377 Y151.5860
G1 X71.2452 Y151.5016
G1 X71.3475 Y151.4112
G1 X71.4444 Y151.3149
G1 X71.5356 Y151.2132
G1 X71.6207 Y151.1063
G1 X71.6994 Y150.9947
G1 X71.7715 Y150.8787
G1 X71.8368 Y150.7587
G1 X71.8949 Y150.6351
G1 X71.9458 Y150.5083
G1 X71.9892 Y150.3788
G1 X72.0250 Y150.2470
G1 X72.0531 Y150.1133
G1 X72.0733 Y149.9782
G1 X72.0857 Y149.8422
G1 X72.0901 Y149.7057
G1 X72.0866 Y149.5691
G1 X72.0752 Y149.4330
G1 X72.0559 Y149.2978
G1 X72.0287 Y149.1639
G1 X71.9938 Y149.0318
G1 X71.9513 Y148.9020
G1 X71.9013 Y148.7749
G1 X71.8440 Y148.6509
G1 X71.7796 Y148.5305
G1 X71.7082 Y148.4140
G1 X71.6303 Y148.3018
G1 X71.5459 Y148.1944
G1 X71.4555 Y148.0920
G1 X71.3592 Y147.9951
G1 X71.2575 Y147.9039
G1 X71.1506 Y147.8189
G1 X71.0390 Y147.7401
G1 X70.9230 Y147.6680
G1 X70.8030 Y147.6028
G1 X70.6794 Y147.5446
G1 X70.5526 Y147.4938
G1 X70.4231 Y147.4504
G1 X70.2913 Y147.4145
G1 X70.1576 Y147.3865
G1 X70.0225 Y147.3662
G1 X69.8865 Y147.3538
G1 X69.7500 Y147.3494
G1 X69.6134 Y147.3529
G1 X69.4773 Y147.3643
G1 X69.3421 Y147.3837
G1 X69.2082 Y147.4108
G1 X69.0761 Y147.4457
G1 X68.9463 Y147.4883
G1 X68.8192 Y147.5383
G1 X68.6952 Y147.5956
G1 Z8.0000 F120
G1 X68.5748 Y147.6600 F480
G1 X68.4583 Y147.7313
G1 X68.3461 Y147.8093
G1 X68.2387 Y147.8936
G1 X68.1363 Y147.9841
G1 X68.0394 Y148.0803
G1 X67.9482 Y148.1821
G1 X67.8632 Y148.2889
G1 X67.7844 Y148.4005
G1 X67.7123 Y148.5166
G1 X67.6471 Y148.6366
G1 X67.5889 Y148.7602
G1 X67.5381 Y148.8869
G1 X67.4946 Y149.0164
G1 X67.4588 Y149.1483
G1 X67.4308 Y149.2819
G1 X67.4105 Y149.4170
G1 X67.3981 Y149.5531
G1 X67.3937 Y149.6896
G1 X67.3972 Y149.8261
G1 X67.4086 Y149.9623
G1 X67.4280 Y150.0975
G1 X67.4551 Y150.2313
G1 X67.4900 Y150.3634
G1 X67.5326 Y150.4932
G1 X67.5826 Y150.6203
G1 X67.6399 Y150.7443
G1 X67.7043 Y150.8648
G1 X67.7756 Y150.9813
G1 X67.8536 Y151.0934
G1 X67.9379 Y151.2009
G1 X68.0284 Y151.3032
G1 X68.1246 Y151.4001
G1 X68.2264 Y151.4913
G1 X68.3332 Y151.5764
G1 X68.4448 Y151.6551
G1 X68.5608 Y151.7272
G1 X68.6809 Y151.7925
G1 X68.8045 Y151.8506
G1 X68.9312 Y151.9015
G1 X69.0607 Y151.9449
G1 X69.1926 Y151.9807
G1 X69.3262 Y152.0088
G1 X69.4613 Y152.0290
G1 X69.5974 Y152.0414
G1 X69.7339 Y152.0458
G1 X69.8704 Y152.0423
G1 X70.0065 Y152.0309
G1 X70.1418 Y152.0116
G1 X70.2756 Y151.9844
G1 X70.4077 Y151.9495
G1 X70.5375 Y151.9070
G1 X70.6646 Y151.8570
G1 X70.7886 Y151.7997
G1 X70.9091 Y151.7353
G1 X71.0256 Y151.6640
G1 X71.1377 Y151.5860
G1 X71.2452 Y151.5016
G1 X71.3475 Y151.4112
G1 X71.4444 Y151.3149
G1 X71.5356 Y151.2132
G1 X71.6207 Y151.1063
G1 X71.6994 Y150.9947
G1 X71.7715 Y150.8787
G1 X71.8368 Y150.7587
G1 X71.8949 Y150.6351
G1 X71.9458 Y150.5083
G1 X71.9892 Y150.3788
G1 X72.0250 Y150.2470
G1 X72.0531 Y150.1133
G1 X72.0733 Y149.9782
G1 X72.0857 Y149.8422
G1 X72.0901 Y149.7057
G1 X72.0866 Y149.5691
G1 X72.0752 Y149.4330
G1 X72.0559 Y149.2978
G1 X72.0287 Y149.1639
G1 X71.9938 Y149.0318
G1 X71.9513 Y148.9020
G1 X71.9013 Y148.7749
G1 X71.8440 Y148.6509
G1 X71.7796 Y148.5305
G1 X71.7082 Y148.4140
G1 X71.6303 Y148.3018
G1 X71.5459 Y148.1944
G1 X71.4555 Y148.0920
G1 X71.3592 Y147.9951
G1 X71.2575 Y147.9039
G1 X71.1506 Y147.8189
G1 X71.0390 Y147.7401
G1 X70.9230 Y147.6680
G1 X70.8030 Y147.6028
G1 X70.6794 Y147.5446
G1 X70.5526 Y147.4938
G1 X70.4231 Y147.4504
G1 X70.2913 Y147.4145
G1 X70.1576 Y147.3865
G1 X70.0225 Y147.3662
G1 X69.8865 Y147.3538
G1 X69.7500 Y147.3494
G1 X69.6134 Y147.3529
G1 X69.4773 Y147.3643
G1 X69.3421 Y147.3837
G1 X69.2082 Y147.4108
G1 X69.0761 Y147.4457
G1 X68.9463 Y147.4883
G1 X68.8192 Y147.5383
G1 X68.6952 Y147.5956
G0 Z-5.0000


(No. 23: Hole 4)
G0 X98.5057 Y147.7011 Z-5.0000 F2100
G0 Z-0.5000 F480
G1 Z0.0000 F120
G1 Z4.0000
G1 X98.3917 Y147.7764 F480
G1 X98.2823 Y147.8581
G1 X98.1778 Y147.9461
G1 X98.0786 Y148.0400
G1 X97.9851 Y148.1395
G1 X97.8974 Y148.2443
G1 X97.8161 Y148.3540
G1 X97.7412 Y148.4683
G1 X97.6731 Y148.5867
G1 X97.6120 Y148.7089
G1 X97.5581 Y148.8344
G1 X97.5116 Y148.9628
G1 X97.4727 Y149.0937
G1 X97.4414 Y149.2267
G1 X97.4179 Y149.3613
G1 X97.4023 Y149.4970
G1 X97.3946 Y149.6333
G1 X97.3948 Y149.7699
G1 X97.4030 Y149.9063
G1 X97.4191 Y150.0419
G1 X97.4430 Y150.1764
G1 X97.4747 Y150.3093
G1 X97.5141 Y150.4401
G1 X97.5611 Y150.5683
G1 X97.6154 Y150.6937
G1 X97.6769 Y150.8156
G1 X97.7454 Y150.9338
G1 X97.8207 Y151.0478
G1 X97.9024 Y151.1572
G1 X97.9904 Y151.2617
G1 X98.0843 Y151.3609
G1 X98.1838 Y151.4545
G1 X98.2886 Y151.5421
G1 X98.3983 Y151.6235
G1 X98.5126 Y151.6984
G1 X98.6310 Y151.7664
G1 X98.7532 Y151.8275
G1 X98.8787 Y151.8814
G1 X99.0071 Y151.9279
G1 X99.1380 Y151.9669
G1 X99.2710 Y151.9982
G1 X99.4056 Y152.0216
G1 X99.5413 Y152.0373
G1 X99.6776 Y152.0450
G1 X99.8142 Y152.0447
G1 X99.9506 Y152.0366
G1 X100.0862 Y152.0205
G1 X100.2207 Y151.9965
G1 X100.3536 Y151.9648
G1 X100.4844 Y151.9254
G1 X100.6126 Y151.8785
G1 X100.7380 Y151.8241
G1 X100.8599 Y151.7626
G1 X100.9781 Y151.6941
G1 X101.0921 Y151.6189
G1 X101.2015 Y151.5371
G1 X101.3060 Y151.4491
G1 X101.4052 Y151.3552
G1 X101.4988 Y151.2557
G1 X101.5864 Y151.1509
G1 X101.6678 Y151.0412
G1 X101.7426 Y150.9270
G1 X101.8107 Y150.8086
G1 X101.8718 Y150.6864
G1 X101.9257 Y150.5609
G1 X101.9722 Y150.4324
G1 X102.0112 Y150.3015
G1 X102.0424 Y150.1685
G1 X102.0659 Y150.0340
G1 X102.0816 Y149.8983
G1 X102.0893 Y149.7619
G1 X102.0890 Y149.6253
G1 X102.0809 Y149.4890
G1 X102.0648 Y149.3533
G1 X102.0408 Y149.2188
G1 X102.0091 Y149.0860
G1 X101.9697 Y148.9552
G1 X101.9228 Y148.8269
G1 X101.8684 Y148.7016
G1 X101.8069 Y148.5796
G1 X101.7384 Y148.4614
G1 X101.6632 Y148.3474
G1 X101.5814 Y148.2380
G1 X101.4934 Y148.1335
G1 X101.3995 Y148.0343
G1 X101.3000 Y147.9408
G1 X101.1952 Y147.8531
G1 X101.0855 Y147.7718
G1 X100.9713 Y147.6969
G1 X100.8529 Y147.6288
G1 X100.7307 Y147.5677
G1 X100.6052 Y147.5138
G1 X100.4767 Y147.4673
G1 X100.3458 Y147.4284
G1 X100.2128 Y147.3971
G1 X100.0783 Y147.3736
G1 X99.9426 Y147.3580
G1 X99.8062 Y147.3503
G1 X99.6696 Y147.3505
G1 X99.5333 Y147.3587
G1 X99.3976 Y147.3748
G1 X99.2631 Y147.3987
G1 X99.1303 Y147.4304
G1 X98.9995 Y147.4698
G1 X98.8712 Y147.5168
G1 X98.7459 Y147.5711
G1 X98.6239 Y147.6326
G1 X98.5057 Y147.7011
G1 Z8.0000 F120
G1 X98.3917 Y147.7764 F480
G1 X98.2823 Y147.8581
G1 X98.1778 Y147.9461
G1 X98.0786 Y148.0400
G1 X97.9851 Y148.1395
G1 X97.8974 Y148.2443
G1 X97.8161 Y148.3540
G1 X97.7412 Y148.4683
G1 X97.6731 Y148.5867
G1 X97.6120 Y148.7089
G1 X97.5581 Y148.8344
G1 X97.5116 Y148.9628
G1 X97.4727 Y149.0937
G1 X97.4414 Y149.2267
G1 X97.4179 Y149.3613
G1 X97.4023 Y149.4970
G1 X97.3946 Y149.6333
G1 X97.3948 Y149.7699
G1 X97.4030 Y149.9063
G1 X97.4191 Y150.0419
G1 X97.4430 Y150.1764
G1 X97.4747 Y150.3093
G1 X97.5141 Y150.4401
G1 X97.5611 Y150.5683
G1 X97.6154 Y150.6937
G1 X97.6769 Y150.8156
G1 X97.7454 Y150.9338
G1 X97.8207 Y151.0478
G1 X97.9024 Y151.1572
G1 X97.9904 Y151.2617
G1 X98.0843 Y151.3609
G1 X98.1838 Y151.4545
G1 X98.2886 Y151.5421
G1 X98.3983 Y151.6235
G1 X98.5126 Y151.6984
G1 X98.6310 Y151.7664
G1 X98.7532 Y151.8275
G1 X98.8787 Y151.8814
G1 X99.0071 Y151.9279
G1 X99.1380 Y151.9669
G1 X99.2710 Y151.9982
G1 X99.4056 Y152.0216
G1 X99.5413 Y152.0373
G1 X99.6776 Y152.0450
G1 X99.8142 Y152.0447
G1 X99.9506 Y152.0366
G1 X100.0862 Y152.0205
G1 X100.2207 Y151.9965
G1 X100.3536 Y151.9648
G1 X100.4844 Y151.9254
G1 X100.6126 Y151.8785
G1 X100.7380 Y151.8241
G1 X100.8599 Y151.7626
G1 X100.9781 Y151.6941
G1 X101.0921 Y151.6189
G1 X101.2015 Y151.5371
G1 X101.3060 Y151.4491
G1 X101.4052 Y151.3552
G1 X101.4988 Y151.2557
G1 X101.5864 Y151.1509
G1 X101.6678 Y151.0412
G1 X101.7426 Y150.9270
G1 X101.8107 Y150.8086
G1 X101.8718 Y150.6864
G1 X101.9257 Y150.5609
G1 X101.9722 Y150.4324
G1 X102.0112 Y150.3015
G1 X102.0424 Y150.1685
G1 X102.0659 Y150.0340
G1 X102.0816 Y149.8983
G1 X102.0893 Y149.7619
G1 X102.0890 Y149.6253
G1 X102.0809 Y149.4890
G1 X102.0648 Y149.3533
G1 X102.0408 Y149.2188
G1 X102.0091 Y149.0860
G1 X101.9697 Y148.9552
G1 X101.9228 Y148.8269
G1 X101.8684 Y148.7016
G1 X101.8069 Y148.5796
G1 X101.7384 Y148.4614
G1 X101.6632 Y148.3474
G1 X101.5814 Y148.2380
G1 X101.4934 Y148.1335
G1 X101.3995 Y148.0343
G1 X101.3000 Y147.9408
G1 X101.1952 Y147.8531
G1 X101.0855 Y147.7718
G1 X100.9713 Y147.6969
G1 X100.8529 Y147.6288
G1 X100.7307 Y147.5677
G1 X100.6052 Y147.5138
G1 X100.4767 Y147.4673
G1 X100.3458 Y147.4284
G1 X100.2128 Y147.3971
G1 X100.0783 Y147.3736
G1 X99.9426 Y147.3580
G1 X99.8062 Y147.3503
G1 X99.6696 Y147.3505
G1 X99.5333 Y147.3587
G1 X99.3976 Y147.3748
G1 X99.2631 Y147.3987
G1 X99.1303 Y147.4304
G1 X98.9995 Y147.4698
G1 X98.8712 Y147.5168
G1 X98.7459 Y147.5711
G1 X98.6239 Y147.6326
G1 X98.5057 Y147.7011
G0 Z-5.0000


(No. 24: Drill 4)
G0 X134.7419 Y168.6976 Z-5.0000 F2100
G0 Z-0.5000 F480
G1 Z4.0000 F120
G0 Z-0.5000 F480
G0 Z3.5000
G1 Z8.0000 F120
G0 Z-5.0000 F480


(No. 25: Drill 3)
G0 X129.7419 Y194.6976 Z-5.0000 F2100
G0 Z-0.5000 F480
G1 Z4.0000 F120
G0 Z-0.5000 F480
G0 Z3.5000
G1 Z8.0000 F120
G0 Z-5.0000 F480


(No. 26: Drill 9)
G0 X171.5163 Y196.5557 Z-5.0000 F2100
G0 Z-0.5000 F480
G1 Z4.0000 F120
G0 Z-0.5000 F480
G0 Z3.5000
G1 Z8.0000 F120
G0 Z-5.0000 F480


(No. 27: Drill 20)
G0 X169.6798 Y235.2635 Z-5.0000 F2100
G0 Z-0.5000 F480
G1 Z4.0000 F120
G0 Z-0.5000 F480
G0 Z3.5000
G1 Z8.0000 F120
G0 Z-5.0000 F480


(No. 28: Drill 17)
G0 X213.2627 Y235.2635 Z-5.0000 F2100
G0 Z-0.5000 F480
G1 Z4.0000 F120
G0 Z-0.5000 F480
G0 Z3.5000
G1 Z8.0000 F120
G0 Z-5.0000 F480


(No. 29: Drill 18)
G0 X258.2627 Y240.7635 Z-5.0000 F2100
G0 Z-0.5000 F480
G1 Z4.0000 F120
G0 Z-0.5000 F480
G0 Z3.5000
G1 Z8.0000 F120
G0 Z-5.0000 F480


(No. 30: Drill 19)
G0 X258.2627 Y254.7635 Z-5.0000 F2100
G0 Z-0.5000 F480
G1 Z4.0000 F120
G0 Z-0.5000 F480
G0 Z3.5000
G1 Z8.0000 F120
G0 Z-5.0000 F480


(No. 31: Drill 20)
G0 X303.2627 Y235.2635 Z-5.0000 F2100
G0 Z-0.5000 F480
G1 Z4.0000 F120
G0 Z-0.5000 F480
G0 Z3.5000
G1 Z8.0000 F120
G0 Z-5.0000 F480


(No. 32: Drill 11)
G0 X302.8163 Y196.5557 Z-5.0000 F2100
G0 Z-0.5000 F480
G1 Z4.0000 F120
G0 Z-0.5000 F480
G0 Z3.5000
G1 Z8.0000 F120
G0 Z-5.0000 F480


(No. 33: Drill 15)
G0 X346.8456 Y201.2707 Z-5.0000 F2100
G0 Z-0.5000 F480
G1 Z4.0000 F120
G0 Z-0.5000 F480
G0 Z3.5000
G1 Z8.0000 F120
G0 Z-5.0000 F480


(No. 34: Drill 17)
G0 X346.8456 Y235.2635 Z-5.0000 F2100
G0 Z-0.5000 F480
G1 Z4.0000 F120
G0 Z-0.5000 F480
G0 Z3.5000
G1 Z8.0000 F120
G0 Z-5.0000 F480


(No. 35: Drill 18)
G0 X391.8456 Y240.7635 Z-5.0000 F2100
G0 Z-0.5000 F480
G1 Z4.0000 F120
G0 Z-0.5000 F480
G0 Z3.5000
G1 Z8.0000 F120
G0 Z-5.0000 F480


(No. 36: Drill 19)
G0 X391.8456 Y254.7635 Z-5.0000 F2100
G0 Z-0.5000 F480
G1 Z4.0000 F120
G0 Z-0.5000 F480
G0 Z3.5000
G1 Z8.0000 F120
G0 Z-5.0000 F480


(No. 37: Drill 20)
G0 X436.8456 Y235.2635 Z-5.0000 F2100
G0 Z-0.5000 F480
G1 Z4.0000 F120
G0 Z-0.5000 F480
G0 Z3.5000
G1 Z8.0000 F120
G0 Z-5.0000 F480


(No. 38: Drill 22)
G0 X436.8456 Y201.2707 Z-5.0000 F2100
G0 Z-0.5000 F480
G1 Z4.0000 F120
G0 Z-0.5000 F480
G0 Z3.5000
G1 Z8.0000 F120
G0 Z-5.0000 F480


(No. 39: Drill 15)
G0 X480.4284 Y201.2707 Z-5.0000 F2100
G0 Z-0.5000 F480
G1 Z4.0000 F120
G0 Z-0.5000 F480
G0 Z3.5000
G1 Z8.0000 F120
G0 Z-5.0000 F480


(No. 40: Drill 17)
G0 X480.4284 Y235.2635 Z-5.0000 F2100
G0 Z-0.5000 F480
G1 Z4.0000 F120
G0 Z-0.5000 F480
G0 Z3.5000
G1 Z8.0000 F120
G0 Z-5.0000 F480


(No. 41: Drill 18)
G0 X525.4284 Y240.7635 Z-5.0000 F2100
G0 Z-0.5000 F480
G1 Z4.0000 F120
G0 Z-0.5000 F480
G0 Z3.5000
G1 Z8.0000 F120
G0 Z-5.0000 F480


(No. 42: Drill 19)
G0 X525.4284 Y254.7635 Z-5.0000 F2100
G0 Z-0.5000 F480
G1 Z4.0000 F120
G0 Z-0.5000 F480
G0 Z3.5000
G1 Z8.0000 F120
G0 Z-5.0000 F480


(No. 43: Drill 20)
G0 X570.4284 Y235.2635 Z-5.0000 F2100
G0 Z-0.5000 F480
G1 Z4.0000 F120
G0 Z-0.5000 F480
G0 Z3.5000
G1 Z8.0000 F120
G0 Z-5.0000 F480


(No. 44: Drill 22)
G0 X570.4284 Y201.2707 Z-5.0000 F2100
G0 Z-0.5000 F480
G1 Z4.0000 F120
G0 Z-0.5000 F480
G0 Z3.5000
G1 Z8.0000 F120
G0 Z-5.0000 F480


(No. 45: Drill 21)
G0 X570.4284 Y135.6207 Z-5.0000 F2100
G0 Z-0.5000 F480
G1 Z4.0000 F120
G0 Z-0.5000 F480
G0 Z3.5000
G1 Z8.0000 F120
G0 Z-5.0000 F480


(No. 46: Drill 19)
G0 X525.4284 Y89.4707 Z-5.0000 F2100
G0 Z-0.5000 F480
G1 Z4.0000 F120
G0 Z-0.5000 F480
G0 Z3.5000
G1 Z8.0000 F120
G0 Z-5.0000 F480


(No. 47: Drill 18)
G0 X525.4284 Y75.4707 Z-5.0000 F2100
G0 Z-0.5000 F480
G1 Z4.0000 F120
G0 Z-0.5000 F480
G0 Z3.5000
G1 Z8.0000 F120
G0 Z-5.0000 F480


(No. 48: Drill 20)
G0 X570.4284 Y69.9707 Z-5.0000 F2100
G0 Z-0.5000 F480
G1 Z4.0000 F120
G0 Z-0.5000 F480
G0 Z3.5000
G1 Z8.0000 F120
G0 Z-5.0000 F480


(No. 49: Drill 17)
G0 X480.4284 Y69.9707 Z-5.0000 F2100
G0 Z-0.5000 F480
G1 Z4.0000 F120
G0 Z-0.5000 F480
G0 Z3.5000
G1 Z8.0000 F120
G0 Z-5.0000 F480


(No. 50: Drill 20)
G0 X436.8456 Y69.9707 Z-5.0000 F2100
G0 Z-0.5000 F480
G1 Z4.0000 F120
G0 Z-0.5000 F480
G0 Z3.5000
G1 Z8.0000 F120
G0 Z-5.0000 F480


(No. 51: Drill 18)
G0 X391.8456 Y75.4707 Z-5.0000 F2100
G0 Z-0.5000 F480
G1 Z4.0000 F120
G0 Z-0.5000 F480
G0 Z3.5000
G1 Z8.0000 F120
G0 Z-5.0000 F480


(No. 52: Drill 19)
G0 X391.8456 Y89.4707 Z-5.0000 F2100
G0 Z-0.5000 F480
G1 Z4.0000 F120
G0 Z-0.5000 F480
G0 Z3.5000
G1 Z8.0000 F120
G0 Z-5.0000 F480


(No. 53: Drill 17)
G0 X346.8456 Y69.9707 Z-5.0000 F2100
G0 Z-0.5000 F480
G1 Z4.0000 F120
G0 Z-0.5000 F480
G0 Z3.5000
G1 Z8.0000 F120
G0 Z-5.0000 F480


(No. 54: Drill 12)
G0 X302.8163 Y46.5557 Z-5.0000 F2100
G0 Z-0.5000 F480
G1 Z4.0000 F120
G0 Z-0.5000 F480
G0 Z3.5000
G1 Z8.0000 F120
G0 Z-5.0000 F480


(No. 55: Drill 13)
G0 X237.1663 Y46.5557 Z-5.0000 F2100
G0 Z-0.5000 F480
G1 Z4.0000 F120
G0 Z-0.5000 F480
G0 Z3.5000
G1 Z8.0000 F120
G0 Z-5.0000 F480


(No. 56: Drill 14)
G0 X171.5163 Y46.5557 Z-5.0000 F2100
G0 Z-0.5000 F480
G1 Z4.0000 F120
G0 Z-0.5000 F480
G0 Z3.5000
G1 Z8.0000 F120
G0 Z-5.0000 F480


(No. 57: Drill 6)
G0 X129.7419 Y44.6976 Z-5.0000 F2100
G0 Z-0.5000 F480
G1 Z4.0000 F120
G0 Z-0.5000 F480
G0 Z3.5000
G1 Z8.0000 F120
G0 Z-5.0000 F480


(No. 58: Drill 5)
G0 X134.7419 Y70.6976 Z-5.0000 F2100
G0 Z-0.5000 F480
G1 Z4.0000 F120
G0 Z-0.5000 F480
G0 Z3.5000
G1 Z8.0000 F120
G0 Z-5.0000 F480


(No. 59: Hole 1)
G0 X87.4201 Y56.3018 Z-5.0000 F2100
G0 Z-0.5000 F480
G1 Z0.0000 F120
G1 Z4.0000
G1 X87.9275 Y56.1114 F480
G1 X88.4216 Y55.8885
G1 X88.9002 Y55.6339
G1 X89.3612 Y55.3489
G1 X89.8028 Y55.0345
G1 X90.2230 Y54.6921
G1 X90.6201 Y54.3232
G1 X90.9924 Y53.9293
G1 X91.3384 Y53.5120
G1 X91.6566 Y53.0732
G1 X91.9456 Y52.6147
G1 X92.2043 Y52.1383
G1 X92.4315 Y51.6462
G1 X92.6263 Y51.1403
G1 X92.7878 Y50.6229
G1 X92.9154 Y50.0961
G1 X93.0086 Y49.5622
G1 X93.0669 Y49.0233
G1 X93.0901 Y48.4817
G1 X93.0781 Y47.9398
G1 X93.0310 Y47.3998
G1 X92.9489 Y46.8640
G1 X92.8322 Y46.3347
G1 X92.6814 Y45.8141
G1 X92.4972 Y45.3043
G1 X92.2802 Y44.8076
G1 X92.0315 Y44.3260
G1 X91.7520 Y43.8615
G1 X91.4430 Y43.4162
G1 X91.1057 Y42.9919
G1 X90.7416 Y42.5904
G1 X90.3522 Y42.2133
G1 X89.9392 Y41.8623
G1 X89.5042 Y41.5388
G1 X89.0492 Y41.2443
G1 X88.5760 Y40.9799
G1 X88.0867 Y40.7468
G1 X87.5832 Y40.5459
G1 X87.0678 Y40.3781
G1 X86.5426 Y40.2442
G1 X86.0098 Y40.1446
G1 X85.4716 Y40.0798
G1 X84.9304 Y40.0500
G1 X84.3884 Y40.0554
G1 X83.8479 Y40.0961
G1 X83.3111 Y40.1717
G1 X82.7804 Y40.2819
G1 X82.2580 Y40.4264
G1 X81.7507 Y40.6025
G1 X81.2557 Y40.8108
G1 X80.7752 Y41.0505
G1 X80.3111 Y41.3205
G1 X79.8653 Y41.6199
G1 X79.4397 Y41.9474
G1 X79.0360 Y42.3015
G1 X78.6559 Y42.6808
G1 X78.3011 Y43.0838
G1 X77.9728 Y43.5088
G1 X77.6726 Y43.9540
G1 X77.4016 Y44.4176
G1 X77.1610 Y44.8976
G1 X76.9517 Y45.3922
G1 X76.7747 Y45.8991
G1 X76.6306 Y46.4164
G1 X76.5201 Y46.9419
G1 X76.4437 Y47.4735
G1 X76.4015 Y48.0088
G1 X76.3939 Y48.5457
G1 X76.4208 Y49.0820
G1 X76.4822 Y49.6155
G1 X76.5777 Y50.1439
G1 X76.7070 Y50.6651
G1 X76.8695 Y51.1769
G1 X77.0646 Y51.6772
G1 X77.2915 Y52.1639
G1 X77.5492 Y52.6350
G1 X77.8367 Y53.0885
G1 X78.1528 Y53.5227
G1 X78.4961 Y53.9356
G1 X78.8652 Y54.3256
G1 X79.2587 Y54.6910
G1 X79.6748 Y55.0304
G1 X80.1119 Y55.3423
G1 X80.5682 Y55.6255
G1 X81.0417 Y55.8787
G1 X81.5305 Y56.1010
G1 X82.0326 Y56.2914
G1 X82.5459 Y56.4491
G0 Z0.0000
G1 X82.9461 Y56.5488
G1 X83.3508 Y56.6285
G1 X83.7590 Y56.6879
G1 X84.1696 Y56.7269
G1 X84.5816 Y56.7453
G1 X84.9941 Y56.7431
G1 X85.4059 Y56.7204
G1 X85.8161 Y56.6771
G1 X86.2236 Y56.6134
G1 X86.6275 Y56.5295
G1 X87.0266 Y56.4256
G1 X87.4201 Y56.3018
G0 Z3.5000
G1 Z4.0000 F120
G1 Z8.0000
G1 X87.9275 Y56.1114 F480
G1 X88.4216 Y55.8885
G1 X88.9002 Y55.6339
G1 X89.3612 Y55.3489
G1 X89.8028 Y55.0345
G1 X90.2230 Y54.6921
G1 X90.6201 Y54.3232
G1 X90.9924 Y53.9293
G1 X91.3384 Y53.5120
G1 X91.6566 Y53.0732
G1 X91.9456 Y52.6147
G1 X92.2043 Y52.1383
G1 X92.4315 Y51.6462
G1 X92.6263 Y51.1403
G1 X92.7878 Y50.6229
G1 X92.9154 Y50.0961
G1 X93.0086 Y49.5622
G1 X93.0669 Y49.0233
G1 X93.0901 Y48.4817
G1 X93.0781 Y47.9398
G1 X93.0310 Y47.3998
G1 X92.9489 Y46.8640
G1 X92.8322 Y46.3347
G1 X92.6814 Y45.8141
G1 X92.4972 Y45.3043
G1 X92.2802 Y44.8076
G1 X92.0315 Y44.3260
G1 X91.7520 Y43.8615
G1 X91.4430 Y43.4162
G1 X91.1057 Y42.9919
G1 X90.7416 Y42.5904
G1 X90.3522 Y42.2133
G1 X89.9392 Y41.8623
G1 X89.5042 Y41.5388
G1 X89.0492 Y41.2443
G1 X88.5760 Y40.9799
G1 X88.0867 Y40.7468
G1 X87.5832 Y40.5459
G1 X87.0678 Y40.3781
G1 X86.5426 Y40.2442
G1 X86.0098 Y40.1446
G1 X85.4716 Y40.0798
G1 X84.9304 Y40.0500
G1 X84.3884 Y40.0554
G1 X83.8479 Y40.0961
G1 X83.3111 Y40.1717
G1 X82.7804 Y40.2819
G1 X82.2580 Y40.4264
G1 X81.7507 Y40.6025
G1 X81.2557 Y40.8108
G1 X80.7752 Y41.0505
G1 X80.3111 Y41.3205
G1 X79.8653 Y41.6199
G1 X79.4397 Y41.9474
G1 X79.0360 Y42.3015
G1 X78.6559 Y42.6808
G1 X78.3011 Y43.0838
G1 X77.9728 Y43.5088
G1 X77.6726 Y43.9540
G1 X77.4016 Y44.4176
G1 X77.1610 Y44.8976
G1 X76.9517 Y45.3922
G1 X76.7747 Y45.8991
G1 X76.6306 Y46.4164
G1 X76.5201 Y46.9419
G1 X76.4437 Y47.4735
G1 X76.4015 Y48.0088
G1 X76.3939 Y48.5457
G1 X76.4208 Y49.0820
G1 X76.4822 Y49.6155
G1 X76.5777 Y50.1439
G1 X76.7070 Y50.6651
G1 X76.8695 Y51.1769
G1 X77.0646 Y51.6772
G1 X77.2915 Y52.1639
G1 X77.5492 Y52.6350
G1 X77.8367 Y53.0885
G1 X78.1528 Y53.5227
G1 X78.4961 Y53.9356
G1 X78.8652 Y54.3256
G1 X79.2587 Y54.6910
G1 X79.6748 Y55.0304
G1 X80.1119 Y55.3423
G1 X80.5682 Y55.6255
G1 X81.0417 Y55.8787
G1 X81.5305 Y56.1010
G1 X82.0326 Y56.2914
G1 X82.5459 Y56.4491
G0 Z0.0000
G1 X82.9461 Y56.5488
G1 X83.3508 Y56.6285
G1 X83.7590 Y56.6879
G1 X84.1696 Y56.7269
G1 X84.5816 Y56.7453
G1 X84.9941 Y56.7431
G1 X85.4059 Y56.7204
G1 X85.8161 Y56.6771
G1 X86.2236 Y56.6134
G1 X86.6275 Y56.5295
G1 X87.0266 Y56.4256
G1 X87.4201 Y56.3018
G0 Z-5.0000


(No. 60: Drill 2)
G0 X34.7419 Y168.6976 Z-5.0000 F2100
G0 Z-0.5000 F480
G1 Z4.0000 F120
G0 Z-0.5000 F480
G0 Z3.5000
G1 Z8.0000 F120
G0 Z-5.0000 F480


(No. 61: Drill 1)
G0 X39.7419 Y194.6976 Z-5.0000 F2100
G0 Z-0.5000 F480
G1 Z4.0000 F120
G0 Z-0.5000 F480
G0 Z3.5000
G1 Z8.0000 F120
G0 Z-5.0000 F480


(No. 62: Drill 17)
G0 X79.6798 Y235.2635 Z-5.0000 F2100
G0 Z-0.5000 F480
G1 Z4.0000 F120
G0 Z-0.5000 F480
G0 Z3.5000
G1 Z8.0000 F120
G0 Z-5.0000 F480


(No. 63: Drill 18)
G0 X124.6798 Y240.7635 Z-5.0000 F2100
G0 Z-0.5000 F480
G1 Z4.0000 F120
G0 Z-0.5000 F480
G0 Z3.5000
G1 Z8.0000 F120
G0 Z-5.0000 F480


(No. 64: Drill 19)
G0 X124.6798 Y254.7635 Z-5.0000 F2100
G0 Z-0.5000 F480
G1 Z4.0000 F120
G0 Z-0.5000 F480
G0 Z3.5000
G1 Z8.0000 F120
G0 Z-5.0000 F480


(No. 65: Drill 21)
G0 X169.6798 Y300.9135 Z-5.0000 F2100
G0 Z-0.5000 F480
G1 Z4.0000 F120
G0 Z-0.5000 F480
G0 Z3.5000
G1 Z8.0000 F120
G0 Z-5.0000 F480


(No. 66: Drill 16)
G0 X213.2627 Y300.9135 Z-5.0000 F2100
G0 Z-0.5000 F480
G1 Z4.0000 F120
G0 Z-0.5000 F480
G0 Z3.5000
G1 Z8.0000 F120
G0 Z-5.0000 F480


(No. 67: Drill 15)
G0 X213.2627 Y366.5635 Z-5.0000 F2100
G0 Z-0.5000 F480
G1 Z4.0000 F120
G0 Z-0.5000 F480
G0 Z3.5000
G1 Z8.0000 F120
G0 Z-5.0000 F480


(No. 68: Drill 22)
G0 X169.6798 Y366.5635 Z-5.0000 F2100
G0 Z-0.5000 F480
G1 Z4.0000 F120
G0 Z-0.5000 F480
G0 Z3.5000
G1 Z8.0000 F120
G0 Z-5.0000 F480


(No. 69: Drill 15)
G0 X79.6798 Y366.5635 Z-5.0000 F2100
G0 Z-0.5000 F480
G1 Z4.0000 F120
G0 Z-0.5000 F480
G0 Z3.5000
G1 Z8.0000 F120
G0 Z-5.0000 F480


(No. 70: Drill 16)
G0 X79.6798 Y300.9135 Z-5.0000 F2100
G0 Z-0.5000 F480
G1 Z4.0000 F120
G0 Z-0.5000 F480
G0 Z3.5000
G1 Z8.0000 F120
G0 Z-5.0000 F480


(No. 71: Drill 10)
G0 X237.1663 Y196.5557 Z-5.0000 F2100
G0 Z-0.5000 F480
G1 Z4.0000 F120
G0 Z-0.5000 F480
G0 Z3.5000
G1 Z8.0000 F120
G0 Z-5.0000 F480


(No. 72: Drill 21)
G0 X303.2627 Y300.9135 Z-5.0000 F2100
G0 Z-0.5000 F480
G1 Z4.0000 F120
G0 Z-0.5000 F480
G0 Z3.5000
G1 Z8.0000 F120
G0 Z-5.0000 F480


(No. 73: Drill 16)
G0 X346.8456 Y300.9135 Z-5.0000 F2100
G0 Z-0.5000 F480
G1 Z4.0000 F120
G0 Z-0.5000 F480
G0 Z3.5000
G1 Z8.0000 F120
G0 Z-5.0000 F480


(No. 74: Drill 15)
G0 X346.8456 Y366.5635 Z-5.0000 F2100
G0 Z-0.5000 F480
G1 Z4.0000 F120
G0 Z-0.5000 F480
G0 Z3.5000
G1 Z8.0000 F120
G0 Z-5.0000 F480


(No. 75: Drill 22)
G0 X303.2627 Y366.5635 Z-5.0000 F2100
G0 Z-0.5000 F480
G1 Z4.0000 F120
G0 Z-0.5000 F480
G0 Z3.5000
G1 Z8.0000 F120
G0 Z-5.0000 F480


(No. 76: Drill 22)
G0 X436.8456 Y366.5635 Z-5.0000 F2100
G0 Z-0.5000 F480
G1 Z4.0000 F120
G0 Z-0.5000 F480
G0 Z3.5000
G1 Z8.0000 F120
G0 Z-5.0000 F480


(No. 77: Drill 15)
G0 X480.4284 Y366.5635 Z-5.0000 F2100
G0 Z-0.5000 F480
G1 Z4.0000 F120
G0 Z-0.5000 F480
G0 Z3.5000
G1 Z8.0000 F120
G0 Z-5.0000 F480


(No. 78: Drill 16)
G0 X480.4284 Y300.9135 Z-5.0000 F2100
G0 Z-0.5000 F480
G1 Z4.0000 F120
G0 Z-0.5000 F480
G0 Z3.5000
G1 Z8.0000 F120
G0 Z-5.0000 F480


(No. 79: Drill 21)
G0 X436.8456 Y300.9135 Z-5.0000 F2100
G0 Z-0.5000 F480
G1 Z4.0000 F120
G0 Z-0.5000 F480
G0 Z3.5000
G1 Z8.0000 F120
G0 Z-5.0000 F480


(No. 80: Drill 21)
G0 X570.4284 Y300.9135 Z-5.0000 F2100
G0 Z-0.5000 F480
G1 Z4.0000 F120
G0 Z-0.5000 F480
G0 Z3.5000
G1 Z8.0000 F120
G0 Z-5.0000 F480


(No. 81: Drill 22)
G0 X570.4284 Y366.5635 Z-5.0000 F2100
G0 Z-0.5000 F480
G1 Z4.0000 F120
G0 Z-0.5000 F480
G0 Z3.5000
G1 Z8.0000 F120
G0 Z-5.0000 F480


(No. 82: Drill 16)
G0 X480.4284 Y135.6207 Z-5.0000 F2100
G0 Z-0.5000 F480
G1 Z4.0000 F120
G0 Z-0.5000 F480
G0 Z3.5000
G1 Z8.0000 F120
G0 Z-5.0000 F480


(No. 83: Drill 21)
G0 X436.8456 Y135.6207 Z-5.0000 F2100
G0 Z-0.5000 F480
G1 Z4.0000 F120
G0 Z-0.5000 F480
G0 Z3.5000
G1 Z8.0000 F120
G0 Z-5.0000 F480


(No. 84: Drill 16)
G0 X346.8456 Y135.6207 Z-5.0000 F2100
G0 Z-0.5000 F480
G1 Z4.0000 F120
G0 Z-0.5000 F480
G0 Z3.5000
G1 Z8.0000 F120
G0 Z-5.0000 F480


(No. 85: Part 3)
G0 X328.8956 Y126.2957 Z-5.0000 F2100
G0 Z-0.5000 F480
G1 Z0.0000 F120
G1 Z4.0000
G1 Y108.7707 F480
G1 X328.8991 Y108.6628
G1 X328.9097 Y108.5554
G1 X328.9273 Y108.4488
G1 X328.9518 Y108.3437
G1 X328.9831 Y108.2404
G1 X329.0211 Y108.1393
G1 X329.0657 Y108.0410
G1 X329.1166 Y107.9457
G1 X329.1736 Y107.8540
G1 X329.2365 Y107.7663
G1 X329.3050 Y107.6828
G1 X329.3788 Y107.6040
G1 X329.4576 Y107.5302
G1 X329.5411 Y107.4617
G1 X329.6289 Y107.3988
G1 X329.7206 Y107.3418
G1 X329.8158 Y107.2909
G1 X329.9141 Y107.2463
G1 X330.0152 Y107.2083
G1 X330.1185 Y107.1770
G1 X330.2237 Y107.1524
G1 X330.3302 Y107.1349
G1 X330.4376 Y107.1243
G1 X330.5456 Y107.1207
G1 X335.1956
G1 X335.6788 Y107.6040
G1 X335.1956 Y107.1207
G1 Y62.4707
G1 X335.1991 Y62.3628
G1 X335.2097 Y62.2554
G1 X335.2273 Y62.1488
G1 X335.2518 Y62.0437
G1 X335.2831 Y61.9404
G1 X335.3211 Y61.8393
G1 X335.3657 Y61.7410
G1 X335.4166 Y61.6457
G1 X335.4736 Y61.5540
G1 X335.5365 Y61.4663
G1 X335.6050 Y61.3828
G1 X335.6788 Y61.3040
G1 X335.7576 Y61.2302
G1 X335.8411 Y61.1617
G1 X335.9289 Y61.0988
G1 X336.0206 Y61.0418
G1 X336.1158 Y60.9909
G1 X336.2141 Y60.9463
G1 X336.3152 Y60.9083
G1 X336.4185 Y60.8770
G1 X336.5237 Y60.8524
G1 X336.6302 Y60.8349
G1 X336.7376 Y60.8243
G1 X336.8456 Y60.8207
G1 X446.8456
G1 X446.9535 Y60.8243
G1 X447.0609 Y60.8349
G1 X447.1674 Y60.8524
G1 X447.2726 Y60.8770
G1 X447.3759 Y60.9083
G1 X447.4770 Y60.9463
G1 X447.5753 Y60.9909
G1 X447.6706 Y61.0418
G1 X447.7622 Y61.0988
G1 X447.8500 Y61.1617
G1 X447.9335 Y61.2302
G1 X448.0123 Y61.3040
G1 X448.0861 Y61.3828
G1 X448.1546 Y61.4663
G1 X448.2175 Y61.5540
G1 X448.2745 Y61.6457
G1 X448.3254 Y61.7410
G1 X448.3700 Y61.8393
G1 X448.4080 Y61.9404
G1 X448.4393 Y62.0437
G1 X448.4638 Y62.1488
G1 X448.4814 Y62.2554
G1 X448.4920 Y62.3628
G1 X448.4956 Y62.4707
G1 Y107.1207
G1 X448.0123 Y107.6040
G1 X448.4956 Y107.1207
G1 X453.1456
G1 X453.2535 Y107.1243
G1 X453.3609 Y107.1349
G1 X453.4674 Y107.1524
G1 X453.5726 Y107.1770
G1 X453.6759 Y107.2083
G1 X453.7770 Y107.2463
G1 X453.8753 Y107.2909
G1 X453.9706 Y107.3418
G1 X454.0622 Y107.3988
G1 X454.1500 Y107.4617
G1 X454.2335 Y107.5302
G1 X454.3123 Y107.6040
G1 X454.3861 Y107.6828
G1 X454.4546 Y107.7663
G1 X454.5175 Y107.8540
G1 X454.5745 Y107.9457
G1 X454.6254 Y108.0410
G1 X454.6700 Y108.1393
G1 X454.7080 Y108.2404
G1 X454.7393 Y108.3437
G1 X454.7638 Y108.4488
G1 X454.7814 Y108.5554
G1 X454.7920 Y108.6628
G1 X454.7956 Y108.7707
G1 Y126.2957
G0 Z0.0000
G1 Y131.2457
G1 Z4.0000 F120
G1 Y168.7707 F480
G1 X454.7920 Y168.8787
G1 X454.7814 Y168.9861
G1 X454.7638 Y169.0926
G1 X454.7393 Y169.1978
G1 X454.7080 Y169.3011
G1 X454.6700 Y169.4022
G1 X454.6254 Y169.5005
G1 X454.5745 Y169.5957
G1 X454.5175 Y169.6874
G1 X454.4546 Y169.7752
G1 X454.3861 Y169.8587
G1 X454.3123 Y169.9375
G1 X454.2335 Y170.0113
G1 X454.1500 Y170.0798
G1 X454.0622 Y170.1427
G1 X453.9706 Y170.1997
G1 X453.8753 Y170.2506
G1 X453.7770 Y170.2951
G1 X453.6759 Y170.3332
G1 X453.5726 Y170.3645
G1 X453.4674 Y170.3890
G1 X453.3609 Y170.4066
G1 X453.2535 Y170.4172
G1 X453.1456 Y170.4207
G1 X448.4956
G1 X448.0123 Y169.9375
G1 X448.4956 Y170.4207
G1 Y215.0707
G1 X448.4920 Y215.1787
G1 X448.4814 Y215.2861
G1 X448.4638 Y215.3926
G1 X448.4393 Y215.4978
G1 X448.4080 Y215.6011
G1 X448.3700 Y215.7022
G1 X448.3254 Y215.8005
G1 X448.2745 Y215.8957
G1 X448.2175 Y215.9874
G1 X448.1546 Y216.0752
G1 X448.0861 Y216.1587
G1 X448.0123 Y216.2375
G1 X447.9335 Y216.3113
G1 X447.8500 Y216.3798
G1 X447.7622 Y216.4427
G1 X447.6706 Y216.4997
G1 X447.5753 Y216.5506
G1 X447.4770 Y216.5951
G1 X447.3759 Y216.6332
G1 X447.2726 Y216.6645
G1 X447.1674 Y216.6890
G1 X447.0609 Y216.7066
G1 X446.9535 Y216.7172
G1 X446.8456 Y216.7207
G1 X440.9872
G0 Z0.0000
G1 X436.0372
G1 Z4.0000 F120
G1 X421.8456 F480
G1 X421.7376 Y216.7172
G1 X421.6302 Y216.7066
G1 X421.5237 Y216.6890
G1 X421.4185 Y216.6645
G1 X421.3152 Y216.6332
G1 X421.2141 Y216.5951
G1 X421.1158 Y216.5506
G1 X421.0206 Y216.4997
G1 X420.9289 Y216.4427
G1 X420.8411 Y216.3798
G1 X420.7576 Y216.3113
G1 X420.6788 Y216.2375
G1 X420.6050 Y216.1587
G1 X420.5365 Y216.0752
G1 X420.4736 Y215.9874
G1 X420.4166 Y215.8957
G1 X420.3657 Y215.8005
G1 X420.3211 Y215.7022
G1 X420.2831 Y215.6011
G1 X420.2518 Y215.4978
G1 X420.2273 Y215.3926
G1 X420.2097 Y215.2861
G1 X420.1991 Y215.1787
G1 X420.1956 Y215.0707
G1 Y210.4207
G1 X420.6788 Y209.9375
G1 X420.1956 Y210.4207
G1 X363.4956
G1 X363.0123 Y209.9375
G1 X363.4956 Y210.4207
G1 Y215.0707
G1 X363.4920 Y215.1787
G1 X363.4814 Y215.2861
G1 X363.4638 Y215.3926
G1 X363.4393 Y215.4978
G1 X363.4080 Y215.6011
G1 X363.3700 Y215.7022
G1 X363.3254 Y215.8005
G1 X363.2745 Y215.8957
G1 X363.2175 Y215.9874
G1 X363.1546 Y216.0752
G1 X363.0861 Y216.1587
G1 X363.0123 Y216.2375
G1 X362.9335 Y216.3113
G1 X362.8500 Y216.3798
G1 X362.7622 Y216.4427
G1 X362.6706 Y216.4997
G1 X362.5753 Y216.5506
G1 X362.4770 Y216.5951
G1 X362.3759 Y216.6332
G1 X362.2726 Y216.6645
G1 X362.1674 Y216.6890
G1 X362.0609 Y216.7066
G1 X361.9535 Y216.7172
G1 X361.8456 Y216.7207
G1 X347.6539
G0 Z0.0000
G1 X342.7039
G1 Z4.0000 F120
G1 X336.8456 F480
G1 X336.7376 Y216.7172
G1 X336.6302 Y216.7066
G1 X336.5237 Y216.6890
G1 X336.4185 Y216.6645
G1 X336.3152 Y216.6332
G1 X336.2141 Y216.5951
G1 X336.1158 Y216.5506
G1 X336.0206 Y216.4997
G1 X335.9289 Y216.4427
G1 X335.8411 Y216.3798
G1 X335.7576 Y216.3113
G1 X335.6788 Y216.2375
G1 X335.6050 Y216.1587
G1 X335.5365 Y216.0752
G1 X335.4736 Y215.9874
G1 X335.4166 Y215.8957
G1 X335.3657 Y215.8005
G1 X335.3211 Y215.7022
G1 X335.2831 Y215.6011
G1 X335.2518 Y215.4978
G1 X335.2273 Y215.3926
G1 X335.2097 Y215.2861
G1 X335.1991 Y215.1787
G1 X335.1956 Y215.0707
G1 Y170.4207
G1 X335.6788 Y169.9375
G1 X335.1956 Y170.4207
G1 X330.5456
G1 X330.4376 Y170.4172
G1 X330.3302 Y170.4066
G1 X330.2237 Y170.3890
G1 X330.1185 Y170.3645
G1 X330.0152 Y170.3332
G1 X329.9141 Y170.2951
G1 X329.8158 Y170.2506
G1 X329.7206 Y170.1997
G1 X329.6289 Y170.1427
G1 X329.5411 Y170.0798
G1 X329.4576 Y170.0113
G1 X329.3788 Y169.9375
G1 X329.3050 Y169.8587
G1 X329.2365 Y169.7752
G1 X329.1736 Y169.6874
G1 X329.1166 Y169.5957
G1 X329.0657 Y169.5005
G1 X329.0211 Y169.4022
G1 X328.9831 Y169.3011
G1 X328.9518 Y169.1978
G1 X328.9273 Y169.0926
G1 X328.9097 Y168.9861
G1 X328.8991 Y168.8787
G1 X328.8956 Y168.7707
G1 Y131.2457
G0 Z0.0000
G1 Y126.2957
G0 Z3.5000
G1 Z4.0000 F120
G1 Z8.0000
G1 Y108.7707 F480
G1 X328.8991 Y108.6628
G1 X328.9097 Y108.5554
G1 X328.9273 Y108.4488
G1 X328.9518 Y108.3437
G1 X328.9831 Y108.2404
G1 X329.0211 Y108.1393
G1 X329.0657 Y108.0410
G1 X329.1166 Y107.9457
G1 X329.1736 Y107.8540
G1 X329.2365 Y107.7663
G1 X329.3050 Y107.6828
G1 X329.3788 Y107.6040
G1 X329.4576 Y107.5302
G1 X329.5411 Y107.4617
G1 X329.6289 Y107.3988
G1 X329.7206 Y107.3418
G1 X329.8158 Y107.2909
G1 X329.9141 Y107.2463
G1 X330.0152 Y107.2083
G1 X330.1185 Y107.1770
G1 X330.2237 Y107.1524
G1 X330.3302 Y107.1349
G1 X330.4376 Y107.1243
G1 X330.5456 Y107.1207
G1 X335.1956
G1 X335.6788 Y107.6040
G1 X335.1956 Y107.1207
G1 Y62.4707
G1 X335.1991 Y62.3628
G1 X335.2097 Y62.2554
G1 X335.2273 Y62.1488
G1 X335.2518 Y62.0437
G1 X335.2831 Y61.9404
G1 X335.3211 Y61.8393
G1 X335.3657 Y61.7410
G1 X335.4166 Y61.6457
G1 X335.4736 Y61.5540
G1 X335.5365 Y61.4663
G1 X335.6050 Y61.3828
G1 X335.6788 Y61.3040
G1 X335.7576 Y61.2302
G1 X335.8411 Y61.1617
G1 X335.9289 Y61.0988
G1 X336.0206 Y61.0418
G1 X336.1158 Y60.9909
G1 X336.2141 Y60.9463
G1 X336.3152 Y60.9083
G1 X336.4185 Y60.8770
G1 X336.5237 Y60.8524
G1 X336.6302 Y60.8349
G1 X336.7376 Y60.8243
G1 X336.8456 Y60.8207
G1 X446.8456
G1 X446.9535 Y60.8243
G1 X447.0609 Y60.8349
G1 X447.1674 Y60.8524
G1 X447.2726 Y60.8770
G1 X447.3759 Y60.9083
G1 X447.4770 Y60.9463
G1 X447.5753 Y60.9909
G1 X447.6706 Y61.0418
G1 X447.7622 Y61.0988
G1 X447.8500 Y61.1617
G1 X447.9335 Y61.2302
G1 X448.0123 Y61.3040
G1 X448.0861 Y61.3828
G1 X448.1546 Y61.4663
G1 X448.2175 Y61.5540
G1 X448.2745 Y61.6457
G1 X448.3254 Y61.7410
G1 X448.3700 Y61.8393
G1 X448.4080 Y61.9404
G1 X448.4393 Y62.0437
G1 X448.4638 Y62.1488
G1 X448.4814 Y62.2554
G1 X448.4920 Y62.3628
G1 X448.4956 Y62.4707
G1 Y107.1207
G1 X448.0123 Y107.6040
G1 X448.4956 Y107.1207
G1 X453.1456
G1 X453.2535 Y107.1243
G1 X453.3609 Y107.1349
G1 X453.4674 Y107.1524
G1 X453.5726 Y107.1770
G1 X453.6759 Y107.2083
G1 X453.7770 Y107.2463
G1 X453.8753 Y107.2909
G1 X453.9706 Y107.3418
G1 X454.0622 Y107.3988
G1 X454.1500 Y107.4617
G1 X454.2335 Y107.5302
G1 X454.3123 Y107.6040
G1 X454.3861 Y107.6828
G1 X454.4546 Y107.7663
G1 X454.5175 Y107.8540
G1 X454.5745 Y107.9457
G1 X454.6254 Y108.0410
G1 X454.6700 Y108.1393
G1 X454.7080 Y108.2404
G1 X454.7393 Y108.3437
G1 X454.7638 Y108.4488
G1 X454.7814 Y108.5554
G1 X454.7920 Y108.6628
G1 X454.7956 Y108.7707
G1 Y126.2957
G0 Z0.0000
G1 Y131.2457
G0 Z3.5000
G1 Z4.0000 F120
G1 Z8.0000
G1 Y168.7707 F480
G1 X454.7920 Y168.8787
G1 X454.7814 Y168.9861
G1 X454.7638 Y169.0926
G1 X454.7393 Y169.1978
G1 X454.7080 Y169.3011
G1 X454.6700 Y169.4022
G1 X454.6254 Y169.5005
G1 X454.5745 Y169.5957
G1 X454.5175 Y169.6874
G1 X454.4546 Y169.7752
G1 X454.3861 Y169.8587
G1 X454.3123 Y169.9375
G1 X454.2335 Y170.0113
G1 X454.1500 Y170.0798
G1 X454.0622 Y170.1427
G1 X453.9706 Y170.1997
G1 X453.8753 Y170.2506
G1 X453.7770 Y170.2951
G1 X453.6759 Y170.3332
G1 X453.5726 Y170.3645
G1 X453.4674 Y170.3890
G1 X453.3609 Y170.4066
G1 X453.2535 Y170.4172
G1 X453.1456 Y170.4207
G1 X448.4956
G1 X448.0123 Y169.9375
G1 X448.4956 Y170.4207
G1 Y215.0707
G1 X448.4920 Y215.1787
G1 X448.4814 Y215.2861
G1 X448.4638 Y215.3926
G1 X448.4393 Y215.4978
G1 X448.4080 Y215.6011
G1 X448.3700 Y215.7022
G1 X448.3254 Y215.8005
G1 X448.2745 Y215.8957
G1 X448.2175 Y215.9874
G1 X448.1546 Y216.0752
G1 X448.0861 Y216.1587
G1 X448.0123 Y216.2375
G1 X447.9335 Y216.3113
G1 X447.8500 Y216.3798
G1 X447.7622 Y216.4427
G1 X447.6706 Y216.4997
G1 X447.5753 Y216.5506
G1 X447.4770 Y216.5951
G1 X447.3759 Y216.6332
G1 X447.2726 Y216.6645
G1 X447.1674 Y216.6890
G1 X447.0609 Y216.7066
G1 X446.9535 Y216.7172
G1 X446.8456 Y216.7207
G1 X440.9872
G0 Z0.0000
G1 X436.0372
G0 Z3.5000
G1 Z4.0000 F120
G1 Z8.0000
G1 X421.8456 F480
G1 X421.7376 Y216.7172
G1 X421.6302 Y216.7066
G1 X421.5237 Y216.6890
G1 X421.4185 Y216.6645
G1 X421.3152 Y216.6332
G1 X421.2141 Y216.5951
G1 X421.1158 Y216.5506
G1 X421.0206 Y216.4997
G1 X420.9289 Y216.4427
G1 X420.8411 Y216.3798
G1 X420.7576 Y216.3113
G1 X420.6788 Y216.2375
G1 X420.6050 Y216.1587
G1 X420.5365 Y216.0752
G1 X420.4736 Y215.9874
G1 X420.4166 Y215.8957
G1 X420.3657 Y215.8005
G1 X420.3211 Y215.7022
G1 X420.2831 Y215.6011
G1 X420.2518 Y215.4978
G1 X420.2273 Y215.3926
G1 X420.2097 Y215.2861
G1 X420.1991 Y215.1787
G1 X420.1956 Y215.0707
G1 Y210.4207
G1 X420.6788 Y209.9375
G1 X420.1956 Y210.4207
G1 X363.4956
G1 X363.0123 Y209.9375
G1 X363.4956 Y210.4207
G1 Y215.0707
G1 X363.4920 Y215.1787
G1 X363.4814 Y215.2861
G1 X363.4638 Y215.3926
G1 X363.4393 Y215.4978
G1 X363.4080 Y215.6011
G1 X363.3700 Y215.7022
G1 X363.3254 Y215.8005
G1 X363.2745 Y215.8957
G1 X363.2175 Y215.9874
G1 X363.1546 Y216.0752
G1 X363.0861 Y216.1587
G1 X363.0123 Y216.2375
G1 X362.9335 Y216.3113
G1 X362.8500 Y216.3798
G1 X362.7622 Y216.4427
G1 X362.6706 Y216.4997
G1 X362.5753 Y216.5506
G1 X362.4770 Y216.5951
G1 X362.3759 Y216.6332
G1 X362.2726 Y216.6645
G1 X362.1674 Y216.6890
G1 X362.0609 Y216.7066
G1 X361.9535 Y216.7172
G1 X361.8456 Y216.7207
G1 X347.6539
G0 Z0.0000
G1 X342.7039
G0 Z3.5000
G1 Z4.0000 F120
G1 Z8.0000
G1 X336.8456 F480
G1 X336.7376 Y216.7172
G1 X336.6302 Y216.7066
G1 X336.5237 Y216.6890
G1 X336.4185 Y216.6645
G1 X336.3152 Y216.6332
G1 X336.2141 Y216.5951
G1 X336.1158 Y216.5506
G1 X336.0206 Y216.4997
G1 X335.9289 Y216.4427
G1 X335.8411 Y216.3798
G1 X335.7576 Y216.3113
G1 X335.6788 Y216.2375
G1 X335.6050 Y216.1587
G1 X335.5365 Y216.0752
G1 X335.4736 Y215.9874
G1 X335.4166 Y215.8957
G1 X335.3657 Y215.8005
G1 X335.3211 Y215.7022
G1 X335.2831 Y215.6011
G1 X335.2518 Y215.4978
G1 X335.2273 Y215.3926
G1 X335.2097 Y215.2861
G1 X335.1991 Y215.1787
G1 X335.1956 Y215.0707
G1 Y170.4207
G1 X335.6788 Y169.9375
G1 X335.1956 Y170.4207
G1 X330.5456
G1 X330.4376 Y170.4172
G1 X330.3302 Y170.4066
G1 X330.2237 Y170.3890
G1 X330.1185 Y170.3645
G1 X330.0152 Y170.3332
G1 X329.9141 Y170.2951
G1 X329.8158 Y170.2506
G1 X329.7206 Y170.1997
G1 X329.6289 Y170.1427
G1 X329.5411 Y170.0798
G1 X329.4576 Y170.0113
G1 X329.3788 Y169.9375
G1 X329.3050 Y169.8587
G1 X329.2365 Y169.7752
G1 X329.1736 Y169.6874
G1 X329.1166 Y169.5957
G1 X329.0657 Y169.5005
G1 X329.0211 Y169.4022
G1 X328.9831 Y169.3011
G1 X328.9518 Y169.1978
G1 X328.9273 Y169.0926
G1 X328.9097 Y168.9861
G1 X328.8991 Y168.8787
G1 X328.8956 Y168.7707
G1 Y131.2457
G0 Z0.0000
G1 Y126.2957
G0 Z-5.0000


(No. 86: Part 3)
G0 X462.4784 Y126.2957 Z-5.0000 F2100
G0 Z-0.5000 F480
G1 Z0.0000 F120
G1 Z4.0000
G1 Y108.7707 F480
G1 X462.4819 Y108.6628
G1 X462.4925 Y108.5554
G1 X462.5101 Y108.4488
G1 X462.5346 Y108.3437
G1 X462.5660 Y108.2404
G1 X462.6040 Y108.1393
G1 X462.6486 Y108.0410
G1 X462.6995 Y107.9457
G1 X462.7565 Y107.8540
G1 X462.8194 Y107.7663
G1 X462.8879 Y107.6828
G1 X462.9617 Y107.6040
G1 X463.0405 Y107.5302
G1 X463.1240 Y107.4617
G1 X463.2117 Y107.3988
G1 X463.3034 Y107.3418
G1 X463.3986 Y107.2909
G1 X463.4970 Y107.2463
G1 X463.5980 Y107.2083
G1 X463.7014 Y107.1770
G1 X463.8065 Y107.1524
G1 X463.9130 Y107.1349
G1 X464.0205 Y107.1243
G1 X464.1284 Y107.1207
G1 X468.7784
G1 X469.2617 Y107.6040
G1 X468.7784 Y107.1207
G1 Y62.4707
G1 X468.7819 Y62.3628
G1 X468.7925 Y62.2554
G1 X468.8101 Y62.1488
G1 X468.8346 Y62.0437
G1 X468.8660 Y61.9404
G1 X468.9040 Y61.8393
G1 X468.9486 Y61.7410
G1 X468.9995 Y61.6457
G1 X469.0565 Y61.5540
G1 X469.1194 Y61.4663
G1 X469.1879 Y61.3828
G1 X469.2617 Y61.3040
G1 X469.3405 Y61.2302
G1 X469.4240 Y61.1617
G1 X469.5117 Y61.0988
G1 X469.6034 Y61.0418
G1 X469.6986 Y60.9909
G1 X469.7970 Y60.9463
G1 X469.8980 Y60.9083
G1 X470.0014 Y60.8770
G1 X470.1065 Y60.8524
G1 X470.2130 Y60.8349
G1 X470.3205 Y60.8243
G1 X470.4284 Y60.8207
G1 X580.4284
G1 X580.5363 Y60.8243
G1 X580.6438 Y60.8349
G1 X580.7503 Y60.8524
G1 X580.8555 Y60.8770
G1 X580.9588 Y60.9083
G1 X581.0598 Y60.9463
G1 X581.1582 Y60.9909
G1 X581.2534 Y61.0418
G1 X581.3451 Y61.0988
G1 X581.4329 Y61.1617
G1 X581.5163 Y61.2302
G1 X581.5951 Y61.3040
G1 X581.6689 Y61.3828
G1 X581.7374 Y61.4663
G1 X581.8003 Y61.5540
G1 X581.8574 Y61.6457
G1 X581.9083 Y61.7410
G1 X581.9528 Y61.8393
G1 X581.9908 Y61.9404
G1 X582.0222 Y62.0437
G1 X582.0467 Y62.1488
G1 X582.0643 Y62.2554
G1 X582.0749 Y62.3628
G1 X582.0784 Y62.4707
G1 Y107.1207
G1 X581.5951 Y107.6040
G1 X582.0784 Y107.1207
G1 X586.7284
G1 X586.8363 Y107.1243
G1 X586.9438 Y107.1349
G1 X587.0503 Y107.1524
G1 X587.1555 Y107.1770
G1 X587.2588 Y107.2083
G1 X587.3598 Y107.2463
G1 X587.4582 Y107.2909
G1 X587.5534 Y107.3418
G1 X587.6451 Y107.3988
G1 X587.7329 Y107.4617
G1 X587.8163 Y107.5302
G1 X587.8951 Y107.6040
G1 X587.9689 Y107.6828
G1 X588.0374 Y107.7663
G1 X588.1003 Y107.8540
G1 X588.1574 Y107.9457
G1 X588.2083 Y108.0410
G1 X588.2528 Y108.1393
G1 X588.2908 Y108.2404
G1 X588.3222 Y108.3437
G1 X588.3467 Y108.4488
G1 X588.3643 Y108.5554
G1 X588.3749 Y108.6628
G1 X588.3784 Y108.7707
G1 Y126.2957
G0 Z0.0000
G1 Y131.2457
G1 Z4.0000 F120
G1 Y168.7707 F480
G1 X588.3749 Y168.8787
G1 X588.3643 Y168.9861
G1 X588.3467 Y169.0926
G1 X588.3222 Y169.1978
G1 X588.2908 Y169.3011
G1 X588.2528 Y169.4022
G1 X588.2083 Y169.5005
G1 X588.1574 Y169.5957
G1 X588.1003 Y169.6874
G1 X588.0374 Y169.7752
G1 X587.9689 Y169.8587
G1 X587.8951 Y169.9375
G1 X587.8163 Y170.0113
G1 X587.7329 Y170.0798
G1 X587.6451 Y170.1427
G1 X587.5534 Y170.1997
G1 X587.4582 Y170.2506
G1 X587.3598 Y170.2951
G1 X587.2588 Y170.3332
G1 X587.1555 Y170.3645
G1 X587.0503 Y170.3890
G1 X586.9438 Y170.4066
G1 X586.8363 Y170.4172
G1 X586.7284 Y170.4207
G1 X582.0784
G1 X581.5951 Y169.9375
G1 X582.0784 Y170.4207
G1 Y215.0707
G1 X582.0749 Y215.1787
G1 X582.0643 Y215.2861
G1 X582.0467 Y215.3926
G1 X582.0222 Y215.4978
G1 X581.9908 Y215.6011
G1 X581.9528 Y215.7022
G1 X581.9083 Y215.8005
G1 X581.8574 Y215.8957
G1 X581.8003 Y215.9874
G1 X581.7374 Y216.0752
G1 X581.6689 Y216.1587
G1 X581.5951 Y216.2375
G1 X581.5163 Y216.3113
G1 X581.4329 Y216.3798
G1 X581.3451 Y216.4427
G1 X581.2534 Y216.4997
G1 X581.1582 Y216.5506
G1 X581.0598 Y216.5951
G1 X580.9588 Y216.6332
G1 X580.8555 Y216.6645
G1 X580.7503 Y216.6890
G1 X580.6438 Y216.7066
G1 X580.5363 Y216.7172
G1 X580.4284 Y216.7207
G1 X574.5701
G0 Z0.0000
G1 X569.6201
G1 Z4.0000 F120
G1 X555.4284 F480
G1 X555.3205 Y216.7172
G1 X555.2130 Y216.7066
G1 X555.1065 Y216.6890
G1 X555.0014 Y216.6645
G1 X554.8980 Y216.6332
G1 X554.7970 Y216.5951
G1 X554.6986 Y216.5506
G1 X554.6034 Y216.4997
G1 X554.5117 Y216.4427
G1 X554.4240 Y216.3798
G1 X554.3405 Y216.3113
G1 X554.2617 Y216.2375
G1 X554.1879 Y216.1587
G1 X554.1194 Y216.0752
G1 X554.0565 Y215.9874
G1 X553.9995 Y215.8957
G1 X553.9486 Y215.8005
G1 X553.9040 Y215.7022
G1 X553.8660 Y215.6011
G1 X553.8346 Y215.4978
G1 X553.8101 Y215.3926
G1 X553.7925 Y215.2861
G1 X553.7819 Y215.1787
G1 X553.7784 Y215.0707
G1 Y210.4207
G1 X554.2617 Y209.9375
G1 X553.7784 Y210.4207
G1 X497.0784
G1 X496.5951 Y209.9375
G1 X497.0784 Y210.4207
G1 Y215.0707
G1 X497.0749 Y215.1787
G1 X497.0643 Y215.2861
G1 X497.0467 Y215.3926
G1 X497.0222 Y215.4978
G1 X496.9908 Y215.6011
G1 X496.9528 Y215.7022
G1 X496.9083 Y215.8005
G1 X496.8574 Y215.8957
G1 X496.8003 Y215.9874
G1 X496.7374 Y216.0752
G1 X496.6689 Y216.1587
G1 X496.5951 Y216.2375
G1 X496.5163 Y216.3113
G1 X496.4329 Y216.3798
G1 X496.3451 Y216.4427
G1 X496.2534 Y216.4997
G1 X496.1582 Y216.5506
G1 X496.0598 Y216.5951
G1 X495.9588 Y216.6332
G1 X495.8555 Y216.6645
G1 X495.7503 Y216.6890
G1 X495.6438 Y216.7066
G1 X495.5363 Y216.7172
G1 X495.4284 Y216.7207
G1 X481.2367
G0 Z0.0000
G1 X476.2867
G1 Z4.0000 F120
G1 X470.4284 F480
G1 X470.3205 Y216.7172
G1 X470.2130 Y216.7066
G1 X470.1065 Y216.6890
G1 X470.0014 Y216.6645
G1 X469.8980 Y216.6332
G1 X469.7970 Y216.5951
G1 X469.6986 Y216.5506
G1 X469.6034 Y216.4997
G1 X469.5117 Y216.4427
G1 X469.4240 Y216.3798
G1 X469.3405 Y216.3113
G1 X469.2617 Y216.2375
G1 X469.1879 Y216.1587
G1 X469.1194 Y216.0752
G1 X469.0565 Y215.9874
G1 X468.9995 Y215.8957
G1 X468.9486 Y215.8005
G1 X468.9040 Y215.7022
G1 X468.8660 Y215.6011
G1 X468.8346 Y215.4978
G1 X468.8101 Y215.3926
G1 X468.7925 Y215.2861
G1 X468.7819 Y215.1787
G1 X468.7784 Y215.0707
G1 Y170.4207
G1 X469.2617 Y169.9375
G1 X468.7784 Y170.4207
G1 X464.1284
G1 X464.0205 Y170.4172
G1 X463.9130 Y170.4066
G1 X463.8065 Y170.3890
G1 X463.7014 Y170.3645
G1 X463.5980 Y170.3332
G1 X463.4970 Y170.2951
G1 X463.3986 Y170.2506
G1 X463.3034 Y170.1997
G1 X463.2117 Y170.1427
G1 X463.1240 Y170.0798
G1 X463.0405 Y170.0113
G1 X462.9617 Y169.9375
G1 X462.8879 Y169.8587
G1 X462.8194 Y169.7752
G1 X462.7565 Y169.6874
G1 X462.6995 Y169.5957
G1 X462.6486 Y169.5005
G1 X462.6040 Y169.4022
G1 X462.5660 Y169.3011
G1 X462.5346 Y169.1978
G1 X462.5101 Y169.0926
G1 X462.4925 Y168.9861
G1 X462.4819 Y168.8787
G1 X462.4784 Y168.7707
G1 Y131.2457
G0 Z0.0000
G1 Y126.2957
G0 Z3.5000
G1 Z4.0000 F120
G1 Z8.0000
G1 Y108.7707 F480
G1 X462.4819 Y108.6628
G1 X462.4925 Y108.5554
G1 X462.5101 Y108.4488
G1 X462.5346 Y108.3437
G1 X462.5660 Y108.2404
G1 X462.6040 Y108.1393
G1 X462.6486 Y108.0410
G1 X462.6995 Y107.9457
G1 X462.7565 Y107.8540
G1 X462.8194 Y107.7663
G1 X462.8879 Y107.6828
G1 X462.9617 Y107.6040
G1 X463.0405 Y107.5302
G1 X463.1240 Y107.4617
G1 X463.2117 Y107.3988
G1 X463.3034 Y107.3418
G1 X463.3986 Y107.2909
G1 X463.4970 Y107.2463
G1 X463.5980 Y107.2083
G1 X463.7014 Y107.1770
G1 X463.8065 Y107.1524
G1 X463.9130 Y107.1349
G1 X464.0205 Y107.1243
G1 X464.1284 Y107.1207
G1 X468.7784
G1 X469.2617 Y107.6040
G1 X468.7784 Y107.1207
G1 Y62.4707
G1 X468.7819 Y62.3628
G1 X468.7925 Y62.2554
G1 X468.8101 Y62.1488
G1 X468.8346 Y62.0437
G1 X468.8660 Y61.9404
G1 X468.9040 Y61.8393
G1 X468.9486 Y61.7410
G1 X468.9995 Y61.6457
G1 X469.0565 Y61.5540
G1 X469.1194 Y61.4663
G1 X469.1879 Y61.3828
G1 X469.2617 Y61.3040
G1 X469.3405 Y61.2302
G1 X469.4240 Y61.1617
G1 X469.5117 Y61.0988
G1 X469.6034 Y61.0418
G1 X469.6986 Y60.9909
G1 X469.7970 Y60.9463
G1 X469.8980 Y60.9083
G1 X470.0014 Y60.8770
G1 X470.1065 Y60.8524
G1 X470.2130 Y60.8349
G1 X470.3205 Y60.8243
G1 X470.4284 Y60.8207
G1 X580.4284
G1 X580.5363 Y60.8243
G1 X580.6438 Y60.8349
G1 X580.7503 Y60.8524
G1 X580.8555 Y60.8770
G1 X580.9588 Y60.9083
G1 X581.0598 Y60.9463
G1 X581.1582 Y60.9909
G1 X581.2534 Y61.0418
G1 X581.3451 Y61.0988
G1 X581.4329 Y61.1617
G1 X581.5163 Y61.2302
G1 X581.5951 Y61.3040
G1 X581.6689 Y61.3828
G1 X581.7374 Y61.4663
G1 X581.8003 Y61.5540
G1 X581.8574 Y61.6457
G1 X581.9083 Y61.7410
G1 X581.9528 Y61.8393
G1 X581.9908 Y61.9404
G1 X582.0222 Y62.0437
G1 X582.0467 Y62.1488
G1 X582.0643 Y62.2554
G1 X582.0749 Y62.3628
G1 X582.0784 Y62.4707
G1 Y107.1207
G1 X581.5951 Y107.6040
G1 X582.0784 Y107.1207
G1 X586.7284
G1 X586.8363 Y107.1243
G1 X586.9438 Y107.1349
G1 X587.0503 Y107.1524
G1 X587.1555 Y107.1770
G1 X587.2588 Y107.2083
G1 X587.3598 Y107.2463
G1 X587.4582 Y107.2909
G1 X587.5534 Y107.3418
G1 X587.6451 Y107.3988
G1 X587.7329 Y107.4617
G1 X587.8163 Y107.5302
G1 X587.8951 Y107.6040
G1 X587.9689 Y107.6828
G1 X588.0374 Y107.7663
G1 X588.1003 Y107.8540
G1 X588.1574 Y107.9457
G1 X588.2083 Y108.0410
G1 X588.2528 Y108.1393
G1 X588.2908 Y108.2404
G1 X588.3222 Y108.3437
G1 X588.3467 Y108.4488
G1 X588.3643 Y108.5554
G1 X588.3749 Y108.6628
G1 X588.3784 Y108.7707
G1 Y126.2957
G0 Z0.0000
G1 Y131.2457
G0 Z3.5000
G1 Z4.0000 F120
G1 Z8.0000
G1 Y168.7707 F480
G1 X588.3749 Y168.8787
G1 X588.3643 Y168.9861
G1 X588.3467 Y169.0926
G1 X588.3222 Y169.1978
G1 X588.2908 Y169.3011
G1 X588.2528 Y169.4022
G1 X588.2083 Y169.5005
G1 X588.1574 Y169.5957
G1 X588.1003 Y169.6874
G1 X588.0374 Y169.7752
G1 X587.9689 Y169.8587
G1 X587.8951 Y169.9375
G1 X587.8163 Y170.0113
G1 X587.7329 Y170.0798
G1 X587.6451 Y170.1427
G1 X587.5534 Y170.1997
G1 X587.4582 Y170.2506
G1 X587.3598 Y170.2951
G1 X587.2588 Y170.3332
G1 X587.1555 Y170.3645
G1 X587.0503 Y170.3890
G1 X586.9438 Y170.4066
G1 X586.8363 Y170.4172
G1 X586.7284 Y170.4207
G1 X582.0784
G1 X581.5951 Y169.9375
G1 X582.0784 Y170.4207
G1 Y215.0707
G1 X582.0749 Y215.1787
G1 X582.0643 Y215.2861
G1 X582.0467 Y215.3926
G1 X582.0222 Y215.4978
G1 X581.9908 Y215.6011
G1 X581.9528 Y215.7022
G1 X581.9083 Y215.8005
G1 X581.8574 Y215.8957
G1 X581.8003 Y215.9874
G1 X581.7374 Y216.0752
G1 X581.6689 Y216.1587
G1 X581.5951 Y216.2375
G1 X581.5163 Y216.3113
G1 X581.4329 Y216.3798
G1 X581.3451 Y216.4427
G1 X581.2534 Y216.4997
G1 X581.1582 Y216.5506
G1 X581.0598 Y216.5951
G1 X580.9588 Y216.6332
G1 X580.8555 Y216.6645
G1 X580.7503 Y216.6890
G1 X580.6438 Y216.7066
G1 X580.5363 Y216.7172
G1 X580.4284 Y216.7207
G1 X574.5701
G0 Z0.0000
G1 X569.6201
G0 Z3.5000
G1 Z4.0000 F120
G1 Z8.0000
G1 X555.4284 F480
G1 X555.3205 Y216.7172
G1 X555.2130 Y216.7066
G1 X555.1065 Y216.6890
G1 X555.0014 Y216.6645
G1 X554.8980 Y216.6332
G1 X554.7970 Y216.5951
G1 X554.6986 Y216.5506
G1 X554.6034 Y216.4997
G1 X554.5117 Y216.4427
G1 X554.4240 Y216.3798
G1 X554.3405 Y216.3113
G1 X554.2617 Y216.2375
G1 X554.1879 Y216.1587
G1 X554.1194 Y216.0752
G1 X554.0565 Y215.9874
G1 X553.9995 Y215.8957
G1 X553.9486 Y215.8005
G1 X553.9040 Y215.7022
G1 X553.8660 Y215.6011
G1 X553.8346 Y215.4978
G1 X553.8101 Y215.3926
G1 X553.7925 Y215.2861
G1 X553.7819 Y215.1787
G1 X553.7784 Y215.0707
G1 Y210.4207
G1 X554.2617 Y209.9375
G1 X553.7784 Y210.4207
G1 X497.0784
G1 X496.5951 Y209.9375
G1 X497.0784 Y210.4207
G1 Y215.0707
G1 X497.0749 Y215.1787
G1 X497.0643 Y215.2861
G1 X497.0467 Y215.3926
G1 X497.0222 Y215.4978
G1 X496.9908 Y215.6011
G1 X496.9528 Y215.7022
G1 X496.9083 Y215.8005
G1 X496.8574 Y215.8957
G1 X496.8003 Y215.9874
G1 X496.7374 Y216.0752
G1 X496.6689 Y216.1587
G1 X496.5951 Y216.2375
G1 X496.5163 Y216.3113
G1 X496.4329 Y216.3798
G1 X496.3451 Y216.4427
G1 X496.2534 Y216.4997
G1 X496.1582 Y216.5506
G1 X496.0598 Y216.5951
G1 X495.9588 Y216.6332
G1 X495.8555 Y216.6645
G1 X495.7503 Y216.6890
G1 X495.6438 Y216.7066
G1 X495.5363 Y216.7172
G1 X495.4284 Y216.7207
G1 X481.2367
G0 Z0.0000
G1 X476.2867
G0 Z3.5000
G1 Z4.0000 F120
G1 Z8.0000
G1 X470.4284 F480
G1 X470.3205 Y216.7172
G1 X470.2130 Y216.7066
G1 X470.1065 Y216.6890
G1 X470.0014 Y216.6645
G1 X469.8980 Y216.6332
G1 X469.7970 Y216.5951
G1 X469.6986 Y216.5506
G1 X469.6034 Y216.4997
G1 X469.5117 Y216.4427
G1 X469.4240 Y216.3798
G1 X469.3405 Y216.3113
G1 X469.2617 Y216.2375
G1 X469.1879 Y216.1587
G1 X469.1194 Y216.0752
G1 X469.0565 Y215.9874
G1 X468.9995 Y215.8957
G1 X468.9486 Y215.8005
G1 X468.9040 Y215.7022
G1 X468.8660 Y215.6011
G1 X468.8346 Y215.4978
G1 X468.8101 Y215.3926
G1 X468.7925 Y215.2861
G1 X468.7819 Y215.1787
G1 X468.7784 Y215.0707
G1 Y170.4207
G1 X469.2617 Y169.9375
G1 X468.7784 Y170.4207
G1 X464.1284
G1 X464.0205 Y170.4172
G1 X463.9130 Y170.4066
G1 X463.8065 Y170.3890
G1 X463.7014 Y170.3645
G1 X463.5980 Y170.3332
G1 X463.4970 Y170.2951
G1 X463.3986 Y170.2506
G1 X463.3034 Y170.1997
G1 X463.2117 Y170.1427
G1 X463.1240 Y170.0798
G1 X463.0405 Y170.0113
G1 X462.9617 Y169.9375
G1 X462.8879 Y169.8587
G1 X462.8194 Y169.7752
G1 X462.7565 Y169.6874
G1 X462.6995 Y169.5957
G1 X462.6486 Y169.5005
G1 X462.6040 Y169.4022
G1 X462.5660 Y169.3011
G1 X462.5346 Y169.1978
G1 X462.5101 Y169.0926
G1 X462.4925 Y168.9861
G1 X462.4819 Y168.8787
G1 X462.4784 Y168.7707
G1 Y131.2457
G0 Z0.0000
G1 Y126.2957
G0 Z-5.0000


(No. 87: Part 3)
G0 X462.4784 Y291.5885 Z-5.0000 F2100
G0 Z-0.5000 F480
G1 Z0.0000 F120
G1 Z4.0000
G1 Y274.0635 F480
G1 X462.4819 Y273.9556
G1 X462.4925 Y273.8481
G1 X462.5101 Y273.7416
G1 X462.5346 Y273.6364
G1 X462.5660 Y273.5331
G1 X462.6040 Y273.4320
G1 X462.6486 Y273.3337
G1 X462.6995 Y273.2385
G1 X462.7565 Y273.1468
G1 X462.8194 Y273.0590
G1 X462.8879 Y272.9756
G1 X462.9617 Y272.8968
G1 X463.0405 Y272.8229
G1 X463.1240 Y272.7544
G1 X463.2117 Y272.6916
G1 X463.3034 Y272.6345
G1 X463.3986 Y272.5836
G1 X463.4970 Y272.5391
G1 X463.5980 Y272.5010
G1 X463.7014 Y272.4697
G1 X463.8065 Y272.4452
G1 X463.9130 Y272.4276
G1 X464.0205 Y272.4170
G1 X464.1284 Y272.4135
G1 X468.7784
G1 X469.2617 Y272.8968
G1 X468.7784 Y272.4135
G1 Y227.7635
G1 X468.7819 Y227.6556
G1 X468.7925 Y227.5481
G1 X468.8101 Y227.4416
G1 X468.8346 Y227.3364
G1 X468.8660 Y227.2331
G1 X468.9040 Y227.1320
G1 X468.9486 Y227.0337
G1 X468.9995 Y226.9385
G1 X469.0565 Y226.8468
G1 X469.1194 Y226.7590
G1 X469.1879 Y226.6756
G1 X469.2617 Y226.5968
G1 X469.3405 Y226.5229
G1 X469.4240 Y226.4544
G1 X469.5117 Y226.3916
G1 X469.6034 Y226.3345
G1 X469.6986 Y226.2836
G1 X469.7970 Y226.2391
G1 X469.8980 Y226.2010
G1 X470.0014 Y226.1697
G1 X470.1065 Y226.1452
G1 X470.2130 Y226.1276
G1 X470.3205 Y226.1170
G1 X470.4284 Y226.1135
G1 X580.4284
G1 X580.5363 Y226.1170
G1 X580.6438 Y226.1276
G1 X580.7503 Y226.1452
G1 X580.8555 Y226.1697
G1 X580.9588 Y226.2010
G1 X581.0598 Y226.2391
G1 X581.1582 Y226.2836
G1 X581.2534 Y226.3345
G1 X581.3451 Y226.3916
G1 X581.4329 Y226.4544
G1 X581.5163 Y226.5229
G1 X581.5951 Y226.5968
G1 X581.6689 Y226.6756
G1 X581.7374 Y226.7590
G1 X581.8003 Y226.8468
G1 X581.8574 Y226.9385
G1 X581.9083 Y227.0337
G1 X581.9528 Y227.1320
G1 X581.9908 Y227.2331
G1 X582.0222 Y227.3364
G1 X582.0467 Y227.4416
G1 X582.0643 Y227.5481
G1 X582.0749 Y227.6556
G1 X582.0784 Y227.7635
G1 Y272.4135
G1 X581.5951 Y272.8968
G1 X582.0784 Y272.4135
G1 X586.7284
G1 X586.8363 Y272.4170
G1 X586.9438 Y272.4276
G1 X587.0503 Y272.4452
G1 X587.1555 Y272.4697
G1 X587.2588 Y272.5010
G1 X587.3598 Y272.5391
G1 X587.4582 Y272.5836
G1 X587.5534 Y272.6345
G1 X587.6451 Y272.6916
G1 X587.7329 Y272.7544
G1 X587.8163 Y272.8229
G1 X587.8951 Y272.8968
G1 X587.9689 Y272.9756
G1 X588.0374 Y273.0590
G1 X588.1003 Y273.1468
G1 X588.1574 Y273.2385
G1 X588.2083 Y273.3337
G1 X588.2528 Y273.4320
G1 X588.2908 Y273.5331
G1 X588.3222 Y273.6364
G1 X588.3467 Y273.7416
G1 X588.3643 Y273.8481
G1 X588.3749 Y273.9556
G1 X588.3784 Y274.0635
G1 Y291.5885
G0 Z0.0000
G1 Y296.5385
G1 Z4.0000 F120
G1 Y334.0635 F480
G1 X588.3749 Y334.1714
G1 X588.3643 Y334.2788
G1 X588.3467 Y334.3854
G1 X588.3222 Y334.4905
G1 X588.2908 Y334.5939
G1 X588.2528 Y334.6949
G1 X588.2083 Y334.7933
G1 X588.1574 Y334.8885
G1 X588.1003 Y334.9802
G1 X588.0374 Y335.0679
G1 X587.9689 Y335.1514
G1 X587.8951 Y335.2302
G1 X587.8163 Y335.3040
G1 X587.7329 Y335.3725
G1 X587.6451 Y335.4354
G1 X587.5534 Y335.4924
G1 X587.4582 Y335.5433
G1 X587.3598 Y335.5879
G1 X587.2588 Y335.6259
G1 X587.1555 Y335.6573
G1 X587.0503 Y335.6818
G1 X586.9438 Y335.6994
G1 X586.8363 Y335.7099
G1 X586.7284 Y335.7135
G1 X582.0784
G1 X581.5951 Y335.2302
G1 X582.0784 Y335.7135
G1 Y380.3635
G1 X582.0749 Y380.4714
G1 X582.0643 Y380.5788
G1 X582.0467 Y380.6854
G1 X582.0222 Y380.7905
G1 X581.9908 Y380.8939
G1 X581.9528 Y380.9949
G1 X581.9083 Y381.0933
G1 X581.8574 Y381.1885
G1 X581.8003 Y381.2802
G1 X581.7374 Y381.3679
G1 X581.6689 Y381.4514
G1 X581.5951 Y381.5302
G1 X581.5163 Y381.6040
G1 X581.4329 Y381.6725
G1 X581.3451 Y381.7354
G1 X581.2534 Y381.7924
G1 X581.1582 Y381.8433
G1 X581.0598 Y381.8879
G1 X580.9588 Y381.9259
G1 X580.8555 Y381.9573
G1 X580.7503 Y381.9818
G1 X580.6438 Y381.9994
G1 X580.5363 Y382.0099
G1 X580.4284 Y382.0135
G1 X574.5701
G0 Z0.0000
G1 X569.6201
G1 Z4.0000 F120
G1 X555.4284 F480
G1 X555.3205 Y382.0099
G1 X555.2130 Y381.9994
G1 X555.1065 Y381.9818
G1 X555.0014 Y381.9573
G1 X554.8980 Y381.9259
G1 X554.7970 Y381.8879
G1 X554.6986 Y381.8433
G1 X554.6034 Y381.7924
G1 X554.5117 Y381.7354
G1 X554.4240 Y381.6725
G1 X554.3405 Y381.6040
G1 X554.2617 Y381.5302
G1 X554.1879 Y381.4514
G1 X554.1194 Y381.3679
G1 X554.0565 Y381.2802
G1 X553.9995 Y381.1885
G1 X553.9486 Y381.0933
G1 X553.9040 Y380.9949
G1 X553.8660 Y380.8939
G1 X553.8346 Y380.7905
G1 X553.8101 Y380.6854
G1 X553.7925 Y380.5788
G1 X553.7819 Y380.4714
G1 X553.7784 Y380.3635
G1 Y375.7135
G1 X554.2617 Y375.2302
G1 X553.7784 Y375.7135
G1 X497.0784
G1 X496.5951 Y375.2302
G1 X497.0784 Y375.7135
G1 Y380.3635
G1 X497.0749 Y380.4714
G1 X497.0643 Y380.5788
G1 X497.0467 Y380.6854
G1 X497.0222 Y380.7905
G1 X496.9908 Y380.8939
G1 X496.9528 Y380.9949
G1 X496.9083 Y381.0933
G1 X496.8574 Y381.1885
G1 X496.8003 Y381.2802
G1 X496.7374 Y381.3679
G1 X496.6689 Y381.4514
G1 X496.5951 Y381.5302
G1 X496.5163 Y381.6040
G1 X496.4329 Y381.6725
G1 X496.3451 Y381.7354
G1 X496.2534 Y381.7924
G1 X496.1582 Y381.8433
G1 X496.0598 Y381.8879
G1 X495.9588 Y381.9259
G1 X495.8555 Y381.9573
G1 X495.7503 Y381.9818
G1 X495.6438 Y381.9994
G1 X495.5363 Y382.0099
G1 X495.4284 Y382.0135
G1 X481.2367
G0 Z0.0000
G1 X476.2867
G1 Z4.0000 F120
G1 X470.4284 F480
G1 X470.3205 Y382.0099
G1 X470.2130 Y381.9994
G1 X470.1065 Y381.9818
G1 X470.0014 Y381.9573
G1 X469.8980 Y381.9259
G1 X469.7970 Y381.8879
G1 X469.6986 Y381.8433
G1 X469.6034 Y381.7924
G1 X469.5117 Y381.7354
G1 X469.4240 Y381.6725
G1 X469.3405 Y381.6040
G1 X469.2617 Y381.5302
G1 X469.1879 Y381.4514
G1 X469.1194 Y381.3679
G1 X469.0565 Y381.2802
G1 X468.9995 Y381.1885
G1 X468.9486 Y381.0933
G1 X468.9040 Y380.9949
G1 X468.8660 Y380.8939
G1 X468.8346 Y380.7905
G1 X468.8101 Y380.6854
G1 X468.7925 Y380.5788
G1 X468.7819 Y380.4714
G1 X468.7784 Y380.3635
G1 Y335.7135
G1 X469.2617 Y335.2302
G1 X468.7784 Y335.7135
G1 X464.1284
G1 X464.0205 Y335.7099
G1 X463.9130 Y335.6994
G1 X463.8065 Y335.6818
G1 X463.7014 Y335.6573
G1 X463.5980 Y335.6259
G1 X463.4970 Y335.5879
G1 X463.3986 Y335.5433
G1 X463.3034 Y335.4924
G1 X463.2117 Y335.4354
G1 X463.1240 Y335.3725
G1 X463.0405 Y335.3040
G1 X462.9617 Y335.2302
G1 X462.8879 Y335.1514
G1 X462.8194 Y335.0679
G1 X462.7565 Y334.9802
G1 X462.6995 Y334.8885
G1 X462.6486 Y334.7933
G1 X462.6040 Y334.6949
G1 X462.5660 Y334.5939
G1 X462.5346 Y334.4905
G1 X462.5101 Y334.3854
G1 X462.4925 Y334.2788
G1 X462.4819 Y334.1714
G1 X462.4784 Y334.0635
G1 Y296.5385
G0 Z0.0000
G1 Y291.5885
G0 Z3.5000
G1 Z4.0000 F120
G1 Z8.0000
G1 Y274.0635 F480
G1 X462.4819 Y273.9556
G1 X462.4925 Y273.8481
G1 X462.5101 Y273.7416
G1 X462.5346 Y273.6364
G1 X462.5660 Y273.5331
G1 X462.6040 Y273.4320
G1 X462.6486 Y273.3337
G1 X462.6995 Y273.2385
G1 X462.7565 Y273.1468
G1 X462.8194 Y273.0590
G1 X462.8879 Y272.9756
G1 X462.9617 Y272.8968
G1 X463.0405 Y272.8229
G1 X463.1240 Y272.7544
G1 X463.2117 Y272.6916
G1 X463.3034 Y272.6345
G1 X463.3986 Y272.5836
G1 X463.4970 Y272.5391
G1 X463.5980 Y272.5010
G1 X463.7014 Y272.4697
G1 X463.8065 Y272.4452
G1 X463.9130 Y272.4276
G1 X464.0205 Y272.4170
G1 X464.1284 Y272.4135
G1 X468.7784
G1 X469.2617 Y272.8968
G1 X468.7784 Y272.4135
G1 Y227.7635
G1 X468.7819 Y227.6556
G1 X468.7925 Y227.5481
G1 X468.8101 Y227.4416
G1 X468.8346 Y227.3364
G1 X468.8660 Y227.2331
G1 X468.9040 Y227.1320
G1 X468.9486 Y227.0337
G1 X468.9995 Y226.9385
G1 X469.0565 Y226.8468
G1 X469.1194 Y226.7590
G1 X469.1879 Y226.6756
G1 X469.2617 Y226.5968
G1 X469.3405 Y226.5229
G1 X469.4240 Y226.4544
G1 X469.5117 Y226.3916
G1 X469.6034 Y226.3345
G1 X469.6986 Y226.2836
G1 X469.7970 Y226.2391
G1 X469.8980 Y226.2010
G1 X470.0014 Y226.1697
G1 X470.1065 Y226.1452
G1 X470.2130 Y226.1276
G1 X470.3205 Y226.1170
G1 X470.4284 Y226.1135
G1 X580.4284
G1 X580.5363 Y226.1170
G1 X580.6438 Y226.1276
G1 X580.7503 Y226.1452
G1 X580.8555 Y226.1697
G1 X580.9588 Y226.2010
G1 X581.0598 Y226.2391
G1 X581.1582 Y226.2836
G1 X581.2534 Y226.3345
G1 X581.3451 Y226.3916
G1 X581.4329 Y226.4544
G1 X581.5163 Y226.5229
G1 X581.5951 Y226.5968
G1 X581.6689 Y226.6756
G1 X581.7374 Y226.7590
G1 X581.8003 Y226.8468
G1 X581.8574 Y226.9385
G1 X581.9083 Y227.0337
G1 X581.9528 Y227.1320
G1 X581.9908 Y227.2331
G1 X582.0222 Y227.3364
G1 X582.0467 Y227.4416
G1 X582.0643 Y227.5481
G1 X582.0749 Y227.6556
G1 X582.0784 Y227.7635
G1 Y272.4135
G1 X581.5951 Y272.8968
G1 X582.0784 Y272.4135
G1 X586.7284
G1 X586.8363 Y272.4170
G1 X586.9438 Y272.4276
G1 X587.0503 Y272.4452
G1 X587.1555 Y272.4697
G1 X587.2588 Y272.5010
G1 X587.3598 Y272.5391
G1 X587.4582 Y272.5836
G1 X587.5534 Y272.6345
G1 X587.6451 Y272.6916
G1 X587.7329 Y272.7544
G1 X587.8163 Y272.8229
G1 X587.8951 Y272.8968
G1 X587.9689 Y272.9756
G1 X588.0374 Y273.0590
G1 X588.1003 Y273.1468
G1 X588.1574 Y273.2385
G1 X588.2083 Y273.3337
G1 X588.2528 Y273.4320
G1 X588.2908 Y273.5331
G1 X588.3222 Y273.6364
G1 X588.3467 Y273.7416
G1 X588.3643 Y273.8481
G1 X588.3749 Y273.9556
G1 X588.3784 Y274.0635
G1 Y291.5885
G0 Z0.0000
G1 Y296.5385
G0 Z3.5000
G1 Z4.0000 F120
G1 Z8.0000
G1 Y334.0635 F480
G1 X588.3749 Y334.1714
G1 X588.3643 Y334.2788
G1 X588.3467 Y334.3854
G1 X588.3222 Y334.4905
G1 X588.2908 Y334.5939
G1 X588.2528 Y334.6949
G1 X588.2083 Y334.7933
G1 X588.1574 Y334.8885
G1 X588.1003 Y334.9802
G1 X588.0374 Y335.0679
G1 X587.9689 Y335.1514
G1 X587.8951 Y335.2302
G1 X587.8163 Y335.3040
G1 X587.7329 Y335.3725
G1 X587.6451 Y335.4354
G1 X587.5534 Y335.4924
G1 X587.4582 Y335.5433
G1 X587.3598 Y335.5879
G1 X587.2588 Y335.6259
G1 X587.1555 Y335.6573
G1 X587.0503 Y335.6818
G1 X586.9438 Y335.6994
G1 X586.8363 Y335.7099
G1 X586.7284 Y335.7135
G1 X582.0784
G1 X581.5951 Y335.2302
G1 X582.0784 Y335.7135
G1 Y380.3635
G1 X582.0749 Y380.4714
G1 X582.0643 Y380.5788
G1 X582.0467 Y380.6854
G1 X582.0222 Y380.7905
G1 X581.9908 Y380.8939
G1 X581.9528 Y380.9949
G1 X581.9083 Y381.0933
G1 X581.8574 Y381.1885
G1 X581.8003 Y381.2802
G1 X581.7374 Y381.3679
G1 X581.6689 Y381.4514
G1 X581.5951 Y381.5302
G1 X581.5163 Y381.6040
G1 X581.4329 Y381.6725
G1 X581.3451 Y381.7354
G1 X581.2534 Y381.7924
G1 X581.1582 Y381.8433
G1 X581.0598 Y381.8879
G1 X580.9588 Y381.9259
G1 X580.8555 Y381.9573
G1 X580.7503 Y381.9818
G1 X580.6438 Y381.9994
G1 X580.5363 Y382.0099
G1 X580.4284 Y382.0135
G1 X574.5701
G0 Z0.0000
G1 X569.6201
G0 Z3.5000
G1 Z4.0000 F120
G1 Z8.0000
G1 X555.4284 F480
G1 X555.3205 Y382.0099
G1 X555.2130 Y381.9994
G1 X555.1065 Y381.9818
G1 X555.0014 Y381.9573
G1 X554.8980 Y381.9259
G1 X554.7970 Y381.8879
G1 X554.6986 Y381.8433
G1 X554.6034 Y381.7924
G1 X554.5117 Y381.7354
G1 X554.4240 Y381.6725
G1 X554.3405 Y381.6040
G1 X554.2617 Y381.5302
G1 X554.1879 Y381.4514
G1 X554.1194 Y381.3679
G1 X554.0565 Y381.2802
G1 X553.9995 Y381.1885
G1 X553.9486 Y381.0933
G1 X553.9040 Y380.9949
G1 X553.8660 Y380.8939
G1 X553.8346 Y380.7905
G1 X553.8101 Y380.6854
G1 X553.7925 Y380.5788
G1 X553.7819 Y380.4714
G1 X553.7784 Y380.3635
G1 Y375.7135
G1 X554.2617 Y375.2302
G1 X553.7784 Y375.7135
G1 X497.0784
G1 X496.5951 Y375.2302
G1 X497.0784 Y375.7135
G1 Y380.3635
G1 X497.0749 Y380.4714
G1 X497.0643 Y380.5788
G1 X497.0467 Y380.6854
G1 X497.0222 Y380.7905
G1 X496.9908 Y380.8939
G1 X496.9528 Y380.9949
G1 X496.9083 Y381.0933
G1 X496.8574 Y381.1885
G1 X496.8003 Y381.2802
G1 X496.7374 Y381.3679
G1 X496.6689 Y381.4514
G1 X496.5951 Y381.5302
G1 X496.5163 Y381.6040
G1 X496.4329 Y381.6725
G1 X496.3451 Y381.7354
G1 X496.2534 Y381.7924
G1 X496.1582 Y381.8433
G1 X496.0598 Y381.8879
G1 X495.9588 Y381.9259
G1 X495.8555 Y381.9573
G1 X495.7503 Y381.9818
G1 X495.6438 Y381.9994
G1 X495.5363 Y382.0099
G1 X495.4284 Y382.0135
G1 X481.2367
G0 Z0.0000
G1 X476.2867
G0 Z3.5000
G1 Z4.0000 F120
G1 Z8.0000
G1 X470.4284 F480
G1 X470.3205 Y382.0099
G1 X470.2130 Y381.9994
G1 X470.1065 Y381.9818
G1 X470.0014 Y381.9573
G1 X469.8980 Y381.9259
G1 X469.7970 Y381.8879
G1 X469.6986 Y381.8433
G1 X469.6034 Y381.7924
G1 X469.5117 Y381.7354
G1 X469.4240 Y381.6725
G1 X469.3405 Y381.6040
G1 X469.2617 Y381.5302
G1 X469.1879 Y381.4514
G1 X469.1194 Y381.3679
G1 X469.0565 Y381.2802
G1 X468.9995 Y381.1885
G1 X468.9486 Y381.0933
G1 X468.9040 Y380.9949
G1 X468.8660 Y380.8939
G1 X468.8346 Y380.7905
G1 X468.8101 Y380.6854
G1 X468.7925 Y380.5788
G1 X468.7819 Y380.4714
G1 X468.7784 Y380.3635
G1 Y335.7135
G1 X469.2617 Y335.2302
G1 X468.7784 Y335.7135
G1 X464.1284
G1 X464.0205 Y335.7099
G1 X463.9130 Y335.6994
G1 X463.8065 Y335.6818
G1 X463.7014 Y335.6573
G1 X463.5980 Y335.6259
G1 X463.4970 Y335.5879
G1 X463.3986 Y335.5433
G1 X463.3034 Y335.4924
G1 X463.2117 Y335.4354
G1 X463.1240 Y335.3725
G1 X463.0405 Y335.3040
G1 X462.9617 Y335.2302
G1 X462.8879 Y335.1514
G1 X462.8194 Y335.0679
G1 X462.7565 Y334.9802
G1 X462.6995 Y334.8885
G1 X462.6486 Y334.7933
G1 X462.6040 Y334.6949
G1 X462.5660 Y334.5939
G1 X462.5346 Y334.4905
G1 X462.5101 Y334.3854
G1 X462.4925 Y334.2788
G1 X462.4819 Y334.1714
G1 X462.4784 Y334.0635
G1 Y296.5385
G0 Z0.0000
G1 Y291.5885
G0 Z-5.0000


(No. 88: Part 3)
G0 X328.8956 Y291.5885 Z-5.0000 F2100
G0 Z-0.5000 F480
G1 Z0.0000 F120
G1 Z4.0000
G1 Y274.0635 F480
G1 X328.8991 Y273.9556
G1 X328.9097 Y273.8481
G1 X328.9273 Y273.7416
G1 X328.9518 Y273.6364
G1 X328.9831 Y273.5331
G1 X329.0211 Y273.4320
G1 X329.0657 Y273.3337
G1 X329.1166 Y273.2385
G1 X329.1736 Y273.1468
G1 X329.2365 Y273.0590
G1 X329.3050 Y272.9756
G1 X329.3788 Y272.8968
G1 X329.4576 Y272.8229
G1 X329.5411 Y272.7544
G1 X329.6289 Y272.6916
G1 X329.7206 Y272.6345
G1 X329.8158 Y272.5836
G1 X329.9141 Y272.5391
G1 X330.0152 Y272.5010
G1 X330.1185 Y272.4697
G1 X330.2237 Y272.4452
G1 X330.3302 Y272.4276
G1 X330.4376 Y272.4170
G1 X330.5456 Y272.4135
G1 X335.1956
G1 X335.6788 Y272.8968
G1 X335.1956 Y272.4135
G1 Y227.7635
G1 X335.1991 Y227.6556
G1 X335.2097 Y227.5481
G1 X335.2273 Y227.4416
G1 X335.2518 Y227.3364
G1 X335.2831 Y227.2331
G1 X335.3211 Y227.1320
G1 X335.3657 Y227.0337
G1 X335.4166 Y226.9385
G1 X335.4736 Y226.8468
G1 X335.5365 Y226.7590
G1 X335.6050 Y226.6756
G1 X335.6788 Y226.5968
G1 X335.7576 Y226.5229
G1 X335.8411 Y226.4544
G1 X335.9289 Y226.3916
G1 X336.0206 Y226.3345
G1 X336.1158 Y226.2836
G1 X336.2141 Y226.2391
G1 X336.3152 Y226.2010
G1 X336.4185 Y226.1697
G1 X336.5237 Y226.1452
G1 X336.6302 Y226.1276
G1 X336.7376 Y226.1170
G1 X336.8456 Y226.1135
G1 X446.8456
G1 X446.9535 Y226.1170
G1 X447.0609 Y226.1276
G1 X447.1674 Y226.1452
G1 X447.2726 Y226.1697
G1 X447.3759 Y226.2010
G1 X447.4770 Y226.2391
G1 X447.5753 Y226.2836
G1 X447.6706 Y226.3345
G1 X447.7622 Y226.3916
G1 X447.8500 Y226.4544
G1 X447.9335 Y226.5229
G1 X448.0123 Y226.5968
G1 X448.0861 Y226.6756
G1 X448.1546 Y226.7590
G1 X448.2175 Y226.8468
G1 X448.2745 Y226.9385
G1 X448.3254 Y227.0337
G1 X448.3700 Y227.1320
G1 X448.4080 Y227.2331
G1 X448.4393 Y227.3364
G1 X448.4638 Y227.4416
G1 X448.4814 Y227.5481
G1 X448.4920 Y227.6556
G1 X448.4956 Y227.7635
G1 Y272.4135
G1 X448.0123 Y272.8968
G1 X448.4956 Y272.4135
G1 X453.1456
G1 X453.2535 Y272.4170
G1 X453.3609 Y272.4276
G1 X453.4674 Y272.4452
G1 X453.5726 Y272.4697
G1 X453.6759 Y272.5010
G1 X453.7770 Y272.5391
G1 X453.8753 Y272.5836
G1 X453.9706 Y272.6345
G1 X454.0622 Y272.6916
G1 X454.1500 Y272.7544
G1 X454.2335 Y272.8229
G1 X454.3123 Y272.8968
G1 X454.3861 Y272.9756
G1 X454.4546 Y273.0590
G1 X454.5175 Y273.1468
G1 X454.5745 Y273.2385
G1 X454.6254 Y273.3337
G1 X454.6700 Y273.4320
G1 X454.7080 Y273.5331
G1 X454.7393 Y273.6364
G1 X454.7638 Y273.7416
G1 X454.7814 Y273.8481
G1 X454.7920 Y273.9556
G1 X454.7956 Y274.0635
G1 Y291.5885
G0 Z0.0000
G1 Y296.5385
G1 Z4.0000 F120
G1 Y334.0635 F480
G1 X454.7920 Y334.1714
G1 X454.7814 Y334.2788
G1 X454.7638 Y334.3854
G1 X454.7393 Y334.4905
G1 X454.7080 Y334.5939
G1 X454.6700 Y334.6949
G1 X454.6254 Y334.7933
G1 X454.5745 Y334.8885
G1 X454.5175 Y334.9802
G1 X454.4546 Y335.0679
G1 X454.3861 Y335.1514
G1 X454.3123 Y335.2302
G1 X454.2335 Y335.3040
G1 X454.1500 Y335.3725
G1 X454.0622 Y335.4354
G1 X453.9706 Y335.4924
G1 X453.8753 Y335.5433
G1 X453.7770 Y335.5879
G1 X453.6759 Y335.6259
G1 X453.5726 Y335.6573
G1 X453.4674 Y335.6818
G1 X453.3609 Y335.6994
G1 X453.2535 Y335.7099
G1 X453.1456 Y335.7135
G1 X448.4956
G1 X448.0123 Y335.2302
G1 X448.4956 Y335.7135
G1 Y380.3635
G1 X448.4920 Y380.4714
G1 X448.4814 Y380.5788
G1 X448.4638 Y380.6854
G1 X448.4393 Y380.7905
G1 X448.4080 Y380.8939
G1 X448.3700 Y380.9949
G1 X448.3254 Y381.0933
G1 X448.2745 Y381.1885
G1 X448.2175 Y381.2802
G1 X448.1546 Y381.3679
G1 X448.0861 Y381.4514
G1 X448.0123 Y381.5302
G1 X447.9335 Y381.6040
G1 X447.8500 Y381.6725
G1 X447.7622 Y381.7354
G1 X447.6706 Y381.7924
G1 X447.5753 Y381.8433
G1 X447.4770 Y381.8879
G1 X447.3759 Y381.9259
G1 X447.2726 Y381.9573
G1 X447.1674 Y381.9818
G1 X447.0609 Y381.9994
G1 X446.9535 Y382.0099
G1 X446.8456 Y382.0135
G1 X440.9872
G0 Z0.0000
G1 X436.0372
G1 Z4.0000 F120
G1 X421.8456 F480
G1 X421.7376 Y382.0099
G1 X421.6302 Y381.9994
G1 X421.5237 Y381.9818
G1 X421.4185 Y381.9573
G1 X421.3152 Y381.9259
G1 X421.2141 Y381.8879
G1 X421.1158 Y381.8433
G1 X421.0206 Y381.7924
G1 X420.9289 Y381.7354
G1 X420.8411 Y381.6725
G1 X420.7576 Y381.6040
G1 X420.6788 Y381.5302
G1 X420.6050 Y381.4514
G1 X420.5365 Y381.3679
G1 X420.4736 Y381.2802
G1 X420.4166 Y381.1885
G1 X420.3657 Y381.0933
G1 X420.3211 Y380.9949
G1 X420.2831 Y380.8939
G1 X420.2518 Y380.7905
G1 X420.2273 Y380.6854
G1 X420.2097 Y380.5788
G1 X420.1991 Y380.4714
G1 X420.1956 Y380.3635
G1 Y375.7135
G1 X420.6788 Y375.2302
G1 X420.1956 Y375.7135
G1 X363.4956
G1 X363.0123 Y375.2302
G1 X363.4956 Y375.7135
G1 Y380.3635
G1 X363.4920 Y380.4714
G1 X363.4814 Y380.5788
G1 X363.4638 Y380.6854
G1 X363.4393 Y380.7905
G1 X363.4080 Y380.8939
G1 X363.3700 Y380.9949
G1 X363.3254 Y381.0933
G1 X363.2745 Y381.1885
G1 X363.2175 Y381.2802
G1 X363.1546 Y381.3679
G1 X363.0861 Y381.4514
G1 X363.0123 Y381.5302
G1 X362.9335 Y381.6040
G1 X362.8500 Y381.6725
G1 X362.7622 Y381.7354
G1 X362.6706 Y381.7924
G1 X362.5753 Y381.8433
G1 X362.4770 Y381.8879
G1 X362.3759 Y381.9259
G1 X362.2726 Y381.9573
G1 X362.1674 Y381.9818
G1 X362.0609 Y381.9994
G1 X361.9535 Y382.0099
G1 X361.8456 Y382.0135
G1 X347.6539
G0 Z0.0000
G1 X342.7039
G1 Z4.0000 F120
G1 X336.8456 F480
G1 X336.7376 Y382.0099
G1 X336.6302 Y381.9994
G1 X336.5237 Y381.9818
G1 X336.4185 Y381.9573
G1 X336.3152 Y381.9259
G1 X336.2141 Y381.8879
G1 X336.1158 Y381.8433
G1 X336.0206 Y381.7924
G1 X335.9289 Y381.7354
G1 X335.8411 Y381.6725
G1 X335.7576 Y381.6040
G1 X335.6788 Y381.5302
G1 X335.6050 Y381.4514
G1 X335.5365 Y381.3679
G1 X335.4736 Y381.2802
G1 X335.4166 Y381.1885
G1 X335.3657 Y381.0933
G1 X335.3211 Y380.9949
G1 X335.2831 Y380.8939
G1 X335.2518 Y380.7905
G1 X335.2273 Y380.6854
G1 X335.2097 Y380.5788
G1 X335.1991 Y380.4714
G1 X335.1956 Y380.3635
G1 Y335.7135
G1 X335.6788 Y335.2302
G1 X335.1956 Y335.7135
G1 X330.5456
G1 X330.4376 Y335.7099
G1 X330.3302 Y335.6994
G1 X330.2237 Y335.6818
G1 X330.1185 Y335.6573
G1 X330.0152 Y335.6259
G1 X329.9141 Y335.5879
G1 X329.8158 Y335.5433
G1 X329.7206 Y335.4924
G1 X329.6289 Y335.4354
G1 X329.5411 Y335.3725
G1 X329.4576 Y335.3040
G1 X329.3788 Y335.2302
G1 X329.3050 Y335.1514
G1 X329.2365 Y335.0679
G1 X329.1736 Y334.9802
G1 X329.1166 Y334.8885
G1 X329.0657 Y334.7933
G1 X329.0211 Y334.6949
G1 X328.9831 Y334.5939
G1 X328.9518 Y334.4905
G1 X328.9273 Y334.3854
G1 X328.9097 Y334.2788
G1 X328.8991 Y334.1714
G1 X328.8956 Y334.0635
G1 Y296.5385
G0 Z0.0000
G1 Y291.5885
G0 Z3.5000
G1 Z4.0000 F120
G1 Z8.0000
G1 Y274.0635 F480
G1 X328.8991 Y273.9556
G1 X328.9097 Y273.8481
G1 X328.9273 Y273.7416
G1 X328.9518 Y273.6364
G1 X328.9831 Y273.5331
G1 X329.0211 Y273.4320
G1 X329.0657 Y273.3337
G1 X329.1166 Y273.2385
G1 X329.1736 Y273.1468
G1 X329.2365 Y273.0590
G1 X329.3050 Y272.9756
G1 X329.3788 Y272.8968
G1 X329.4576 Y272.8229
G1 X329.5411 Y272.7544
G1 X329.6289 Y272.6916
G1 X329.7206 Y272.6345
G1 X329.8158 Y272.5836
G1 X329.9141 Y272.5391
G1 X330.0152 Y272.5010
G1 X330.1185 Y272.4697
G1 X330.2237 Y272.4452
G1 X330.3302 Y272.4276
G1 X330.4376 Y272.4170
G1 X330.5456 Y272.4135
G1 X335.1956
G1 X335.6788 Y272.8968
G1 X335.1956 Y272.4135
G1 Y227.7635
G1 X335.1991 Y227.6556
G1 X335.2097 Y227.5481
G1 X335.2273 Y227.4416
G1 X335.2518 Y227.3364
G1 X335.2831 Y227.2331
G1 X335.3211 Y227.1320
G1 X335.3657 Y227.0337
G1 X335.4166 Y226.9385
G1 X335.4736 Y226.8468
G1 X335.5365 Y226.7590
G1 X335.6050 Y226.6756
G1 X335.6788 Y226.5968
G1 X335.7576 Y226.5229
G1 X335.8411 Y226.4544
G1 X335.9289 Y226.3916
G1 X336.0206 Y226.3345
G1 X336.1158 Y226.2836
G1 X336.2141 Y226.2391
G1 X336.3152 Y226.2010
G1 X336.4185 Y226.1697
G1 X336.5237 Y226.1452
G1 X336.6302 Y226.1276
G1 X336.7376 Y226.1170
G1 X336.8456 Y226.1135
G1 X446.8456
G1 X446.9535 Y226.1170
G1 X447.0609 Y226.1276
G1 X447.1674 Y226.1452
G1 X447.2726 Y226.1697
G1 X447.3759 Y226.2010
G1 X447.4770 Y226.2391
G1 X447.5753 Y226.2836
G1 X447.6706 Y226.3345
G1 X447.7622 Y226.3916
G1 X447.8500 Y226.4544
G1 X447.9335 Y226.5229
G1 X448.0123 Y226.5968
G1 X448.0861 Y226.6756
G1 X448.1546 Y226.7590
G1 X448.2175 Y226.8468
G1 X448.2745 Y226.9385
G1 X448.3254 Y227.0337
G1 X448.3700 Y227.1320
G1 X448.4080 Y227.2331
G1 X448.4393 Y227.3364
G1 X448.4638 Y227.4416
G1 X448.4814 Y227.5481
G1 X448.4920 Y227.6556
G1 X448.4956 Y227.7635
G1 Y272.4135
G1 X448.0123 Y272.8968
G1 X448.4956 Y272.4135
G1 X453.1456
G1 X453.2535 Y272.4170
G1 X453.3609 Y272.4276
G1 X453.4674 Y272.4452
G1 X453.5726 Y272.4697
G1 X453.6759 Y272.5010
G1 X453.7770 Y272.5391
G1 X453.8753 Y272.5836
G1 X453.9706 Y272.6345
G1 X454.0622 Y272.6916
G1 X454.1500 Y272.7544
G1 X454.2335 Y272.8229
G1 X454.3123 Y272.8968
G1 X454.3861 Y272.9756
G1 X454.4546 Y273.0590
G1 X454.5175 Y273.1468
G1 X454.5745 Y273.2385
G1 X454.6254 Y273.3337
G1 X454.6700 Y273.4320
G1 X454.7080 Y273.5331
G1 X454.7393 Y273.6364
G1 X454.7638 Y273.7416
G1 X454.7814 Y273.8481
G1 X454.7920 Y273.9556
G1 X454.7956 Y274.0635
G1 Y291.5885
G0 Z0.0000
G1 Y296.5385
G0 Z3.5000
G1 Z4.0000 F120
G1 Z8.0000
G1 Y334.0635 F480
G1 X454.7920 Y334.1714
G1 X454.7814 Y334.2788
G1 X454.7638 Y334.3854
G1 X454.7393 Y334.4905
G1 X454.7080 Y334.5939
G1 X454.6700 Y334.6949
G1 X454.6254 Y334.7933
G1 X454.5745 Y334.8885
G1 X454.5175 Y334.9802
G1 X454.4546 Y335.0679
G1 X454.3861 Y335.1514
G1 X454.3123 Y335.2302
G1 X454.2335 Y335.3040
G1 X454.1500 Y335.3725
G1 X454.0622 Y335.4354
G1 X453.9706 Y335.4924
G1 X453.8753 Y335.5433
G1 X453.7770 Y335.5879
G1 X453.6759 Y335.6259
G1 X453.5726 Y335.6573
G1 X453.4674 Y335.6818
G1 X453.3609 Y335.6994
G1 X453.2535 Y335.7099
G1 X453.1456 Y335.7135
G1 X448.4956
G1 X448.0123 Y335.2302
G1 X448.4956 Y335.7135
G1 Y380.3635
G1 X448.4920 Y380.4714
G1 X448.4814 Y380.5788
G1 X448.4638 Y380.6854
G1 X448.4393 Y380.7905
G1 X448.4080 Y380.8939
G1 X448.3700 Y380.9949
G1 X448.3254 Y381.0933
G1 X448.2745 Y381.1885
G1 X448.2175 Y381.2802
G1 X448.1546 Y381.3679
G1 X448.0861 Y381.4514
G1 X448.0123 Y381.5302
G1 X447.9335 Y381.6040
G1 X447.8500 Y381.6725
G1 X447.7622 Y381.7354
G1 X447.6706 Y381.7924
G1 X447.5753 Y381.8433
G1 X447.4770 Y381.8879
G1 X447.3759 Y381.9259
G1 X447.2726 Y381.9573
G1 X447.1674 Y381.9818
G1 X447.0609 Y381.9994
G1 X446.9535 Y382.0099
G1 X446.8456 Y382.0135
G1 X440.9872
G0 Z0.0000
G1 X436.0372
G0 Z3.5000
G1 Z4.0000 F120
G1 Z8.0000
G1 X421.8456 F480
G1 X421.7376 Y382.0099
G1 X421.6302 Y381.9994
G1 X421.5237 Y381.9818
G1 X421.4185 Y381.9573
G1 X421.3152 Y381.9259
G1 X421.2141 Y381.8879
G1 X421.1158 Y381.8433
G1 X421.0206 Y381.7924
G1 X420.9289 Y381.7354
G1 X420.8411 Y381.6725
G1 X420.7576 Y381.6040
G1 X420.6788 Y381.5302
G1 X420.6050 Y381.4514
G1 X420.5365 Y381.3679
G1 X420.4736 Y381.2802
G1 X420.4166 Y381.1885
G1 X420.3657 Y381.0933
G1 X420.3211 Y380.9949
G1 X420.2831 Y380.8939
G1 X420.2518 Y380.7905
G1 X420.2273 Y380.6854
G1 X420.2097 Y380.5788
G1 X420.1991 Y380.4714
G1 X420.1956 Y380.3635
G1 Y375.7135
G1 X420.6788 Y375.2302
G1 X420.1956 Y375.7135
G1 X363.4956
G1 X363.0123 Y375.2302
G1 X363.4956 Y375.7135
G1 Y380.3635
G1 X363.4920 Y380.4714
G1 X363.4814 Y380.5788
G1 X363.4638 Y380.6854
G1 X363.4393 Y380.7905
G1 X363.4080 Y380.8939
G1 X363.3700 Y380.9949
G1 X363.3254 Y381.0933
G1 X363.2745 Y381.1885
G1 X363.2175 Y381.2802
G1 X363.1546 Y381.3679
G1 X363.0861 Y381.4514
G1 X363.0123 Y381.5302
G1 X362.9335 Y381.6040
G1 X362.8500 Y381.6725
G1 X362.7622 Y381.7354
G1 X362.6706 Y381.7924
G1 X362.5753 Y381.8433
G1 X362.4770 Y381.8879
G1 X362.3759 Y381.9259
G1 X362.2726 Y381.9573
G1 X362.1674 Y381.9818
G1 X362.0609 Y381.9994
G1 X361.9535 Y382.0099
G1 X361.8456 Y382.0135
G1 X347.6539
G0 Z0.0000
G1 X342.7039
G0 Z3.5000
G1 Z4.0000 F120
G1 Z8.0000
G1 X336.8456 F480
G1 X336.7376 Y382.0099
G1 X336.6302 Y381.9994
G1 X336.5237 Y381.9818
G1 X336.4185 Y381.9573
G1 X336.3152 Y381.9259
G1 X336.2141 Y381.8879
G1 X336.1158 Y381.8433
G1 X336.0206 Y381.7924
G1 X335.9289 Y381.7354
G1 X335.8411 Y381.6725
G1 X335.7576 Y381.6040
G1 X335.6788 Y381.5302
G1 X335.6050 Y381.4514
G1 X335.5365 Y381.3679
G1 X335.4736 Y381.2802
G1 X335.4166 Y381.1885
G1 X335.3657 Y381.0933
G1 X335.3211 Y380.9949
G1 X335.2831 Y380.8939
G1 X335.2518 Y380.7905
G1 X335.2273 Y380.6854
G1 X335.2097 Y380.5788
G1 X335.1991 Y380.4714
G1 X335.1956 Y380.3635
G1 Y335.7135
G1 X335.6788 Y335.2302
G1 X335.1956 Y335.7135
G1 X330.5456
G1 X330.4376 Y335.7099
G1 X330.3302 Y335.6994
G1 X330.2237 Y335.6818
G1 X330.1185 Y335.6573
G1 X330.0152 Y335.6259
G1 X329.9141 Y335.5879
G1 X329.8158 Y335.5433
G1 X329.7206 Y335.4924
G1 X329.6289 Y335.4354
G1 X329.5411 Y335.3725
G1 X329.4576 Y335.3040
G1 X329.3788 Y335.2302
G1 X329.3050 Y335.1514
G1 X329.2365 Y335.0679
G1 X329.1736 Y334.9802
G1 X329.1166 Y334.8885
G1 X329.0657 Y334.7933
G1 X329.0211 Y334.6949
G1 X328.9831 Y334.5939
G1 X328.9518 Y334.4905
G1 X328.9273 Y334.3854
G1 X328.9097 Y334.2788
G1 X328.8991 Y334.1714
G1 X328.8956 Y334.0635
G1 Y296.5385
G0 Z0.0000
G1 Y291.5885
G0 Z-5.0000


(No. 89: Part 3)
G0 X195.3127 Y291.5885 Z-5.0000 F2100
G0 Z-0.5000 F480
G1 Z0.0000 F120
G1 Z4.0000
G1 Y274.0635 F480
G1 X195.3162 Y273.9556
G1 X195.3268 Y273.8481
G1 X195.3444 Y273.7416
G1 X195.3689 Y273.6364
G1 X195.4003 Y273.5331
G1 X195.4383 Y273.4320
G1 X195.4828 Y273.3337
G1 X195.5337 Y273.2385
G1 X195.5908 Y273.1468
G1 X195.6537 Y273.0590
G1 X195.7222 Y272.9756
G1 X195.7960 Y272.8968
G1 X195.8748 Y272.8229
G1 X195.9582 Y272.7544
G1 X196.0460 Y272.6916
G1 X196.1377 Y272.6345
G1 X196.2329 Y272.5836
G1 X196.3313 Y272.5391
G1 X196.4323 Y272.5010
G1 X196.5356 Y272.4697
G1 X196.6408 Y272.4452
G1 X196.7473 Y272.4276
G1 X196.8548 Y272.4170
G1 X196.9627 Y272.4135
G1 X201.6127
G1 X202.0960 Y272.8968
G1 X201.6127 Y272.4135
G1 Y227.7635
G1 X201.6162 Y227.6556
G1 X201.6268 Y227.5481
G1 X201.6444 Y227.4416
G1 X201.6689 Y227.3364
G1 X201.7003 Y227.2331
G1 X201.7383 Y227.1320
G1 X201.7828 Y227.0337
G1 X201.8337 Y226.9385
G1 X201.8908 Y226.8468
G1 X201.9537 Y226.7590
G1 X202.0222 Y226.6756
G1 X202.0960 Y226.5968
G1 X202.1748 Y226.5229
G1 X202.2582 Y226.4544
G1 X202.3460 Y226.3916
G1 X202.4377 Y226.3345
G1 X202.5329 Y226.2836
G1 X202.6313 Y226.2391
G1 X202.7323 Y226.2010
G1 X202.8356 Y226.1697
G1 X202.9408 Y226.1452
G1 X203.0473 Y226.1276
G1 X203.1548 Y226.1170
G1 X203.2627 Y226.1135
G1 X313.2627
G1 X313.3706 Y226.1170
G1 X313.4781 Y226.1276
G1 X313.5846 Y226.1452
G1 X313.6897 Y226.1697
G1 X313.7931 Y226.2010
G1 X313.8941 Y226.2391
G1 X313.9925 Y226.2836
G1 X314.0877 Y226.3345
G1 X314.1794 Y226.3916
G1 X314.2671 Y226.4544
G1 X314.3506 Y226.5229
G1 X314.4294 Y226.5968
G1 X314.5032 Y226.6756
G1 X314.5717 Y226.7590
G1 X314.6346 Y226.8468
G1 X314.6916 Y226.9385
G1 X314.7425 Y227.0337
G1 X314.7871 Y227.1320
G1 X314.8251 Y227.2331
G1 X314.8565 Y227.3364
G1 X314.8810 Y227.4416
G1 X314.8986 Y227.5481
G1 X314.9092 Y227.6556
G1 X314.9127 Y227.7635
G1 Y272.4135
G1 X314.4294 Y272.8968
G1 X314.9127 Y272.4135
G1 X319.5627
G1 X319.6706 Y272.4170
G1 X319.7781 Y272.4276
G1 X319.8846 Y272.4452
G1 X319.9897 Y272.4697
G1 X320.0931 Y272.5010
G1 X320.1941 Y272.5391
G1 X320.2925 Y272.5836
G1 X320.3877 Y272.6345
G1 X320.4794 Y272.6916
G1 X320.5671 Y272.7544
G1 X320.6506 Y272.8229
G1 X320.7294 Y272.8968
G1 X320.8032 Y272.9756
G1 X320.8717 Y273.0590
G1 X320.9346 Y273.1468
G1 X320.9916 Y273.2385
G1 X321.0425 Y273.3337
G1 X321.0871 Y273.4320
G1 X321.1251 Y273.5331
G1 X321.1565 Y273.6364
G1 X321.1810 Y273.7416
G1 X321.1986 Y273.8481
G1 X321.2092 Y273.9556
G1 X321.2127 Y274.0635
G1 Y291.5885
G0 Z0.0000
G1 Y296.5385
G1 Z4.0000 F120
G1 Y334.0635 F480
G1 X321.2092 Y334.1714
G1 X321.1986 Y334.2788
G1 X321.1810 Y334.3854
G1 X321.1565 Y334.4905
G1 X321.1251 Y334.5939
G1 X321.0871 Y334.6949
G1 X321.0425 Y334.7933
G1 X320.9916 Y334.8885
G1 X320.9346 Y334.9802
G1 X320.8717 Y335.0679
G1 X320.8032 Y335.1514
G1 X320.7294 Y335.2302
G1 X320.6506 Y335.3040
G1 X320.5671 Y335.3725
G1 X320.4794 Y335.4354
G1 X320.3877 Y335.4924
G1 X320.2925 Y335.5433
G1 X320.1941 Y335.5879
G1 X320.0931 Y335.6259
G1 X319.9897 Y335.6573
G1 X319.8846 Y335.6818
G1 X319.7781 Y335.6994
G1 X319.6706 Y335.7099
G1 X319.5627 Y335.7135
G1 X314.9127
G1 X314.4294 Y335.2302
G1 X314.9127 Y335.7135
G1 Y380.3635
G1 X314.9092 Y380.4714
G1 X314.8986 Y380.5788
G1 X314.8810 Y380.6854
G1 X314.8565 Y380.7905
G1 X314.8251 Y380.8939
G1 X314.7871 Y380.9949
G1 X314.7425 Y381.0933
G1 X314.6916 Y381.1885
G1 X314.6346 Y381.2802
G1 X314.5717 Y381.3679
G1 X314.5032 Y381.4514
G1 X314.4294 Y381.5302
G1 X314.3506 Y381.6040
G1 X314.2671 Y381.6725
G1 X314.1794 Y381.7354
G1 X314.0877 Y381.7924
G1 X313.9925 Y381.8433
G1 X313.8941 Y381.8879
G1 X313.7931 Y381.9259
G1 X313.6897 Y381.9573
G1 X313.5846 Y381.9818
G1 X313.4781 Y381.9994
G1 X313.3706 Y382.0099
G1 X313.2627 Y382.0135
G1 X307.4044
G0 Z0.0000
G1 X302.4544
G1 Z4.0000 F120
G1 X288.2627 F480
G1 X288.1548 Y382.0099
G1 X288.0473 Y381.9994
G1 X287.9408 Y381.9818
G1 X287.8356 Y381.9573
G1 X287.7323 Y381.9259
G1 X287.6313 Y381.8879
G1 X287.5329 Y381.8433
G1 X287.4377 Y381.7924
G1 X287.3460 Y381.7354
G1 X287.2582 Y381.6725
G1 X287.1748 Y381.6040
G1 X287.0960 Y381.5302
G1 X287.0222 Y381.4514
G1 X286.9537 Y381.3679
G1 X286.8908 Y381.2802
G1 X286.8337 Y381.1885
G1 X286.7828 Y381.0933
G1 X286.7383 Y380.9949
G1 X286.7003 Y380.8939
G1 X286.6689 Y380.7905
G1 X286.6444 Y380.6854
G1 X286.6268 Y380.5788
G1 X286.6162 Y380.4714
G1 X286.6127 Y380.3635
G1 Y375.7135
G1 X287.0960 Y375.2302
G1 X286.6127 Y375.7135
G1 X229.9127
G1 X229.4294 Y375.2302
G1 X229.9127 Y375.7135
G1 Y380.3635
G1 X229.9092 Y380.4714
G1 X229.8986 Y380.5788
G1 X229.8810 Y380.6854
G1 X229.8565 Y380.7905
G1 X229.8251 Y380.8939
G1 X229.7871 Y380.9949
G1 X229.7425 Y381.0933
G1 X229.6916 Y381.1885
G1 X229.6346 Y381.2802
G1 X229.5717 Y381.3679
G1 X229.5032 Y381.4514
G1 X229.4294 Y381.5302
G1 X229.3506 Y381.6040
G1 X229.2671 Y381.6725
G1 X229.1794 Y381.7354
G1 X229.0877 Y381.7924
G1 X228.9925 Y381.8433
G1 X228.8941 Y381.8879
G1 X228.7931 Y381.9259
G1 X228.6897 Y381.9573
G1 X228.5846 Y381.9818
G1 X228.4781 Y381.9994
G1 X228.3706 Y382.0099
G1 X228.2627 Y382.0135
G1 X214.0710
G0 Z0.0000
G1 X209.1210
G1 Z4.0000 F120
G1 X203.2627 F480
G1 X203.1548 Y382.0099
G1 X203.0473 Y381.9994
G1 X202.9408 Y381.9818
G1 X202.8356 Y381.9573
G1 X202.7323 Y381.9259
G1 X202.6313 Y381.8879
G1 X202.5329 Y381.8433
G1 X202.4377 Y381.7924
G1 X202.3460 Y381.7354
G1 X202.2582 Y381.6725
G1 X202.1748 Y381.6040
G1 X202.0960 Y381.5302
G1 X202.0222 Y381.4514
G1 X201.9537 Y381.3679
G1 X201.8908 Y381.2802
G1 X201.8337 Y381.1885
G1 X201.7828 Y381.0933
G1 X201.7383 Y380.9949
G1 X201.7003 Y380.8939
G1 X201.6689 Y380.7905
G1 X201.6444 Y380.6854
G1 X201.6268 Y380.5788
G1 X201.6162 Y380.4714
G1 X201.6127 Y380.3635
G1 Y335.7135
G1 X202.0960 Y335.2302
G1 X201.6127 Y335.7135
G1 X196.9627
G1 X196.8548 Y335.7099
G1 X196.7473 Y335.6994
G1 X196.6408 Y335.6818
G1 X196.5356 Y335.6573
G1 X196.4323 Y335.6259
G1 X196.3313 Y335.5879
G1 X196.2329 Y335.5433
G1 X196.1377 Y335.4924
G1 X196.0460 Y335.4354
G1 X195.9582 Y335.3725
G1 X195.8748 Y335.3040
G1 X195.7960 Y335.2302
G1 X195.7222 Y335.1514
G1 X195.6537 Y335.0679
G1 X195.5908 Y334.9802
G1 X195.5337 Y334.8885
G1 X195.4828 Y334.7933
G1 X195.4383 Y334.6949
G1 X195.4003 Y334.5939
G1 X195.3689 Y334.4905
G1 X195.3444 Y334.3854
G1 X195.3268 Y334.2788
G1 X195.3162 Y334.1714
G1 X195.3127 Y334.0635
G1 Y296.5385
G0 Z0.0000
G1 Y291.5885
G0 Z3.5000
G1 Z4.0000 F120
G1 Z8.0000
G1 Y274.0635 F480
G1 X195.3162 Y273.9556
G1 X195.3268 Y273.8481
G1 X195.3444 Y273.7416
G1 X195.3689 Y273.6364
G1 X195.4003 Y273.5331
G1 X195.4383 Y273.4320
G1 X195.4828 Y273.3337
G1 X195.5337 Y273.2385
G1 X195.5908 Y273.1468
G1 X195.6537 Y273.0590
G1 X195.7222 Y272.9756
G1 X195.7960 Y272.8968
G1 X195.8748 Y272.8229
G1 X195.9582 Y272.7544
G1 X196.0460 Y272.6916
G1 X196.1377 Y272.6345
G1 X196.2329 Y272.5836
G1 X196.3313 Y272.5391
G1 X196.4323 Y272.5010
G1 X196.5356 Y272.4697
G1 X196.6408 Y272.4452
G1 X196.7473 Y272.4276
G1 X196.8548 Y272.4170
G1 X196.9627 Y272.4135
G1 X201.6127
G1 X202.0960 Y272.8968
G1 X201.6127 Y272.4135
G1 Y227.7635
G1 X201.6162 Y227.6556
G1 X201.6268 Y227.5481
G1 X201.6444 Y227.4416
G1 X201.6689 Y227.3364
G1 X201.7003 Y227.2331
G1 X201.7383 Y227.1320
G1 X201.7828 Y227.0337
G1 X201.8337 Y226.9385
G1 X201.8908 Y226.8468
G1 X201.9537 Y226.7590
G1 X202.0222 Y226.6756
G1 X202.0960 Y226.5968
G1 X202.1748 Y226.5229
G1 X202.2582 Y226.4544
G1 X202.3460 Y226.3916
G1 X202.4377 Y226.3345
G1 X202.5329 Y226.2836
G1 X202.6313 Y226.2391
G1 X202.7323 Y226.2010
G1 X202.8356 Y226.1697
G1 X202.9408 Y226.1452
G1 X203.0473 Y226.1276
G1 X203.1548 Y226.1170
G1 X203.2627 Y226.1135
G1 X313.2627
G1 X313.3706 Y226.1170
G1 X313.4781 Y226.1276
G1 X313.5846 Y226.1452
G1 X313.6897 Y226.1697
G1 X313.7931 Y226.2010
G1 X313.8941 Y226.2391
G1 X313.9925 Y226.2836
G1 X314.0877 Y226.3345
G1 X314.1794 Y226.3916
G1 X314.2671 Y226.4544
G1 X314.3506 Y226.5229
G1 X314.4294 Y226.5968
G1 X314.5032 Y226.6756
G1 X314.5717 Y226.7590
G1 X314.6346 Y226.8468
G1 X314.6916 Y226.9385
G1 X314.7425 Y227.0337
G1 X314.7871 Y227.1320
G1 X314.8251 Y227.2331
G1 X314.8565 Y227.3364
G1 X314.8810 Y227.4416
G1 X314.8986 Y227.5481
G1 X314.9092 Y227.6556
G1 X314.9127 Y227.7635
G1 Y272.4135
G1 X314.4294 Y272.8968
G1 X314.9127 Y272.4135
G1 X319.5627
G1 X319.6706 Y272.4170
G1 X319.7781 Y272.4276
G1 X319.8846 Y272.4452
G1 X319.9897 Y272.4697
G1 X320.0931 Y272.5010
G1 X320.1941 Y272.5391
G1 X320.2925 Y272.5836
G1 X320.3877 Y272.6345
G1 X320.4794 Y272.6916
G1 X320.5671 Y272.7544
G1 X320.6506 Y272.8229
G1 X320.7294 Y272.8968
G1 X320.8032 Y272.9756
G1 X320.8717 Y273.0590
G1 X320.9346 Y273.1468
G1 X320.9916 Y273.2385
G1 X321.0425 Y273.3337
G1 X321.0871 Y273.4320
G1 X321.1251 Y273.5331
G1 X321.1565 Y273.6364
G1 X321.1810 Y273.7416
G1 X321.1986 Y273.8481
G1 X321.2092 Y273.9556
G1 X321.2127 Y274.0635
G1 Y291.5885
G0 Z0.0000
G1 Y296.5385
G0 Z3.5000
G1 Z4.0000 F120
G1 Z8.0000
G1 Y334.0635 F480
G1 X321.2092 Y334.1714
G1 X321.1986 Y334.2788
G1 X321.1810 Y334.3854
G1 X321.1565 Y334.4905
G1 X321.1251 Y334.5939
G1 X321.0871 Y334.6949
G1 X321.0425 Y334.7933
G1 X320.9916 Y334.8885
G1 X320.9346 Y334.9802
G1 X320.8717 Y335.0679
G1 X320.8032 Y335.1514
G1 X320.7294 Y335.2302
G1 X320.6506 Y335.3040
G1 X320.5671 Y335.3725
G1 X320.4794 Y335.4354
G1 X320.3877 Y335.4924
G1 X320.2925 Y335.5433
G1 X320.1941 Y335.5879
G1 X320.0931 Y335.6259
G1 X319.9897 Y335.6573
G1 X319.8846 Y335.6818
G1 X319.7781 Y335.6994
G1 X319.6706 Y335.7099
G1 X319.5627 Y335.7135
G1 X314.9127
G1 X314.4294 Y335.2302
G1 X314.9127 Y335.7135
G1 Y380.3635
G1 X314.9092 Y380.4714
G1 X314.8986 Y380.5788
G1 X314.8810 Y380.6854
G1 X314.8565 Y380.7905
G1 X314.8251 Y380.8939
G1 X314.7871 Y380.9949
G1 X314.7425 Y381.0933
G1 X314.6916 Y381.1885
G1 X314.6346 Y381.2802
G1 X314.5717 Y381.3679
G1 X314.5032 Y381.4514
G1 X314.4294 Y381.5302
G1 X314.3506 Y381.6040
G1 X314.2671 Y381.6725
G1 X314.1794 Y381.7354
G1 X314.0877 Y381.7924
G1 X313.9925 Y381.8433
G1 X313.8941 Y381.8879
G1 X313.7931 Y381.9259
G1 X313.6897 Y381.9573
G1 X313.5846 Y381.9818
G1 X313.4781 Y381.9994
G1 X313.3706 Y382.0099
G1 X313.2627 Y382.0135
G1 X307.4044
G0 Z0.0000
G1 X302.4544
G0 Z3.5000
G1 Z4.0000 F120
G1 Z8.0000
G1 X288.2627 F480
G1 X288.1548 Y382.0099
G1 X288.0473 Y381.9994
G1 X287.9408 Y381.9818
G1 X287.8356 Y381.9573
G1 X287.7323 Y381.9259
G1 X287.6313 Y381.8879
G1 X287.5329 Y381.8433
G1 X287.4377 Y381.7924
G1 X287.3460 Y381.7354
G1 X287.2582 Y381.6725
G1 X287.1748 Y381.6040
G1 X287.0960 Y381.5302
G1 X287.0222 Y381.4514
G1 X286.9537 Y381.3679
G1 X286.8908 Y381.2802
G1 X286.8337 Y381.1885
G1 X286.7828 Y381.0933
G1 X286.7383 Y380.9949
G1 X286.7003 Y380.8939
G1 X286.6689 Y380.7905
G1 X286.6444 Y380.6854
G1 X286.6268 Y380.5788
G1 X286.6162 Y380.4714
G1 X286.6127 Y380.3635
G1 Y375.7135
G1 X287.0960 Y375.2302
G1 X286.6127 Y375.7135
G1 X229.9127
G1 X229.4294 Y375.2302
G1 X229.9127 Y375.7135
G1 Y380.3635
G1 X229.9092 Y380.4714
G1 X229.8986 Y380.5788
G1 X229.8810 Y380.6854
G1 X229.8565 Y380.7905
G1 X229.8251 Y380.8939
G1 X229.7871 Y380.9949
G1 X229.7425 Y381.0933
G1 X229.6916 Y381.1885
G1 X229.6346 Y381.2802
G1 X229.5717 Y381.3679
G1 X229.5032 Y381.4514
G1 X229.4294 Y381.5302
G1 X229.3506 Y381.6040
G1 X229.2671 Y381.6725
G1 X229.1794 Y381.7354
G1 X229.0877 Y381.7924
G1 X228.9925 Y381.8433
G1 X228.8941 Y381.8879
G1 X228.7931 Y381.9259
G1 X228.6897 Y381.9573
G1 X228.5846 Y381.9818
G1 X228.4781 Y381.9994
G1 X228.3706 Y382.0099
G1 X228.2627 Y382.0135
G1 X214.0710
G0 Z0.0000
G1 X209.1210
G0 Z3.5000
G1 Z4.0000 F120
G1 Z8.0000
G1 X203.2627 F480
G1 X203.1548 Y382.0099
G1 X203.0473 Y381.9994
G1 X202.9408 Y381.9818
G1 X202.8356 Y381.9573
G1 X202.7323 Y381.9259
G1 X202.6313 Y381.8879
G1 X202.5329 Y381.8433
G1 X202.4377 Y381.7924
G1 X202.3460 Y381.7354
G1 X202.2582 Y381.6725
G1 X202.1748 Y381.6040
G1 X202.0960 Y381.5302
G1 X202.0222 Y381.4514
G1 X201.9537 Y381.3679
G1 X201.8908 Y381.2802
G1 X201.8337 Y381.1885
G1 X201.7828 Y381.0933
G1 X201.7383 Y380.9949
G1 X201.7003 Y380.8939
G1 X201.6689 Y380.7905
G1 X201.6444 Y380.6854
G1 X201.6268 Y380.5788
G1 X201.6162 Y380.4714
G1 X201.6127 Y380.3635
G1 Y335.7135
G1 X202.0960 Y335.2302
G1 X201.6127 Y335.7135
G1 X196.9627
G1 X196.8548 Y335.7099
G1 X196.7473 Y335.6994
G1 X196.6408 Y335.6818
G1 X196.5356 Y335.6573
G1 X196.4323 Y335.6259
G1 X196.3313 Y335.5879
G1 X196.2329 Y335.5433
G1 X196.1377 Y335.4924
G1 X196.0460 Y335.4354
G1 X195.9582 Y335.3725
G1 X195.8748 Y335.3040
G1 X195.7960 Y335.2302
G1 X195.7222 Y335.1514
G1 X195.6537 Y335.0679
G1 X195.5908 Y334.9802
G1 X195.5337 Y334.8885
G1 X195.4828 Y334.7933
G1 X195.4383 Y334.6949
G1 X195.4003 Y334.5939
G1 X195.3689 Y334.4905
G1 X195.3444 Y334.3854
G1 X195.3268 Y334.2788
G1 X195.3162 Y334.1714
G1 X195.3127 Y334.0635
G1 Y296.5385
G0 Z0.0000
G1 Y291.5885
G0 Z-5.0000


(No. 90: Part 2)
G0 X184.6913 Y214.5057 Z-5.0000 F2100
G0 Z-0.5000 F480
G1 Z0.0000 F120
G1 Z4.0000
G1 X164.0163 F480
G1 X163.9083 Y214.5022
G1 X163.8009 Y214.4916
G1 X163.6944 Y214.4740
G1 X163.5892 Y214.4495
G1 X163.4859 Y214.4182
G1 X163.3848 Y214.3801
G1 X163.2865 Y214.3356
G1 X163.1913 Y214.2847
G1 X163.0996 Y214.2277
G1 X163.0118 Y214.1648
G1 X162.9283 Y214.0963
G1 X162.8495 Y214.0225
G1 X162.7757 Y213.9437
G1 X162.7072 Y213.8602
G1 X162.6443 Y213.7724
G1 X162.5873 Y213.6807
G1 X162.5364 Y213.5855
G1 X162.4919 Y213.4872
G1 X162.4538 Y213.3861
G1 X162.4225 Y213.2828
G1 X162.3980 Y213.1776
G1 X162.3804 Y213.0711
G1 X162.3698 Y212.9637
G1 X162.3663 Y212.8557
G1 Y30.2557
G1 X162.3698 Y30.1478
G1 X162.3804 Y30.0404
G1 X162.3980 Y29.9338
G1 X162.4225 Y29.8287
G1 X162.4538 Y29.7254
G1 X162.4919 Y29.6243
G1 X162.5364 Y29.5260
G1 X162.5873 Y29.4307
G1 X162.6443 Y29.3391
G1 X162.7072 Y29.2513
G1 X162.7757 Y29.1678
G1 X162.8495 Y29.0890
G1 X162.9283 Y29.0152
G1 X163.0118 Y28.9467
G1 X163.0996 Y28.8838
G1 X163.1913 Y28.8268
G1 X163.2865 Y28.7759
G1 X163.3848 Y28.7313
G1 X163.4859 Y28.6933
G1 X163.5892 Y28.6620
G1 X163.6944 Y28.6375
G1 X163.8009 Y28.6199
G1 X163.9083 Y28.6093
G1 X164.0163 Y28.6057
G1 X184.6913
G0 Z0.0000
G1 X189.6413
G1 Z4.0000 F120
G1 X210.3163 F480
G1 X210.4242 Y28.6093
G1 X210.5316 Y28.6199
G1 X210.6382 Y28.6375
G1 X210.7433 Y28.6620
G1 X210.8466 Y28.6933
G1 X210.9477 Y28.7313
G1 X211.0460 Y28.7759
G1 X211.1413 Y28.8268
G1 X211.2330 Y28.8838
G1 X211.3207 Y28.9467
G1 X211.4042 Y29.0152
G1 X211.4830 Y29.0890
G1 X211.5568 Y29.1678
G1 X211.6253 Y29.2513
G1 X211.6882 Y29.3391
G1 X211.7452 Y29.4307
G1 X211.7961 Y29.5260
G1 X211.8407 Y29.6243
G1 X211.8787 Y29.7254
G1 X211.9100 Y29.8287
G1 X211.9346 Y29.9338
G1 X211.9521 Y30.0404
G1 X211.9627 Y30.1478
G1 X211.9663 Y30.2557
G1 Y34.9057
G1 X211.4830 Y35.3890
G1 X211.9663 Y34.9057
G1 X268.6663
G1 X269.1495 Y35.3890
G1 X268.6663 Y34.9057
G1 Y30.2557
G1 X268.6698 Y30.1478
G1 X268.6804 Y30.0404
G1 X268.6980 Y29.9338
G1 X268.7225 Y29.8287
G1 X268.7538 Y29.7254
G1 X268.7919 Y29.6243
G1 X268.8364 Y29.5260
G1 X268.8873 Y29.4307
G1 X268.9443 Y29.3391
G1 X269.0072 Y29.2513
G1 X269.0757 Y29.1678
G1 X269.1495 Y29.0890
G1 X269.2283 Y29.0152
G1 X269.3118 Y28.9467
G1 X269.3996 Y28.8838
G1 X269.4913 Y28.8268
G1 X269.5865 Y28.7759
G1 X269.6848 Y28.7313
G1 X269.7859 Y28.6933
G1 X269.8892 Y28.6620
G1 X269.9944 Y28.6375
G1 X270.1009 Y28.6199
G1 X270.2083 Y28.6093
G1 X270.3163 Y28.6057
G1 X290.9913
G0 Z0.0000
G1 X295.9413
G1 Z4.0000 F120
G1 X316.6163 F480
G1 X316.7242 Y28.6093
G1 X316.8316 Y28.6199
G1 X316.9382 Y28.6375
G1 X317.0433 Y28.6620
G1 X317.1466 Y28.6933
G1 X317.2477 Y28.7313
G1 X317.3460 Y28.7759
G1 X317.4413 Y28.8268
G1 X317.5330 Y28.8838
G1 X317.6207 Y28.9467
G1 X317.7042 Y29.0152
G1 X317.7830 Y29.0890
G1 X317.8568 Y29.1678
G1 X317.9253 Y29.2513
G1 X317.9882 Y29.3391
G1 X318.0452 Y29.4307
G1 X318.0961 Y29.5260
G1 X318.1407 Y29.6243
G1 X318.1787 Y29.7254
G1 X318.2100 Y29.8287
G1 X318.2346 Y29.9338
G1 X318.2521 Y30.0404
G1 X318.2627 Y30.1478
G1 X318.2663 Y30.2557
G1 Y91.5557
G1 X318.2627 Y91.6637
G1 X318.2521 Y91.7711
G1 X318.2346 Y91.8776
G1 X318.2100 Y91.9828
G1 X318.1787 Y92.0861
G1 X318.1407 Y92.1872
G1 X318.0961 Y92.2855
G1 X318.0452 Y92.3807
G1 X317.9882 Y92.4724
G1 X317.9253 Y92.5602
G1 X317.8568 Y92.6437
G1 X317.7830 Y92.7225
G1 X317.7042 Y92.7963
G1 X317.6207 Y92.8648
G1 X317.5330 Y92.9277
G1 X317.4413 Y92.9847
G1 X317.3460 Y93.0356
G1 X317.2477 Y93.0801
G1 X317.1466 Y93.1182
G1 X317.0433 Y93.1495
G1 X316.9382 Y93.1740
G1 X316.8316 Y93.1916
G1 X316.7242 Y93.2022
G1 X316.6163 Y93.2057
G1 X311.9663
G1 X311.4830 Y92.7225
G1 X311.9663 Y93.2057
G1 Y149.9057
G1 X311.4830 Y150.3890
G1 X311.9663 Y149.9057
G1 X316.6163
G1 X316.7242 Y149.9093
G1 X316.8316 Y149.9199
G1 X316.9382 Y149.9375
G1 X317.0433 Y149.9620
G1 X317.1466 Y149.9933
G1 X317.2477 Y150.0313
G1 X317.3460 Y150.0759
G1 X317.4413 Y150.1268
G1 X317.5330 Y150.1838
G1 X317.6207 Y150.2467
G1 X317.7042 Y150.3152
G1 X317.7830 Y150.3890
G1 X317.8568 Y150.4678
G1 X317.9253 Y150.5513
G1 X317.9882 Y150.6391
G1 X318.0452 Y150.7307
G1 X318.0961 Y150.8260
G1 X318.1407 Y150.9243
G1 X318.1787 Y151.0254
G1 X318.2100 Y151.1287
G1 X318.2346 Y151.2338
G1 X318.2521 Y151.3404
G1 X318.2627 Y151.4478
G1 X318.2663 Y151.5557
G1 Y212.8557
G1 X318.2627 Y212.9637
G1 X318.2521 Y213.0711
G1 X318.2346 Y213.1776
G1 X318.2100 Y213.2828
G1 X318.1787 Y213.3861
G1 X318.1407 Y213.4872
G1 X318.0961 Y213.5855
G1 X318.0452 Y213.6807
G1 X317.9882 Y213.7724
G1 X317.9253 Y213.8602
G1 X317.8568 Y213.9437
G1 X317.7830 Y214.0225
G1 X317.7042 Y214.0963
G1 X317.6207 Y214.1648
G1 X317.5330 Y214.2277
G1 X317.4413 Y214.2847
G1 X317.3460 Y214.3356
G1 X317.2477 Y214.3801
G1 X317.1466 Y214.4182
G1 X317.0433 Y214.4495
G1 X316.9382 Y214.4740
G1 X316.8316 Y214.4916
G1 X316.7242 Y214.5022
G1 X316.6163 Y214.5057
G1 X295.9413
G0 Z0.0000
G1 X290.9913
G1 Z4.0000 F120
G1 X270.3163 F480
G1 X270.2083 Y214.5022
G1 X270.1009 Y214.4916
G1 X269.9944 Y214.4740
G1 X269.8892 Y214.4495
G1 X269.7859 Y214.4182
G1 X269.6848 Y214.3801
G1 X269.5865 Y214.3356
G1 X269.4913 Y214.2847
G1 X269.3996 Y214.2277
G1 X269.3118 Y214.1648
G1 X269.2283 Y214.0963
G1 X269.1495 Y214.0225
G1 X269.0757 Y213.9437
G1 X269.0072 Y213.8602
G1 X268.9443 Y213.7724
G1 X268.8873 Y213.6807
G1 X268.8364 Y213.5855
G1 X268.7919 Y213.4872
G1 X268.7538 Y213.3861
G1 X268.7225 Y213.2828
G1 X268.6980 Y213.1776
G1 X268.6804 Y213.0711
G1 X268.6698 Y212.9637
G1 X268.6663 Y212.8557
G1 Y208.2057
G1 X269.1495 Y207.7225
G1 X268.6663 Y208.2057
G1 X211.9663
G1 X211.4830 Y207.7225
G1 X211.9663 Y208.2057
G1 Y212.8557
G1 X211.9627 Y212.9637
G1 X211.9521 Y213.0711
G1 X211.9346 Y213.1776
G1 X211.9100 Y213.2828
G1 X211.8787 Y213.3861
G1 X211.8407 Y213.4872
G1 X211.7961 Y213.5855
G1 X211.7452 Y213.6807
G1 X211.6882 Y213.7724
G1 X211.6253 Y213.8602
G1 X211.5568 Y213.9437
G1 X211.4830 Y214.0225
G1 X211.4042 Y214.0963
G1 X211.3207 Y214.1648
G1 X211.2330 Y214.2277
G1 X211.1413 Y214.2847
G1 X211.0460 Y214.3356
G1 X210.9477 Y214.3801
G1 X210.8466 Y214.4182
G1 X210.7433 Y214.4495
G1 X210.6382 Y214.4740
G1 X210.5316 Y214.4916
G1 X210.4242 Y214.5022
G1 X210.3163 Y214.5057
G1 X189.6413
G0 Z0.0000
G1 X184.6913
G0 Z3.5000
G1 Z4.0000 F120
G1 Z8.0000
G1 X164.0163 F480
G1 X163.9083 Y214.5022
G1 X163.8009 Y214.4916
G1 X163.6944 Y214.4740
G1 X163.5892 Y214.4495
G1 X163.4859 Y214.4182
G1 X163.3848 Y214.3801
G1 X163.2865 Y214.3356
G1 X163.1913 Y214.2847
G1 X163.0996 Y214.2277
G1 X163.0118 Y214.1648
G1 X162.9283 Y214.0963
G1 X162.8495 Y214.0225
G1 X162.7757 Y213.9437
G1 X162.7072 Y213.8602
G1 X162.6443 Y213.7724
G1 X162.5873 Y213.6807
G1 X162.5364 Y213.5855
G1 X162.4919 Y213.4872
G1 X162.4538 Y213.3861
G1 X162.4225 Y213.2828
G1 X162.3980 Y213.1776
G1 X162.3804 Y213.0711
G1 X162.3698 Y212.9637
G1 X162.3663 Y212.8557
G1 Y30.2557
G1 X162.3698 Y30.1478
G1 X162.3804 Y30.0404
G1 X162.3980 Y29.9338
G1 X162.4225 Y29.8287
G1 X162.4538 Y29.7254
G1 X162.4919 Y29.6243
G1 X162.5364 Y29.5260
G1 X162.5873 Y29.4307
G1 X162.6443 Y29.3391
G1 X162.7072 Y29.2513
G1 X162.7757 Y29.1678
G1 X162.8495 Y29.0890
G1 X162.9283 Y29.0152
G1 X163.0118 Y28.9467
G1 X163.0996 Y28.8838
G1 X163.1913 Y28.8268
G1 X163.2865 Y28.7759
G1 X163.3848 Y28.7313
G1 X163.4859 Y28.6933
G1 X163.5892 Y28.6620
G1 X163.6944 Y28.6375
G1 X163.8009 Y28.6199
G1 X163.9083 Y28.6093
G1 X164.0163 Y28.6057
G1 X184.6913
G0 Z0.0000
G1 X189.6413
G0 Z3.5000
G1 Z4.0000 F120
G1 Z8.0000
G1 X210.3163 F480
G1 X210.4242 Y28.6093
G1 X210.5316 Y28.6199
G1 X210.6382 Y28.6375
G1 X210.7433 Y28.6620
G1 X210.8466 Y28.6933
G1 X210.9477 Y28.7313
G1 X211.0460 Y28.7759
G1 X211.1413 Y28.8268
G1 X211.2330 Y28.8838
G1 X211.3207 Y28.9467
G1 X211.4042 Y29.0152
G1 X211.4830 Y29.0890
G1 X211.5568 Y29.1678
G1 X211.6253 Y29.2513
G1 X211.6882 Y29.3391
G1 X211.7452 Y29.4307
G1 X211.7961 Y29.5260
G1 X211.8407 Y29.6243
G1 X211.8787 Y29.7254
G1 X211.9100 Y29.8287
G1 X211.9346 Y29.9338
G1 X211.9521 Y30.0404
G1 X211.9627 Y30.1478
G1 X211.9663 Y30.2557
G1 Y34.9057
G1 X211.4830 Y35.3890
G1 X211.9663 Y34.9057
G1 X268.6663
G1 X269.1495 Y35.3890
G1 X268.6663 Y34.9057
G1 Y30.2557
G1 X268.6698 Y30.1478
G1 X268.6804 Y30.0404
G1 X268.6980 Y29.9338
G1 X268.7225 Y29.8287
G1 X268.7538 Y29.7254
G1 X268.7919 Y29.6243
G1 X268.8364 Y29.5260
G1 X268.8873 Y29.4307
G1 X268.9443 Y29.3391
G1 X269.0072 Y29.2513
G1 X269.0757 Y29.1678
G1 X269.1495 Y29.0890
G1 X269.2283 Y29.0152
G1 X269.3118 Y28.9467
G1 X269.3996 Y28.8838
G1 X269.4913 Y28.8268
G1 X269.5865 Y28.7759
G1 X269.6848 Y28.7313
G1 X269.7859 Y28.6933
G1 X269.8892 Y28.6620
G1 X269.9944 Y28.6375
G1 X270.1009 Y28.6199
G1 X270.2083 Y28.6093
G1 X270.3163 Y28.6057
G1 X290.9913
G0 Z0.0000
G1 X295.9413
G0 Z3.5000
G1 Z4.0000 F120
G1 Z8.0000
G1 X316.6163 F480
G1 X316.7242 Y28.6093
G1 X316.8316 Y28.6199
G1 X316.9382 Y28.6375
G1 X317.0433 Y28.6620
G1 X317.1466 Y28.6933
G1 X317.2477 Y28.7313
G1 X317.3460 Y28.7759
G1 X317.4413 Y28.8268
G1 X317.5330 Y28.8838
G1 X317.6207 Y28.9467
G1 X317.7042 Y29.0152
G1 X317.7830 Y29.0890
G1 X317.8568 Y29.1678
G1 X317.9253 Y29.2513
G1 X317.9882 Y29.3391
G1 X318.0452 Y29.4307
G1 X318.0961 Y29.5260
G1 X318.1407 Y29.6243
G1 X318.1787 Y29.7254
G1 X318.2100 Y29.8287
G1 X318.2346 Y29.9338
G1 X318.2521 Y30.0404
G1 X318.2627 Y30.1478
G1 X318.2663 Y30.2557
G1 Y91.5557
G1 X318.2627 Y91.6637
G1 X318.2521 Y91.7711
G1 X318.2346 Y91.8776
G1 X318.2100 Y91.9828
G1 X318.1787 Y92.0861
G1 X318.1407 Y92.1872
G1 X318.0961 Y92.2855
G1 X318.0452 Y92.3807
G1 X317.9882 Y92.4724
G1 X317.9253 Y92.5602
G1 X317.8568 Y92.6437
G1 X317.7830 Y92.7225
G1 X317.7042 Y92.7963
G1 X317.6207 Y92.8648
G1 X317.5330 Y92.9277
G1 X317.4413 Y92.9847
G1 X317.3460 Y93.0356
G1 X317.2477 Y93.0801
G1 X317.1466 Y93.1182
G1 X317.0433 Y93.1495
G1 X316.9382 Y93.1740
G1 X316.8316 Y93.1916
G1 X316.7242 Y93.2022
G1 X316.6163 Y93.2057
G1 X311.9663
G1 X311.4830 Y92.7225
G1 X311.9663 Y93.2057
G1 Y149.9057
G1 X311.4830 Y150.3890
G1 X311.9663 Y149.9057
G1 X316.6163
G1 X316.7242 Y149.9093
G1 X316.8316 Y149.9199
G1 X316.9382 Y149.9375
G1 X317.0433 Y149.9620
G1 X317.1466 Y149.9933
G1 X317.2477 Y150.0313
G1 X317.3460 Y150.0759
G1 X317.4413 Y150.1268
G1 X317.5330 Y150.1838
G1 X317.6207 Y150.2467
G1 X317.7042 Y150.3152
G1 X317.7830 Y150.3890
G1 X317.8568 Y150.4678
G1 X317.9253 Y150.5513
G1 X317.9882 Y150.6391
G1 X318.0452 Y150.7307
G1 X318.0961 Y150.8260
G1 X318.1407 Y150.9243
G1 X318.1787 Y151.0254
G1 X318.2100 Y151.1287
G1 X318.2346 Y151.2338
G1 X318.2521 Y151.3404
G1 X318.2627 Y151.4478
G1 X318.2663 Y151.5557
G1 Y212.8557
G1 X318.2627 Y212.9637
G1 X318.2521 Y213.0711
G1 X318.2346 Y213.1776
G1 X318.2100 Y213.2828
G1 X318.1787 Y213.3861
G1 X318.1407 Y213.4872
G1 X318.0961 Y213.5855
G1 X318.0452 Y213.6807
G1 X317.9882 Y213.7724
G1 X317.9253 Y213.8602
G1 X317.8568 Y213.9437
G1 X317.7830 Y214.0225
G1 X317.7042 Y214.0963
G1 X317.6207 Y214.1648
G1 X317.5330 Y214.2277
G1 X317.4413 Y214.2847
G1 X317.3460 Y214.3356
G1 X317.2477 Y214.3801
G1 X317.1466 Y214.4182
G1 X317.0433 Y214.4495
G1 X316.9382 Y214.4740
G1 X316.8316 Y214.4916
G1 X316.7242 Y214.5022
G1 X316.6163 Y214.5057
G1 X295.9413
G0 Z0.0000
G1 X290.9913
G0 Z3.5000
G1 Z4.0000 F120
G1 Z8.0000
G1 X270.3163 F480
G1 X270.2083 Y214.5022
G1 X270.1009 Y214.4916
G1 X269.9944 Y214.4740
G1 X269.8892 Y214.4495
G1 X269.7859 Y214.4182
G1 X269.6848 Y214.3801
G1 X269.5865 Y214.3356
G1 X269.4913 Y214.2847
G1 X269.3996 Y214.2277
G1 X269.3118 Y214.1648
G1 X269.2283 Y214.0963
G1 X269.1495 Y214.0225
G1 X269.0757 Y213.9437
G1 X269.0072 Y213.8602
G1 X268.9443 Y213.7724
G1 X268.8873 Y213.6807
G1 X268.8364 Y213.5855
G1 X268.7919 Y213.4872
G1 X268.7538 Y213.3861
G1 X268.7225 Y213.2828
G1 X268.6980 Y213.1776
G1 X268.6804 Y213.0711
G1 X268.6698 Y212.9637
G1 X268.6663 Y212.8557
G1 Y208.2057
G1 X269.1495 Y207.7225
G1 X268.6663 Y208.2057
G1 X211.9663
G1 X211.4830 Y207.7225
G1 X211.9663 Y208.2057
G1 Y212.8557
G1 X211.9627 Y212.9637
G1 X211.9521 Y213.0711
G1 X211.9346 Y213.1776
G1 X211.9100 Y213.2828
G1 X211.8787 Y213.3861
G1 X211.8407 Y213.4872
G1 X211.7961 Y213.5855
G1 X211.7452 Y213.6807
G1 X211.6882 Y213.7724
G1 X211.6253 Y213.8602
G1 X211.5568 Y213.9437
G1 X211.4830 Y214.0225
G1 X211.4042 Y214.0963
G1 X211.3207 Y214.1648
G1 X211.2330 Y214.2277
G1 X211.1413 Y214.2847
G1 X211.0460 Y214.3356
G1 X210.9477 Y214.3801
G1 X210.8466 Y214.4182
G1 X210.7433 Y214.4495
G1 X210.6382 Y214.4740
G1 X210.5316 Y214.4916
G1 X210.4242 Y214.5022
G1 X210.3163 Y214.5057
G1 X189.6413
G0 Z0.0000
G1 X184.6913
G0 Z-5.0000


(No. 91: Part 3)
G0 X61.7298 Y291.5885 Z-5.0000 F2100
G0 Z-0.5000 F480
G1 Z0.0000 F120
G1 Z4.0000
G1 Y274.0635 F480
G1 X61.7334 Y273.9556
G1 X61.7439 Y273.8481
G1 X61.7615 Y273.7416
G1 X61.7860 Y273.6364
G1 X61.8174 Y273.5331
G1 X61.8554 Y273.4320
G1 X61.9000 Y273.3337
G1 X61.9509 Y273.2385
G1 X62.0079 Y273.1468
G1 X62.0708 Y273.0590
G1 X62.1393 Y272.9756
G1 X62.2131 Y272.8968
G1 X62.2919 Y272.8229
G1 X62.3754 Y272.7544
G1 X62.4631 Y272.6916
G1 X62.5548 Y272.6345
G1 X62.6500 Y272.5836
G1 X62.7484 Y272.5391
G1 X62.8494 Y272.5010
G1 X62.9528 Y272.4697
G1 X63.0579 Y272.4452
G1 X63.1645 Y272.4276
G1 X63.2719 Y272.4170
G1 X63.3798 Y272.4135
G1 X68.0298
G1 X68.5131 Y272.8968
G1 X68.0298 Y272.4135
G1 Y227.7635
G1 X68.0334 Y227.6556
G1 X68.0439 Y227.5481
G1 X68.0615 Y227.4416
G1 X68.0860 Y227.3364
G1 X68.1174 Y227.2331
G1 X68.1554 Y227.1320
G1 X68.2000 Y227.0337
G1 X68.2509 Y226.9385
G1 X68.3079 Y226.8468
G1 X68.3708 Y226.7590
G1 X68.4393 Y226.6756
G1 X68.5131 Y226.5968
G1 X68.5919 Y226.5229
G1 X68.6754 Y226.4544
G1 X68.7631 Y226.3916
G1 X68.8548 Y226.3345
G1 X68.9500 Y226.2836
G1 X69.0484 Y226.2391
G1 X69.1494 Y226.2010
G1 X69.2528 Y226.1697
G1 X69.3579 Y226.1452
G1 X69.4645 Y226.1276
G1 X69.5719 Y226.1170
G1 X69.6798 Y226.1135
G1 X179.6798
G1 X179.7877 Y226.1170
G1 X179.8952 Y226.1276
G1 X180.0017 Y226.1452
G1 X180.1069 Y226.1697
G1 X180.2102 Y226.2010
G1 X180.3113 Y226.2391
G1 X180.4096 Y226.2836
G1 X180.5048 Y226.3345
G1 X180.5965 Y226.3916
G1 X180.6843 Y226.4544
G1 X180.7677 Y226.5229
G1 X180.8466 Y226.5968
G1 X180.9204 Y226.6756
G1 X180.9889 Y226.7590
G1 X181.0517 Y226.8468
G1 X181.1088 Y226.9385
G1 X181.1597 Y227.0337
G1 X181.2042 Y227.1320
G1 X181.2423 Y227.2331
G1 X181.2736 Y227.3364
G1 X181.2981 Y227.4416
G1 X181.3157 Y227.5481
G1 X181.3263 Y227.6556
G1 X181.3298 Y227.7635
G1 Y272.4135
G1 X180.8466 Y272.8968
G1 X181.3298 Y272.4135
G1 X185.9798
G1 X186.0877 Y272.4170
G1 X186.1952 Y272.4276
G1 X186.3017 Y272.4452
G1 X186.4069 Y272.4697
G1 X186.5102 Y272.5010
G1 X186.6113 Y272.5391
G1 X186.7096 Y272.5836
G1 X186.8048 Y272.6345
G1 X186.8965 Y272.6916
G1 X186.9843 Y272.7544
G1 X187.0677 Y272.8229
G1 X187.1466 Y272.8968
G1 X187.2204 Y272.9756
G1 X187.2889 Y273.0590
G1 X187.3517 Y273.1468
G1 X187.4088 Y273.2385
G1 X187.4597 Y273.3337
G1 X187.5042 Y273.4320
G1 X187.5423 Y273.5331
G1 X187.5736 Y273.6364
G1 X187.5981 Y273.7416
G1 X187.6157 Y273.8481
G1 X187.6263 Y273.9556
G1 X187.6298 Y274.0635
G1 Y291.5885
G0 Z0.0000
G1 Y296.5385
G1 Z4.0000 F120
G1 Y334.0635 F480
G1 X187.6263 Y334.1714
G1 X187.6157 Y334.2788
G1 X187.5981 Y334.3854
G1 X187.5736 Y334.4905
G1 X187.5423 Y334.5939
G1 X187.5042 Y334.6949
G1 X187.4597 Y334.7933
G1 X187.4088 Y334.8885
G1 X187.3517 Y334.9802
G1 X187.2889 Y335.0679
G1 X187.2204 Y335.1514
G1 X187.1466 Y335.2302
G1 X187.0677 Y335.3040
G1 X186.9843 Y335.3725
G1 X186.8965 Y335.4354
G1 X186.8048 Y335.4924
G1 X186.7096 Y335.5433
G1 X186.6113 Y335.5879
G1 X186.5102 Y335.6259
G1 X186.4069 Y335.6573
G1 X186.3017 Y335.6818
G1 X186.1952 Y335.6994
G1 X186.0877 Y335.7099
G1 X185.9798 Y335.7135
G1 X181.3298
G1 X180.8466 Y335.2302
G1 X181.3298 Y335.7135
G1 Y380.3635
G1 X181.3263 Y380.4714
G1 X181.3157 Y380.5788
G1 X181.2981 Y380.6854
G1 X181.2736 Y380.7905
G1 X181.2423 Y380.8939
G1 X181.2042 Y380.9949
G1 X181.1597 Y381.0933
G1 X181.1088 Y381.1885
G1 X181.0517 Y381.2802
G1 X180.9889 Y381.3679
G1 X180.9204 Y381.4514
G1 X180.8466 Y381.5302
G1 X180.7677 Y381.6040
G1 X180.6843 Y381.6725
G1 X180.5965 Y381.7354
G1 X180.5048 Y381.7924
G1 X180.4096 Y381.8433
G1 X180.3113 Y381.8879
G1 X180.2102 Y381.9259
G1 X180.1069 Y381.9573
G1 X180.0017 Y381.9818
G1 X179.8952 Y381.9994
G1 X179.7877 Y382.0099
G1 X179.6798 Y382.0135
G1 X173.8215
G0 Z0.0000
G1 X168.8715
G1 Z4.0000 F120
G1 X154.6798 F480
G1 X154.5719 Y382.0099
G1 X154.4645 Y381.9994
G1 X154.3579 Y381.9818
G1 X154.2528 Y381.9573
G1 X154.1494 Y381.9259
G1 X154.0484 Y381.8879
G1 X153.9500 Y381.8433
G1 X153.8548 Y381.7924
G1 X153.7631 Y381.7354
G1 X153.6754 Y381.6725
G1 X153.5919 Y381.6040
G1 X153.5131 Y381.5302
G1 X153.4393 Y381.4514
G1 X153.3708 Y381.3679
G1 X153.3079 Y381.2802
G1 X153.2509 Y381.1885
G1 X153.2000 Y381.0933
G1 X153.1554 Y380.9949
G1 X153.1174 Y380.8939
G1 X153.0860 Y380.7905
G1 X153.0615 Y380.6854
G1 X153.0439 Y380.5788
G1 X153.0334 Y380.4714
G1 X153.0298 Y380.3635
G1 Y375.7135
G1 X153.5131 Y375.2302
G1 X153.0298 Y375.7135
G1 X96.3298
G1 X95.8466 Y375.2302
G1 X96.3298 Y375.7135
G1 Y380.3635
G1 X96.3263 Y380.4714
G1 X96.3157 Y380.5788
G1 X96.2981 Y380.6854
G1 X96.2736 Y380.7905
G1 X96.2423 Y380.8939
G1 X96.2042 Y380.9949
G1 X96.1597 Y381.0933
G1 X96.1088 Y381.1885
G1 X96.0517 Y381.2802
G1 X95.9889 Y381.3679
G1 X95.9204 Y381.4514
G1 X95.8466 Y381.5302
G1 X95.7677 Y381.6040
G1 X95.6843 Y381.6725
G1 X95.5965 Y381.7354
G1 X95.5048 Y381.7924
G1 X95.4096 Y381.8433
G1 X95.3113 Y381.8879
G1 X95.2102 Y381.9259
G1 X95.1069 Y381.9573
G1 X95.0017 Y381.9818
G1 X94.8952 Y381.9994
G1 X94.7877 Y382.0099
G1 X94.6798 Y382.0135
G1 X80.4882
G0 Z0.0000
G1 X75.5382
G1 Z4.0000 F120
G1 X69.6798 F480
G1 X69.5719 Y382.0099
G1 X69.4645 Y381.9994
G1 X69.3579 Y381.9818
G1 X69.2528 Y381.9573
G1 X69.1494 Y381.9259
G1 X69.0484 Y381.8879
G1 X68.9500 Y381.8433
G1 X68.8548 Y381.7924
G1 X68.7631 Y381.7354
G1 X68.6754 Y381.6725
G1 X68.5919 Y381.6040
G1 X68.5131 Y381.5302
G1 X68.4393 Y381.4514
G1 X68.3708 Y381.3679
G1 X68.3079 Y381.2802
G1 X68.2509 Y381.1885
G1 X68.2000 Y381.0933
G1 X68.1554 Y380.9949
G1 X68.1174 Y380.8939
G1 X68.0860 Y380.7905
G1 X68.0615 Y380.6854
G1 X68.0439 Y380.5788
G1 X68.0334 Y380.4714
G1 X68.0298 Y380.3635
G1 Y335.7135
G1 X68.5131 Y335.2302
G1 X68.0298 Y335.7135
G1 X63.3798
G1 X63.2719 Y335.7099
G1 X63.1645 Y335.6994
G1 X63.0579 Y335.6818
G1 X62.9528 Y335.6573
G1 X62.8494 Y335.6259
G1 X62.7484 Y335.5879
G1 X62.6500 Y335.5433
G1 X62.5548 Y335.4924
G1 X62.4631 Y335.4354
G1 X62.3754 Y335.3725
G1 X62.2919 Y335.3040
G1 X62.2131 Y335.2302
G1 X62.1393 Y335.1514
G1 X62.0708 Y335.0679
G1 X62.0079 Y334.9802
G1 X61.9509 Y334.8885
G1 X61.9000 Y334.7933
G1 X61.8554 Y334.6949
G1 X61.8174 Y334.5939
G1 X61.7860 Y334.4905
G1 X61.7615 Y334.3854
G1 X61.7439 Y334.2788
G1 X61.7334 Y334.1714
G1 X61.7298 Y334.0635
G1 Y296.5385
G0 Z0.0000
G1 Y291.5885
G0 Z3.5000
G1 Z4.0000 F120
G1 Z8.0000
G1 Y274.0635 F480
G1 X61.7334 Y273.9556
G1 X61.7439 Y273.8481
G1 X61.7615 Y273.7416
G1 X61.7860 Y273.6364
G1 X61.8174 Y273.5331
G1 X61.8554 Y273.4320
G1 X61.9000 Y273.3337
G1 X61.9509 Y273.2385
G1 X62.0079 Y273.1468
G1 X62.0708 Y273.0590
G1 X62.1393 Y272.9756
G1 X62.2131 Y272.8968
G1 X62.2919 Y272.8229
G1 X62.3754 Y272.7544
G1 X62.4631 Y272.6916
G1 X62.5548 Y272.6345
G1 X62.6500 Y272.5836
G1 X62.7484 Y272.5391
G1 X62.8494 Y272.5010
G1 X62.9528 Y272.4697
G1 X63.0579 Y272.4452
G1 X63.1645 Y272.4276
G1 X63.2719 Y272.4170
G1 X63.3798 Y272.4135
G1 X68.0298
G1 X68.5131 Y272.8968
G1 X68.0298 Y272.4135
G1 Y227.7635
G1 X68.0334 Y227.6556
G1 X68.0439 Y227.5481
G1 X68.0615 Y227.4416
G1 X68.0860 Y227.3364
G1 X68.1174 Y227.2331
G1 X68.1554 Y227.1320
G1 X68.2000 Y227.0337
G1 X68.2509 Y226.9385
G1 X68.3079 Y226.8468
G1 X68.3708 Y226.7590
G1 X68.4393 Y226.6756
G1 X68.5131 Y226.5968
G1 X68.5919 Y226.5229
G1 X68.6754 Y226.4544
G1 X68.7631 Y226.3916
G1 X68.8548 Y226.3345
G1 X68.9500 Y226.2836
G1 X69.0484 Y226.2391
G1 X69.1494 Y226.2010
G1 X69.2528 Y226.1697
G1 X69.3579 Y226.1452
G1 X69.4645 Y226.1276
G1 X69.5719 Y226.1170
G1 X69.6798 Y226.1135
G1 X179.6798
G1 X179.7877 Y226.1170
G1 X179.8952 Y226.1276
G1 X180.0017 Y226.1452
G1 X180.1069 Y226.1697
G1 X180.2102 Y226.2010
G1 X180.3113 Y226.2391
G1 X180.4096 Y226.2836
G1 X180.5048 Y226.3345
G1 X180.5965 Y226.3916
G1 X180.6843 Y226.4544
G1 X180.7677 Y226.5229
G1 X180.8466 Y226.5968
G1 X180.9204 Y226.6756
G1 X180.9889 Y226.7590
G1 X181.0517 Y226.8468
G1 X181.1088 Y226.9385
G1 X181.1597 Y227.0337
G1 X181.2042 Y227.1320
G1 X181.2423 Y227.2331
G1 X181.2736 Y227.3364
G1 X181.2981 Y227.4416
G1 X181.3157 Y227.5481
G1 X181.3263 Y227.6556
G1 X181.3298 Y227.7635
G1 Y272.4135
G1 X180.8466 Y272.8968
G1 X181.3298 Y272.4135
G1 X185.9798
G1 X186.0877 Y272.4170
G1 X186.1952 Y272.4276
G1 X186.3017 Y272.4452
G1 X186.4069 Y272.4697
G1 X186.5102 Y272.5010
G1 X186.6113 Y272.5391
G1 X186.7096 Y272.5836
G1 X186.8048 Y272.6345
G1 X186.8965 Y272.6916
G1 X186.9843 Y272.7544
G1 X187.0677 Y272.8229
G1 X187.1466 Y272.8968
G1 X187.2204 Y272.9756
G1 X187.2889 Y273.0590
G1 X187.3517 Y273.1468
G1 X187.4088 Y273.2385
G1 X187.4597 Y273.3337
G1 X187.5042 Y273.4320
G1 X187.5423 Y273.5331
G1 X187.5736 Y273.6364
G1 X187.5981 Y273.7416
G1 X187.6157 Y273.8481
G1 X187.6263 Y273.9556
G1 X187.6298 Y274.0635
G1 Y291.5885
G0 Z0.0000
G1 Y296.5385
G0 Z3.5000
G1 Z4.0000 F120
G1 Z8.0000
G1 Y334.0635 F480
G1 X187.6263 Y334.1714
G1 X187.6157 Y334.2788
G1 X187.5981 Y334.3854
G1 X187.5736 Y334.4905
G1 X187.5423 Y334.5939
G1 X187.5042 Y334.6949
G1 X187.4597 Y334.7933
G1 X187.4088 Y334.8885
G1 X187.3517 Y334.9802
G1 X187.2889 Y335.0679
G1 X187.2204 Y335.1514
G1 X187.1466 Y335.2302
G1 X187.0677 Y335.3040
G1 X186.9843 Y335.3725
G1 X186.8965 Y335.4354
G1 X186.8048 Y335.4924
G1 X186.7096 Y335.5433
G1 X186.6113 Y335.5879
G1 X186.5102 Y335.6259
G1 X186.4069 Y335.6573
G1 X186.3017 Y335.6818
G1 X186.1952 Y335.6994
G1 X186.0877 Y335.7099
G1 X185.9798 Y335.7135
G1 X181.3298
G1 X180.8466 Y335.2302
G1 X181.3298 Y335.7135
G1 Y380.3635
G1 X181.3263 Y380.4714
G1 X181.3157 Y380.5788
G1 X181.2981 Y380.6854
G1 X181.2736 Y380.7905
G1 X181.2423 Y380.8939
G1 X181.2042 Y380.9949
G1 X181.1597 Y381.0933
G1 X181.1088 Y381.1885
G1 X181.0517 Y381.2802
G1 X180.9889 Y381.3679
G1 X180.9204 Y381.4514
G1 X180.8466 Y381.5302
G1 X180.7677 Y381.6040
G1 X180.6843 Y381.6725
G1 X180.5965 Y381.7354
G1 X180.5048 Y381.7924
G1 X180.4096 Y381.8433
G1 X180.3113 Y381.8879
G1 X180.2102 Y381.9259
G1 X180.1069 Y381.9573
G1 X180.0017 Y381.9818
G1 X179.8952 Y381.9994
G1 X179.7877 Y382.0099
G1 X179.6798 Y382.0135
G1 X173.8215
G0 Z0.0000
G1 X168.8715
G0 Z3.5000
G1 Z4.0000 F120
G1 Z8.0000
G1 X154.6798 F480
G1 X154.5719 Y382.0099
G1 X154.4645 Y381.9994
G1 X154.3579 Y381.9818
G1 X154.2528 Y381.9573
G1 X154.1494 Y381.9259
G1 X154.0484 Y381.8879
G1 X153.9500 Y381.8433
G1 X153.8548 Y381.7924
G1 X153.7631 Y381.7354
G1 X153.6754 Y381.6725
G1 X153.5919 Y381.6040
G1 X153.5131 Y381.5302
G1 X153.4393 Y381.4514
G1 X153.3708 Y381.3679
G1 X153.3079 Y381.2802
G1 X153.2509 Y381.1885
G1 X153.2000 Y381.0933
G1 X153.1554 Y380.9949
G1 X153.1174 Y380.8939
G1 X153.0860 Y380.7905
G1 X153.0615 Y380.6854
G1 X153.0439 Y380.5788
G1 X153.0334 Y380.4714
G1 X153.0298 Y380.3635
G1 Y375.7135
G1 X153.5131 Y375.2302
G1 X153.0298 Y375.7135
G1 X96.3298
G1 X95.8466 Y375.2302
G1 X96.3298 Y375.7135
G1 Y380.3635
G1 X96.3263 Y380.4714
G1 X96.3157 Y380.5788
G1 X96.2981 Y380.6854
G1 X96.2736 Y380.7905
G1 X96.2423 Y380.8939
G1 X96.2042 Y380.9949
G1 X96.1597 Y381.0933
G1 X96.1088 Y381.1885
G1 X96.0517 Y381.2802
G1 X95.9889 Y381.3679
G1 X95.9204 Y381.4514
G1 X95.8466 Y381.5302
G1 X95.7677 Y381.6040
G1 X95.6843 Y381.6725
G1 X95.5965 Y381.7354
G1 X95.5048 Y381.7924
G1 X95.4096 Y381.8433
G1 X95.3113 Y381.8879
G1 X95.2102 Y381.9259
G1 X95.1069 Y381.9573
G1 X95.0017 Y381.9818
G1 X94.8952 Y381.9994
G1 X94.7877 Y382.0099
G1 X94.6798 Y382.0135
G1 X80.4882
G0 Z0.0000
G1 X75.5382
G0 Z3.5000
G1 Z4.0000 F120
G1 Z8.0000
G1 X69.6798 F480
G1 X69.5719 Y382.0099
G1 X69.4645 Y381.9994
G1 X69.3579 Y381.9818
G1 X69.2528 Y381.9573
G1 X69.1494 Y381.9259
G1 X69.0484 Y381.8879
G1 X68.9500 Y381.8433
G1 X68.8548 Y381.7924
G1 X68.7631 Y381.7354
G1 X68.6754 Y381.6725
G1 X68.5919 Y381.6040
G1 X68.5131 Y381.5302
G1 X68.4393 Y381.4514
G1 X68.3708 Y381.3679
G1 X68.3079 Y381.2802
G1 X68.2509 Y381.1885
G1 X68.2000 Y381.0933
G1 X68.1554 Y380.9949
G1 X68.1174 Y380.8939
G1 X68.0860 Y380.7905
G1 X68.0615 Y380.6854
G1 X68.0439 Y380.5788
G1 X68.0334 Y380.4714
G1 X68.0298 Y380.3635
G1 Y335.7135
G1 X68.5131 Y335.2302
G1 X68.0298 Y335.7135
G1 X63.3798
G1 X63.2719 Y335.7099
G1 X63.1645 Y335.6994
G1 X63.0579 Y335.6818
G1 X62.9528 Y335.6573
G1 X62.8494 Y335.6259
G1 X62.7484 Y335.5879
G1 X62.6500 Y335.5433
G1 X62.5548 Y335.4924
G1 X62.4631 Y335.4354
G1 X62.3754 Y335.3725
G1 X62.2919 Y335.3040
G1 X62.2131 Y335.2302
G1 X62.1393 Y335.1514
G1 X62.0708 Y335.0679
G1 X62.0079 Y334.9802
G1 X61.9509 Y334.8885
G1 X61.9000 Y334.7933
G1 X61.8554 Y334.6949
G1 X61.8174 Y334.5939
G1 X61.7860 Y334.4905
G1 X61.7615 Y334.3854
G1 X61.7439 Y334.2788
G1 X61.7334 Y334.1714
G1 X61.7298 Y334.0635
G1 Y296.5385
G0 Z0.0000
G1 Y291.5885
G0 Z-5.0000


(No. 92: Part 1)
G0 X21.7919 Y117.2226 Z-5.0000 F2100
G0 Z-0.5000 F480
G1 Z0.0000 F120
G1 Z4.0000
G1 Y89.6976 F480
G1 X21.7954 Y89.5897
G1 X21.8060 Y89.4823
G1 X21.8236 Y89.3757
G1 X21.8481 Y89.2706
G1 X21.8795 Y89.1672
G1 X21.9175 Y89.0662
G1 X21.9621 Y88.9678
G1 X22.0130 Y88.8726
G1 X22.0700 Y88.7809
G1 X22.1329 Y88.6932
G1 X22.2014 Y88.6097
G1 X22.2752 Y88.5309
G1 X22.3540 Y88.4571
G1 X22.4375 Y88.3886
G1 X22.5252 Y88.3257
G1 X22.6169 Y88.2687
G1 X22.7121 Y88.2178
G1 X22.8105 Y88.1732
G1 X22.9115 Y88.1352
G1 X23.0149 Y88.1038
G1 X23.1200 Y88.0793
G1 X23.2265 Y88.0617
G1 X23.3340 Y88.0512
G1 X23.4419 Y88.0476
G1 X28.0919
G1 X28.5752 Y88.5309
G1 X28.0919 Y88.0476
G1 Y34.6976
G1 X28.0954 Y34.5897
G1 X28.1060 Y34.4823
G1 X28.1236 Y34.3757
G1 X28.1481 Y34.2706
G1 X28.1795 Y34.1672
G1 X28.2175 Y34.0662
G1 X28.2621 Y33.9678
G1 X28.3130 Y33.8726
G1 X28.3700 Y33.7809
G1 X28.4329 Y33.6932
G1 X28.5014 Y33.6097
G1 X28.5752 Y33.5309
G1 X28.6540 Y33.4571
G1 X28.7375 Y33.3886
G1 X28.8252 Y33.3257
G1 X28.9169 Y33.2687
G1 X29.0121 Y33.2178
G1 X29.1105 Y33.1732
G1 X29.2115 Y33.1352
G1 X29.3149 Y33.1038
G1 X29.4200 Y33.0793
G1 X29.5265 Y33.0617
G1 X29.6340 Y33.0512
G1 X29.7419 Y33.0476
G1 X53.0919
G1 X53.5752 Y33.5309
G1 X53.0919 Y33.0476
G1 Y28.3976
G1 X53.0954 Y28.2897
G1 X53.1060 Y28.1823
G1 X53.1236 Y28.0757
G1 X53.1481 Y27.9706
G1 X53.1795 Y27.8672
G1 X53.2175 Y27.7662
G1 X53.2621 Y27.6678
G1 X53.3130 Y27.5726
G1 X53.3700 Y27.4809
G1 X53.4329 Y27.3932
G1 X53.5014 Y27.3097
G1 X53.5752 Y27.2309
G1 X53.6540 Y27.1571
G1 X53.7375 Y27.0886
G1 X53.8252 Y27.0257
G1 X53.9169 Y26.9687
G1 X54.0121 Y26.9178
G1 X54.1105 Y26.8732
G1 X54.2115 Y26.8352
G1 X54.3149 Y26.8038
G1 X54.4200 Y26.7793
G1 X54.5265 Y26.7617
G1 X54.6340 Y26.7512
G1 X54.7419 Y26.7476
G1 X82.9157
G0 Z0.0000
G1 X87.8657
G1 Z4.0000 F120
G1 X114.7419 F480
G1 X114.8498 Y26.7512
G1 X114.9573 Y26.7617
G1 X115.0638 Y26.7793
G1 X115.1690 Y26.8038
G1 X115.2723 Y26.8352
G1 X115.3733 Y26.8732
G1 X115.4717 Y26.9178
G1 X115.5669 Y26.9687
G1 X115.6586 Y27.0257
G1 X115.7464 Y27.0886
G1 X115.8298 Y27.1571
G1 X115.9086 Y27.2309
G1 X115.9825 Y27.3097
G1 X116.0509 Y27.3932
G1 X116.1138 Y27.4809
G1 X116.1709 Y27.5726
G1 X116.2218 Y27.6678
G1 X116.2663 Y27.7662
G1 X116.3044 Y27.8672
G1 X116.3357 Y27.9706
G1 X116.3602 Y28.0757
G1 X116.3778 Y28.1823
G1 X116.3884 Y28.2897
G1 X116.3919 Y28.3976
G1 Y33.0476
G1 X115.9086 Y33.5309
G1 X116.3919 Y33.0476
G1 X139.7419
G1 X139.8498 Y33.0512
G1 X139.9573 Y33.0617
G1 X140.0638 Y33.0793
G1 X140.1690 Y33.1038
G1 X140.2723 Y33.1352
G1 X140.3733 Y33.1732
G1 X140.4717 Y33.2178
G1 X140.5669 Y33.2687
G1 X140.6586 Y33.3257
G1 X140.7464 Y33.3886
G1 X140.8298 Y33.4571
G1 X140.9086 Y33.5309
G1 X140.9825 Y33.6097
G1 X141.0509 Y33.6932
G1 X141.1138 Y33.7809
G1 X141.1709 Y33.8726
G1 X141.2218 Y33.9678
G1 X141.2663 Y34.0662
G1 X141.3044 Y34.1672
G1 X141.3357 Y34.2706
G1 X141.3602 Y34.3757
G1 X141.3778 Y34.4823
G1 X141.3884 Y34.5897
G1 X141.3919 Y34.6976
G1 Y88.0476
G1 X140.9086 Y88.5309
G1 X141.3919 Y88.0476
G1 X146.0419
G1 X146.1498 Y88.0512
G1 X146.2573 Y88.0617
G1 X146.3638 Y88.0793
G1 X146.4690 Y88.1038
G1 X146.5723 Y88.1352
G1 X146.6733 Y88.1732
G1 X146.7717 Y88.2178
G1 X146.8669 Y88.2687
G1 X146.9586 Y88.3257
G1 X147.0464 Y88.3886
G1 X147.1298 Y88.4571
G1 X147.2086 Y88.5309
G1 X147.2825 Y88.6097
G1 X147.3509 Y88.6932
G1 X147.4138 Y88.7809
G1 X147.4709 Y88.8726
G1 X147.5218 Y88.9678
G1 X147.5663 Y89.0662
G1 X147.6044 Y89.1672
G1 X147.6357 Y89.2706
G1 X147.6602 Y89.3757
G1 X147.6778 Y89.4823
G1 X147.6884 Y89.5897
G1 X147.6919 Y89.6976
G1 Y117.1200
G0 Z0.0000
G1 Y122.0700
G1 Z4.0000 F120
G1 Y149.6976 F480
G1 X147.6884 Y149.8055
G1 X147.6778 Y149.9130
G1 X147.6602 Y150.0195
G1 X147.6357 Y150.1247
G1 X147.6044 Y150.2280
G1 X147.5663 Y150.3291
G1 X147.5218 Y150.4274
G1 X147.4709 Y150.5226
G1 X147.4138 Y150.6143
G1 X147.3509 Y150.7021
G1 X147.2825 Y150.7855
G1 X147.2086 Y150.8643
G1 X147.1298 Y150.9382
G1 X147.0464 Y151.0067
G1 X146.9586 Y151.0695
G1 X146.8669 Y151.1266
G1 X146.7717 Y151.1775
G1 X146.6733 Y151.2220
G1 X146.5723 Y151.2601
G1 X146.4690 Y151.2914
G1 X146.3638 Y151.3159
G1 X146.2573 Y151.3335
G1 X146.1498 Y151.3441
G1 X146.0419 Y151.3476
G1 X141.3919
G1 X140.9086 Y150.8643
G1 X141.3919 Y151.3476
G1 Y204.6976
G1 X141.3884 Y204.8055
G1 X141.3778 Y204.9130
G1 X141.3602 Y205.0195
G1 X141.3357 Y205.1247
G1 X141.3044 Y205.2280
G1 X141.2663 Y205.3291
G1 X141.2218 Y205.4274
G1 X141.1709 Y205.5226
G1 X141.1138 Y205.6143
G1 X141.0509 Y205.7021
G1 X140.9825 Y205.7855
G1 X140.9086 Y205.8643
G1 X140.8298 Y205.9382
G1 X140.7464 Y206.0067
G1 X140.6586 Y206.0695
G1 X140.5669 Y206.1266
G1 X140.4717 Y206.1775
G1 X140.3733 Y206.2220
G1 X140.2723 Y206.2601
G1 X140.1690 Y206.2914
G1 X140.0638 Y206.3159
G1 X139.9573 Y206.3335
G1 X139.8498 Y206.3441
G1 X139.7419 Y206.3476
G1 X116.3919
G1 X115.9086 Y205.8643
G1 X116.3919 Y206.3476
G1 Y210.9976
G1 X116.3884 Y211.1055
G1 X116.3778 Y211.2130
G1 X116.3602 Y211.3195
G1 X116.3357 Y211.4247
G1 X116.3044 Y211.5280
G1 X116.2663 Y211.6291
G1 X116.2218 Y211.7274
G1 X116.1709 Y211.8226
G1 X116.1138 Y211.9143
G1 X116.0509 Y212.0021
G1 X115.9825 Y212.0855
G1 X115.9086 Y212.1643
G1 X115.8298 Y212.2382
G1 X115.7464 Y212.3067
G1 X115.6586 Y212.3695
G1 X115.5669 Y212.4266
G1 X115.4717 Y212.4775
G1 X115.3733 Y212.5220
G1 X115.2723 Y212.5601
G1 X115.1690 Y212.5914
G1 X115.0638 Y212.6159
G1 X114.9573 Y212.6335
G1 X114.8498 Y212.6441
G1 X114.7419 Y212.6476
G1 X87.2169
G0 Z0.0000
G1 X82.2669
G1 Z4.0000 F120
G1 X54.7419 F480
G1 X54.6340 Y212.6441
G1 X54.5265 Y212.6335
G1 X54.4200 Y212.6159
G1 X54.3149 Y212.5914
G1 X54.2115 Y212.5601
G1 X54.1105 Y212.5220
G1 X54.0121 Y212.4775
G1 X53.9169 Y212.4266
G1 X53.8252 Y212.3695
G1 X53.7375 Y212.3067
G1 X53.6540 Y212.2382
G1 X53.5752 Y212.1643
G1 X53.5014 Y212.0855
G1 X53.4329 Y212.0021
G1 X53.3700 Y211.9143
G1 X53.3130 Y211.8226
G1 X53.2621 Y211.7274
G1 X53.2175 Y211.6291
G1 X53.1795 Y211.5280
G1 X53.1481 Y211.4247
G1 X53.1236 Y211.3195
G1 X53.1060 Y211.2130
G1 X53.0954 Y211.1055
G1 X53.0919 Y210.9976
G1 Y206.3476
G1 X53.5752 Y205.8643
G1 X53.0919 Y206.3476
G1 X29.7419
G1 X29.6340 Y206.3441
G1 X29.5265 Y206.3335
G1 X29.4200 Y206.3159
G1 X29.3149 Y206.2914
G1 X29.2115 Y206.2601
G1 X29.1105 Y206.2220
G1 X29.0121 Y206.1775
G1 X28.9169 Y206.1266
G1 X28.8252 Y206.0695
G1 X28.7375 Y206.0067
G1 X28.6540 Y205.9382
G1 X28.5752 Y205.8643
G1 X28.5014 Y205.7855
G1 X28.4329 Y205.7021
G1 X28.3700 Y205.6143
G1 X28.3130 Y205.5226
G1 X28.2621 Y205.4274
G1 X28.2175 Y205.3291
G1 X28.1795 Y205.2280
G1 X28.1481 Y205.1247
G1 X28.1236 Y205.0195
G1 X28.1060 Y204.9130
G1 X28.0954 Y204.8055
G1 X28.0919 Y204.6976
G1 Y151.3476
G1 X28.5752 Y150.8643
G1 X28.0919 Y151.3476
G1 X23.4419
G1 X23.3340 Y151.3441
G1 X23.2265 Y151.3335
G1 X23.1200 Y151.3159
G1 X23.0149 Y151.2914
G1 X22.9115 Y151.2601
G1 X22.8105 Y151.2220
G1 X22.7121 Y151.1775
G1 X22.6169 Y151.1266
G1 X22.5252 Y151.0695
G1 X22.4375 Y151.0067
G1 X22.3540 Y150.9382
G1 X22.2752 Y150.8643
G1 X22.2014 Y150.7855
G1 X22.1329 Y150.7021
G1 X22.0700 Y150.6143
G1 X22.0130 Y150.5226
G1 X21.9621 Y150.4274
G1 X21.9175 Y150.3291
G1 X21.8795 Y150.2280
G1 X21.8481 Y150.1247
G1 X21.8236 Y150.0195
G1 X21.8060 Y149.9130
G1 X21.7954 Y149.8055
G1 X21.7919 Y149.6976
G1 Y122.1726
G0 Z0.0000
G1 Y117.2226
G0 Z3.5000
G1 Z4.0000 F120
G1 Z8.0000
G1 Y89.6976 F480
G1 X21.7954 Y89.5897
G1 X21.8060 Y89.4823
G1 X21.8236 Y89.3757
G1 X21.8481 Y89.2706
G1 X21.8795 Y89.1672
G1 X21.9175 Y89.0662
G1 X21.9621 Y88.9678
G1 X22.0130 Y88.8726
G1 X22.0700 Y88.7809
G1 X22.1329 Y88.6932
G1 X22.2014 Y88.6097
G1 X22.2752 Y88.5309
G1 X22.3540 Y88.4571
G1 X22.4375 Y88.3886
G1 X22.5252 Y88.3257
G1 X22.6169 Y88.2687
G1 X22.7121 Y88.2178
G1 X22.8105 Y88.1732
G1 X22.9115 Y88.1352
G1 X23.0149 Y88.1038
G1 X23.1200 Y88.0793
G1 X23.2265 Y88.0617
G1 X23.3340 Y88.0512
G1 X23.4419 Y88.0476
G1 X28.0919
G1 X28.5752 Y88.5309
G1 X28.0919 Y88.0476
G1 Y34.6976
G1 X28.0954 Y34.5897
G1 X28.1060 Y34.4823
G1 X28.1236 Y34.3757
G1 X28.1481 Y34.2706
G1 X28.1795 Y34.1672
G1 X28.2175 Y34.0662
G1 X28.2621 Y33.9678
G1 X28.3130 Y33.8726
G1 X28.3700 Y33.7809
G1 X28.4329 Y33.6932
G1 X28.5014 Y33.6097
G1 X28.5752 Y33.5309
G1 X28.6540 Y33.4571
G1 X28.7375 Y33.3886
G1 X28.8252 Y33.3257
G1 X28.9169 Y33.2687
G1 X29.0121 Y33.2178
G1 X29.1105 Y33.1732
G1 X29.2115 Y33.1352
G1 X29.3149 Y33.1038
G1 X29.4200 Y33.0793
G1 X29.5265 Y33.0617
G1 X29.6340 Y33.0512
G1 X29.7419 Y33.0476
G1 X53.0919
G1 X53.5752 Y33.5309
G1 X53.0919 Y33.0476
G1 Y28.3976
G1 X53.0954 Y28.2897
G1 X53.1060 Y28.1823
G1 X53.1236 Y28.0757
G1 X53.1481 Y27.9706
G1 X53.1795 Y27.8672
G1 X53.2175 Y27.7662
G1 X53.2621 Y27.6678
G1 X53.3130 Y27.5726
G1 X53.3700 Y27.4809
G1 X53.4329 Y27.3932
G1 X53.5014 Y27.3097
G1 X53.5752 Y27.2309
G1 X53.6540 Y27.1571
G1 X53.7375 Y27.0886
G1 X53.8252 Y27.0257
G1 X53.9169 Y26.9687
G1 X54.0121 Y26.9178
G1 X54.1105 Y26.8732
G1 X54.2115 Y26.8352
G1 X54.3149 Y26.8038
G1 X54.4200 Y26.7793
G1 X54.5265 Y26.7617
G1 X54.6340 Y26.7512
G1 X54.7419 Y26.7476
G1 X82.9157
G0 Z0.0000
G1 X87.8657
G0 Z3.5000
G1 Z4.0000 F120
G1 Z8.0000
G1 X114.7419 F480
G1 X114.8498 Y26.7512
G1 X114.9573 Y26.7617
G1 X115.0638 Y26.7793
G1 X115.1690 Y26.8038
G1 X115.2723 Y26.8352
G1 X115.3733 Y26.8732
G1 X115.4717 Y26.9178
G1 X115.5669 Y26.9687
G1 X115.6586 Y27.0257
G1 X115.7464 Y27.0886
G1 X115.8298 Y27.1571
G1 X115.9086 Y27.2309
G1 X115.9825 Y27.3097
G1 X116.0509 Y27.3932
G1 X116.1138 Y27.4809
G1 X116.1709 Y27.5726
G1 X116.2218 Y27.6678
G1 X116.2663 Y27.7662
G1 X116.3044 Y27.8672
G1 X116.3357 Y27.9706
G1 X116.3602 Y28.0757
G1 X116.3778 Y28.1823
G1 X116.3884 Y28.2897
G1 X116.3919 Y28.3976
G1 Y33.0476
G1 X115.9086 Y33.5309
G1 X116.3919 Y33.0476
G1 X139.7419
G1 X139.8498 Y33.0512
G1 X139.9573 Y33.0617
G1 X140.0638 Y33.0793
G1 X140.1690 Y33.1038
G1 X140.2723 Y33.1352
G1 X140.3733 Y33.1732
G1 X140.4717 Y33.2178
G1 X140.5669 Y33.2687
G1 X140.6586 Y33.3257
G1 X140.7464 Y33.3886
G1 X140.8298 Y33.4571
G1 X140.9086 Y33.5309
G1 X140.9825 Y33.6097
G1 X141.0509 Y33.6932
G1 X141.1138 Y33.7809
G1 X141.1709 Y33.8726
G1 X141.2218 Y33.9678
G1 X141.2663 Y34.0662
G1 X141.3044 Y34.1672
G1 X141.3357 Y34.2706
G1 X141.3602 Y34.3757
G1 X141.3778 Y34.4823
G1 X141.3884 Y34.5897
G1 X141.3919 Y34.6976
G1 Y88.0476
G1 X140.9086 Y88.5309
G1 X141.3919 Y88.0476
G1 X146.0419
G1 X146.1498 Y88.0512
G1 X146.2573 Y88.0617
G1 X146.3638 Y88.0793
G1 X146.4690 Y88.1038
G1 X146.5723 Y88.1352
G1 X146.6733 Y88.1732
G1 X146.7717 Y88.2178
G1 X146.8669 Y88.2687
G1 X146.9586 Y88.3257
G1 X147.0464 Y88.3886
G1 X147.1298 Y88.4571
G1 X147.2086 Y88.5309
G1 X147.2825 Y88.6097
G1 X147.3509 Y88.6932
G1 X147.4138 Y88.7809
G1 X147.4709 Y88.8726
G1 X147.5218 Y88.9678
G1 X147.5663 Y89.0662
G1 X147.6044 Y89.1672
G1 X147.6357 Y89.2706
G1 X147.6602 Y89.3757
G1 X147.6778 Y89.4823
G1 X147.6884 Y89.5897
G1 X147.6919 Y89.6976
G1 Y117.1200
G0 Z0.0000
G1 Y122.0700
G0 Z3.5000
G1 Z4.0000 F120
G1 Z8.0000
G1 Y149.6976 F480
G1 X147.6884 Y149.8055
G1 X147.6778 Y149.9130
G1 X147.6602 Y150.0195
G1 X147.6357 Y150.1247
G1 X147.6044 Y150.2280
G1 X147.5663 Y150.3291
G1 X147.5218 Y150.4274
G1 X147.4709 Y150.5226
G1 X147.4138 Y150.6143
G1 X147.3509 Y150.7021
G1 X147.2825 Y150.7855
G1 X147.2086 Y150.8643
G1 X147.1298 Y150.9382
G1 X147.0464 Y151.0067
G1 X146.9586 Y151.0695
G1 X146.8669 Y151.1266
G1 X146.7717 Y151.1775
G1 X146.6733 Y151.2220
G1 X146.5723 Y151.2601
G1 X146.4690 Y151.2914
G1 X146.3638 Y151.3159
G1 X146.2573 Y151.3335
G1 X146.1498 Y151.3441
G1 X146.0419 Y151.3476
G1 X141.3919
G1 X140.9086 Y150.8643
G1 X141.3919 Y151.3476
G1 Y204.6976
G1 X141.3884 Y204.8055
G1 X141.3778 Y204.9130
G1 X141.3602 Y205.0195
G1 X141.3357 Y205.1247
G1 X141.3044 Y205.2280
G1 X141.2663 Y205.3291
G1 X141.2218 Y205.4274
G1 X141.1709 Y205.5226
G1 X141.1138 Y205.6143
G1 X141.0509 Y205.7021
G1 X140.9825 Y205.7855
G1 X140.9086 Y205.8643
G1 X140.8298 Y205.9382
G1 X140.7464 Y206.0067
G1 X140.6586 Y206.0695
G1 X140.5669 Y206.1266
G1 X140.4717 Y206.1775
G1 X140.3733 Y206.2220
G1 X140.2723 Y206.2601
G1 X140.1690 Y206.2914
G1 X140.0638 Y206.3159
G1 X139.9573 Y206.3335
G1 X139.8498 Y206.3441
G1 X139.7419 Y206.3476
G1 X116.3919
G1 X115.9086 Y205.8643
G1 X116.3919 Y206.3476
G1 Y210.9976
G1 X116.3884 Y211.1055
G1 X116.3778 Y211.2130
G1 X116.3602 Y211.3195
G1 X116.3357 Y211.4247
G1 X116.3044 Y211.5280
G1 X116.2663 Y211.6291
G1 X116.2218 Y211.7274
G1 X116.1709 Y211.8226
G1 X116.1138 Y211.9143
G1 X116.0509 Y212.0021
G1 X115.9825 Y212.0855
G1 X115.9086 Y212.1643
G1 X115.8298 Y212.2382
G1 X115.7464 Y212.3067
G1 X115.6586 Y212.3695
G1 X115.5669 Y212.4266
G1 X115.4717 Y212.4775
G1 X115.3733 Y212.5220
G1 X115.2723 Y212.5601
G1 X115.1690 Y212.5914
G1 X115.0638 Y212.6159
G1 X114.9573 Y212.6335
G1 X114.8498 Y212.6441
G1 X114.7419 Y212.6476
G1 X87.2169
G0 Z0.0000
G1 X82.2669
G0 Z3.5000
G1 Z4.0000 F120
G1 Z8.0000
G1 X54.7419 F480
G1 X54.6340 Y212.6441
G1 X54.5265 Y212.6335
G1 X54.4200 Y212.6159
G1 X54.3149 Y212.5914
G1 X54.2115 Y212.5601
G1 X54.1105 Y212.5220
G1 X54.0121 Y212.4775
G1 X53.9169 Y212.4266
G1 X53.8252 Y212.3695
G1 X53.7375 Y212.3067
G1 X53.6540 Y212.2382
G1 X53.5752 Y212.1643
G1 X53.5014 Y212.0855
G1 X53.4329 Y212.0021
G1 X53.3700 Y211.9143
G1 X53.3130 Y211.8226
G1 X53.2621 Y211.7274
G1 X53.2175 Y211.6291
G1 X53.1795 Y211.5280
G1 X53.1481 Y211.4247
G1 X53.1236 Y211.3195
G1 X53.1060 Y211.2130
G1 X53.0954 Y211.1055
G1 X53.0919 Y210.9976
G1 Y206.3476
G1 X53.5752 Y205.8643
G1 X53.0919 Y206.3476
G1 X29.7419
G1 X29.6340 Y206.3441
G1 X29.5265 Y206.3335
G1 X29.4200 Y206.3159
G1 X29.3149 Y206.2914
G1 X29.2115 Y206.2601
G1 X29.1105 Y206.2220
G1 X29.0121 Y206.1775
G1 X28.9169 Y206.1266
G1 X28.8252 Y206.0695
G1 X28.7375 Y206.0067
G1 X28.6540 Y205.9382
G1 X28.5752 Y205.8643
G1 X28.5014 Y205.7855
G1 X28.4329 Y205.7021
G1 X28.3700 Y205.6143
G1 X28.3130 Y205.5226
G1 X28.2621 Y205.4274
G1 X28.2175 Y205.3291
G1 X28.1795 Y205.2280
G1 X28.1481 Y205.1247
G1 X28.1236 Y205.0195
G1 X28.1060 Y204.9130
G1 X28.0954 Y204.8055
G1 X28.0919 Y204.6976
G1 Y151.3476
G1 X28.5752 Y150.8643
G1 X28.0919 Y151.3476
G1 X23.4419
G1 X23.3340 Y151.3441
G1 X23.2265 Y151.3335
G1 X23.1200 Y151.3159
G1 X23.0149 Y151.2914
G1 X22.9115 Y151.2601
G1 X22.8105 Y151.2220
G1 X22.7121 Y151.1775
G1 X22.6169 Y151.1266
G1 X22.5252 Y151.0695
G1 X22.4375 Y151.0067
G1 X22.3540 Y150.9382
G1 X22.2752 Y150.8643
G1 X22.2014 Y150.7855
G1 X22.1329 Y150.7021
G1 X22.0700 Y150.6143
G1 X22.0130 Y150.5226
G1 X21.9621 Y150.4274
G1 X21.9175 Y150.3291
G1 X21.8795 Y150.2280
G1 X21.8481 Y150.1247
G1 X21.8236 Y150.0195
G1 X21.8060 Y149.9130
G1 X21.7954 Y149.8055
G1 X21.7919 Y149.6976
G1 Y122.1726
G0 Z0.0000
G1 Y117.2226
G0 Z-5.0000
G0 X0.0000 Y0.0000 F2100

M05
M30
