(Project Enclosure)
(Created by Estlcam version 11 build 11.244)
(Machining time about 02:07:30 hours)

(Required tools:)
(Compression Bit)

G90
M03 S24000
G0 X0.0000 Y0.0000 Z0.0000 F2100
G0 Z-5.0000 F480


(No. 1: Drill 7)
G0 X26.2039 Y50.2693 F2100
G0 Z-0.5000 F480
G1 Z4.0000 F120 S24000
G0 Z-0.5000 F480
G0 Z3.5000
G1 Z8.0000 F120
G0 Z-5.0000 F480


(No. 2: Drill 8)
G0 X21.2039 Y76.2693 Z-5.0000 F2100
G0 Z-0.5000 F480
G1 Z4.0000 F120
G0 Z-0.5000 F480
G0 Z3.5000
G1 Z8.0000 F120
G0 Z-5.0000 F480


(No. 3: Hole 1)
G0 X40.9872 Y107.9311 Z-5.0000 F2100
G0 Z-0.5000 F480
G1 Z0.0000 F120
G1 Z4.0000
G1 X40.8516 Y107.9477 F600
G1 X40.7173 Y107.9721
G1 X40.5845 Y108.0043
G1 X40.4538 Y108.0441
G1 X40.3257 Y108.0915
G1 X40.2006 Y108.1462
G1 X40.0788 Y108.2082
G1 X39.9609 Y108.2771
G1 X39.8472 Y108.3527
G1 X39.7380 Y108.4348
G1 X39.6338 Y108.5232
G1 X39.5349 Y108.6174
G1 X39.4417 Y108.7173
G1 X39.3545 Y108.8223
G1 X39.2735 Y108.9323
G1 X39.1990 Y109.0468
G1 X39.1313 Y109.1655
G1 X39.0706 Y109.2879
G1 X39.0172 Y109.4136
G1 X38.9711 Y109.5422
G1 X38.9326 Y109.6732
G1 X38.9018 Y109.8063
G1 X38.8787 Y109.9409
G1 X38.8636 Y110.0767
G1 X38.8563 Y110.2131
G1 X38.8570 Y110.3497
G1 X38.8657 Y110.4860
G1 X38.8822 Y110.6216
G1 X38.9066 Y110.7560
G1 X38.9388 Y110.8887
G1 X38.9787 Y111.0194
G1 X39.0261 Y111.1475
G1 X39.0808 Y111.2726
G1 X39.1427 Y111.3944
G1 X39.2116 Y111.5123
G1 X39.2873 Y111.6261
G1 X39.3694 Y111.7352
G1 X39.4577 Y111.8394
G1 X39.5520 Y111.9383
G1 X39.6518 Y112.0315
G1 X39.7569 Y112.1188
G1 X39.8669 Y112.1998
G1 X39.9814 Y112.2743
G1 X40.1001 Y112.3419
G1 X40.2224 Y112.4026
G1 X40.3481 Y112.4561
G1 X40.4767 Y112.5021
G1 X40.6078 Y112.5406
G1 X40.7409 Y112.5715
G1 X40.8755 Y112.5945
G1 X41.0113 Y112.6096
G1 X41.1477 Y112.6169
G1 X41.2842 Y112.6162
G1 X41.4206 Y112.6075
G1 X41.5562 Y112.5910
G1 X41.6906 Y112.5666
G1 X41.8233 Y112.5344
G1 X41.9540 Y112.4946
G1 X42.0821 Y112.4472
G1 X42.2072 Y112.3924
G1 X42.3290 Y112.3305
G1 X42.4469 Y112.2616
G1 X42.5607 Y112.1859
G1 X42.6698 Y112.1038
G1 X42.7740 Y112.0155
G1 X42.8729 Y111.9212
G1 X42.9661 Y111.8214
G1 X43.0534 Y111.7163
G1 X43.1344 Y111.6063
G1 X43.2088 Y111.4918
G1 X43.2765 Y111.3732
G1 X43.3372 Y111.2508
G1 X43.3907 Y111.1251
G1 X43.4367 Y110.9965
G1 X43.4752 Y110.8654
G1 X43.5060 Y110.7324
G1 X43.5291 Y110.5977
G1 X43.5442 Y110.4620
G1 X43.5515 Y110.3256
G1 X43.5508 Y110.1890
G1 X43.5421 Y110.0527
G1 X43.5256 Y109.9171
G1 X43.5012 Y109.7827
G1 X43.4690 Y109.6499
G1 X43.4291 Y109.5193
G1 X43.3818 Y109.3912
G1 X43.3270 Y109.2660
G1 X43.2651 Y109.1443
G1 X43.1962 Y109.0263
G1 X43.1205 Y108.9126
G1 X43.0384 Y108.8034
G1 X42.9501 Y108.6992
G1 X42.8558 Y108.6004
G1 X42.7560 Y108.5071
G1 X42.6509 Y108.4199
G1 X42.5409 Y108.3389
G1 X42.4264 Y108.2644
G1 X42.3078 Y108.1967
G1 X42.1854 Y108.1360
G1 X42.0597 Y108.0826
G1 X41.9311 Y108.0365
G1 X41.8000 Y107.9980
G1 X41.6669 Y107.9672
G1 X41.5323 Y107.9442
G1 X41.3966 Y107.9290
G1 X41.2602 Y107.9218
G1 X41.1236 Y107.9225
G1 X40.9872 Y107.9311
G1 Z8.0000 F120
G1 X40.8516 Y107.9477 F600
G1 X40.7173 Y107.9721
G1 X40.5845 Y108.0043
G1 X40.4538 Y108.0441
G1 X40.3257 Y108.0915
G1 X40.2006 Y108.1462
G1 X40.0788 Y108.2082
G1 X39.9609 Y108.2771
G1 X39.8472 Y108.3527
G1 X39.7380 Y108.4348
G1 X39.6338 Y108.5232
G1 X39.5349 Y108.6174
G1 X39.4417 Y108.7173
G1 X39.3545 Y108.8223
G1 X39.2735 Y108.9323
G1 X39.1990 Y109.0468
G1 X39.1313 Y109.1655
G1 X39.0706 Y109.2879
G1 X39.0172 Y109.4136
G1 X38.9711 Y109.5422
G1 X38.9326 Y109.6732
G1 X38.9018 Y109.8063
G1 X38.8787 Y109.9409
G1 X38.8636 Y110.0767
G1 X38.8563 Y110.2131
G1 X38.8570 Y110.3497
G1 X38.8657 Y110.4860
G1 X38.8822 Y110.6216
G1 X38.9066 Y110.7560
G1 X38.9388 Y110.8887
G1 X38.9787 Y111.0194
G1 X39.0261 Y111.1475
G1 X39.0808 Y111.2726
G1 X39.1427 Y111.3944
G1 X39.2116 Y111.5123
G1 X39.2873 Y111.6261
G1 X39.3694 Y111.7352
G1 X39.4577 Y111.8394
G1 X39.5520 Y111.9383
G1 X39.6518 Y112.0315
G1 X39.7569 Y112.1188
G1 X39.8669 Y112.1998
G1 X39.9814 Y112.2743
G1 X40.1001 Y112.3419
G1 X40.2224 Y112.4026
G1 X40.3481 Y112.4561
G1 X40.4767 Y112.5021
G1 X40.6078 Y112.5406
G1 X40.7409 Y112.5715
G1 X40.8755 Y112.5945
G1 X41.0113 Y112.6096
G1 X41.1477 Y112.6169
G1 X41.2842 Y112.6162
G1 X41.4206 Y112.6075
G1 X41.5562 Y112.5910
G1 X41.6906 Y112.5666
G1 X41.8233 Y112.5344
G1 X41.9540 Y112.4946
G1 X42.0821 Y112.4472
G1 X42.2072 Y112.3924
G1 X42.3290 Y112.3305
G1 X42.4469 Y112.2616
G1 X42.5607 Y112.1859
G1 X42.6698 Y112.1038
G1 X42.7740 Y112.0155
G1 X42.8729 Y111.9212
G1 X42.9661 Y111.8214
G1 X43.0534 Y111.7163
G1 X43.1344 Y111.6063
G1 X43.2088 Y111.4918
G1 X43.2765 Y111.3732
G1 X43.3372 Y111.2508
G1 X43.3907 Y111.1251
G1 X43.4367 Y110.9965
G1 X43.4752 Y110.8654
G1 X43.5060 Y110.7324
G1 X43.5291 Y110.5977
G1 X43.5442 Y110.4620
G1 X43.5515 Y110.3256
G1 X43.5508 Y110.1890
G1 X43.5421 Y110.0527
G1 X43.5256 Y109.9171
G1 X43.5012 Y109.7827
G1 X43.4690 Y109.6499
G1 X43.4291 Y109.5193
G1 X43.3818 Y109.3912
G1 X43.3270 Y109.2660
G1 X43.2651 Y109.1443
G1 X43.1962 Y109.0263
G1 X43.1205 Y108.9126
G1 X43.0384 Y108.8034
G1 X42.9501 Y108.6992
G1 X42.8558 Y108.6004
G1 X42.7560 Y108.5071
G1 X42.6509 Y108.4199
G1 X42.5409 Y108.3389
G1 X42.4264 Y108.2644
G1 X42.3078 Y108.1967
G1 X42.1854 Y108.1360
G1 X42.0597 Y108.0826
G1 X41.9311 Y108.0365
G1 X41.8000 Y107.9980
G1 X41.6669 Y107.9672
G1 X41.5323 Y107.9442
G1 X41.3966 Y107.9290
G1 X41.2602 Y107.9218
G1 X41.1236 Y107.9225
G1 X40.9872 Y107.9311
G0 Z-5.0000 F480


(No. 4: Hole 1)
G0 X55.9872 Y107.9311 Z-5.0000 F2100
G0 Z-0.5000 F480
G1 Z0.0000 F120
G1 Z4.0000
G1 X55.8516 Y107.9477 F600
G1 X55.7173 Y107.9721
G1 X55.5845 Y108.0043
G1 X55.4538 Y108.0441
G1 X55.3257 Y108.0915
G1 X55.2006 Y108.1462
G1 X55.0788 Y108.2082
G1 X54.9609 Y108.2771
G1 X54.8472 Y108.3527
G1 X54.7380 Y108.4348
G1 X54.6338 Y108.5232
G1 X54.5349 Y108.6174
G1 X54.4417 Y108.7173
G1 X54.3545 Y108.8223
G1 X54.2735 Y108.9323
G1 X54.1990 Y109.0468
G1 X54.1313 Y109.1655
G1 X54.0706 Y109.2879
G1 X54.0172 Y109.4136
G1 X53.9711 Y109.5422
G1 X53.9326 Y109.6732
G1 X53.9018 Y109.8063
G1 X53.8787 Y109.9409
G1 X53.8636 Y110.0767
G1 X53.8563 Y110.2131
G1 X53.8570 Y110.3497
G1 X53.8657 Y110.4860
G1 X53.8822 Y110.6216
G1 X53.9066 Y110.7560
G1 X53.9388 Y110.8887
G1 X53.9787 Y111.0194
G1 X54.0261 Y111.1475
G1 X54.0808 Y111.2726
G1 X54.1427 Y111.3944
G1 X54.2116 Y111.5123
G1 X54.2873 Y111.6261
G1 X54.3694 Y111.7352
G1 X54.4577 Y111.8394
G1 X54.5520 Y111.9383
G1 X54.6518 Y112.0315
G1 X54.7569 Y112.1188
G1 X54.8669 Y112.1998
G1 X54.9814 Y112.2743
G1 X55.1001 Y112.3419
G1 X55.2224 Y112.4026
G1 X55.3481 Y112.4561
G1 X55.4767 Y112.5021
G1 X55.6078 Y112.5406
G1 X55.7409 Y112.5715
G1 X55.8755 Y112.5945
G1 X56.0113 Y112.6096
G1 X56.1477 Y112.6169
G1 X56.2842 Y112.6162
G1 X56.4206 Y112.6075
G1 X56.5562 Y112.5910
G1 X56.6906 Y112.5666
G1 X56.8233 Y112.5344
G1 X56.9540 Y112.4946
G1 X57.0821 Y112.4472
G1 X57.2072 Y112.3924
G1 X57.3290 Y112.3305
G1 X57.4469 Y112.2616
G1 X57.5607 Y112.1859
G1 X57.6698 Y112.1038
G1 X57.7740 Y112.0155
G1 X57.8729 Y111.9212
G1 X57.9661 Y111.8214
G1 X58.0534 Y111.7163
G1 X58.1344 Y111.6063
G1 X58.2088 Y111.4918
G1 X58.2765 Y111.3732
G1 X58.3372 Y111.2508
G1 X58.3907 Y111.1251
G1 X58.4367 Y110.9965
G1 X58.4752 Y110.8654
G1 X58.5060 Y110.7324
G1 X58.5291 Y110.5977
G1 X58.5442 Y110.4620
G1 X58.5515 Y110.3256
G1 X58.5508 Y110.1890
G1 X58.5421 Y110.0527
G1 X58.5256 Y109.9171
G1 X58.5012 Y109.7827
G1 X58.4690 Y109.6499
G1 X58.4291 Y109.5193
G1 X58.3818 Y109.3912
G1 X58.3270 Y109.2660
G1 X58.2651 Y109.1443
G1 X58.1962 Y109.0263
G1 X58.1205 Y108.9126
G1 X58.0384 Y108.8034
G1 X57.9501 Y108.6992
G1 X57.8558 Y108.6004
G1 X57.7560 Y108.5071
G1 X57.6509 Y108.4199
G1 X57.5409 Y108.3389
G1 X57.4264 Y108.2644
G1 X57.3078 Y108.1967
G1 X57.1854 Y108.1360
G1 X57.0597 Y108.0826
G1 X56.9311 Y108.0365
G1 X56.8000 Y107.9980
G1 X56.6669 Y107.9672
G1 X56.5323 Y107.9442
G1 X56.3966 Y107.9290
G1 X56.2602 Y107.9218
G1 X56.1236 Y107.9225
G1 X55.9872 Y107.9311
G1 Z8.0000 F120
G1 X55.8516 Y107.9477 F600
G1 X55.7173 Y107.9721
G1 X55.5845 Y108.0043
G1 X55.4538 Y108.0441
G1 X55.3257 Y108.0915
G1 X55.2006 Y108.1462
G1 X55.0788 Y108.2082
G1 X54.9609 Y108.2771
G1 X54.8472 Y108.3527
G1 X54.7380 Y108.4348
G1 X54.6338 Y108.5232
G1 X54.5349 Y108.6174
G1 X54.4417 Y108.7173
G1 X54.3545 Y108.8223
G1 X54.2735 Y108.9323
G1 X54.1990 Y109.0468
G1 X54.1313 Y109.1655
G1 X54.0706 Y109.2879
G1 X54.0172 Y109.4136
G1 X53.9711 Y109.5422
G1 X53.9326 Y109.6732
G1 X53.9018 Y109.8063
G1 X53.8787 Y109.9409
G1 X53.8636 Y110.0767
G1 X53.8563 Y110.2131
G1 X53.8570 Y110.3497
G1 X53.8657 Y110.4860
G1 X53.8822 Y110.6216
G1 X53.9066 Y110.7560
G1 X53.9388 Y110.8887
G1 X53.9787 Y111.0194
G1 X54.0261 Y111.1475
G1 X54.0808 Y111.2726
G1 X54.1427 Y111.3944
G1 X54.2116 Y111.5123
G1 X54.2873 Y111.6261
G1 X54.3694 Y111.7352
G1 X54.4577 Y111.8394
G1 X54.5520 Y111.9383
G1 X54.6518 Y112.0315
G1 X54.7569 Y112.1188
G1 X54.8669 Y112.1998
G1 X54.9814 Y112.2743
G1 X55.1001 Y112.3419
G1 X55.2224 Y112.4026
G1 X55.3481 Y112.4561
G1 X55.4767 Y112.5021
G1 X55.6078 Y112.5406
G1 X55.7409 Y112.5715
G1 X55.8755 Y112.5945
G1 X56.0113 Y112.6096
G1 X56.1477 Y112.6169
G1 X56.2842 Y112.6162
G1 X56.4206 Y112.6075
G1 X56.5562 Y112.5910
G1 X56.6906 Y112.5666
G1 X56.8233 Y112.5344
G1 X56.9540 Y112.4946
G1 X57.0821 Y112.4472
G1 X57.2072 Y112.3924
G1 X57.3290 Y112.3305
G1 X57.4469 Y112.2616
G1 X57.5607 Y112.1859
G1 X57.6698 Y112.1038
G1 X57.7740 Y112.0155
G1 X57.8729 Y111.9212
G1 X57.9661 Y111.8214
G1 X58.0534 Y111.7163
G1 X58.1344 Y111.6063
G1 X58.2088 Y111.4918
G1 X58.2765 Y111.3732
G1 X58.3372 Y111.2508
G1 X58.3907 Y111.1251
G1 X58.4367 Y110.9965
G1 X58.4752 Y110.8654
G1 X58.5060 Y110.7324
G1 X58.5291 Y110.5977
G1 X58.5442 Y110.4620
G1 X58.5515 Y110.3256
G1 X58.5508 Y110.1890
G1 X58.5421 Y110.0527
G1 X58.5256 Y109.9171
G1 X58.5012 Y109.7827
G1 X58.4690 Y109.6499
G1 X58.4291 Y109.5193
G1 X58.3818 Y109.3912
G1 X58.3270 Y109.2660
G1 X58.2651 Y109.1443
G1 X58.1962 Y109.0263
G1 X58.1205 Y108.9126
G1 X58.0384 Y108.8034
G1 X57.9501 Y108.6992
G1 X57.8558 Y108.6004
G1 X57.7560 Y108.5071
G1 X57.6509 Y108.4199
G1 X57.5409 Y108.3389
G1 X57.4264 Y108.2644
G1 X57.3078 Y108.1967
G1 X57.1854 Y108.1360
G1 X57.0597 Y108.0826
G1 X56.9311 Y108.0365
G1 X56.8000 Y107.9980
G1 X56.6669 Y107.9672
G1 X56.5323 Y107.9442
G1 X56.3966 Y107.9290
G1 X56.2602 Y107.9218
G1 X56.1236 Y107.9225
G1 X55.9872 Y107.9311
G0 Z-5.0000 F480


(No. 5: Hole 1)
G0 X70.9872 Y107.9311 Z-5.0000 F2100
G0 Z-0.5000 F480
G1 Z0.0000 F120
G1 Z4.0000
G1 X70.8516 Y107.9477 F600
G1 X70.7173 Y107.9721
G1 X70.5845 Y108.0043
G1 X70.4538 Y108.0441
G1 X70.3257 Y108.0915
G1 X70.2006 Y108.1462
G1 X70.0788 Y108.2082
G1 X69.9609 Y108.2771
G1 X69.8472 Y108.3527
G1 X69.7380 Y108.4348
G1 X69.6338 Y108.5232
G1 X69.5349 Y108.6174
G1 X69.4417 Y108.7173
G1 X69.3545 Y108.8223
G1 X69.2735 Y108.9323
G1 X69.1990 Y109.0468
G1 X69.1313 Y109.1655
G1 X69.0706 Y109.2879
G1 X69.0172 Y109.4136
G1 X68.9711 Y109.5422
G1 X68.9326 Y109.6732
G1 X68.9018 Y109.8063
G1 X68.8787 Y109.9409
G1 X68.8636 Y110.0767
G1 X68.8563 Y110.2131
G1 X68.8570 Y110.3497
G1 X68.8657 Y110.4860
G1 X68.8822 Y110.6216
G1 X68.9066 Y110.7560
G1 X68.9388 Y110.8887
G1 X68.9787 Y111.0194
G1 X69.0261 Y111.1475
G1 X69.0808 Y111.2726
G1 X69.1427 Y111.3944
G1 X69.2116 Y111.5123
G1 X69.2873 Y111.6261
G1 X69.3694 Y111.7352
G1 X69.4577 Y111.8394
G1 X69.5520 Y111.9383
G1 X69.6518 Y112.0315
G1 X69.7569 Y112.1188
G1 X69.8669 Y112.1998
G1 X69.9814 Y112.2743
G1 X70.1001 Y112.3419
G1 X70.2224 Y112.4026
G1 X70.3481 Y112.4561
G1 X70.4767 Y112.5021
G1 X70.6078 Y112.5406
G1 X70.7409 Y112.5715
G1 X70.8755 Y112.5945
G1 X71.0113 Y112.6096
G1 X71.1477 Y112.6169
G1 X71.2842 Y112.6162
G1 X71.4206 Y112.6075
G1 X71.5562 Y112.5910
G1 X71.6906 Y112.5666
G1 X71.8233 Y112.5344
G1 X71.9540 Y112.4946
G1 X72.0821 Y112.4472
G1 X72.2072 Y112.3924
G1 X72.3290 Y112.3305
G1 X72.4469 Y112.2616
G1 X72.5607 Y112.1859
G1 X72.6698 Y112.1038
G1 X72.7740 Y112.0155
G1 X72.8729 Y111.9212
G1 X72.9661 Y111.8214
G1 X73.0534 Y111.7163
G1 X73.1344 Y111.6063
G1 X73.2088 Y111.4918
G1 X73.2765 Y111.3732
G1 X73.3372 Y111.2508
G1 X73.3907 Y111.1251
G1 X73.4367 Y110.9965
G1 X73.4752 Y110.8654
G1 X73.5060 Y110.7324
G1 X73.5291 Y110.5977
G1 X73.5442 Y110.4620
G1 X73.5515 Y110.3256
G1 X73.5508 Y110.1890
G1 X73.5421 Y110.0527
G1 X73.5256 Y109.9171
G1 X73.5012 Y109.7827
G1 X73.4690 Y109.6499
G1 X73.4291 Y109.5193
G1 X73.3818 Y109.3912
G1 X73.3270 Y109.2660
G1 X73.2651 Y109.1443
G1 X73.1962 Y109.0263
G1 X73.1205 Y108.9126
G1 X73.0384 Y108.8034
G1 X72.9501 Y108.6992
G1 X72.8558 Y108.6004
G1 X72.7560 Y108.5071
G1 X72.6509 Y108.4199
G1 X72.5409 Y108.3389
G1 X72.4264 Y108.2644
G1 X72.3078 Y108.1967
G1 X72.1854 Y108.1360
G1 X72.0597 Y108.0826
G1 X71.9311 Y108.0365
G1 X71.8000 Y107.9980
G1 X71.6669 Y107.9672
G1 X71.5323 Y107.9442
G1 X71.3966 Y107.9290
G1 X71.2602 Y107.9218
G1 X71.1236 Y107.9225
G1 X70.9872 Y107.9311
G1 Z8.0000 F120
G1 X70.8516 Y107.9477 F600
G1 X70.7173 Y107.9721
G1 X70.5845 Y108.0043
G1 X70.4538 Y108.0441
G1 X70.3257 Y108.0915
G1 X70.2006 Y108.1462
G1 X70.0788 Y108.2082
G1 X69.9609 Y108.2771
G1 X69.8472 Y108.3527
G1 X69.7380 Y108.4348
G1 X69.6338 Y108.5232
G1 X69.5349 Y108.6174
G1 X69.4417 Y108.7173
G1 X69.3545 Y108.8223
G1 X69.2735 Y108.9323
G1 X69.1990 Y109.0468
G1 X69.1313 Y109.1655
G1 X69.0706 Y109.2879
G1 X69.0172 Y109.4136
G1 X68.9711 Y109.5422
G1 X68.9326 Y109.6732
G1 X68.9018 Y109.8063
G1 X68.8787 Y109.9409
G1 X68.8636 Y110.0767
G1 X68.8563 Y110.2131
G1 X68.8570 Y110.3497
G1 X68.8657 Y110.4860
G1 X68.8822 Y110.6216
G1 X68.9066 Y110.7560
G1 X68.9388 Y110.8887
G1 X68.9787 Y111.0194
G1 X69.0261 Y111.1475
G1 X69.0808 Y111.2726
G1 X69.1427 Y111.3944
G1 X69.2116 Y111.5123
G1 X69.2873 Y111.6261
G1 X69.3694 Y111.7352
G1 X69.4577 Y111.8394
G1 X69.5520 Y111.9383
G1 X69.6518 Y112.0315
G1 X69.7569 Y112.1188
G1 X69.8669 Y112.1998
G1 X69.9814 Y112.2743
G1 X70.1001 Y112.3419
G1 X70.2224 Y112.4026
G1 X70.3481 Y112.4561
G1 X70.4767 Y112.5021
G1 X70.6078 Y112.5406
G1 X70.7409 Y112.5715
G1 X70.8755 Y112.5945
G1 X71.0113 Y112.6096
G1 X71.1477 Y112.6169
G1 X71.2842 Y112.6162
G1 X71.4206 Y112.6075
G1 X71.5562 Y112.5910
G1 X71.6906 Y112.5666
G1 X71.8233 Y112.5344
G1 X71.9540 Y112.4946
G1 X72.0821 Y112.4472
G1 X72.2072 Y112.3924
G1 X72.3290 Y112.3305
G1 X72.4469 Y112.2616
G1 X72.5607 Y112.1859
G1 X72.6698 Y112.1038
G1 X72.7740 Y112.0155
G1 X72.8729 Y111.9212
G1 X72.9661 Y111.8214
G1 X73.0534 Y111.7163
G1 X73.1344 Y111.6063
G1 X73.2088 Y111.4918
G1 X73.2765 Y111.3732
G1 X73.3372 Y111.2508
G1 X73.3907 Y111.1251
G1 X73.4367 Y110.9965
G1 X73.4752 Y110.8654
G1 X73.5060 Y110.7324
G1 X73.5291 Y110.5977
G1 X73.5442 Y110.4620
G1 X73.5515 Y110.3256
G1 X73.5508 Y110.1890
G1 X73.5421 Y110.0527
G1 X73.5256 Y109.9171
G1 X73.5012 Y109.7827
G1 X73.4690 Y109.6499
G1 X73.4291 Y109.5193
G1 X73.3818 Y109.3912
G1 X73.3270 Y109.2660
G1 X73.2651 Y109.1443
G1 X73.1962 Y109.0263
G1 X73.1205 Y108.9126
G1 X73.0384 Y108.8034
G1 X72.9501 Y108.6992
G1 X72.8558 Y108.6004
G1 X72.7560 Y108.5071
G1 X72.6509 Y108.4199
G1 X72.5409 Y108.3389
G1 X72.4264 Y108.2644
G1 X72.3078 Y108.1967
G1 X72.1854 Y108.1360
G1 X72.0597 Y108.0826
G1 X71.9311 Y108.0365
G1 X71.8000 Y107.9980
G1 X71.6669 Y107.9672
G1 X71.5323 Y107.9442
G1 X71.3966 Y107.9290
G1 X71.2602 Y107.9218
G1 X71.1236 Y107.9225
G1 X70.9872 Y107.9311
G0 Z-5.0000 F480


(No. 6: Hole 1)
G0 X85.9872 Y107.9311 Z-5.0000 F2100
G0 Z-0.5000 F480
G1 Z0.0000 F120
G1 Z4.0000
G1 X85.8516 Y107.9477 F600
G1 X85.7173 Y107.9721
G1 X85.5845 Y108.0043
G1 X85.4538 Y108.0441
G1 X85.3257 Y108.0915
G1 X85.2006 Y108.1462
G1 X85.0788 Y108.2082
G1 X84.9609 Y108.2771
G1 X84.8472 Y108.3527
G1 X84.7380 Y108.4348
G1 X84.6338 Y108.5232
G1 X84.5349 Y108.6174
G1 X84.4417 Y108.7173
G1 X84.3545 Y108.8223
G1 X84.2735 Y108.9323
G1 X84.1990 Y109.0468
G1 X84.1313 Y109.1655
G1 X84.0706 Y109.2879
G1 X84.0172 Y109.4136
G1 X83.9711 Y109.5422
G1 X83.9326 Y109.6732
G1 X83.9018 Y109.8063
G1 X83.8787 Y109.9409
G1 X83.8636 Y110.0767
G1 X83.8563 Y110.2131
G1 X83.8570 Y110.3497
G1 X83.8657 Y110.4860
G1 X83.8822 Y110.6216
G1 X83.9066 Y110.7560
G1 X83.9388 Y110.8887
G1 X83.9787 Y111.0194
G1 X84.0261 Y111.1475
G1 X84.0808 Y111.2726
G1 X84.1427 Y111.3944
G1 X84.2116 Y111.5123
G1 X84.2873 Y111.6261
G1 X84.3694 Y111.7352
G1 X84.4577 Y111.8394
G1 X84.5520 Y111.9383
G1 X84.6518 Y112.0315
G1 X84.7569 Y112.1188
G1 X84.8669 Y112.1998
G1 X84.9814 Y112.2743
G1 X85.1001 Y112.3419
G1 X85.2224 Y112.4026
G1 X85.3481 Y112.4561
G1 X85.4767 Y112.5021
G1 X85.6078 Y112.5406
G1 X85.7409 Y112.5715
G1 X85.8755 Y112.5945
G1 X86.0113 Y112.6096
G1 X86.1477 Y112.6169
G1 X86.2842 Y112.6162
G1 X86.4206 Y112.6075
G1 X86.5562 Y112.5910
G1 X86.6906 Y112.5666
G1 X86.8233 Y112.5344
G1 X86.9540 Y112.4946
G1 X87.0821 Y112.4472
G1 X87.2072 Y112.3924
G1 X87.3290 Y112.3305
G1 X87.4469 Y112.2616
G1 X87.5607 Y112.1859
G1 X87.6698 Y112.1038
G1 X87.7740 Y112.0155
G1 X87.8729 Y111.9212
G1 X87.9661 Y111.8214
G1 X88.0534 Y111.7163
G1 X88.1344 Y111.6063
G1 X88.2088 Y111.4918
G1 X88.2765 Y111.3732
G1 X88.3372 Y111.2508
G1 X88.3907 Y111.1251
G1 X88.4367 Y110.9965
G1 X88.4752 Y110.8654
G1 X88.5060 Y110.7324
G1 X88.5291 Y110.5977
G1 X88.5442 Y110.4620
G1 X88.5515 Y110.3256
G1 X88.5508 Y110.1890
G1 X88.5421 Y110.0527
G1 X88.5256 Y109.9171
G1 X88.5012 Y109.7827
G1 X88.4690 Y109.6499
G1 X88.4291 Y109.5193
G1 X88.3818 Y109.3912
G1 X88.3270 Y109.2660
G1 X88.2651 Y109.1443
G1 X88.1962 Y109.0263
G1 X88.1205 Y108.9126
G1 X88.0384 Y108.8034
G1 X87.9501 Y108.6992
G1 X87.8558 Y108.6004
G1 X87.7560 Y108.5071
G1 X87.6509 Y108.4199
G1 X87.5409 Y108.3389
G1 X87.4264 Y108.2644
G1 X87.3078 Y108.1967
G1 X87.1854 Y108.1360
G1 X87.0597 Y108.0826
G1 X86.9311 Y108.0365
G1 X86.8000 Y107.9980
G1 X86.6669 Y107.9672
G1 X86.5323 Y107.9442
G1 X86.3966 Y107.9290
G1 X86.2602 Y107.9218
G1 X86.1236 Y107.9225
G1 X85.9872 Y107.9311
G1 Z8.0000 F120
G1 X85.8516 Y107.9477 F600
G1 X85.7173 Y107.9721
G1 X85.5845 Y108.0043
G1 X85.4538 Y108.0441
G1 X85.3257 Y108.0915
G1 X85.2006 Y108.1462
G1 X85.0788 Y108.2082
G1 X84.9609 Y108.2771
G1 X84.8472 Y108.3527
G1 X84.7380 Y108.4348
G1 X84.6338 Y108.5232
G1 X84.5349 Y108.6174
G1 X84.4417 Y108.7173
G1 X84.3545 Y108.8223
G1 X84.2735 Y108.9323
G1 X84.1990 Y109.0468
G1 X84.1313 Y109.1655
G1 X84.0706 Y109.2879
G1 X84.0172 Y109.4136
G1 X83.9711 Y109.5422
G1 X83.9326 Y109.6732
G1 X83.9018 Y109.8063
G1 X83.8787 Y109.9409
G1 X83.8636 Y110.0767
G1 X83.8563 Y110.2131
G1 X83.8570 Y110.3497
G1 X83.8657 Y110.4860
G1 X83.8822 Y110.6216
G1 X83.9066 Y110.7560
G1 X83.9388 Y110.8887
G1 X83.9787 Y111.0194
G1 X84.0261 Y111.1475
G1 X84.0808 Y111.2726
G1 X84.1427 Y111.3944
G1 X84.2116 Y111.5123
G1 X84.2873 Y111.6261
G1 X84.3694 Y111.7352
G1 X84.4577 Y111.8394
G1 X84.5520 Y111.9383
G1 X84.6518 Y112.0315
G1 X84.7569 Y112.1188
G1 X84.8669 Y112.1998
G1 X84.9814 Y112.2743
G1 X85.1001 Y112.3419
G1 X85.2224 Y112.4026
G1 X85.3481 Y112.4561
G1 X85.4767 Y112.5021
G1 X85.6078 Y112.5406
G1 X85.7409 Y112.5715
G1 X85.8755 Y112.5945
G1 X86.0113 Y112.6096
G1 X86.1477 Y112.6169
G1 X86.2842 Y112.6162
G1 X86.4206 Y112.6075
G1 X86.5562 Y112.5910
G1 X86.6906 Y112.5666
G1 X86.8233 Y112.5344
G1 X86.9540 Y112.4946
G1 X87.0821 Y112.4472
G1 X87.2072 Y112.3924
G1 X87.3290 Y112.3305
G1 X87.4469 Y112.2616
G1 X87.5607 Y112.1859
G1 X87.6698 Y112.1038
G1 X87.7740 Y112.0155
G1 X87.8729 Y111.9212
G1 X87.9661 Y111.8214
G1 X88.0534 Y111.7163
G1 X88.1344 Y111.6063
G1 X88.2088 Y111.4918
G1 X88.2765 Y111.3732
G1 X88.3372 Y111.2508
G1 X88.3907 Y111.1251
G1 X88.4367 Y110.9965
G1 X88.4752 Y110.8654
G1 X88.5060 Y110.7324
G1 X88.5291 Y110.5977
G1 X88.5442 Y110.4620
G1 X88.5515 Y110.3256
G1 X88.5508 Y110.1890
G1 X88.5421 Y110.0527
G1 X88.5256 Y109.9171
G1 X88.5012 Y109.7827
G1 X88.4690 Y109.6499
G1 X88.4291 Y109.5193
G1 X88.3818 Y109.3912
G1 X88.3270 Y109.2660
G1 X88.2651 Y109.1443
G1 X88.1962 Y109.0263
G1 X88.1205 Y108.9126
G1 X88.0384 Y108.8034
G1 X87.9501 Y108.6992
G1 X87.8558 Y108.6004
G1 X87.7560 Y108.5071
G1 X87.6509 Y108.4199
G1 X87.5409 Y108.3389
G1 X87.4264 Y108.2644
G1 X87.3078 Y108.1967
G1 X87.1854 Y108.1360
G1 X87.0597 Y108.0826
G1 X86.9311 Y108.0365
G1 X86.8000 Y107.9980
G1 X86.6669 Y107.9672
G1 X86.5323 Y107.9442
G1 X86.3966 Y107.9290
G1 X86.2602 Y107.9218
G1 X86.1236 Y107.9225
G1 X85.9872 Y107.9311
G0 Z-5.0000 F480


(No. 7: Hole 1)
G0 X100.9872 Y107.9311 Z-5.0000 F2100
G0 Z-0.5000 F480
G1 Z0.0000 F120
G1 Z4.0000
G1 X100.8516 Y107.9477 F600
G1 X100.7173 Y107.9721
G1 X100.5845 Y108.0043
G1 X100.4538 Y108.0441
G1 X100.3257 Y108.0915
G1 X100.2006 Y108.1462
G1 X100.0788 Y108.2082
G1 X99.9609 Y108.2771
G1 X99.8472 Y108.3527
G1 X99.7380 Y108.4348
G1 X99.6338 Y108.5232
G1 X99.5349 Y108.6174
G1 X99.4417 Y108.7173
G1 X99.3545 Y108.8223
G1 X99.2735 Y108.9323
G1 X99.1990 Y109.0468
G1 X99.1313 Y109.1655
G1 X99.0706 Y109.2879
G1 X99.0172 Y109.4136
G1 X98.9711 Y109.5422
G1 X98.9326 Y109.6732
G1 X98.9018 Y109.8063
G1 X98.8787 Y109.9409
G1 X98.8636 Y110.0767
G1 X98.8563 Y110.2131
G1 X98.8570 Y110.3497
G1 X98.8657 Y110.4860
G1 X98.8822 Y110.6216
G1 X98.9066 Y110.7560
G1 X98.9388 Y110.8887
G1 X98.9787 Y111.0194
G1 X99.0261 Y111.1475
G1 X99.0808 Y111.2726
G1 X99.1427 Y111.3944
G1 X99.2116 Y111.5123
G1 X99.2873 Y111.6261
G1 X99.3694 Y111.7352
G1 X99.4577 Y111.8394
G1 X99.5520 Y111.9383
G1 X99.6518 Y112.0315
G1 X99.7569 Y112.1188
G1 X99.8669 Y112.1998
G1 X99.9814 Y112.2743
G1 X100.1001 Y112.3419
G1 X100.2224 Y112.4026
G1 X100.3481 Y112.4561
G1 X100.4767 Y112.5021
G1 X100.6078 Y112.5406
G1 X100.7409 Y112.5715
G1 X100.8755 Y112.5945
G1 X101.0113 Y112.6096
G1 X101.1477 Y112.6169
G1 X101.2842 Y112.6162
G1 X101.4206 Y112.6075
G1 X101.5562 Y112.5910
G1 X101.6906 Y112.5666
G1 X101.8233 Y112.5344
G1 X101.9540 Y112.4946
G1 X102.0821 Y112.4472
G1 X102.2072 Y112.3924
G1 X102.3290 Y112.3305
G1 X102.4469 Y112.2616
G1 X102.5607 Y112.1859
G1 X102.6698 Y112.1038
G1 X102.7740 Y112.0155
G1 X102.8729 Y111.9212
G1 X102.9661 Y111.8214
G1 X103.0534 Y111.7163
G1 X103.1344 Y111.6063
G1 X103.2088 Y111.4918
G1 X103.2765 Y111.3732
G1 X103.3372 Y111.2508
G1 X103.3907 Y111.1251
G1 X103.4367 Y110.9965
G1 X103.4752 Y110.8654
G1 X103.5060 Y110.7324
G1 X103.5291 Y110.5977
G1 X103.5442 Y110.4620
G1 X103.5515 Y110.3256
G1 X103.5508 Y110.1890
G1 X103.5421 Y110.0527
G1 X103.5256 Y109.9171
G1 X103.5012 Y109.7827
G1 X103.4690 Y109.6499
G1 X103.4291 Y109.5193
G1 X103.3818 Y109.3912
G1 X103.3270 Y109.2660
G1 X103.2651 Y109.1443
G1 X103.1962 Y109.0263
G1 X103.1205 Y108.9126
G1 X103.0384 Y108.8034
G1 X102.9501 Y108.6992
G1 X102.8558 Y108.6004
G1 X102.7560 Y108.5071
G1 X102.6509 Y108.4199
G1 X102.5409 Y108.3389
G1 X102.4264 Y108.2644
G1 X102.3078 Y108.1967
G1 X102.1854 Y108.1360
G1 X102.0597 Y108.0826
G1 X101.9311 Y108.0365
G1 X101.8000 Y107.9980
G1 X101.6669 Y107.9672
G1 X101.5323 Y107.9442
G1 X101.3966 Y107.9290
G1 X101.2602 Y107.9218
G1 X101.1236 Y107.9225
G1 X100.9872 Y107.9311
G1 Z8.0000 F120
G1 X100.8516 Y107.9477 F600
G1 X100.7173 Y107.9721
G1 X100.5845 Y108.0043
G1 X100.4538 Y108.0441
G1 X100.3257 Y108.0915
G1 X100.2006 Y108.1462
G1 X100.0788 Y108.2082
G1 X99.9609 Y108.2771
G1 X99.8472 Y108.3527
G1 X99.7380 Y108.4348
G1 X99.6338 Y108.5232
G1 X99.5349 Y108.6174
G1 X99.4417 Y108.7173
G1 X99.3545 Y108.8223
G1 X99.2735 Y108.9323
G1 X99.1990 Y109.0468
G1 X99.1313 Y109.1655
G1 X99.0706 Y109.2879
G1 X99.0172 Y109.4136
G1 X98.9711 Y109.5422
G1 X98.9326 Y109.6732
G1 X98.9018 Y109.8063
G1 X98.8787 Y109.9409
G1 X98.8636 Y110.0767
G1 X98.8563 Y110.2131
G1 X98.8570 Y110.3497
G1 X98.8657 Y110.4860
G1 X98.8822 Y110.6216
G1 X98.9066 Y110.7560
G1 X98.9388 Y110.8887
G1 X98.9787 Y111.0194
G1 X99.0261 Y111.1475
G1 X99.0808 Y111.2726
G1 X99.1427 Y111.3944
G1 X99.2116 Y111.5123
G1 X99.2873 Y111.6261
G1 X99.3694 Y111.7352
G1 X99.4577 Y111.8394
G1 X99.5520 Y111.9383
G1 X99.6518 Y112.0315
G1 X99.7569 Y112.1188
G1 X99.8669 Y112.1998
G1 X99.9814 Y112.2743
G1 X100.1001 Y112.3419
G1 X100.2224 Y112.4026
G1 X100.3481 Y112.4561
G1 X100.4767 Y112.5021
G1 X100.6078 Y112.5406
G1 X100.7409 Y112.5715
G1 X100.8755 Y112.5945
G1 X101.0113 Y112.6096
G1 X101.1477 Y112.6169
G1 X101.2842 Y112.6162
G1 X101.4206 Y112.6075
G1 X101.5562 Y112.5910
G1 X101.6906 Y112.5666
G1 X101.8233 Y112.5344
G1 X101.9540 Y112.4946
G1 X102.0821 Y112.4472
G1 X102.2072 Y112.3924
G1 X102.3290 Y112.3305
G1 X102.4469 Y112.2616
G1 X102.5607 Y112.1859
G1 X102.6698 Y112.1038
G1 X102.7740 Y112.0155
G1 X102.8729 Y111.9212
G1 X102.9661 Y111.8214
G1 X103.0534 Y111.7163
G1 X103.1344 Y111.6063
G1 X103.2088 Y111.4918
G1 X103.2765 Y111.3732
G1 X103.3372 Y111.2508
G1 X103.3907 Y111.1251
G1 X103.4367 Y110.9965
G1 X103.4752 Y110.8654
G1 X103.5060 Y110.7324
G1 X103.5291 Y110.5977
G1 X103.5442 Y110.4620
G1 X103.5515 Y110.3256
G1 X103.5508 Y110.1890
G1 X103.5421 Y110.0527
G1 X103.5256 Y109.9171
G1 X103.5012 Y109.7827
G1 X103.4690 Y109.6499
G1 X103.4291 Y109.5193
G1 X103.3818 Y109.3912
G1 X103.3270 Y109.2660
G1 X103.2651 Y109.1443
G1 X103.1962 Y109.0263
G1 X103.1205 Y108.9126
G1 X103.0384 Y108.8034
G1 X102.9501 Y108.6992
G1 X102.8558 Y108.6004
G1 X102.7560 Y108.5071
G1 X102.6509 Y108.4199
G1 X102.5409 Y108.3389
G1 X102.4264 Y108.2644
G1 X102.3078 Y108.1967
G1 X102.1854 Y108.1360
G1 X102.0597 Y108.0826
G1 X101.9311 Y108.0365
G1 X101.8000 Y107.9980
G1 X101.6669 Y107.9672
G1 X101.5323 Y107.9442
G1 X101.3966 Y107.9290
G1 X101.2602 Y107.9218
G1 X101.1236 Y107.9225
G1 X100.9872 Y107.9311
G0 Z-5.0000 F480


(No. 8: Hole 1)
G0 X100.9872 Y122.9311 Z-5.0000 F2100
G0 Z-0.5000 F480
G1 Z0.0000 F120
G1 Z4.0000
G1 X100.8516 Y122.9477 F600
G1 X100.7173 Y122.9721
G1 X100.5845 Y123.0043
G1 X100.4538 Y123.0441
G1 X100.3257 Y123.0915
G1 X100.2006 Y123.1462
G1 X100.0788 Y123.2082
G1 X99.9609 Y123.2771
G1 X99.8472 Y123.3527
G1 X99.7380 Y123.4348
G1 X99.6338 Y123.5232
G1 X99.5349 Y123.6174
G1 X99.4417 Y123.7173
G1 X99.3545 Y123.8223
G1 X99.2735 Y123.9323
G1 X99.1990 Y124.0468
G1 X99.1313 Y124.1655
G1 X99.0706 Y124.2879
G1 X99.0172 Y124.4136
G1 X98.9711 Y124.5422
G1 X98.9326 Y124.6732
G1 X98.9018 Y124.8063
G1 X98.8787 Y124.9409
G1 X98.8636 Y125.0767
G1 X98.8563 Y125.2131
G1 X98.8570 Y125.3497
G1 X98.8657 Y125.4860
G1 X98.8822 Y125.6216
G1 X98.9066 Y125.7560
G1 X98.9388 Y125.8887
G1 X98.9787 Y126.0194
G1 X99.0261 Y126.1475
G1 X99.0808 Y126.2726
G1 X99.1427 Y126.3944
G1 X99.2116 Y126.5123
G1 X99.2873 Y126.6261
G1 X99.3694 Y126.7352
G1 X99.4577 Y126.8394
G1 X99.5520 Y126.9383
G1 X99.6518 Y127.0315
G1 X99.7569 Y127.1188
G1 X99.8669 Y127.1998
G1 X99.9814 Y127.2743
G1 X100.1001 Y127.3419
G1 X100.2224 Y127.4026
G1 X100.3481 Y127.4561
G1 X100.4767 Y127.5021
G1 X100.6078 Y127.5406
G1 X100.7409 Y127.5715
G1 X100.8755 Y127.5945
G1 X101.0113 Y127.6096
G1 X101.1477 Y127.6169
G1 X101.2842 Y127.6162
G1 X101.4206 Y127.6075
G1 X101.5562 Y127.5910
G1 X101.6906 Y127.5666
G1 X101.8233 Y127.5344
G1 X101.9540 Y127.4946
G1 X102.0821 Y127.4472
G1 X102.2072 Y127.3924
G1 X102.3290 Y127.3305
G1 X102.4469 Y127.2616
G1 X102.5607 Y127.1859
G1 X102.6698 Y127.1038
G1 X102.7740 Y127.0155
G1 X102.8729 Y126.9212
G1 X102.9661 Y126.8214
G1 X103.0534 Y126.7163
G1 X103.1344 Y126.6063
G1 X103.2088 Y126.4918
G1 X103.2765 Y126.3732
G1 X103.3372 Y126.2508
G1 X103.3907 Y126.1251
G1 X103.4367 Y125.9965
G1 X103.4752 Y125.8654
G1 X103.5060 Y125.7324
G1 X103.5291 Y125.5977
G1 X103.5442 Y125.4620
G1 X103.5515 Y125.3256
G1 X103.5508 Y125.1890
G1 X103.5421 Y125.0527
G1 X103.5256 Y124.9171
G1 X103.5012 Y124.7827
G1 X103.4690 Y124.6499
G1 X103.4291 Y124.5193
G1 X103.3818 Y124.3912
G1 X103.3270 Y124.2660
G1 X103.2651 Y124.1443
G1 X103.1962 Y124.0263
G1 X103.1205 Y123.9126
G1 X103.0384 Y123.8034
G1 X102.9501 Y123.6992
G1 X102.8558 Y123.6004
G1 X102.7560 Y123.5071
G1 X102.6509 Y123.4199
G1 X102.5409 Y123.3389
G1 X102.4264 Y123.2644
G1 X102.3078 Y123.1967
G1 X102.1854 Y123.1360
G1 X102.0597 Y123.0826
G1 X101.9311 Y123.0365
G1 X101.8000 Y122.9980
G1 X101.6669 Y122.9672
G1 X101.5323 Y122.9442
G1 X101.3966 Y122.9290
G1 X101.2602 Y122.9218
G1 X101.1236 Y122.9225
G1 X100.9872 Y122.9311
G1 Z8.0000 F120
G1 X100.8516 Y122.9477 F600
G1 X100.7173 Y122.9721
G1 X100.5845 Y123.0043
G1 X100.4538 Y123.0441
G1 X100.3257 Y123.0915
G1 X100.2006 Y123.1462
G1 X100.0788 Y123.2082
G1 X99.9609 Y123.2771
G1 X99.8472 Y123.3527
G1 X99.7380 Y123.4348
G1 X99.6338 Y123.5232
G1 X99.5349 Y123.6174
G1 X99.4417 Y123.7173
G1 X99.3545 Y123.8223
G1 X99.2735 Y123.9323
G1 X99.1990 Y124.0468
G1 X99.1313 Y124.1655
G1 X99.0706 Y124.2879
G1 X99.0172 Y124.4136
G1 X98.9711 Y124.5422
G1 X98.9326 Y124.6732
G1 X98.9018 Y124.8063
G1 X98.8787 Y124.9409
G1 X98.8636 Y125.0767
G1 X98.8563 Y125.2131
G1 X98.8570 Y125.3497
G1 X98.8657 Y125.4860
G1 X98.8822 Y125.6216
G1 X98.9066 Y125.7560
G1 X98.9388 Y125.8887
G1 X98.9787 Y126.0194
G1 X99.0261 Y126.1475
G1 X99.0808 Y126.2726
G1 X99.1427 Y126.3944
G1 X99.2116 Y126.5123
G1 X99.2873 Y126.6261
G1 X99.3694 Y126.7352
G1 X99.4577 Y126.8394
G1 X99.5520 Y126.9383
G1 X99.6518 Y127.0315
G1 X99.7569 Y127.1188
G1 X99.8669 Y127.1998
G1 X99.9814 Y127.2743
G1 X100.1001 Y127.3419
G1 X100.2224 Y127.4026
G1 X100.3481 Y127.4561
G1 X100.4767 Y127.5021
G1 X100.6078 Y127.5406
G1 X100.7409 Y127.5715
G1 X100.8755 Y127.5945
G1 X101.0113 Y127.6096
G1 X101.1477 Y127.6169
G1 X101.2842 Y127.6162
G1 X101.4206 Y127.6075
G1 X101.5562 Y127.5910
G1 X101.6906 Y127.5666
G1 X101.8233 Y127.5344
G1 X101.9540 Y127.4946
G1 X102.0821 Y127.4472
G1 X102.2072 Y127.3924
G1 X102.3290 Y127.3305
G1 X102.4469 Y127.2616
G1 X102.5607 Y127.1859
G1 X102.6698 Y127.1038
G1 X102.7740 Y127.0155
G1 X102.8729 Y126.9212
G1 X102.9661 Y126.8214
G1 X103.0534 Y126.7163
G1 X103.1344 Y126.6063
G1 X103.2088 Y126.4918
G1 X103.2765 Y126.3732
G1 X103.3372 Y126.2508
G1 X103.3907 Y126.1251
G1 X103.4367 Y125.9965
G1 X103.4752 Y125.8654
G1 X103.5060 Y125.7324
G1 X103.5291 Y125.5977
G1 X103.5442 Y125.4620
G1 X103.5515 Y125.3256
G1 X103.5508 Y125.1890
G1 X103.5421 Y125.0527
G1 X103.5256 Y124.9171
G1 X103.5012 Y124.7827
G1 X103.4690 Y124.6499
G1 X103.4291 Y124.5193
G1 X103.3818 Y124.3912
G1 X103.3270 Y124.2660
G1 X103.2651 Y124.1443
G1 X103.1962 Y124.0263
G1 X103.1205 Y123.9126
G1 X103.0384 Y123.8034
G1 X102.9501 Y123.6992
G1 X102.8558 Y123.6004
G1 X102.7560 Y123.5071
G1 X102.6509 Y123.4199
G1 X102.5409 Y123.3389
G1 X102.4264 Y123.2644
G1 X102.3078 Y123.1967
G1 X102.1854 Y123.1360
G1 X102.0597 Y123.0826
G1 X101.9311 Y123.0365
G1 X101.8000 Y122.9980
G1 X101.6669 Y122.9672
G1 X101.5323 Y122.9442
G1 X101.3966 Y122.9290
G1 X101.2602 Y122.9218
G1 X101.1236 Y122.9225
G1 X100.9872 Y122.9311
G0 Z-5.0000 F480


(No. 9: Hole 1)
G0 X100.9872 Y137.9311 Z-5.0000 F2100
G0 Z-0.5000 F480
G1 Z0.0000 F120
G1 Z4.0000
G1 X100.8516 Y137.9477 F600
G1 X100.7173 Y137.9721
G1 X100.5845 Y138.0043
G1 X100.4538 Y138.0441
G1 X100.3257 Y138.0915
G1 X100.2006 Y138.1462
G1 X100.0788 Y138.2082
G1 X99.9609 Y138.2771
G1 X99.8472 Y138.3527
G1 X99.7380 Y138.4348
G1 X99.6338 Y138.5232
G1 X99.5349 Y138.6174
G1 X99.4417 Y138.7173
G1 X99.3545 Y138.8223
G1 X99.2735 Y138.9323
G1 X99.1990 Y139.0468
G1 X99.1313 Y139.1655
G1 X99.0706 Y139.2879
G1 X99.0172 Y139.4136
G1 X98.9711 Y139.5422
G1 X98.9326 Y139.6732
G1 X98.9018 Y139.8063
G1 X98.8787 Y139.9409
G1 X98.8636 Y140.0767
G1 X98.8563 Y140.2131
G1 X98.8570 Y140.3497
G1 X98.8657 Y140.4860
G1 X98.8822 Y140.6216
G1 X98.9066 Y140.7560
G1 X98.9388 Y140.8887
G1 X98.9787 Y141.0194
G1 X99.0261 Y141.1475
G1 X99.0808 Y141.2726
G1 X99.1427 Y141.3944
G1 X99.2116 Y141.5123
G1 X99.2873 Y141.6261
G1 X99.3694 Y141.7352
G1 X99.4577 Y141.8394
G1 X99.5520 Y141.9383
G1 X99.6518 Y142.0315
G1 X99.7569 Y142.1188
G1 X99.8669 Y142.1998
G1 X99.9814 Y142.2743
G1 X100.1001 Y142.3419
G1 X100.2224 Y142.4026
G1 X100.3481 Y142.4561
G1 X100.4767 Y142.5021
G1 X100.6078 Y142.5406
G1 X100.7409 Y142.5715
G1 X100.8755 Y142.5945
G1 X101.0113 Y142.6096
G1 X101.1477 Y142.6169
G1 X101.2842 Y142.6162
G1 X101.4206 Y142.6075
G1 X101.5562 Y142.5910
G1 X101.6906 Y142.5666
G1 X101.8233 Y142.5344
G1 X101.9540 Y142.4946
G1 X102.0821 Y142.4472
G1 X102.2072 Y142.3924
G1 X102.3290 Y142.3305
G1 X102.4469 Y142.2616
G1 X102.5607 Y142.1859
G1 X102.6698 Y142.1038
G1 X102.7740 Y142.0155
G1 X102.8729 Y141.9212
G1 X102.9661 Y141.8214
G1 X103.0534 Y141.7163
G1 X103.1344 Y141.6063
G1 X103.2088 Y141.4918
G1 X103.2765 Y141.3732
G1 X103.3372 Y141.2508
G1 X103.3907 Y141.1251
G1 X103.4367 Y140.9965
G1 X103.4752 Y140.8654
G1 X103.5060 Y140.7324
G1 X103.5291 Y140.5977
G1 X103.5442 Y140.4620
G1 X103.5515 Y140.3256
G1 X103.5508 Y140.1890
G1 X103.5421 Y140.0527
G1 X103.5256 Y139.9171
G1 X103.5012 Y139.7827
G1 X103.4690 Y139.6499
G1 X103.4291 Y139.5193
G1 X103.3818 Y139.3912
G1 X103.3270 Y139.2660
G1 X103.2651 Y139.1443
G1 X103.1962 Y139.0263
G1 X103.1205 Y138.9126
G1 X103.0384 Y138.8034
G1 X102.9501 Y138.6992
G1 X102.8558 Y138.6004
G1 X102.7560 Y138.5071
G1 X102.6509 Y138.4199
G1 X102.5409 Y138.3389
G1 X102.4264 Y138.2644
G1 X102.3078 Y138.1967
G1 X102.1854 Y138.1360
G1 X102.0597 Y138.0826
G1 X101.9311 Y138.0365
G1 X101.8000 Y137.9980
G1 X101.6669 Y137.9672
G1 X101.5323 Y137.9442
G1 X101.3966 Y137.9290
G1 X101.2602 Y137.9218
G1 X101.1236 Y137.9225
G1 X100.9872 Y137.9311
G1 Z8.0000 F120
G1 X100.8516 Y137.9477 F600
G1 X100.7173 Y137.9721
G1 X100.5845 Y138.0043
G1 X100.4538 Y138.0441
G1 X100.3257 Y138.0915
G1 X100.2006 Y138.1462
G1 X100.0788 Y138.2082
G1 X99.9609 Y138.2771
G1 X99.8472 Y138.3527
G1 X99.7380 Y138.4348
G1 X99.6338 Y138.5232
G1 X99.5349 Y138.6174
G1 X99.4417 Y138.7173
G1 X99.3545 Y138.8223
G1 X99.2735 Y138.9323
G1 X99.1990 Y139.0468
G1 X99.1313 Y139.1655
G1 X99.0706 Y139.2879
G1 X99.0172 Y139.4136
G1 X98.9711 Y139.5422
G1 X98.9326 Y139.6732
G1 X98.9018 Y139.8063
G1 X98.8787 Y139.9409
G1 X98.8636 Y140.0767
G1 X98.8563 Y140.2131
G1 X98.8570 Y140.3497
G1 X98.8657 Y140.4860
G1 X98.8822 Y140.6216
G1 X98.9066 Y140.7560
G1 X98.9388 Y140.8887
G1 X98.9787 Y141.0194
G1 X99.0261 Y141.1475
G1 X99.0808 Y141.2726
G1 X99.1427 Y141.3944
G1 X99.2116 Y141.5123
G1 X99.2873 Y141.6261
G1 X99.3694 Y141.7352
G1 X99.4577 Y141.8394
G1 X99.5520 Y141.9383
G1 X99.6518 Y142.0315
G1 X99.7569 Y142.1188
G1 X99.8669 Y142.1998
G1 X99.9814 Y142.2743
G1 X100.1001 Y142.3419
G1 X100.2224 Y142.4026
G1 X100.3481 Y142.4561
G1 X100.4767 Y142.5021
G1 X100.6078 Y142.5406
G1 X100.7409 Y142.5715
G1 X100.8755 Y142.5945
G1 X101.0113 Y142.6096
G1 X101.1477 Y142.6169
G1 X101.2842 Y142.6162
G1 X101.4206 Y142.6075
G1 X101.5562 Y142.5910
G1 X101.6906 Y142.5666
G1 X101.8233 Y142.5344
G1 X101.9540 Y142.4946
G1 X102.0821 Y142.4472
G1 X102.2072 Y142.3924
G1 X102.3290 Y142.3305
G1 X102.4469 Y142.2616
G1 X102.5607 Y142.1859
G1 X102.6698 Y142.1038
G1 X102.7740 Y142.0155
G1 X102.8729 Y141.9212
G1 X102.9661 Y141.8214
G1 X103.0534 Y141.7163
G1 X103.1344 Y141.6063
G1 X103.2088 Y141.4918
G1 X103.2765 Y141.3732
G1 X103.3372 Y141.2508
G1 X103.3907 Y141.1251
G1 X103.4367 Y140.9965
G1 X103.4752 Y140.8654
G1 X103.5060 Y140.7324
G1 X103.5291 Y140.5977
G1 X103.5442 Y140.4620
G1 X103.5515 Y140.3256
G1 X103.5508 Y140.1890
G1 X103.5421 Y140.0527
G1 X103.5256 Y139.9171
G1 X103.5012 Y139.7827
G1 X103.4690 Y139.6499
G1 X103.4291 Y139.5193
G1 X103.3818 Y139.3912
G1 X103.3270 Y139.2660
G1 X103.2651 Y139.1443
G1 X103.1962 Y139.0263
G1 X103.1205 Y138.9126
G1 X103.0384 Y138.8034
G1 X102.9501 Y138.6992
G1 X102.8558 Y138.6004
G1 X102.7560 Y138.5071
G1 X102.6509 Y138.4199
G1 X102.5409 Y138.3389
G1 X102.4264 Y138.2644
G1 X102.3078 Y138.1967
G1 X102.1854 Y138.1360
G1 X102.0597 Y138.0826
G1 X101.9311 Y138.0365
G1 X101.8000 Y137.9980
G1 X101.6669 Y137.9672
G1 X101.5323 Y137.9442
G1 X101.3966 Y137.9290
G1 X101.2602 Y137.9218
G1 X101.1236 Y137.9225
G1 X100.9872 Y137.9311
G0 Z-5.0000 F480


(No. 10: Hole 1)
G0 X85.9872 Y137.9311 Z-5.0000 F2100
G0 Z-0.5000 F480
G1 Z0.0000 F120
G1 Z4.0000
G1 X85.8516 Y137.9477 F600
G1 X85.7173 Y137.9721
G1 X85.5845 Y138.0043
G1 X85.4538 Y138.0441
G1 X85.3257 Y138.0915
G1 X85.2006 Y138.1462
G1 X85.0788 Y138.2082
G1 X84.9609 Y138.2771
G1 X84.8472 Y138.3527
G1 X84.7380 Y138.4348
G1 X84.6338 Y138.5232
G1 X84.5349 Y138.6174
G1 X84.4417 Y138.7173
G1 X84.3545 Y138.8223
G1 X84.2735 Y138.9323
G1 X84.1990 Y139.0468
G1 X84.1313 Y139.1655
G1 X84.0706 Y139.2879
G1 X84.0172 Y139.4136
G1 X83.9711 Y139.5422
G1 X83.9326 Y139.6732
G1 X83.9018 Y139.8063
G1 X83.8787 Y139.9409
G1 X83.8636 Y140.0767
G1 X83.8563 Y140.2131
G1 X83.8570 Y140.3497
G1 X83.8657 Y140.4860
G1 X83.8822 Y140.6216
G1 X83.9066 Y140.7560
G1 X83.9388 Y140.8887
G1 X83.9787 Y141.0194
G1 X84.0261 Y141.1475
G1 X84.0808 Y141.2726
G1 X84.1427 Y141.3944
G1 X84.2116 Y141.5123
G1 X84.2873 Y141.6261
G1 X84.3694 Y141.7352
G1 X84.4577 Y141.8394
G1 X84.5520 Y141.9383
G1 X84.6518 Y142.0315
G1 X84.7569 Y142.1188
G1 X84.8669 Y142.1998
G1 X84.9814 Y142.2743
G1 X85.1001 Y142.3419
G1 X85.2224 Y142.4026
G1 X85.3481 Y142.4561
G1 X85.4767 Y142.5021
G1 X85.6078 Y142.5406
G1 X85.7409 Y142.5715
G1 X85.8755 Y142.5945
G1 X86.0113 Y142.6096
G1 X86.1477 Y142.6169
G1 X86.2842 Y142.6162
G1 X86.4206 Y142.6075
G1 X86.5562 Y142.5910
G1 X86.6906 Y142.5666
G1 X86.8233 Y142.5344
G1 X86.9540 Y142.4946
G1 X87.0821 Y142.4472
G1 X87.2072 Y142.3924
G1 X87.3290 Y142.3305
G1 X87.4469 Y142.2616
G1 X87.5607 Y142.1859
G1 X87.6698 Y142.1038
G1 X87.7740 Y142.0155
G1 X87.8729 Y141.9212
G1 X87.9661 Y141.8214
G1 X88.0534 Y141.7163
G1 X88.1344 Y141.6063
G1 X88.2088 Y141.4918
G1 X88.2765 Y141.3732
G1 X88.3372 Y141.2508
G1 X88.3907 Y141.1251
G1 X88.4367 Y140.9965
G1 X88.4752 Y140.8654
G1 X88.5060 Y140.7324
G1 X88.5291 Y140.5977
G1 X88.5442 Y140.4620
G1 X88.5515 Y140.3256
G1 X88.5508 Y140.1890
G1 X88.5421 Y140.0527
G1 X88.5256 Y139.9171
G1 X88.5012 Y139.7827
G1 X88.4690 Y139.6499
G1 X88.4291 Y139.5193
G1 X88.3818 Y139.3912
G1 X88.3270 Y139.2660
G1 X88.2651 Y139.1443
G1 X88.1962 Y139.0263
G1 X88.1205 Y138.9126
G1 X88.0384 Y138.8034
G1 X87.9501 Y138.6992
G1 X87.8558 Y138.6004
G1 X87.7560 Y138.5071
G1 X87.6509 Y138.4199
G1 X87.5409 Y138.3389
G1 X87.4264 Y138.2644
G1 X87.3078 Y138.1967
G1 X87.1854 Y138.1360
G1 X87.0597 Y138.0826
G1 X86.9311 Y138.0365
G1 X86.8000 Y137.9980
G1 X86.6669 Y137.9672
G1 X86.5323 Y137.9442
G1 X86.3966 Y137.9290
G1 X86.2602 Y137.9218
G1 X86.1236 Y137.9225
G1 X85.9872 Y137.9311
G1 Z8.0000 F120
G1 X85.8516 Y137.9477 F600
G1 X85.7173 Y137.9721
G1 X85.5845 Y138.0043
G1 X85.4538 Y138.0441
G1 X85.3257 Y138.0915
G1 X85.2006 Y138.1462
G1 X85.0788 Y138.2082
G1 X84.9609 Y138.2771
G1 X84.8472 Y138.3527
G1 X84.7380 Y138.4348
G1 X84.6338 Y138.5232
G1 X84.5349 Y138.6174
G1 X84.4417 Y138.7173
G1 X84.3545 Y138.8223
G1 X84.2735 Y138.9323
G1 X84.1990 Y139.0468
G1 X84.1313 Y139.1655
G1 X84.0706 Y139.2879
G1 X84.0172 Y139.4136
G1 X83.9711 Y139.5422
G1 X83.9326 Y139.6732
G1 X83.9018 Y139.8063
G1 X83.8787 Y139.9409
G1 X83.8636 Y140.0767
G1 X83.8563 Y140.2131
G1 X83.8570 Y140.3497
G1 X83.8657 Y140.4860
G1 X83.8822 Y140.6216
G1 X83.9066 Y140.7560
G1 X83.9388 Y140.8887
G1 X83.9787 Y141.0194
G1 X84.0261 Y141.1475
G1 X84.0808 Y141.2726
G1 X84.1427 Y141.3944
G1 X84.2116 Y141.5123
G1 X84.2873 Y141.6261
G1 X84.3694 Y141.7352
G1 X84.4577 Y141.8394
G1 X84.5520 Y141.9383
G1 X84.6518 Y142.0315
G1 X84.7569 Y142.1188
G1 X84.8669 Y142.1998
G1 X84.9814 Y142.2743
G1 X85.1001 Y142.3419
G1 X85.2224 Y142.4026
G1 X85.3481 Y142.4561
G1 X85.4767 Y142.5021
G1 X85.6078 Y142.5406
G1 X85.7409 Y142.5715
G1 X85.8755 Y142.5945
G1 X86.0113 Y142.6096
G1 X86.1477 Y142.6169
G1 X86.2842 Y142.6162
G1 X86.4206 Y142.6075
G1 X86.5562 Y142.5910
G1 X86.6906 Y142.5666
G1 X86.8233 Y142.5344
G1 X86.9540 Y142.4946
G1 X87.0821 Y142.4472
G1 X87.2072 Y142.3924
G1 X87.3290 Y142.3305
G1 X87.4469 Y142.2616
G1 X87.5607 Y142.1859
G1 X87.6698 Y142.1038
G1 X87.7740 Y142.0155
G1 X87.8729 Y141.9212
G1 X87.9661 Y141.8214
G1 X88.0534 Y141.7163
G1 X88.1344 Y141.6063
G1 X88.2088 Y141.4918
G1 X88.2765 Y141.3732
G1 X88.3372 Y141.2508
G1 X88.3907 Y141.1251
G1 X88.4367 Y140.9965
G1 X88.4752 Y140.8654
G1 X88.5060 Y140.7324
G1 X88.5291 Y140.5977
G1 X88.5442 Y140.4620
G1 X88.5515 Y140.3256
G1 X88.5508 Y140.1890
G1 X88.5421 Y140.0527
G1 X88.5256 Y139.9171
G1 X88.5012 Y139.7827
G1 X88.4690 Y139.6499
G1 X88.4291 Y139.5193
G1 X88.3818 Y139.3912
G1 X88.3270 Y139.2660
G1 X88.2651 Y139.1443
G1 X88.1962 Y139.0263
G1 X88.1205 Y138.9126
G1 X88.0384 Y138.8034
G1 X87.9501 Y138.6992
G1 X87.8558 Y138.6004
G1 X87.7560 Y138.5071
G1 X87.6509 Y138.4199
G1 X87.5409 Y138.3389
G1 X87.4264 Y138.2644
G1 X87.3078 Y138.1967
G1 X87.1854 Y138.1360
G1 X87.0597 Y138.0826
G1 X86.9311 Y138.0365
G1 X86.8000 Y137.9980
G1 X86.6669 Y137.9672
G1 X86.5323 Y137.9442
G1 X86.3966 Y137.9290
G1 X86.2602 Y137.9218
G1 X86.1236 Y137.9225
G1 X85.9872 Y137.9311
G0 Z-5.0000 F480


(No. 11: Hole 1)
G0 X85.9872 Y122.9311 Z-5.0000 F2100
G0 Z-0.5000 F480
G1 Z0.0000 F120
G1 Z4.0000
G1 X85.8516 Y122.9477 F600
G1 X85.7173 Y122.9721
G1 X85.5845 Y123.0043
G1 X85.4538 Y123.0441
G1 X85.3257 Y123.0915
G1 X85.2006 Y123.1462
G1 X85.0788 Y123.2082
G1 X84.9609 Y123.2771
G1 X84.8472 Y123.3527
G1 X84.7380 Y123.4348
G1 X84.6338 Y123.5232
G1 X84.5349 Y123.6174
G1 X84.4417 Y123.7173
G1 X84.3545 Y123.8223
G1 X84.2735 Y123.9323
G1 X84.1990 Y124.0468
G1 X84.1313 Y124.1655
G1 X84.0706 Y124.2879
G1 X84.0172 Y124.4136
G1 X83.9711 Y124.5422
G1 X83.9326 Y124.6732
G1 X83.9018 Y124.8063
G1 X83.8787 Y124.9409
G1 X83.8636 Y125.0767
G1 X83.8563 Y125.2131
G1 X83.8570 Y125.3497
G1 X83.8657 Y125.4860
G1 X83.8822 Y125.6216
G1 X83.9066 Y125.7560
G1 X83.9388 Y125.8887
G1 X83.9787 Y126.0194
G1 X84.0261 Y126.1475
G1 X84.0808 Y126.2726
G1 X84.1427 Y126.3944
G1 X84.2116 Y126.5123
G1 X84.2873 Y126.6261
G1 X84.3694 Y126.7352
G1 X84.4577 Y126.8394
G1 X84.5520 Y126.9383
G1 X84.6518 Y127.0315
G1 X84.7569 Y127.1188
G1 X84.8669 Y127.1998
G1 X84.9814 Y127.2743
G1 X85.1001 Y127.3419
G1 X85.2224 Y127.4026
G1 X85.3481 Y127.4561
G1 X85.4767 Y127.5021
G1 X85.6078 Y127.5406
G1 X85.7409 Y127.5715
G1 X85.8755 Y127.5945
G1 X86.0113 Y127.6096
G1 X86.1477 Y127.6169
G1 X86.2842 Y127.6162
G1 X86.4206 Y127.6075
G1 X86.5562 Y127.5910
G1 X86.6906 Y127.5666
G1 X86.8233 Y127.5344
G1 X86.9540 Y127.4946
G1 X87.0821 Y127.4472
G1 X87.2072 Y127.3924
G1 X87.3290 Y127.3305
G1 X87.4469 Y127.2616
G1 X87.5607 Y127.1859
G1 X87.6698 Y127.1038
G1 X87.7740 Y127.0155
G1 X87.8729 Y126.9212
G1 X87.9661 Y126.8214
G1 X88.0534 Y126.7163
G1 X88.1344 Y126.6063
G1 X88.2088 Y126.4918
G1 X88.2765 Y126.3732
G1 X88.3372 Y126.2508
G1 X88.3907 Y126.1251
G1 X88.4367 Y125.9965
G1 X88.4752 Y125.8654
G1 X88.5060 Y125.7324
G1 X88.5291 Y125.5977
G1 X88.5442 Y125.4620
G1 X88.5515 Y125.3256
G1 X88.5508 Y125.1890
G1 X88.5421 Y125.0527
G1 X88.5256 Y124.9171
G1 X88.5012 Y124.7827
G1 X88.4690 Y124.6499
G1 X88.4291 Y124.5193
G1 X88.3818 Y124.3912
G1 X88.3270 Y124.2660
G1 X88.2651 Y124.1443
G1 X88.1962 Y124.0263
G1 X88.1205 Y123.9126
G1 X88.0384 Y123.8034
G1 X87.9501 Y123.6992
G1 X87.8558 Y123.6004
G1 X87.7560 Y123.5071
G1 X87.6509 Y123.4199
G1 X87.5409 Y123.3389
G1 X87.4264 Y123.2644
G1 X87.3078 Y123.1967
G1 X87.1854 Y123.1360
G1 X87.0597 Y123.0826
G1 X86.9311 Y123.0365
G1 X86.8000 Y122.9980
G1 X86.6669 Y122.9672
G1 X86.5323 Y122.9442
G1 X86.3966 Y122.9290
G1 X86.2602 Y122.9218
G1 X86.1236 Y122.9225
G1 X85.9872 Y122.9311
G1 Z8.0000 F120
G1 X85.8516 Y122.9477 F600
G1 X85.7173 Y122.9721
G1 X85.5845 Y123.0043
G1 X85.4538 Y123.0441
G1 X85.3257 Y123.0915
G1 X85.2006 Y123.1462
G1 X85.0788 Y123.2082
G1 X84.9609 Y123.2771
G1 X84.8472 Y123.3527
G1 X84.7380 Y123.4348
G1 X84.6338 Y123.5232
G1 X84.5349 Y123.6174
G1 X84.4417 Y123.7173
G1 X84.3545 Y123.8223
G1 X84.2735 Y123.9323
G1 X84.1990 Y124.0468
G1 X84.1313 Y124.1655
G1 X84.0706 Y124.2879
G1 X84.0172 Y124.4136
G1 X83.9711 Y124.5422
G1 X83.9326 Y124.6732
G1 X83.9018 Y124.8063
G1 X83.8787 Y124.9409
G1 X83.8636 Y125.0767
G1 X83.8563 Y125.2131
G1 X83.8570 Y125.3497
G1 X83.8657 Y125.4860
G1 X83.8822 Y125.6216
G1 X83.9066 Y125.7560
G1 X83.9388 Y125.8887
G1 X83.9787 Y126.0194
G1 X84.0261 Y126.1475
G1 X84.0808 Y126.2726
G1 X84.1427 Y126.3944
G1 X84.2116 Y126.5123
G1 X84.2873 Y126.6261
G1 X84.3694 Y126.7352
G1 X84.4577 Y126.8394
G1 X84.5520 Y126.9383
G1 X84.6518 Y127.0315
G1 X84.7569 Y127.1188
G1 X84.8669 Y127.1998
G1 X84.9814 Y127.2743
G1 X85.1001 Y127.3419
G1 X85.2224 Y127.4026
G1 X85.3481 Y127.4561
G1 X85.4767 Y127.5021
G1 X85.6078 Y127.5406
G1 X85.7409 Y127.5715
G1 X85.8755 Y127.5945
G1 X86.0113 Y127.6096
G1 X86.1477 Y127.6169
G1 X86.2842 Y127.6162
G1 X86.4206 Y127.6075
G1 X86.5562 Y127.5910
G1 X86.6906 Y127.5666
G1 X86.8233 Y127.5344
G1 X86.9540 Y127.4946
G1 X87.0821 Y127.4472
G1 X87.2072 Y127.3924
G1 X87.3290 Y127.3305
G1 X87.4469 Y127.2616
G1 X87.5607 Y127.1859
G1 X87.6698 Y127.1038
G1 X87.7740 Y127.0155
G1 X87.8729 Y126.9212
G1 X87.9661 Y126.8214
G1 X88.0534 Y126.7163
G1 X88.1344 Y126.6063
G1 X88.2088 Y126.4918
G1 X88.2765 Y126.3732
G1 X88.3372 Y126.2508
G1 X88.3907 Y126.1251
G1 X88.4367 Y125.9965
G1 X88.4752 Y125.8654
G1 X88.5060 Y125.7324
G1 X88.5291 Y125.5977
G1 X88.5442 Y125.4620
G1 X88.5515 Y125.3256
G1 X88.5508 Y125.1890
G1 X88.5421 Y125.0527
G1 X88.5256 Y124.9171
G1 X88.5012 Y124.7827
G1 X88.4690 Y124.6499
G1 X88.4291 Y124.5193
G1 X88.3818 Y124.3912
G1 X88.3270 Y124.2660
G1 X88.2651 Y124.1443
G1 X88.1962 Y124.0263
G1 X88.1205 Y123.9126
G1 X88.0384 Y123.8034
G1 X87.9501 Y123.6992
G1 X87.8558 Y123.6004
G1 X87.7560 Y123.5071
G1 X87.6509 Y123.4199
G1 X87.5409 Y123.3389
G1 X87.4264 Y123.2644
G1 X87.3078 Y123.1967
G1 X87.1854 Y123.1360
G1 X87.0597 Y123.0826
G1 X86.9311 Y123.0365
G1 X86.8000 Y122.9980
G1 X86.6669 Y122.9672
G1 X86.5323 Y122.9442
G1 X86.3966 Y122.9290
G1 X86.2602 Y122.9218
G1 X86.1236 Y122.9225
G1 X85.9872 Y122.9311
G0 Z-5.0000 F480


(No. 12: Hole 1)
G0 X70.9872 Y122.9311 Z-5.0000 F2100
G0 Z-0.5000 F480
G1 Z0.0000 F120
G1 Z4.0000
G1 X70.8516 Y122.9477 F600
G1 X70.7173 Y122.9721
G1 X70.5845 Y123.0043
G1 X70.4538 Y123.0441
G1 X70.3257 Y123.0915
G1 X70.2006 Y123.1462
G1 X70.0788 Y123.2082
G1 X69.9609 Y123.2771
G1 X69.8472 Y123.3527
G1 X69.7380 Y123.4348
G1 X69.6338 Y123.5232
G1 X69.5349 Y123.6174
G1 X69.4417 Y123.7173
G1 X69.3545 Y123.8223
G1 X69.2735 Y123.9323
G1 X69.1990 Y124.0468
G1 X69.1313 Y124.1655
G1 X69.0706 Y124.2879
G1 X69.0172 Y124.4136
G1 X68.9711 Y124.5422
G1 X68.9326 Y124.6732
G1 X68.9018 Y124.8063
G1 X68.8787 Y124.9409
G1 X68.8636 Y125.0767
G1 X68.8563 Y125.2131
G1 X68.8570 Y125.3497
G1 X68.8657 Y125.4860
G1 X68.8822 Y125.6216
G1 X68.9066 Y125.7560
G1 X68.9388 Y125.8887
G1 X68.9787 Y126.0194
G1 X69.0261 Y126.1475
G1 X69.0808 Y126.2726
G1 X69.1427 Y126.3944
G1 X69.2116 Y126.5123
G1 X69.2873 Y126.6261
G1 X69.3694 Y126.7352
G1 X69.4577 Y126.8394
G1 X69.5520 Y126.9383
G1 X69.6518 Y127.0315
G1 X69.7569 Y127.1188
G1 X69.8669 Y127.1998
G1 X69.9814 Y127.2743
G1 X70.1001 Y127.3419
G1 X70.2224 Y127.4026
G1 X70.3481 Y127.4561
G1 X70.4767 Y127.5021
G1 X70.6078 Y127.5406
G1 X70.7409 Y127.5715
G1 X70.8755 Y127.5945
G1 X71.0113 Y127.6096
G1 X71.1477 Y127.6169
G1 X71.2842 Y127.6162
G1 X71.4206 Y127.6075
G1 X71.5562 Y127.5910
G1 X71.6906 Y127.5666
G1 X71.8233 Y127.5344
G1 X71.9540 Y127.4946
G1 X72.0821 Y127.4472
G1 X72.2072 Y127.3924
G1 X72.3290 Y127.3305
G1 X72.4469 Y127.2616
G1 X72.5607 Y127.1859
G1 X72.6698 Y127.1038
G1 X72.7740 Y127.0155
G1 X72.8729 Y126.9212
G1 X72.9661 Y126.8214
G1 X73.0534 Y126.7163
G1 X73.1344 Y126.6063
G1 X73.2088 Y126.4918
G1 X73.2765 Y126.3732
G1 X73.3372 Y126.2508
G1 X73.3907 Y126.1251
G1 X73.4367 Y125.9965
G1 X73.4752 Y125.8654
G1 X73.5060 Y125.7324
G1 X73.5291 Y125.5977
G1 X73.5442 Y125.4620
G1 X73.5515 Y125.3256
G1 X73.5508 Y125.1890
G1 X73.5421 Y125.0527
G1 X73.5256 Y124.9171
G1 X73.5012 Y124.7827
G1 X73.4690 Y124.6499
G1 X73.4291 Y124.5193
G1 X73.3818 Y124.3912
G1 X73.3270 Y124.2660
G1 X73.2651 Y124.1443
G1 X73.1962 Y124.0263
G1 X73.1205 Y123.9126
G1 X73.0384 Y123.8034
G1 X72.9501 Y123.6992
G1 X72.8558 Y123.6004
G1 X72.7560 Y123.5071
G1 X72.6509 Y123.4199
G1 X72.5409 Y123.3389
G1 X72.4264 Y123.2644
G1 X72.3078 Y123.1967
G1 X72.1854 Y123.1360
G1 X72.0597 Y123.0826
G1 X71.9311 Y123.0365
G1 X71.8000 Y122.9980
G1 X71.6669 Y122.9672
G1 X71.5323 Y122.9442
G1 X71.3966 Y122.9290
G1 X71.2602 Y122.9218
G1 X71.1236 Y122.9225
G1 X70.9872 Y122.9311
G1 Z8.0000 F120
G1 X70.8516 Y122.9477 F600
G1 X70.7173 Y122.9721
G1 X70.5845 Y123.0043
G1 X70.4538 Y123.0441
G1 X70.3257 Y123.0915
G1 X70.2006 Y123.1462
G1 X70.0788 Y123.2082
G1 X69.9609 Y123.2771
G1 X69.8472 Y123.3527
G1 X69.7380 Y123.4348
G1 X69.6338 Y123.5232
G1 X69.5349 Y123.6174
G1 X69.4417 Y123.7173
G1 X69.3545 Y123.8223
G1 X69.2735 Y123.9323
G1 X69.1990 Y124.0468
G1 X69.1313 Y124.1655
G1 X69.0706 Y124.2879
G1 X69.0172 Y124.4136
G1 X68.9711 Y124.5422
G1 X68.9326 Y124.6732
G1 X68.9018 Y124.8063
G1 X68.8787 Y124.9409
G1 X68.8636 Y125.0767
G1 X68.8563 Y125.2131
G1 X68.8570 Y125.3497
G1 X68.8657 Y125.4860
G1 X68.8822 Y125.6216
G1 X68.9066 Y125.7560
G1 X68.9388 Y125.8887
G1 X68.9787 Y126.0194
G1 X69.0261 Y126.1475
G1 X69.0808 Y126.2726
G1 X69.1427 Y126.3944
G1 X69.2116 Y126.5123
G1 X69.2873 Y126.6261
G1 X69.3694 Y126.7352
G1 X69.4577 Y126.8394
G1 X69.5520 Y126.9383
G1 X69.6518 Y127.0315
G1 X69.7569 Y127.1188
G1 X69.8669 Y127.1998
G1 X69.9814 Y127.2743
G1 X70.1001 Y127.3419
G1 X70.2224 Y127.4026
G1 X70.3481 Y127.4561
G1 X70.4767 Y127.5021
G1 X70.6078 Y127.5406
G1 X70.7409 Y127.5715
G1 X70.8755 Y127.5945
G1 X71.0113 Y127.6096
G1 X71.1477 Y127.6169
G1 X71.2842 Y127.6162
G1 X71.4206 Y127.6075
G1 X71.5562 Y127.5910
G1 X71.6906 Y127.5666
G1 X71.8233 Y127.5344
G1 X71.9540 Y127.4946
G1 X72.0821 Y127.4472
G1 X72.2072 Y127.3924
G1 X72.3290 Y127.3305
G1 X72.4469 Y127.2616
G1 X72.5607 Y127.1859
G1 X72.6698 Y127.1038
G1 X72.7740 Y127.0155
G1 X72.8729 Y126.9212
G1 X72.9661 Y126.8214
G1 X73.0534 Y126.7163
G1 X73.1344 Y126.6063
G1 X73.2088 Y126.4918
G1 X73.2765 Y126.3732
G1 X73.3372 Y126.2508
G1 X73.3907 Y126.1251
G1 X73.4367 Y125.9965
G1 X73.4752 Y125.8654
G1 X73.5060 Y125.7324
G1 X73.5291 Y125.5977
G1 X73.5442 Y125.4620
G1 X73.5515 Y125.3256
G1 X73.5508 Y125.1890
G1 X73.5421 Y125.0527
G1 X73.5256 Y124.9171
G1 X73.5012 Y124.7827
G1 X73.4690 Y124.6499
G1 X73.4291 Y124.5193
G1 X73.3818 Y124.3912
G1 X73.3270 Y124.2660
G1 X73.2651 Y124.1443
G1 X73.1962 Y124.0263
G1 X73.1205 Y123.9126
G1 X73.0384 Y123.8034
G1 X72.9501 Y123.6992
G1 X72.8558 Y123.6004
G1 X72.7560 Y123.5071
G1 X72.6509 Y123.4199
G1 X72.5409 Y123.3389
G1 X72.4264 Y123.2644
G1 X72.3078 Y123.1967
G1 X72.1854 Y123.1360
G1 X72.0597 Y123.0826
G1 X71.9311 Y123.0365
G1 X71.8000 Y122.9980
G1 X71.6669 Y122.9672
G1 X71.5323 Y122.9442
G1 X71.3966 Y122.9290
G1 X71.2602 Y122.9218
G1 X71.1236 Y122.9225
G1 X70.9872 Y122.9311
G0 Z-5.0000 F480


(No. 13: Hole 1)
G0 X70.9872 Y137.9311 Z-5.0000 F2100
G0 Z-0.5000 F480
G1 Z0.0000 F120
G1 Z4.0000
G1 X70.8516 Y137.9477 F600
G1 X70.7173 Y137.9721
G1 X70.5845 Y138.0043
G1 X70.4538 Y138.0441
G1 X70.3257 Y138.0915
G1 X70.2006 Y138.1462
G1 X70.0788 Y138.2082
G1 X69.9609 Y138.2771
G1 X69.8472 Y138.3527
G1 X69.7380 Y138.4348
G1 X69.6338 Y138.5232
G1 X69.5349 Y138.6174
G1 X69.4417 Y138.7173
G1 X69.3545 Y138.8223
G1 X69.2735 Y138.9323
G1 X69.1990 Y139.0468
G1 X69.1313 Y139.1655
G1 X69.0706 Y139.2879
G1 X69.0172 Y139.4136
G1 X68.9711 Y139.5422
G1 X68.9326 Y139.6732
G1 X68.9018 Y139.8063
G1 X68.8787 Y139.9409
G1 X68.8636 Y140.0767
G1 X68.8563 Y140.2131
G1 X68.8570 Y140.3497
G1 X68.8657 Y140.4860
G1 X68.8822 Y140.6216
G1 X68.9066 Y140.7560
G1 X68.9388 Y140.8887
G1 X68.9787 Y141.0194
G1 X69.0261 Y141.1475
G1 X69.0808 Y141.2726
G1 X69.1427 Y141.3944
G1 X69.2116 Y141.5123
G1 X69.2873 Y141.6261
G1 X69.3694 Y141.7352
G1 X69.4577 Y141.8394
G1 X69.5520 Y141.9383
G1 X69.6518 Y142.0315
G1 X69.7569 Y142.1188
G1 X69.8669 Y142.1998
G1 X69.9814 Y142.2743
G1 X70.1001 Y142.3419
G1 X70.2224 Y142.4026
G1 X70.3481 Y142.4561
G1 X70.4767 Y142.5021
G1 X70.6078 Y142.5406
G1 X70.7409 Y142.5715
G1 X70.8755 Y142.5945
G1 X71.0113 Y142.6096
G1 X71.1477 Y142.6169
G1 X71.2842 Y142.6162
G1 X71.4206 Y142.6075
G1 X71.5562 Y142.5910
G1 X71.6906 Y142.5666
G1 X71.8233 Y142.5344
G1 X71.9540 Y142.4946
G1 X72.0821 Y142.4472
G1 X72.2072 Y142.3924
G1 X72.3290 Y142.3305
G1 X72.4469 Y142.2616
G1 X72.5607 Y142.1859
G1 X72.6698 Y142.1038
G1 X72.7740 Y142.0155
G1 X72.8729 Y141.9212
G1 X72.9661 Y141.8214
G1 X73.0534 Y141.7163
G1 X73.1344 Y141.6063
G1 X73.2088 Y141.4918
G1 X73.2765 Y141.3732
G1 X73.3372 Y141.2508
G1 X73.3907 Y141.1251
G1 X73.4367 Y140.9965
G1 X73.4752 Y140.8654
G1 X73.5060 Y140.7324
G1 X73.5291 Y140.5977
G1 X73.5442 Y140.4620
G1 X73.5515 Y140.3256
G1 X73.5508 Y140.1890
G1 X73.5421 Y140.0527
G1 X73.5256 Y139.9171
G1 X73.5012 Y139.7827
G1 X73.4690 Y139.6499
G1 X73.4291 Y139.5193
G1 X73.3818 Y139.3912
G1 X73.3270 Y139.2660
G1 X73.2651 Y139.1443
G1 X73.1962 Y139.0263
G1 X73.1205 Y138.9126
G1 X73.0384 Y138.8034
G1 X72.9501 Y138.6992
G1 X72.8558 Y138.6004
G1 X72.7560 Y138.5071
G1 X72.6509 Y138.4199
G1 X72.5409 Y138.3389
G1 X72.4264 Y138.2644
G1 X72.3078 Y138.1967
G1 X72.1854 Y138.1360
G1 X72.0597 Y138.0826
G1 X71.9311 Y138.0365
G1 X71.8000 Y137.9980
G1 X71.6669 Y137.9672
G1 X71.5323 Y137.9442
G1 X71.3966 Y137.9290
G1 X71.2602 Y137.9218
G1 X71.1236 Y137.9225
G1 X70.9872 Y137.9311
G1 Z8.0000 F120
G1 X70.8516 Y137.9477 F600
G1 X70.7173 Y137.9721
G1 X70.5845 Y138.0043
G1 X70.4538 Y138.0441
G1 X70.3257 Y138.0915
G1 X70.2006 Y138.1462
G1 X70.0788 Y138.2082
G1 X69.9609 Y138.2771
G1 X69.8472 Y138.3527
G1 X69.7380 Y138.4348
G1 X69.6338 Y138.5232
G1 X69.5349 Y138.6174
G1 X69.4417 Y138.7173
G1 X69.3545 Y138.8223
G1 X69.2735 Y138.9323
G1 X69.1990 Y139.0468
G1 X69.1313 Y139.1655
G1 X69.0706 Y139.2879
G1 X69.0172 Y139.4136
G1 X68.9711 Y139.5422
G1 X68.9326 Y139.6732
G1 X68.9018 Y139.8063
G1 X68.8787 Y139.9409
G1 X68.8636 Y140.0767
G1 X68.8563 Y140.2131
G1 X68.8570 Y140.3497
G1 X68.8657 Y140.4860
G1 X68.8822 Y140.6216
G1 X68.9066 Y140.7560
G1 X68.9388 Y140.8887
G1 X68.9787 Y141.0194
G1 X69.0261 Y141.1475
G1 X69.0808 Y141.2726
G1 X69.1427 Y141.3944
G1 X69.2116 Y141.5123
G1 X69.2873 Y141.6261
G1 X69.3694 Y141.7352
G1 X69.4577 Y141.8394
G1 X69.5520 Y141.9383
G1 X69.6518 Y142.0315
G1 X69.7569 Y142.1188
G1 X69.8669 Y142.1998
G1 X69.9814 Y142.2743
G1 X70.1001 Y142.3419
G1 X70.2224 Y142.4026
G1 X70.3481 Y142.4561
G1 X70.4767 Y142.5021
G1 X70.6078 Y142.5406
G1 X70.7409 Y142.5715
G1 X70.8755 Y142.5945
G1 X71.0113 Y142.6096
G1 X71.1477 Y142.6169
G1 X71.2842 Y142.6162
G1 X71.4206 Y142.6075
G1 X71.5562 Y142.5910
G1 X71.6906 Y142.5666
G1 X71.8233 Y142.5344
G1 X71.9540 Y142.4946
G1 X72.0821 Y142.4472
G1 X72.2072 Y142.3924
G1 X72.3290 Y142.3305
G1 X72.4469 Y142.2616
G1 X72.5607 Y142.1859
G1 X72.6698 Y142.1038
G1 X72.7740 Y142.0155
G1 X72.8729 Y141.9212
G1 X72.9661 Y141.8214
G1 X73.0534 Y141.7163
G1 X73.1344 Y141.6063
G1 X73.2088 Y141.4918
G1 X73.2765 Y141.3732
G1 X73.3372 Y141.2508
G1 X73.3907 Y141.1251
G1 X73.4367 Y140.9965
G1 X73.4752 Y140.8654
G1 X73.5060 Y140.7324
G1 X73.5291 Y140.5977
G1 X73.5442 Y140.4620
G1 X73.5515 Y140.3256
G1 X73.5508 Y140.1890
G1 X73.5421 Y140.0527
G1 X73.5256 Y139.9171
G1 X73.5012 Y139.7827
G1 X73.4690 Y139.6499
G1 X73.4291 Y139.5193
G1 X73.3818 Y139.3912
G1 X73.3270 Y139.2660
G1 X73.2651 Y139.1443
G1 X73.1962 Y139.0263
G1 X73.1205 Y138.9126
G1 X73.0384 Y138.8034
G1 X72.9501 Y138.6992
G1 X72.8558 Y138.6004
G1 X72.7560 Y138.5071
G1 X72.6509 Y138.4199
G1 X72.5409 Y138.3389
G1 X72.4264 Y138.2644
G1 X72.3078 Y138.1967
G1 X72.1854 Y138.1360
G1 X72.0597 Y138.0826
G1 X71.9311 Y138.0365
G1 X71.8000 Y137.9980
G1 X71.6669 Y137.9672
G1 X71.5323 Y137.9442
G1 X71.3966 Y137.9290
G1 X71.2602 Y137.9218
G1 X71.1236 Y137.9225
G1 X70.9872 Y137.9311
G0 Z-5.0000 F480


(No. 14: Hole 1)
G0 X55.9872 Y137.9311 Z-5.0000 F2100
G0 Z-0.5000 F480
G1 Z0.0000 F120
G1 Z4.0000
G1 X55.8516 Y137.9477 F600
G1 X55.7173 Y137.9721
G1 X55.5845 Y138.0043
G1 X55.4538 Y138.0441
G1 X55.3257 Y138.0915
G1 X55.2006 Y138.1462
G1 X55.0788 Y138.2082
G1 X54.9609 Y138.2771
G1 X54.8472 Y138.3527
G1 X54.7380 Y138.4348
G1 X54.6338 Y138.5232
G1 X54.5349 Y138.6174
G1 X54.4417 Y138.7173
G1 X54.3545 Y138.8223
G1 X54.2735 Y138.9323
G1 X54.1990 Y139.0468
G1 X54.1313 Y139.1655
G1 X54.0706 Y139.2879
G1 X54.0172 Y139.4136
G1 X53.9711 Y139.5422
G1 X53.9326 Y139.6732
G1 X53.9018 Y139.8063
G1 X53.8787 Y139.9409
G1 X53.8636 Y140.0767
G1 X53.8563 Y140.2131
G1 X53.8570 Y140.3497
G1 X53.8657 Y140.4860
G1 X53.8822 Y140.6216
G1 X53.9066 Y140.7560
G1 X53.9388 Y140.8887
G1 X53.9787 Y141.0194
G1 X54.0261 Y141.1475
G1 X54.0808 Y141.2726
G1 X54.1427 Y141.3944
G1 X54.2116 Y141.5123
G1 X54.2873 Y141.6261
G1 X54.3694 Y141.7352
G1 X54.4577 Y141.8394
G1 X54.5520 Y141.9383
G1 X54.6518 Y142.0315
G1 X54.7569 Y142.1188
G1 X54.8669 Y142.1998
G1 X54.9814 Y142.2743
G1 X55.1001 Y142.3419
G1 X55.2224 Y142.4026
G1 X55.3481 Y142.4561
G1 X55.4767 Y142.5021
G1 X55.6078 Y142.5406
G1 X55.7409 Y142.5715
G1 X55.8755 Y142.5945
G1 X56.0113 Y142.6096
G1 X56.1477 Y142.6169
G1 X56.2842 Y142.6162
G1 X56.4206 Y142.6075
G1 X56.5562 Y142.5910
G1 X56.6906 Y142.5666
G1 X56.8233 Y142.5344
G1 X56.9540 Y142.4946
G1 X57.0821 Y142.4472
G1 X57.2072 Y142.3924
G1 X57.3290 Y142.3305
G1 X57.4469 Y142.2616
G1 X57.5607 Y142.1859
G1 X57.6698 Y142.1038
G1 X57.7740 Y142.0155
G1 X57.8729 Y141.9212
G1 X57.9661 Y141.8214
G1 X58.0534 Y141.7163
G1 X58.1344 Y141.6063
G1 X58.2088 Y141.4918
G1 X58.2765 Y141.3732
G1 X58.3372 Y141.2508
G1 X58.3907 Y141.1251
G1 X58.4367 Y140.9965
G1 X58.4752 Y140.8654
G1 X58.5060 Y140.7324
G1 X58.5291 Y140.5977
G1 X58.5442 Y140.4620
G1 X58.5515 Y140.3256
G1 X58.5508 Y140.1890
G1 X58.5421 Y140.0527
G1 X58.5256 Y139.9171
G1 X58.5012 Y139.7827
G1 X58.4690 Y139.6499
G1 X58.4291 Y139.5193
G1 X58.3818 Y139.3912
G1 X58.3270 Y139.2660
G1 X58.2651 Y139.1443
G1 X58.1962 Y139.0263
G1 X58.1205 Y138.9126
G1 X58.0384 Y138.8034
G1 X57.9501 Y138.6992
G1 X57.8558 Y138.6004
G1 X57.7560 Y138.5071
G1 X57.6509 Y138.4199
G1 X57.5409 Y138.3389
G1 X57.4264 Y138.2644
G1 X57.3078 Y138.1967
G1 X57.1854 Y138.1360
G1 X57.0597 Y138.0826
G1 X56.9311 Y138.0365
G1 X56.8000 Y137.9980
G1 X56.6669 Y137.9672
G1 X56.5323 Y137.9442
G1 X56.3966 Y137.9290
G1 X56.2602 Y137.9218
G1 X56.1236 Y137.9225
G1 X55.9872 Y137.9311
G1 Z8.0000 F120
G1 X55.8516 Y137.9477 F600
G1 X55.7173 Y137.9721
G1 X55.5845 Y138.0043
G1 X55.4538 Y138.0441
G1 X55.3257 Y138.0915
G1 X55.2006 Y138.1462
G1 X55.0788 Y138.2082
G1 X54.9609 Y138.2771
G1 X54.8472 Y138.3527
G1 X54.7380 Y138.4348
G1 X54.6338 Y138.5232
G1 X54.5349 Y138.6174
G1 X54.4417 Y138.7173
G1 X54.3545 Y138.8223
G1 X54.2735 Y138.9323
G1 X54.1990 Y139.0468
G1 X54.1313 Y139.1655
G1 X54.0706 Y139.2879
G1 X54.0172 Y139.4136
G1 X53.9711 Y139.5422
G1 X53.9326 Y139.6732
G1 X53.9018 Y139.8063
G1 X53.8787 Y139.9409
G1 X53.8636 Y140.0767
G1 X53.8563 Y140.2131
G1 X53.8570 Y140.3497
G1 X53.8657 Y140.4860
G1 X53.8822 Y140.6216
G1 X53.9066 Y140.7560
G1 X53.9388 Y140.8887
G1 X53.9787 Y141.0194
G1 X54.0261 Y141.1475
G1 X54.0808 Y141.2726
G1 X54.1427 Y141.3944
G1 X54.2116 Y141.5123
G1 X54.2873 Y141.6261
G1 X54.3694 Y141.7352
G1 X54.4577 Y141.8394
G1 X54.5520 Y141.9383
G1 X54.6518 Y142.0315
G1 X54.7569 Y142.1188
G1 X54.8669 Y142.1998
G1 X54.9814 Y142.2743
G1 X55.1001 Y142.3419
G1 X55.2224 Y142.4026
G1 X55.3481 Y142.4561
G1 X55.4767 Y142.5021
G1 X55.6078 Y142.5406
G1 X55.7409 Y142.5715
G1 X55.8755 Y142.5945
G1 X56.0113 Y142.6096
G1 X56.1477 Y142.6169
G1 X56.2842 Y142.6162
G1 X56.4206 Y142.6075
G1 X56.5562 Y142.5910
G1 X56.6906 Y142.5666
G1 X56.8233 Y142.5344
G1 X56.9540 Y142.4946
G1 X57.0821 Y142.4472
G1 X57.2072 Y142.3924
G1 X57.3290 Y142.3305
G1 X57.4469 Y142.2616
G1 X57.5607 Y142.1859
G1 X57.6698 Y142.1038
G1 X57.7740 Y142.0155
G1 X57.8729 Y141.9212
G1 X57.9661 Y141.8214
G1 X58.0534 Y141.7163
G1 X58.1344 Y141.6063
G1 X58.2088 Y141.4918
G1 X58.2765 Y141.3732
G1 X58.3372 Y141.2508
G1 X58.3907 Y141.1251
G1 X58.4367 Y140.9965
G1 X58.4752 Y140.8654
G1 X58.5060 Y140.7324
G1 X58.5291 Y140.5977
G1 X58.5442 Y140.4620
G1 X58.5515 Y140.3256
G1 X58.5508 Y140.1890
G1 X58.5421 Y140.0527
G1 X58.5256 Y139.9171
G1 X58.5012 Y139.7827
G1 X58.4690 Y139.6499
G1 X58.4291 Y139.5193
G1 X58.3818 Y139.3912
G1 X58.3270 Y139.2660
G1 X58.2651 Y139.1443
G1 X58.1962 Y139.0263
G1 X58.1205 Y138.9126
G1 X58.0384 Y138.8034
G1 X57.9501 Y138.6992
G1 X57.8558 Y138.6004
G1 X57.7560 Y138.5071
G1 X57.6509 Y138.4199
G1 X57.5409 Y138.3389
G1 X57.4264 Y138.2644
G1 X57.3078 Y138.1967
G1 X57.1854 Y138.1360
G1 X57.0597 Y138.0826
G1 X56.9311 Y138.0365
G1 X56.8000 Y137.9980
G1 X56.6669 Y137.9672
G1 X56.5323 Y137.9442
G1 X56.3966 Y137.9290
G1 X56.2602 Y137.9218
G1 X56.1236 Y137.9225
G1 X55.9872 Y137.9311
G0 Z-5.0000 F480


(No. 15: Hole 1)
G0 X55.9872 Y122.9311 Z-5.0000 F2100
G0 Z-0.5000 F480
G1 Z0.0000 F120
G1 Z4.0000
G1 X55.8516 Y122.9477 F600
G1 X55.7173 Y122.9721
G1 X55.5845 Y123.0043
G1 X55.4538 Y123.0441
G1 X55.3257 Y123.0915
G1 X55.2006 Y123.1462
G1 X55.0788 Y123.2082
G1 X54.9609 Y123.2771
G1 X54.8472 Y123.3527
G1 X54.7380 Y123.4348
G1 X54.6338 Y123.5232
G1 X54.5349 Y123.6174
G1 X54.4417 Y123.7173
G1 X54.3545 Y123.8223
G1 X54.2735 Y123.9323
G1 X54.1990 Y124.0468
G1 X54.1313 Y124.1655
G1 X54.0706 Y124.2879
G1 X54.0172 Y124.4136
G1 X53.9711 Y124.5422
G1 X53.9326 Y124.6732
G1 X53.9018 Y124.8063
G1 X53.8787 Y124.9409
G1 X53.8636 Y125.0767
G1 X53.8563 Y125.2131
G1 X53.8570 Y125.3497
G1 X53.8657 Y125.4860
G1 X53.8822 Y125.6216
G1 X53.9066 Y125.7560
G1 X53.9388 Y125.8887
G1 X53.9787 Y126.0194
G1 X54.0261 Y126.1475
G1 X54.0808 Y126.2726
G1 X54.1427 Y126.3944
G1 X54.2116 Y126.5123
G1 X54.2873 Y126.6261
G1 X54.3694 Y126.7352
G1 X54.4577 Y126.8394
G1 X54.5520 Y126.9383
G1 X54.6518 Y127.0315
G1 X54.7569 Y127.1188
G1 X54.8669 Y127.1998
G1 X54.9814 Y127.2743
G1 X55.1001 Y127.3419
G1 X55.2224 Y127.4026
G1 X55.3481 Y127.4561
G1 X55.4767 Y127.5021
G1 X55.6078 Y127.5406
G1 X55.7409 Y127.5715
G1 X55.8755 Y127.5945
G1 X56.0113 Y127.6096
G1 X56.1477 Y127.6169
G1 X56.2842 Y127.6162
G1 X56.4206 Y127.6075
G1 X56.5562 Y127.5910
G1 X56.6906 Y127.5666
G1 X56.8233 Y127.5344
G1 X56.9540 Y127.4946
G1 X57.0821 Y127.4472
G1 X57.2072 Y127.3924
G1 X57.3290 Y127.3305
G1 X57.4469 Y127.2616
G1 X57.5607 Y127.1859
G1 X57.6698 Y127.1038
G1 X57.7740 Y127.0155
G1 X57.8729 Y126.9212
G1 X57.9661 Y126.8214
G1 X58.0534 Y126.7163
G1 X58.1344 Y126.6063
G1 X58.2088 Y126.4918
G1 X58.2765 Y126.3732
G1 X58.3372 Y126.2508
G1 X58.3907 Y126.1251
G1 X58.4367 Y125.9965
G1 X58.4752 Y125.8654
G1 X58.5060 Y125.7324
G1 X58.5291 Y125.5977
G1 X58.5442 Y125.4620
G1 X58.5515 Y125.3256
G1 X58.5508 Y125.1890
G1 X58.5421 Y125.0527
G1 X58.5256 Y124.9171
G1 X58.5012 Y124.7827
G1 X58.4690 Y124.6499
G1 X58.4291 Y124.5193
G1 X58.3818 Y124.3912
G1 X58.3270 Y124.2660
G1 X58.2651 Y124.1443
G1 X58.1962 Y124.0263
G1 X58.1205 Y123.9126
G1 X58.0384 Y123.8034
G1 X57.9501 Y123.6992
G1 X57.8558 Y123.6004
G1 X57.7560 Y123.5071
G1 X57.6509 Y123.4199
G1 X57.5409 Y123.3389
G1 X57.4264 Y123.2644
G1 X57.3078 Y123.1967
G1 X57.1854 Y123.1360
G1 X57.0597 Y123.0826
G1 X56.9311 Y123.0365
G1 X56.8000 Y122.9980
G1 X56.6669 Y122.9672
G1 X56.5323 Y122.9442
G1 X56.3966 Y122.9290
G1 X56.2602 Y122.9218
G1 X56.1236 Y122.9225
G1 X55.9872 Y122.9311
G1 Z8.0000 F120
G1 X55.8516 Y122.9477 F600
G1 X55.7173 Y122.9721
G1 X55.5845 Y123.0043
G1 X55.4538 Y123.0441
G1 X55.3257 Y123.0915
G1 X55.2006 Y123.1462
G1 X55.0788 Y123.2082
G1 X54.9609 Y123.2771
G1 X54.8472 Y123.3527
G1 X54.7380 Y123.4348
G1 X54.6338 Y123.5232
G1 X54.5349 Y123.6174
G1 X54.4417 Y123.7173
G1 X54.3545 Y123.8223
G1 X54.2735 Y123.9323
G1 X54.1990 Y124.0468
G1 X54.1313 Y124.1655
G1 X54.0706 Y124.2879
G1 X54.0172 Y124.4136
G1 X53.9711 Y124.5422
G1 X53.9326 Y124.6732
G1 X53.9018 Y124.8063
G1 X53.8787 Y124.9409
G1 X53.8636 Y125.0767
G1 X53.8563 Y125.2131
G1 X53.8570 Y125.3497
G1 X53.8657 Y125.4860
G1 X53.8822 Y125.6216
G1 X53.9066 Y125.7560
G1 X53.9388 Y125.8887
G1 X53.9787 Y126.0194
G1 X54.0261 Y126.1475
G1 X54.0808 Y126.2726
G1 X54.1427 Y126.3944
G1 X54.2116 Y126.5123
G1 X54.2873 Y126.6261
G1 X54.3694 Y126.7352
G1 X54.4577 Y126.8394
G1 X54.5520 Y126.9383
G1 X54.6518 Y127.0315
G1 X54.7569 Y127.1188
G1 X54.8669 Y127.1998
G1 X54.9814 Y127.2743
G1 X55.1001 Y127.3419
G1 X55.2224 Y127.4026
G1 X55.3481 Y127.4561
G1 X55.4767 Y127.5021
G1 X55.6078 Y127.5406
G1 X55.7409 Y127.5715
G1 X55.8755 Y127.5945
G1 X56.0113 Y127.6096
G1 X56.1477 Y127.6169
G1 X56.2842 Y127.6162
G1 X56.4206 Y127.6075
G1 X56.5562 Y127.5910
G1 X56.6906 Y127.5666
G1 X56.8233 Y127.5344
G1 X56.9540 Y127.4946
G1 X57.0821 Y127.4472
G1 X57.2072 Y127.3924
G1 X57.3290 Y127.3305
G1 X57.4469 Y127.2616
G1 X57.5607 Y127.1859
G1 X57.6698 Y127.1038
G1 X57.7740 Y127.0155
G1 X57.8729 Y126.9212
G1 X57.9661 Y126.8214
G1 X58.0534 Y126.7163
G1 X58.1344 Y126.6063
G1 X58.2088 Y126.4918
G1 X58.2765 Y126.3732
G1 X58.3372 Y126.2508
G1 X58.3907 Y126.1251
G1 X58.4367 Y125.9965
G1 X58.4752 Y125.8654
G1 X58.5060 Y125.7324
G1 X58.5291 Y125.5977
G1 X58.5442 Y125.4620
G1 X58.5515 Y125.3256
G1 X58.5508 Y125.1890
G1 X58.5421 Y125.0527
G1 X58.5256 Y124.9171
G1 X58.5012 Y124.7827
G1 X58.4690 Y124.6499
G1 X58.4291 Y124.5193
G1 X58.3818 Y124.3912
G1 X58.3270 Y124.2660
G1 X58.2651 Y124.1443
G1 X58.1962 Y124.0263
G1 X58.1205 Y123.9126
G1 X58.0384 Y123.8034
G1 X57.9501 Y123.6992
G1 X57.8558 Y123.6004
G1 X57.7560 Y123.5071
G1 X57.6509 Y123.4199
G1 X57.5409 Y123.3389
G1 X57.4264 Y123.2644
G1 X57.3078 Y123.1967
G1 X57.1854 Y123.1360
G1 X57.0597 Y123.0826
G1 X56.9311 Y123.0365
G1 X56.8000 Y122.9980
G1 X56.6669 Y122.9672
G1 X56.5323 Y122.9442
G1 X56.3966 Y122.9290
G1 X56.2602 Y122.9218
G1 X56.1236 Y122.9225
G1 X55.9872 Y122.9311
G0 Z-5.0000 F480


(No. 16: Hole 1)
G0 X40.9872 Y122.9311 Z-5.0000 F2100
G0 Z-0.5000 F480
G1 Z0.0000 F120
G1 Z4.0000
G1 X40.8516 Y122.9477 F600
G1 X40.7173 Y122.9721
G1 X40.5845 Y123.0043
G1 X40.4538 Y123.0441
G1 X40.3257 Y123.0915
G1 X40.2006 Y123.1462
G1 X40.0788 Y123.2082
G1 X39.9609 Y123.2771
G1 X39.8472 Y123.3527
G1 X39.7380 Y123.4348
G1 X39.6338 Y123.5232
G1 X39.5349 Y123.6174
G1 X39.4417 Y123.7173
G1 X39.3545 Y123.8223
G1 X39.2735 Y123.9323
G1 X39.1990 Y124.0468
G1 X39.1313 Y124.1655
G1 X39.0706 Y124.2879
G1 X39.0172 Y124.4136
G1 X38.9711 Y124.5422
G1 X38.9326 Y124.6732
G1 X38.9018 Y124.8063
G1 X38.8787 Y124.9409
G1 X38.8636 Y125.0767
G1 X38.8563 Y125.2131
G1 X38.8570 Y125.3497
G1 X38.8657 Y125.4860
G1 X38.8822 Y125.6216
G1 X38.9066 Y125.7560
G1 X38.9388 Y125.8887
G1 X38.9787 Y126.0194
G1 X39.0261 Y126.1475
G1 X39.0808 Y126.2726
G1 X39.1427 Y126.3944
G1 X39.2116 Y126.5123
G1 X39.2873 Y126.6261
G1 X39.3694 Y126.7352
G1 X39.4577 Y126.8394
G1 X39.5520 Y126.9383
G1 X39.6518 Y127.0315
G1 X39.7569 Y127.1188
G1 X39.8669 Y127.1998
G1 X39.9814 Y127.2743
G1 X40.1001 Y127.3419
G1 X40.2224 Y127.4026
G1 X40.3481 Y127.4561
G1 X40.4767 Y127.5021
G1 X40.6078 Y127.5406
G1 X40.7409 Y127.5715
G1 X40.8755 Y127.5945
G1 X41.0113 Y127.6096
G1 X41.1477 Y127.6169
G1 X41.2842 Y127.6162
G1 X41.4206 Y127.6075
G1 X41.5562 Y127.5910
G1 X41.6906 Y127.5666
G1 X41.8233 Y127.5344
G1 X41.9540 Y127.4946
G1 X42.0821 Y127.4472
G1 X42.2072 Y127.3924
G1 X42.3290 Y127.3305
G1 X42.4469 Y127.2616
G1 X42.5607 Y127.1859
G1 X42.6698 Y127.1038
G1 X42.7740 Y127.0155
G1 X42.8729 Y126.9212
G1 X42.9661 Y126.8214
G1 X43.0534 Y126.7163
G1 X43.1344 Y126.6063
G1 X43.2088 Y126.4918
G1 X43.2765 Y126.3732
G1 X43.3372 Y126.2508
G1 X43.3907 Y126.1251
G1 X43.4367 Y125.9965
G1 X43.4752 Y125.8654
G1 X43.5060 Y125.7324
G1 X43.5291 Y125.5977
G1 X43.5442 Y125.4620
G1 X43.5515 Y125.3256
G1 X43.5508 Y125.1890
G1 X43.5421 Y125.0527
G1 X43.5256 Y124.9171
G1 X43.5012 Y124.7827
G1 X43.4690 Y124.6499
G1 X43.4291 Y124.5193
G1 X43.3818 Y124.3912
G1 X43.3270 Y124.2660
G1 X43.2651 Y124.1443
G1 X43.1962 Y124.0263
G1 X43.1205 Y123.9126
G1 X43.0384 Y123.8034
G1 X42.9501 Y123.6992
G1 X42.8558 Y123.6004
G1 X42.7560 Y123.5071
G1 X42.6509 Y123.4199
G1 X42.5409 Y123.3389
G1 X42.4264 Y123.2644
G1 X42.3078 Y123.1967
G1 X42.1854 Y123.1360
G1 X42.0597 Y123.0826
G1 X41.9311 Y123.0365
G1 X41.8000 Y122.9980
G1 X41.6669 Y122.9672
G1 X41.5323 Y122.9442
G1 X41.3966 Y122.9290
G1 X41.2602 Y122.9218
G1 X41.1236 Y122.9225
G1 X40.9872 Y122.9311
G1 Z8.0000 F120
G1 X40.8516 Y122.9477 F600
G1 X40.7173 Y122.9721
G1 X40.5845 Y123.0043
G1 X40.4538 Y123.0441
G1 X40.3257 Y123.0915
G1 X40.2006 Y123.1462
G1 X40.0788 Y123.2082
G1 X39.9609 Y123.2771
G1 X39.8472 Y123.3527
G1 X39.7380 Y123.4348
G1 X39.6338 Y123.5232
G1 X39.5349 Y123.6174
G1 X39.4417 Y123.7173
G1 X39.3545 Y123.8223
G1 X39.2735 Y123.9323
G1 X39.1990 Y124.0468
G1 X39.1313 Y124.1655
G1 X39.0706 Y124.2879
G1 X39.0172 Y124.4136
G1 X38.9711 Y124.5422
G1 X38.9326 Y124.6732
G1 X38.9018 Y124.8063
G1 X38.8787 Y124.9409
G1 X38.8636 Y125.0767
G1 X38.8563 Y125.2131
G1 X38.8570 Y125.3497
G1 X38.8657 Y125.4860
G1 X38.8822 Y125.6216
G1 X38.9066 Y125.7560
G1 X38.9388 Y125.8887
G1 X38.9787 Y126.0194
G1 X39.0261 Y126.1475
G1 X39.0808 Y126.2726
G1 X39.1427 Y126.3944
G1 X39.2116 Y126.5123
G1 X39.2873 Y126.6261
G1 X39.3694 Y126.7352
G1 X39.4577 Y126.8394
G1 X39.5520 Y126.9383
G1 X39.6518 Y127.0315
G1 X39.7569 Y127.1188
G1 X39.8669 Y127.1998
G1 X39.9814 Y127.2743
G1 X40.1001 Y127.3419
G1 X40.2224 Y127.4026
G1 X40.3481 Y127.4561
G1 X40.4767 Y127.5021
G1 X40.6078 Y127.5406
G1 X40.7409 Y127.5715
G1 X40.8755 Y127.5945
G1 X41.0113 Y127.6096
G1 X41.1477 Y127.6169
G1 X41.2842 Y127.6162
G1 X41.4206 Y127.6075
G1 X41.5562 Y127.5910
G1 X41.6906 Y127.5666
G1 X41.8233 Y127.5344
G1 X41.9540 Y127.4946
G1 X42.0821 Y127.4472
G1 X42.2072 Y127.3924
G1 X42.3290 Y127.3305
G1 X42.4469 Y127.2616
G1 X42.5607 Y127.1859
G1 X42.6698 Y127.1038
G1 X42.7740 Y127.0155
G1 X42.8729 Y126.9212
G1 X42.9661 Y126.8214
G1 X43.0534 Y126.7163
G1 X43.1344 Y126.6063
G1 X43.2088 Y126.4918
G1 X43.2765 Y126.3732
G1 X43.3372 Y126.2508
G1 X43.3907 Y126.1251
G1 X43.4367 Y125.9965
G1 X43.4752 Y125.8654
G1 X43.5060 Y125.7324
G1 X43.5291 Y125.5977
G1 X43.5442 Y125.4620
G1 X43.5515 Y125.3256
G1 X43.5508 Y125.1890
G1 X43.5421 Y125.0527
G1 X43.5256 Y124.9171
G1 X43.5012 Y124.7827
G1 X43.4690 Y124.6499
G1 X43.4291 Y124.5193
G1 X43.3818 Y124.3912
G1 X43.3270 Y124.2660
G1 X43.2651 Y124.1443
G1 X43.1962 Y124.0263
G1 X43.1205 Y123.9126
G1 X43.0384 Y123.8034
G1 X42.9501 Y123.6992
G1 X42.8558 Y123.6004
G1 X42.7560 Y123.5071
G1 X42.6509 Y123.4199
G1 X42.5409 Y123.3389
G1 X42.4264 Y123.2644
G1 X42.3078 Y123.1967
G1 X42.1854 Y123.1360
G1 X42.0597 Y123.0826
G1 X41.9311 Y123.0365
G1 X41.8000 Y122.9980
G1 X41.6669 Y122.9672
G1 X41.5323 Y122.9442
G1 X41.3966 Y122.9290
G1 X41.2602 Y122.9218
G1 X41.1236 Y122.9225
G1 X40.9872 Y122.9311
G0 Z-5.0000 F480


(No. 17: Hole 1)
G0 X40.9872 Y137.9311 Z-5.0000 F2100
G0 Z-0.5000 F480
G1 Z0.0000 F120
G1 Z4.0000
G1 X40.8516 Y137.9477 F600
G1 X40.7173 Y137.9721
G1 X40.5845 Y138.0043
G1 X40.4538 Y138.0441
G1 X40.3257 Y138.0915
G1 X40.2006 Y138.1462
G1 X40.0788 Y138.2082
G1 X39.9609 Y138.2771
G1 X39.8472 Y138.3527
G1 X39.7380 Y138.4348
G1 X39.6338 Y138.5232
G1 X39.5349 Y138.6174
G1 X39.4417 Y138.7173
G1 X39.3545 Y138.8223
G1 X39.2735 Y138.9323
G1 X39.1990 Y139.0468
G1 X39.1313 Y139.1655
G1 X39.0706 Y139.2879
G1 X39.0172 Y139.4136
G1 X38.9711 Y139.5422
G1 X38.9326 Y139.6732
G1 X38.9018 Y139.8063
G1 X38.8787 Y139.9409
G1 X38.8636 Y140.0767
G1 X38.8563 Y140.2131
G1 X38.8570 Y140.3497
G1 X38.8657 Y140.4860
G1 X38.8822 Y140.6216
G1 X38.9066 Y140.7560
G1 X38.9388 Y140.8887
G1 X38.9787 Y141.0194
G1 X39.0261 Y141.1475
G1 X39.0808 Y141.2726
G1 X39.1427 Y141.3944
G1 X39.2116 Y141.5123
G1 X39.2873 Y141.6261
G1 X39.3694 Y141.7352
G1 X39.4577 Y141.8394
G1 X39.5520 Y141.9383
G1 X39.6518 Y142.0315
G1 X39.7569 Y142.1188
G1 X39.8669 Y142.1998
G1 X39.9814 Y142.2743
G1 X40.1001 Y142.3419
G1 X40.2224 Y142.4026
G1 X40.3481 Y142.4561
G1 X40.4767 Y142.5021
G1 X40.6078 Y142.5406
G1 X40.7409 Y142.5715
G1 X40.8755 Y142.5945
G1 X41.0113 Y142.6096
G1 X41.1477 Y142.6169
G1 X41.2842 Y142.6162
G1 X41.4206 Y142.6075
G1 X41.5562 Y142.5910
G1 X41.6906 Y142.5666
G1 X41.8233 Y142.5344
G1 X41.9540 Y142.4946
G1 X42.0821 Y142.4472
G1 X42.2072 Y142.3924
G1 X42.3290 Y142.3305
G1 X42.4469 Y142.2616
G1 X42.5607 Y142.1859
G1 X42.6698 Y142.1038
G1 X42.7740 Y142.0155
G1 X42.8729 Y141.9212
G1 X42.9661 Y141.8214
G1 X43.0534 Y141.7163
G1 X43.1344 Y141.6063
G1 X43.2088 Y141.4918
G1 X43.2765 Y141.3732
G1 X43.3372 Y141.2508
G1 X43.3907 Y141.1251
G1 X43.4367 Y140.9965
G1 X43.4752 Y140.8654
G1 X43.5060 Y140.7324
G1 X43.5291 Y140.5977
G1 X43.5442 Y140.4620
G1 X43.5515 Y140.3256
G1 X43.5508 Y140.1890
G1 X43.5421 Y140.0527
G1 X43.5256 Y139.9171
G1 X43.5012 Y139.7827
G1 X43.4690 Y139.6499
G1 X43.4291 Y139.5193
G1 X43.3818 Y139.3912
G1 X43.3270 Y139.2660
G1 X43.2651 Y139.1443
G1 X43.1962 Y139.0263
G1 X43.1205 Y138.9126
G1 X43.0384 Y138.8034
G1 X42.9501 Y138.6992
G1 X42.8558 Y138.6004
G1 X42.7560 Y138.5071
G1 X42.6509 Y138.4199
G1 X42.5409 Y138.3389
G1 X42.4264 Y138.2644
G1 X42.3078 Y138.1967
G1 X42.1854 Y138.1360
G1 X42.0597 Y138.0826
G1 X41.9311 Y138.0365
G1 X41.8000 Y137.9980
G1 X41.6669 Y137.9672
G1 X41.5323 Y137.9442
G1 X41.3966 Y137.9290
G1 X41.2602 Y137.9218
G1 X41.1236 Y137.9225
G1 X40.9872 Y137.9311
G1 Z8.0000 F120
G1 X40.8516 Y137.9477 F600
G1 X40.7173 Y137.9721
G1 X40.5845 Y138.0043
G1 X40.4538 Y138.0441
G1 X40.3257 Y138.0915
G1 X40.2006 Y138.1462
G1 X40.0788 Y138.2082
G1 X39.9609 Y138.2771
G1 X39.8472 Y138.3527
G1 X39.7380 Y138.4348
G1 X39.6338 Y138.5232
G1 X39.5349 Y138.6174
G1 X39.4417 Y138.7173
G1 X39.3545 Y138.8223
G1 X39.2735 Y138.9323
G1 X39.1990 Y139.0468
G1 X39.1313 Y139.1655
G1 X39.0706 Y139.2879
G1 X39.0172 Y139.4136
G1 X38.9711 Y139.5422
G1 X38.9326 Y139.6732
G1 X38.9018 Y139.8063
G1 X38.8787 Y139.9409
G1 X38.8636 Y140.0767
G1 X38.8563 Y140.2131
G1 X38.8570 Y140.3497
G1 X38.8657 Y140.4860
G1 X38.8822 Y140.6216
G1 X38.9066 Y140.7560
G1 X38.9388 Y140.8887
G1 X38.9787 Y141.0194
G1 X39.0261 Y141.1475
G1 X39.0808 Y141.2726
G1 X39.1427 Y141.3944
G1 X39.2116 Y141.5123
G1 X39.2873 Y141.6261
G1 X39.3694 Y141.7352
G1 X39.4577 Y141.8394
G1 X39.5520 Y141.9383
G1 X39.6518 Y142.0315
G1 X39.7569 Y142.1188
G1 X39.8669 Y142.1998
G1 X39.9814 Y142.2743
G1 X40.1001 Y142.3419
G1 X40.2224 Y142.4026
G1 X40.3481 Y142.4561
G1 X40.4767 Y142.5021
G1 X40.6078 Y142.5406
G1 X40.7409 Y142.5715
G1 X40.8755 Y142.5945
G1 X41.0113 Y142.6096
G1 X41.1477 Y142.6169
G1 X41.2842 Y142.6162
G1 X41.4206 Y142.6075
G1 X41.5562 Y142.5910
G1 X41.6906 Y142.5666
G1 X41.8233 Y142.5344
G1 X41.9540 Y142.4946
G1 X42.0821 Y142.4472
G1 X42.2072 Y142.3924
G1 X42.3290 Y142.3305
G1 X42.4469 Y142.2616
G1 X42.5607 Y142.1859
G1 X42.6698 Y142.1038
G1 X42.7740 Y142.0155
G1 X42.8729 Y141.9212
G1 X42.9661 Y141.8214
G1 X43.0534 Y141.7163
G1 X43.1344 Y141.6063
G1 X43.2088 Y141.4918
G1 X43.2765 Y141.3732
G1 X43.3372 Y141.2508
G1 X43.3907 Y141.1251
G1 X43.4367 Y140.9965
G1 X43.4752 Y140.8654
G1 X43.5060 Y140.7324
G1 X43.5291 Y140.5977
G1 X43.5442 Y140.4620
G1 X43.5515 Y140.3256
G1 X43.5508 Y140.1890
G1 X43.5421 Y140.0527
G1 X43.5256 Y139.9171
G1 X43.5012 Y139.7827
G1 X43.4690 Y139.6499
G1 X43.4291 Y139.5193
G1 X43.3818 Y139.3912
G1 X43.3270 Y139.2660
G1 X43.2651 Y139.1443
G1 X43.1962 Y139.0263
G1 X43.1205 Y138.9126
G1 X43.0384 Y138.8034
G1 X42.9501 Y138.6992
G1 X42.8558 Y138.6004
G1 X42.7560 Y138.5071
G1 X42.6509 Y138.4199
G1 X42.5409 Y138.3389
G1 X42.4264 Y138.2644
G1 X42.3078 Y138.1967
G1 X42.1854 Y138.1360
G1 X42.0597 Y138.0826
G1 X41.9311 Y138.0365
G1 X41.8000 Y137.9980
G1 X41.6669 Y137.9672
G1 X41.5323 Y137.9442
G1 X41.3966 Y137.9290
G1 X41.2602 Y137.9218
G1 X41.1236 Y137.9225
G1 X40.9872 Y137.9311
G0 Z-5.0000 F480


(No. 18: Hole 1)
G0 X55.9872 Y152.9311 Z-5.0000 F2100
G0 Z-0.5000 F480
G1 Z0.0000 F120
G1 Z4.0000
G1 X55.8516 Y152.9477 F600
G1 X55.7173 Y152.9721
G1 X55.5845 Y153.0043
G1 X55.4538 Y153.0441
G1 X55.3257 Y153.0915
G1 X55.2006 Y153.1462
G1 X55.0788 Y153.2082
G1 X54.9609 Y153.2771
G1 X54.8472 Y153.3527
G1 X54.7380 Y153.4348
G1 X54.6338 Y153.5232
G1 X54.5349 Y153.6174
G1 X54.4417 Y153.7173
G1 X54.3545 Y153.8223
G1 X54.2735 Y153.9323
G1 X54.1990 Y154.0468
G1 X54.1313 Y154.1655
G1 X54.0706 Y154.2879
G1 X54.0172 Y154.4136
G1 X53.9711 Y154.5422
G1 X53.9326 Y154.6732
G1 X53.9018 Y154.8063
G1 X53.8787 Y154.9409
G1 X53.8636 Y155.0767
G1 X53.8563 Y155.2131
G1 X53.8570 Y155.3497
G1 X53.8657 Y155.4860
G1 X53.8822 Y155.6216
G1 X53.9066 Y155.7560
G1 X53.9388 Y155.8887
G1 X53.9787 Y156.0194
G1 X54.0261 Y156.1475
G1 X54.0808 Y156.2726
G1 X54.1427 Y156.3944
G1 X54.2116 Y156.5123
G1 X54.2873 Y156.6261
G1 X54.3694 Y156.7352
G1 X54.4577 Y156.8394
G1 X54.5520 Y156.9383
G1 X54.6518 Y157.0315
G1 X54.7569 Y157.1188
G1 X54.8669 Y157.1998
G1 X54.9814 Y157.2743
G1 X55.1001 Y157.3419
G1 X55.2224 Y157.4026
G1 X55.3481 Y157.4561
G1 X55.4767 Y157.5021
G1 X55.6078 Y157.5406
G1 X55.7409 Y157.5715
G1 X55.8755 Y157.5945
G1 X56.0113 Y157.6096
G1 X56.1477 Y157.6169
G1 X56.2842 Y157.6162
G1 X56.4206 Y157.6075
G1 X56.5562 Y157.5910
G1 X56.6906 Y157.5666
G1 X56.8233 Y157.5344
G1 X56.9540 Y157.4946
G1 X57.0821 Y157.4472
G1 X57.2072 Y157.3924
G1 X57.3290 Y157.3305
G1 X57.4469 Y157.2616
G1 X57.5607 Y157.1859
G1 X57.6698 Y157.1038
G1 X57.7740 Y157.0155
G1 X57.8729 Y156.9212
G1 X57.9661 Y156.8214
G1 X58.0534 Y156.7163
G1 X58.1344 Y156.6063
G1 X58.2088 Y156.4918
G1 X58.2765 Y156.3732
G1 X58.3372 Y156.2508
G1 X58.3907 Y156.1251
G1 X58.4367 Y155.9965
G1 X58.4752 Y155.8654
G1 X58.5060 Y155.7324
G1 X58.5291 Y155.5977
G1 X58.5442 Y155.4620
G1 X58.5515 Y155.3256
G1 X58.5508 Y155.1890
G1 X58.5421 Y155.0527
G1 X58.5256 Y154.9171
G1 X58.5012 Y154.7827
G1 X58.4690 Y154.6499
G1 X58.4291 Y154.5193
G1 X58.3818 Y154.3912
G1 X58.3270 Y154.2660
G1 X58.2651 Y154.1443
G1 X58.1962 Y154.0263
G1 X58.1205 Y153.9126
G1 X58.0384 Y153.8034
G1 X57.9501 Y153.6992
G1 X57.8558 Y153.6004
G1 X57.7560 Y153.5071
G1 X57.6509 Y153.4199
G1 X57.5409 Y153.3389
G1 X57.4264 Y153.2644
G1 X57.3078 Y153.1967
G1 X57.1854 Y153.1360
G1 X57.0597 Y153.0826
G1 X56.9311 Y153.0365
G1 X56.8000 Y152.9980
G1 X56.6669 Y152.9672
G1 X56.5323 Y152.9442
G1 X56.3966 Y152.9290
G1 X56.2602 Y152.9218
G1 X56.1236 Y152.9225
G1 X55.9872 Y152.9311
G1 Z8.0000 F120
G1 X55.8516 Y152.9477 F600
G1 X55.7173 Y152.9721
G1 X55.5845 Y153.0043
G1 X55.4538 Y153.0441
G1 X55.3257 Y153.0915
G1 X55.2006 Y153.1462
G1 X55.0788 Y153.2082
G1 X54.9609 Y153.2771
G1 X54.8472 Y153.3527
G1 X54.7380 Y153.4348
G1 X54.6338 Y153.5232
G1 X54.5349 Y153.6174
G1 X54.4417 Y153.7173
G1 X54.3545 Y153.8223
G1 X54.2735 Y153.9323
G1 X54.1990 Y154.0468
G1 X54.1313 Y154.1655
G1 X54.0706 Y154.2879
G1 X54.0172 Y154.4136
G1 X53.9711 Y154.5422
G1 X53.9326 Y154.6732
G1 X53.9018 Y154.8063
G1 X53.8787 Y154.9409
G1 X53.8636 Y155.0767
G1 X53.8563 Y155.2131
G1 X53.8570 Y155.3497
G1 X53.8657 Y155.4860
G1 X53.8822 Y155.6216
G1 X53.9066 Y155.7560
G1 X53.9388 Y155.8887
G1 X53.9787 Y156.0194
G1 X54.0261 Y156.1475
G1 X54.0808 Y156.2726
G1 X54.1427 Y156.3944
G1 X54.2116 Y156.5123
G1 X54.2873 Y156.6261
G1 X54.3694 Y156.7352
G1 X54.4577 Y156.8394
G1 X54.5520 Y156.9383
G1 X54.6518 Y157.0315
G1 X54.7569 Y157.1188
G1 X54.8669 Y157.1998
G1 X54.9814 Y157.2743
G1 X55.1001 Y157.3419
G1 X55.2224 Y157.4026
G1 X55.3481 Y157.4561
G1 X55.4767 Y157.5021
G1 X55.6078 Y157.5406
G1 X55.7409 Y157.5715
G1 X55.8755 Y157.5945
G1 X56.0113 Y157.6096
G1 X56.1477 Y157.6169
G1 X56.2842 Y157.6162
G1 X56.4206 Y157.6075
G1 X56.5562 Y157.5910
G1 X56.6906 Y157.5666
G1 X56.8233 Y157.5344
G1 X56.9540 Y157.4946
G1 X57.0821 Y157.4472
G1 X57.2072 Y157.3924
G1 X57.3290 Y157.3305
G1 X57.4469 Y157.2616
G1 X57.5607 Y157.1859
G1 X57.6698 Y157.1038
G1 X57.7740 Y157.0155
G1 X57.8729 Y156.9212
G1 X57.9661 Y156.8214
G1 X58.0534 Y156.7163
G1 X58.1344 Y156.6063
G1 X58.2088 Y156.4918
G1 X58.2765 Y156.3732
G1 X58.3372 Y156.2508
G1 X58.3907 Y156.1251
G1 X58.4367 Y155.9965
G1 X58.4752 Y155.8654
G1 X58.5060 Y155.7324
G1 X58.5291 Y155.5977
G1 X58.5442 Y155.4620
G1 X58.5515 Y155.3256
G1 X58.5508 Y155.1890
G1 X58.5421 Y155.0527
G1 X58.5256 Y154.9171
G1 X58.5012 Y154.7827
G1 X58.4690 Y154.6499
G1 X58.4291 Y154.5193
G1 X58.3818 Y154.3912
G1 X58.3270 Y154.2660
G1 X58.2651 Y154.1443
G1 X58.1962 Y154.0263
G1 X58.1205 Y153.9126
G1 X58.0384 Y153.8034
G1 X57.9501 Y153.6992
G1 X57.8558 Y153.6004
G1 X57.7560 Y153.5071
G1 X57.6509 Y153.4199
G1 X57.5409 Y153.3389
G1 X57.4264 Y153.2644
G1 X57.3078 Y153.1967
G1 X57.1854 Y153.1360
G1 X57.0597 Y153.0826
G1 X56.9311 Y153.0365
G1 X56.8000 Y152.9980
G1 X56.6669 Y152.9672
G1 X56.5323 Y152.9442
G1 X56.3966 Y152.9290
G1 X56.2602 Y152.9218
G1 X56.1236 Y152.9225
G1 X55.9872 Y152.9311
G0 Z-5.0000 F480


(No. 19: Hole 1)
G0 X70.9872 Y152.9311 Z-5.0000 F2100
G0 Z-0.5000 F480
G1 Z0.0000 F120
G1 Z4.0000
G1 X70.8516 Y152.9477 F600
G1 X70.7173 Y152.9721
G1 X70.5845 Y153.0043
G1 X70.4538 Y153.0441
G1 X70.3257 Y153.0915
G1 X70.2006 Y153.1462
G1 X70.0788 Y153.2082
G1 X69.9609 Y153.2771
G1 X69.8472 Y153.3527
G1 X69.7380 Y153.4348
G1 X69.6338 Y153.5232
G1 X69.5349 Y153.6174
G1 X69.4417 Y153.7173
G1 X69.3545 Y153.8223
G1 X69.2735 Y153.9323
G1 X69.1990 Y154.0468
G1 X69.1313 Y154.1655
G1 X69.0706 Y154.2879
G1 X69.0172 Y154.4136
G1 X68.9711 Y154.5422
G1 X68.9326 Y154.6732
G1 X68.9018 Y154.8063
G1 X68.8787 Y154.9409
G1 X68.8636 Y155.0767
G1 X68.8563 Y155.2131
G1 X68.8570 Y155.3497
G1 X68.8657 Y155.4860
G1 X68.8822 Y155.6216
G1 X68.9066 Y155.7560
G1 X68.9388 Y155.8887
G1 X68.9787 Y156.0194
G1 X69.0261 Y156.1475
G1 X69.0808 Y156.2726
G1 X69.1427 Y156.3944
G1 X69.2116 Y156.5123
G1 X69.2873 Y156.6261
G1 X69.3694 Y156.7352
G1 X69.4577 Y156.8394
G1 X69.5520 Y156.9383
G1 X69.6518 Y157.0315
G1 X69.7569 Y157.1188
G1 X69.8669 Y157.1998
G1 X69.9814 Y157.2743
G1 X70.1001 Y157.3419
G1 X70.2224 Y157.4026
G1 X70.3481 Y157.4561
G1 X70.4767 Y157.5021
G1 X70.6078 Y157.5406
G1 X70.7409 Y157.5715
G1 X70.8755 Y157.5945
G1 X71.0113 Y157.6096
G1 X71.1477 Y157.6169
G1 X71.2842 Y157.6162
G1 X71.4206 Y157.6075
G1 X71.5562 Y157.5910
G1 X71.6906 Y157.5666
G1 X71.8233 Y157.5344
G1 X71.9540 Y157.4946
G1 X72.0821 Y157.4472
G1 X72.2072 Y157.3924
G1 X72.3290 Y157.3305
G1 X72.4469 Y157.2616
G1 X72.5607 Y157.1859
G1 X72.6698 Y157.1038
G1 X72.7740 Y157.0155
G1 X72.8729 Y156.9212
G1 X72.9661 Y156.8214
G1 X73.0534 Y156.7163
G1 X73.1344 Y156.6063
G1 X73.2088 Y156.4918
G1 X73.2765 Y156.3732
G1 X73.3372 Y156.2508
G1 X73.3907 Y156.1251
G1 X73.4367 Y155.9965
G1 X73.4752 Y155.8654
G1 X73.5060 Y155.7324
G1 X73.5291 Y155.5977
G1 X73.5442 Y155.4620
G1 X73.5515 Y155.3256
G1 X73.5508 Y155.1890
G1 X73.5421 Y155.0527
G1 X73.5256 Y154.9171
G1 X73.5012 Y154.7827
G1 X73.4690 Y154.6499
G1 X73.4291 Y154.5193
G1 X73.3818 Y154.3912
G1 X73.3270 Y154.2660
G1 X73.2651 Y154.1443
G1 X73.1962 Y154.0263
G1 X73.1205 Y153.9126
G1 X73.0384 Y153.8034
G1 X72.9501 Y153.6992
G1 X72.8558 Y153.6004
G1 X72.7560 Y153.5071
G1 X72.6509 Y153.4199
G1 X72.5409 Y153.3389
G1 X72.4264 Y153.2644
G1 X72.3078 Y153.1967
G1 X72.1854 Y153.1360
G1 X72.0597 Y153.0826
G1 X71.9311 Y153.0365
G1 X71.8000 Y152.9980
G1 X71.6669 Y152.9672
G1 X71.5323 Y152.9442
G1 X71.3966 Y152.9290
G1 X71.2602 Y152.9218
G1 X71.1236 Y152.9225
G1 X70.9872 Y152.9311
G1 Z8.0000 F120
G1 X70.8516 Y152.9477 F600
G1 X70.7173 Y152.9721
G1 X70.5845 Y153.0043
G1 X70.4538 Y153.0441
G1 X70.3257 Y153.0915
G1 X70.2006 Y153.1462
G1 X70.0788 Y153.2082
G1 X69.9609 Y153.2771
G1 X69.8472 Y153.3527
G1 X69.7380 Y153.4348
G1 X69.6338 Y153.5232
G1 X69.5349 Y153.6174
G1 X69.4417 Y153.7173
G1 X69.3545 Y153.8223
G1 X69.2735 Y153.9323
G1 X69.1990 Y154.0468
G1 X69.1313 Y154.1655
G1 X69.0706 Y154.2879
G1 X69.0172 Y154.4136
G1 X68.9711 Y154.5422
G1 X68.9326 Y154.6732
G1 X68.9018 Y154.8063
G1 X68.8787 Y154.9409
G1 X68.8636 Y155.0767
G1 X68.8563 Y155.2131
G1 X68.8570 Y155.3497
G1 X68.8657 Y155.4860
G1 X68.8822 Y155.6216
G1 X68.9066 Y155.7560
G1 X68.9388 Y155.8887
G1 X68.9787 Y156.0194
G1 X69.0261 Y156.1475
G1 X69.0808 Y156.2726
G1 X69.1427 Y156.3944
G1 X69.2116 Y156.5123
G1 X69.2873 Y156.6261
G1 X69.3694 Y156.7352
G1 X69.4577 Y156.8394
G1 X69.5520 Y156.9383
G1 X69.6518 Y157.0315
G1 X69.7569 Y157.1188
G1 X69.8669 Y157.1998
G1 X69.9814 Y157.2743
G1 X70.1001 Y157.3419
G1 X70.2224 Y157.4026
G1 X70.3481 Y157.4561
G1 X70.4767 Y157.5021
G1 X70.6078 Y157.5406
G1 X70.7409 Y157.5715
G1 X70.8755 Y157.5945
G1 X71.0113 Y157.6096
G1 X71.1477 Y157.6169
G1 X71.2842 Y157.6162
G1 X71.4206 Y157.6075
G1 X71.5562 Y157.5910
G1 X71.6906 Y157.5666
G1 X71.8233 Y157.5344
G1 X71.9540 Y157.4946
G1 X72.0821 Y157.4472
G1 X72.2072 Y157.3924
G1 X72.3290 Y157.3305
G1 X72.4469 Y157.2616
G1 X72.5607 Y157.1859
G1 X72.6698 Y157.1038
G1 X72.7740 Y157.0155
G1 X72.8729 Y156.9212
G1 X72.9661 Y156.8214
G1 X73.0534 Y156.7163
G1 X73.1344 Y156.6063
G1 X73.2088 Y156.4918
G1 X73.2765 Y156.3732
G1 X73.3372 Y156.2508
G1 X73.3907 Y156.1251
G1 X73.4367 Y155.9965
G1 X73.4752 Y155.8654
G1 X73.5060 Y155.7324
G1 X73.5291 Y155.5977
G1 X73.5442 Y155.4620
G1 X73.5515 Y155.3256
G1 X73.5508 Y155.1890
G1 X73.5421 Y155.0527
G1 X73.5256 Y154.9171
G1 X73.5012 Y154.7827
G1 X73.4690 Y154.6499
G1 X73.4291 Y154.5193
G1 X73.3818 Y154.3912
G1 X73.3270 Y154.2660
G1 X73.2651 Y154.1443
G1 X73.1962 Y154.0263
G1 X73.1205 Y153.9126
G1 X73.0384 Y153.8034
G1 X72.9501 Y153.6992
G1 X72.8558 Y153.6004
G1 X72.7560 Y153.5071
G1 X72.6509 Y153.4199
G1 X72.5409 Y153.3389
G1 X72.4264 Y153.2644
G1 X72.3078 Y153.1967
G1 X72.1854 Y153.1360
G1 X72.0597 Y153.0826
G1 X71.9311 Y153.0365
G1 X71.8000 Y152.9980
G1 X71.6669 Y152.9672
G1 X71.5323 Y152.9442
G1 X71.3966 Y152.9290
G1 X71.2602 Y152.9218
G1 X71.1236 Y152.9225
G1 X70.9872 Y152.9311
G0 Z-5.0000 F480


(No. 20: Hole 1)
G0 X85.9872 Y152.9311 Z-5.0000 F2100
G0 Z-0.5000 F480
G1 Z0.0000 F120
G1 Z4.0000
G1 X85.8516 Y152.9477 F600
G1 X85.7173 Y152.9721
G1 X85.5845 Y153.0043
G1 X85.4538 Y153.0441
G1 X85.3257 Y153.0915
G1 X85.2006 Y153.1462
G1 X85.0788 Y153.2082
G1 X84.9609 Y153.2771
G1 X84.8472 Y153.3527
G1 X84.7380 Y153.4348
G1 X84.6338 Y153.5232
G1 X84.5349 Y153.6174
G1 X84.4417 Y153.7173
G1 X84.3545 Y153.8223
G1 X84.2735 Y153.9323
G1 X84.1990 Y154.0468
G1 X84.1313 Y154.1655
G1 X84.0706 Y154.2879
G1 X84.0172 Y154.4136
G1 X83.9711 Y154.5422
G1 X83.9326 Y154.6732
G1 X83.9018 Y154.8063
G1 X83.8787 Y154.9409
G1 X83.8636 Y155.0767
G1 X83.8563 Y155.2131
G1 X83.8570 Y155.3497
G1 X83.8657 Y155.4860
G1 X83.8822 Y155.6216
G1 X83.9066 Y155.7560
G1 X83.9388 Y155.8887
G1 X83.9787 Y156.0194
G1 X84.0261 Y156.1475
G1 X84.0808 Y156.2726
G1 X84.1427 Y156.3944
G1 X84.2116 Y156.5123
G1 X84.2873 Y156.6261
G1 X84.3694 Y156.7352
G1 X84.4577 Y156.8394
G1 X84.5520 Y156.9383
G1 X84.6518 Y157.0315
G1 X84.7569 Y157.1188
G1 X84.8669 Y157.1998
G1 X84.9814 Y157.2743
G1 X85.1001 Y157.3419
G1 X85.2224 Y157.4026
G1 X85.3481 Y157.4561
G1 X85.4767 Y157.5021
G1 X85.6078 Y157.5406
G1 X85.7409 Y157.5715
G1 X85.8755 Y157.5945
G1 X86.0113 Y157.6096
G1 X86.1477 Y157.6169
G1 X86.2842 Y157.6162
G1 X86.4206 Y157.6075
G1 X86.5562 Y157.5910
G1 X86.6906 Y157.5666
G1 X86.8233 Y157.5344
G1 X86.9540 Y157.4946
G1 X87.0821 Y157.4472
G1 X87.2072 Y157.3924
G1 X87.3290 Y157.3305
G1 X87.4469 Y157.2616
G1 X87.5607 Y157.1859
G1 X87.6698 Y157.1038
G1 X87.7740 Y157.0155
G1 X87.8729 Y156.9212
G1 X87.9661 Y156.8214
G1 X88.0534 Y156.7163
G1 X88.1344 Y156.6063
G1 X88.2088 Y156.4918
G1 X88.2765 Y156.3732
G1 X88.3372 Y156.2508
G1 X88.3907 Y156.1251
G1 X88.4367 Y155.9965
G1 X88.4752 Y155.8654
G1 X88.5060 Y155.7324
G1 X88.5291 Y155.5977
G1 X88.5442 Y155.4620
G1 X88.5515 Y155.3256
G1 X88.5508 Y155.1890
G1 X88.5421 Y155.0527
G1 X88.5256 Y154.9171
G1 X88.5012 Y154.7827
G1 X88.4690 Y154.6499
G1 X88.4291 Y154.5193
G1 X88.3818 Y154.3912
G1 X88.3270 Y154.2660
G1 X88.2651 Y154.1443
G1 X88.1962 Y154.0263
G1 X88.1205 Y153.9126
G1 X88.0384 Y153.8034
G1 X87.9501 Y153.6992
G1 X87.8558 Y153.6004
G1 X87.7560 Y153.5071
G1 X87.6509 Y153.4199
G1 X87.5409 Y153.3389
G1 X87.4264 Y153.2644
G1 X87.3078 Y153.1967
G1 X87.1854 Y153.1360
G1 X87.0597 Y153.0826
G1 X86.9311 Y153.0365
G1 X86.8000 Y152.9980
G1 X86.6669 Y152.9672
G1 X86.5323 Y152.9442
G1 X86.3966 Y152.9290
G1 X86.2602 Y152.9218
G1 X86.1236 Y152.9225
G1 X85.9872 Y152.9311
G1 Z8.0000 F120
G1 X85.8516 Y152.9477 F600
G1 X85.7173 Y152.9721
G1 X85.5845 Y153.0043
G1 X85.4538 Y153.0441
G1 X85.3257 Y153.0915
G1 X85.2006 Y153.1462
G1 X85.0788 Y153.2082
G1 X84.9609 Y153.2771
G1 X84.8472 Y153.3527
G1 X84.7380 Y153.4348
G1 X84.6338 Y153.5232
G1 X84.5349 Y153.6174
G1 X84.4417 Y153.7173
G1 X84.3545 Y153.8223
G1 X84.2735 Y153.9323
G1 X84.1990 Y154.0468
G1 X84.1313 Y154.1655
G1 X84.0706 Y154.2879
G1 X84.0172 Y154.4136
G1 X83.9711 Y154.5422
G1 X83.9326 Y154.6732
G1 X83.9018 Y154.8063
G1 X83.8787 Y154.9409
G1 X83.8636 Y155.0767
G1 X83.8563 Y155.2131
G1 X83.8570 Y155.3497
G1 X83.8657 Y155.4860
G1 X83.8822 Y155.6216
G1 X83.9066 Y155.7560
G1 X83.9388 Y155.8887
G1 X83.9787 Y156.0194
G1 X84.0261 Y156.1475
G1 X84.0808 Y156.2726
G1 X84.1427 Y156.3944
G1 X84.2116 Y156.5123
G1 X84.2873 Y156.6261
G1 X84.3694 Y156.7352
G1 X84.4577 Y156.8394
G1 X84.5520 Y156.9383
G1 X84.6518 Y157.0315
G1 X84.7569 Y157.1188
G1 X84.8669 Y157.1998
G1 X84.9814 Y157.2743
G1 X85.1001 Y157.3419
G1 X85.2224 Y157.4026
G1 X85.3481 Y157.4561
G1 X85.4767 Y157.5021
G1 X85.6078 Y157.5406
G1 X85.7409 Y157.5715
G1 X85.8755 Y157.5945
G1 X86.0113 Y157.6096
G1 X86.1477 Y157.6169
G1 X86.2842 Y157.6162
G1 X86.4206 Y157.6075
G1 X86.5562 Y157.5910
G1 X86.6906 Y157.5666
G1 X86.8233 Y157.5344
G1 X86.9540 Y157.4946
G1 X87.0821 Y157.4472
G1 X87.2072 Y157.3924
G1 X87.3290 Y157.3305
G1 X87.4469 Y157.2616
G1 X87.5607 Y157.1859
G1 X87.6698 Y157.1038
G1 X87.7740 Y157.0155
G1 X87.8729 Y156.9212
G1 X87.9661 Y156.8214
G1 X88.0534 Y156.7163
G1 X88.1344 Y156.6063
G1 X88.2088 Y156.4918
G1 X88.2765 Y156.3732
G1 X88.3372 Y156.2508
G1 X88.3907 Y156.1251
G1 X88.4367 Y155.9965
G1 X88.4752 Y155.8654
G1 X88.5060 Y155.7324
G1 X88.5291 Y155.5977
G1 X88.5442 Y155.4620
G1 X88.5515 Y155.3256
G1 X88.5508 Y155.1890
G1 X88.5421 Y155.0527
G1 X88.5256 Y154.9171
G1 X88.5012 Y154.7827
G1 X88.4690 Y154.6499
G1 X88.4291 Y154.5193
G1 X88.3818 Y154.3912
G1 X88.3270 Y154.2660
G1 X88.2651 Y154.1443
G1 X88.1962 Y154.0263
G1 X88.1205 Y153.9126
G1 X88.0384 Y153.8034
G1 X87.9501 Y153.6992
G1 X87.8558 Y153.6004
G1 X87.7560 Y153.5071
G1 X87.6509 Y153.4199
G1 X87.5409 Y153.3389
G1 X87.4264 Y153.2644
G1 X87.3078 Y153.1967
G1 X87.1854 Y153.1360
G1 X87.0597 Y153.0826
G1 X86.9311 Y153.0365
G1 X86.8000 Y152.9980
G1 X86.6669 Y152.9672
G1 X86.5323 Y152.9442
G1 X86.3966 Y152.9290
G1 X86.2602 Y152.9218
G1 X86.1236 Y152.9225
G1 X85.9872 Y152.9311
G0 Z-5.0000 F480


(No. 21: Drill 4)
G0 X121.2039 Y174.2693 Z-5.0000 F2100
G0 Z-0.5000 F480
G1 Z4.0000 F120
G0 Z-0.5000 F480
G0 Z3.5000
G1 Z8.0000 F120
G0 Z-5.0000 F480


(No. 22: Drill 3)
G0 X116.2039 Y200.2693 Z-5.0000 F2100
G0 Z-0.5000 F480
G1 Z4.0000 F120
G0 Z-0.5000 F480
G0 Z3.5000
G1 Z8.0000 F120
G0 Z-5.0000 F480


(No. 23: Drill 1)
G0 X157.0223 Y200.2693 Z-5.0000 F2100
G0 Z-0.5000 F480
G1 Z4.0000 F120
G0 Z-0.5000 F480
G0 Z3.5000
G1 Z8.0000 F120
G0 Z-5.0000 F480


(No. 24: Drill 2)
G0 X152.0223 Y174.2693 Z-5.0000 F2100
G0 Z-0.5000 F480
G1 Z4.0000 F120
G0 Z-0.5000 F480
G0 Z3.5000
G1 Z8.0000 F120
G0 Z-5.0000 F480


(No. 25: Hole 1)
G0 X186.8057 Y152.9311 Z-5.0000 F2100
G0 Z-0.5000 F480
G1 Z0.0000 F120
G1 Z4.0000
G1 X186.6701 Y152.9477 F600
G1 X186.5357 Y152.9721
G1 X186.4029 Y153.0043
G1 X186.2723 Y153.0441
G1 X186.1442 Y153.0915
G1 X186.0190 Y153.1462
G1 X185.8973 Y153.2082
G1 X185.7793 Y153.2771
G1 X185.6656 Y153.3527
G1 X185.5564 Y153.4348
G1 X185.4523 Y153.5232
G1 X185.3534 Y153.6174
G1 X185.2602 Y153.7173
G1 X185.1729 Y153.8223
G1 X185.0919 Y153.9323
G1 X185.0174 Y154.0468
G1 X184.9497 Y154.1655
G1 X184.8890 Y154.2879
G1 X184.8356 Y154.4136
G1 X184.7895 Y154.5422
G1 X184.7510 Y154.6732
G1 X184.7202 Y154.8063
G1 X184.6972 Y154.9409
G1 X184.6820 Y155.0767
G1 X184.6748 Y155.2131
G1 X184.6755 Y155.3497
G1 X184.6841 Y155.4860
G1 X184.7007 Y155.6216
G1 X184.7251 Y155.7560
G1 X184.7573 Y155.8887
G1 X184.7971 Y156.0194
G1 X184.8445 Y156.1475
G1 X184.8992 Y156.2726
G1 X184.9612 Y156.3944
G1 X185.0301 Y156.5123
G1 X185.1057 Y156.6261
G1 X185.1878 Y156.7352
G1 X185.2762 Y156.8394
G1 X185.3704 Y156.9383
G1 X185.4703 Y157.0315
G1 X185.5754 Y157.1188
G1 X185.6853 Y157.1998
G1 X185.7998 Y157.2743
G1 X185.9185 Y157.3419
G1 X186.0409 Y157.4026
G1 X186.1666 Y157.4561
G1 X186.2952 Y157.5021
G1 X186.4262 Y157.5406
G1 X186.5593 Y157.5715
G1 X186.6939 Y157.5945
G1 X186.8297 Y157.6096
G1 X186.9661 Y157.6169
G1 X187.1027 Y157.6162
G1 X187.2390 Y157.6075
G1 X187.3746 Y157.5910
G1 X187.5090 Y157.5666
G1 X187.6417 Y157.5344
G1 X187.7724 Y157.4946
G1 X187.9005 Y157.4472
G1 X188.0257 Y157.3924
G1 X188.1474 Y157.3305
G1 X188.2654 Y157.2616
G1 X188.3791 Y157.1859
G1 X188.4882 Y157.1038
G1 X188.5924 Y157.0155
G1 X188.6913 Y156.9212
G1 X188.7845 Y156.8214
G1 X188.8718 Y156.7163
G1 X188.9528 Y156.6063
G1 X189.0273 Y156.4918
G1 X189.0950 Y156.3732
G1 X189.1556 Y156.2508
G1 X189.2091 Y156.1251
G1 X189.2551 Y155.9965
G1 X189.2937 Y155.8654
G1 X189.3245 Y155.7324
G1 X189.3475 Y155.5977
G1 X189.3627 Y155.4620
G1 X189.3699 Y155.3256
G1 X189.3692 Y155.1890
G1 X189.3606 Y155.0527
G1 X189.3440 Y154.9171
G1 X189.3196 Y154.7827
G1 X189.2874 Y154.6499
G1 X189.2476 Y154.5193
G1 X189.2002 Y154.3912
G1 X189.1454 Y154.2660
G1 X189.0835 Y154.1443
G1 X189.0146 Y154.0263
G1 X188.9390 Y153.9126
G1 X188.8568 Y153.8034
G1 X188.7685 Y153.6992
G1 X188.6742 Y153.6004
G1 X188.5744 Y153.5071
G1 X188.4693 Y153.4199
G1 X188.3593 Y153.3389
G1 X188.2448 Y153.2644
G1 X188.1262 Y153.1967
G1 X188.0038 Y153.1360
G1 X187.8781 Y153.0826
G1 X187.7495 Y153.0365
G1 X187.6185 Y152.9980
G1 X187.4854 Y152.9672
G1 X187.3507 Y152.9442
G1 X187.2150 Y152.9290
G1 X187.0786 Y152.9218
G1 X186.9420 Y152.9225
G1 X186.8057 Y152.9311
G1 Z8.0000 F120
G1 X186.6701 Y152.9477 F600
G1 X186.5357 Y152.9721
G1 X186.4029 Y153.0043
G1 X186.2723 Y153.0441
G1 X186.1442 Y153.0915
G1 X186.0190 Y153.1462
G1 X185.8973 Y153.2082
G1 X185.7793 Y153.2771
G1 X185.6656 Y153.3527
G1 X185.5564 Y153.4348
G1 X185.4523 Y153.5232
G1 X185.3534 Y153.6174
G1 X185.2602 Y153.7173
G1 X185.1729 Y153.8223
G1 X185.0919 Y153.9323
G1 X185.0174 Y154.0468
G1 X184.9497 Y154.1655
G1 X184.8890 Y154.2879
G1 X184.8356 Y154.4136
G1 X184.7895 Y154.5422
G1 X184.7510 Y154.6732
G1 X184.7202 Y154.8063
G1 X184.6972 Y154.9409
G1 X184.6820 Y155.0767
G1 X184.6748 Y155.2131
G1 X184.6755 Y155.3497
G1 X184.6841 Y155.4860
G1 X184.7007 Y155.6216
G1 X184.7251 Y155.7560
G1 X184.7573 Y155.8887
G1 X184.7971 Y156.0194
G1 X184.8445 Y156.1475
G1 X184.8992 Y156.2726
G1 X184.9612 Y156.3944
G1 X185.0301 Y156.5123
G1 X185.1057 Y156.6261
G1 X185.1878 Y156.7352
G1 X185.2762 Y156.8394
G1 X185.3704 Y156.9383
G1 X185.4703 Y157.0315
G1 X185.5754 Y157.1188
G1 X185.6853 Y157.1998
G1 X185.7998 Y157.2743
G1 X185.9185 Y157.3419
G1 X186.0409 Y157.4026
G1 X186.1666 Y157.4561
G1 X186.2952 Y157.5021
G1 X186.4262 Y157.5406
G1 X186.5593 Y157.5715
G1 X186.6939 Y157.5945
G1 X186.8297 Y157.6096
G1 X186.9661 Y157.6169
G1 X187.1027 Y157.6162
G1 X187.2390 Y157.6075
G1 X187.3746 Y157.5910
G1 X187.5090 Y157.5666
G1 X187.6417 Y157.5344
G1 X187.7724 Y157.4946
G1 X187.9005 Y157.4472
G1 X188.0257 Y157.3924
G1 X188.1474 Y157.3305
G1 X188.2654 Y157.2616
G1 X188.3791 Y157.1859
G1 X188.4882 Y157.1038
G1 X188.5924 Y157.0155
G1 X188.6913 Y156.9212
G1 X188.7845 Y156.8214
G1 X188.8718 Y156.7163
G1 X188.9528 Y156.6063
G1 X189.0273 Y156.4918
G1 X189.0950 Y156.3732
G1 X189.1556 Y156.2508
G1 X189.2091 Y156.1251
G1 X189.2551 Y155.9965
G1 X189.2937 Y155.8654
G1 X189.3245 Y155.7324
G1 X189.3475 Y155.5977
G1 X189.3627 Y155.4620
G1 X189.3699 Y155.3256
G1 X189.3692 Y155.1890
G1 X189.3606 Y155.0527
G1 X189.3440 Y154.9171
G1 X189.3196 Y154.7827
G1 X189.2874 Y154.6499
G1 X189.2476 Y154.5193
G1 X189.2002 Y154.3912
G1 X189.1454 Y154.2660
G1 X189.0835 Y154.1443
G1 X189.0146 Y154.0263
G1 X188.9390 Y153.9126
G1 X188.8568 Y153.8034
G1 X188.7685 Y153.6992
G1 X188.6742 Y153.6004
G1 X188.5744 Y153.5071
G1 X188.4693 Y153.4199
G1 X188.3593 Y153.3389
G1 X188.2448 Y153.2644
G1 X188.1262 Y153.1967
G1 X188.0038 Y153.1360
G1 X187.8781 Y153.0826
G1 X187.7495 Y153.0365
G1 X187.6185 Y152.9980
G1 X187.4854 Y152.9672
G1 X187.3507 Y152.9442
G1 X187.2150 Y152.9290
G1 X187.0786 Y152.9218
G1 X186.9420 Y152.9225
G1 X186.8057 Y152.9311
G0 Z-5.0000 F480


(No. 26: Hole 1)
G0 X201.8057 Y152.9311 Z-5.0000 F2100
G0 Z-0.5000 F480
G1 Z0.0000 F120
G1 Z4.0000
G1 X201.6701 Y152.9477 F600
G1 X201.5357 Y152.9721
G1 X201.4029 Y153.0043
G1 X201.2723 Y153.0441
G1 X201.1442 Y153.0915
G1 X201.0190 Y153.1462
G1 X200.8973 Y153.2082
G1 X200.7793 Y153.2771
G1 X200.6656 Y153.3527
G1 X200.5564 Y153.4348
G1 X200.4523 Y153.5232
G1 X200.3534 Y153.6174
G1 X200.2602 Y153.7173
G1 X200.1729 Y153.8223
G1 X200.0919 Y153.9323
G1 X200.0174 Y154.0468
G1 X199.9497 Y154.1655
G1 X199.8890 Y154.2879
G1 X199.8356 Y154.4136
G1 X199.7895 Y154.5422
G1 X199.7510 Y154.6732
G1 X199.7202 Y154.8063
G1 X199.6972 Y154.9409
G1 X199.6820 Y155.0767
G1 X199.6748 Y155.2131
G1 X199.6755 Y155.3497
G1 X199.6841 Y155.4860
G1 X199.7007 Y155.6216
G1 X199.7251 Y155.7560
G1 X199.7573 Y155.8887
G1 X199.7971 Y156.0194
G1 X199.8445 Y156.1475
G1 X199.8992 Y156.2726
G1 X199.9612 Y156.3944
G1 X200.0301 Y156.5123
G1 X200.1057 Y156.6261
G1 X200.1878 Y156.7352
G1 X200.2762 Y156.8394
G1 X200.3704 Y156.9383
G1 X200.4703 Y157.0315
G1 X200.5754 Y157.1188
G1 X200.6853 Y157.1998
G1 X200.7998 Y157.2743
G1 X200.9185 Y157.3419
G1 X201.0409 Y157.4026
G1 X201.1666 Y157.4561
G1 X201.2952 Y157.5021
G1 X201.4262 Y157.5406
G1 X201.5593 Y157.5715
G1 X201.6939 Y157.5945
G1 X201.8297 Y157.6096
G1 X201.9661 Y157.6169
G1 X202.1027 Y157.6162
G1 X202.2390 Y157.6075
G1 X202.3746 Y157.5910
G1 X202.5090 Y157.5666
G1 X202.6417 Y157.5344
G1 X202.7724 Y157.4946
G1 X202.9005 Y157.4472
G1 X203.0257 Y157.3924
G1 X203.1474 Y157.3305
G1 X203.2654 Y157.2616
G1 X203.3791 Y157.1859
G1 X203.4882 Y157.1038
G1 X203.5924 Y157.0155
G1 X203.6913 Y156.9212
G1 X203.7845 Y156.8214
G1 X203.8718 Y156.7163
G1 X203.9528 Y156.6063
G1 X204.0273 Y156.4918
G1 X204.0950 Y156.3732
G1 X204.1556 Y156.2508
G1 X204.2091 Y156.1251
G1 X204.2551 Y155.9965
G1 X204.2937 Y155.8654
G1 X204.3245 Y155.7324
G1 X204.3475 Y155.5977
G1 X204.3627 Y155.4620
G1 X204.3699 Y155.3256
G1 X204.3692 Y155.1890
G1 X204.3606 Y155.0527
G1 X204.3440 Y154.9171
G1 X204.3196 Y154.7827
G1 X204.2874 Y154.6499
G1 X204.2476 Y154.5193
G1 X204.2002 Y154.3912
G1 X204.1454 Y154.2660
G1 X204.0835 Y154.1443
G1 X204.0146 Y154.0263
G1 X203.9390 Y153.9126
G1 X203.8568 Y153.8034
G1 X203.7685 Y153.6992
G1 X203.6742 Y153.6004
G1 X203.5744 Y153.5071
G1 X203.4693 Y153.4199
G1 X203.3593 Y153.3389
G1 X203.2448 Y153.2644
G1 X203.1262 Y153.1967
G1 X203.0038 Y153.1360
G1 X202.8781 Y153.0826
G1 X202.7495 Y153.0365
G1 X202.6185 Y152.9980
G1 X202.4854 Y152.9672
G1 X202.3507 Y152.9442
G1 X202.2150 Y152.9290
G1 X202.0786 Y152.9218
G1 X201.9420 Y152.9225
G1 X201.8057 Y152.9311
G1 Z8.0000 F120
G1 X201.6701 Y152.9477 F600
G1 X201.5357 Y152.9721
G1 X201.4029 Y153.0043
G1 X201.2723 Y153.0441
G1 X201.1442 Y153.0915
G1 X201.0190 Y153.1462
G1 X200.8973 Y153.2082
G1 X200.7793 Y153.2771
G1 X200.6656 Y153.3527
G1 X200.5564 Y153.4348
G1 X200.4523 Y153.5232
G1 X200.3534 Y153.6174
G1 X200.2602 Y153.7173
G1 X200.1729 Y153.8223
G1 X200.0919 Y153.9323
G1 X200.0174 Y154.0468
G1 X199.9497 Y154.1655
G1 X199.8890 Y154.2879
G1 X199.8356 Y154.4136
G1 X199.7895 Y154.5422
G1 X199.7510 Y154.6732
G1 X199.7202 Y154.8063
G1 X199.6972 Y154.9409
G1 X199.6820 Y155.0767
G1 X199.6748 Y155.2131
G1 X199.6755 Y155.3497
G1 X199.6841 Y155.4860
G1 X199.7007 Y155.6216
G1 X199.7251 Y155.7560
G1 X199.7573 Y155.8887
G1 X199.7971 Y156.0194
G1 X199.8445 Y156.1475
G1 X199.8992 Y156.2726
G1 X199.9612 Y156.3944
G1 X200.0301 Y156.5123
G1 X200.1057 Y156.6261
G1 X200.1878 Y156.7352
G1 X200.2762 Y156.8394
G1 X200.3704 Y156.9383
G1 X200.4703 Y157.0315
G1 X200.5754 Y157.1188
G1 X200.6853 Y157.1998
G1 X200.7998 Y157.2743
G1 X200.9185 Y157.3419
G1 X201.0409 Y157.4026
G1 X201.1666 Y157.4561
G1 X201.2952 Y157.5021
G1 X201.4262 Y157.5406
G1 X201.5593 Y157.5715
G1 X201.6939 Y157.5945
G1 X201.8297 Y157.6096
G1 X201.9661 Y157.6169
G1 X202.1027 Y157.6162
G1 X202.2390 Y157.6075
G1 X202.3746 Y157.5910
G1 X202.5090 Y157.5666
G1 X202.6417 Y157.5344
G1 X202.7724 Y157.4946
G1 X202.9005 Y157.4472
G1 X203.0257 Y157.3924
G1 X203.1474 Y157.3305
G1 X203.2654 Y157.2616
G1 X203.3791 Y157.1859
G1 X203.4882 Y157.1038
G1 X203.5924 Y157.0155
G1 X203.6913 Y156.9212
G1 X203.7845 Y156.8214
G1 X203.8718 Y156.7163
G1 X203.9528 Y156.6063
G1 X204.0273 Y156.4918
G1 X204.0950 Y156.3732
G1 X204.1556 Y156.2508
G1 X204.2091 Y156.1251
G1 X204.2551 Y155.9965
G1 X204.2937 Y155.8654
G1 X204.3245 Y155.7324
G1 X204.3475 Y155.5977
G1 X204.3627 Y155.4620
G1 X204.3699 Y155.3256
G1 X204.3692 Y155.1890
G1 X204.3606 Y155.0527
G1 X204.3440 Y154.9171
G1 X204.3196 Y154.7827
G1 X204.2874 Y154.6499
G1 X204.2476 Y154.5193
G1 X204.2002 Y154.3912
G1 X204.1454 Y154.2660
G1 X204.0835 Y154.1443
G1 X204.0146 Y154.0263
G1 X203.9390 Y153.9126
G1 X203.8568 Y153.8034
G1 X203.7685 Y153.6992
G1 X203.6742 Y153.6004
G1 X203.5744 Y153.5071
G1 X203.4693 Y153.4199
G1 X203.3593 Y153.3389
G1 X203.2448 Y153.2644
G1 X203.1262 Y153.1967
G1 X203.0038 Y153.1360
G1 X202.8781 Y153.0826
G1 X202.7495 Y153.0365
G1 X202.6185 Y152.9980
G1 X202.4854 Y152.9672
G1 X202.3507 Y152.9442
G1 X202.2150 Y152.9290
G1 X202.0786 Y152.9218
G1 X201.9420 Y152.9225
G1 X201.8057 Y152.9311
G0 Z-5.0000 F480


(No. 27: Hole 1)
G0 X216.8057 Y152.9311 Z-5.0000 F2100
G0 Z-0.5000 F480
G1 Z0.0000 F120
G1 Z4.0000
G1 X216.6701 Y152.9477 F600
G1 X216.5357 Y152.9721
G1 X216.4029 Y153.0043
G1 X216.2723 Y153.0441
G1 X216.1442 Y153.0915
G1 X216.0190 Y153.1462
G1 X215.8973 Y153.2082
G1 X215.7793 Y153.2771
G1 X215.6656 Y153.3527
G1 X215.5564 Y153.4348
G1 X215.4523 Y153.5232
G1 X215.3534 Y153.6174
G1 X215.2602 Y153.7173
G1 X215.1729 Y153.8223
G1 X215.0919 Y153.9323
G1 X215.0174 Y154.0468
G1 X214.9497 Y154.1655
G1 X214.8890 Y154.2879
G1 X214.8356 Y154.4136
G1 X214.7895 Y154.5422
G1 X214.7510 Y154.6732
G1 X214.7202 Y154.8063
G1 X214.6972 Y154.9409
G1 X214.6820 Y155.0767
G1 X214.6748 Y155.2131
G1 X214.6755 Y155.3497
G1 X214.6841 Y155.4860
G1 X214.7007 Y155.6216
G1 X214.7251 Y155.7560
G1 X214.7573 Y155.8887
G1 X214.7971 Y156.0194
G1 X214.8445 Y156.1475
G1 X214.8992 Y156.2726
G1 X214.9612 Y156.3944
G1 X215.0301 Y156.5123
G1 X215.1057 Y156.6261
G1 X215.1878 Y156.7352
G1 X215.2762 Y156.8394
G1 X215.3704 Y156.9383
G1 X215.4703 Y157.0315
G1 X215.5754 Y157.1188
G1 X215.6853 Y157.1998
G1 X215.7998 Y157.2743
G1 X215.9185 Y157.3419
G1 X216.0409 Y157.4026
G1 X216.1666 Y157.4561
G1 X216.2952 Y157.5021
G1 X216.4262 Y157.5406
G1 X216.5593 Y157.5715
G1 X216.6939 Y157.5945
G1 X216.8297 Y157.6096
G1 X216.9661 Y157.6169
G1 X217.1027 Y157.6162
G1 X217.2390 Y157.6075
G1 X217.3746 Y157.5910
G1 X217.5090 Y157.5666
G1 X217.6417 Y157.5344
G1 X217.7724 Y157.4946
G1 X217.9005 Y157.4472
G1 X218.0257 Y157.3924
G1 X218.1474 Y157.3305
G1 X218.2654 Y157.2616
G1 X218.3791 Y157.1859
G1 X218.4882 Y157.1038
G1 X218.5924 Y157.0155
G1 X218.6913 Y156.9212
G1 X218.7845 Y156.8214
G1 X218.8718 Y156.7163
G1 X218.9528 Y156.6063
G1 X219.0273 Y156.4918
G1 X219.0950 Y156.3732
G1 X219.1556 Y156.2508
G1 X219.2091 Y156.1251
G1 X219.2551 Y155.9965
G1 X219.2937 Y155.8654
G1 X219.3245 Y155.7324
G1 X219.3475 Y155.5977
G1 X219.3627 Y155.4620
G1 X219.3699 Y155.3256
G1 X219.3692 Y155.1890
G1 X219.3606 Y155.0527
G1 X219.3440 Y154.9171
G1 X219.3196 Y154.7827
G1 X219.2874 Y154.6499
G1 X219.2476 Y154.5193
G1 X219.2002 Y154.3912
G1 X219.1454 Y154.2660
G1 X219.0835 Y154.1443
G1 X219.0146 Y154.0263
G1 X218.9390 Y153.9126
G1 X218.8568 Y153.8034
G1 X218.7685 Y153.6992
G1 X218.6742 Y153.6004
G1 X218.5744 Y153.5071
G1 X218.4693 Y153.4199
G1 X218.3593 Y153.3389
G1 X218.2448 Y153.2644
G1 X218.1262 Y153.1967
G1 X218.0038 Y153.1360
G1 X217.8781 Y153.0826
G1 X217.7495 Y153.0365
G1 X217.6185 Y152.9980
G1 X217.4854 Y152.9672
G1 X217.3507 Y152.9442
G1 X217.2150 Y152.9290
G1 X217.0786 Y152.9218
G1 X216.9420 Y152.9225
G1 X216.8057 Y152.9311
G1 Z8.0000 F120
G1 X216.6701 Y152.9477 F600
G1 X216.5357 Y152.9721
G1 X216.4029 Y153.0043
G1 X216.2723 Y153.0441
G1 X216.1442 Y153.0915
G1 X216.0190 Y153.1462
G1 X215.8973 Y153.2082
G1 X215.7793 Y153.2771
G1 X215.6656 Y153.3527
G1 X215.5564 Y153.4348
G1 X215.4523 Y153.5232
G1 X215.3534 Y153.6174
G1 X215.2602 Y153.7173
G1 X215.1729 Y153.8223
G1 X215.0919 Y153.9323
G1 X215.0174 Y154.0468
G1 X214.9497 Y154.1655
G1 X214.8890 Y154.2879
G1 X214.8356 Y154.4136
G1 X214.7895 Y154.5422
G1 X214.7510 Y154.6732
G1 X214.7202 Y154.8063
G1 X214.6972 Y154.9409
G1 X214.6820 Y155.0767
G1 X214.6748 Y155.2131
G1 X214.6755 Y155.3497
G1 X214.6841 Y155.4860
G1 X214.7007 Y155.6216
G1 X214.7251 Y155.7560
G1 X214.7573 Y155.8887
G1 X214.7971 Y156.0194
G1 X214.8445 Y156.1475
G1 X214.8992 Y156.2726
G1 X214.9612 Y156.3944
G1 X215.0301 Y156.5123
G1 X215.1057 Y156.6261
G1 X215.1878 Y156.7352
G1 X215.2762 Y156.8394
G1 X215.3704 Y156.9383
G1 X215.4703 Y157.0315
G1 X215.5754 Y157.1188
G1 X215.6853 Y157.1998
G1 X215.7998 Y157.2743
G1 X215.9185 Y157.3419
G1 X216.0409 Y157.4026
G1 X216.1666 Y157.4561
G1 X216.2952 Y157.5021
G1 X216.4262 Y157.5406
G1 X216.5593 Y157.5715
G1 X216.6939 Y157.5945
G1 X216.8297 Y157.6096
G1 X216.9661 Y157.6169
G1 X217.1027 Y157.6162
G1 X217.2390 Y157.6075
G1 X217.3746 Y157.5910
G1 X217.5090 Y157.5666
G1 X217.6417 Y157.5344
G1 X217.7724 Y157.4946
G1 X217.9005 Y157.4472
G1 X218.0257 Y157.3924
G1 X218.1474 Y157.3305
G1 X218.2654 Y157.2616
G1 X218.3791 Y157.1859
G1 X218.4882 Y157.1038
G1 X218.5924 Y157.0155
G1 X218.6913 Y156.9212
G1 X218.7845 Y156.8214
G1 X218.8718 Y156.7163
G1 X218.9528 Y156.6063
G1 X219.0273 Y156.4918
G1 X219.0950 Y156.3732
G1 X219.1556 Y156.2508
G1 X219.2091 Y156.1251
G1 X219.2551 Y155.9965
G1 X219.2937 Y155.8654
G1 X219.3245 Y155.7324
G1 X219.3475 Y155.5977
G1 X219.3627 Y155.4620
G1 X219.3699 Y155.3256
G1 X219.3692 Y155.1890
G1 X219.3606 Y155.0527
G1 X219.3440 Y154.9171
G1 X219.3196 Y154.7827
G1 X219.2874 Y154.6499
G1 X219.2476 Y154.5193
G1 X219.2002 Y154.3912
G1 X219.1454 Y154.2660
G1 X219.0835 Y154.1443
G1 X219.0146 Y154.0263
G1 X218.9390 Y153.9126
G1 X218.8568 Y153.8034
G1 X218.7685 Y153.6992
G1 X218.6742 Y153.6004
G1 X218.5744 Y153.5071
G1 X218.4693 Y153.4199
G1 X218.3593 Y153.3389
G1 X218.2448 Y153.2644
G1 X218.1262 Y153.1967
G1 X218.0038 Y153.1360
G1 X217.8781 Y153.0826
G1 X217.7495 Y153.0365
G1 X217.6185 Y152.9980
G1 X217.4854 Y152.9672
G1 X217.3507 Y152.9442
G1 X217.2150 Y152.9290
G1 X217.0786 Y152.9218
G1 X216.9420 Y152.9225
G1 X216.8057 Y152.9311
G0 Z-5.0000 F480


(No. 28: Hole 1)
G0 X216.8057 Y137.9311 Z-5.0000 F2100
G0 Z-0.5000 F480
G1 Z0.0000 F120
G1 Z4.0000
G1 X216.6701 Y137.9477 F600
G1 X216.5357 Y137.9721
G1 X216.4029 Y138.0043
G1 X216.2723 Y138.0441
G1 X216.1442 Y138.0915
G1 X216.0190 Y138.1462
G1 X215.8973 Y138.2082
G1 X215.7793 Y138.2771
G1 X215.6656 Y138.3527
G1 X215.5564 Y138.4348
G1 X215.4523 Y138.5232
G1 X215.3534 Y138.6174
G1 X215.2602 Y138.7173
G1 X215.1729 Y138.8223
G1 X215.0919 Y138.9323
G1 X215.0174 Y139.0468
G1 X214.9497 Y139.1655
G1 X214.8890 Y139.2879
G1 X214.8356 Y139.4136
G1 X214.7895 Y139.5422
G1 X214.7510 Y139.6732
G1 X214.7202 Y139.8063
G1 X214.6972 Y139.9409
G1 X214.6820 Y140.0767
G1 X214.6748 Y140.2131
G1 X214.6755 Y140.3497
G1 X214.6841 Y140.4860
G1 X214.7007 Y140.6216
G1 X214.7251 Y140.7560
G1 X214.7573 Y140.8887
G1 X214.7971 Y141.0194
G1 X214.8445 Y141.1475
G1 X214.8992 Y141.2726
G1 X214.9612 Y141.3944
G1 X215.0301 Y141.5123
G1 X215.1057 Y141.6261
G1 X215.1878 Y141.7352
G1 X215.2762 Y141.8394
G1 X215.3704 Y141.9383
G1 X215.4703 Y142.0315
G1 X215.5754 Y142.1188
G1 X215.6853 Y142.1998
G1 X215.7998 Y142.2743
G1 X215.9185 Y142.3419
G1 X216.0409 Y142.4026
G1 X216.1666 Y142.4561
G1 X216.2952 Y142.5021
G1 X216.4262 Y142.5406
G1 X216.5593 Y142.5715
G1 X216.6939 Y142.5945
G1 X216.8297 Y142.6096
G1 X216.9661 Y142.6169
G1 X217.1027 Y142.6162
G1 X217.2390 Y142.6075
G1 X217.3746 Y142.5910
G1 X217.5090 Y142.5666
G1 X217.6417 Y142.5344
G1 X217.7724 Y142.4946
G1 X217.9005 Y142.4472
G1 X218.0257 Y142.3924
G1 X218.1474 Y142.3305
G1 X218.2654 Y142.2616
G1 X218.3791 Y142.1859
G1 X218.4882 Y142.1038
G1 X218.5924 Y142.0155
G1 X218.6913 Y141.9212
G1 X218.7845 Y141.8214
G1 X218.8718 Y141.7163
G1 X218.9528 Y141.6063
G1 X219.0273 Y141.4918
G1 X219.0950 Y141.3732
G1 X219.1556 Y141.2508
G1 X219.2091 Y141.1251
G1 X219.2551 Y140.9965
G1 X219.2937 Y140.8654
G1 X219.3245 Y140.7324
G1 X219.3475 Y140.5977
G1 X219.3627 Y140.4620
G1 X219.3699 Y140.3256
G1 X219.3692 Y140.1890
G1 X219.3606 Y140.0527
G1 X219.3440 Y139.9171
G1 X219.3196 Y139.7827
G1 X219.2874 Y139.6499
G1 X219.2476 Y139.5193
G1 X219.2002 Y139.3912
G1 X219.1454 Y139.2660
G1 X219.0835 Y139.1443
G1 X219.0146 Y139.0263
G1 X218.9390 Y138.9126
G1 X218.8568 Y138.8034
G1 X218.7685 Y138.6992
G1 X218.6742 Y138.6004
G1 X218.5744 Y138.5071
G1 X218.4693 Y138.4199
G1 X218.3593 Y138.3389
G1 X218.2448 Y138.2644
G1 X218.1262 Y138.1967
G1 X218.0038 Y138.1360
G1 X217.8781 Y138.0826
G1 X217.7495 Y138.0365
G1 X217.6185 Y137.9980
G1 X217.4854 Y137.9672
G1 X217.3507 Y137.9442
G1 X217.2150 Y137.9290
G1 X217.0786 Y137.9218
G1 X216.9420 Y137.9225
G1 X216.8057 Y137.9311
G1 Z8.0000 F120
G1 X216.6701 Y137.9477 F600
G1 X216.5357 Y137.9721
G1 X216.4029 Y138.0043
G1 X216.2723 Y138.0441
G1 X216.1442 Y138.0915
G1 X216.0190 Y138.1462
G1 X215.8973 Y138.2082
G1 X215.7793 Y138.2771
G1 X215.6656 Y138.3527
G1 X215.5564 Y138.4348
G1 X215.4523 Y138.5232
G1 X215.3534 Y138.6174
G1 X215.2602 Y138.7173
G1 X215.1729 Y138.8223
G1 X215.0919 Y138.9323
G1 X215.0174 Y139.0468
G1 X214.9497 Y139.1655
G1 X214.8890 Y139.2879
G1 X214.8356 Y139.4136
G1 X214.7895 Y139.5422
G1 X214.7510 Y139.6732
G1 X214.7202 Y139.8063
G1 X214.6972 Y139.9409
G1 X214.6820 Y140.0767
G1 X214.6748 Y140.2131
G1 X214.6755 Y140.3497
G1 X214.6841 Y140.4860
G1 X214.7007 Y140.6216
G1 X214.7251 Y140.7560
G1 X214.7573 Y140.8887
G1 X214.7971 Y141.0194
G1 X214.8445 Y141.1475
G1 X214.8992 Y141.2726
G1 X214.9612 Y141.3944
G1 X215.0301 Y141.5123
G1 X215.1057 Y141.6261
G1 X215.1878 Y141.7352
G1 X215.2762 Y141.8394
G1 X215.3704 Y141.9383
G1 X215.4703 Y142.0315
G1 X215.5754 Y142.1188
G1 X215.6853 Y142.1998
G1 X215.7998 Y142.2743
G1 X215.9185 Y142.3419
G1 X216.0409 Y142.4026
G1 X216.1666 Y142.4561
G1 X216.2952 Y142.5021
G1 X216.4262 Y142.5406
G1 X216.5593 Y142.5715
G1 X216.6939 Y142.5945
G1 X216.8297 Y142.6096
G1 X216.9661 Y142.6169
G1 X217.1027 Y142.6162
G1 X217.2390 Y142.6075
G1 X217.3746 Y142.5910
G1 X217.5090 Y142.5666
G1 X217.6417 Y142.5344
G1 X217.7724 Y142.4946
G1 X217.9005 Y142.4472
G1 X218.0257 Y142.3924
G1 X218.1474 Y142.3305
G1 X218.2654 Y142.2616
G1 X218.3791 Y142.1859
G1 X218.4882 Y142.1038
G1 X218.5924 Y142.0155
G1 X218.6913 Y141.9212
G1 X218.7845 Y141.8214
G1 X218.8718 Y141.7163
G1 X218.9528 Y141.6063
G1 X219.0273 Y141.4918
G1 X219.0950 Y141.3732
G1 X219.1556 Y141.2508
G1 X219.2091 Y141.1251
G1 X219.2551 Y140.9965
G1 X219.2937 Y140.8654
G1 X219.3245 Y140.7324
G1 X219.3475 Y140.5977
G1 X219.3627 Y140.4620
G1 X219.3699 Y140.3256
G1 X219.3692 Y140.1890
G1 X219.3606 Y140.0527
G1 X219.3440 Y139.9171
G1 X219.3196 Y139.7827
G1 X219.2874 Y139.6499
G1 X219.2476 Y139.5193
G1 X219.2002 Y139.3912
G1 X219.1454 Y139.2660
G1 X219.0835 Y139.1443
G1 X219.0146 Y139.0263
G1 X218.9390 Y138.9126
G1 X218.8568 Y138.8034
G1 X218.7685 Y138.6992
G1 X218.6742 Y138.6004
G1 X218.5744 Y138.5071
G1 X218.4693 Y138.4199
G1 X218.3593 Y138.3389
G1 X218.2448 Y138.2644
G1 X218.1262 Y138.1967
G1 X218.0038 Y138.1360
G1 X217.8781 Y138.0826
G1 X217.7495 Y138.0365
G1 X217.6185 Y137.9980
G1 X217.4854 Y137.9672
G1 X217.3507 Y137.9442
G1 X217.2150 Y137.9290
G1 X217.0786 Y137.9218
G1 X216.9420 Y137.9225
G1 X216.8057 Y137.9311
G0 Z-5.0000 F480


(No. 29: Hole 1)
G0 X216.8057 Y122.9311 Z-5.0000 F2100
G0 Z-0.5000 F480
G1 Z0.0000 F120
G1 Z4.0000
G1 X216.6701 Y122.9477 F600
G1 X216.5357 Y122.9721
G1 X216.4029 Y123.0043
G1 X216.2723 Y123.0441
G1 X216.1442 Y123.0915
G1 X216.0190 Y123.1462
G1 X215.8973 Y123.2082
G1 X215.7793 Y123.2771
G1 X215.6656 Y123.3527
G1 X215.5564 Y123.4348
G1 X215.4523 Y123.5232
G1 X215.3534 Y123.6174
G1 X215.2602 Y123.7173
G1 X215.1729 Y123.8223
G1 X215.0919 Y123.9323
G1 X215.0174 Y124.0468
G1 X214.9497 Y124.1655
G1 X214.8890 Y124.2879
G1 X214.8356 Y124.4136
G1 X214.7895 Y124.5422
G1 X214.7510 Y124.6732
G1 X214.7202 Y124.8063
G1 X214.6972 Y124.9409
G1 X214.6820 Y125.0767
G1 X214.6748 Y125.2131
G1 X214.6755 Y125.3497
G1 X214.6841 Y125.4860
G1 X214.7007 Y125.6216
G1 X214.7251 Y125.7560
G1 X214.7573 Y125.8887
G1 X214.7971 Y126.0194
G1 X214.8445 Y126.1475
G1 X214.8992 Y126.2726
G1 X214.9612 Y126.3944
G1 X215.0301 Y126.5123
G1 X215.1057 Y126.6261
G1 X215.1878 Y126.7352
G1 X215.2762 Y126.8394
G1 X215.3704 Y126.9383
G1 X215.4703 Y127.0315
G1 X215.5754 Y127.1188
G1 X215.6853 Y127.1998
G1 X215.7998 Y127.2743
G1 X215.9185 Y127.3419
G1 X216.0409 Y127.4026
G1 X216.1666 Y127.4561
G1 X216.2952 Y127.5021
G1 X216.4262 Y127.5406
G1 X216.5593 Y127.5715
G1 X216.6939 Y127.5945
G1 X216.8297 Y127.6096
G1 X216.9661 Y127.6169
G1 X217.1027 Y127.6162
G1 X217.2390 Y127.6075
G1 X217.3746 Y127.5910
G1 X217.5090 Y127.5666
G1 X217.6417 Y127.5344
G1 X217.7724 Y127.4946
G1 X217.9005 Y127.4472
G1 X218.0257 Y127.3924
G1 X218.1474 Y127.3305
G1 X218.2654 Y127.2616
G1 X218.3791 Y127.1859
G1 X218.4882 Y127.1038
G1 X218.5924 Y127.0155
G1 X218.6913 Y126.9212
G1 X218.7845 Y126.8214
G1 X218.8718 Y126.7163
G1 X218.9528 Y126.6063
G1 X219.0273 Y126.4918
G1 X219.0950 Y126.3732
G1 X219.1556 Y126.2508
G1 X219.2091 Y126.1251
G1 X219.2551 Y125.9965
G1 X219.2937 Y125.8654
G1 X219.3245 Y125.7324
G1 X219.3475 Y125.5977
G1 X219.3627 Y125.4620
G1 X219.3699 Y125.3256
G1 X219.3692 Y125.1890
G1 X219.3606 Y125.0527
G1 X219.3440 Y124.9171
G1 X219.3196 Y124.7827
G1 X219.2874 Y124.6499
G1 X219.2476 Y124.5193
G1 X219.2002 Y124.3912
G1 X219.1454 Y124.2660
G1 X219.0835 Y124.1443
G1 X219.0146 Y124.0263
G1 X218.9390 Y123.9126
G1 X218.8568 Y123.8034
G1 X218.7685 Y123.6992
G1 X218.6742 Y123.6004
G1 X218.5744 Y123.5071
G1 X218.4693 Y123.4199
G1 X218.3593 Y123.3389
G1 X218.2448 Y123.2644
G1 X218.1262 Y123.1967
G1 X218.0038 Y123.1360
G1 X217.8781 Y123.0826
G1 X217.7495 Y123.0365
G1 X217.6185 Y122.9980
G1 X217.4854 Y122.9672
G1 X217.3507 Y122.9442
G1 X217.2150 Y122.9290
G1 X217.0786 Y122.9218
G1 X216.9420 Y122.9225
G1 X216.8057 Y122.9311
G1 Z8.0000 F120
G1 X216.6701 Y122.9477 F600
G1 X216.5357 Y122.9721
G1 X216.4029 Y123.0043
G1 X216.2723 Y123.0441
G1 X216.1442 Y123.0915
G1 X216.0190 Y123.1462
G1 X215.8973 Y123.2082
G1 X215.7793 Y123.2771
G1 X215.6656 Y123.3527
G1 X215.5564 Y123.4348
G1 X215.4523 Y123.5232
G1 X215.3534 Y123.6174
G1 X215.2602 Y123.7173
G1 X215.1729 Y123.8223
G1 X215.0919 Y123.9323
G1 X215.0174 Y124.0468
G1 X214.9497 Y124.1655
G1 X214.8890 Y124.2879
G1 X214.8356 Y124.4136
G1 X214.7895 Y124.5422
G1 X214.7510 Y124.6732
G1 X214.7202 Y124.8063
G1 X214.6972 Y124.9409
G1 X214.6820 Y125.0767
G1 X214.6748 Y125.2131
G1 X214.6755 Y125.3497
G1 X214.6841 Y125.4860
G1 X214.7007 Y125.6216
G1 X214.7251 Y125.7560
G1 X214.7573 Y125.8887
G1 X214.7971 Y126.0194
G1 X214.8445 Y126.1475
G1 X214.8992 Y126.2726
G1 X214.9612 Y126.3944
G1 X215.0301 Y126.5123
G1 X215.1057 Y126.6261
G1 X215.1878 Y126.7352
G1 X215.2762 Y126.8394
G1 X215.3704 Y126.9383
G1 X215.4703 Y127.0315
G1 X215.5754 Y127.1188
G1 X215.6853 Y127.1998
G1 X215.7998 Y127.2743
G1 X215.9185 Y127.3419
G1 X216.0409 Y127.4026
G1 X216.1666 Y127.4561
G1 X216.2952 Y127.5021
G1 X216.4262 Y127.5406
G1 X216.5593 Y127.5715
G1 X216.6939 Y127.5945
G1 X216.8297 Y127.6096
G1 X216.9661 Y127.6169
G1 X217.1027 Y127.6162
G1 X217.2390 Y127.6075
G1 X217.3746 Y127.5910
G1 X217.5090 Y127.5666
G1 X217.6417 Y127.5344
G1 X217.7724 Y127.4946
G1 X217.9005 Y127.4472
G1 X218.0257 Y127.3924
G1 X218.1474 Y127.3305
G1 X218.2654 Y127.2616
G1 X218.3791 Y127.1859
G1 X218.4882 Y127.1038
G1 X218.5924 Y127.0155
G1 X218.6913 Y126.9212
G1 X218.7845 Y126.8214
G1 X218.8718 Y126.7163
G1 X218.9528 Y126.6063
G1 X219.0273 Y126.4918
G1 X219.0950 Y126.3732
G1 X219.1556 Y126.2508
G1 X219.2091 Y126.1251
G1 X219.2551 Y125.9965
G1 X219.2937 Y125.8654
G1 X219.3245 Y125.7324
G1 X219.3475 Y125.5977
G1 X219.3627 Y125.4620
G1 X219.3699 Y125.3256
G1 X219.3692 Y125.1890
G1 X219.3606 Y125.0527
G1 X219.3440 Y124.9171
G1 X219.3196 Y124.7827
G1 X219.2874 Y124.6499
G1 X219.2476 Y124.5193
G1 X219.2002 Y124.3912
G1 X219.1454 Y124.2660
G1 X219.0835 Y124.1443
G1 X219.0146 Y124.0263
G1 X218.9390 Y123.9126
G1 X218.8568 Y123.8034
G1 X218.7685 Y123.6992
G1 X218.6742 Y123.6004
G1 X218.5744 Y123.5071
G1 X218.4693 Y123.4199
G1 X218.3593 Y123.3389
G1 X218.2448 Y123.2644
G1 X218.1262 Y123.1967
G1 X218.0038 Y123.1360
G1 X217.8781 Y123.0826
G1 X217.7495 Y123.0365
G1 X217.6185 Y122.9980
G1 X217.4854 Y122.9672
G1 X217.3507 Y122.9442
G1 X217.2150 Y122.9290
G1 X217.0786 Y122.9218
G1 X216.9420 Y122.9225
G1 X216.8057 Y122.9311
G0 Z-5.0000 F480


(No. 30: Hole 1)
G0 X231.8057 Y122.9311 Z-5.0000 F2100
G0 Z-0.5000 F480
G1 Z0.0000 F120
G1 Z4.0000
G1 X231.6701 Y122.9477 F600
G1 X231.5357 Y122.9721
G1 X231.4029 Y123.0043
G1 X231.2723 Y123.0441
G1 X231.1442 Y123.0915
G1 X231.0190 Y123.1462
G1 X230.8973 Y123.2082
G1 X230.7793 Y123.2771
G1 X230.6656 Y123.3527
G1 X230.5564 Y123.4348
G1 X230.4523 Y123.5232
G1 X230.3534 Y123.6174
G1 X230.2602 Y123.7173
G1 X230.1729 Y123.8223
G1 X230.0919 Y123.9323
G1 X230.0174 Y124.0468
G1 X229.9497 Y124.1655
G1 X229.8890 Y124.2879
G1 X229.8356 Y124.4136
G1 X229.7895 Y124.5422
G1 X229.7510 Y124.6732
G1 X229.7202 Y124.8063
G1 X229.6972 Y124.9409
G1 X229.6820 Y125.0767
G1 X229.6748 Y125.2131
G1 X229.6755 Y125.3497
G1 X229.6841 Y125.4860
G1 X229.7007 Y125.6216
G1 X229.7251 Y125.7560
G1 X229.7573 Y125.8887
G1 X229.7971 Y126.0194
G1 X229.8445 Y126.1475
G1 X229.8992 Y126.2726
G1 X229.9612 Y126.3944
G1 X230.0301 Y126.5123
G1 X230.1057 Y126.6261
G1 X230.1878 Y126.7352
G1 X230.2762 Y126.8394
G1 X230.3704 Y126.9383
G1 X230.4703 Y127.0315
G1 X230.5754 Y127.1188
G1 X230.6853 Y127.1998
G1 X230.7998 Y127.2743
G1 X230.9185 Y127.3419
G1 X231.0409 Y127.4026
G1 X231.1666 Y127.4561
G1 X231.2952 Y127.5021
G1 X231.4262 Y127.5406
G1 X231.5593 Y127.5715
G1 X231.6939 Y127.5945
G1 X231.8297 Y127.6096
G1 X231.9661 Y127.6169
G1 X232.1027 Y127.6162
G1 X232.2390 Y127.6075
G1 X232.3746 Y127.5910
G1 X232.5090 Y127.5666
G1 X232.6417 Y127.5344
G1 X232.7724 Y127.4946
G1 X232.9005 Y127.4472
G1 X233.0257 Y127.3924
G1 X233.1474 Y127.3305
G1 X233.2654 Y127.2616
G1 X233.3791 Y127.1859
G1 X233.4882 Y127.1038
G1 X233.5924 Y127.0155
G1 X233.6913 Y126.9212
G1 X233.7845 Y126.8214
G1 X233.8718 Y126.7163
G1 X233.9528 Y126.6063
G1 X234.0273 Y126.4918
G1 X234.0950 Y126.3732
G1 X234.1556 Y126.2508
G1 X234.2091 Y126.1251
G1 X234.2551 Y125.9965
G1 X234.2937 Y125.8654
G1 X234.3245 Y125.7324
G1 X234.3475 Y125.5977
G1 X234.3627 Y125.4620
G1 X234.3699 Y125.3256
G1 X234.3692 Y125.1890
G1 X234.3606 Y125.0527
G1 X234.3440 Y124.9171
G1 X234.3196 Y124.7827
G1 X234.2874 Y124.6499
G1 X234.2476 Y124.5193
G1 X234.2002 Y124.3912
G1 X234.1454 Y124.2660
G1 X234.0835 Y124.1443
G1 X234.0146 Y124.0263
G1 X233.9390 Y123.9126
G1 X233.8568 Y123.8034
G1 X233.7685 Y123.6992
G1 X233.6742 Y123.6004
G1 X233.5744 Y123.5071
G1 X233.4693 Y123.4199
G1 X233.3593 Y123.3389
G1 X233.2448 Y123.2644
G1 X233.1262 Y123.1967
G1 X233.0038 Y123.1360
G1 X232.8781 Y123.0826
G1 X232.7495 Y123.0365
G1 X232.6185 Y122.9980
G1 X232.4854 Y122.9672
G1 X232.3507 Y122.9442
G1 X232.2150 Y122.9290
G1 X232.0786 Y122.9218
G1 X231.9420 Y122.9225
G1 X231.8057 Y122.9311
G1 Z8.0000 F120
G1 X231.6701 Y122.9477 F600
G1 X231.5357 Y122.9721
G1 X231.4029 Y123.0043
G1 X231.2723 Y123.0441
G1 X231.1442 Y123.0915
G1 X231.0190 Y123.1462
G1 X230.8973 Y123.2082
G1 X230.7793 Y123.2771
G1 X230.6656 Y123.3527
G1 X230.5564 Y123.4348
G1 X230.4523 Y123.5232
G1 X230.3534 Y123.6174
G1 X230.2602 Y123.7173
G1 X230.1729 Y123.8223
G1 X230.0919 Y123.9323
G1 X230.0174 Y124.0468
G1 X229.9497 Y124.1655
G1 X229.8890 Y124.2879
G1 X229.8356 Y124.4136
G1 X229.7895 Y124.5422
G1 X229.7510 Y124.6732
G1 X229.7202 Y124.8063
G1 X229.6972 Y124.9409
G1 X229.6820 Y125.0767
G1 X229.6748 Y125.2131
G1 X229.6755 Y125.3497
G1 X229.6841 Y125.4860
G1 X229.7007 Y125.6216
G1 X229.7251 Y125.7560
G1 X229.7573 Y125.8887
G1 X229.7971 Y126.0194
G1 X229.8445 Y126.1475
G1 X229.8992 Y126.2726
G1 X229.9612 Y126.3944
G1 X230.0301 Y126.5123
G1 X230.1057 Y126.6261
G1 X230.1878 Y126.7352
G1 X230.2762 Y126.8394
G1 X230.3704 Y126.9383
G1 X230.4703 Y127.0315
G1 X230.5754 Y127.1188
G1 X230.6853 Y127.1998
G1 X230.7998 Y127.2743
G1 X230.9185 Y127.3419
G1 X231.0409 Y127.4026
G1 X231.1666 Y127.4561
G1 X231.2952 Y127.5021
G1 X231.4262 Y127.5406
G1 X231.5593 Y127.5715
G1 X231.6939 Y127.5945
G1 X231.8297 Y127.6096
G1 X231.9661 Y127.6169
G1 X232.1027 Y127.6162
G1 X232.2390 Y127.6075
G1 X232.3746 Y127.5910
G1 X232.5090 Y127.5666
G1 X232.6417 Y127.5344
G1 X232.7724 Y127.4946
G1 X232.9005 Y127.4472
G1 X233.0257 Y127.3924
G1 X233.1474 Y127.3305
G1 X233.2654 Y127.2616
G1 X233.3791 Y127.1859
G1 X233.4882 Y127.1038
G1 X233.5924 Y127.0155
G1 X233.6913 Y126.9212
G1 X233.7845 Y126.8214
G1 X233.8718 Y126.7163
G1 X233.9528 Y126.6063
G1 X234.0273 Y126.4918
G1 X234.0950 Y126.3732
G1 X234.1556 Y126.2508
G1 X234.2091 Y126.1251
G1 X234.2551 Y125.9965
G1 X234.2937 Y125.8654
G1 X234.3245 Y125.7324
G1 X234.3475 Y125.5977
G1 X234.3627 Y125.4620
G1 X234.3699 Y125.3256
G1 X234.3692 Y125.1890
G1 X234.3606 Y125.0527
G1 X234.3440 Y124.9171
G1 X234.3196 Y124.7827
G1 X234.2874 Y124.6499
G1 X234.2476 Y124.5193
G1 X234.2002 Y124.3912
G1 X234.1454 Y124.2660
G1 X234.0835 Y124.1443
G1 X234.0146 Y124.0263
G1 X233.9390 Y123.9126
G1 X233.8568 Y123.8034
G1 X233.7685 Y123.6992
G1 X233.6742 Y123.6004
G1 X233.5744 Y123.5071
G1 X233.4693 Y123.4199
G1 X233.3593 Y123.3389
G1 X233.2448 Y123.2644
G1 X233.1262 Y123.1967
G1 X233.0038 Y123.1360
G1 X232.8781 Y123.0826
G1 X232.7495 Y123.0365
G1 X232.6185 Y122.9980
G1 X232.4854 Y122.9672
G1 X232.3507 Y122.9442
G1 X232.2150 Y122.9290
G1 X232.0786 Y122.9218
G1 X231.9420 Y122.9225
G1 X231.8057 Y122.9311
G0 Z-5.0000 F480


(No. 31: Hole 1)
G0 X231.8057 Y137.9311 Z-5.0000 F2100
G0 Z-0.5000 F480
G1 Z0.0000 F120
G1 Z4.0000
G1 X231.6701 Y137.9477 F600
G1 X231.5357 Y137.9721
G1 X231.4029 Y138.0043
G1 X231.2723 Y138.0441
G1 X231.1442 Y138.0915
G1 X231.0190 Y138.1462
G1 X230.8973 Y138.2082
G1 X230.7793 Y138.2771
G1 X230.6656 Y138.3527
G1 X230.5564 Y138.4348
G1 X230.4523 Y138.5232
G1 X230.3534 Y138.6174
G1 X230.2602 Y138.7173
G1 X230.1729 Y138.8223
G1 X230.0919 Y138.9323
G1 X230.0174 Y139.0468
G1 X229.9497 Y139.1655
G1 X229.8890 Y139.2879
G1 X229.8356 Y139.4136
G1 X229.7895 Y139.5422
G1 X229.7510 Y139.6732
G1 X229.7202 Y139.8063
G1 X229.6972 Y139.9409
G1 X229.6820 Y140.0767
G1 X229.6748 Y140.2131
G1 X229.6755 Y140.3497
G1 X229.6841 Y140.4860
G1 X229.7007 Y140.6216
G1 X229.7251 Y140.7560
G1 X229.7573 Y140.8887
G1 X229.7971 Y141.0194
G1 X229.8445 Y141.1475
G1 X229.8992 Y141.2726
G1 X229.9612 Y141.3944
G1 X230.0301 Y141.5123
G1 X230.1057 Y141.6261
G1 X230.1878 Y141.7352
G1 X230.2762 Y141.8394
G1 X230.3704 Y141.9383
G1 X230.4703 Y142.0315
G1 X230.5754 Y142.1188
G1 X230.6853 Y142.1998
G1 X230.7998 Y142.2743
G1 X230.9185 Y142.3419
G1 X231.0409 Y142.4026
G1 X231.1666 Y142.4561
G1 X231.2952 Y142.5021
G1 X231.4262 Y142.5406
G1 X231.5593 Y142.5715
G1 X231.6939 Y142.5945
G1 X231.8297 Y142.6096
G1 X231.9661 Y142.6169
G1 X232.1027 Y142.6162
G1 X232.2390 Y142.6075
G1 X232.3746 Y142.5910
G1 X232.5090 Y142.5666
G1 X232.6417 Y142.5344
G1 X232.7724 Y142.4946
G1 X232.9005 Y142.4472
G1 X233.0257 Y142.3924
G1 X233.1474 Y142.3305
G1 X233.2654 Y142.2616
G1 X233.3791 Y142.1859
G1 X233.4882 Y142.1038
G1 X233.5924 Y142.0155
G1 X233.6913 Y141.9212
G1 X233.7845 Y141.8214
G1 X233.8718 Y141.7163
G1 X233.9528 Y141.6063
G1 X234.0273 Y141.4918
G1 X234.0950 Y141.3732
G1 X234.1556 Y141.2508
G1 X234.2091 Y141.1251
G1 X234.2551 Y140.9965
G1 X234.2937 Y140.8654
G1 X234.3245 Y140.7324
G1 X234.3475 Y140.5977
G1 X234.3627 Y140.4620
G1 X234.3699 Y140.3256
G1 X234.3692 Y140.1890
G1 X234.3606 Y140.0527
G1 X234.3440 Y139.9171
G1 X234.3196 Y139.7827
G1 X234.2874 Y139.6499
G1 X234.2476 Y139.5193
G1 X234.2002 Y139.3912
G1 X234.1454 Y139.2660
G1 X234.0835 Y139.1443
G1 X234.0146 Y139.0263
G1 X233.9390 Y138.9126
G1 X233.8568 Y138.8034
G1 X233.7685 Y138.6992
G1 X233.6742 Y138.6004
G1 X233.5744 Y138.5071
G1 X233.4693 Y138.4199
G1 X233.3593 Y138.3389
G1 X233.2448 Y138.2644
G1 X233.1262 Y138.1967
G1 X233.0038 Y138.1360
G1 X232.8781 Y138.0826
G1 X232.7495 Y138.0365
G1 X232.6185 Y137.9980
G1 X232.4854 Y137.9672
G1 X232.3507 Y137.9442
G1 X232.2150 Y137.9290
G1 X232.0786 Y137.9218
G1 X231.9420 Y137.9225
G1 X231.8057 Y137.9311
G1 Z8.0000 F120
G1 X231.6701 Y137.9477 F600
G1 X231.5357 Y137.9721
G1 X231.4029 Y138.0043
G1 X231.2723 Y138.0441
G1 X231.1442 Y138.0915
G1 X231.0190 Y138.1462
G1 X230.8973 Y138.2082
G1 X230.7793 Y138.2771
G1 X230.6656 Y138.3527
G1 X230.5564 Y138.4348
G1 X230.4523 Y138.5232
G1 X230.3534 Y138.6174
G1 X230.2602 Y138.7173
G1 X230.1729 Y138.8223
G1 X230.0919 Y138.9323
G1 X230.0174 Y139.0468
G1 X229.9497 Y139.1655
G1 X229.8890 Y139.2879
G1 X229.8356 Y139.4136
G1 X229.7895 Y139.5422
G1 X229.7510 Y139.6732
G1 X229.7202 Y139.8063
G1 X229.6972 Y139.9409
G1 X229.6820 Y140.0767
G1 X229.6748 Y140.2131
G1 X229.6755 Y140.3497
G1 X229.6841 Y140.4860
G1 X229.7007 Y140.6216
G1 X229.7251 Y140.7560
G1 X229.7573 Y140.8887
G1 X229.7971 Y141.0194
G1 X229.8445 Y141.1475
G1 X229.8992 Y141.2726
G1 X229.9612 Y141.3944
G1 X230.0301 Y141.5123
G1 X230.1057 Y141.6261
G1 X230.1878 Y141.7352
G1 X230.2762 Y141.8394
G1 X230.3704 Y141.9383
G1 X230.4703 Y142.0315
G1 X230.5754 Y142.1188
G1 X230.6853 Y142.1998
G1 X230.7998 Y142.2743
G1 X230.9185 Y142.3419
G1 X231.0409 Y142.4026
G1 X231.1666 Y142.4561
G1 X231.2952 Y142.5021
G1 X231.4262 Y142.5406
G1 X231.5593 Y142.5715
G1 X231.6939 Y142.5945
G1 X231.8297 Y142.6096
G1 X231.9661 Y142.6169
G1 X232.1027 Y142.6162
G1 X232.2390 Y142.6075
G1 X232.3746 Y142.5910
G1 X232.5090 Y142.5666
G1 X232.6417 Y142.5344
G1 X232.7724 Y142.4946
G1 X232.9005 Y142.4472
G1 X233.0257 Y142.3924
G1 X233.1474 Y142.3305
G1 X233.2654 Y142.2616
G1 X233.3791 Y142.1859
G1 X233.4882 Y142.1038
G1 X233.5924 Y142.0155
G1 X233.6913 Y141.9212
G1 X233.7845 Y141.8214
G1 X233.8718 Y141.7163
G1 X233.9528 Y141.6063
G1 X234.0273 Y141.4918
G1 X234.0950 Y141.3732
G1 X234.1556 Y141.2508
G1 X234.2091 Y141.1251
G1 X234.2551 Y140.9965
G1 X234.2937 Y140.8654
G1 X234.3245 Y140.7324
G1 X234.3475 Y140.5977
G1 X234.3627 Y140.4620
G1 X234.3699 Y140.3256
G1 X234.3692 Y140.1890
G1 X234.3606 Y140.0527
G1 X234.3440 Y139.9171
G1 X234.3196 Y139.7827
G1 X234.2874 Y139.6499
G1 X234.2476 Y139.5193
G1 X234.2002 Y139.3912
G1 X234.1454 Y139.2660
G1 X234.0835 Y139.1443
G1 X234.0146 Y139.0263
G1 X233.9390 Y138.9126
G1 X233.8568 Y138.8034
G1 X233.7685 Y138.6992
G1 X233.6742 Y138.6004
G1 X233.5744 Y138.5071
G1 X233.4693 Y138.4199
G1 X233.3593 Y138.3389
G1 X233.2448 Y138.2644
G1 X233.1262 Y138.1967
G1 X233.0038 Y138.1360
G1 X232.8781 Y138.0826
G1 X232.7495 Y138.0365
G1 X232.6185 Y137.9980
G1 X232.4854 Y137.9672
G1 X232.3507 Y137.9442
G1 X232.2150 Y137.9290
G1 X232.0786 Y137.9218
G1 X231.9420 Y137.9225
G1 X231.8057 Y137.9311
G0 Z-5.0000 F480


(No. 32: Hole 1)
G0 X231.8057 Y107.9311 Z-5.0000 F2100
G0 Z-0.5000 F480
G1 Z0.0000 F120
G1 Z4.0000
G1 X231.6701 Y107.9477 F600
G1 X231.5357 Y107.9721
G1 X231.4029 Y108.0043
G1 X231.2723 Y108.0441
G1 X231.1442 Y108.0915
G1 X231.0190 Y108.1462
G1 X230.8973 Y108.2082
G1 X230.7793 Y108.2771
G1 X230.6656 Y108.3527
G1 X230.5564 Y108.4348
G1 X230.4523 Y108.5232
G1 X230.3534 Y108.6174
G1 X230.2602 Y108.7173
G1 X230.1729 Y108.8223
G1 X230.0919 Y108.9323
G1 X230.0174 Y109.0468
G1 X229.9497 Y109.1655
G1 X229.8890 Y109.2879
G1 X229.8356 Y109.4136
G1 X229.7895 Y109.5422
G1 X229.7510 Y109.6732
G1 X229.7202 Y109.8063
G1 X229.6972 Y109.9409
G1 X229.6820 Y110.0767
G1 X229.6748 Y110.2131
G1 X229.6755 Y110.3497
G1 X229.6841 Y110.4860
G1 X229.7007 Y110.6216
G1 X229.7251 Y110.7560
G1 X229.7573 Y110.8887
G1 X229.7971 Y111.0194
G1 X229.8445 Y111.1475
G1 X229.8992 Y111.2726
G1 X229.9612 Y111.3944
G1 X230.0301 Y111.5123
G1 X230.1057 Y111.6261
G1 X230.1878 Y111.7352
G1 X230.2762 Y111.8394
G1 X230.3704 Y111.9383
G1 X230.4703 Y112.0315
G1 X230.5754 Y112.1188
G1 X230.6853 Y112.1998
G1 X230.7998 Y112.2743
G1 X230.9185 Y112.3419
G1 X231.0409 Y112.4026
G1 X231.1666 Y112.4561
G1 X231.2952 Y112.5021
G1 X231.4262 Y112.5406
G1 X231.5593 Y112.5715
G1 X231.6939 Y112.5945
G1 X231.8297 Y112.6096
G1 X231.9661 Y112.6169
G1 X232.1027 Y112.6162
G1 X232.2390 Y112.6075
G1 X232.3746 Y112.5910
G1 X232.5090 Y112.5666
G1 X232.6417 Y112.5344
G1 X232.7724 Y112.4946
G1 X232.9005 Y112.4472
G1 X233.0257 Y112.3924
G1 X233.1474 Y112.3305
G1 X233.2654 Y112.2616
G1 X233.3791 Y112.1859
G1 X233.4882 Y112.1038
G1 X233.5924 Y112.0155
G1 X233.6913 Y111.9212
G1 X233.7845 Y111.8214
G1 X233.8718 Y111.7163
G1 X233.9528 Y111.6063
G1 X234.0273 Y111.4918
G1 X234.0950 Y111.3732
G1 X234.1556 Y111.2508
G1 X234.2091 Y111.1251
G1 X234.2551 Y110.9965
G1 X234.2937 Y110.8654
G1 X234.3245 Y110.7324
G1 X234.3475 Y110.5977
G1 X234.3627 Y110.4620
G1 X234.3699 Y110.3256
G1 X234.3692 Y110.1890
G1 X234.3606 Y110.0527
G1 X234.3440 Y109.9171
G1 X234.3196 Y109.7827
G1 X234.2874 Y109.6499
G1 X234.2476 Y109.5193
G1 X234.2002 Y109.3912
G1 X234.1454 Y109.2660
G1 X234.0835 Y109.1443
G1 X234.0146 Y109.0263
G1 X233.9390 Y108.9126
G1 X233.8568 Y108.8034
G1 X233.7685 Y108.6992
G1 X233.6742 Y108.6004
G1 X233.5744 Y108.5071
G1 X233.4693 Y108.4199
G1 X233.3593 Y108.3389
G1 X233.2448 Y108.2644
G1 X233.1262 Y108.1967
G1 X233.0038 Y108.1360
G1 X232.8781 Y108.0826
G1 X232.7495 Y108.0365
G1 X232.6185 Y107.9980
G1 X232.4854 Y107.9672
G1 X232.3507 Y107.9442
G1 X232.2150 Y107.9290
G1 X232.0786 Y107.9218
G1 X231.9420 Y107.9225
G1 X231.8057 Y107.9311
G1 Z8.0000 F120
G1 X231.6701 Y107.9477 F600
G1 X231.5357 Y107.9721
G1 X231.4029 Y108.0043
G1 X231.2723 Y108.0441
G1 X231.1442 Y108.0915
G1 X231.0190 Y108.1462
G1 X230.8973 Y108.2082
G1 X230.7793 Y108.2771
G1 X230.6656 Y108.3527
G1 X230.5564 Y108.4348
G1 X230.4523 Y108.5232
G1 X230.3534 Y108.6174
G1 X230.2602 Y108.7173
G1 X230.1729 Y108.8223
G1 X230.0919 Y108.9323
G1 X230.0174 Y109.0468
G1 X229.9497 Y109.1655
G1 X229.8890 Y109.2879
G1 X229.8356 Y109.4136
G1 X229.7895 Y109.5422
G1 X229.7510 Y109.6732
G1 X229.7202 Y109.8063
G1 X229.6972 Y109.9409
G1 X229.6820 Y110.0767
G1 X229.6748 Y110.2131
G1 X229.6755 Y110.3497
G1 X229.6841 Y110.4860
G1 X229.7007 Y110.6216
G1 X229.7251 Y110.7560
G1 X229.7573 Y110.8887
G1 X229.7971 Y111.0194
G1 X229.8445 Y111.1475
G1 X229.8992 Y111.2726
G1 X229.9612 Y111.3944
G1 X230.0301 Y111.5123
G1 X230.1057 Y111.6261
G1 X230.1878 Y111.7352
G1 X230.2762 Y111.8394
G1 X230.3704 Y111.9383
G1 X230.4703 Y112.0315
G1 X230.5754 Y112.1188
G1 X230.6853 Y112.1998
G1 X230.7998 Y112.2743
G1 X230.9185 Y112.3419
G1 X231.0409 Y112.4026
G1 X231.1666 Y112.4561
G1 X231.2952 Y112.5021
G1 X231.4262 Y112.5406
G1 X231.5593 Y112.5715
G1 X231.6939 Y112.5945
G1 X231.8297 Y112.6096
G1 X231.9661 Y112.6169
G1 X232.1027 Y112.6162
G1 X232.2390 Y112.6075
G1 X232.3746 Y112.5910
G1 X232.5090 Y112.5666
G1 X232.6417 Y112.5344
G1 X232.7724 Y112.4946
G1 X232.9005 Y112.4472
G1 X233.0257 Y112.3924
G1 X233.1474 Y112.3305
G1 X233.2654 Y112.2616
G1 X233.3791 Y112.1859
G1 X233.4882 Y112.1038
G1 X233.5924 Y112.0155
G1 X233.6913 Y111.9212
G1 X233.7845 Y111.8214
G1 X233.8718 Y111.7163
G1 X233.9528 Y111.6063
G1 X234.0273 Y111.4918
G1 X234.0950 Y111.3732
G1 X234.1556 Y111.2508
G1 X234.2091 Y111.1251
G1 X234.2551 Y110.9965
G1 X234.2937 Y110.8654
G1 X234.3245 Y110.7324
G1 X234.3475 Y110.5977
G1 X234.3627 Y110.4620
G1 X234.3699 Y110.3256
G1 X234.3692 Y110.1890
G1 X234.3606 Y110.0527
G1 X234.3440 Y109.9171
G1 X234.3196 Y109.7827
G1 X234.2874 Y109.6499
G1 X234.2476 Y109.5193
G1 X234.2002 Y109.3912
G1 X234.1454 Y109.2660
G1 X234.0835 Y109.1443
G1 X234.0146 Y109.0263
G1 X233.9390 Y108.9126
G1 X233.8568 Y108.8034
G1 X233.7685 Y108.6992
G1 X233.6742 Y108.6004
G1 X233.5744 Y108.5071
G1 X233.4693 Y108.4199
G1 X233.3593 Y108.3389
G1 X233.2448 Y108.2644
G1 X233.1262 Y108.1967
G1 X233.0038 Y108.1360
G1 X232.8781 Y108.0826
G1 X232.7495 Y108.0365
G1 X232.6185 Y107.9980
G1 X232.4854 Y107.9672
G1 X232.3507 Y107.9442
G1 X232.2150 Y107.9290
G1 X232.0786 Y107.9218
G1 X231.9420 Y107.9225
G1 X231.8057 Y107.9311
G0 Z-5.0000 F480


(No. 33: Hole 1)
G0 X216.8057 Y107.9311 Z-5.0000 F2100
G0 Z-0.5000 F480
G1 Z0.0000 F120
G1 Z4.0000
G1 X216.6701 Y107.9477 F600
G1 X216.5357 Y107.9721
G1 X216.4029 Y108.0043
G1 X216.2723 Y108.0441
G1 X216.1442 Y108.0915
G1 X216.0190 Y108.1462
G1 X215.8973 Y108.2082
G1 X215.7793 Y108.2771
G1 X215.6656 Y108.3527
G1 X215.5564 Y108.4348
G1 X215.4523 Y108.5232
G1 X215.3534 Y108.6174
G1 X215.2602 Y108.7173
G1 X215.1729 Y108.8223
G1 X215.0919 Y108.9323
G1 X215.0174 Y109.0468
G1 X214.9497 Y109.1655
G1 X214.8890 Y109.2879
G1 X214.8356 Y109.4136
G1 X214.7895 Y109.5422
G1 X214.7510 Y109.6732
G1 X214.7202 Y109.8063
G1 X214.6972 Y109.9409
G1 X214.6820 Y110.0767
G1 X214.6748 Y110.2131
G1 X214.6755 Y110.3497
G1 X214.6841 Y110.4860
G1 X214.7007 Y110.6216
G1 X214.7251 Y110.7560
G1 X214.7573 Y110.8887
G1 X214.7971 Y111.0194
G1 X214.8445 Y111.1475
G1 X214.8992 Y111.2726
G1 X214.9612 Y111.3944
G1 X215.0301 Y111.5123
G1 X215.1057 Y111.6261
G1 X215.1878 Y111.7352
G1 X215.2762 Y111.8394
G1 X215.3704 Y111.9383
G1 X215.4703 Y112.0315
G1 X215.5754 Y112.1188
G1 X215.6853 Y112.1998
G1 X215.7998 Y112.2743
G1 X215.9185 Y112.3419
G1 X216.0409 Y112.4026
G1 X216.1666 Y112.4561
G1 X216.2952 Y112.5021
G1 X216.4262 Y112.5406
G1 X216.5593 Y112.5715
G1 X216.6939 Y112.5945
G1 X216.8297 Y112.6096
G1 X216.9661 Y112.6169
G1 X217.1027 Y112.6162
G1 X217.2390 Y112.6075
G1 X217.3746 Y112.5910
G1 X217.5090 Y112.5666
G1 X217.6417 Y112.5344
G1 X217.7724 Y112.4946
G1 X217.9005 Y112.4472
G1 X218.0257 Y112.3924
G1 X218.1474 Y112.3305
G1 X218.2654 Y112.2616
G1 X218.3791 Y112.1859
G1 X218.4882 Y112.1038
G1 X218.5924 Y112.0155
G1 X218.6913 Y111.9212
G1 X218.7845 Y111.8214
G1 X218.8718 Y111.7163
G1 X218.9528 Y111.6063
G1 X219.0273 Y111.4918
G1 X219.0950 Y111.3732
G1 X219.1556 Y111.2508
G1 X219.2091 Y111.1251
G1 X219.2551 Y110.9965
G1 X219.2937 Y110.8654
G1 X219.3245 Y110.7324
G1 X219.3475 Y110.5977
G1 X219.3627 Y110.4620
G1 X219.3699 Y110.3256
G1 X219.3692 Y110.1890
G1 X219.3606 Y110.0527
G1 X219.3440 Y109.9171
G1 X219.3196 Y109.7827
G1 X219.2874 Y109.6499
G1 X219.2476 Y109.5193
G1 X219.2002 Y109.3912
G1 X219.1454 Y109.2660
G1 X219.0835 Y109.1443
G1 X219.0146 Y109.0263
G1 X218.9390 Y108.9126
G1 X218.8568 Y108.8034
G1 X218.7685 Y108.6992
G1 X218.6742 Y108.6004
G1 X218.5744 Y108.5071
G1 X218.4693 Y108.4199
G1 X218.3593 Y108.3389
G1 X218.2448 Y108.2644
G1 X218.1262 Y108.1967
G1 X218.0038 Y108.1360
G1 X217.8781 Y108.0826
G1 X217.7495 Y108.0365
G1 X217.6185 Y107.9980
G1 X217.4854 Y107.9672
G1 X217.3507 Y107.9442
G1 X217.2150 Y107.9290
G1 X217.0786 Y107.9218
G1 X216.9420 Y107.9225
G1 X216.8057 Y107.9311
G1 Z8.0000 F120
G1 X216.6701 Y107.9477 F600
G1 X216.5357 Y107.9721
G1 X216.4029 Y108.0043
G1 X216.2723 Y108.0441
G1 X216.1442 Y108.0915
G1 X216.0190 Y108.1462
G1 X215.8973 Y108.2082
G1 X215.7793 Y108.2771
G1 X215.6656 Y108.3527
G1 X215.5564 Y108.4348
G1 X215.4523 Y108.5232
G1 X215.3534 Y108.6174
G1 X215.2602 Y108.7173
G1 X215.1729 Y108.8223
G1 X215.0919 Y108.9323
G1 X215.0174 Y109.0468
G1 X214.9497 Y109.1655
G1 X214.8890 Y109.2879
G1 X214.8356 Y109.4136
G1 X214.7895 Y109.5422
G1 X214.7510 Y109.6732
G1 X214.7202 Y109.8063
G1 X214.6972 Y109.9409
G1 X214.6820 Y110.0767
G1 X214.6748 Y110.2131
G1 X214.6755 Y110.3497
G1 X214.6841 Y110.4860
G1 X214.7007 Y110.6216
G1 X214.7251 Y110.7560
G1 X214.7573 Y110.8887
G1 X214.7971 Y111.0194
G1 X214.8445 Y111.1475
G1 X214.8992 Y111.2726
G1 X214.9612 Y111.3944
G1 X215.0301 Y111.5123
G1 X215.1057 Y111.6261
G1 X215.1878 Y111.7352
G1 X215.2762 Y111.8394
G1 X215.3704 Y111.9383
G1 X215.4703 Y112.0315
G1 X215.5754 Y112.1188
G1 X215.6853 Y112.1998
G1 X215.7998 Y112.2743
G1 X215.9185 Y112.3419
G1 X216.0409 Y112.4026
G1 X216.1666 Y112.4561
G1 X216.2952 Y112.5021
G1 X216.4262 Y112.5406
G1 X216.5593 Y112.5715
G1 X216.6939 Y112.5945
G1 X216.8297 Y112.6096
G1 X216.9661 Y112.6169
G1 X217.1027 Y112.6162
G1 X217.2390 Y112.6075
G1 X217.3746 Y112.5910
G1 X217.5090 Y112.5666
G1 X217.6417 Y112.5344
G1 X217.7724 Y112.4946
G1 X217.9005 Y112.4472
G1 X218.0257 Y112.3924
G1 X218.1474 Y112.3305
G1 X218.2654 Y112.2616
G1 X218.3791 Y112.1859
G1 X218.4882 Y112.1038
G1 X218.5924 Y112.0155
G1 X218.6913 Y111.9212
G1 X218.7845 Y111.8214
G1 X218.8718 Y111.7163
G1 X218.9528 Y111.6063
G1 X219.0273 Y111.4918
G1 X219.0950 Y111.3732
G1 X219.1556 Y111.2508
G1 X219.2091 Y111.1251
G1 X219.2551 Y110.9965
G1 X219.2937 Y110.8654
G1 X219.3245 Y110.7324
G1 X219.3475 Y110.5977
G1 X219.3627 Y110.4620
G1 X219.3699 Y110.3256
G1 X219.3692 Y110.1890
G1 X219.3606 Y110.0527
G1 X219.3440 Y109.9171
G1 X219.3196 Y109.7827
G1 X219.2874 Y109.6499
G1 X219.2476 Y109.5193
G1 X219.2002 Y109.3912
G1 X219.1454 Y109.2660
G1 X219.0835 Y109.1443
G1 X219.0146 Y109.0263
G1 X218.9390 Y108.9126
G1 X218.8568 Y108.8034
G1 X218.7685 Y108.6992
G1 X218.6742 Y108.6004
G1 X218.5744 Y108.5071
G1 X218.4693 Y108.4199
G1 X218.3593 Y108.3389
G1 X218.2448 Y108.2644
G1 X218.1262 Y108.1967
G1 X218.0038 Y108.1360
G1 X217.8781 Y108.0826
G1 X217.7495 Y108.0365
G1 X217.6185 Y107.9980
G1 X217.4854 Y107.9672
G1 X217.3507 Y107.9442
G1 X217.2150 Y107.9290
G1 X217.0786 Y107.9218
G1 X216.9420 Y107.9225
G1 X216.8057 Y107.9311
G0 Z-5.0000 F480


(No. 34: Hole 1)
G0 X201.8057 Y107.9311 Z-5.0000 F2100
G0 Z-0.5000 F480
G1 Z0.0000 F120
G1 Z4.0000
G1 X201.6701 Y107.9477 F600
G1 X201.5357 Y107.9721
G1 X201.4029 Y108.0043
G1 X201.2723 Y108.0441
G1 X201.1442 Y108.0915
G1 X201.0190 Y108.1462
G1 X200.8973 Y108.2082
G1 X200.7793 Y108.2771
G1 X200.6656 Y108.3527
G1 X200.5564 Y108.4348
G1 X200.4523 Y108.5232
G1 X200.3534 Y108.6174
G1 X200.2602 Y108.7173
G1 X200.1729 Y108.8223
G1 X200.0919 Y108.9323
G1 X200.0174 Y109.0468
G1 X199.9497 Y109.1655
G1 X199.8890 Y109.2879
G1 X199.8356 Y109.4136
G1 X199.7895 Y109.5422
G1 X199.7510 Y109.6732
G1 X199.7202 Y109.8063
G1 X199.6972 Y109.9409
G1 X199.6820 Y110.0767
G1 X199.6748 Y110.2131
G1 X199.6755 Y110.3497
G1 X199.6841 Y110.4860
G1 X199.7007 Y110.6216
G1 X199.7251 Y110.7560
G1 X199.7573 Y110.8887
G1 X199.7971 Y111.0194
G1 X199.8445 Y111.1475
G1 X199.8992 Y111.2726
G1 X199.9612 Y111.3944
G1 X200.0301 Y111.5123
G1 X200.1057 Y111.6261
G1 X200.1878 Y111.7352
G1 X200.2762 Y111.8394
G1 X200.3704 Y111.9383
G1 X200.4703 Y112.0315
G1 X200.5754 Y112.1188
G1 X200.6853 Y112.1998
G1 X200.7998 Y112.2743
G1 X200.9185 Y112.3419
G1 X201.0409 Y112.4026
G1 X201.1666 Y112.4561
G1 X201.2952 Y112.5021
G1 X201.4262 Y112.5406
G1 X201.5593 Y112.5715
G1 X201.6939 Y112.5945
G1 X201.8297 Y112.6096
G1 X201.9661 Y112.6169
G1 X202.1027 Y112.6162
G1 X202.2390 Y112.6075
G1 X202.3746 Y112.5910
G1 X202.5090 Y112.5666
G1 X202.6417 Y112.5344
G1 X202.7724 Y112.4946
G1 X202.9005 Y112.4472
G1 X203.0257 Y112.3924
G1 X203.1474 Y112.3305
G1 X203.2654 Y112.2616
G1 X203.3791 Y112.1859
G1 X203.4882 Y112.1038
G1 X203.5924 Y112.0155
G1 X203.6913 Y111.9212
G1 X203.7845 Y111.8214
G1 X203.8718 Y111.7163
G1 X203.9528 Y111.6063
G1 X204.0273 Y111.4918
G1 X204.0950 Y111.3732
G1 X204.1556 Y111.2508
G1 X204.2091 Y111.1251
G1 X204.2551 Y110.9965
G1 X204.2937 Y110.8654
G1 X204.3245 Y110.7324
G1 X204.3475 Y110.5977
G1 X204.3627 Y110.4620
G1 X204.3699 Y110.3256
G1 X204.3692 Y110.1890
G1 X204.3606 Y110.0527
G1 X204.3440 Y109.9171
G1 X204.3196 Y109.7827
G1 X204.2874 Y109.6499
G1 X204.2476 Y109.5193
G1 X204.2002 Y109.3912
G1 X204.1454 Y109.2660
G1 X204.0835 Y109.1443
G1 X204.0146 Y109.0263
G1 X203.9390 Y108.9126
G1 X203.8568 Y108.8034
G1 X203.7685 Y108.6992
G1 X203.6742 Y108.6004
G1 X203.5744 Y108.5071
G1 X203.4693 Y108.4199
G1 X203.3593 Y108.3389
G1 X203.2448 Y108.2644
G1 X203.1262 Y108.1967
G1 X203.0038 Y108.1360
G1 X202.8781 Y108.0826
G1 X202.7495 Y108.0365
G1 X202.6185 Y107.9980
G1 X202.4854 Y107.9672
G1 X202.3507 Y107.9442
G1 X202.2150 Y107.9290
G1 X202.0786 Y107.9218
G1 X201.9420 Y107.9225
G1 X201.8057 Y107.9311
G1 Z8.0000 F120
G1 X201.6701 Y107.9477 F600
G1 X201.5357 Y107.9721
G1 X201.4029 Y108.0043
G1 X201.2723 Y108.0441
G1 X201.1442 Y108.0915
G1 X201.0190 Y108.1462
G1 X200.8973 Y108.2082
G1 X200.7793 Y108.2771
G1 X200.6656 Y108.3527
G1 X200.5564 Y108.4348
G1 X200.4523 Y108.5232
G1 X200.3534 Y108.6174
G1 X200.2602 Y108.7173
G1 X200.1729 Y108.8223
G1 X200.0919 Y108.9323
G1 X200.0174 Y109.0468
G1 X199.9497 Y109.1655
G1 X199.8890 Y109.2879
G1 X199.8356 Y109.4136
G1 X199.7895 Y109.5422
G1 X199.7510 Y109.6732
G1 X199.7202 Y109.8063
G1 X199.6972 Y109.9409
G1 X199.6820 Y110.0767
G1 X199.6748 Y110.2131
G1 X199.6755 Y110.3497
G1 X199.6841 Y110.4860
G1 X199.7007 Y110.6216
G1 X199.7251 Y110.7560
G1 X199.7573 Y110.8887
G1 X199.7971 Y111.0194
G1 X199.8445 Y111.1475
G1 X199.8992 Y111.2726
G1 X199.9612 Y111.3944
G1 X200.0301 Y111.5123
G1 X200.1057 Y111.6261
G1 X200.1878 Y111.7352
G1 X200.2762 Y111.8394
G1 X200.3704 Y111.9383
G1 X200.4703 Y112.0315
G1 X200.5754 Y112.1188
G1 X200.6853 Y112.1998
G1 X200.7998 Y112.2743
G1 X200.9185 Y112.3419
G1 X201.0409 Y112.4026
G1 X201.1666 Y112.4561
G1 X201.2952 Y112.5021
G1 X201.4262 Y112.5406
G1 X201.5593 Y112.5715
G1 X201.6939 Y112.5945
G1 X201.8297 Y112.6096
G1 X201.9661 Y112.6169
G1 X202.1027 Y112.6162
G1 X202.2390 Y112.6075
G1 X202.3746 Y112.5910
G1 X202.5090 Y112.5666
G1 X202.6417 Y112.5344
G1 X202.7724 Y112.4946
G1 X202.9005 Y112.4472
G1 X203.0257 Y112.3924
G1 X203.1474 Y112.3305
G1 X203.2654 Y112.2616
G1 X203.3791 Y112.1859
G1 X203.4882 Y112.1038
G1 X203.5924 Y112.0155
G1 X203.6913 Y111.9212
G1 X203.7845 Y111.8214
G1 X203.8718 Y111.7163
G1 X203.9528 Y111.6063
G1 X204.0273 Y111.4918
G1 X204.0950 Y111.3732
G1 X204.1556 Y111.2508
G1 X204.2091 Y111.1251
G1 X204.2551 Y110.9965
G1 X204.2937 Y110.8654
G1 X204.3245 Y110.7324
G1 X204.3475 Y110.5977
G1 X204.3627 Y110.4620
G1 X204.3699 Y110.3256
G1 X204.3692 Y110.1890
G1 X204.3606 Y110.0527
G1 X204.3440 Y109.9171
G1 X204.3196 Y109.7827
G1 X204.2874 Y109.6499
G1 X204.2476 Y109.5193
G1 X204.2002 Y109.3912
G1 X204.1454 Y109.2660
G1 X204.0835 Y109.1443
G1 X204.0146 Y109.0263
G1 X203.9390 Y108.9126
G1 X203.8568 Y108.8034
G1 X203.7685 Y108.6992
G1 X203.6742 Y108.6004
G1 X203.5744 Y108.5071
G1 X203.4693 Y108.4199
G1 X203.3593 Y108.3389
G1 X203.2448 Y108.2644
G1 X203.1262 Y108.1967
G1 X203.0038 Y108.1360
G1 X202.8781 Y108.0826
G1 X202.7495 Y108.0365
G1 X202.6185 Y107.9980
G1 X202.4854 Y107.9672
G1 X202.3507 Y107.9442
G1 X202.2150 Y107.9290
G1 X202.0786 Y107.9218
G1 X201.9420 Y107.9225
G1 X201.8057 Y107.9311
G0 Z-5.0000 F480


(No. 35: Hole 1)
G0 X186.8057 Y107.9311 Z-5.0000 F2100
G0 Z-0.5000 F480
G1 Z0.0000 F120
G1 Z4.0000
G1 X186.6701 Y107.9477 F600
G1 X186.5357 Y107.9721
G1 X186.4029 Y108.0043
G1 X186.2723 Y108.0441
G1 X186.1442 Y108.0915
G1 X186.0190 Y108.1462
G1 X185.8973 Y108.2082
G1 X185.7793 Y108.2771
G1 X185.6656 Y108.3527
G1 X185.5564 Y108.4348
G1 X185.4523 Y108.5232
G1 X185.3534 Y108.6174
G1 X185.2602 Y108.7173
G1 X185.1729 Y108.8223
G1 X185.0919 Y108.9323
G1 X185.0174 Y109.0468
G1 X184.9497 Y109.1655
G1 X184.8890 Y109.2879
G1 X184.8356 Y109.4136
G1 X184.7895 Y109.5422
G1 X184.7510 Y109.6732
G1 X184.7202 Y109.8063
G1 X184.6972 Y109.9409
G1 X184.6820 Y110.0767
G1 X184.6748 Y110.2131
G1 X184.6755 Y110.3497
G1 X184.6841 Y110.4860
G1 X184.7007 Y110.6216
G1 X184.7251 Y110.7560
G1 X184.7573 Y110.8887
G1 X184.7971 Y111.0194
G1 X184.8445 Y111.1475
G1 X184.8992 Y111.2726
G1 X184.9612 Y111.3944
G1 X185.0301 Y111.5123
G1 X185.1057 Y111.6261
G1 X185.1878 Y111.7352
G1 X185.2762 Y111.8394
G1 X185.3704 Y111.9383
G1 X185.4703 Y112.0315
G1 X185.5754 Y112.1188
G1 X185.6853 Y112.1998
G1 X185.7998 Y112.2743
G1 X185.9185 Y112.3419
G1 X186.0409 Y112.4026
G1 X186.1666 Y112.4561
G1 X186.2952 Y112.5021
G1 X186.4262 Y112.5406
G1 X186.5593 Y112.5715
G1 X186.6939 Y112.5945
G1 X186.8297 Y112.6096
G1 X186.9661 Y112.6169
G1 X187.1027 Y112.6162
G1 X187.2390 Y112.6075
G1 X187.3746 Y112.5910
G1 X187.5090 Y112.5666
G1 X187.6417 Y112.5344
G1 X187.7724 Y112.4946
G1 X187.9005 Y112.4472
G1 X188.0257 Y112.3924
G1 X188.1474 Y112.3305
G1 X188.2654 Y112.2616
G1 X188.3791 Y112.1859
G1 X188.4882 Y112.1038
G1 X188.5924 Y112.0155
G1 X188.6913 Y111.9212
G1 X188.7845 Y111.8214
G1 X188.8718 Y111.7163
G1 X188.9528 Y111.6063
G1 X189.0273 Y111.4918
G1 X189.0950 Y111.3732
G1 X189.1556 Y111.2508
G1 X189.2091 Y111.1251
G1 X189.2551 Y110.9965
G1 X189.2937 Y110.8654
G1 X189.3245 Y110.7324
G1 X189.3475 Y110.5977
G1 X189.3627 Y110.4620
G1 X189.3699 Y110.3256
G1 X189.3692 Y110.1890
G1 X189.3606 Y110.0527
G1 X189.3440 Y109.9171
G1 X189.3196 Y109.7827
G1 X189.2874 Y109.6499
G1 X189.2476 Y109.5193
G1 X189.2002 Y109.3912
G1 X189.1454 Y109.2660
G1 X189.0835 Y109.1443
G1 X189.0146 Y109.0263
G1 X188.9390 Y108.9126
G1 X188.8568 Y108.8034
G1 X188.7685 Y108.6992
G1 X188.6742 Y108.6004
G1 X188.5744 Y108.5071
G1 X188.4693 Y108.4199
G1 X188.3593 Y108.3389
G1 X188.2448 Y108.2644
G1 X188.1262 Y108.1967
G1 X188.0038 Y108.1360
G1 X187.8781 Y108.0826
G1 X187.7495 Y108.0365
G1 X187.6185 Y107.9980
G1 X187.4854 Y107.9672
G1 X187.3507 Y107.9442
G1 X187.2150 Y107.9290
G1 X187.0786 Y107.9218
G1 X186.9420 Y107.9225
G1 X186.8057 Y107.9311
G1 Z8.0000 F120
G1 X186.6701 Y107.9477 F600
G1 X186.5357 Y107.9721
G1 X186.4029 Y108.0043
G1 X186.2723 Y108.0441
G1 X186.1442 Y108.0915
G1 X186.0190 Y108.1462
G1 X185.8973 Y108.2082
G1 X185.7793 Y108.2771
G1 X185.6656 Y108.3527
G1 X185.5564 Y108.4348
G1 X185.4523 Y108.5232
G1 X185.3534 Y108.6174
G1 X185.2602 Y108.7173
G1 X185.1729 Y108.8223
G1 X185.0919 Y108.9323
G1 X185.0174 Y109.0468
G1 X184.9497 Y109.1655
G1 X184.8890 Y109.2879
G1 X184.8356 Y109.4136
G1 X184.7895 Y109.5422
G1 X184.7510 Y109.6732
G1 X184.7202 Y109.8063
G1 X184.6972 Y109.9409
G1 X184.6820 Y110.0767
G1 X184.6748 Y110.2131
G1 X184.6755 Y110.3497
G1 X184.6841 Y110.4860
G1 X184.7007 Y110.6216
G1 X184.7251 Y110.7560
G1 X184.7573 Y110.8887
G1 X184.7971 Y111.0194
G1 X184.8445 Y111.1475
G1 X184.8992 Y111.2726
G1 X184.9612 Y111.3944
G1 X185.0301 Y111.5123
G1 X185.1057 Y111.6261
G1 X185.1878 Y111.7352
G1 X185.2762 Y111.8394
G1 X185.3704 Y111.9383
G1 X185.4703 Y112.0315
G1 X185.5754 Y112.1188
G1 X185.6853 Y112.1998
G1 X185.7998 Y112.2743
G1 X185.9185 Y112.3419
G1 X186.0409 Y112.4026
G1 X186.1666 Y112.4561
G1 X186.2952 Y112.5021
G1 X186.4262 Y112.5406
G1 X186.5593 Y112.5715
G1 X186.6939 Y112.5945
G1 X186.8297 Y112.6096
G1 X186.9661 Y112.6169
G1 X187.1027 Y112.6162
G1 X187.2390 Y112.6075
G1 X187.3746 Y112.5910
G1 X187.5090 Y112.5666
G1 X187.6417 Y112.5344
G1 X187.7724 Y112.4946
G1 X187.9005 Y112.4472
G1 X188.0257 Y112.3924
G1 X188.1474 Y112.3305
G1 X188.2654 Y112.2616
G1 X188.3791 Y112.1859
G1 X188.4882 Y112.1038
G1 X188.5924 Y112.0155
G1 X188.6913 Y111.9212
G1 X188.7845 Y111.8214
G1 X188.8718 Y111.7163
G1 X188.9528 Y111.6063
G1 X189.0273 Y111.4918
G1 X189.0950 Y111.3732
G1 X189.1556 Y111.2508
G1 X189.2091 Y111.1251
G1 X189.2551 Y110.9965
G1 X189.2937 Y110.8654
G1 X189.3245 Y110.7324
G1 X189.3475 Y110.5977
G1 X189.3627 Y110.4620
G1 X189.3699 Y110.3256
G1 X189.3692 Y110.1890
G1 X189.3606 Y110.0527
G1 X189.3440 Y109.9171
G1 X189.3196 Y109.7827
G1 X189.2874 Y109.6499
G1 X189.2476 Y109.5193
G1 X189.2002 Y109.3912
G1 X189.1454 Y109.2660
G1 X189.0835 Y109.1443
G1 X189.0146 Y109.0263
G1 X188.9390 Y108.9126
G1 X188.8568 Y108.8034
G1 X188.7685 Y108.6992
G1 X188.6742 Y108.6004
G1 X188.5744 Y108.5071
G1 X188.4693 Y108.4199
G1 X188.3593 Y108.3389
G1 X188.2448 Y108.2644
G1 X188.1262 Y108.1967
G1 X188.0038 Y108.1360
G1 X187.8781 Y108.0826
G1 X187.7495 Y108.0365
G1 X187.6185 Y107.9980
G1 X187.4854 Y107.9672
G1 X187.3507 Y107.9442
G1 X187.2150 Y107.9290
G1 X187.0786 Y107.9218
G1 X186.9420 Y107.9225
G1 X186.8057 Y107.9311
G0 Z-5.0000 F480


(No. 36: Hole 1)
G0 X171.8057 Y107.9311 Z-5.0000 F2100
G0 Z-0.5000 F480
G1 Z0.0000 F120
G1 Z4.0000
G1 X171.6701 Y107.9477 F600
G1 X171.5357 Y107.9721
G1 X171.4029 Y108.0043
G1 X171.2723 Y108.0441
G1 X171.1442 Y108.0915
G1 X171.0190 Y108.1462
G1 X170.8973 Y108.2082
G1 X170.7793 Y108.2771
G1 X170.6656 Y108.3527
G1 X170.5564 Y108.4348
G1 X170.4523 Y108.5232
G1 X170.3534 Y108.6174
G1 X170.2602 Y108.7173
G1 X170.1729 Y108.8223
G1 X170.0919 Y108.9323
G1 X170.0174 Y109.0468
G1 X169.9497 Y109.1655
G1 X169.8890 Y109.2879
G1 X169.8356 Y109.4136
G1 X169.7895 Y109.5422
G1 X169.7510 Y109.6732
G1 X169.7202 Y109.8063
G1 X169.6972 Y109.9409
G1 X169.6820 Y110.0767
G1 X169.6748 Y110.2131
G1 X169.6755 Y110.3497
G1 X169.6841 Y110.4860
G1 X169.7007 Y110.6216
G1 X169.7251 Y110.7560
G1 X169.7573 Y110.8887
G1 X169.7971 Y111.0194
G1 X169.8445 Y111.1475
G1 X169.8992 Y111.2726
G1 X169.9612 Y111.3944
G1 X170.0301 Y111.5123
G1 X170.1057 Y111.6261
G1 X170.1878 Y111.7352
G1 X170.2762 Y111.8394
G1 X170.3704 Y111.9383
G1 X170.4703 Y112.0315
G1 X170.5754 Y112.1188
G1 X170.6853 Y112.1998
G1 X170.7998 Y112.2743
G1 X170.9185 Y112.3419
G1 X171.0409 Y112.4026
G1 X171.1666 Y112.4561
G1 X171.2952 Y112.5021
G1 X171.4262 Y112.5406
G1 X171.5593 Y112.5715
G1 X171.6939 Y112.5945
G1 X171.8297 Y112.6096
G1 X171.9661 Y112.6169
G1 X172.1027 Y112.6162
G1 X172.2390 Y112.6075
G1 X172.3746 Y112.5910
G1 X172.5090 Y112.5666
G1 X172.6417 Y112.5344
G1 X172.7724 Y112.4946
G1 X172.9005 Y112.4472
G1 X173.0257 Y112.3924
G1 X173.1474 Y112.3305
G1 X173.2654 Y112.2616
G1 X173.3791 Y112.1859
G1 X173.4882 Y112.1038
G1 X173.5924 Y112.0155
G1 X173.6913 Y111.9212
G1 X173.7845 Y111.8214
G1 X173.8718 Y111.7163
G1 X173.9528 Y111.6063
G1 X174.0273 Y111.4918
G1 X174.0950 Y111.3732
G1 X174.1556 Y111.2508
G1 X174.2091 Y111.1251
G1 X174.2551 Y110.9965
G1 X174.2937 Y110.8654
G1 X174.3245 Y110.7324
G1 X174.3475 Y110.5977
G1 X174.3627 Y110.4620
G1 X174.3699 Y110.3256
G1 X174.3692 Y110.1890
G1 X174.3606 Y110.0527
G1 X174.3440 Y109.9171
G1 X174.3196 Y109.7827
G1 X174.2874 Y109.6499
G1 X174.2476 Y109.5193
G1 X174.2002 Y109.3912
G1 X174.1454 Y109.2660
G1 X174.0835 Y109.1443
G1 X174.0146 Y109.0263
G1 X173.9390 Y108.9126
G1 X173.8568 Y108.8034
G1 X173.7685 Y108.6992
G1 X173.6742 Y108.6004
G1 X173.5744 Y108.5071
G1 X173.4693 Y108.4199
G1 X173.3593 Y108.3389
G1 X173.2448 Y108.2644
G1 X173.1262 Y108.1967
G1 X173.0038 Y108.1360
G1 X172.8781 Y108.0826
G1 X172.7495 Y108.0365
G1 X172.6185 Y107.9980
G1 X172.4854 Y107.9672
G1 X172.3507 Y107.9442
G1 X172.2150 Y107.9290
G1 X172.0786 Y107.9218
G1 X171.9420 Y107.9225
G1 X171.8057 Y107.9311
G1 Z8.0000 F120
G1 X171.6701 Y107.9477 F600
G1 X171.5357 Y107.9721
G1 X171.4029 Y108.0043
G1 X171.2723 Y108.0441
G1 X171.1442 Y108.0915
G1 X171.0190 Y108.1462
G1 X170.8973 Y108.2082
G1 X170.7793 Y108.2771
G1 X170.6656 Y108.3527
G1 X170.5564 Y108.4348
G1 X170.4523 Y108.5232
G1 X170.3534 Y108.6174
G1 X170.2602 Y108.7173
G1 X170.1729 Y108.8223
G1 X170.0919 Y108.9323
G1 X170.0174 Y109.0468
G1 X169.9497 Y109.1655
G1 X169.8890 Y109.2879
G1 X169.8356 Y109.4136
G1 X169.7895 Y109.5422
G1 X169.7510 Y109.6732
G1 X169.7202 Y109.8063
G1 X169.6972 Y109.9409
G1 X169.6820 Y110.0767
G1 X169.6748 Y110.2131
G1 X169.6755 Y110.3497
G1 X169.6841 Y110.4860
G1 X169.7007 Y110.6216
G1 X169.7251 Y110.7560
G1 X169.7573 Y110.8887
G1 X169.7971 Y111.0194
G1 X169.8445 Y111.1475
G1 X169.8992 Y111.2726
G1 X169.9612 Y111.3944
G1 X170.0301 Y111.5123
G1 X170.1057 Y111.6261
G1 X170.1878 Y111.7352
G1 X170.2762 Y111.8394
G1 X170.3704 Y111.9383
G1 X170.4703 Y112.0315
G1 X170.5754 Y112.1188
G1 X170.6853 Y112.1998
G1 X170.7998 Y112.2743
G1 X170.9185 Y112.3419
G1 X171.0409 Y112.4026
G1 X171.1666 Y112.4561
G1 X171.2952 Y112.5021
G1 X171.4262 Y112.5406
G1 X171.5593 Y112.5715
G1 X171.6939 Y112.5945
G1 X171.8297 Y112.6096
G1 X171.9661 Y112.6169
G1 X172.1027 Y112.6162
G1 X172.2390 Y112.6075
G1 X172.3746 Y112.5910
G1 X172.5090 Y112.5666
G1 X172.6417 Y112.5344
G1 X172.7724 Y112.4946
G1 X172.9005 Y112.4472
G1 X173.0257 Y112.3924
G1 X173.1474 Y112.3305
G1 X173.2654 Y112.2616
G1 X173.3791 Y112.1859
G1 X173.4882 Y112.1038
G1 X173.5924 Y112.0155
G1 X173.6913 Y111.9212
G1 X173.7845 Y111.8214
G1 X173.8718 Y111.7163
G1 X173.9528 Y111.6063
G1 X174.0273 Y111.4918
G1 X174.0950 Y111.3732
G1 X174.1556 Y111.2508
G1 X174.2091 Y111.1251
G1 X174.2551 Y110.9965
G1 X174.2937 Y110.8654
G1 X174.3245 Y110.7324
G1 X174.3475 Y110.5977
G1 X174.3627 Y110.4620
G1 X174.3699 Y110.3256
G1 X174.3692 Y110.1890
G1 X174.3606 Y110.0527
G1 X174.3440 Y109.9171
G1 X174.3196 Y109.7827
G1 X174.2874 Y109.6499
G1 X174.2476 Y109.5193
G1 X174.2002 Y109.3912
G1 X174.1454 Y109.2660
G1 X174.0835 Y109.1443
G1 X174.0146 Y109.0263
G1 X173.9390 Y108.9126
G1 X173.8568 Y108.8034
G1 X173.7685 Y108.6992
G1 X173.6742 Y108.6004
G1 X173.5744 Y108.5071
G1 X173.4693 Y108.4199
G1 X173.3593 Y108.3389
G1 X173.2448 Y108.2644
G1 X173.1262 Y108.1967
G1 X173.0038 Y108.1360
G1 X172.8781 Y108.0826
G1 X172.7495 Y108.0365
G1 X172.6185 Y107.9980
G1 X172.4854 Y107.9672
G1 X172.3507 Y107.9442
G1 X172.2150 Y107.9290
G1 X172.0786 Y107.9218
G1 X171.9420 Y107.9225
G1 X171.8057 Y107.9311
G0 Z-5.0000 F480


(No. 37: Hole 1)
G0 X171.8057 Y122.9311 Z-5.0000 F2100
G0 Z-0.5000 F480
G1 Z0.0000 F120
G1 Z4.0000
G1 X171.6701 Y122.9477 F600
G1 X171.5357 Y122.9721
G1 X171.4029 Y123.0043
G1 X171.2723 Y123.0441
G1 X171.1442 Y123.0915
G1 X171.0190 Y123.1462
G1 X170.8973 Y123.2082
G1 X170.7793 Y123.2771
G1 X170.6656 Y123.3527
G1 X170.5564 Y123.4348
G1 X170.4523 Y123.5232
G1 X170.3534 Y123.6174
G1 X170.2602 Y123.7173
G1 X170.1729 Y123.8223
G1 X170.0919 Y123.9323
G1 X170.0174 Y124.0468
G1 X169.9497 Y124.1655
G1 X169.8890 Y124.2879
G1 X169.8356 Y124.4136
G1 X169.7895 Y124.5422
G1 X169.7510 Y124.6732
G1 X169.7202 Y124.8063
G1 X169.6972 Y124.9409
G1 X169.6820 Y125.0767
G1 X169.6748 Y125.2131
G1 X169.6755 Y125.3497
G1 X169.6841 Y125.4860
G1 X169.7007 Y125.6216
G1 X169.7251 Y125.7560
G1 X169.7573 Y125.8887
G1 X169.7971 Y126.0194
G1 X169.8445 Y126.1475
G1 X169.8992 Y126.2726
G1 X169.9612 Y126.3944
G1 X170.0301 Y126.5123
G1 X170.1057 Y126.6261
G1 X170.1878 Y126.7352
G1 X170.2762 Y126.8394
G1 X170.3704 Y126.9383
G1 X170.4703 Y127.0315
G1 X170.5754 Y127.1188
G1 X170.6853 Y127.1998
G1 X170.7998 Y127.2743
G1 X170.9185 Y127.3419
G1 X171.0409 Y127.4026
G1 X171.1666 Y127.4561
G1 X171.2952 Y127.5021
G1 X171.4262 Y127.5406
G1 X171.5593 Y127.5715
G1 X171.6939 Y127.5945
G1 X171.8297 Y127.6096
G1 X171.9661 Y127.6169
G1 X172.1027 Y127.6162
G1 X172.2390 Y127.6075
G1 X172.3746 Y127.5910
G1 X172.5090 Y127.5666
G1 X172.6417 Y127.5344
G1 X172.7724 Y127.4946
G1 X172.9005 Y127.4472
G1 X173.0257 Y127.3924
G1 X173.1474 Y127.3305
G1 X173.2654 Y127.2616
G1 X173.3791 Y127.1859
G1 X173.4882 Y127.1038
G1 X173.5924 Y127.0155
G1 X173.6913 Y126.9212
G1 X173.7845 Y126.8214
G1 X173.8718 Y126.7163
G1 X173.9528 Y126.6063
G1 X174.0273 Y126.4918
G1 X174.0950 Y126.3732
G1 X174.1556 Y126.2508
G1 X174.2091 Y126.1251
G1 X174.2551 Y125.9965
G1 X174.2937 Y125.8654
G1 X174.3245 Y125.7324
G1 X174.3475 Y125.5977
G1 X174.3627 Y125.4620
G1 X174.3699 Y125.3256
G1 X174.3692 Y125.1890
G1 X174.3606 Y125.0527
G1 X174.3440 Y124.9171
G1 X174.3196 Y124.7827
G1 X174.2874 Y124.6499
G1 X174.2476 Y124.5193
G1 X174.2002 Y124.3912
G1 X174.1454 Y124.2660
G1 X174.0835 Y124.1443
G1 X174.0146 Y124.0263
G1 X173.9390 Y123.9126
G1 X173.8568 Y123.8034
G1 X173.7685 Y123.6992
G1 X173.6742 Y123.6004
G1 X173.5744 Y123.5071
G1 X173.4693 Y123.4199
G1 X173.3593 Y123.3389
G1 X173.2448 Y123.2644
G1 X173.1262 Y123.1967
G1 X173.0038 Y123.1360
G1 X172.8781 Y123.0826
G1 X172.7495 Y123.0365
G1 X172.6185 Y122.9980
G1 X172.4854 Y122.9672
G1 X172.3507 Y122.9442
G1 X172.2150 Y122.9290
G1 X172.0786 Y122.9218
G1 X171.9420 Y122.9225
G1 X171.8057 Y122.9311
G1 Z8.0000 F120
G1 X171.6701 Y122.9477 F600
G1 X171.5357 Y122.9721
G1 X171.4029 Y123.0043
G1 X171.2723 Y123.0441
G1 X171.1442 Y123.0915
G1 X171.0190 Y123.1462
G1 X170.8973 Y123.2082
G1 X170.7793 Y123.2771
G1 X170.6656 Y123.3527
G1 X170.5564 Y123.4348
G1 X170.4523 Y123.5232
G1 X170.3534 Y123.6174
G1 X170.2602 Y123.7173
G1 X170.1729 Y123.8223
G1 X170.0919 Y123.9323
G1 X170.0174 Y124.0468
G1 X169.9497 Y124.1655
G1 X169.8890 Y124.2879
G1 X169.8356 Y124.4136
G1 X169.7895 Y124.5422
G1 X169.7510 Y124.6732
G1 X169.7202 Y124.8063
G1 X169.6972 Y124.9409
G1 X169.6820 Y125.0767
G1 X169.6748 Y125.2131
G1 X169.6755 Y125.3497
G1 X169.6841 Y125.4860
G1 X169.7007 Y125.6216
G1 X169.7251 Y125.7560
G1 X169.7573 Y125.8887
G1 X169.7971 Y126.0194
G1 X169.8445 Y126.1475
G1 X169.8992 Y126.2726
G1 X169.9612 Y126.3944
G1 X170.0301 Y126.5123
G1 X170.1057 Y126.6261
G1 X170.1878 Y126.7352
G1 X170.2762 Y126.8394
G1 X170.3704 Y126.9383
G1 X170.4703 Y127.0315
G1 X170.5754 Y127.1188
G1 X170.6853 Y127.1998
G1 X170.7998 Y127.2743
G1 X170.9185 Y127.3419
G1 X171.0409 Y127.4026
G1 X171.1666 Y127.4561
G1 X171.2952 Y127.5021
G1 X171.4262 Y127.5406
G1 X171.5593 Y127.5715
G1 X171.6939 Y127.5945
G1 X171.8297 Y127.6096
G1 X171.9661 Y127.6169
G1 X172.1027 Y127.6162
G1 X172.2390 Y127.6075
G1 X172.3746 Y127.5910
G1 X172.5090 Y127.5666
G1 X172.6417 Y127.5344
G1 X172.7724 Y127.4946
G1 X172.9005 Y127.4472
G1 X173.0257 Y127.3924
G1 X173.1474 Y127.3305
G1 X173.2654 Y127.2616
G1 X173.3791 Y127.1859
G1 X173.4882 Y127.1038
G1 X173.5924 Y127.0155
G1 X173.6913 Y126.9212
G1 X173.7845 Y126.8214
G1 X173.8718 Y126.7163
G1 X173.9528 Y126.6063
G1 X174.0273 Y126.4918
G1 X174.0950 Y126.3732
G1 X174.1556 Y126.2508
G1 X174.2091 Y126.1251
G1 X174.2551 Y125.9965
G1 X174.2937 Y125.8654
G1 X174.3245 Y125.7324
G1 X174.3475 Y125.5977
G1 X174.3627 Y125.4620
G1 X174.3699 Y125.3256
G1 X174.3692 Y125.1890
G1 X174.3606 Y125.0527
G1 X174.3440 Y124.9171
G1 X174.3196 Y124.7827
G1 X174.2874 Y124.6499
G1 X174.2476 Y124.5193
G1 X174.2002 Y124.3912
G1 X174.1454 Y124.2660
G1 X174.0835 Y124.1443
G1 X174.0146 Y124.0263
G1 X173.9390 Y123.9126
G1 X173.8568 Y123.8034
G1 X173.7685 Y123.6992
G1 X173.6742 Y123.6004
G1 X173.5744 Y123.5071
G1 X173.4693 Y123.4199
G1 X173.3593 Y123.3389
G1 X173.2448 Y123.2644
G1 X173.1262 Y123.1967
G1 X173.0038 Y123.1360
G1 X172.8781 Y123.0826
G1 X172.7495 Y123.0365
G1 X172.6185 Y122.9980
G1 X172.4854 Y122.9672
G1 X172.3507 Y122.9442
G1 X172.2150 Y122.9290
G1 X172.0786 Y122.9218
G1 X171.9420 Y122.9225
G1 X171.8057 Y122.9311
G0 Z-5.0000 F480


(No. 38: Hole 1)
G0 X171.8057 Y137.9311 Z-5.0000 F2100
G0 Z-0.5000 F480
G1 Z0.0000 F120
G1 Z4.0000
G1 X171.6701 Y137.9477 F600
G1 X171.5357 Y137.9721
G1 X171.4029 Y138.0043
G1 X171.2723 Y138.0441
G1 X171.1442 Y138.0915
G1 X171.0190 Y138.1462
G1 X170.8973 Y138.2082
G1 X170.7793 Y138.2771
G1 X170.6656 Y138.3527
G1 X170.5564 Y138.4348
G1 X170.4523 Y138.5232
G1 X170.3534 Y138.6174
G1 X170.2602 Y138.7173
G1 X170.1729 Y138.8223
G1 X170.0919 Y138.9323
G1 X170.0174 Y139.0468
G1 X169.9497 Y139.1655
G1 X169.8890 Y139.2879
G1 X169.8356 Y139.4136
G1 X169.7895 Y139.5422
G1 X169.7510 Y139.6732
G1 X169.7202 Y139.8063
G1 X169.6972 Y139.9409
G1 X169.6820 Y140.0767
G1 X169.6748 Y140.2131
G1 X169.6755 Y140.3497
G1 X169.6841 Y140.4860
G1 X169.7007 Y140.6216
G1 X169.7251 Y140.7560
G1 X169.7573 Y140.8887
G1 X169.7971 Y141.0194
G1 X169.8445 Y141.1475
G1 X169.8992 Y141.2726
G1 X169.9612 Y141.3944
G1 X170.0301 Y141.5123
G1 X170.1057 Y141.6261
G1 X170.1878 Y141.7352
G1 X170.2762 Y141.8394
G1 X170.3704 Y141.9383
G1 X170.4703 Y142.0315
G1 X170.5754 Y142.1188
G1 X170.6853 Y142.1998
G1 X170.7998 Y142.2743
G1 X170.9185 Y142.3419
G1 X171.0409 Y142.4026
G1 X171.1666 Y142.4561
G1 X171.2952 Y142.5021
G1 X171.4262 Y142.5406
G1 X171.5593 Y142.5715
G1 X171.6939 Y142.5945
G1 X171.8297 Y142.6096
G1 X171.9661 Y142.6169
G1 X172.1027 Y142.6162
G1 X172.2390 Y142.6075
G1 X172.3746 Y142.5910
G1 X172.5090 Y142.5666
G1 X172.6417 Y142.5344
G1 X172.7724 Y142.4946
G1 X172.9005 Y142.4472
G1 X173.0257 Y142.3924
G1 X173.1474 Y142.3305
G1 X173.2654 Y142.2616
G1 X173.3791 Y142.1859
G1 X173.4882 Y142.1038
G1 X173.5924 Y142.0155
G1 X173.6913 Y141.9212
G1 X173.7845 Y141.8214
G1 X173.8718 Y141.7163
G1 X173.9528 Y141.6063
G1 X174.0273 Y141.4918
G1 X174.0950 Y141.3732
G1 X174.1556 Y141.2508
G1 X174.2091 Y141.1251
G1 X174.2551 Y140.9965
G1 X174.2937 Y140.8654
G1 X174.3245 Y140.7324
G1 X174.3475 Y140.5977
G1 X174.3627 Y140.4620
G1 X174.3699 Y140.3256
G1 X174.3692 Y140.1890
G1 X174.3606 Y140.0527
G1 X174.3440 Y139.9171
G1 X174.3196 Y139.7827
G1 X174.2874 Y139.6499
G1 X174.2476 Y139.5193
G1 X174.2002 Y139.3912
G1 X174.1454 Y139.2660
G1 X174.0835 Y139.1443
G1 X174.0146 Y139.0263
G1 X173.9390 Y138.9126
G1 X173.8568 Y138.8034
G1 X173.7685 Y138.6992
G1 X173.6742 Y138.6004
G1 X173.5744 Y138.5071
G1 X173.4693 Y138.4199
G1 X173.3593 Y138.3389
G1 X173.2448 Y138.2644
G1 X173.1262 Y138.1967
G1 X173.0038 Y138.1360
G1 X172.8781 Y138.0826
G1 X172.7495 Y138.0365
G1 X172.6185 Y137.9980
G1 X172.4854 Y137.9672
G1 X172.3507 Y137.9442
G1 X172.2150 Y137.9290
G1 X172.0786 Y137.9218
G1 X171.9420 Y137.9225
G1 X171.8057 Y137.9311
G1 Z8.0000 F120
G1 X171.6701 Y137.9477 F600
G1 X171.5357 Y137.9721
G1 X171.4029 Y138.0043
G1 X171.2723 Y138.0441
G1 X171.1442 Y138.0915
G1 X171.0190 Y138.1462
G1 X170.8973 Y138.2082
G1 X170.7793 Y138.2771
G1 X170.6656 Y138.3527
G1 X170.5564 Y138.4348
G1 X170.4523 Y138.5232
G1 X170.3534 Y138.6174
G1 X170.2602 Y138.7173
G1 X170.1729 Y138.8223
G1 X170.0919 Y138.9323
G1 X170.0174 Y139.0468
G1 X169.9497 Y139.1655
G1 X169.8890 Y139.2879
G1 X169.8356 Y139.4136
G1 X169.7895 Y139.5422
G1 X169.7510 Y139.6732
G1 X169.7202 Y139.8063
G1 X169.6972 Y139.9409
G1 X169.6820 Y140.0767
G1 X169.6748 Y140.2131
G1 X169.6755 Y140.3497
G1 X169.6841 Y140.4860
G1 X169.7007 Y140.6216
G1 X169.7251 Y140.7560
G1 X169.7573 Y140.8887
G1 X169.7971 Y141.0194
G1 X169.8445 Y141.1475
G1 X169.8992 Y141.2726
G1 X169.9612 Y141.3944
G1 X170.0301 Y141.5123
G1 X170.1057 Y141.6261
G1 X170.1878 Y141.7352
G1 X170.2762 Y141.8394
G1 X170.3704 Y141.9383
G1 X170.4703 Y142.0315
G1 X170.5754 Y142.1188
G1 X170.6853 Y142.1998
G1 X170.7998 Y142.2743
G1 X170.9185 Y142.3419
G1 X171.0409 Y142.4026
G1 X171.1666 Y142.4561
G1 X171.2952 Y142.5021
G1 X171.4262 Y142.5406
G1 X171.5593 Y142.5715
G1 X171.6939 Y142.5945
G1 X171.8297 Y142.6096
G1 X171.9661 Y142.6169
G1 X172.1027 Y142.6162
G1 X172.2390 Y142.6075
G1 X172.3746 Y142.5910
G1 X172.5090 Y142.5666
G1 X172.6417 Y142.5344
G1 X172.7724 Y142.4946
G1 X172.9005 Y142.4472
G1 X173.0257 Y142.3924
G1 X173.1474 Y142.3305
G1 X173.2654 Y142.2616
G1 X173.3791 Y142.1859
G1 X173.4882 Y142.1038
G1 X173.5924 Y142.0155
G1 X173.6913 Y141.9212
G1 X173.7845 Y141.8214
G1 X173.8718 Y141.7163
G1 X173.9528 Y141.6063
G1 X174.0273 Y141.4918
G1 X174.0950 Y141.3732
G1 X174.1556 Y141.2508
G1 X174.2091 Y141.1251
G1 X174.2551 Y140.9965
G1 X174.2937 Y140.8654
G1 X174.3245 Y140.7324
G1 X174.3475 Y140.5977
G1 X174.3627 Y140.4620
G1 X174.3699 Y140.3256
G1 X174.3692 Y140.1890
G1 X174.3606 Y140.0527
G1 X174.3440 Y139.9171
G1 X174.3196 Y139.7827
G1 X174.2874 Y139.6499
G1 X174.2476 Y139.5193
G1 X174.2002 Y139.3912
G1 X174.1454 Y139.2660
G1 X174.0835 Y139.1443
G1 X174.0146 Y139.0263
G1 X173.9390 Y138.9126
G1 X173.8568 Y138.8034
G1 X173.7685 Y138.6992
G1 X173.6742 Y138.6004
G1 X173.5744 Y138.5071
G1 X173.4693 Y138.4199
G1 X173.3593 Y138.3389
G1 X173.2448 Y138.2644
G1 X173.1262 Y138.1967
G1 X173.0038 Y138.1360
G1 X172.8781 Y138.0826
G1 X172.7495 Y138.0365
G1 X172.6185 Y137.9980
G1 X172.4854 Y137.9672
G1 X172.3507 Y137.9442
G1 X172.2150 Y137.9290
G1 X172.0786 Y137.9218
G1 X171.9420 Y137.9225
G1 X171.8057 Y137.9311
G0 Z-5.0000 F480


(No. 39: Hole 1)
G0 X186.8057 Y137.9311 Z-5.0000 F2100
G0 Z-0.5000 F480
G1 Z0.0000 F120
G1 Z4.0000
G1 X186.6701 Y137.9477 F600
G1 X186.5357 Y137.9721
G1 X186.4029 Y138.0043
G1 X186.2723 Y138.0441
G1 X186.1442 Y138.0915
G1 X186.0190 Y138.1462
G1 X185.8973 Y138.2082
G1 X185.7793 Y138.2771
G1 X185.6656 Y138.3527
G1 X185.5564 Y138.4348
G1 X185.4523 Y138.5232
G1 X185.3534 Y138.6174
G1 X185.2602 Y138.7173
G1 X185.1729 Y138.8223
G1 X185.0919 Y138.9323
G1 X185.0174 Y139.0468
G1 X184.9497 Y139.1655
G1 X184.8890 Y139.2879
G1 X184.8356 Y139.4136
G1 X184.7895 Y139.5422
G1 X184.7510 Y139.6732
G1 X184.7202 Y139.8063
G1 X184.6972 Y139.9409
G1 X184.6820 Y140.0767
G1 X184.6748 Y140.2131
G1 X184.6755 Y140.3497
G1 X184.6841 Y140.4860
G1 X184.7007 Y140.6216
G1 X184.7251 Y140.7560
G1 X184.7573 Y140.8887
G1 X184.7971 Y141.0194
G1 X184.8445 Y141.1475
G1 X184.8992 Y141.2726
G1 X184.9612 Y141.3944
G1 X185.0301 Y141.5123
G1 X185.1057 Y141.6261
G1 X185.1878 Y141.7352
G1 X185.2762 Y141.8394
G1 X185.3704 Y141.9383
G1 X185.4703 Y142.0315
G1 X185.5754 Y142.1188
G1 X185.6853 Y142.1998
G1 X185.7998 Y142.2743
G1 X185.9185 Y142.3419
G1 X186.0409 Y142.4026
G1 X186.1666 Y142.4561
G1 X186.2952 Y142.5021
G1 X186.4262 Y142.5406
G1 X186.5593 Y142.5715
G1 X186.6939 Y142.5945
G1 X186.8297 Y142.6096
G1 X186.9661 Y142.6169
G1 X187.1027 Y142.6162
G1 X187.2390 Y142.6075
G1 X187.3746 Y142.5910
G1 X187.5090 Y142.5666
G1 X187.6417 Y142.5344
G1 X187.7724 Y142.4946
G1 X187.9005 Y142.4472
G1 X188.0257 Y142.3924
G1 X188.1474 Y142.3305
G1 X188.2654 Y142.2616
G1 X188.3791 Y142.1859
G1 X188.4882 Y142.1038
G1 X188.5924 Y142.0155
G1 X188.6913 Y141.9212
G1 X188.7845 Y141.8214
G1 X188.8718 Y141.7163
G1 X188.9528 Y141.6063
G1 X189.0273 Y141.4918
G1 X189.0950 Y141.3732
G1 X189.1556 Y141.2508
G1 X189.2091 Y141.1251
G1 X189.2551 Y140.9965
G1 X189.2937 Y140.8654
G1 X189.3245 Y140.7324
G1 X189.3475 Y140.5977
G1 X189.3627 Y140.4620
G1 X189.3699 Y140.3256
G1 X189.3692 Y140.1890
G1 X189.3606 Y140.0527
G1 X189.3440 Y139.9171
G1 X189.3196 Y139.7827
G1 X189.2874 Y139.6499
G1 X189.2476 Y139.5193
G1 X189.2002 Y139.3912
G1 X189.1454 Y139.2660
G1 X189.0835 Y139.1443
G1 X189.0146 Y139.0263
G1 X188.9390 Y138.9126
G1 X188.8568 Y138.8034
G1 X188.7685 Y138.6992
G1 X188.6742 Y138.6004
G1 X188.5744 Y138.5071
G1 X188.4693 Y138.4199
G1 X188.3593 Y138.3389
G1 X188.2448 Y138.2644
G1 X188.1262 Y138.1967
G1 X188.0038 Y138.1360
G1 X187.8781 Y138.0826
G1 X187.7495 Y138.0365
G1 X187.6185 Y137.9980
G1 X187.4854 Y137.9672
G1 X187.3507 Y137.9442
G1 X187.2150 Y137.9290
G1 X187.0786 Y137.9218
G1 X186.9420 Y137.9225
G1 X186.8057 Y137.9311
G1 Z8.0000 F120
G1 X186.6701 Y137.9477 F600
G1 X186.5357 Y137.9721
G1 X186.4029 Y138.0043
G1 X186.2723 Y138.0441
G1 X186.1442 Y138.0915
G1 X186.0190 Y138.1462
G1 X185.8973 Y138.2082
G1 X185.7793 Y138.2771
G1 X185.6656 Y138.3527
G1 X185.5564 Y138.4348
G1 X185.4523 Y138.5232
G1 X185.3534 Y138.6174
G1 X185.2602 Y138.7173
G1 X185.1729 Y138.8223
G1 X185.0919 Y138.9323
G1 X185.0174 Y139.0468
G1 X184.9497 Y139.1655
G1 X184.8890 Y139.2879
G1 X184.8356 Y139.4136
G1 X184.7895 Y139.5422
G1 X184.7510 Y139.6732
G1 X184.7202 Y139.8063
G1 X184.6972 Y139.9409
G1 X184.6820 Y140.0767
G1 X184.6748 Y140.2131
G1 X184.6755 Y140.3497
G1 X184.6841 Y140.4860
G1 X184.7007 Y140.6216
G1 X184.7251 Y140.7560
G1 X184.7573 Y140.8887
G1 X184.7971 Y141.0194
G1 X184.8445 Y141.1475
G1 X184.8992 Y141.2726
G1 X184.9612 Y141.3944
G1 X185.0301 Y141.5123
G1 X185.1057 Y141.6261
G1 X185.1878 Y141.7352
G1 X185.2762 Y141.8394
G1 X185.3704 Y141.9383
G1 X185.4703 Y142.0315
G1 X185.5754 Y142.1188
G1 X185.6853 Y142.1998
G1 X185.7998 Y142.2743
G1 X185.9185 Y142.3419
G1 X186.0409 Y142.4026
G1 X186.1666 Y142.4561
G1 X186.2952 Y142.5021
G1 X186.4262 Y142.5406
G1 X186.5593 Y142.5715
G1 X186.6939 Y142.5945
G1 X186.8297 Y142.6096
G1 X186.9661 Y142.6169
G1 X187.1027 Y142.6162
G1 X187.2390 Y142.6075
G1 X187.3746 Y142.5910
G1 X187.5090 Y142.5666
G1 X187.6417 Y142.5344
G1 X187.7724 Y142.4946
G1 X187.9005 Y142.4472
G1 X188.0257 Y142.3924
G1 X188.1474 Y142.3305
G1 X188.2654 Y142.2616
G1 X188.3791 Y142.1859
G1 X188.4882 Y142.1038
G1 X188.5924 Y142.0155
G1 X188.6913 Y141.9212
G1 X188.7845 Y141.8214
G1 X188.8718 Y141.7163
G1 X188.9528 Y141.6063
G1 X189.0273 Y141.4918
G1 X189.0950 Y141.3732
G1 X189.1556 Y141.2508
G1 X189.2091 Y141.1251
G1 X189.2551 Y140.9965
G1 X189.2937 Y140.8654
G1 X189.3245 Y140.7324
G1 X189.3475 Y140.5977
G1 X189.3627 Y140.4620
G1 X189.3699 Y140.3256
G1 X189.3692 Y140.1890
G1 X189.3606 Y140.0527
G1 X189.3440 Y139.9171
G1 X189.3196 Y139.7827
G1 X189.2874 Y139.6499
G1 X189.2476 Y139.5193
G1 X189.2002 Y139.3912
G1 X189.1454 Y139.2660
G1 X189.0835 Y139.1443
G1 X189.0146 Y139.0263
G1 X188.9390 Y138.9126
G1 X188.8568 Y138.8034
G1 X188.7685 Y138.6992
G1 X188.6742 Y138.6004
G1 X188.5744 Y138.5071
G1 X188.4693 Y138.4199
G1 X188.3593 Y138.3389
G1 X188.2448 Y138.2644
G1 X188.1262 Y138.1967
G1 X188.0038 Y138.1360
G1 X187.8781 Y138.0826
G1 X187.7495 Y138.0365
G1 X187.6185 Y137.9980
G1 X187.4854 Y137.9672
G1 X187.3507 Y137.9442
G1 X187.2150 Y137.9290
G1 X187.0786 Y137.9218
G1 X186.9420 Y137.9225
G1 X186.8057 Y137.9311
G0 Z-5.0000 F480


(No. 40: Hole 1)
G0 X186.8057 Y122.9311 Z-5.0000 F2100
G0 Z-0.5000 F480
G1 Z0.0000 F120
G1 Z4.0000
G1 X186.6701 Y122.9477 F600
G1 X186.5357 Y122.9721
G1 X186.4029 Y123.0043
G1 X186.2723 Y123.0441
G1 X186.1442 Y123.0915
G1 X186.0190 Y123.1462
G1 X185.8973 Y123.2082
G1 X185.7793 Y123.2771
G1 X185.6656 Y123.3527
G1 X185.5564 Y123.4348
G1 X185.4523 Y123.5232
G1 X185.3534 Y123.6174
G1 X185.2602 Y123.7173
G1 X185.1729 Y123.8223
G1 X185.0919 Y123.9323
G1 X185.0174 Y124.0468
G1 X184.9497 Y124.1655
G1 X184.8890 Y124.2879
G1 X184.8356 Y124.4136
G1 X184.7895 Y124.5422
G1 X184.7510 Y124.6732
G1 X184.7202 Y124.8063
G1 X184.6972 Y124.9409
G1 X184.6820 Y125.0767
G1 X184.6748 Y125.2131
G1 X184.6755 Y125.3497
G1 X184.6841 Y125.4860
G1 X184.7007 Y125.6216
G1 X184.7251 Y125.7560
G1 X184.7573 Y125.8887
G1 X184.7971 Y126.0194
G1 X184.8445 Y126.1475
G1 X184.8992 Y126.2726
G1 X184.9612 Y126.3944
G1 X185.0301 Y126.5123
G1 X185.1057 Y126.6261
G1 X185.1878 Y126.7352
G1 X185.2762 Y126.8394
G1 X185.3704 Y126.9383
G1 X185.4703 Y127.0315
G1 X185.5754 Y127.1188
G1 X185.6853 Y127.1998
G1 X185.7998 Y127.2743
G1 X185.9185 Y127.3419
G1 X186.0409 Y127.4026
G1 X186.1666 Y127.4561
G1 X186.2952 Y127.5021
G1 X186.4262 Y127.5406
G1 X186.5593 Y127.5715
G1 X186.6939 Y127.5945
G1 X186.8297 Y127.6096
G1 X186.9661 Y127.6169
G1 X187.1027 Y127.6162
G1 X187.2390 Y127.6075
G1 X187.3746 Y127.5910
G1 X187.5090 Y127.5666
G1 X187.6417 Y127.5344
G1 X187.7724 Y127.4946
G1 X187.9005 Y127.4472
G1 X188.0257 Y127.3924
G1 X188.1474 Y127.3305
G1 X188.2654 Y127.2616
G1 X188.3791 Y127.1859
G1 X188.4882 Y127.1038
G1 X188.5924 Y127.0155
G1 X188.6913 Y126.9212
G1 X188.7845 Y126.8214
G1 X188.8718 Y126.7163
G1 X188.9528 Y126.6063
G1 X189.0273 Y126.4918
G1 X189.0950 Y126.3732
G1 X189.1556 Y126.2508
G1 X189.2091 Y126.1251
G1 X189.2551 Y125.9965
G1 X189.2937 Y125.8654
G1 X189.3245 Y125.7324
G1 X189.3475 Y125.5977
G1 X189.3627 Y125.4620
G1 X189.3699 Y125.3256
G1 X189.3692 Y125.1890
G1 X189.3606 Y125.0527
G1 X189.3440 Y124.9171
G1 X189.3196 Y124.7827
G1 X189.2874 Y124.6499
G1 X189.2476 Y124.5193
G1 X189.2002 Y124.3912
G1 X189.1454 Y124.2660
G1 X189.0835 Y124.1443
G1 X189.0146 Y124.0263
G1 X188.9390 Y123.9126
G1 X188.8568 Y123.8034
G1 X188.7685 Y123.6992
G1 X188.6742 Y123.6004
G1 X188.5744 Y123.5071
G1 X188.4693 Y123.4199
G1 X188.3593 Y123.3389
G1 X188.2448 Y123.2644
G1 X188.1262 Y123.1967
G1 X188.0038 Y123.1360
G1 X187.8781 Y123.0826
G1 X187.7495 Y123.0365
G1 X187.6185 Y122.9980
G1 X187.4854 Y122.9672
G1 X187.3507 Y122.9442
G1 X187.2150 Y122.9290
G1 X187.0786 Y122.9218
G1 X186.9420 Y122.9225
G1 X186.8057 Y122.9311
G1 Z8.0000 F120
G1 X186.6701 Y122.9477 F600
G1 X186.5357 Y122.9721
G1 X186.4029 Y123.0043
G1 X186.2723 Y123.0441
G1 X186.1442 Y123.0915
G1 X186.0190 Y123.1462
G1 X185.8973 Y123.2082
G1 X185.7793 Y123.2771
G1 X185.6656 Y123.3527
G1 X185.5564 Y123.4348
G1 X185.4523 Y123.5232
G1 X185.3534 Y123.6174
G1 X185.2602 Y123.7173
G1 X185.1729 Y123.8223
G1 X185.0919 Y123.9323
G1 X185.0174 Y124.0468
G1 X184.9497 Y124.1655
G1 X184.8890 Y124.2879
G1 X184.8356 Y124.4136
G1 X184.7895 Y124.5422
G1 X184.7510 Y124.6732
G1 X184.7202 Y124.8063
G1 X184.6972 Y124.9409
G1 X184.6820 Y125.0767
G1 X184.6748 Y125.2131
G1 X184.6755 Y125.3497
G1 X184.6841 Y125.4860
G1 X184.7007 Y125.6216
G1 X184.7251 Y125.7560
G1 X184.7573 Y125.8887
G1 X184.7971 Y126.0194
G1 X184.8445 Y126.1475
G1 X184.8992 Y126.2726
G1 X184.9612 Y126.3944
G1 X185.0301 Y126.5123
G1 X185.1057 Y126.6261
G1 X185.1878 Y126.7352
G1 X185.2762 Y126.8394
G1 X185.3704 Y126.9383
G1 X185.4703 Y127.0315
G1 X185.5754 Y127.1188
G1 X185.6853 Y127.1998
G1 X185.7998 Y127.2743
G1 X185.9185 Y127.3419
G1 X186.0409 Y127.4026
G1 X186.1666 Y127.4561
G1 X186.2952 Y127.5021
G1 X186.4262 Y127.5406
G1 X186.5593 Y127.5715
G1 X186.6939 Y127.5945
G1 X186.8297 Y127.6096
G1 X186.9661 Y127.6169
G1 X187.1027 Y127.6162
G1 X187.2390 Y127.6075
G1 X187.3746 Y127.5910
G1 X187.5090 Y127.5666
G1 X187.6417 Y127.5344
G1 X187.7724 Y127.4946
G1 X187.9005 Y127.4472
G1 X188.0257 Y127.3924
G1 X188.1474 Y127.3305
G1 X188.2654 Y127.2616
G1 X188.3791 Y127.1859
G1 X188.4882 Y127.1038
G1 X188.5924 Y127.0155
G1 X188.6913 Y126.9212
G1 X188.7845 Y126.8214
G1 X188.8718 Y126.7163
G1 X188.9528 Y126.6063
G1 X189.0273 Y126.4918
G1 X189.0950 Y126.3732
G1 X189.1556 Y126.2508
G1 X189.2091 Y126.1251
G1 X189.2551 Y125.9965
G1 X189.2937 Y125.8654
G1 X189.3245 Y125.7324
G1 X189.3475 Y125.5977
G1 X189.3627 Y125.4620
G1 X189.3699 Y125.3256
G1 X189.3692 Y125.1890
G1 X189.3606 Y125.0527
G1 X189.3440 Y124.9171
G1 X189.3196 Y124.7827
G1 X189.2874 Y124.6499
G1 X189.2476 Y124.5193
G1 X189.2002 Y124.3912
G1 X189.1454 Y124.2660
G1 X189.0835 Y124.1443
G1 X189.0146 Y124.0263
G1 X188.9390 Y123.9126
G1 X188.8568 Y123.8034
G1 X188.7685 Y123.6992
G1 X188.6742 Y123.6004
G1 X188.5744 Y123.5071
G1 X188.4693 Y123.4199
G1 X188.3593 Y123.3389
G1 X188.2448 Y123.2644
G1 X188.1262 Y123.1967
G1 X188.0038 Y123.1360
G1 X187.8781 Y123.0826
G1 X187.7495 Y123.0365
G1 X187.6185 Y122.9980
G1 X187.4854 Y122.9672
G1 X187.3507 Y122.9442
G1 X187.2150 Y122.9290
G1 X187.0786 Y122.9218
G1 X186.9420 Y122.9225
G1 X186.8057 Y122.9311
G0 Z-5.0000 F480


(No. 41: Hole 1)
G0 X201.8057 Y122.9311 Z-5.0000 F2100
G0 Z-0.5000 F480
G1 Z0.0000 F120
G1 Z4.0000
G1 X201.6701 Y122.9477 F600
G1 X201.5357 Y122.9721
G1 X201.4029 Y123.0043
G1 X201.2723 Y123.0441
G1 X201.1442 Y123.0915
G1 X201.0190 Y123.1462
G1 X200.8973 Y123.2082
G1 X200.7793 Y123.2771
G1 X200.6656 Y123.3527
G1 X200.5564 Y123.4348
G1 X200.4523 Y123.5232
G1 X200.3534 Y123.6174
G1 X200.2602 Y123.7173
G1 X200.1729 Y123.8223
G1 X200.0919 Y123.9323
G1 X200.0174 Y124.0468
G1 X199.9497 Y124.1655
G1 X199.8890 Y124.2879
G1 X199.8356 Y124.4136
G1 X199.7895 Y124.5422
G1 X199.7510 Y124.6732
G1 X199.7202 Y124.8063
G1 X199.6972 Y124.9409
G1 X199.6820 Y125.0767
G1 X199.6748 Y125.2131
G1 X199.6755 Y125.3497
G1 X199.6841 Y125.4860
G1 X199.7007 Y125.6216
G1 X199.7251 Y125.7560
G1 X199.7573 Y125.8887
G1 X199.7971 Y126.0194
G1 X199.8445 Y126.1475
G1 X199.8992 Y126.2726
G1 X199.9612 Y126.3944
G1 X200.0301 Y126.5123
G1 X200.1057 Y126.6261
G1 X200.1878 Y126.7352
G1 X200.2762 Y126.8394
G1 X200.3704 Y126.9383
G1 X200.4703 Y127.0315
G1 X200.5754 Y127.1188
G1 X200.6853 Y127.1998
G1 X200.7998 Y127.2743
G1 X200.9185 Y127.3419
G1 X201.0409 Y127.4026
G1 X201.1666 Y127.4561
G1 X201.2952 Y127.5021
G1 X201.4262 Y127.5406
G1 X201.5593 Y127.5715
G1 X201.6939 Y127.5945
G1 X201.8297 Y127.6096
G1 X201.9661 Y127.6169
G1 X202.1027 Y127.6162
G1 X202.2390 Y127.6075
G1 X202.3746 Y127.5910
G1 X202.5090 Y127.5666
G1 X202.6417 Y127.5344
G1 X202.7724 Y127.4946
G1 X202.9005 Y127.4472
G1 X203.0257 Y127.3924
G1 X203.1474 Y127.3305
G1 X203.2654 Y127.2616
G1 X203.3791 Y127.1859
G1 X203.4882 Y127.1038
G1 X203.5924 Y127.0155
G1 X203.6913 Y126.9212
G1 X203.7845 Y126.8214
G1 X203.8718 Y126.7163
G1 X203.9528 Y126.6063
G1 X204.0273 Y126.4918
G1 X204.0950 Y126.3732
G1 X204.1556 Y126.2508
G1 X204.2091 Y126.1251
G1 X204.2551 Y125.9965
G1 X204.2937 Y125.8654
G1 X204.3245 Y125.7324
G1 X204.3475 Y125.5977
G1 X204.3627 Y125.4620
G1 X204.3699 Y125.3256
G1 X204.3692 Y125.1890
G1 X204.3606 Y125.0527
G1 X204.3440 Y124.9171
G1 X204.3196 Y124.7827
G1 X204.2874 Y124.6499
G1 X204.2476 Y124.5193
G1 X204.2002 Y124.3912
G1 X204.1454 Y124.2660
G1 X204.0835 Y124.1443
G1 X204.0146 Y124.0263
G1 X203.9390 Y123.9126
G1 X203.8568 Y123.8034
G1 X203.7685 Y123.6992
G1 X203.6742 Y123.6004
G1 X203.5744 Y123.5071
G1 X203.4693 Y123.4199
G1 X203.3593 Y123.3389
G1 X203.2448 Y123.2644
G1 X203.1262 Y123.1967
G1 X203.0038 Y123.1360
G1 X202.8781 Y123.0826
G1 X202.7495 Y123.0365
G1 X202.6185 Y122.9980
G1 X202.4854 Y122.9672
G1 X202.3507 Y122.9442
G1 X202.2150 Y122.9290
G1 X202.0786 Y122.9218
G1 X201.9420 Y122.9225
G1 X201.8057 Y122.9311
G1 Z8.0000 F120
G1 X201.6701 Y122.9477 F600
G1 X201.5357 Y122.9721
G1 X201.4029 Y123.0043
G1 X201.2723 Y123.0441
G1 X201.1442 Y123.0915
G1 X201.0190 Y123.1462
G1 X200.8973 Y123.2082
G1 X200.7793 Y123.2771
G1 X200.6656 Y123.3527
G1 X200.5564 Y123.4348
G1 X200.4523 Y123.5232
G1 X200.3534 Y123.6174
G1 X200.2602 Y123.7173
G1 X200.1729 Y123.8223
G1 X200.0919 Y123.9323
G1 X200.0174 Y124.0468
G1 X199.9497 Y124.1655
G1 X199.8890 Y124.2879
G1 X199.8356 Y124.4136
G1 X199.7895 Y124.5422
G1 X199.7510 Y124.6732
G1 X199.7202 Y124.8063
G1 X199.6972 Y124.9409
G1 X199.6820 Y125.0767
G1 X199.6748 Y125.2131
G1 X199.6755 Y125.3497
G1 X199.6841 Y125.4860
G1 X199.7007 Y125.6216
G1 X199.7251 Y125.7560
G1 X199.7573 Y125.8887
G1 X199.7971 Y126.0194
G1 X199.8445 Y126.1475
G1 X199.8992 Y126.2726
G1 X199.9612 Y126.3944
G1 X200.0301 Y126.5123
G1 X200.1057 Y126.6261
G1 X200.1878 Y126.7352
G1 X200.2762 Y126.8394
G1 X200.3704 Y126.9383
G1 X200.4703 Y127.0315
G1 X200.5754 Y127.1188
G1 X200.6853 Y127.1998
G1 X200.7998 Y127.2743
G1 X200.9185 Y127.3419
G1 X201.0409 Y127.4026
G1 X201.1666 Y127.4561
G1 X201.2952 Y127.5021
G1 X201.4262 Y127.5406
G1 X201.5593 Y127.5715
G1 X201.6939 Y127.5945
G1 X201.8297 Y127.6096
G1 X201.9661 Y127.6169
G1 X202.1027 Y127.6162
G1 X202.2390 Y127.6075
G1 X202.3746 Y127.5910
G1 X202.5090 Y127.5666
G1 X202.6417 Y127.5344
G1 X202.7724 Y127.4946
G1 X202.9005 Y127.4472
G1 X203.0257 Y127.3924
G1 X203.1474 Y127.3305
G1 X203.2654 Y127.2616
G1 X203.3791 Y127.1859
G1 X203.4882 Y127.1038
G1 X203.5924 Y127.0155
G1 X203.6913 Y126.9212
G1 X203.7845 Y126.8214
G1 X203.8718 Y126.7163
G1 X203.9528 Y126.6063
G1 X204.0273 Y126.4918
G1 X204.0950 Y126.3732
G1 X204.1556 Y126.2508
G1 X204.2091 Y126.1251
G1 X204.2551 Y125.9965
G1 X204.2937 Y125.8654
G1 X204.3245 Y125.7324
G1 X204.3475 Y125.5977
G1 X204.3627 Y125.4620
G1 X204.3699 Y125.3256
G1 X204.3692 Y125.1890
G1 X204.3606 Y125.0527
G1 X204.3440 Y124.9171
G1 X204.3196 Y124.7827
G1 X204.2874 Y124.6499
G1 X204.2476 Y124.5193
G1 X204.2002 Y124.3912
G1 X204.1454 Y124.2660
G1 X204.0835 Y124.1443
G1 X204.0146 Y124.0263
G1 X203.9390 Y123.9126
G1 X203.8568 Y123.8034
G1 X203.7685 Y123.6992
G1 X203.6742 Y123.6004
G1 X203.5744 Y123.5071
G1 X203.4693 Y123.4199
G1 X203.3593 Y123.3389
G1 X203.2448 Y123.2644
G1 X203.1262 Y123.1967
G1 X203.0038 Y123.1360
G1 X202.8781 Y123.0826
G1 X202.7495 Y123.0365
G1 X202.6185 Y122.9980
G1 X202.4854 Y122.9672
G1 X202.3507 Y122.9442
G1 X202.2150 Y122.9290
G1 X202.0786 Y122.9218
G1 X201.9420 Y122.9225
G1 X201.8057 Y122.9311
G0 Z-5.0000 F480


(No. 42: Hole 1)
G0 X201.8057 Y137.9311 Z-5.0000 F2100
G0 Z-0.5000 F480
G1 Z0.0000 F120
G1 Z4.0000
G1 X201.6701 Y137.9477 F600
G1 X201.5357 Y137.9721
G1 X201.4029 Y138.0043
G1 X201.2723 Y138.0441
G1 X201.1442 Y138.0915
G1 X201.0190 Y138.1462
G1 X200.8973 Y138.2082
G1 X200.7793 Y138.2771
G1 X200.6656 Y138.3527
G1 X200.5564 Y138.4348
G1 X200.4523 Y138.5232
G1 X200.3534 Y138.6174
G1 X200.2602 Y138.7173
G1 X200.1729 Y138.8223
G1 X200.0919 Y138.9323
G1 X200.0174 Y139.0468
G1 X199.9497 Y139.1655
G1 X199.8890 Y139.2879
G1 X199.8356 Y139.4136
G1 X199.7895 Y139.5422
G1 X199.7510 Y139.6732
G1 X199.7202 Y139.8063
G1 X199.6972 Y139.9409
G1 X199.6820 Y140.0767
G1 X199.6748 Y140.2131
G1 X199.6755 Y140.3497
G1 X199.6841 Y140.4860
G1 X199.7007 Y140.6216
G1 X199.7251 Y140.7560
G1 X199.7573 Y140.8887
G1 X199.7971 Y141.0194
G1 X199.8445 Y141.1475
G1 X199.8992 Y141.2726
G1 X199.9612 Y141.3944
G1 X200.0301 Y141.5123
G1 X200.1057 Y141.6261
G1 X200.1878 Y141.7352
G1 X200.2762 Y141.8394
G1 X200.3704 Y141.9383
G1 X200.4703 Y142.0315
G1 X200.5754 Y142.1188
G1 X200.6853 Y142.1998
G1 X200.7998 Y142.2743
G1 X200.9185 Y142.3419
G1 X201.0409 Y142.4026
G1 X201.1666 Y142.4561
G1 X201.2952 Y142.5021
G1 X201.4262 Y142.5406
G1 X201.5593 Y142.5715
G1 X201.6939 Y142.5945
G1 X201.8297 Y142.6096
G1 X201.9661 Y142.6169
G1 X202.1027 Y142.6162
G1 X202.2390 Y142.6075
G1 X202.3746 Y142.5910
G1 X202.5090 Y142.5666
G1 X202.6417 Y142.5344
G1 X202.7724 Y142.4946
G1 X202.9005 Y142.4472
G1 X203.0257 Y142.3924
G1 X203.1474 Y142.3305
G1 X203.2654 Y142.2616
G1 X203.3791 Y142.1859
G1 X203.4882 Y142.1038
G1 X203.5924 Y142.0155
G1 X203.6913 Y141.9212
G1 X203.7845 Y141.8214
G1 X203.8718 Y141.7163
G1 X203.9528 Y141.6063
G1 X204.0273 Y141.4918
G1 X204.0950 Y141.3732
G1 X204.1556 Y141.2508
G1 X204.2091 Y141.1251
G1 X204.2551 Y140.9965
G1 X204.2937 Y140.8654
G1 X204.3245 Y140.7324
G1 X204.3475 Y140.5977
G1 X204.3627 Y140.4620
G1 X204.3699 Y140.3256
G1 X204.3692 Y140.1890
G1 X204.3606 Y140.0527
G1 X204.3440 Y139.9171
G1 X204.3196 Y139.7827
G1 X204.2874 Y139.6499
G1 X204.2476 Y139.5193
G1 X204.2002 Y139.3912
G1 X204.1454 Y139.2660
G1 X204.0835 Y139.1443
G1 X204.0146 Y139.0263
G1 X203.9390 Y138.9126
G1 X203.8568 Y138.8034
G1 X203.7685 Y138.6992
G1 X203.6742 Y138.6004
G1 X203.5744 Y138.5071
G1 X203.4693 Y138.4199
G1 X203.3593 Y138.3389
G1 X203.2448 Y138.2644
G1 X203.1262 Y138.1967
G1 X203.0038 Y138.1360
G1 X202.8781 Y138.0826
G1 X202.7495 Y138.0365
G1 X202.6185 Y137.9980
G1 X202.4854 Y137.9672
G1 X202.3507 Y137.9442
G1 X202.2150 Y137.9290
G1 X202.0786 Y137.9218
G1 X201.9420 Y137.9225
G1 X201.8057 Y137.9311
G1 Z8.0000 F120
G1 X201.6701 Y137.9477 F600
G1 X201.5357 Y137.9721
G1 X201.4029 Y138.0043
G1 X201.2723 Y138.0441
G1 X201.1442 Y138.0915
G1 X201.0190 Y138.1462
G1 X200.8973 Y138.2082
G1 X200.7793 Y138.2771
G1 X200.6656 Y138.3527
G1 X200.5564 Y138.4348
G1 X200.4523 Y138.5232
G1 X200.3534 Y138.6174
G1 X200.2602 Y138.7173
G1 X200.1729 Y138.8223
G1 X200.0919 Y138.9323
G1 X200.0174 Y139.0468
G1 X199.9497 Y139.1655
G1 X199.8890 Y139.2879
G1 X199.8356 Y139.4136
G1 X199.7895 Y139.5422
G1 X199.7510 Y139.6732
G1 X199.7202 Y139.8063
G1 X199.6972 Y139.9409
G1 X199.6820 Y140.0767
G1 X199.6748 Y140.2131
G1 X199.6755 Y140.3497
G1 X199.6841 Y140.4860
G1 X199.7007 Y140.6216
G1 X199.7251 Y140.7560
G1 X199.7573 Y140.8887
G1 X199.7971 Y141.0194
G1 X199.8445 Y141.1475
G1 X199.8992 Y141.2726
G1 X199.9612 Y141.3944
G1 X200.0301 Y141.5123
G1 X200.1057 Y141.6261
G1 X200.1878 Y141.7352
G1 X200.2762 Y141.8394
G1 X200.3704 Y141.9383
G1 X200.4703 Y142.0315
G1 X200.5754 Y142.1188
G1 X200.6853 Y142.1998
G1 X200.7998 Y142.2743
G1 X200.9185 Y142.3419
G1 X201.0409 Y142.4026
G1 X201.1666 Y142.4561
G1 X201.2952 Y142.5021
G1 X201.4262 Y142.5406
G1 X201.5593 Y142.5715
G1 X201.6939 Y142.5945
G1 X201.8297 Y142.6096
G1 X201.9661 Y142.6169
G1 X202.1027 Y142.6162
G1 X202.2390 Y142.6075
G1 X202.3746 Y142.5910
G1 X202.5090 Y142.5666
G1 X202.6417 Y142.5344
G1 X202.7724 Y142.4946
G1 X202.9005 Y142.4472
G1 X203.0257 Y142.3924
G1 X203.1474 Y142.3305
G1 X203.2654 Y142.2616
G1 X203.3791 Y142.1859
G1 X203.4882 Y142.1038
G1 X203.5924 Y142.0155
G1 X203.6913 Y141.9212
G1 X203.7845 Y141.8214
G1 X203.8718 Y141.7163
G1 X203.9528 Y141.6063
G1 X204.0273 Y141.4918
G1 X204.0950 Y141.3732
G1 X204.1556 Y141.2508
G1 X204.2091 Y141.1251
G1 X204.2551 Y140.9965
G1 X204.2937 Y140.8654
G1 X204.3245 Y140.7324
G1 X204.3475 Y140.5977
G1 X204.3627 Y140.4620
G1 X204.3699 Y140.3256
G1 X204.3692 Y140.1890
G1 X204.3606 Y140.0527
G1 X204.3440 Y139.9171
G1 X204.3196 Y139.7827
G1 X204.2874 Y139.6499
G1 X204.2476 Y139.5193
G1 X204.2002 Y139.3912
G1 X204.1454 Y139.2660
G1 X204.0835 Y139.1443
G1 X204.0146 Y139.0263
G1 X203.9390 Y138.9126
G1 X203.8568 Y138.8034
G1 X203.7685 Y138.6992
G1 X203.6742 Y138.6004
G1 X203.5744 Y138.5071
G1 X203.4693 Y138.4199
G1 X203.3593 Y138.3389
G1 X203.2448 Y138.2644
G1 X203.1262 Y138.1967
G1 X203.0038 Y138.1360
G1 X202.8781 Y138.0826
G1 X202.7495 Y138.0365
G1 X202.6185 Y137.9980
G1 X202.4854 Y137.9672
G1 X202.3507 Y137.9442
G1 X202.2150 Y137.9290
G1 X202.0786 Y137.9218
G1 X201.9420 Y137.9225
G1 X201.8057 Y137.9311
G0 Z-5.0000 F480


(No. 43: Hole 1)
G0 X201.8057 Y92.9311 Z-5.0000 F2100
G0 Z-0.5000 F480
G1 Z0.0000 F120
G1 Z4.0000
G1 X201.6701 Y92.9477 F600
G1 X201.5357 Y92.9721
G1 X201.4029 Y93.0043
G1 X201.2723 Y93.0441
G1 X201.1442 Y93.0915
G1 X201.0190 Y93.1462
G1 X200.8973 Y93.2082
G1 X200.7793 Y93.2771
G1 X200.6656 Y93.3527
G1 X200.5564 Y93.4348
G1 X200.4523 Y93.5232
G1 X200.3534 Y93.6174
G1 X200.2602 Y93.7173
G1 X200.1729 Y93.8223
G1 X200.0919 Y93.9323
G1 X200.0174 Y94.0468
G1 X199.9497 Y94.1655
G1 X199.8890 Y94.2879
G1 X199.8356 Y94.4136
G1 X199.7895 Y94.5422
G1 X199.7510 Y94.6732
G1 X199.7202 Y94.8063
G1 X199.6972 Y94.9409
G1 X199.6820 Y95.0767
G1 X199.6748 Y95.2131
G1 X199.6755 Y95.3497
G1 X199.6841 Y95.4860
G1 X199.7007 Y95.6216
G1 X199.7251 Y95.7560
G1 X199.7573 Y95.8887
G1 X199.7971 Y96.0194
G1 X199.8445 Y96.1475
G1 X199.8992 Y96.2726
G1 X199.9612 Y96.3944
G1 X200.0301 Y96.5123
G1 X200.1057 Y96.6261
G1 X200.1878 Y96.7352
G1 X200.2762 Y96.8394
G1 X200.3704 Y96.9383
G1 X200.4703 Y97.0315
G1 X200.5754 Y97.1188
G1 X200.6853 Y97.1998
G1 X200.7998 Y97.2743
G1 X200.9185 Y97.3419
G1 X201.0409 Y97.4026
G1 X201.1666 Y97.4561
G1 X201.2952 Y97.5021
G1 X201.4262 Y97.5406
G1 X201.5593 Y97.5715
G1 X201.6939 Y97.5945
G1 X201.8297 Y97.6096
G1 X201.9661 Y97.6169
G1 X202.1027 Y97.6162
G1 X202.2390 Y97.6075
G1 X202.3746 Y97.5910
G1 X202.5090 Y97.5666
G1 X202.6417 Y97.5344
G1 X202.7724 Y97.4946
G1 X202.9005 Y97.4472
G1 X203.0257 Y97.3924
G1 X203.1474 Y97.3305
G1 X203.2654 Y97.2616
G1 X203.3791 Y97.1859
G1 X203.4882 Y97.1038
G1 X203.5924 Y97.0155
G1 X203.6913 Y96.9212
G1 X203.7845 Y96.8214
G1 X203.8718 Y96.7163
G1 X203.9528 Y96.6063
G1 X204.0273 Y96.4918
G1 X204.0950 Y96.3732
G1 X204.1556 Y96.2508
G1 X204.2091 Y96.1251
G1 X204.2551 Y95.9965
G1 X204.2937 Y95.8654
G1 X204.3245 Y95.7324
G1 X204.3475 Y95.5977
G1 X204.3627 Y95.4620
G1 X204.3699 Y95.3256
G1 X204.3692 Y95.1890
G1 X204.3606 Y95.0527
G1 X204.3440 Y94.9171
G1 X204.3196 Y94.7827
G1 X204.2874 Y94.6499
G1 X204.2476 Y94.5193
G1 X204.2002 Y94.3912
G1 X204.1454 Y94.2660
G1 X204.0835 Y94.1443
G1 X204.0146 Y94.0263
G1 X203.9390 Y93.9126
G1 X203.8568 Y93.8034
G1 X203.7685 Y93.6992
G1 X203.6742 Y93.6004
G1 X203.5744 Y93.5071
G1 X203.4693 Y93.4199
G1 X203.3593 Y93.3389
G1 X203.2448 Y93.2644
G1 X203.1262 Y93.1967
G1 X203.0038 Y93.1360
G1 X202.8781 Y93.0826
G1 X202.7495 Y93.0365
G1 X202.6185 Y92.9980
G1 X202.4854 Y92.9672
G1 X202.3507 Y92.9442
G1 X202.2150 Y92.9290
G1 X202.0786 Y92.9218
G1 X201.9420 Y92.9225
G1 X201.8057 Y92.9311
G1 Z8.0000 F120
G1 X201.6701 Y92.9477 F600
G1 X201.5357 Y92.9721
G1 X201.4029 Y93.0043
G1 X201.2723 Y93.0441
G1 X201.1442 Y93.0915
G1 X201.0190 Y93.1462
G1 X200.8973 Y93.2082
G1 X200.7793 Y93.2771
G1 X200.6656 Y93.3527
G1 X200.5564 Y93.4348
G1 X200.4523 Y93.5232
G1 X200.3534 Y93.6174
G1 X200.2602 Y93.7173
G1 X200.1729 Y93.8223
G1 X200.0919 Y93.9323
G1 X200.0174 Y94.0468
G1 X199.9497 Y94.1655
G1 X199.8890 Y94.2879
G1 X199.8356 Y94.4136
G1 X199.7895 Y94.5422
G1 X199.7510 Y94.6732
G1 X199.7202 Y94.8063
G1 X199.6972 Y94.9409
G1 X199.6820 Y95.0767
G1 X199.6748 Y95.2131
G1 X199.6755 Y95.3497
G1 X199.6841 Y95.4860
G1 X199.7007 Y95.6216
G1 X199.7251 Y95.7560
G1 X199.7573 Y95.8887
G1 X199.7971 Y96.0194
G1 X199.8445 Y96.1475
G1 X199.8992 Y96.2726
G1 X199.9612 Y96.3944
G1 X200.0301 Y96.5123
G1 X200.1057 Y96.6261
G1 X200.1878 Y96.7352
G1 X200.2762 Y96.8394
G1 X200.3704 Y96.9383
G1 X200.4703 Y97.0315
G1 X200.5754 Y97.1188
G1 X200.6853 Y97.1998
G1 X200.7998 Y97.2743
G1 X200.9185 Y97.3419
G1 X201.0409 Y97.4026
G1 X201.1666 Y97.4561
G1 X201.2952 Y97.5021
G1 X201.4262 Y97.5406
G1 X201.5593 Y97.5715
G1 X201.6939 Y97.5945
G1 X201.8297 Y97.6096
G1 X201.9661 Y97.6169
G1 X202.1027 Y97.6162
G1 X202.2390 Y97.6075
G1 X202.3746 Y97.5910
G1 X202.5090 Y97.5666
G1 X202.6417 Y97.5344
G1 X202.7724 Y97.4946
G1 X202.9005 Y97.4472
G1 X203.0257 Y97.3924
G1 X203.1474 Y97.3305
G1 X203.2654 Y97.2616
G1 X203.3791 Y97.1859
G1 X203.4882 Y97.1038
G1 X203.5924 Y97.0155
G1 X203.6913 Y96.9212
G1 X203.7845 Y96.8214
G1 X203.8718 Y96.7163
G1 X203.9528 Y96.6063
G1 X204.0273 Y96.4918
G1 X204.0950 Y96.3732
G1 X204.1556 Y96.2508
G1 X204.2091 Y96.1251
G1 X204.2551 Y95.9965
G1 X204.2937 Y95.8654
G1 X204.3245 Y95.7324
G1 X204.3475 Y95.5977
G1 X204.3627 Y95.4620
G1 X204.3699 Y95.3256
G1 X204.3692 Y95.1890
G1 X204.3606 Y95.0527
G1 X204.3440 Y94.9171
G1 X204.3196 Y94.7827
G1 X204.2874 Y94.6499
G1 X204.2476 Y94.5193
G1 X204.2002 Y94.3912
G1 X204.1454 Y94.2660
G1 X204.0835 Y94.1443
G1 X204.0146 Y94.0263
G1 X203.9390 Y93.9126
G1 X203.8568 Y93.8034
G1 X203.7685 Y93.6992
G1 X203.6742 Y93.6004
G1 X203.5744 Y93.5071
G1 X203.4693 Y93.4199
G1 X203.3593 Y93.3389
G1 X203.2448 Y93.2644
G1 X203.1262 Y93.1967
G1 X203.0038 Y93.1360
G1 X202.8781 Y93.0826
G1 X202.7495 Y93.0365
G1 X202.6185 Y92.9980
G1 X202.4854 Y92.9672
G1 X202.3507 Y92.9442
G1 X202.2150 Y92.9290
G1 X202.0786 Y92.9218
G1 X201.9420 Y92.9225
G1 X201.8057 Y92.9311
G0 Z-5.0000 F480


(No. 44: Hole 1)
G0 X186.8057 Y92.9311 Z-5.0000 F2100
G0 Z-0.5000 F480
G1 Z0.0000 F120
G1 Z4.0000
G1 X186.6701 Y92.9477 F600
G1 X186.5357 Y92.9721
G1 X186.4029 Y93.0043
G1 X186.2723 Y93.0441
G1 X186.1442 Y93.0915
G1 X186.0190 Y93.1462
G1 X185.8973 Y93.2082
G1 X185.7793 Y93.2771
G1 X185.6656 Y93.3527
G1 X185.5564 Y93.4348
G1 X185.4523 Y93.5232
G1 X185.3534 Y93.6174
G1 X185.2602 Y93.7173
G1 X185.1729 Y93.8223
G1 X185.0919 Y93.9323
G1 X185.0174 Y94.0468
G1 X184.9497 Y94.1655
G1 X184.8890 Y94.2879
G1 X184.8356 Y94.4136
G1 X184.7895 Y94.5422
G1 X184.7510 Y94.6732
G1 X184.7202 Y94.8063
G1 X184.6972 Y94.9409
G1 X184.6820 Y95.0767
G1 X184.6748 Y95.2131
G1 X184.6755 Y95.3497
G1 X184.6841 Y95.4860
G1 X184.7007 Y95.6216
G1 X184.7251 Y95.7560
G1 X184.7573 Y95.8887
G1 X184.7971 Y96.0194
G1 X184.8445 Y96.1475
G1 X184.8992 Y96.2726
G1 X184.9612 Y96.3944
G1 X185.0301 Y96.5123
G1 X185.1057 Y96.6261
G1 X185.1878 Y96.7352
G1 X185.2762 Y96.8394
G1 X185.3704 Y96.9383
G1 X185.4703 Y97.0315
G1 X185.5754 Y97.1188
G1 X185.6853 Y97.1998
G1 X185.7998 Y97.2743
G1 X185.9185 Y97.3419
G1 X186.0409 Y97.4026
G1 X186.1666 Y97.4561
G1 X186.2952 Y97.5021
G1 X186.4262 Y97.5406
G1 X186.5593 Y97.5715
G1 X186.6939 Y97.5945
G1 X186.8297 Y97.6096
G1 X186.9661 Y97.6169
G1 X187.1027 Y97.6162
G1 X187.2390 Y97.6075
G1 X187.3746 Y97.5910
G1 X187.5090 Y97.5666
G1 X187.6417 Y97.5344
G1 X187.7724 Y97.4946
G1 X187.9005 Y97.4472
G1 X188.0257 Y97.3924
G1 X188.1474 Y97.3305
G1 X188.2654 Y97.2616
G1 X188.3791 Y97.1859
G1 X188.4882 Y97.1038
G1 X188.5924 Y97.0155
G1 X188.6913 Y96.9212
G1 X188.7845 Y96.8214
G1 X188.8718 Y96.7163
G1 X188.9528 Y96.6063
G1 X189.0273 Y96.4918
G1 X189.0950 Y96.3732
G1 X189.1556 Y96.2508
G1 X189.2091 Y96.1251
G1 X189.2551 Y95.9965
G1 X189.2937 Y95.8654
G1 X189.3245 Y95.7324
G1 X189.3475 Y95.5977
G1 X189.3627 Y95.4620
G1 X189.3699 Y95.3256
G1 X189.3692 Y95.1890
G1 X189.3606 Y95.0527
G1 X189.3440 Y94.9171
G1 X189.3196 Y94.7827
G1 X189.2874 Y94.6499
G1 X189.2476 Y94.5193
G1 X189.2002 Y94.3912
G1 X189.1454 Y94.2660
G1 X189.0835 Y94.1443
G1 X189.0146 Y94.0263
G1 X188.9390 Y93.9126
G1 X188.8568 Y93.8034
G1 X188.7685 Y93.6992
G1 X188.6742 Y93.6004
G1 X188.5744 Y93.5071
G1 X188.4693 Y93.4199
G1 X188.3593 Y93.3389
G1 X188.2448 Y93.2644
G1 X188.1262 Y93.1967
G1 X188.0038 Y93.1360
G1 X187.8781 Y93.0826
G1 X187.7495 Y93.0365
G1 X187.6185 Y92.9980
G1 X187.4854 Y92.9672
G1 X187.3507 Y92.9442
G1 X187.2150 Y92.9290
G1 X187.0786 Y92.9218
G1 X186.9420 Y92.9225
G1 X186.8057 Y92.9311
G1 Z8.0000 F120
G1 X186.6701 Y92.9477 F600
G1 X186.5357 Y92.9721
G1 X186.4029 Y93.0043
G1 X186.2723 Y93.0441
G1 X186.1442 Y93.0915
G1 X186.0190 Y93.1462
G1 X185.8973 Y93.2082
G1 X185.7793 Y93.2771
G1 X185.6656 Y93.3527
G1 X185.5564 Y93.4348
G1 X185.4523 Y93.5232
G1 X185.3534 Y93.6174
G1 X185.2602 Y93.7173
G1 X185.1729 Y93.8223
G1 X185.0919 Y93.9323
G1 X185.0174 Y94.0468
G1 X184.9497 Y94.1655
G1 X184.8890 Y94.2879
G1 X184.8356 Y94.4136
G1 X184.7895 Y94.5422
G1 X184.7510 Y94.6732
G1 X184.7202 Y94.8063
G1 X184.6972 Y94.9409
G1 X184.6820 Y95.0767
G1 X184.6748 Y95.2131
G1 X184.6755 Y95.3497
G1 X184.6841 Y95.4860
G1 X184.7007 Y95.6216
G1 X184.7251 Y95.7560
G1 X184.7573 Y95.8887
G1 X184.7971 Y96.0194
G1 X184.8445 Y96.1475
G1 X184.8992 Y96.2726
G1 X184.9612 Y96.3944
G1 X185.0301 Y96.5123
G1 X185.1057 Y96.6261
G1 X185.1878 Y96.7352
G1 X185.2762 Y96.8394
G1 X185.3704 Y96.9383
G1 X185.4703 Y97.0315
G1 X185.5754 Y97.1188
G1 X185.6853 Y97.1998
G1 X185.7998 Y97.2743
G1 X185.9185 Y97.3419
G1 X186.0409 Y97.4026
G1 X186.1666 Y97.4561
G1 X186.2952 Y97.5021
G1 X186.4262 Y97.5406
G1 X186.5593 Y97.5715
G1 X186.6939 Y97.5945
G1 X186.8297 Y97.6096
G1 X186.9661 Y97.6169
G1 X187.1027 Y97.6162
G1 X187.2390 Y97.6075
G1 X187.3746 Y97.5910
G1 X187.5090 Y97.5666
G1 X187.6417 Y97.5344
G1 X187.7724 Y97.4946
G1 X187.9005 Y97.4472
G1 X188.0257 Y97.3924
G1 X188.1474 Y97.3305
G1 X188.2654 Y97.2616
G1 X188.3791 Y97.1859
G1 X188.4882 Y97.1038
G1 X188.5924 Y97.0155
G1 X188.6913 Y96.9212
G1 X188.7845 Y96.8214
G1 X188.8718 Y96.7163
G1 X188.9528 Y96.6063
G1 X189.0273 Y96.4918
G1 X189.0950 Y96.3732
G1 X189.1556 Y96.2508
G1 X189.2091 Y96.1251
G1 X189.2551 Y95.9965
G1 X189.2937 Y95.8654
G1 X189.3245 Y95.7324
G1 X189.3475 Y95.5977
G1 X189.3627 Y95.4620
G1 X189.3699 Y95.3256
G1 X189.3692 Y95.1890
G1 X189.3606 Y95.0527
G1 X189.3440 Y94.9171
G1 X189.3196 Y94.7827
G1 X189.2874 Y94.6499
G1 X189.2476 Y94.5193
G1 X189.2002 Y94.3912
G1 X189.1454 Y94.2660
G1 X189.0835 Y94.1443
G1 X189.0146 Y94.0263
G1 X188.9390 Y93.9126
G1 X188.8568 Y93.8034
G1 X188.7685 Y93.6992
G1 X188.6742 Y93.6004
G1 X188.5744 Y93.5071
G1 X188.4693 Y93.4199
G1 X188.3593 Y93.3389
G1 X188.2448 Y93.2644
G1 X188.1262 Y93.1967
G1 X188.0038 Y93.1360
G1 X187.8781 Y93.0826
G1 X187.7495 Y93.0365
G1 X187.6185 Y92.9980
G1 X187.4854 Y92.9672
G1 X187.3507 Y92.9442
G1 X187.2150 Y92.9290
G1 X187.0786 Y92.9218
G1 X186.9420 Y92.9225
G1 X186.8057 Y92.9311
G0 Z-5.0000 F480


(No. 45: Hole 1)
G0 X216.8057 Y92.9311 Z-5.0000 F2100
G0 Z-0.5000 F480
G1 Z0.0000 F120
G1 Z4.0000
G1 X216.6701 Y92.9477 F600
G1 X216.5357 Y92.9721
G1 X216.4029 Y93.0043
G1 X216.2723 Y93.0441
G1 X216.1442 Y93.0915
G1 X216.0190 Y93.1462
G1 X215.8973 Y93.2082
G1 X215.7793 Y93.2771
G1 X215.6656 Y93.3527
G1 X215.5564 Y93.4348
G1 X215.4523 Y93.5232
G1 X215.3534 Y93.6174
G1 X215.2602 Y93.7173
G1 X215.1729 Y93.8223
G1 X215.0919 Y93.9323
G1 X215.0174 Y94.0468
G1 X214.9497 Y94.1655
G1 X214.8890 Y94.2879
G1 X214.8356 Y94.4136
G1 X214.7895 Y94.5422
G1 X214.7510 Y94.6732
G1 X214.7202 Y94.8063
G1 X214.6972 Y94.9409
G1 X214.6820 Y95.0767
G1 X214.6748 Y95.2131
G1 X214.6755 Y95.3497
G1 X214.6841 Y95.4860
G1 X214.7007 Y95.6216
G1 X214.7251 Y95.7560
G1 X214.7573 Y95.8887
G1 X214.7971 Y96.0194
G1 X214.8445 Y96.1475
G1 X214.8992 Y96.2726
G1 X214.9612 Y96.3944
G1 X215.0301 Y96.5123
G1 X215.1057 Y96.6261
G1 X215.1878 Y96.7352
G1 X215.2762 Y96.8394
G1 X215.3704 Y96.9383
G1 X215.4703 Y97.0315
G1 X215.5754 Y97.1188
G1 X215.6853 Y97.1998
G1 X215.7998 Y97.2743
G1 X215.9185 Y97.3419
G1 X216.0409 Y97.4026
G1 X216.1666 Y97.4561
G1 X216.2952 Y97.5021
G1 X216.4262 Y97.5406
G1 X216.5593 Y97.5715
G1 X216.6939 Y97.5945
G1 X216.8297 Y97.6096
G1 X216.9661 Y97.6169
G1 X217.1027 Y97.6162
G1 X217.2390 Y97.6075
G1 X217.3746 Y97.5910
G1 X217.5090 Y97.5666
G1 X217.6417 Y97.5344
G1 X217.7724 Y97.4946
G1 X217.9005 Y97.4472
G1 X218.0257 Y97.3924
G1 X218.1474 Y97.3305
G1 X218.2654 Y97.2616
G1 X218.3791 Y97.1859
G1 X218.4882 Y97.1038
G1 X218.5924 Y97.0155
G1 X218.6913 Y96.9212
G1 X218.7845 Y96.8214
G1 X218.8718 Y96.7163
G1 X218.9528 Y96.6063
G1 X219.0273 Y96.4918
G1 X219.0950 Y96.3732
G1 X219.1556 Y96.2508
G1 X219.2091 Y96.1251
G1 X219.2551 Y95.9965
G1 X219.2937 Y95.8654
G1 X219.3245 Y95.7324
G1 X219.3475 Y95.5977
G1 X219.3627 Y95.4620
G1 X219.3699 Y95.3256
G1 X219.3692 Y95.1890
G1 X219.3606 Y95.0527
G1 X219.3440 Y94.9171
G1 X219.3196 Y94.7827
G1 X219.2874 Y94.6499
G1 X219.2476 Y94.5193
G1 X219.2002 Y94.3912
G1 X219.1454 Y94.2660
G1 X219.0835 Y94.1443
G1 X219.0146 Y94.0263
G1 X218.9390 Y93.9126
G1 X218.8568 Y93.8034
G1 X218.7685 Y93.6992
G1 X218.6742 Y93.6004
G1 X218.5744 Y93.5071
G1 X218.4693 Y93.4199
G1 X218.3593 Y93.3389
G1 X218.2448 Y93.2644
G1 X218.1262 Y93.1967
G1 X218.0038 Y93.1360
G1 X217.8781 Y93.0826
G1 X217.7495 Y93.0365
G1 X217.6185 Y92.9980
G1 X217.4854 Y92.9672
G1 X217.3507 Y92.9442
G1 X217.2150 Y92.9290
G1 X217.0786 Y92.9218
G1 X216.9420 Y92.9225
G1 X216.8057 Y92.9311
G1 Z8.0000 F120
G1 X216.6701 Y92.9477 F600
G1 X216.5357 Y92.9721
G1 X216.4029 Y93.0043
G1 X216.2723 Y93.0441
G1 X216.1442 Y93.0915
G1 X216.0190 Y93.1462
G1 X215.8973 Y93.2082
G1 X215.7793 Y93.2771
G1 X215.6656 Y93.3527
G1 X215.5564 Y93.4348
G1 X215.4523 Y93.5232
G1 X215.3534 Y93.6174
G1 X215.2602 Y93.7173
G1 X215.1729 Y93.8223
G1 X215.0919 Y93.9323
G1 X215.0174 Y94.0468
G1 X214.9497 Y94.1655
G1 X214.8890 Y94.2879
G1 X214.8356 Y94.4136
G1 X214.7895 Y94.5422
G1 X214.7510 Y94.6732
G1 X214.7202 Y94.8063
G1 X214.6972 Y94.9409
G1 X214.6820 Y95.0767
G1 X214.6748 Y95.2131
G1 X214.6755 Y95.3497
G1 X214.6841 Y95.4860
G1 X214.7007 Y95.6216
G1 X214.7251 Y95.7560
G1 X214.7573 Y95.8887
G1 X214.7971 Y96.0194
G1 X214.8445 Y96.1475
G1 X214.8992 Y96.2726
G1 X214.9612 Y96.3944
G1 X215.0301 Y96.5123
G1 X215.1057 Y96.6261
G1 X215.1878 Y96.7352
G1 X215.2762 Y96.8394
G1 X215.3704 Y96.9383
G1 X215.4703 Y97.0315
G1 X215.5754 Y97.1188
G1 X215.6853 Y97.1998
G1 X215.7998 Y97.2743
G1 X215.9185 Y97.3419
G1 X216.0409 Y97.4026
G1 X216.1666 Y97.4561
G1 X216.2952 Y97.5021
G1 X216.4262 Y97.5406
G1 X216.5593 Y97.5715
G1 X216.6939 Y97.5945
G1 X216.8297 Y97.6096
G1 X216.9661 Y97.6169
G1 X217.1027 Y97.6162
G1 X217.2390 Y97.6075
G1 X217.3746 Y97.5910
G1 X217.5090 Y97.5666
G1 X217.6417 Y97.5344
G1 X217.7724 Y97.4946
G1 X217.9005 Y97.4472
G1 X218.0257 Y97.3924
G1 X218.1474 Y97.3305
G1 X218.2654 Y97.2616
G1 X218.3791 Y97.1859
G1 X218.4882 Y97.1038
G1 X218.5924 Y97.0155
G1 X218.6913 Y96.9212
G1 X218.7845 Y96.8214
G1 X218.8718 Y96.7163
G1 X218.9528 Y96.6063
G1 X219.0273 Y96.4918
G1 X219.0950 Y96.3732
G1 X219.1556 Y96.2508
G1 X219.2091 Y96.1251
G1 X219.2551 Y95.9965
G1 X219.2937 Y95.8654
G1 X219.3245 Y95.7324
G1 X219.3475 Y95.5977
G1 X219.3627 Y95.4620
G1 X219.3699 Y95.3256
G1 X219.3692 Y95.1890
G1 X219.3606 Y95.0527
G1 X219.3440 Y94.9171
G1 X219.3196 Y94.7827
G1 X219.2874 Y94.6499
G1 X219.2476 Y94.5193
G1 X219.2002 Y94.3912
G1 X219.1454 Y94.2660
G1 X219.0835 Y94.1443
G1 X219.0146 Y94.0263
G1 X218.9390 Y93.9126
G1 X218.8568 Y93.8034
G1 X218.7685 Y93.6992
G1 X218.6742 Y93.6004
G1 X218.5744 Y93.5071
G1 X218.4693 Y93.4199
G1 X218.3593 Y93.3389
G1 X218.2448 Y93.2644
G1 X218.1262 Y93.1967
G1 X218.0038 Y93.1360
G1 X217.8781 Y93.0826
G1 X217.7495 Y93.0365
G1 X217.6185 Y92.9980
G1 X217.4854 Y92.9672
G1 X217.3507 Y92.9442
G1 X217.2150 Y92.9290
G1 X217.0786 Y92.9218
G1 X216.9420 Y92.9225
G1 X216.8057 Y92.9311
G0 Z-5.0000 F480


(No. 46: Hole 2)
G0 X204.2183 Y62.0208 Z-5.0000 F2100
G0 Z-0.5000 F480
G1 Z0.0000 F120
G1 Z4.0000
G1 X204.7364 Y61.8614 F600
G1 X205.2430 Y61.6687
G1 X205.7361 Y61.4435
G1 X206.2135 Y61.1868
G1 X206.6732 Y60.8997
G1 X207.1134 Y60.5833
G1 X207.5320 Y60.2390
G1 X207.9275 Y59.8683
G1 X208.2980 Y59.4727
G1 X208.6421 Y59.0539
G1 X208.9583 Y58.6136
G1 X209.2452 Y58.1538
G1 X209.5017 Y57.6762
G1 X209.7267 Y57.1831
G1 X209.9192 Y56.6764
G1 X210.0784 Y56.1582
G1 X210.2036 Y55.6309
G1 X210.2943 Y55.0965
G1 X210.3502 Y54.5573
G1 X210.3709 Y54.0157
G1 X210.3565 Y53.4738
G1 X210.3069 Y52.9341
G1 X210.2224 Y52.3987
G1 X210.1033 Y51.8699
G1 X209.9502 Y51.3499
G1 X209.7636 Y50.8410
G1 X209.5444 Y50.3453
G1 X209.2935 Y49.8648
G1 X209.0119 Y49.4016
G1 X208.7009 Y48.9577
G1 X208.3617 Y48.5349
G1 X207.9958 Y48.1350
G1 X207.6047 Y47.7597
G1 X207.1901 Y47.4106
G1 X206.7537 Y47.0891
G1 X206.2973 Y46.7966
G1 X205.8229 Y46.5344
G1 X205.3325 Y46.3035
G1 X204.8282 Y46.1049
G1 X204.3120 Y45.9395
G1 X203.7862 Y45.8079
G1 X203.2529 Y45.7107
G1 X202.7145 Y45.6483
G1 X202.1731 Y45.6210
G1 X201.6311 Y45.6289
G1 X201.0908 Y45.6720
G1 X200.5544 Y45.7500
G1 X200.0242 Y45.8627
G1 X199.5072 Y46.0078
G1 X199.0006 Y46.1858
G1 X198.5065 Y46.3961
G1 X198.0269 Y46.6376
G1 X197.5639 Y46.9096
G1 X197.1193 Y47.2107
G1 X196.6949 Y47.5398
G1 X196.2926 Y47.8955
G1 X195.9141 Y48.2763
G1 X195.5608 Y48.6807
G1 X195.2342 Y49.1070
G1 X194.9357 Y49.5533
G1 X194.6665 Y50.0180
G1 X194.4278 Y50.4990
G1 X194.2205 Y50.9944
G1 X194.0455 Y51.5020
G1 X193.9035 Y52.0199
G1 X193.7950 Y52.5458
G1 X193.7206 Y53.0776
G1 X193.6806 Y53.6131
G1 X193.6751 Y54.1501
G1 X193.7041 Y54.6863
G1 X193.7676 Y55.2195
G1 X193.8652 Y55.7475
G1 X193.9965 Y56.2682
G1 X194.1611 Y56.7794
G1 X194.3581 Y57.2789
G1 X194.5869 Y57.7647
G1 X194.8465 Y58.2348
G1 X195.1358 Y58.6872
G1 X195.4535 Y59.1201
G1 X195.7984 Y59.5316
G1 X196.1691 Y59.9202
G1 X196.5640 Y60.2841
G1 X196.9815 Y60.6218
G1 X197.4198 Y60.9320
G1 X197.8772 Y61.2134
G1 X198.3517 Y61.4648
G1 X198.8414 Y61.6851
G1 X199.3442 Y61.8735
G0 Z0.0000 F480
G1 X199.7377 Y61.9973 F600
G1 X200.1368 Y62.1012
G1 X200.5406 Y62.1851
G1 X200.9482 Y62.2488
G1 X201.3583 Y62.2921
G1 X201.7702 Y62.3148
G1 X202.1826 Y62.3170
G1 X202.5947 Y62.2986
G1 X203.0053 Y62.2596
G1 X203.4134 Y62.2002
G1 X203.8181 Y62.1206
G1 X204.2183 Y62.0208
G0 Z3.5000 F480
G1 Z4.0000 F120
G1 Z8.0000
G1 X204.7364 Y61.8614 F600
G1 X205.2430 Y61.6687
G1 X205.7361 Y61.4435
G1 X206.2135 Y61.1868
G1 X206.6732 Y60.8997
G1 X207.1134 Y60.5833
G1 X207.5320 Y60.2390
G1 X207.9275 Y59.8683
G1 X208.2980 Y59.4727
G1 X208.6421 Y59.0539
G1 X208.9583 Y58.6136
G1 X209.2452 Y58.1538
G1 X209.5017 Y57.6762
G1 X209.7267 Y57.1831
G1 X209.9192 Y56.6764
G1 X210.0784 Y56.1582
G1 X210.2036 Y55.6309
G1 X210.2943 Y55.0965
G1 X210.3502 Y54.5573
G1 X210.3709 Y54.0157
G1 X210.3565 Y53.4738
G1 X210.3069 Y52.9341
G1 X210.2224 Y52.3987
G1 X210.1033 Y51.8699
G1 X209.9502 Y51.3499
G1 X209.7636 Y50.8410
G1 X209.5444 Y50.3453
G1 X209.2935 Y49.8648
G1 X209.0119 Y49.4016
G1 X208.7009 Y48.9577
G1 X208.3617 Y48.5349
G1 X207.9958 Y48.1350
G1 X207.6047 Y47.7597
G1 X207.1901 Y47.4106
G1 X206.7537 Y47.0891
G1 X206.2973 Y46.7966
G1 X205.8229 Y46.5344
G1 X205.3325 Y46.3035
G1 X204.8282 Y46.1049
G1 X204.3120 Y45.9395
G1 X203.7862 Y45.8079
G1 X203.2529 Y45.7107
G1 X202.7145 Y45.6483
G1 X202.1731 Y45.6210
G1 X201.6311 Y45.6289
G1 X201.0908 Y45.6720
G1 X200.5544 Y45.7500
G1 X200.0242 Y45.8627
G1 X199.5072 Y46.0078
G1 X199.0006 Y46.1858
G1 X198.5065 Y46.3961
G1 X198.0269 Y46.6376
G1 X197.5639 Y46.9096
G1 X197.1193 Y47.2107
G1 X196.6949 Y47.5398
G1 X196.2926 Y47.8955
G1 X195.9141 Y48.2763
G1 X195.5608 Y48.6807
G1 X195.2342 Y49.1070
G1 X194.9357 Y49.5533
G1 X194.6665 Y50.0180
G1 X194.4278 Y50.4990
G1 X194.2205 Y50.9944
G1 X194.0455 Y51.5020
G1 X193.9035 Y52.0199
G1 X193.7950 Y52.5458
G1 X193.7206 Y53.0776
G1 X193.6806 Y53.6131
G1 X193.6751 Y54.1501
G1 X193.7041 Y54.6863
G1 X193.7676 Y55.2195
G1 X193.8652 Y55.7475
G1 X193.9965 Y56.2682
G1 X194.1611 Y56.7794
G1 X194.3581 Y57.2789
G1 X194.5869 Y57.7647
G1 X194.8465 Y58.2348
G1 X195.1358 Y58.6872
G1 X195.4535 Y59.1201
G1 X195.7984 Y59.5316
G1 X196.1691 Y59.9202
G1 X196.5640 Y60.2841
G1 X196.9815 Y60.6218
G1 X197.4198 Y60.9320
G1 X197.8772 Y61.2134
G1 X198.3517 Y61.4648
G1 X198.8414 Y61.6851
G1 X199.3442 Y61.8735
G0 Z0.0000 F480
G1 X199.7377 Y61.9973 F600
G1 X200.1368 Y62.1012
G1 X200.5406 Y62.1851
G1 X200.9482 Y62.2488
G1 X201.3583 Y62.2921
G1 X201.7702 Y62.3148
G1 X202.1826 Y62.3170
G1 X202.5947 Y62.2986
G1 X203.0053 Y62.2596
G1 X203.4134 Y62.2002
G1 X203.8181 Y62.1206
G1 X204.2183 Y62.0208
G0 Z-5.0000 F480


(No. 47: Drill 6)
G0 X247.0223 Y50.2693 Z-5.0000 F2100
G0 Z-0.5000 F480
G1 Z4.0000 F120
G0 Z-0.5000 F480
G0 Z3.5000
G1 Z8.0000 F120
G0 Z-5.0000 F480


(No. 48: Drill 5)
G0 X252.0223 Y76.2693 Z-5.0000 F2100
G0 Z-0.5000 F480
G1 Z4.0000 F120
G0 Z-0.5000 F480
G0 Z3.5000
G1 Z8.0000 F120
G0 Z-5.0000 F480


(No. 49: Drill 14)
G0 X277.9998 Y50.2693 Z-5.0000 F2100
G0 Z-0.5000 F480
G1 Z4.0000 F120
G0 Z-0.5000 F480
G0 Z3.5000
G1 Z8.0000 F120
G0 Z-5.0000 F480


(No. 50: Drill 13)
G0 X343.6498 Y50.2693 Z-5.0000 F2100
G0 Z-0.5000 F480
G1 Z4.0000 F120
G0 Z-0.5000 F480
G0 Z3.5000
G1 Z8.0000 F120
G0 Z-5.0000 F480


(No. 51: Drill 12)
G0 X409.2998 Y50.2693 Z-5.0000 F2100
G0 Z-0.5000 F480
G1 Z4.0000 F120
G0 Z-0.5000 F480
G0 Z3.5000
G1 Z8.0000 F120
G0 Z-5.0000 F480


(No. 52: Drill 14)
G0 X440.8301 Y50.2693 Z-5.0000 F2100
G0 Z-0.5000 F480
G1 Z4.0000 F120
G0 Z-0.5000 F480
G0 Z3.5000
G1 Z8.0000 F120
G0 Z-5.0000 F480


(No. 53: Drill 13)
G0 X506.4801 Y50.2693 Z-5.0000 F2100
G0 Z-0.5000 F480
G1 Z4.0000 F120
G0 Z-0.5000 F480
G0 Z3.5000
G1 Z8.0000 F120
G0 Z-5.0000 F480


(No. 54: Drill 12)
G0 X572.1301 Y50.2693 Z-5.0000 F2100
G0 Z-0.5000 F480
G1 Z4.0000 F120
G0 Z-0.5000 F480
G0 Z3.5000
G1 Z8.0000 F120
G0 Z-5.0000 F480


(No. 55: Drill 11)
G0 X572.1301 Y200.2693 Z-5.0000 F2100
G0 Z-0.5000 F480
G1 Z4.0000 F120
G0 Z-0.5000 F480
G0 Z3.5000
G1 Z8.0000 F120
G0 Z-5.0000 F480


(No. 56: Drill 20)
G0 X570.4284 Y235.2635 Z-5.0000 F2100
G0 Z-0.5000 F480
G1 Z4.0000 F120
G0 Z-0.5000 F480
G0 Z3.5000
G1 Z8.0000 F120
G0 Z-5.0000 F480


(No. 57: Drill 22)
G0 X525.4284 Y240.7635 Z-5.0000 F2100
G0 Z-0.5000 F480
G1 Z4.0000 F120
G0 Z-0.5000 F480
G0 Z3.5000
G1 Z8.0000 F120
G0 Z-5.0000 F480


(No. 58: Drill 21)
G0 X525.4284 Y254.7635 Z-5.0000 F2100
G0 Z-0.5000 F480
G1 Z4.0000 F120
G0 Z-0.5000 F480
G0 Z3.5000
G1 Z8.0000 F120
G0 Z-5.0000 F480


(No. 59: Drill 19)
G0 X480.4284 Y235.2635 Z-5.0000 F2100
G0 Z-0.5000 F480
G1 Z4.0000 F120
G0 Z-0.5000 F480
G0 Z3.5000
G1 Z8.0000 F120
G0 Z-5.0000 F480


(No. 60: Drill 20)
G0 X436.8456 Y235.2635 Z-5.0000 F2100
G0 Z-0.5000 F480
G1 Z4.0000 F120
G0 Z-0.5000 F480
G0 Z3.5000
G1 Z8.0000 F120
G0 Z-5.0000 F480


(No. 61: Drill 9)
G0 X440.8301 Y200.2693 Z-5.0000 F2100
G0 Z-0.5000 F480
G1 Z4.0000 F120
G0 Z-0.5000 F480
G0 Z3.5000
G1 Z8.0000 F120
G0 Z-5.0000 F480


(No. 62: Drill 11)
G0 X409.2998 Y200.2693 Z-5.0000 F2100
G0 Z-0.5000 F480
G1 Z4.0000 F120
G0 Z-0.5000 F480
G0 Z3.5000
G1 Z8.0000 F120
G0 Z-5.0000 F480


(No. 63: Drill 22)
G0 X391.8456 Y240.7635 Z-5.0000 F2100
G0 Z-0.5000 F480
G1 Z4.0000 F120
G0 Z-0.5000 F480
G0 Z3.5000
G1 Z8.0000 F120
G0 Z-5.0000 F480


(No. 64: Drill 21)
G0 X391.8456 Y254.7635 Z-5.0000 F2100
G0 Z-0.5000 F480
G1 Z4.0000 F120
G0 Z-0.5000 F480
G0 Z3.5000
G1 Z8.0000 F120
G0 Z-5.0000 F480


(No. 65: Drill 19)
G0 X346.8456 Y235.2635 Z-5.0000 F2100
G0 Z-0.5000 F480
G1 Z4.0000 F120
G0 Z-0.5000 F480
G0 Z3.5000
G1 Z8.0000 F120
G0 Z-5.0000 F480


(No. 66: Drill 10)
G0 X343.6498 Y200.2693 Z-5.0000 F2100
G0 Z-0.5000 F480
G1 Z4.0000 F120
G0 Z-0.5000 F480
G0 Z3.5000
G1 Z8.0000 F120
G0 Z-5.0000 F480


(No. 67: Drill 20)
G0 X303.2627 Y235.2635 Z-5.0000 F2100
G0 Z-0.5000 F480
G1 Z4.0000 F120
G0 Z-0.5000 F480
G0 Z3.5000
G1 Z8.0000 F120
G0 Z-5.0000 F480


(No. 68: Drill 9)
G0 X277.9998 Y200.2693 Z-5.0000 F2100
G0 Z-0.5000 F480
G1 Z4.0000 F120
G0 Z-0.5000 F480
G0 Z3.5000
G1 Z8.0000 F120
G0 Z-5.0000 F480


(No. 69: Drill 3)
G0 X247.0223 Y200.2693 Z-5.0000 F2100
G0 Z-0.5000 F480
G1 Z4.0000 F120
G0 Z-0.5000 F480
G0 Z3.5000
G1 Z8.0000 F120
G0 Z-5.0000 F480


(No. 70: Drill 4)
G0 X252.0223 Y174.2693 Z-5.0000 F2100
G0 Z-0.5000 F480
G1 Z4.0000 F120
G0 Z-0.5000 F480
G0 Z3.5000
G1 Z8.0000 F120
G0 Z-5.0000 F480


(No. 71: Drill 22)
G0 X258.2627 Y240.7635 Z-5.0000 F2100
G0 Z-0.5000 F480
G1 Z4.0000 F120
G0 Z-0.5000 F480
G0 Z3.5000
G1 Z8.0000 F120
G0 Z-5.0000 F480


(No. 72: Drill 21)
G0 X258.2627 Y254.7635 Z-5.0000 F2100
G0 Z-0.5000 F480
G1 Z4.0000 F120
G0 Z-0.5000 F480
G0 Z3.5000
G1 Z8.0000 F120
G0 Z-5.0000 F480


(No. 73: Drill 19)
G0 X213.2627 Y235.2635 Z-5.0000 F2100
G0 Z-0.5000 F480
G1 Z4.0000 F120
G0 Z-0.5000 F480
G0 Z3.5000
G1 Z8.0000 F120
G0 Z-5.0000 F480


(No. 74: Drill 20)
G0 X169.6798 Y235.2635 Z-5.0000 F2100
G0 Z-0.5000 F480
G1 Z4.0000 F120
G0 Z-0.5000 F480
G0 Z3.5000
G1 Z8.0000 F120
G0 Z-5.0000 F480


(No. 75: Drill 22)
G0 X124.6798 Y240.7635 Z-5.0000 F2100
G0 Z-0.5000 F480
G1 Z4.0000 F120
G0 Z-0.5000 F480
G0 Z3.5000
G1 Z8.0000 F120
G0 Z-5.0000 F480


(No. 76: Drill 21)
G0 X124.6798 Y254.7635 Z-5.0000 F2100
G0 Z-0.5000 F480
G1 Z4.0000 F120
G0 Z-0.5000 F480
G0 Z3.5000
G1 Z8.0000 F120
G0 Z-5.0000 F480


(No. 77: Drill 19)
G0 X79.6798 Y235.2635 Z-5.0000 F2100
G0 Z-0.5000 F480
G1 Z4.0000 F120
G0 Z-0.5000 F480
G0 Z3.5000
G1 Z8.0000 F120
G0 Z-5.0000 F480


(No. 78: Drill 1)
G0 X26.2039 Y200.2693 Z-5.0000 F2100
G0 Z-0.5000 F480
G1 Z4.0000 F120
G0 Z-0.5000 F480
G0 Z3.5000
G1 Z8.0000 F120
G0 Z-5.0000 F480


(No. 79: Drill 2)
G0 X21.2039 Y174.2693 Z-5.0000 F2100
G0 Z-0.5000 F480
G1 Z4.0000 F120
G0 Z-0.5000 F480
G0 Z3.5000
G1 Z8.0000 F120
G0 Z-5.0000 F480


(No. 80: Hole 1)
G0 X55.9872 Y92.9311 Z-5.0000 F2100
G0 Z-0.5000 F480
G1 Z0.0000 F120
G1 Z4.0000
G1 X55.8516 Y92.9477 F600
G1 X55.7173 Y92.9721
G1 X55.5845 Y93.0043
G1 X55.4538 Y93.0441
G1 X55.3257 Y93.0915
G1 X55.2006 Y93.1462
G1 X55.0788 Y93.2082
G1 X54.9609 Y93.2771
G1 X54.8472 Y93.3527
G1 X54.7380 Y93.4348
G1 X54.6338 Y93.5232
G1 X54.5349 Y93.6174
G1 X54.4417 Y93.7173
G1 X54.3545 Y93.8223
G1 X54.2735 Y93.9323
G1 X54.1990 Y94.0468
G1 X54.1313 Y94.1655
G1 X54.0706 Y94.2879
G1 X54.0172 Y94.4136
G1 X53.9711 Y94.5422
G1 X53.9326 Y94.6732
G1 X53.9018 Y94.8063
G1 X53.8787 Y94.9409
G1 X53.8636 Y95.0767
G1 X53.8563 Y95.2131
G1 X53.8570 Y95.3497
G1 X53.8657 Y95.4860
G1 X53.8822 Y95.6216
G1 X53.9066 Y95.7560
G1 X53.9388 Y95.8887
G1 X53.9787 Y96.0194
G1 X54.0261 Y96.1475
G1 X54.0808 Y96.2726
G1 X54.1427 Y96.3944
G1 X54.2116 Y96.5123
G1 X54.2873 Y96.6261
G1 X54.3694 Y96.7352
G1 X54.4577 Y96.8394
G1 X54.5520 Y96.9383
G1 X54.6518 Y97.0315
G1 X54.7569 Y97.1188
G1 X54.8669 Y97.1998
G1 X54.9814 Y97.2743
G1 X55.1001 Y97.3419
G1 X55.2224 Y97.4026
G1 X55.3481 Y97.4561
G1 X55.4767 Y97.5021
G1 X55.6078 Y97.5406
G1 X55.7409 Y97.5715
G1 X55.8755 Y97.5945
G1 X56.0113 Y97.6096
G1 X56.1477 Y97.6169
G1 X56.2842 Y97.6162
G1 X56.4206 Y97.6075
G1 X56.5562 Y97.5910
G1 X56.6906 Y97.5666
G1 X56.8233 Y97.5344
G1 X56.9540 Y97.4946
G1 X57.0821 Y97.4472
G1 X57.2072 Y97.3924
G1 X57.3290 Y97.3305
G1 X57.4469 Y97.2616
G1 X57.5607 Y97.1859
G1 X57.6698 Y97.1038
G1 X57.7740 Y97.0155
G1 X57.8729 Y96.9212
G1 X57.9661 Y96.8214
G1 X58.0534 Y96.7163
G1 X58.1344 Y96.6063
G1 X58.2088 Y96.4918
G1 X58.2765 Y96.3732
G1 X58.3372 Y96.2508
G1 X58.3907 Y96.1251
G1 X58.4367 Y95.9965
G1 X58.4752 Y95.8654
G1 X58.5060 Y95.7324
G1 X58.5291 Y95.5977
G1 X58.5442 Y95.4620
G1 X58.5515 Y95.3256
G1 X58.5508 Y95.1890
G1 X58.5421 Y95.0527
G1 X58.5256 Y94.9171
G1 X58.5012 Y94.7827
G1 X58.4690 Y94.6499
G1 X58.4291 Y94.5193
G1 X58.3818 Y94.3912
G1 X58.3270 Y94.2660
G1 X58.2651 Y94.1443
G1 X58.1962 Y94.0263
G1 X58.1205 Y93.9126
G1 X58.0384 Y93.8034
G1 X57.9501 Y93.6992
G1 X57.8558 Y93.6004
G1 X57.7560 Y93.5071
G1 X57.6509 Y93.4199
G1 X57.5409 Y93.3389
G1 X57.4264 Y93.2644
G1 X57.3078 Y93.1967
G1 X57.1854 Y93.1360
G1 X57.0597 Y93.0826
G1 X56.9311 Y93.0365
G1 X56.8000 Y92.9980
G1 X56.6669 Y92.9672
G1 X56.5323 Y92.9442
G1 X56.3966 Y92.9290
G1 X56.2602 Y92.9218
G1 X56.1236 Y92.9225
G1 X55.9872 Y92.9311
G1 Z8.0000 F120
G1 X55.8516 Y92.9477 F600
G1 X55.7173 Y92.9721
G1 X55.5845 Y93.0043
G1 X55.4538 Y93.0441
G1 X55.3257 Y93.0915
G1 X55.2006 Y93.1462
G1 X55.0788 Y93.2082
G1 X54.9609 Y93.2771
G1 X54.8472 Y93.3527
G1 X54.7380 Y93.4348
G1 X54.6338 Y93.5232
G1 X54.5349 Y93.6174
G1 X54.4417 Y93.7173
G1 X54.3545 Y93.8223
G1 X54.2735 Y93.9323
G1 X54.1990 Y94.0468
G1 X54.1313 Y94.1655
G1 X54.0706 Y94.2879
G1 X54.0172 Y94.4136
G1 X53.9711 Y94.5422
G1 X53.9326 Y94.6732
G1 X53.9018 Y94.8063
G1 X53.8787 Y94.9409
G1 X53.8636 Y95.0767
G1 X53.8563 Y95.2131
G1 X53.8570 Y95.3497
G1 X53.8657 Y95.4860
G1 X53.8822 Y95.6216
G1 X53.9066 Y95.7560
G1 X53.9388 Y95.8887
G1 X53.9787 Y96.0194
G1 X54.0261 Y96.1475
G1 X54.0808 Y96.2726
G1 X54.1427 Y96.3944
G1 X54.2116 Y96.5123
G1 X54.2873 Y96.6261
G1 X54.3694 Y96.7352
G1 X54.4577 Y96.8394
G1 X54.5520 Y96.9383
G1 X54.6518 Y97.0315
G1 X54.7569 Y97.1188
G1 X54.8669 Y97.1998
G1 X54.9814 Y97.2743
G1 X55.1001 Y97.3419
G1 X55.2224 Y97.4026
G1 X55.3481 Y97.4561
G1 X55.4767 Y97.5021
G1 X55.6078 Y97.5406
G1 X55.7409 Y97.5715
G1 X55.8755 Y97.5945
G1 X56.0113 Y97.6096
G1 X56.1477 Y97.6169
G1 X56.2842 Y97.6162
G1 X56.4206 Y97.6075
G1 X56.5562 Y97.5910
G1 X56.6906 Y97.5666
G1 X56.8233 Y97.5344
G1 X56.9540 Y97.4946
G1 X57.0821 Y97.4472
G1 X57.2072 Y97.3924
G1 X57.3290 Y97.3305
G1 X57.4469 Y97.2616
G1 X57.5607 Y97.1859
G1 X57.6698 Y97.1038
G1 X57.7740 Y97.0155
G1 X57.8729 Y96.9212
G1 X57.9661 Y96.8214
G1 X58.0534 Y96.7163
G1 X58.1344 Y96.6063
G1 X58.2088 Y96.4918
G1 X58.2765 Y96.3732
G1 X58.3372 Y96.2508
G1 X58.3907 Y96.1251
G1 X58.4367 Y95.9965
G1 X58.4752 Y95.8654
G1 X58.5060 Y95.7324
G1 X58.5291 Y95.5977
G1 X58.5442 Y95.4620
G1 X58.5515 Y95.3256
G1 X58.5508 Y95.1890
G1 X58.5421 Y95.0527
G1 X58.5256 Y94.9171
G1 X58.5012 Y94.7827
G1 X58.4690 Y94.6499
G1 X58.4291 Y94.5193
G1 X58.3818 Y94.3912
G1 X58.3270 Y94.2660
G1 X58.2651 Y94.1443
G1 X58.1962 Y94.0263
G1 X58.1205 Y93.9126
G1 X58.0384 Y93.8034
G1 X57.9501 Y93.6992
G1 X57.8558 Y93.6004
G1 X57.7560 Y93.5071
G1 X57.6509 Y93.4199
G1 X57.5409 Y93.3389
G1 X57.4264 Y93.2644
G1 X57.3078 Y93.1967
G1 X57.1854 Y93.1360
G1 X57.0597 Y93.0826
G1 X56.9311 Y93.0365
G1 X56.8000 Y92.9980
G1 X56.6669 Y92.9672
G1 X56.5323 Y92.9442
G1 X56.3966 Y92.9290
G1 X56.2602 Y92.9218
G1 X56.1236 Y92.9225
G1 X55.9872 Y92.9311
G0 Z-5.0000 F480


(No. 81: Hole 1)
G0 X70.9872 Y92.9311 Z-5.0000 F2100
G0 Z-0.5000 F480
G1 Z0.0000 F120
G1 Z4.0000
G1 X70.8516 Y92.9477 F600
G1 X70.7173 Y92.9721
G1 X70.5845 Y93.0043
G1 X70.4538 Y93.0441
G1 X70.3257 Y93.0915
G1 X70.2006 Y93.1462
G1 X70.0788 Y93.2082
G1 X69.9609 Y93.2771
G1 X69.8472 Y93.3527
G1 X69.7380 Y93.4348
G1 X69.6338 Y93.5232
G1 X69.5349 Y93.6174
G1 X69.4417 Y93.7173
G1 X69.3545 Y93.8223
G1 X69.2735 Y93.9323
G1 X69.1990 Y94.0468
G1 X69.1313 Y94.1655
G1 X69.0706 Y94.2879
G1 X69.0172 Y94.4136
G1 X68.9711 Y94.5422
G1 X68.9326 Y94.6732
G1 X68.9018 Y94.8063
G1 X68.8787 Y94.9409
G1 X68.8636 Y95.0767
G1 X68.8563 Y95.2131
G1 X68.8570 Y95.3497
G1 X68.8657 Y95.4860
G1 X68.8822 Y95.6216
G1 X68.9066 Y95.7560
G1 X68.9388 Y95.8887
G1 X68.9787 Y96.0194
G1 X69.0261 Y96.1475
G1 X69.0808 Y96.2726
G1 X69.1427 Y96.3944
G1 X69.2116 Y96.5123
G1 X69.2873 Y96.6261
G1 X69.3694 Y96.7352
G1 X69.4577 Y96.8394
G1 X69.5520 Y96.9383
G1 X69.6518 Y97.0315
G1 X69.7569 Y97.1188
G1 X69.8669 Y97.1998
G1 X69.9814 Y97.2743
G1 X70.1001 Y97.3419
G1 X70.2224 Y97.4026
G1 X70.3481 Y97.4561
G1 X70.4767 Y97.5021
G1 X70.6078 Y97.5406
G1 X70.7409 Y97.5715
G1 X70.8755 Y97.5945
G1 X71.0113 Y97.6096
G1 X71.1477 Y97.6169
G1 X71.2842 Y97.6162
G1 X71.4206 Y97.6075
G1 X71.5562 Y97.5910
G1 X71.6906 Y97.5666
G1 X71.8233 Y97.5344
G1 X71.9540 Y97.4946
G1 X72.0821 Y97.4472
G1 X72.2072 Y97.3924
G1 X72.3290 Y97.3305
G1 X72.4469 Y97.2616
G1 X72.5607 Y97.1859
G1 X72.6698 Y97.1038
G1 X72.7740 Y97.0155
G1 X72.8729 Y96.9212
G1 X72.9661 Y96.8214
G1 X73.0534 Y96.7163
G1 X73.1344 Y96.6063
G1 X73.2088 Y96.4918
G1 X73.2765 Y96.3732
G1 X73.3372 Y96.2508
G1 X73.3907 Y96.1251
G1 X73.4367 Y95.9965
G1 X73.4752 Y95.8654
G1 X73.5060 Y95.7324
G1 X73.5291 Y95.5977
G1 X73.5442 Y95.4620
G1 X73.5515 Y95.3256
G1 X73.5508 Y95.1890
G1 X73.5421 Y95.0527
G1 X73.5256 Y94.9171
G1 X73.5012 Y94.7827
G1 X73.4690 Y94.6499
G1 X73.4291 Y94.5193
G1 X73.3818 Y94.3912
G1 X73.3270 Y94.2660
G1 X73.2651 Y94.1443
G1 X73.1962 Y94.0263
G1 X73.1205 Y93.9126
G1 X73.0384 Y93.8034
G1 X72.9501 Y93.6992
G1 X72.8558 Y93.6004
G1 X72.7560 Y93.5071
G1 X72.6509 Y93.4199
G1 X72.5409 Y93.3389
G1 X72.4264 Y93.2644
G1 X72.3078 Y93.1967
G1 X72.1854 Y93.1360
G1 X72.0597 Y93.0826
G1 X71.9311 Y93.0365
G1 X71.8000 Y92.9980
G1 X71.6669 Y92.9672
G1 X71.5323 Y92.9442
G1 X71.3966 Y92.9290
G1 X71.2602 Y92.9218
G1 X71.1236 Y92.9225
G1 X70.9872 Y92.9311
G1 Z8.0000 F120
G1 X70.8516 Y92.9477 F600
G1 X70.7173 Y92.9721
G1 X70.5845 Y93.0043
G1 X70.4538 Y93.0441
G1 X70.3257 Y93.0915
G1 X70.2006 Y93.1462
G1 X70.0788 Y93.2082
G1 X69.9609 Y93.2771
G1 X69.8472 Y93.3527
G1 X69.7380 Y93.4348
G1 X69.6338 Y93.5232
G1 X69.5349 Y93.6174
G1 X69.4417 Y93.7173
G1 X69.3545 Y93.8223
G1 X69.2735 Y93.9323
G1 X69.1990 Y94.0468
G1 X69.1313 Y94.1655
G1 X69.0706 Y94.2879
G1 X69.0172 Y94.4136
G1 X68.9711 Y94.5422
G1 X68.9326 Y94.6732
G1 X68.9018 Y94.8063
G1 X68.8787 Y94.9409
G1 X68.8636 Y95.0767
G1 X68.8563 Y95.2131
G1 X68.8570 Y95.3497
G1 X68.8657 Y95.4860
G1 X68.8822 Y95.6216
G1 X68.9066 Y95.7560
G1 X68.9388 Y95.8887
G1 X68.9787 Y96.0194
G1 X69.0261 Y96.1475
G1 X69.0808 Y96.2726
G1 X69.1427 Y96.3944
G1 X69.2116 Y96.5123
G1 X69.2873 Y96.6261
G1 X69.3694 Y96.7352
G1 X69.4577 Y96.8394
G1 X69.5520 Y96.9383
G1 X69.6518 Y97.0315
G1 X69.7569 Y97.1188
G1 X69.8669 Y97.1998
G1 X69.9814 Y97.2743
G1 X70.1001 Y97.3419
G1 X70.2224 Y97.4026
G1 X70.3481 Y97.4561
G1 X70.4767 Y97.5021
G1 X70.6078 Y97.5406
G1 X70.7409 Y97.5715
G1 X70.8755 Y97.5945
G1 X71.0113 Y97.6096
G1 X71.1477 Y97.6169
G1 X71.2842 Y97.6162
G1 X71.4206 Y97.6075
G1 X71.5562 Y97.5910
G1 X71.6906 Y97.5666
G1 X71.8233 Y97.5344
G1 X71.9540 Y97.4946
G1 X72.0821 Y97.4472
G1 X72.2072 Y97.3924
G1 X72.3290 Y97.3305
G1 X72.4469 Y97.2616
G1 X72.5607 Y97.1859
G1 X72.6698 Y97.1038
G1 X72.7740 Y97.0155
G1 X72.8729 Y96.9212
G1 X72.9661 Y96.8214
G1 X73.0534 Y96.7163
G1 X73.1344 Y96.6063
G1 X73.2088 Y96.4918
G1 X73.2765 Y96.3732
G1 X73.3372 Y96.2508
G1 X73.3907 Y96.1251
G1 X73.4367 Y95.9965
G1 X73.4752 Y95.8654
G1 X73.5060 Y95.7324
G1 X73.5291 Y95.5977
G1 X73.5442 Y95.4620
G1 X73.5515 Y95.3256
G1 X73.5508 Y95.1890
G1 X73.5421 Y95.0527
G1 X73.5256 Y94.9171
G1 X73.5012 Y94.7827
G1 X73.4690 Y94.6499
G1 X73.4291 Y94.5193
G1 X73.3818 Y94.3912
G1 X73.3270 Y94.2660
G1 X73.2651 Y94.1443
G1 X73.1962 Y94.0263
G1 X73.1205 Y93.9126
G1 X73.0384 Y93.8034
G1 X72.9501 Y93.6992
G1 X72.8558 Y93.6004
G1 X72.7560 Y93.5071
G1 X72.6509 Y93.4199
G1 X72.5409 Y93.3389
G1 X72.4264 Y93.2644
G1 X72.3078 Y93.1967
G1 X72.1854 Y93.1360
G1 X72.0597 Y93.0826
G1 X71.9311 Y93.0365
G1 X71.8000 Y92.9980
G1 X71.6669 Y92.9672
G1 X71.5323 Y92.9442
G1 X71.3966 Y92.9290
G1 X71.2602 Y92.9218
G1 X71.1236 Y92.9225
G1 X70.9872 Y92.9311
G0 Z-5.0000 F480


(No. 82: Hole 1)
G0 X85.9872 Y92.9311 Z-5.0000 F2100
G0 Z-0.5000 F480
G1 Z0.0000 F120
G1 Z4.0000
G1 X85.8516 Y92.9477 F600
G1 X85.7173 Y92.9721
G1 X85.5845 Y93.0043
G1 X85.4538 Y93.0441
G1 X85.3257 Y93.0915
G1 X85.2006 Y93.1462
G1 X85.0788 Y93.2082
G1 X84.9609 Y93.2771
G1 X84.8472 Y93.3527
G1 X84.7380 Y93.4348
G1 X84.6338 Y93.5232
G1 X84.5349 Y93.6174
G1 X84.4417 Y93.7173
G1 X84.3545 Y93.8223
G1 X84.2735 Y93.9323
G1 X84.1990 Y94.0468
G1 X84.1313 Y94.1655
G1 X84.0706 Y94.2879
G1 X84.0172 Y94.4136
G1 X83.9711 Y94.5422
G1 X83.9326 Y94.6732
G1 X83.9018 Y94.8063
G1 X83.8787 Y94.9409
G1 X83.8636 Y95.0767
G1 X83.8563 Y95.2131
G1 X83.8570 Y95.3497
G1 X83.8657 Y95.4860
G1 X83.8822 Y95.6216
G1 X83.9066 Y95.7560
G1 X83.9388 Y95.8887
G1 X83.9787 Y96.0194
G1 X84.0261 Y96.1475
G1 X84.0808 Y96.2726
G1 X84.1427 Y96.3944
G1 X84.2116 Y96.5123
G1 X84.2873 Y96.6261
G1 X84.3694 Y96.7352
G1 X84.4577 Y96.8394
G1 X84.5520 Y96.9383
G1 X84.6518 Y97.0315
G1 X84.7569 Y97.1188
G1 X84.8669 Y97.1998
G1 X84.9814 Y97.2743
G1 X85.1001 Y97.3419
G1 X85.2224 Y97.4026
G1 X85.3481 Y97.4561
G1 X85.4767 Y97.5021
G1 X85.6078 Y97.5406
G1 X85.7409 Y97.5715
G1 X85.8755 Y97.5945
G1 X86.0113 Y97.6096
G1 X86.1477 Y97.6169
G1 X86.2842 Y97.6162
G1 X86.4206 Y97.6075
G1 X86.5562 Y97.5910
G1 X86.6906 Y97.5666
G1 X86.8233 Y97.5344
G1 X86.9540 Y97.4946
G1 X87.0821 Y97.4472
G1 X87.2072 Y97.3924
G1 X87.3290 Y97.3305
G1 X87.4469 Y97.2616
G1 X87.5607 Y97.1859
G1 X87.6698 Y97.1038
G1 X87.7740 Y97.0155
G1 X87.8729 Y96.9212
G1 X87.9661 Y96.8214
G1 X88.0534 Y96.7163
G1 X88.1344 Y96.6063
G1 X88.2088 Y96.4918
G1 X88.2765 Y96.3732
G1 X88.3372 Y96.2508
G1 X88.3907 Y96.1251
G1 X88.4367 Y95.9965
G1 X88.4752 Y95.8654
G1 X88.5060 Y95.7324
G1 X88.5291 Y95.5977
G1 X88.5442 Y95.4620
G1 X88.5515 Y95.3256
G1 X88.5508 Y95.1890
G1 X88.5421 Y95.0527
G1 X88.5256 Y94.9171
G1 X88.5012 Y94.7827
G1 X88.4690 Y94.6499
G1 X88.4291 Y94.5193
G1 X88.3818 Y94.3912
G1 X88.3270 Y94.2660
G1 X88.2651 Y94.1443
G1 X88.1962 Y94.0263
G1 X88.1205 Y93.9126
G1 X88.0384 Y93.8034
G1 X87.9501 Y93.6992
G1 X87.8558 Y93.6004
G1 X87.7560 Y93.5071
G1 X87.6509 Y93.4199
G1 X87.5409 Y93.3389
G1 X87.4264 Y93.2644
G1 X87.3078 Y93.1967
G1 X87.1854 Y93.1360
G1 X87.0597 Y93.0826
G1 X86.9311 Y93.0365
G1 X86.8000 Y92.9980
G1 X86.6669 Y92.9672
G1 X86.5323 Y92.9442
G1 X86.3966 Y92.9290
G1 X86.2602 Y92.9218
G1 X86.1236 Y92.9225
G1 X85.9872 Y92.9311
G1 Z8.0000 F120
G1 X85.8516 Y92.9477 F600
G1 X85.7173 Y92.9721
G1 X85.5845 Y93.0043
G1 X85.4538 Y93.0441
G1 X85.3257 Y93.0915
G1 X85.2006 Y93.1462
G1 X85.0788 Y93.2082
G1 X84.9609 Y93.2771
G1 X84.8472 Y93.3527
G1 X84.7380 Y93.4348
G1 X84.6338 Y93.5232
G1 X84.5349 Y93.6174
G1 X84.4417 Y93.7173
G1 X84.3545 Y93.8223
G1 X84.2735 Y93.9323
G1 X84.1990 Y94.0468
G1 X84.1313 Y94.1655
G1 X84.0706 Y94.2879
G1 X84.0172 Y94.4136
G1 X83.9711 Y94.5422
G1 X83.9326 Y94.6732
G1 X83.9018 Y94.8063
G1 X83.8787 Y94.9409
G1 X83.8636 Y95.0767
G1 X83.8563 Y95.2131
G1 X83.8570 Y95.3497
G1 X83.8657 Y95.4860
G1 X83.8822 Y95.6216
G1 X83.9066 Y95.7560
G1 X83.9388 Y95.8887
G1 X83.9787 Y96.0194
G1 X84.0261 Y96.1475
G1 X84.0808 Y96.2726
G1 X84.1427 Y96.3944
G1 X84.2116 Y96.5123
G1 X84.2873 Y96.6261
G1 X84.3694 Y96.7352
G1 X84.4577 Y96.8394
G1 X84.5520 Y96.9383
G1 X84.6518 Y97.0315
G1 X84.7569 Y97.1188
G1 X84.8669 Y97.1998
G1 X84.9814 Y97.2743
G1 X85.1001 Y97.3419
G1 X85.2224 Y97.4026
G1 X85.3481 Y97.4561
G1 X85.4767 Y97.5021
G1 X85.6078 Y97.5406
G1 X85.7409 Y97.5715
G1 X85.8755 Y97.5945
G1 X86.0113 Y97.6096
G1 X86.1477 Y97.6169
G1 X86.2842 Y97.6162
G1 X86.4206 Y97.6075
G1 X86.5562 Y97.5910
G1 X86.6906 Y97.5666
G1 X86.8233 Y97.5344
G1 X86.9540 Y97.4946
G1 X87.0821 Y97.4472
G1 X87.2072 Y97.3924
G1 X87.3290 Y97.3305
G1 X87.4469 Y97.2616
G1 X87.5607 Y97.1859
G1 X87.6698 Y97.1038
G1 X87.7740 Y97.0155
G1 X87.8729 Y96.9212
G1 X87.9661 Y96.8214
G1 X88.0534 Y96.7163
G1 X88.1344 Y96.6063
G1 X88.2088 Y96.4918
G1 X88.2765 Y96.3732
G1 X88.3372 Y96.2508
G1 X88.3907 Y96.1251
G1 X88.4367 Y95.9965
G1 X88.4752 Y95.8654
G1 X88.5060 Y95.7324
G1 X88.5291 Y95.5977
G1 X88.5442 Y95.4620
G1 X88.5515 Y95.3256
G1 X88.5508 Y95.1890
G1 X88.5421 Y95.0527
G1 X88.5256 Y94.9171
G1 X88.5012 Y94.7827
G1 X88.4690 Y94.6499
G1 X88.4291 Y94.5193
G1 X88.3818 Y94.3912
G1 X88.3270 Y94.2660
G1 X88.2651 Y94.1443
G1 X88.1962 Y94.0263
G1 X88.1205 Y93.9126
G1 X88.0384 Y93.8034
G1 X87.9501 Y93.6992
G1 X87.8558 Y93.6004
G1 X87.7560 Y93.5071
G1 X87.6509 Y93.4199
G1 X87.5409 Y93.3389
G1 X87.4264 Y93.2644
G1 X87.3078 Y93.1967
G1 X87.1854 Y93.1360
G1 X87.0597 Y93.0826
G1 X86.9311 Y93.0365
G1 X86.8000 Y92.9980
G1 X86.6669 Y92.9672
G1 X86.5323 Y92.9442
G1 X86.3966 Y92.9290
G1 X86.2602 Y92.9218
G1 X86.1236 Y92.9225
G1 X85.9872 Y92.9311
G0 Z-5.0000 F480


(No. 83: Hole 2)
G0 X73.3999 Y62.0208 Z-5.0000 F2100
G0 Z-0.5000 F480
G1 Z0.0000 F120
G1 Z4.0000
G1 X73.9180 Y61.8614 F600
G1 X74.4246 Y61.6687
G1 X74.9177 Y61.4435
G1 X75.3951 Y61.1868
G1 X75.8548 Y60.8997
G1 X76.2949 Y60.5833
G1 X76.7136 Y60.2390
G1 X77.1090 Y59.8683
G1 X77.4796 Y59.4727
G1 X77.8237 Y59.0539
G1 X78.1399 Y58.6136
G1 X78.4268 Y58.1538
G1 X78.6833 Y57.6762
G1 X78.9083 Y57.1831
G1 X79.1007 Y56.6764
G1 X79.2599 Y56.1582
G1 X79.3852 Y55.6309
G1 X79.4759 Y55.0965
G1 X79.5318 Y54.5573
G1 X79.5525 Y54.0157
G1 X79.5381 Y53.4738
G1 X79.4885 Y52.9341
G1 X79.4040 Y52.3987
G1 X79.2849 Y51.8699
G1 X79.1318 Y51.3499
G1 X78.9452 Y50.8410
G1 X78.7260 Y50.3453
G1 X78.4751 Y49.8648
G1 X78.1935 Y49.4016
G1 X77.8825 Y48.9577
G1 X77.5433 Y48.5349
G1 X77.1774 Y48.1350
G1 X76.7863 Y47.7597
G1 X76.3716 Y47.4106
G1 X75.9352 Y47.0891
G1 X75.4789 Y46.7966
G1 X75.0045 Y46.5344
G1 X74.5141 Y46.3035
G1 X74.0097 Y46.1049
G1 X73.4936 Y45.9395
G1 X72.9677 Y45.8079
G1 X72.4345 Y45.7107
G1 X71.8960 Y45.6483
G1 X71.3547 Y45.6210
G1 X70.8127 Y45.6289
G1 X70.2724 Y45.6720
G1 X69.7360 Y45.7500
G1 X69.2058 Y45.8627
G1 X68.6888 Y46.0078
G1 X68.1822 Y46.1858
G1 X67.6881 Y46.3961
G1 X67.2085 Y46.6376
G1 X66.7454 Y46.9096
G1 X66.3008 Y47.2107
G1 X65.8765 Y47.5398
G1 X65.4742 Y47.8955
G1 X65.0956 Y48.2763
G1 X64.7423 Y48.6807
G1 X64.4158 Y49.1070
G1 X64.1173 Y49.5533
G1 X63.8481 Y50.0180
G1 X63.6094 Y50.4990
G1 X63.4021 Y50.9944
G1 X63.2270 Y51.5020
G1 X63.0850 Y52.0199
G1 X62.9766 Y52.5458
G1 X62.9022 Y53.0776
G1 X62.8622 Y53.6131
G1 X62.8567 Y54.1501
G1 X62.8857 Y54.6863
G1 X62.9491 Y55.2195
G1 X63.0467 Y55.7475
G1 X63.1781 Y56.2682
G1 X63.3426 Y56.7794
G1 X63.5397 Y57.2789
G1 X63.7685 Y57.7647
G1 X64.0281 Y58.2348
G1 X64.3173 Y58.6872
G1 X64.6351 Y59.1201
G1 X64.9800 Y59.5316
G1 X65.3507 Y59.9202
G1 X65.7456 Y60.2841
G1 X66.1630 Y60.6218
G1 X66.6013 Y60.9320
G1 X67.0587 Y61.2134
G1 X67.5332 Y61.4648
G1 X68.0229 Y61.6851
G1 X68.5258 Y61.8735
G0 Z0.0000 F480
G1 X68.9192 Y61.9973 F600
G1 X69.3184 Y62.1012
G1 X69.7222 Y62.1851
G1 X70.1297 Y62.2488
G1 X70.5399 Y62.2921
G1 X70.9517 Y62.3148
G1 X71.3642 Y62.3170
G1 X71.7762 Y62.2986
G1 X72.1868 Y62.2596
G1 X72.5950 Y62.2002
G1 X72.9997 Y62.1206
G1 X73.3999 Y62.0208
G0 Z3.5000 F480
G1 Z4.0000 F120
G1 Z8.0000
G1 X73.9180 Y61.8614 F600
G1 X74.4246 Y61.6687
G1 X74.9177 Y61.4435
G1 X75.3951 Y61.1868
G1 X75.8548 Y60.8997
G1 X76.2949 Y60.5833
G1 X76.7136 Y60.2390
G1 X77.1090 Y59.8683
G1 X77.4796 Y59.4727
G1 X77.8237 Y59.0539
G1 X78.1399 Y58.6136
G1 X78.4268 Y58.1538
G1 X78.6833 Y57.6762
G1 X78.9083 Y57.1831
G1 X79.1007 Y56.6764
G1 X79.2599 Y56.1582
G1 X79.3852 Y55.6309
G1 X79.4759 Y55.0965
G1 X79.5318 Y54.5573
G1 X79.5525 Y54.0157
G1 X79.5381 Y53.4738
G1 X79.4885 Y52.9341
G1 X79.4040 Y52.3987
G1 X79.2849 Y51.8699
G1 X79.1318 Y51.3499
G1 X78.9452 Y50.8410
G1 X78.7260 Y50.3453
G1 X78.4751 Y49.8648
G1 X78.1935 Y49.4016
G1 X77.8825 Y48.9577
G1 X77.5433 Y48.5349
G1 X77.1774 Y48.1350
G1 X76.7863 Y47.7597
G1 X76.3716 Y47.4106
G1 X75.9352 Y47.0891
G1 X75.4789 Y46.7966
G1 X75.0045 Y46.5344
G1 X74.5141 Y46.3035
G1 X74.0097 Y46.1049
G1 X73.4936 Y45.9395
G1 X72.9677 Y45.8079
G1 X72.4345 Y45.7107
G1 X71.8960 Y45.6483
G1 X71.3547 Y45.6210
G1 X70.8127 Y45.6289
G1 X70.2724 Y45.6720
G1 X69.7360 Y45.7500
G1 X69.2058 Y45.8627
G1 X68.6888 Y46.0078
G1 X68.1822 Y46.1858
G1 X67.6881 Y46.3961
G1 X67.2085 Y46.6376
G1 X66.7454 Y46.9096
G1 X66.3008 Y47.2107
G1 X65.8765 Y47.5398
G1 X65.4742 Y47.8955
G1 X65.0956 Y48.2763
G1 X64.7423 Y48.6807
G1 X64.4158 Y49.1070
G1 X64.1173 Y49.5533
G1 X63.8481 Y50.0180
G1 X63.6094 Y50.4990
G1 X63.4021 Y50.9944
G1 X63.2270 Y51.5020
G1 X63.0850 Y52.0199
G1 X62.9766 Y52.5458
G1 X62.9022 Y53.0776
G1 X62.8622 Y53.6131
G1 X62.8567 Y54.1501
G1 X62.8857 Y54.6863
G1 X62.9491 Y55.2195
G1 X63.0467 Y55.7475
G1 X63.1781 Y56.2682
G1 X63.3426 Y56.7794
G1 X63.5397 Y57.2789
G1 X63.7685 Y57.7647
G1 X64.0281 Y58.2348
G1 X64.3173 Y58.6872
G1 X64.6351 Y59.1201
G1 X64.9800 Y59.5316
G1 X65.3507 Y59.9202
G1 X65.7456 Y60.2841
G1 X66.1630 Y60.6218
G1 X66.6013 Y60.9320
G1 X67.0587 Y61.2134
G1 X67.5332 Y61.4648
G1 X68.0229 Y61.6851
G1 X68.5258 Y61.8735
G0 Z0.0000 F480
G1 X68.9192 Y61.9973 F600
G1 X69.3184 Y62.1012
G1 X69.7222 Y62.1851
G1 X70.1297 Y62.2488
G1 X70.5399 Y62.2921
G1 X70.9517 Y62.3148
G1 X71.3642 Y62.3170
G1 X71.7762 Y62.2986
G1 X72.1868 Y62.2596
G1 X72.5950 Y62.2002
G1 X72.9997 Y62.1206
G1 X73.3999 Y62.0208
G0 Z-5.0000 F480


(No. 84: Drill 6)
G0 X116.2039 Y50.2693 Z-5.0000 F2100
G0 Z-0.5000 F480
G1 Z4.0000 F120
G0 Z-0.5000 F480
G0 Z3.5000
G1 Z8.0000 F120
G0 Z-5.0000 F480


(No. 85: Drill 5)
G0 X121.2039 Y76.2693 Z-5.0000 F2100
G0 Z-0.5000 F480
G1 Z4.0000 F120
G0 Z-0.5000 F480
G0 Z3.5000
G1 Z8.0000 F120
G0 Z-5.0000 F480


(No. 86: Drill 8)
G0 X152.0223 Y76.2693 Z-5.0000 F2100
G0 Z-0.5000 F480
G1 Z4.0000 F120
G0 Z-0.5000 F480
G0 Z3.5000
G1 Z8.0000 F120
G0 Z-5.0000 F480


(No. 87: Drill 7)
G0 X157.0223 Y50.2693 Z-5.0000 F2100
G0 Z-0.5000 F480
G1 Z4.0000 F120
G0 Z-0.5000 F480
G0 Z3.5000
G1 Z8.0000 F120
G0 Z-5.0000 F480


(No. 88: Drill 17)
G0 X169.6798 Y300.9135 Z-5.0000 F2100
G0 Z-0.5000 F480
G1 Z4.0000 F120
G0 Z-0.5000 F480
G0 Z3.5000
G1 Z8.0000 F120
G0 Z-5.0000 F480


(No. 89: Drill 18)
G0 X213.2627 Y300.9135 Z-5.0000 F2100
G0 Z-0.5000 F480
G1 Z4.0000 F120
G0 Z-0.5000 F480
G0 Z3.5000
G1 Z8.0000 F120
G0 Z-5.0000 F480


(No. 90: Drill 15)
G0 X213.2627 Y366.5635 Z-5.0000 F2100
G0 Z-0.5000 F480
G1 Z4.0000 F120
G0 Z-0.5000 F480
G0 Z3.5000
G1 Z8.0000 F120
G0 Z-5.0000 F480


(No. 91: Drill 13)
G0 X214.5806 Y409.0635 Z-5.0000 F2100
G0 Z-0.5000 F480
G1 Z4.0000 F120
G0 Z-0.5000 F480
G0 Z3.5000
G1 Z8.0000 F120
G0 Z-5.0000 F480


(No. 92: Drill 16)
G0 X169.6798 Y366.5635 Z-5.0000 F2100
G0 Z-0.5000 F480
G1 Z4.0000 F120
G0 Z-0.5000 F480
G0 Z3.5000
G1 Z8.0000 F120
G0 Z-5.0000 F480


(No. 93: Drill 14)
G0 X148.9306 Y409.0635 Z-5.0000 F2100
G0 Z-0.5000 F480
G1 Z4.0000 F120
G0 Z-0.5000 F480
G0 Z3.5000
G1 Z8.0000 F120
G0 Z-5.0000 F480


(No. 94: Drill 6)
G0 X115.5805 Y409.0635 Z-5.0000 F2100
G0 Z-0.5000 F480
G1 Z4.0000 F120
G0 Z-0.5000 F480
G0 Z3.5000
G1 Z8.0000 F120
G0 Z-5.0000 F480


(No. 95: Drill 5)
G0 X120.5805 Y435.0635 Z-5.0000 F2100
G0 Z-0.5000 F480
G1 Z4.0000 F120
G0 Z-0.5000 F480
G0 Z3.5000
G1 Z8.0000 F120
G0 Z-5.0000 F480


(No. 96: Hole 1)
G0 X100.3638 Y466.7253 Z-5.0000 F2100
G0 Z-0.5000 F480
G1 Z0.0000 F120
G1 Z4.0000
G1 X100.2282 Y466.7418 F600
G1 X100.0938 Y466.7662
G1 X99.9611 Y466.7984
G1 X99.8304 Y466.8383
G1 X99.7023 Y466.8856
G1 X99.5771 Y466.9404
G1 X99.4554 Y467.0023
G1 X99.3375 Y467.0712
G1 X99.2237 Y467.1469
G1 X99.1146 Y467.2290
G1 X99.0104 Y467.3173
G1 X98.9115 Y467.4116
G1 X98.8183 Y467.5114
G1 X98.7310 Y467.6165
G1 X98.6500 Y467.7265
G1 X98.5755 Y467.8410
G1 X98.5078 Y467.9596
G1 X98.4472 Y468.0820
G1 X98.3937 Y468.2077
G1 X98.3477 Y468.3363
G1 X98.3092 Y468.4674
G1 X98.2783 Y468.6004
G1 X98.2553 Y468.7351
G1 X98.2401 Y468.8708
G1 X98.2329 Y469.0072
G1 X98.2336 Y469.1438
G1 X98.2422 Y469.2801
G1 X98.2588 Y469.4157
G1 X98.2832 Y469.5501
G1 X98.3154 Y469.6829
G1 X98.3552 Y469.8135
G1 X98.4026 Y469.9417
G1 X98.4574 Y470.0668
G1 X98.5193 Y470.1885
G1 X98.5882 Y470.3065
G1 X98.6638 Y470.4202
G1 X98.7460 Y470.5294
G1 X98.8343 Y470.6336
G1 X98.9286 Y470.7324
G1 X99.0284 Y470.8257
G1 X99.1335 Y470.9129
G1 X99.2435 Y470.9939
G1 X99.3580 Y471.0684
G1 X99.4766 Y471.1361
G1 X99.5990 Y471.1968
G1 X99.7247 Y471.2502
G1 X99.8533 Y471.2963
G1 X99.9843 Y471.3348
G1 X100.1174 Y471.3656
G1 X100.2521 Y471.3886
G1 X100.3878 Y471.4038
G1 X100.5242 Y471.4110
G1 X100.6608 Y471.4103
G1 X100.7971 Y471.4017
G1 X100.9327 Y471.3851
G1 X101.0671 Y471.3607
G1 X101.1999 Y471.3286
G1 X101.3305 Y471.2887
G1 X101.4586 Y471.2413
G1 X101.5838 Y471.1866
G1 X101.7055 Y471.1247
G1 X101.8235 Y471.0557
G1 X101.9372 Y470.9801
G1 X102.0464 Y470.8980
G1 X102.1505 Y470.8096
G1 X102.2494 Y470.7154
G1 X102.3426 Y470.6156
G1 X102.4299 Y470.5105
G1 X102.5109 Y470.4005
G1 X102.5854 Y470.2860
G1 X102.6531 Y470.1673
G1 X102.7138 Y470.0449
G1 X102.7672 Y469.9192
G1 X102.8133 Y469.7907
G1 X102.8518 Y469.6596
G1 X102.8826 Y469.5265
G1 X102.9056 Y469.3919
G1 X102.9208 Y469.2561
G1 X102.9280 Y469.1197
G1 X102.9273 Y468.9831
G1 X102.9187 Y468.8468
G1 X102.9021 Y468.7112
G1 X102.8777 Y468.5768
G1 X102.8455 Y468.4441
G1 X102.8057 Y468.3134
G1 X102.7583 Y468.1853
G1 X102.7036 Y468.0602
G1 X102.6416 Y467.9384
G1 X102.5727 Y467.8205
G1 X102.4971 Y467.7067
G1 X102.4150 Y467.5976
G1 X102.3266 Y467.4934
G1 X102.2324 Y467.3945
G1 X102.1325 Y467.3013
G1 X102.0274 Y467.2140
G1 X101.9175 Y467.1330
G1 X101.8030 Y467.0586
G1 X101.6843 Y466.9909
G1 X101.5619 Y466.9302
G1 X101.4362 Y466.8767
G1 X101.3076 Y466.8307
G1 X101.1766 Y466.7922
G1 X101.0435 Y466.7613
G1 X100.9089 Y466.7383
G1 X100.7731 Y466.7232
G1 X100.6367 Y466.7159
G1 X100.5001 Y466.7166
G1 X100.3638 Y466.7253
G1 Z8.0000 F120
G1 X100.2282 Y466.7418 F600
G1 X100.0938 Y466.7662
G1 X99.9611 Y466.7984
G1 X99.8304 Y466.8383
G1 X99.7023 Y466.8856
G1 X99.5771 Y466.9404
G1 X99.4554 Y467.0023
G1 X99.3375 Y467.0712
G1 X99.2237 Y467.1469
G1 X99.1146 Y467.2290
G1 X99.0104 Y467.3173
G1 X98.9115 Y467.4116
G1 X98.8183 Y467.5114
G1 X98.7310 Y467.6165
G1 X98.6500 Y467.7265
G1 X98.5755 Y467.8410
G1 X98.5078 Y467.9596
G1 X98.4472 Y468.0820
G1 X98.3937 Y468.2077
G1 X98.3477 Y468.3363
G1 X98.3092 Y468.4674
G1 X98.2783 Y468.6004
G1 X98.2553 Y468.7351
G1 X98.2401 Y468.8708
G1 X98.2329 Y469.0072
G1 X98.2336 Y469.1438
G1 X98.2422 Y469.2801
G1 X98.2588 Y469.4157
G1 X98.2832 Y469.5501
G1 X98.3154 Y469.6829
G1 X98.3552 Y469.8135
G1 X98.4026 Y469.9417
G1 X98.4574 Y470.0668
G1 X98.5193 Y470.1885
G1 X98.5882 Y470.3065
G1 X98.6638 Y470.4202
G1 X98.7460 Y470.5294
G1 X98.8343 Y470.6336
G1 X98.9286 Y470.7324
G1 X99.0284 Y470.8257
G1 X99.1335 Y470.9129
G1 X99.2435 Y470.9939
G1 X99.3580 Y471.0684
G1 X99.4766 Y471.1361
G1 X99.5990 Y471.1968
G1 X99.7247 Y471.2502
G1 X99.8533 Y471.2963
G1 X99.9843 Y471.3348
G1 X100.1174 Y471.3656
G1 X100.2521 Y471.3886
G1 X100.3878 Y471.4038
G1 X100.5242 Y471.4110
G1 X100.6608 Y471.4103
G1 X100.7971 Y471.4017
G1 X100.9327 Y471.3851
G1 X101.0671 Y471.3607
G1 X101.1999 Y471.3286
G1 X101.3305 Y471.2887
G1 X101.4586 Y471.2413
G1 X101.5838 Y471.1866
G1 X101.7055 Y471.1247
G1 X101.8235 Y471.0557
G1 X101.9372 Y470.9801
G1 X102.0464 Y470.8980
G1 X102.1505 Y470.8096
G1 X102.2494 Y470.7154
G1 X102.3426 Y470.6156
G1 X102.4299 Y470.5105
G1 X102.5109 Y470.4005
G1 X102.5854 Y470.2860
G1 X102.6531 Y470.1673
G1 X102.7138 Y470.0449
G1 X102.7672 Y469.9192
G1 X102.8133 Y469.7907
G1 X102.8518 Y469.6596
G1 X102.8826 Y469.5265
G1 X102.9056 Y469.3919
G1 X102.9208 Y469.2561
G1 X102.9280 Y469.1197
G1 X102.9273 Y468.9831
G1 X102.9187 Y468.8468
G1 X102.9021 Y468.7112
G1 X102.8777 Y468.5768
G1 X102.8455 Y468.4441
G1 X102.8057 Y468.3134
G1 X102.7583 Y468.1853
G1 X102.7036 Y468.0602
G1 X102.6416 Y467.9384
G1 X102.5727 Y467.8205
G1 X102.4971 Y467.7067
G1 X102.4150 Y467.5976
G1 X102.3266 Y467.4934
G1 X102.2324 Y467.3945
G1 X102.1325 Y467.3013
G1 X102.0274 Y467.2140
G1 X101.9175 Y467.1330
G1 X101.8030 Y467.0586
G1 X101.6843 Y466.9909
G1 X101.5619 Y466.9302
G1 X101.4362 Y466.8767
G1 X101.3076 Y466.8307
G1 X101.1766 Y466.7922
G1 X101.0435 Y466.7613
G1 X100.9089 Y466.7383
G1 X100.7731 Y466.7232
G1 X100.6367 Y466.7159
G1 X100.5001 Y466.7166
G1 X100.3638 Y466.7253
G0 Z-5.0000 F480


(No. 97: Hole 1)
G0 X85.3638 Y466.7253 Z-5.0000 F2100
G0 Z-0.5000 F480
G1 Z0.0000 F120
G1 Z4.0000
G1 X85.2282 Y466.7418 F600
G1 X85.0938 Y466.7662
G1 X84.9611 Y466.7984
G1 X84.8304 Y466.8383
G1 X84.7023 Y466.8856
G1 X84.5771 Y466.9404
G1 X84.4554 Y467.0023
G1 X84.3375 Y467.0712
G1 X84.2237 Y467.1469
G1 X84.1146 Y467.2290
G1 X84.0104 Y467.3173
G1 X83.9115 Y467.4116
G1 X83.8183 Y467.5114
G1 X83.7310 Y467.6165
G1 X83.6500 Y467.7265
G1 X83.5755 Y467.8410
G1 X83.5078 Y467.9596
G1 X83.4472 Y468.0820
G1 X83.3937 Y468.2077
G1 X83.3477 Y468.3363
G1 X83.3092 Y468.4674
G1 X83.2783 Y468.6004
G1 X83.2553 Y468.7351
G1 X83.2401 Y468.8708
G1 X83.2329 Y469.0072
G1 X83.2336 Y469.1438
G1 X83.2422 Y469.2801
G1 X83.2588 Y469.4157
G1 X83.2832 Y469.5501
G1 X83.3154 Y469.6829
G1 X83.3552 Y469.8135
G1 X83.4026 Y469.9417
G1 X83.4574 Y470.0668
G1 X83.5193 Y470.1885
G1 X83.5882 Y470.3065
G1 X83.6638 Y470.4202
G1 X83.7460 Y470.5294
G1 X83.8343 Y470.6336
G1 X83.9286 Y470.7324
G1 X84.0284 Y470.8257
G1 X84.1335 Y470.9129
G1 X84.2435 Y470.9939
G1 X84.3580 Y471.0684
G1 X84.4766 Y471.1361
G1 X84.5990 Y471.1968
G1 X84.7247 Y471.2502
G1 X84.8533 Y471.2963
G1 X84.9843 Y471.3348
G1 X85.1174 Y471.3656
G1 X85.2521 Y471.3886
G1 X85.3878 Y471.4038
G1 X85.5242 Y471.4110
G1 X85.6608 Y471.4103
G1 X85.7971 Y471.4017
G1 X85.9327 Y471.3851
G1 X86.0671 Y471.3607
G1 X86.1999 Y471.3286
G1 X86.3305 Y471.2887
G1 X86.4586 Y471.2413
G1 X86.5838 Y471.1866
G1 X86.7055 Y471.1247
G1 X86.8235 Y471.0557
G1 X86.9372 Y470.9801
G1 X87.0464 Y470.8980
G1 X87.1505 Y470.8096
G1 X87.2494 Y470.7154
G1 X87.3426 Y470.6156
G1 X87.4299 Y470.5105
G1 X87.5109 Y470.4005
G1 X87.5854 Y470.2860
G1 X87.6531 Y470.1673
G1 X87.7138 Y470.0449
G1 X87.7672 Y469.9192
G1 X87.8133 Y469.7907
G1 X87.8518 Y469.6596
G1 X87.8826 Y469.5265
G1 X87.9056 Y469.3919
G1 X87.9208 Y469.2561
G1 X87.9280 Y469.1197
G1 X87.9273 Y468.9831
G1 X87.9187 Y468.8468
G1 X87.9021 Y468.7112
G1 X87.8777 Y468.5768
G1 X87.8455 Y468.4441
G1 X87.8057 Y468.3134
G1 X87.7583 Y468.1853
G1 X87.7036 Y468.0602
G1 X87.6416 Y467.9384
G1 X87.5727 Y467.8205
G1 X87.4971 Y467.7067
G1 X87.4150 Y467.5976
G1 X87.3266 Y467.4934
G1 X87.2324 Y467.3945
G1 X87.1325 Y467.3013
G1 X87.0274 Y467.2140
G1 X86.9175 Y467.1330
G1 X86.8030 Y467.0586
G1 X86.6843 Y466.9909
G1 X86.5619 Y466.9302
G1 X86.4362 Y466.8767
G1 X86.3076 Y466.8307
G1 X86.1766 Y466.7922
G1 X86.0435 Y466.7613
G1 X85.9089 Y466.7383
G1 X85.7731 Y466.7232
G1 X85.6367 Y466.7159
G1 X85.5001 Y466.7166
G1 X85.3638 Y466.7253
G1 Z8.0000 F120
G1 X85.2282 Y466.7418 F600
G1 X85.0938 Y466.7662
G1 X84.9611 Y466.7984
G1 X84.8304 Y466.8383
G1 X84.7023 Y466.8856
G1 X84.5771 Y466.9404
G1 X84.4554 Y467.0023
G1 X84.3375 Y467.0712
G1 X84.2237 Y467.1469
G1 X84.1146 Y467.2290
G1 X84.0104 Y467.3173
G1 X83.9115 Y467.4116
G1 X83.8183 Y467.5114
G1 X83.7310 Y467.6165
G1 X83.6500 Y467.7265
G1 X83.5755 Y467.8410
G1 X83.5078 Y467.9596
G1 X83.4472 Y468.0820
G1 X83.3937 Y468.2077
G1 X83.3477 Y468.3363
G1 X83.3092 Y468.4674
G1 X83.2783 Y468.6004
G1 X83.2553 Y468.7351
G1 X83.2401 Y468.8708
G1 X83.2329 Y469.0072
G1 X83.2336 Y469.1438
G1 X83.2422 Y469.2801
G1 X83.2588 Y469.4157
G1 X83.2832 Y469.5501
G1 X83.3154 Y469.6829
G1 X83.3552 Y469.8135
G1 X83.4026 Y469.9417
G1 X83.4574 Y470.0668
G1 X83.5193 Y470.1885
G1 X83.5882 Y470.3065
G1 X83.6638 Y470.4202
G1 X83.7460 Y470.5294
G1 X83.8343 Y470.6336
G1 X83.9286 Y470.7324
G1 X84.0284 Y470.8257
G1 X84.1335 Y470.9129
G1 X84.2435 Y470.9939
G1 X84.3580 Y471.0684
G1 X84.4766 Y471.1361
G1 X84.5990 Y471.1968
G1 X84.7247 Y471.2502
G1 X84.8533 Y471.2963
G1 X84.9843 Y471.3348
G1 X85.1174 Y471.3656
G1 X85.2521 Y471.3886
G1 X85.3878 Y471.4038
G1 X85.5242 Y471.4110
G1 X85.6608 Y471.4103
G1 X85.7971 Y471.4017
G1 X85.9327 Y471.3851
G1 X86.0671 Y471.3607
G1 X86.1999 Y471.3286
G1 X86.3305 Y471.2887
G1 X86.4586 Y471.2413
G1 X86.5838 Y471.1866
G1 X86.7055 Y471.1247
G1 X86.8235 Y471.0557
G1 X86.9372 Y470.9801
G1 X87.0464 Y470.8980
G1 X87.1505 Y470.8096
G1 X87.2494 Y470.7154
G1 X87.3426 Y470.6156
G1 X87.4299 Y470.5105
G1 X87.5109 Y470.4005
G1 X87.5854 Y470.2860
G1 X87.6531 Y470.1673
G1 X87.7138 Y470.0449
G1 X87.7672 Y469.9192
G1 X87.8133 Y469.7907
G1 X87.8518 Y469.6596
G1 X87.8826 Y469.5265
G1 X87.9056 Y469.3919
G1 X87.9208 Y469.2561
G1 X87.9280 Y469.1197
G1 X87.9273 Y468.9831
G1 X87.9187 Y468.8468
G1 X87.9021 Y468.7112
G1 X87.8777 Y468.5768
G1 X87.8455 Y468.4441
G1 X87.8057 Y468.3134
G1 X87.7583 Y468.1853
G1 X87.7036 Y468.0602
G1 X87.6416 Y467.9384
G1 X87.5727 Y467.8205
G1 X87.4971 Y467.7067
G1 X87.4150 Y467.5976
G1 X87.3266 Y467.4934
G1 X87.2324 Y467.3945
G1 X87.1325 Y467.3013
G1 X87.0274 Y467.2140
G1 X86.9175 Y467.1330
G1 X86.8030 Y467.0586
G1 X86.6843 Y466.9909
G1 X86.5619 Y466.9302
G1 X86.4362 Y466.8767
G1 X86.3076 Y466.8307
G1 X86.1766 Y466.7922
G1 X86.0435 Y466.7613
G1 X85.9089 Y466.7383
G1 X85.7731 Y466.7232
G1 X85.6367 Y466.7159
G1 X85.5001 Y466.7166
G1 X85.3638 Y466.7253
G0 Z-5.0000 F480


(No. 98: Hole 1)
G0 X70.3638 Y466.7253 Z-5.0000 F2100
G0 Z-0.5000 F480
G1 Z0.0000 F120
G1 Z4.0000
G1 X70.2282 Y466.7418 F600
G1 X70.0938 Y466.7662
G1 X69.9611 Y466.7984
G1 X69.8304 Y466.8383
G1 X69.7023 Y466.8856
G1 X69.5771 Y466.9404
G1 X69.4554 Y467.0023
G1 X69.3375 Y467.0712
G1 X69.2237 Y467.1469
G1 X69.1146 Y467.2290
G1 X69.0104 Y467.3173
G1 X68.9115 Y467.4116
G1 X68.8183 Y467.5114
G1 X68.7310 Y467.6165
G1 X68.6500 Y467.7265
G1 X68.5755 Y467.8410
G1 X68.5078 Y467.9596
G1 X68.4472 Y468.0820
G1 X68.3937 Y468.2077
G1 X68.3477 Y468.3363
G1 X68.3092 Y468.4674
G1 X68.2783 Y468.6004
G1 X68.2553 Y468.7351
G1 X68.2401 Y468.8708
G1 X68.2329 Y469.0072
G1 X68.2336 Y469.1438
G1 X68.2422 Y469.2801
G1 X68.2588 Y469.4157
G1 X68.2832 Y469.5501
G1 X68.3154 Y469.6829
G1 X68.3552 Y469.8135
G1 X68.4026 Y469.9417
G1 X68.4574 Y470.0668
G1 X68.5193 Y470.1885
G1 X68.5882 Y470.3065
G1 X68.6638 Y470.4202
G1 X68.7460 Y470.5294
G1 X68.8343 Y470.6336
G1 X68.9286 Y470.7324
G1 X69.0284 Y470.8257
G1 X69.1335 Y470.9129
G1 X69.2435 Y470.9939
G1 X69.3580 Y471.0684
G1 X69.4766 Y471.1361
G1 X69.5990 Y471.1968
G1 X69.7247 Y471.2502
G1 X69.8533 Y471.2963
G1 X69.9843 Y471.3348
G1 X70.1174 Y471.3656
G1 X70.2521 Y471.3886
G1 X70.3878 Y471.4038
G1 X70.5242 Y471.4110
G1 X70.6608 Y471.4103
G1 X70.7971 Y471.4017
G1 X70.9327 Y471.3851
G1 X71.0671 Y471.3607
G1 X71.1999 Y471.3286
G1 X71.3305 Y471.2887
G1 X71.4586 Y471.2413
G1 X71.5838 Y471.1866
G1 X71.7055 Y471.1247
G1 X71.8235 Y471.0557
G1 X71.9372 Y470.9801
G1 X72.0464 Y470.8980
G1 X72.1505 Y470.8096
G1 X72.2494 Y470.7154
G1 X72.3426 Y470.6156
G1 X72.4299 Y470.5105
G1 X72.5109 Y470.4005
G1 X72.5854 Y470.2860
G1 X72.6531 Y470.1673
G1 X72.7138 Y470.0449
G1 X72.7672 Y469.9192
G1 X72.8133 Y469.7907
G1 X72.8518 Y469.6596
G1 X72.8826 Y469.5265
G1 X72.9056 Y469.3919
G1 X72.9208 Y469.2561
G1 X72.9280 Y469.1197
G1 X72.9273 Y468.9831
G1 X72.9187 Y468.8468
G1 X72.9021 Y468.7112
G1 X72.8777 Y468.5768
G1 X72.8455 Y468.4441
G1 X72.8057 Y468.3134
G1 X72.7583 Y468.1853
G1 X72.7036 Y468.0602
G1 X72.6416 Y467.9384
G1 X72.5727 Y467.8205
G1 X72.4971 Y467.7067
G1 X72.4150 Y467.5976
G1 X72.3266 Y467.4934
G1 X72.2324 Y467.3945
G1 X72.1325 Y467.3013
G1 X72.0274 Y467.2140
G1 X71.9175 Y467.1330
G1 X71.8030 Y467.0586
G1 X71.6843 Y466.9909
G1 X71.5619 Y466.9302
G1 X71.4362 Y466.8767
G1 X71.3076 Y466.8307
G1 X71.1766 Y466.7922
G1 X71.0435 Y466.7613
G1 X70.9089 Y466.7383
G1 X70.7731 Y466.7232
G1 X70.6367 Y466.7159
G1 X70.5001 Y466.7166
G1 X70.3638 Y466.7253
G1 Z8.0000 F120
G1 X70.2282 Y466.7418 F600
G1 X70.0938 Y466.7662
G1 X69.9611 Y466.7984
G1 X69.8304 Y466.8383
G1 X69.7023 Y466.8856
G1 X69.5771 Y466.9404
G1 X69.4554 Y467.0023
G1 X69.3375 Y467.0712
G1 X69.2237 Y467.1469
G1 X69.1146 Y467.2290
G1 X69.0104 Y467.3173
G1 X68.9115 Y467.4116
G1 X68.8183 Y467.5114
G1 X68.7310 Y467.6165
G1 X68.6500 Y467.7265
G1 X68.5755 Y467.8410
G1 X68.5078 Y467.9596
G1 X68.4472 Y468.0820
G1 X68.3937 Y468.2077
G1 X68.3477 Y468.3363
G1 X68.3092 Y468.4674
G1 X68.2783 Y468.6004
G1 X68.2553 Y468.7351
G1 X68.2401 Y468.8708
G1 X68.2329 Y469.0072
G1 X68.2336 Y469.1438
G1 X68.2422 Y469.2801
G1 X68.2588 Y469.4157
G1 X68.2832 Y469.5501
G1 X68.3154 Y469.6829
G1 X68.3552 Y469.8135
G1 X68.4026 Y469.9417
G1 X68.4574 Y470.0668
G1 X68.5193 Y470.1885
G1 X68.5882 Y470.3065
G1 X68.6638 Y470.4202
G1 X68.7460 Y470.5294
G1 X68.8343 Y470.6336
G1 X68.9286 Y470.7324
G1 X69.0284 Y470.8257
G1 X69.1335 Y470.9129
G1 X69.2435 Y470.9939
G1 X69.3580 Y471.0684
G1 X69.4766 Y471.1361
G1 X69.5990 Y471.1968
G1 X69.7247 Y471.2502
G1 X69.8533 Y471.2963
G1 X69.9843 Y471.3348
G1 X70.1174 Y471.3656
G1 X70.2521 Y471.3886
G1 X70.3878 Y471.4038
G1 X70.5242 Y471.4110
G1 X70.6608 Y471.4103
G1 X70.7971 Y471.4017
G1 X70.9327 Y471.3851
G1 X71.0671 Y471.3607
G1 X71.1999 Y471.3286
G1 X71.3305 Y471.2887
G1 X71.4586 Y471.2413
G1 X71.5838 Y471.1866
G1 X71.7055 Y471.1247
G1 X71.8235 Y471.0557
G1 X71.9372 Y470.9801
G1 X72.0464 Y470.8980
G1 X72.1505 Y470.8096
G1 X72.2494 Y470.7154
G1 X72.3426 Y470.6156
G1 X72.4299 Y470.5105
G1 X72.5109 Y470.4005
G1 X72.5854 Y470.2860
G1 X72.6531 Y470.1673
G1 X72.7138 Y470.0449
G1 X72.7672 Y469.9192
G1 X72.8133 Y469.7907
G1 X72.8518 Y469.6596
G1 X72.8826 Y469.5265
G1 X72.9056 Y469.3919
G1 X72.9208 Y469.2561
G1 X72.9280 Y469.1197
G1 X72.9273 Y468.9831
G1 X72.9187 Y468.8468
G1 X72.9021 Y468.7112
G1 X72.8777 Y468.5768
G1 X72.8455 Y468.4441
G1 X72.8057 Y468.3134
G1 X72.7583 Y468.1853
G1 X72.7036 Y468.0602
G1 X72.6416 Y467.9384
G1 X72.5727 Y467.8205
G1 X72.4971 Y467.7067
G1 X72.4150 Y467.5976
G1 X72.3266 Y467.4934
G1 X72.2324 Y467.3945
G1 X72.1325 Y467.3013
G1 X72.0274 Y467.2140
G1 X71.9175 Y467.1330
G1 X71.8030 Y467.0586
G1 X71.6843 Y466.9909
G1 X71.5619 Y466.9302
G1 X71.4362 Y466.8767
G1 X71.3076 Y466.8307
G1 X71.1766 Y466.7922
G1 X71.0435 Y466.7613
G1 X70.9089 Y466.7383
G1 X70.7731 Y466.7232
G1 X70.6367 Y466.7159
G1 X70.5001 Y466.7166
G1 X70.3638 Y466.7253
G0 Z-5.0000 F480


(No. 99: Hole 1)
G0 X55.3638 Y466.7253 Z-5.0000 F2100
G0 Z-0.5000 F480
G1 Z0.0000 F120
G1 Z4.0000
G1 X55.2282 Y466.7418 F600
G1 X55.0938 Y466.7662
G1 X54.9611 Y466.7984
G1 X54.8304 Y466.8383
G1 X54.7023 Y466.8856
G1 X54.5771 Y466.9404
G1 X54.4554 Y467.0023
G1 X54.3375 Y467.0712
G1 X54.2237 Y467.1469
G1 X54.1146 Y467.2290
G1 X54.0104 Y467.3173
G1 X53.9115 Y467.4116
G1 X53.8183 Y467.5114
G1 X53.7310 Y467.6165
G1 X53.6500 Y467.7265
G1 X53.5755 Y467.8410
G1 X53.5078 Y467.9596
G1 X53.4472 Y468.0820
G1 X53.3937 Y468.2077
G1 X53.3477 Y468.3363
G1 X53.3092 Y468.4674
G1 X53.2783 Y468.6004
G1 X53.2553 Y468.7351
G1 X53.2401 Y468.8708
G1 X53.2329 Y469.0072
G1 X53.2336 Y469.1438
G1 X53.2422 Y469.2801
G1 X53.2588 Y469.4157
G1 X53.2832 Y469.5501
G1 X53.3154 Y469.6829
G1 X53.3552 Y469.8135
G1 X53.4026 Y469.9417
G1 X53.4574 Y470.0668
G1 X53.5193 Y470.1885
G1 X53.5882 Y470.3065
G1 X53.6638 Y470.4202
G1 X53.7460 Y470.5294
G1 X53.8343 Y470.6336
G1 X53.9286 Y470.7324
G1 X54.0284 Y470.8257
G1 X54.1335 Y470.9129
G1 X54.2435 Y470.9939
G1 X54.3580 Y471.0684
G1 X54.4766 Y471.1361
G1 X54.5990 Y471.1968
G1 X54.7247 Y471.2502
G1 X54.8533 Y471.2963
G1 X54.9843 Y471.3348
G1 X55.1174 Y471.3656
G1 X55.2521 Y471.3886
G1 X55.3878 Y471.4038
G1 X55.5242 Y471.4110
G1 X55.6608 Y471.4103
G1 X55.7971 Y471.4017
G1 X55.9327 Y471.3851
G1 X56.0671 Y471.3607
G1 X56.1999 Y471.3286
G1 X56.3305 Y471.2887
G1 X56.4586 Y471.2413
G1 X56.5838 Y471.1866
G1 X56.7055 Y471.1247
G1 X56.8235 Y471.0557
G1 X56.9372 Y470.9801
G1 X57.0464 Y470.8980
G1 X57.1505 Y470.8096
G1 X57.2494 Y470.7154
G1 X57.3426 Y470.6156
G1 X57.4299 Y470.5105
G1 X57.5109 Y470.4005
G1 X57.5854 Y470.2860
G1 X57.6531 Y470.1673
G1 X57.7138 Y470.0449
G1 X57.7672 Y469.9192
G1 X57.8133 Y469.7907
G1 X57.8518 Y469.6596
G1 X57.8826 Y469.5265
G1 X57.9056 Y469.3919
G1 X57.9208 Y469.2561
G1 X57.9280 Y469.1197
G1 X57.9273 Y468.9831
G1 X57.9187 Y468.8468
G1 X57.9021 Y468.7112
G1 X57.8777 Y468.5768
G1 X57.8455 Y468.4441
G1 X57.8057 Y468.3134
G1 X57.7583 Y468.1853
G1 X57.7036 Y468.0602
G1 X57.6416 Y467.9384
G1 X57.5727 Y467.8205
G1 X57.4971 Y467.7067
G1 X57.4150 Y467.5976
G1 X57.3266 Y467.4934
G1 X57.2324 Y467.3945
G1 X57.1325 Y467.3013
G1 X57.0274 Y467.2140
G1 X56.9175 Y467.1330
G1 X56.8030 Y467.0586
G1 X56.6843 Y466.9909
G1 X56.5619 Y466.9302
G1 X56.4362 Y466.8767
G1 X56.3076 Y466.8307
G1 X56.1766 Y466.7922
G1 X56.0435 Y466.7613
G1 X55.9089 Y466.7383
G1 X55.7731 Y466.7232
G1 X55.6367 Y466.7159
G1 X55.5001 Y466.7166
G1 X55.3638 Y466.7253
G1 Z8.0000 F120
G1 X55.2282 Y466.7418 F600
G1 X55.0938 Y466.7662
G1 X54.9611 Y466.7984
G1 X54.8304 Y466.8383
G1 X54.7023 Y466.8856
G1 X54.5771 Y466.9404
G1 X54.4554 Y467.0023
G1 X54.3375 Y467.0712
G1 X54.2237 Y467.1469
G1 X54.1146 Y467.2290
G1 X54.0104 Y467.3173
G1 X53.9115 Y467.4116
G1 X53.8183 Y467.5114
G1 X53.7310 Y467.6165
G1 X53.6500 Y467.7265
G1 X53.5755 Y467.8410
G1 X53.5078 Y467.9596
G1 X53.4472 Y468.0820
G1 X53.3937 Y468.2077
G1 X53.3477 Y468.3363
G1 X53.3092 Y468.4674
G1 X53.2783 Y468.6004
G1 X53.2553 Y468.7351
G1 X53.2401 Y468.8708
G1 X53.2329 Y469.0072
G1 X53.2336 Y469.1438
G1 X53.2422 Y469.2801
G1 X53.2588 Y469.4157
G1 X53.2832 Y469.5501
G1 X53.3154 Y469.6829
G1 X53.3552 Y469.8135
G1 X53.4026 Y469.9417
G1 X53.4574 Y470.0668
G1 X53.5193 Y470.1885
G1 X53.5882 Y470.3065
G1 X53.6638 Y470.4202
G1 X53.7460 Y470.5294
G1 X53.8343 Y470.6336
G1 X53.9286 Y470.7324
G1 X54.0284 Y470.8257
G1 X54.1335 Y470.9129
G1 X54.2435 Y470.9939
G1 X54.3580 Y471.0684
G1 X54.4766 Y471.1361
G1 X54.5990 Y471.1968
G1 X54.7247 Y471.2502
G1 X54.8533 Y471.2963
G1 X54.9843 Y471.3348
G1 X55.1174 Y471.3656
G1 X55.2521 Y471.3886
G1 X55.3878 Y471.4038
G1 X55.5242 Y471.4110
G1 X55.6608 Y471.4103
G1 X55.7971 Y471.4017
G1 X55.9327 Y471.3851
G1 X56.0671 Y471.3607
G1 X56.1999 Y471.3286
G1 X56.3305 Y471.2887
G1 X56.4586 Y471.2413
G1 X56.5838 Y471.1866
G1 X56.7055 Y471.1247
G1 X56.8235 Y471.0557
G1 X56.9372 Y470.9801
G1 X57.0464 Y470.8980
G1 X57.1505 Y470.8096
G1 X57.2494 Y470.7154
G1 X57.3426 Y470.6156
G1 X57.4299 Y470.5105
G1 X57.5109 Y470.4005
G1 X57.5854 Y470.2860
G1 X57.6531 Y470.1673
G1 X57.7138 Y470.0449
G1 X57.7672 Y469.9192
G1 X57.8133 Y469.7907
G1 X57.8518 Y469.6596
G1 X57.8826 Y469.5265
G1 X57.9056 Y469.3919
G1 X57.9208 Y469.2561
G1 X57.9280 Y469.1197
G1 X57.9273 Y468.9831
G1 X57.9187 Y468.8468
G1 X57.9021 Y468.7112
G1 X57.8777 Y468.5768
G1 X57.8455 Y468.4441
G1 X57.8057 Y468.3134
G1 X57.7583 Y468.1853
G1 X57.7036 Y468.0602
G1 X57.6416 Y467.9384
G1 X57.5727 Y467.8205
G1 X57.4971 Y467.7067
G1 X57.4150 Y467.5976
G1 X57.3266 Y467.4934
G1 X57.2324 Y467.3945
G1 X57.1325 Y467.3013
G1 X57.0274 Y467.2140
G1 X56.9175 Y467.1330
G1 X56.8030 Y467.0586
G1 X56.6843 Y466.9909
G1 X56.5619 Y466.9302
G1 X56.4362 Y466.8767
G1 X56.3076 Y466.8307
G1 X56.1766 Y466.7922
G1 X56.0435 Y466.7613
G1 X55.9089 Y466.7383
G1 X55.7731 Y466.7232
G1 X55.6367 Y466.7159
G1 X55.5001 Y466.7166
G1 X55.3638 Y466.7253
G0 Z-5.0000 F480


(No. 100: Hole 1)
G0 X40.3638 Y466.7253 Z-5.0000 F2100
G0 Z-0.5000 F480
G1 Z0.0000 F120
G1 Z4.0000
G1 X40.2282 Y466.7418 F600
G1 X40.0938 Y466.7662
G1 X39.9611 Y466.7984
G1 X39.8304 Y466.8383
G1 X39.7023 Y466.8856
G1 X39.5771 Y466.9404
G1 X39.4554 Y467.0023
G1 X39.3375 Y467.0712
G1 X39.2237 Y467.1469
G1 X39.1146 Y467.2290
G1 X39.0104 Y467.3173
G1 X38.9115 Y467.4116
G1 X38.8183 Y467.5114
G1 X38.7310 Y467.6165
G1 X38.6500 Y467.7265
G1 X38.5755 Y467.8410
G1 X38.5078 Y467.9596
G1 X38.4472 Y468.0820
G1 X38.3937 Y468.2077
G1 X38.3477 Y468.3363
G1 X38.3092 Y468.4674
G1 X38.2783 Y468.6004
G1 X38.2553 Y468.7351
G1 X38.2401 Y468.8708
G1 X38.2329 Y469.0072
G1 X38.2336 Y469.1438
G1 X38.2422 Y469.2801
G1 X38.2588 Y469.4157
G1 X38.2832 Y469.5501
G1 X38.3154 Y469.6829
G1 X38.3552 Y469.8135
G1 X38.4026 Y469.9417
G1 X38.4574 Y470.0668
G1 X38.5193 Y470.1885
G1 X38.5882 Y470.3065
G1 X38.6638 Y470.4202
G1 X38.7460 Y470.5294
G1 X38.8343 Y470.6336
G1 X38.9286 Y470.7324
G1 X39.0284 Y470.8257
G1 X39.1335 Y470.9129
G1 X39.2435 Y470.9939
G1 X39.3580 Y471.0684
G1 X39.4766 Y471.1361
G1 X39.5990 Y471.1968
G1 X39.7247 Y471.2502
G1 X39.8533 Y471.2963
G1 X39.9843 Y471.3348
G1 X40.1174 Y471.3656
G1 X40.2521 Y471.3886
G1 X40.3878 Y471.4038
G1 X40.5242 Y471.4110
G1 X40.6608 Y471.4103
G1 X40.7971 Y471.4017
G1 X40.9327 Y471.3851
G1 X41.0671 Y471.3607
G1 X41.1999 Y471.3286
G1 X41.3305 Y471.2887
G1 X41.4586 Y471.2413
G1 X41.5838 Y471.1866
G1 X41.7055 Y471.1247
G1 X41.8235 Y471.0557
G1 X41.9372 Y470.9801
G1 X42.0464 Y470.8980
G1 X42.1505 Y470.8096
G1 X42.2494 Y470.7154
G1 X42.3426 Y470.6156
G1 X42.4299 Y470.5105
G1 X42.5109 Y470.4005
G1 X42.5854 Y470.2860
G1 X42.6531 Y470.1673
G1 X42.7138 Y470.0449
G1 X42.7672 Y469.9192
G1 X42.8133 Y469.7907
G1 X42.8518 Y469.6596
G1 X42.8826 Y469.5265
G1 X42.9056 Y469.3919
G1 X42.9208 Y469.2561
G1 X42.9280 Y469.1197
G1 X42.9273 Y468.9831
G1 X42.9187 Y468.8468
G1 X42.9021 Y468.7112
G1 X42.8777 Y468.5768
G1 X42.8455 Y468.4441
G1 X42.8057 Y468.3134
G1 X42.7583 Y468.1853
G1 X42.7036 Y468.0602
G1 X42.6416 Y467.9384
G1 X42.5727 Y467.8205
G1 X42.4971 Y467.7067
G1 X42.4150 Y467.5976
G1 X42.3266 Y467.4934
G1 X42.2324 Y467.3945
G1 X42.1325 Y467.3013
G1 X42.0274 Y467.2140
G1 X41.9175 Y467.1330
G1 X41.8030 Y467.0586
G1 X41.6843 Y466.9909
G1 X41.5619 Y466.9302
G1 X41.4362 Y466.8767
G1 X41.3076 Y466.8307
G1 X41.1766 Y466.7922
G1 X41.0435 Y466.7613
G1 X40.9089 Y466.7383
G1 X40.7731 Y466.7232
G1 X40.6367 Y466.7159
G1 X40.5001 Y466.7166
G1 X40.3638 Y466.7253
G1 Z8.0000 F120
G1 X40.2282 Y466.7418 F600
G1 X40.0938 Y466.7662
G1 X39.9611 Y466.7984
G1 X39.8304 Y466.8383
G1 X39.7023 Y466.8856
G1 X39.5771 Y466.9404
G1 X39.4554 Y467.0023
G1 X39.3375 Y467.0712
G1 X39.2237 Y467.1469
G1 X39.1146 Y467.2290
G1 X39.0104 Y467.3173
G1 X38.9115 Y467.4116
G1 X38.8183 Y467.5114
G1 X38.7310 Y467.6165
G1 X38.6500 Y467.7265
G1 X38.5755 Y467.8410
G1 X38.5078 Y467.9596
G1 X38.4472 Y468.0820
G1 X38.3937 Y468.2077
G1 X38.3477 Y468.3363
G1 X38.3092 Y468.4674
G1 X38.2783 Y468.6004
G1 X38.2553 Y468.7351
G1 X38.2401 Y468.8708
G1 X38.2329 Y469.0072
G1 X38.2336 Y469.1438
G1 X38.2422 Y469.2801
G1 X38.2588 Y469.4157
G1 X38.2832 Y469.5501
G1 X38.3154 Y469.6829
G1 X38.3552 Y469.8135
G1 X38.4026 Y469.9417
G1 X38.4574 Y470.0668
G1 X38.5193 Y470.1885
G1 X38.5882 Y470.3065
G1 X38.6638 Y470.4202
G1 X38.7460 Y470.5294
G1 X38.8343 Y470.6336
G1 X38.9286 Y470.7324
G1 X39.0284 Y470.8257
G1 X39.1335 Y470.9129
G1 X39.2435 Y470.9939
G1 X39.3580 Y471.0684
G1 X39.4766 Y471.1361
G1 X39.5990 Y471.1968
G1 X39.7247 Y471.2502
G1 X39.8533 Y471.2963
G1 X39.9843 Y471.3348
G1 X40.1174 Y471.3656
G1 X40.2521 Y471.3886
G1 X40.3878 Y471.4038
G1 X40.5242 Y471.4110
G1 X40.6608 Y471.4103
G1 X40.7971 Y471.4017
G1 X40.9327 Y471.3851
G1 X41.0671 Y471.3607
G1 X41.1999 Y471.3286
G1 X41.3305 Y471.2887
G1 X41.4586 Y471.2413
G1 X41.5838 Y471.1866
G1 X41.7055 Y471.1247
G1 X41.8235 Y471.0557
G1 X41.9372 Y470.9801
G1 X42.0464 Y470.8980
G1 X42.1505 Y470.8096
G1 X42.2494 Y470.7154
G1 X42.3426 Y470.6156
G1 X42.4299 Y470.5105
G1 X42.5109 Y470.4005
G1 X42.5854 Y470.2860
G1 X42.6531 Y470.1673
G1 X42.7138 Y470.0449
G1 X42.7672 Y469.9192
G1 X42.8133 Y469.7907
G1 X42.8518 Y469.6596
G1 X42.8826 Y469.5265
G1 X42.9056 Y469.3919
G1 X42.9208 Y469.2561
G1 X42.9280 Y469.1197
G1 X42.9273 Y468.9831
G1 X42.9187 Y468.8468
G1 X42.9021 Y468.7112
G1 X42.8777 Y468.5768
G1 X42.8455 Y468.4441
G1 X42.8057 Y468.3134
G1 X42.7583 Y468.1853
G1 X42.7036 Y468.0602
G1 X42.6416 Y467.9384
G1 X42.5727 Y467.8205
G1 X42.4971 Y467.7067
G1 X42.4150 Y467.5976
G1 X42.3266 Y467.4934
G1 X42.2324 Y467.3945
G1 X42.1325 Y467.3013
G1 X42.0274 Y467.2140
G1 X41.9175 Y467.1330
G1 X41.8030 Y467.0586
G1 X41.6843 Y466.9909
G1 X41.5619 Y466.9302
G1 X41.4362 Y466.8767
G1 X41.3076 Y466.8307
G1 X41.1766 Y466.7922
G1 X41.0435 Y466.7613
G1 X40.9089 Y466.7383
G1 X40.7731 Y466.7232
G1 X40.6367 Y466.7159
G1 X40.5001 Y466.7166
G1 X40.3638 Y466.7253
G0 Z-5.0000 F480


(No. 101: Hole 1)
G0 X40.3638 Y481.7253 Z-5.0000 F2100
G0 Z-0.5000 F480
G1 Z0.0000 F120
G1 Z4.0000
G1 X40.2282 Y481.7418 F600
G1 X40.0938 Y481.7662
G1 X39.9611 Y481.7984
G1 X39.8304 Y481.8383
G1 X39.7023 Y481.8856
G1 X39.5771 Y481.9404
G1 X39.4554 Y482.0023
G1 X39.3375 Y482.0712
G1 X39.2237 Y482.1469
G1 X39.1146 Y482.2290
G1 X39.0104 Y482.3173
G1 X38.9115 Y482.4116
G1 X38.8183 Y482.5114
G1 X38.7310 Y482.6165
G1 X38.6500 Y482.7265
G1 X38.5755 Y482.8410
G1 X38.5078 Y482.9596
G1 X38.4472 Y483.0820
G1 X38.3937 Y483.2077
G1 X38.3477 Y483.3363
G1 X38.3092 Y483.4674
G1 X38.2783 Y483.6004
G1 X38.2553 Y483.7351
G1 X38.2401 Y483.8708
G1 X38.2329 Y484.0072
G1 X38.2336 Y484.1438
G1 X38.2422 Y484.2801
G1 X38.2588 Y484.4157
G1 X38.2832 Y484.5501
G1 X38.3154 Y484.6829
G1 X38.3552 Y484.8135
G1 X38.4026 Y484.9417
G1 X38.4574 Y485.0668
G1 X38.5193 Y485.1885
G1 X38.5882 Y485.3065
G1 X38.6638 Y485.4202
G1 X38.7460 Y485.5294
G1 X38.8343 Y485.6336
G1 X38.9286 Y485.7324
G1 X39.0284 Y485.8257
G1 X39.1335 Y485.9129
G1 X39.2435 Y485.9939
G1 X39.3580 Y486.0684
G1 X39.4766 Y486.1361
G1 X39.5990 Y486.1968
G1 X39.7247 Y486.2502
G1 X39.8533 Y486.2963
G1 X39.9843 Y486.3348
G1 X40.1174 Y486.3656
G1 X40.2521 Y486.3886
G1 X40.3878 Y486.4038
G1 X40.5242 Y486.4110
G1 X40.6608 Y486.4103
G1 X40.7971 Y486.4017
G1 X40.9327 Y486.3851
G1 X41.0671 Y486.3607
G1 X41.1999 Y486.3286
G1 X41.3305 Y486.2887
G1 X41.4586 Y486.2413
G1 X41.5838 Y486.1866
G1 X41.7055 Y486.1247
G1 X41.8235 Y486.0557
G1 X41.9372 Y485.9801
G1 X42.0464 Y485.8980
G1 X42.1505 Y485.8096
G1 X42.2494 Y485.7154
G1 X42.3426 Y485.6156
G1 X42.4299 Y485.5105
G1 X42.5109 Y485.4005
G1 X42.5854 Y485.2860
G1 X42.6531 Y485.1673
G1 X42.7138 Y485.0449
G1 X42.7672 Y484.9192
G1 X42.8133 Y484.7907
G1 X42.8518 Y484.6596
G1 X42.8826 Y484.5265
G1 X42.9056 Y484.3919
G1 X42.9208 Y484.2561
G1 X42.9280 Y484.1197
G1 X42.9273 Y483.9831
G1 X42.9187 Y483.8468
G1 X42.9021 Y483.7112
G1 X42.8777 Y483.5768
G1 X42.8455 Y483.4441
G1 X42.8057 Y483.3134
G1 X42.7583 Y483.1853
G1 X42.7036 Y483.0602
G1 X42.6416 Y482.9384
G1 X42.5727 Y482.8205
G1 X42.4971 Y482.7067
G1 X42.4150 Y482.5976
G1 X42.3266 Y482.4934
G1 X42.2324 Y482.3945
G1 X42.1325 Y482.3013
G1 X42.0274 Y482.2140
G1 X41.9175 Y482.1330
G1 X41.8030 Y482.0586
G1 X41.6843 Y481.9909
G1 X41.5619 Y481.9302
G1 X41.4362 Y481.8767
G1 X41.3076 Y481.8307
G1 X41.1766 Y481.7922
G1 X41.0435 Y481.7613
G1 X40.9089 Y481.7383
G1 X40.7731 Y481.7232
G1 X40.6367 Y481.7159
G1 X40.5001 Y481.7166
G1 X40.3638 Y481.7253
G1 Z8.0000 F120
G1 X40.2282 Y481.7418 F600
G1 X40.0938 Y481.7662
G1 X39.9611 Y481.7984
G1 X39.8304 Y481.8383
G1 X39.7023 Y481.8856
G1 X39.5771 Y481.9404
G1 X39.4554 Y482.0023
G1 X39.3375 Y482.0712
G1 X39.2237 Y482.1469
G1 X39.1146 Y482.2290
G1 X39.0104 Y482.3173
G1 X38.9115 Y482.4116
G1 X38.8183 Y482.5114
G1 X38.7310 Y482.6165
G1 X38.6500 Y482.7265
G1 X38.5755 Y482.8410
G1 X38.5078 Y482.9596
G1 X38.4472 Y483.0820
G1 X38.3937 Y483.2077
G1 X38.3477 Y483.3363
G1 X38.3092 Y483.4674
G1 X38.2783 Y483.6004
G1 X38.2553 Y483.7351
G1 X38.2401 Y483.8708
G1 X38.2329 Y484.0072
G1 X38.2336 Y484.1438
G1 X38.2422 Y484.2801
G1 X38.2588 Y484.4157
G1 X38.2832 Y484.5501
G1 X38.3154 Y484.6829
G1 X38.3552 Y484.8135
G1 X38.4026 Y484.9417
G1 X38.4574 Y485.0668
G1 X38.5193 Y485.1885
G1 X38.5882 Y485.3065
G1 X38.6638 Y485.4202
G1 X38.7460 Y485.5294
G1 X38.8343 Y485.6336
G1 X38.9286 Y485.7324
G1 X39.0284 Y485.8257
G1 X39.1335 Y485.9129
G1 X39.2435 Y485.9939
G1 X39.3580 Y486.0684
G1 X39.4766 Y486.1361
G1 X39.5990 Y486.1968
G1 X39.7247 Y486.2502
G1 X39.8533 Y486.2963
G1 X39.9843 Y486.3348
G1 X40.1174 Y486.3656
G1 X40.2521 Y486.3886
G1 X40.3878 Y486.4038
G1 X40.5242 Y486.4110
G1 X40.6608 Y486.4103
G1 X40.7971 Y486.4017
G1 X40.9327 Y486.3851
G1 X41.0671 Y486.3607
G1 X41.1999 Y486.3286
G1 X41.3305 Y486.2887
G1 X41.4586 Y486.2413
G1 X41.5838 Y486.1866
G1 X41.7055 Y486.1247
G1 X41.8235 Y486.0557
G1 X41.9372 Y485.9801
G1 X42.0464 Y485.8980
G1 X42.1505 Y485.8096
G1 X42.2494 Y485.7154
G1 X42.3426 Y485.6156
G1 X42.4299 Y485.5105
G1 X42.5109 Y485.4005
G1 X42.5854 Y485.2860
G1 X42.6531 Y485.1673
G1 X42.7138 Y485.0449
G1 X42.7672 Y484.9192
G1 X42.8133 Y484.7907
G1 X42.8518 Y484.6596
G1 X42.8826 Y484.5265
G1 X42.9056 Y484.3919
G1 X42.9208 Y484.2561
G1 X42.9280 Y484.1197
G1 X42.9273 Y483.9831
G1 X42.9187 Y483.8468
G1 X42.9021 Y483.7112
G1 X42.8777 Y483.5768
G1 X42.8455 Y483.4441
G1 X42.8057 Y483.3134
G1 X42.7583 Y483.1853
G1 X42.7036 Y483.0602
G1 X42.6416 Y482.9384
G1 X42.5727 Y482.8205
G1 X42.4971 Y482.7067
G1 X42.4150 Y482.5976
G1 X42.3266 Y482.4934
G1 X42.2324 Y482.3945
G1 X42.1325 Y482.3013
G1 X42.0274 Y482.2140
G1 X41.9175 Y482.1330
G1 X41.8030 Y482.0586
G1 X41.6843 Y481.9909
G1 X41.5619 Y481.9302
G1 X41.4362 Y481.8767
G1 X41.3076 Y481.8307
G1 X41.1766 Y481.7922
G1 X41.0435 Y481.7613
G1 X40.9089 Y481.7383
G1 X40.7731 Y481.7232
G1 X40.6367 Y481.7159
G1 X40.5001 Y481.7166
G1 X40.3638 Y481.7253
G0 Z-5.0000 F480


(No. 102: Hole 1)
G0 X40.3638 Y496.7253 Z-5.0000 F2100
G0 Z-0.5000 F480
G1 Z0.0000 F120
G1 Z4.0000
G1 X40.2282 Y496.7418 F600
G1 X40.0938 Y496.7662
G1 X39.9611 Y496.7984
G1 X39.8304 Y496.8383
G1 X39.7023 Y496.8856
G1 X39.5771 Y496.9404
G1 X39.4554 Y497.0023
G1 X39.3375 Y497.0712
G1 X39.2237 Y497.1469
G1 X39.1146 Y497.2290
G1 X39.0104 Y497.3173
G1 X38.9115 Y497.4116
G1 X38.8183 Y497.5114
G1 X38.7310 Y497.6165
G1 X38.6500 Y497.7265
G1 X38.5755 Y497.8410
G1 X38.5078 Y497.9596
G1 X38.4472 Y498.0820
G1 X38.3937 Y498.2077
G1 X38.3477 Y498.3363
G1 X38.3092 Y498.4674
G1 X38.2783 Y498.6004
G1 X38.2553 Y498.7351
G1 X38.2401 Y498.8708
G1 X38.2329 Y499.0072
G1 X38.2336 Y499.1438
G1 X38.2422 Y499.2801
G1 X38.2588 Y499.4157
G1 X38.2832 Y499.5501
G1 X38.3154 Y499.6829
G1 X38.3552 Y499.8135
G1 X38.4026 Y499.9417
G1 X38.4574 Y500.0668
G1 X38.5193 Y500.1885
G1 X38.5882 Y500.3065
G1 X38.6638 Y500.4202
G1 X38.7460 Y500.5294
G1 X38.8343 Y500.6336
G1 X38.9286 Y500.7324
G1 X39.0284 Y500.8257
G1 X39.1335 Y500.9129
G1 X39.2435 Y500.9939
G1 X39.3580 Y501.0684
G1 X39.4766 Y501.1361
G1 X39.5990 Y501.1968
G1 X39.7247 Y501.2502
G1 X39.8533 Y501.2963
G1 X39.9843 Y501.3348
G1 X40.1174 Y501.3656
G1 X40.2521 Y501.3886
G1 X40.3878 Y501.4038
G1 X40.5242 Y501.4110
G1 X40.6608 Y501.4103
G1 X40.7971 Y501.4017
G1 X40.9327 Y501.3851
G1 X41.0671 Y501.3607
G1 X41.1999 Y501.3286
G1 X41.3305 Y501.2887
G1 X41.4586 Y501.2413
G1 X41.5838 Y501.1866
G1 X41.7055 Y501.1247
G1 X41.8235 Y501.0557
G1 X41.9372 Y500.9801
G1 X42.0464 Y500.8980
G1 X42.1505 Y500.8096
G1 X42.2494 Y500.7154
G1 X42.3426 Y500.6156
G1 X42.4299 Y500.5105
G1 X42.5109 Y500.4005
G1 X42.5854 Y500.2860
G1 X42.6531 Y500.1673
G1 X42.7138 Y500.0449
G1 X42.7672 Y499.9192
G1 X42.8133 Y499.7907
G1 X42.8518 Y499.6596
G1 X42.8826 Y499.5265
G1 X42.9056 Y499.3919
G1 X42.9208 Y499.2561
G1 X42.9280 Y499.1197
G1 X42.9273 Y498.9831
G1 X42.9187 Y498.8468
G1 X42.9021 Y498.7112
G1 X42.8777 Y498.5768
G1 X42.8455 Y498.4441
G1 X42.8057 Y498.3134
G1 X42.7583 Y498.1853
G1 X42.7036 Y498.0602
G1 X42.6416 Y497.9384
G1 X42.5727 Y497.8205
G1 X42.4971 Y497.7067
G1 X42.4150 Y497.5976
G1 X42.3266 Y497.4934
G1 X42.2324 Y497.3945
G1 X42.1325 Y497.3013
G1 X42.0274 Y497.2140
G1 X41.9175 Y497.1330
G1 X41.8030 Y497.0586
G1 X41.6843 Y496.9909
G1 X41.5619 Y496.9302
G1 X41.4362 Y496.8767
G1 X41.3076 Y496.8307
G1 X41.1766 Y496.7922
G1 X41.0435 Y496.7613
G1 X40.9089 Y496.7383
G1 X40.7731 Y496.7232
G1 X40.6367 Y496.7159
G1 X40.5001 Y496.7166
G1 X40.3638 Y496.7253
G1 Z8.0000 F120
G1 X40.2282 Y496.7418 F600
G1 X40.0938 Y496.7662
G1 X39.9611 Y496.7984
G1 X39.8304 Y496.8383
G1 X39.7023 Y496.8856
G1 X39.5771 Y496.9404
G1 X39.4554 Y497.0023
G1 X39.3375 Y497.0712
G1 X39.2237 Y497.1469
G1 X39.1146 Y497.2290
G1 X39.0104 Y497.3173
G1 X38.9115 Y497.4116
G1 X38.8183 Y497.5114
G1 X38.7310 Y497.6165
G1 X38.6500 Y497.7265
G1 X38.5755 Y497.8410
G1 X38.5078 Y497.9596
G1 X38.4472 Y498.0820
G1 X38.3937 Y498.2077
G1 X38.3477 Y498.3363
G1 X38.3092 Y498.4674
G1 X38.2783 Y498.6004
G1 X38.2553 Y498.7351
G1 X38.2401 Y498.8708
G1 X38.2329 Y499.0072
G1 X38.2336 Y499.1438
G1 X38.2422 Y499.2801
G1 X38.2588 Y499.4157
G1 X38.2832 Y499.5501
G1 X38.3154 Y499.6829
G1 X38.3552 Y499.8135
G1 X38.4026 Y499.9417
G1 X38.4574 Y500.0668
G1 X38.5193 Y500.1885
G1 X38.5882 Y500.3065
G1 X38.6638 Y500.4202
G1 X38.7460 Y500.5294
G1 X38.8343 Y500.6336
G1 X38.9286 Y500.7324
G1 X39.0284 Y500.8257
G1 X39.1335 Y500.9129
G1 X39.2435 Y500.9939
G1 X39.3580 Y501.0684
G1 X39.4766 Y501.1361
G1 X39.5990 Y501.1968
G1 X39.7247 Y501.2502
G1 X39.8533 Y501.2963
G1 X39.9843 Y501.3348
G1 X40.1174 Y501.3656
G1 X40.2521 Y501.3886
G1 X40.3878 Y501.4038
G1 X40.5242 Y501.4110
G1 X40.6608 Y501.4103
G1 X40.7971 Y501.4017
G1 X40.9327 Y501.3851
G1 X41.0671 Y501.3607
G1 X41.1999 Y501.3286
G1 X41.3305 Y501.2887
G1 X41.4586 Y501.2413
G1 X41.5838 Y501.1866
G1 X41.7055 Y501.1247
G1 X41.8235 Y501.0557
G1 X41.9372 Y500.9801
G1 X42.0464 Y500.8980
G1 X42.1505 Y500.8096
G1 X42.2494 Y500.7154
G1 X42.3426 Y500.6156
G1 X42.4299 Y500.5105
G1 X42.5109 Y500.4005
G1 X42.5854 Y500.2860
G1 X42.6531 Y500.1673
G1 X42.7138 Y500.0449
G1 X42.7672 Y499.9192
G1 X42.8133 Y499.7907
G1 X42.8518 Y499.6596
G1 X42.8826 Y499.5265
G1 X42.9056 Y499.3919
G1 X42.9208 Y499.2561
G1 X42.9280 Y499.1197
G1 X42.9273 Y498.9831
G1 X42.9187 Y498.8468
G1 X42.9021 Y498.7112
G1 X42.8777 Y498.5768
G1 X42.8455 Y498.4441
G1 X42.8057 Y498.3134
G1 X42.7583 Y498.1853
G1 X42.7036 Y498.0602
G1 X42.6416 Y497.9384
G1 X42.5727 Y497.8205
G1 X42.4971 Y497.7067
G1 X42.4150 Y497.5976
G1 X42.3266 Y497.4934
G1 X42.2324 Y497.3945
G1 X42.1325 Y497.3013
G1 X42.0274 Y497.2140
G1 X41.9175 Y497.1330
G1 X41.8030 Y497.0586
G1 X41.6843 Y496.9909
G1 X41.5619 Y496.9302
G1 X41.4362 Y496.8767
G1 X41.3076 Y496.8307
G1 X41.1766 Y496.7922
G1 X41.0435 Y496.7613
G1 X40.9089 Y496.7383
G1 X40.7731 Y496.7232
G1 X40.6367 Y496.7159
G1 X40.5001 Y496.7166
G1 X40.3638 Y496.7253
G0 Z-5.0000 F480


(No. 103: Hole 1)
G0 X55.3638 Y496.7253 Z-5.0000 F2100
G0 Z-0.5000 F480
G1 Z0.0000 F120
G1 Z4.0000
G1 X55.2282 Y496.7418 F600
G1 X55.0938 Y496.7662
G1 X54.9611 Y496.7984
G1 X54.8304 Y496.8383
G1 X54.7023 Y496.8856
G1 X54.5771 Y496.9404
G1 X54.4554 Y497.0023
G1 X54.3375 Y497.0712
G1 X54.2237 Y497.1469
G1 X54.1146 Y497.2290
G1 X54.0104 Y497.3173
G1 X53.9115 Y497.4116
G1 X53.8183 Y497.5114
G1 X53.7310 Y497.6165
G1 X53.6500 Y497.7265
G1 X53.5755 Y497.8410
G1 X53.5078 Y497.9596
G1 X53.4472 Y498.0820
G1 X53.3937 Y498.2077
G1 X53.3477 Y498.3363
G1 X53.3092 Y498.4674
G1 X53.2783 Y498.6004
G1 X53.2553 Y498.7351
G1 X53.2401 Y498.8708
G1 X53.2329 Y499.0072
G1 X53.2336 Y499.1438
G1 X53.2422 Y499.2801
G1 X53.2588 Y499.4157
G1 X53.2832 Y499.5501
G1 X53.3154 Y499.6829
G1 X53.3552 Y499.8135
G1 X53.4026 Y499.9417
G1 X53.4574 Y500.0668
G1 X53.5193 Y500.1885
G1 X53.5882 Y500.3065
G1 X53.6638 Y500.4202
G1 X53.7460 Y500.5294
G1 X53.8343 Y500.6336
G1 X53.9286 Y500.7324
G1 X54.0284 Y500.8257
G1 X54.1335 Y500.9129
G1 X54.2435 Y500.9939
G1 X54.3580 Y501.0684
G1 X54.4766 Y501.1361
G1 X54.5990 Y501.1968
G1 X54.7247 Y501.2502
G1 X54.8533 Y501.2963
G1 X54.9843 Y501.3348
G1 X55.1174 Y501.3656
G1 X55.2521 Y501.3886
G1 X55.3878 Y501.4038
G1 X55.5242 Y501.4110
G1 X55.6608 Y501.4103
G1 X55.7971 Y501.4017
G1 X55.9327 Y501.3851
G1 X56.0671 Y501.3607
G1 X56.1999 Y501.3286
G1 X56.3305 Y501.2887
G1 X56.4586 Y501.2413
G1 X56.5838 Y501.1866
G1 X56.7055 Y501.1247
G1 X56.8235 Y501.0557
G1 X56.9372 Y500.9801
G1 X57.0464 Y500.8980
G1 X57.1505 Y500.8096
G1 X57.2494 Y500.7154
G1 X57.3426 Y500.6156
G1 X57.4299 Y500.5105
G1 X57.5109 Y500.4005
G1 X57.5854 Y500.2860
G1 X57.6531 Y500.1673
G1 X57.7138 Y500.0449
G1 X57.7672 Y499.9192
G1 X57.8133 Y499.7907
G1 X57.8518 Y499.6596
G1 X57.8826 Y499.5265
G1 X57.9056 Y499.3919
G1 X57.9208 Y499.2561
G1 X57.9280 Y499.1197
G1 X57.9273 Y498.9831
G1 X57.9187 Y498.8468
G1 X57.9021 Y498.7112
G1 X57.8777 Y498.5768
G1 X57.8455 Y498.4441
G1 X57.8057 Y498.3134
G1 X57.7583 Y498.1853
G1 X57.7036 Y498.0602
G1 X57.6416 Y497.9384
G1 X57.5727 Y497.8205
G1 X57.4971 Y497.7067
G1 X57.4150 Y497.5976
G1 X57.3266 Y497.4934
G1 X57.2324 Y497.3945
G1 X57.1325 Y497.3013
G1 X57.0274 Y497.2140
G1 X56.9175 Y497.1330
G1 X56.8030 Y497.0586
G1 X56.6843 Y496.9909
G1 X56.5619 Y496.9302
G1 X56.4362 Y496.8767
G1 X56.3076 Y496.8307
G1 X56.1766 Y496.7922
G1 X56.0435 Y496.7613
G1 X55.9089 Y496.7383
G1 X55.7731 Y496.7232
G1 X55.6367 Y496.7159
G1 X55.5001 Y496.7166
G1 X55.3638 Y496.7253
G1 Z8.0000 F120
G1 X55.2282 Y496.7418 F600
G1 X55.0938 Y496.7662
G1 X54.9611 Y496.7984
G1 X54.8304 Y496.8383
G1 X54.7023 Y496.8856
G1 X54.5771 Y496.9404
G1 X54.4554 Y497.0023
G1 X54.3375 Y497.0712
G1 X54.2237 Y497.1469
G1 X54.1146 Y497.2290
G1 X54.0104 Y497.3173
G1 X53.9115 Y497.4116
G1 X53.8183 Y497.5114
G1 X53.7310 Y497.6165
G1 X53.6500 Y497.7265
G1 X53.5755 Y497.8410
G1 X53.5078 Y497.9596
G1 X53.4472 Y498.0820
G1 X53.3937 Y498.2077
G1 X53.3477 Y498.3363
G1 X53.3092 Y498.4674
G1 X53.2783 Y498.6004
G1 X53.2553 Y498.7351
G1 X53.2401 Y498.8708
G1 X53.2329 Y499.0072
G1 X53.2336 Y499.1438
G1 X53.2422 Y499.2801
G1 X53.2588 Y499.4157
G1 X53.2832 Y499.5501
G1 X53.3154 Y499.6829
G1 X53.3552 Y499.8135
G1 X53.4026 Y499.9417
G1 X53.4574 Y500.0668
G1 X53.5193 Y500.1885
G1 X53.5882 Y500.3065
G1 X53.6638 Y500.4202
G1 X53.7460 Y500.5294
G1 X53.8343 Y500.6336
G1 X53.9286 Y500.7324
G1 X54.0284 Y500.8257
G1 X54.1335 Y500.9129
G1 X54.2435 Y500.9939
G1 X54.3580 Y501.0684
G1 X54.4766 Y501.1361
G1 X54.5990 Y501.1968
G1 X54.7247 Y501.2502
G1 X54.8533 Y501.2963
G1 X54.9843 Y501.3348
G1 X55.1174 Y501.3656
G1 X55.2521 Y501.3886
G1 X55.3878 Y501.4038
G1 X55.5242 Y501.4110
G1 X55.6608 Y501.4103
G1 X55.7971 Y501.4017
G1 X55.9327 Y501.3851
G1 X56.0671 Y501.3607
G1 X56.1999 Y501.3286
G1 X56.3305 Y501.2887
G1 X56.4586 Y501.2413
G1 X56.5838 Y501.1866
G1 X56.7055 Y501.1247
G1 X56.8235 Y501.0557
G1 X56.9372 Y500.9801
G1 X57.0464 Y500.8980
G1 X57.1505 Y500.8096
G1 X57.2494 Y500.7154
G1 X57.3426 Y500.6156
G1 X57.4299 Y500.5105
G1 X57.5109 Y500.4005
G1 X57.5854 Y500.2860
G1 X57.6531 Y500.1673
G1 X57.7138 Y500.0449
G1 X57.7672 Y499.9192
G1 X57.8133 Y499.7907
G1 X57.8518 Y499.6596
G1 X57.8826 Y499.5265
G1 X57.9056 Y499.3919
G1 X57.9208 Y499.2561
G1 X57.9280 Y499.1197
G1 X57.9273 Y498.9831
G1 X57.9187 Y498.8468
G1 X57.9021 Y498.7112
G1 X57.8777 Y498.5768
G1 X57.8455 Y498.4441
G1 X57.8057 Y498.3134
G1 X57.7583 Y498.1853
G1 X57.7036 Y498.0602
G1 X57.6416 Y497.9384
G1 X57.5727 Y497.8205
G1 X57.4971 Y497.7067
G1 X57.4150 Y497.5976
G1 X57.3266 Y497.4934
G1 X57.2324 Y497.3945
G1 X57.1325 Y497.3013
G1 X57.0274 Y497.2140
G1 X56.9175 Y497.1330
G1 X56.8030 Y497.0586
G1 X56.6843 Y496.9909
G1 X56.5619 Y496.9302
G1 X56.4362 Y496.8767
G1 X56.3076 Y496.8307
G1 X56.1766 Y496.7922
G1 X56.0435 Y496.7613
G1 X55.9089 Y496.7383
G1 X55.7731 Y496.7232
G1 X55.6367 Y496.7159
G1 X55.5001 Y496.7166
G1 X55.3638 Y496.7253
G0 Z-5.0000 F480


(No. 104: Hole 1)
G0 X55.3638 Y481.7253 Z-5.0000 F2100
G0 Z-0.5000 F480
G1 Z0.0000 F120
G1 Z4.0000
G1 X55.2282 Y481.7418 F600
G1 X55.0938 Y481.7662
G1 X54.9611 Y481.7984
G1 X54.8304 Y481.8383
G1 X54.7023 Y481.8856
G1 X54.5771 Y481.9404
G1 X54.4554 Y482.0023
G1 X54.3375 Y482.0712
G1 X54.2237 Y482.1469
G1 X54.1146 Y482.2290
G1 X54.0104 Y482.3173
G1 X53.9115 Y482.4116
G1 X53.8183 Y482.5114
G1 X53.7310 Y482.6165
G1 X53.6500 Y482.7265
G1 X53.5755 Y482.8410
G1 X53.5078 Y482.9596
G1 X53.4472 Y483.0820
G1 X53.3937 Y483.2077
G1 X53.3477 Y483.3363
G1 X53.3092 Y483.4674
G1 X53.2783 Y483.6004
G1 X53.2553 Y483.7351
G1 X53.2401 Y483.8708
G1 X53.2329 Y484.0072
G1 X53.2336 Y484.1438
G1 X53.2422 Y484.2801
G1 X53.2588 Y484.4157
G1 X53.2832 Y484.5501
G1 X53.3154 Y484.6829
G1 X53.3552 Y484.8135
G1 X53.4026 Y484.9417
G1 X53.4574 Y485.0668
G1 X53.5193 Y485.1885
G1 X53.5882 Y485.3065
G1 X53.6638 Y485.4202
G1 X53.7460 Y485.5294
G1 X53.8343 Y485.6336
G1 X53.9286 Y485.7324
G1 X54.0284 Y485.8257
G1 X54.1335 Y485.9129
G1 X54.2435 Y485.9939
G1 X54.3580 Y486.0684
G1 X54.4766 Y486.1361
G1 X54.5990 Y486.1968
G1 X54.7247 Y486.2502
G1 X54.8533 Y486.2963
G1 X54.9843 Y486.3348
G1 X55.1174 Y486.3656
G1 X55.2521 Y486.3886
G1 X55.3878 Y486.4038
G1 X55.5242 Y486.4110
G1 X55.6608 Y486.4103
G1 X55.7971 Y486.4017
G1 X55.9327 Y486.3851
G1 X56.0671 Y486.3607
G1 X56.1999 Y486.3286
G1 X56.3305 Y486.2887
G1 X56.4586 Y486.2413
G1 X56.5838 Y486.1866
G1 X56.7055 Y486.1247
G1 X56.8235 Y486.0557
G1 X56.9372 Y485.9801
G1 X57.0464 Y485.8980
G1 X57.1505 Y485.8096
G1 X57.2494 Y485.7154
G1 X57.3426 Y485.6156
G1 X57.4299 Y485.5105
G1 X57.5109 Y485.4005
G1 X57.5854 Y485.2860
G1 X57.6531 Y485.1673
G1 X57.7138 Y485.0449
G1 X57.7672 Y484.9192
G1 X57.8133 Y484.7907
G1 X57.8518 Y484.6596
G1 X57.8826 Y484.5265
G1 X57.9056 Y484.3919
G1 X57.9208 Y484.2561
G1 X57.9280 Y484.1197
G1 X57.9273 Y483.9831
G1 X57.9187 Y483.8468
G1 X57.9021 Y483.7112
G1 X57.8777 Y483.5768
G1 X57.8455 Y483.4441
G1 X57.8057 Y483.3134
G1 X57.7583 Y483.1853
G1 X57.7036 Y483.0602
G1 X57.6416 Y482.9384
G1 X57.5727 Y482.8205
G1 X57.4971 Y482.7067
G1 X57.4150 Y482.5976
G1 X57.3266 Y482.4934
G1 X57.2324 Y482.3945
G1 X57.1325 Y482.3013
G1 X57.0274 Y482.2140
G1 X56.9175 Y482.1330
G1 X56.8030 Y482.0586
G1 X56.6843 Y481.9909
G1 X56.5619 Y481.9302
G1 X56.4362 Y481.8767
G1 X56.3076 Y481.8307
G1 X56.1766 Y481.7922
G1 X56.0435 Y481.7613
G1 X55.9089 Y481.7383
G1 X55.7731 Y481.7232
G1 X55.6367 Y481.7159
G1 X55.5001 Y481.7166
G1 X55.3638 Y481.7253
G1 Z8.0000 F120
G1 X55.2282 Y481.7418 F600
G1 X55.0938 Y481.7662
G1 X54.9611 Y481.7984
G1 X54.8304 Y481.8383
G1 X54.7023 Y481.8856
G1 X54.5771 Y481.9404
G1 X54.4554 Y482.0023
G1 X54.3375 Y482.0712
G1 X54.2237 Y482.1469
G1 X54.1146 Y482.2290
G1 X54.0104 Y482.3173
G1 X53.9115 Y482.4116
G1 X53.8183 Y482.5114
G1 X53.7310 Y482.6165
G1 X53.6500 Y482.7265
G1 X53.5755 Y482.8410
G1 X53.5078 Y482.9596
G1 X53.4472 Y483.0820
G1 X53.3937 Y483.2077
G1 X53.3477 Y483.3363
G1 X53.3092 Y483.4674
G1 X53.2783 Y483.6004
G1 X53.2553 Y483.7351
G1 X53.2401 Y483.8708
G1 X53.2329 Y484.0072
G1 X53.2336 Y484.1438
G1 X53.2422 Y484.2801
G1 X53.2588 Y484.4157
G1 X53.2832 Y484.5501
G1 X53.3154 Y484.6829
G1 X53.3552 Y484.8135
G1 X53.4026 Y484.9417
G1 X53.4574 Y485.0668
G1 X53.5193 Y485.1885
G1 X53.5882 Y485.3065
G1 X53.6638 Y485.4202
G1 X53.7460 Y485.5294
G1 X53.8343 Y485.6336
G1 X53.9286 Y485.7324
G1 X54.0284 Y485.8257
G1 X54.1335 Y485.9129
G1 X54.2435 Y485.9939
G1 X54.3580 Y486.0684
G1 X54.4766 Y486.1361
G1 X54.5990 Y486.1968
G1 X54.7247 Y486.2502
G1 X54.8533 Y486.2963
G1 X54.9843 Y486.3348
G1 X55.1174 Y486.3656
G1 X55.2521 Y486.3886
G1 X55.3878 Y486.4038
G1 X55.5242 Y486.4110
G1 X55.6608 Y486.4103
G1 X55.7971 Y486.4017
G1 X55.9327 Y486.3851
G1 X56.0671 Y486.3607
G1 X56.1999 Y486.3286
G1 X56.3305 Y486.2887
G1 X56.4586 Y486.2413
G1 X56.5838 Y486.1866
G1 X56.7055 Y486.1247
G1 X56.8235 Y486.0557
G1 X56.9372 Y485.9801
G1 X57.0464 Y485.8980
G1 X57.1505 Y485.8096
G1 X57.2494 Y485.7154
G1 X57.3426 Y485.6156
G1 X57.4299 Y485.5105
G1 X57.5109 Y485.4005
G1 X57.5854 Y485.2860
G1 X57.6531 Y485.1673
G1 X57.7138 Y485.0449
G1 X57.7672 Y484.9192
G1 X57.8133 Y484.7907
G1 X57.8518 Y484.6596
G1 X57.8826 Y484.5265
G1 X57.9056 Y484.3919
G1 X57.9208 Y484.2561
G1 X57.9280 Y484.1197
G1 X57.9273 Y483.9831
G1 X57.9187 Y483.8468
G1 X57.9021 Y483.7112
G1 X57.8777 Y483.5768
G1 X57.8455 Y483.4441
G1 X57.8057 Y483.3134
G1 X57.7583 Y483.1853
G1 X57.7036 Y483.0602
G1 X57.6416 Y482.9384
G1 X57.5727 Y482.8205
G1 X57.4971 Y482.7067
G1 X57.4150 Y482.5976
G1 X57.3266 Y482.4934
G1 X57.2324 Y482.3945
G1 X57.1325 Y482.3013
G1 X57.0274 Y482.2140
G1 X56.9175 Y482.1330
G1 X56.8030 Y482.0586
G1 X56.6843 Y481.9909
G1 X56.5619 Y481.9302
G1 X56.4362 Y481.8767
G1 X56.3076 Y481.8307
G1 X56.1766 Y481.7922
G1 X56.0435 Y481.7613
G1 X55.9089 Y481.7383
G1 X55.7731 Y481.7232
G1 X55.6367 Y481.7159
G1 X55.5001 Y481.7166
G1 X55.3638 Y481.7253
G0 Z-5.0000 F480


(No. 105: Hole 1)
G0 X70.3638 Y481.7253 Z-5.0000 F2100
G0 Z-0.5000 F480
G1 Z0.0000 F120
G1 Z4.0000
G1 X70.2282 Y481.7418 F600
G1 X70.0938 Y481.7662
G1 X69.9611 Y481.7984
G1 X69.8304 Y481.8383
G1 X69.7023 Y481.8856
G1 X69.5771 Y481.9404
G1 X69.4554 Y482.0023
G1 X69.3375 Y482.0712
G1 X69.2237 Y482.1469
G1 X69.1146 Y482.2290
G1 X69.0104 Y482.3173
G1 X68.9115 Y482.4116
G1 X68.8183 Y482.5114
G1 X68.7310 Y482.6165
G1 X68.6500 Y482.7265
G1 X68.5755 Y482.8410
G1 X68.5078 Y482.9596
G1 X68.4472 Y483.0820
G1 X68.3937 Y483.2077
G1 X68.3477 Y483.3363
G1 X68.3092 Y483.4674
G1 X68.2783 Y483.6004
G1 X68.2553 Y483.7351
G1 X68.2401 Y483.8708
G1 X68.2329 Y484.0072
G1 X68.2336 Y484.1438
G1 X68.2422 Y484.2801
G1 X68.2588 Y484.4157
G1 X68.2832 Y484.5501
G1 X68.3154 Y484.6829
G1 X68.3552 Y484.8135
G1 X68.4026 Y484.9417
G1 X68.4574 Y485.0668
G1 X68.5193 Y485.1885
G1 X68.5882 Y485.3065
G1 X68.6638 Y485.4202
G1 X68.7460 Y485.5294
G1 X68.8343 Y485.6336
G1 X68.9286 Y485.7324
G1 X69.0284 Y485.8257
G1 X69.1335 Y485.9129
G1 X69.2435 Y485.9939
G1 X69.3580 Y486.0684
G1 X69.4766 Y486.1361
G1 X69.5990 Y486.1968
G1 X69.7247 Y486.2502
G1 X69.8533 Y486.2963
G1 X69.9843 Y486.3348
G1 X70.1174 Y486.3656
G1 X70.2521 Y486.3886
G1 X70.3878 Y486.4038
G1 X70.5242 Y486.4110
G1 X70.6608 Y486.4103
G1 X70.7971 Y486.4017
G1 X70.9327 Y486.3851
G1 X71.0671 Y486.3607
G1 X71.1999 Y486.3286
G1 X71.3305 Y486.2887
G1 X71.4586 Y486.2413
G1 X71.5838 Y486.1866
G1 X71.7055 Y486.1247
G1 X71.8235 Y486.0557
G1 X71.9372 Y485.9801
G1 X72.0464 Y485.8980
G1 X72.1505 Y485.8096
G1 X72.2494 Y485.7154
G1 X72.3426 Y485.6156
G1 X72.4299 Y485.5105
G1 X72.5109 Y485.4005
G1 X72.5854 Y485.2860
G1 X72.6531 Y485.1673
G1 X72.7138 Y485.0449
G1 X72.7672 Y484.9192
G1 X72.8133 Y484.7907
G1 X72.8518 Y484.6596
G1 X72.8826 Y484.5265
G1 X72.9056 Y484.3919
G1 X72.9208 Y484.2561
G1 X72.9280 Y484.1197
G1 X72.9273 Y483.9831
G1 X72.9187 Y483.8468
G1 X72.9021 Y483.7112
G1 X72.8777 Y483.5768
G1 X72.8455 Y483.4441
G1 X72.8057 Y483.3134
G1 X72.7583 Y483.1853
G1 X72.7036 Y483.0602
G1 X72.6416 Y482.9384
G1 X72.5727 Y482.8205
G1 X72.4971 Y482.7067
G1 X72.4150 Y482.5976
G1 X72.3266 Y482.4934
G1 X72.2324 Y482.3945
G1 X72.1325 Y482.3013
G1 X72.0274 Y482.2140
G1 X71.9175 Y482.1330
G1 X71.8030 Y482.0586
G1 X71.6843 Y481.9909
G1 X71.5619 Y481.9302
G1 X71.4362 Y481.8767
G1 X71.3076 Y481.8307
G1 X71.1766 Y481.7922
G1 X71.0435 Y481.7613
G1 X70.9089 Y481.7383
G1 X70.7731 Y481.7232
G1 X70.6367 Y481.7159
G1 X70.5001 Y481.7166
G1 X70.3638 Y481.7253
G1 Z8.0000 F120
G1 X70.2282 Y481.7418 F600
G1 X70.0938 Y481.7662
G1 X69.9611 Y481.7984
G1 X69.8304 Y481.8383
G1 X69.7023 Y481.8856
G1 X69.5771 Y481.9404
G1 X69.4554 Y482.0023
G1 X69.3375 Y482.0712
G1 X69.2237 Y482.1469
G1 X69.1146 Y482.2290
G1 X69.0104 Y482.3173
G1 X68.9115 Y482.4116
G1 X68.8183 Y482.5114
G1 X68.7310 Y482.6165
G1 X68.6500 Y482.7265
G1 X68.5755 Y482.8410
G1 X68.5078 Y482.9596
G1 X68.4472 Y483.0820
G1 X68.3937 Y483.2077
G1 X68.3477 Y483.3363
G1 X68.3092 Y483.4674
G1 X68.2783 Y483.6004
G1 X68.2553 Y483.7351
G1 X68.2401 Y483.8708
G1 X68.2329 Y484.0072
G1 X68.2336 Y484.1438
G1 X68.2422 Y484.2801
G1 X68.2588 Y484.4157
G1 X68.2832 Y484.5501
G1 X68.3154 Y484.6829
G1 X68.3552 Y484.8135
G1 X68.4026 Y484.9417
G1 X68.4574 Y485.0668
G1 X68.5193 Y485.1885
G1 X68.5882 Y485.3065
G1 X68.6638 Y485.4202
G1 X68.7460 Y485.5294
G1 X68.8343 Y485.6336
G1 X68.9286 Y485.7324
G1 X69.0284 Y485.8257
G1 X69.1335 Y485.9129
G1 X69.2435 Y485.9939
G1 X69.3580 Y486.0684
G1 X69.4766 Y486.1361
G1 X69.5990 Y486.1968
G1 X69.7247 Y486.2502
G1 X69.8533 Y486.2963
G1 X69.9843 Y486.3348
G1 X70.1174 Y486.3656
G1 X70.2521 Y486.3886
G1 X70.3878 Y486.4038
G1 X70.5242 Y486.4110
G1 X70.6608 Y486.4103
G1 X70.7971 Y486.4017
G1 X70.9327 Y486.3851
G1 X71.0671 Y486.3607
G1 X71.1999 Y486.3286
G1 X71.3305 Y486.2887
G1 X71.4586 Y486.2413
G1 X71.5838 Y486.1866
G1 X71.7055 Y486.1247
G1 X71.8235 Y486.0557
G1 X71.9372 Y485.9801
G1 X72.0464 Y485.8980
G1 X72.1505 Y485.8096
G1 X72.2494 Y485.7154
G1 X72.3426 Y485.6156
G1 X72.4299 Y485.5105
G1 X72.5109 Y485.4005
G1 X72.5854 Y485.2860
G1 X72.6531 Y485.1673
G1 X72.7138 Y485.0449
G1 X72.7672 Y484.9192
G1 X72.8133 Y484.7907
G1 X72.8518 Y484.6596
G1 X72.8826 Y484.5265
G1 X72.9056 Y484.3919
G1 X72.9208 Y484.2561
G1 X72.9280 Y484.1197
G1 X72.9273 Y483.9831
G1 X72.9187 Y483.8468
G1 X72.9021 Y483.7112
G1 X72.8777 Y483.5768
G1 X72.8455 Y483.4441
G1 X72.8057 Y483.3134
G1 X72.7583 Y483.1853
G1 X72.7036 Y483.0602
G1 X72.6416 Y482.9384
G1 X72.5727 Y482.8205
G1 X72.4971 Y482.7067
G1 X72.4150 Y482.5976
G1 X72.3266 Y482.4934
G1 X72.2324 Y482.3945
G1 X72.1325 Y482.3013
G1 X72.0274 Y482.2140
G1 X71.9175 Y482.1330
G1 X71.8030 Y482.0586
G1 X71.6843 Y481.9909
G1 X71.5619 Y481.9302
G1 X71.4362 Y481.8767
G1 X71.3076 Y481.8307
G1 X71.1766 Y481.7922
G1 X71.0435 Y481.7613
G1 X70.9089 Y481.7383
G1 X70.7731 Y481.7232
G1 X70.6367 Y481.7159
G1 X70.5001 Y481.7166
G1 X70.3638 Y481.7253
G0 Z-5.0000 F480


(No. 106: Hole 1)
G0 X70.3638 Y496.7253 Z-5.0000 F2100
G0 Z-0.5000 F480
G1 Z0.0000 F120
G1 Z4.0000
G1 X70.2282 Y496.7418 F600
G1 X70.0938 Y496.7662
G1 X69.9611 Y496.7984
G1 X69.8304 Y496.8383
G1 X69.7023 Y496.8856
G1 X69.5771 Y496.9404
G1 X69.4554 Y497.0023
G1 X69.3375 Y497.0712
G1 X69.2237 Y497.1469
G1 X69.1146 Y497.2290
G1 X69.0104 Y497.3173
G1 X68.9115 Y497.4116
G1 X68.8183 Y497.5114
G1 X68.7310 Y497.6165
G1 X68.6500 Y497.7265
G1 X68.5755 Y497.8410
G1 X68.5078 Y497.9596
G1 X68.4472 Y498.0820
G1 X68.3937 Y498.2077
G1 X68.3477 Y498.3363
G1 X68.3092 Y498.4674
G1 X68.2783 Y498.6004
G1 X68.2553 Y498.7351
G1 X68.2401 Y498.8708
G1 X68.2329 Y499.0072
G1 X68.2336 Y499.1438
G1 X68.2422 Y499.2801
G1 X68.2588 Y499.4157
G1 X68.2832 Y499.5501
G1 X68.3154 Y499.6829
G1 X68.3552 Y499.8135
G1 X68.4026 Y499.9417
G1 X68.4574 Y500.0668
G1 X68.5193 Y500.1885
G1 X68.5882 Y500.3065
G1 X68.6638 Y500.4202
G1 X68.7460 Y500.5294
G1 X68.8343 Y500.6336
G1 X68.9286 Y500.7324
G1 X69.0284 Y500.8257
G1 X69.1335 Y500.9129
G1 X69.2435 Y500.9939
G1 X69.3580 Y501.0684
G1 X69.4766 Y501.1361
G1 X69.5990 Y501.1968
G1 X69.7247 Y501.2502
G1 X69.8533 Y501.2963
G1 X69.9843 Y501.3348
G1 X70.1174 Y501.3656
G1 X70.2521 Y501.3886
G1 X70.3878 Y501.4038
G1 X70.5242 Y501.4110
G1 X70.6608 Y501.4103
G1 X70.7971 Y501.4017
G1 X70.9327 Y501.3851
G1 X71.0671 Y501.3607
G1 X71.1999 Y501.3286
G1 X71.3305 Y501.2887
G1 X71.4586 Y501.2413
G1 X71.5838 Y501.1866
G1 X71.7055 Y501.1247
G1 X71.8235 Y501.0557
G1 X71.9372 Y500.9801
G1 X72.0464 Y500.8980
G1 X72.1505 Y500.8096
G1 X72.2494 Y500.7154
G1 X72.3426 Y500.6156
G1 X72.4299 Y500.5105
G1 X72.5109 Y500.4005
G1 X72.5854 Y500.2860
G1 X72.6531 Y500.1673
G1 X72.7138 Y500.0449
G1 X72.7672 Y499.9192
G1 X72.8133 Y499.7907
G1 X72.8518 Y499.6596
G1 X72.8826 Y499.5265
G1 X72.9056 Y499.3919
G1 X72.9208 Y499.2561
G1 X72.9280 Y499.1197
G1 X72.9273 Y498.9831
G1 X72.9187 Y498.8468
G1 X72.9021 Y498.7112
G1 X72.8777 Y498.5768
G1 X72.8455 Y498.4441
G1 X72.8057 Y498.3134
G1 X72.7583 Y498.1853
G1 X72.7036 Y498.0602
G1 X72.6416 Y497.9384
G1 X72.5727 Y497.8205
G1 X72.4971 Y497.7067
G1 X72.4150 Y497.5976
G1 X72.3266 Y497.4934
G1 X72.2324 Y497.3945
G1 X72.1325 Y497.3013
G1 X72.0274 Y497.2140
G1 X71.9175 Y497.1330
G1 X71.8030 Y497.0586
G1 X71.6843 Y496.9909
G1 X71.5619 Y496.9302
G1 X71.4362 Y496.8767
G1 X71.3076 Y496.8307
G1 X71.1766 Y496.7922
G1 X71.0435 Y496.7613
G1 X70.9089 Y496.7383
G1 X70.7731 Y496.7232
G1 X70.6367 Y496.7159
G1 X70.5001 Y496.7166
G1 X70.3638 Y496.7253
G1 Z8.0000 F120
G1 X70.2282 Y496.7418 F600
G1 X70.0938 Y496.7662
G1 X69.9611 Y496.7984
G1 X69.8304 Y496.8383
G1 X69.7023 Y496.8856
G1 X69.5771 Y496.9404
G1 X69.4554 Y497.0023
G1 X69.3375 Y497.0712
G1 X69.2237 Y497.1469
G1 X69.1146 Y497.2290
G1 X69.0104 Y497.3173
G1 X68.9115 Y497.4116
G1 X68.8183 Y497.5114
G1 X68.7310 Y497.6165
G1 X68.6500 Y497.7265
G1 X68.5755 Y497.8410
G1 X68.5078 Y497.9596
G1 X68.4472 Y498.0820
G1 X68.3937 Y498.2077
G1 X68.3477 Y498.3363
G1 X68.3092 Y498.4674
G1 X68.2783 Y498.6004
G1 X68.2553 Y498.7351
G1 X68.2401 Y498.8708
G1 X68.2329 Y499.0072
G1 X68.2336 Y499.1438
G1 X68.2422 Y499.2801
G1 X68.2588 Y499.4157
G1 X68.2832 Y499.5501
G1 X68.3154 Y499.6829
G1 X68.3552 Y499.8135
G1 X68.4026 Y499.9417
G1 X68.4574 Y500.0668
G1 X68.5193 Y500.1885
G1 X68.5882 Y500.3065
G1 X68.6638 Y500.4202
G1 X68.7460 Y500.5294
G1 X68.8343 Y500.6336
G1 X68.9286 Y500.7324
G1 X69.0284 Y500.8257
G1 X69.1335 Y500.9129
G1 X69.2435 Y500.9939
G1 X69.3580 Y501.0684
G1 X69.4766 Y501.1361
G1 X69.5990 Y501.1968
G1 X69.7247 Y501.2502
G1 X69.8533 Y501.2963
G1 X69.9843 Y501.3348
G1 X70.1174 Y501.3656
G1 X70.2521 Y501.3886
G1 X70.3878 Y501.4038
G1 X70.5242 Y501.4110
G1 X70.6608 Y501.4103
G1 X70.7971 Y501.4017
G1 X70.9327 Y501.3851
G1 X71.0671 Y501.3607
G1 X71.1999 Y501.3286
G1 X71.3305 Y501.2887
G1 X71.4586 Y501.2413
G1 X71.5838 Y501.1866
G1 X71.7055 Y501.1247
G1 X71.8235 Y501.0557
G1 X71.9372 Y500.9801
G1 X72.0464 Y500.8980
G1 X72.1505 Y500.8096
G1 X72.2494 Y500.7154
G1 X72.3426 Y500.6156
G1 X72.4299 Y500.5105
G1 X72.5109 Y500.4005
G1 X72.5854 Y500.2860
G1 X72.6531 Y500.1673
G1 X72.7138 Y500.0449
G1 X72.7672 Y499.9192
G1 X72.8133 Y499.7907
G1 X72.8518 Y499.6596
G1 X72.8826 Y499.5265
G1 X72.9056 Y499.3919
G1 X72.9208 Y499.2561
G1 X72.9280 Y499.1197
G1 X72.9273 Y498.9831
G1 X72.9187 Y498.8468
G1 X72.9021 Y498.7112
G1 X72.8777 Y498.5768
G1 X72.8455 Y498.4441
G1 X72.8057 Y498.3134
G1 X72.7583 Y498.1853
G1 X72.7036 Y498.0602
G1 X72.6416 Y497.9384
G1 X72.5727 Y497.8205
G1 X72.4971 Y497.7067
G1 X72.4150 Y497.5976
G1 X72.3266 Y497.4934
G1 X72.2324 Y497.3945
G1 X72.1325 Y497.3013
G1 X72.0274 Y497.2140
G1 X71.9175 Y497.1330
G1 X71.8030 Y497.0586
G1 X71.6843 Y496.9909
G1 X71.5619 Y496.9302
G1 X71.4362 Y496.8767
G1 X71.3076 Y496.8307
G1 X71.1766 Y496.7922
G1 X71.0435 Y496.7613
G1 X70.9089 Y496.7383
G1 X70.7731 Y496.7232
G1 X70.6367 Y496.7159
G1 X70.5001 Y496.7166
G1 X70.3638 Y496.7253
G0 Z-5.0000 F480


(No. 107: Hole 1)
G0 X85.3638 Y496.7253 Z-5.0000 F2100
G0 Z-0.5000 F480
G1 Z0.0000 F120
G1 Z4.0000
G1 X85.2282 Y496.7418 F600
G1 X85.0938 Y496.7662
G1 X84.9611 Y496.7984
G1 X84.8304 Y496.8383
G1 X84.7023 Y496.8856
G1 X84.5771 Y496.9404
G1 X84.4554 Y497.0023
G1 X84.3375 Y497.0712
G1 X84.2237 Y497.1469
G1 X84.1146 Y497.2290
G1 X84.0104 Y497.3173
G1 X83.9115 Y497.4116
G1 X83.8183 Y497.5114
G1 X83.7310 Y497.6165
G1 X83.6500 Y497.7265
G1 X83.5755 Y497.8410
G1 X83.5078 Y497.9596
G1 X83.4472 Y498.0820
G1 X83.3937 Y498.2077
G1 X83.3477 Y498.3363
G1 X83.3092 Y498.4674
G1 X83.2783 Y498.6004
G1 X83.2553 Y498.7351
G1 X83.2401 Y498.8708
G1 X83.2329 Y499.0072
G1 X83.2336 Y499.1438
G1 X83.2422 Y499.2801
G1 X83.2588 Y499.4157
G1 X83.2832 Y499.5501
G1 X83.3154 Y499.6829
G1 X83.3552 Y499.8135
G1 X83.4026 Y499.9417
G1 X83.4574 Y500.0668
G1 X83.5193 Y500.1885
G1 X83.5882 Y500.3065
G1 X83.6638 Y500.4202
G1 X83.7460 Y500.5294
G1 X83.8343 Y500.6336
G1 X83.9286 Y500.7324
G1 X84.0284 Y500.8257
G1 X84.1335 Y500.9129
G1 X84.2435 Y500.9939
G1 X84.3580 Y501.0684
G1 X84.4766 Y501.1361
G1 X84.5990 Y501.1968
G1 X84.7247 Y501.2502
G1 X84.8533 Y501.2963
G1 X84.9843 Y501.3348
G1 X85.1174 Y501.3656
G1 X85.2521 Y501.3886
G1 X85.3878 Y501.4038
G1 X85.5242 Y501.4110
G1 X85.6608 Y501.4103
G1 X85.7971 Y501.4017
G1 X85.9327 Y501.3851
G1 X86.0671 Y501.3607
G1 X86.1999 Y501.3286
G1 X86.3305 Y501.2887
G1 X86.4586 Y501.2413
G1 X86.5838 Y501.1866
G1 X86.7055 Y501.1247
G1 X86.8235 Y501.0557
G1 X86.9372 Y500.9801
G1 X87.0464 Y500.8980
G1 X87.1505 Y500.8096
G1 X87.2494 Y500.7154
G1 X87.3426 Y500.6156
G1 X87.4299 Y500.5105
G1 X87.5109 Y500.4005
G1 X87.5854 Y500.2860
G1 X87.6531 Y500.1673
G1 X87.7138 Y500.0449
G1 X87.7672 Y499.9192
G1 X87.8133 Y499.7907
G1 X87.8518 Y499.6596
G1 X87.8826 Y499.5265
G1 X87.9056 Y499.3919
G1 X87.9208 Y499.2561
G1 X87.9280 Y499.1197
G1 X87.9273 Y498.9831
G1 X87.9187 Y498.8468
G1 X87.9021 Y498.7112
G1 X87.8777 Y498.5768
G1 X87.8455 Y498.4441
G1 X87.8057 Y498.3134
G1 X87.7583 Y498.1853
G1 X87.7036 Y498.0602
G1 X87.6416 Y497.9384
G1 X87.5727 Y497.8205
G1 X87.4971 Y497.7067
G1 X87.4150 Y497.5976
G1 X87.3266 Y497.4934
G1 X87.2324 Y497.3945
G1 X87.1325 Y497.3013
G1 X87.0274 Y497.2140
G1 X86.9175 Y497.1330
G1 X86.8030 Y497.0586
G1 X86.6843 Y496.9909
G1 X86.5619 Y496.9302
G1 X86.4362 Y496.8767
G1 X86.3076 Y496.8307
G1 X86.1766 Y496.7922
G1 X86.0435 Y496.7613
G1 X85.9089 Y496.7383
G1 X85.7731 Y496.7232
G1 X85.6367 Y496.7159
G1 X85.5001 Y496.7166
G1 X85.3638 Y496.7253
G1 Z8.0000 F120
G1 X85.2282 Y496.7418 F600
G1 X85.0938 Y496.7662
G1 X84.9611 Y496.7984
G1 X84.8304 Y496.8383
G1 X84.7023 Y496.8856
G1 X84.5771 Y496.9404
G1 X84.4554 Y497.0023
G1 X84.3375 Y497.0712
G1 X84.2237 Y497.1469
G1 X84.1146 Y497.2290
G1 X84.0104 Y497.3173
G1 X83.9115 Y497.4116
G1 X83.8183 Y497.5114
G1 X83.7310 Y497.6165
G1 X83.6500 Y497.7265
G1 X83.5755 Y497.8410
G1 X83.5078 Y497.9596
G1 X83.4472 Y498.0820
G1 X83.3937 Y498.2077
G1 X83.3477 Y498.3363
G1 X83.3092 Y498.4674
G1 X83.2783 Y498.6004
G1 X83.2553 Y498.7351
G1 X83.2401 Y498.8708
G1 X83.2329 Y499.0072
G1 X83.2336 Y499.1438
G1 X83.2422 Y499.2801
G1 X83.2588 Y499.4157
G1 X83.2832 Y499.5501
G1 X83.3154 Y499.6829
G1 X83.3552 Y499.8135
G1 X83.4026 Y499.9417
G1 X83.4574 Y500.0668
G1 X83.5193 Y500.1885
G1 X83.5882 Y500.3065
G1 X83.6638 Y500.4202
G1 X83.7460 Y500.5294
G1 X83.8343 Y500.6336
G1 X83.9286 Y500.7324
G1 X84.0284 Y500.8257
G1 X84.1335 Y500.9129
G1 X84.2435 Y500.9939
G1 X84.3580 Y501.0684
G1 X84.4766 Y501.1361
G1 X84.5990 Y501.1968
G1 X84.7247 Y501.2502
G1 X84.8533 Y501.2963
G1 X84.9843 Y501.3348
G1 X85.1174 Y501.3656
G1 X85.2521 Y501.3886
G1 X85.3878 Y501.4038
G1 X85.5242 Y501.4110
G1 X85.6608 Y501.4103
G1 X85.7971 Y501.4017
G1 X85.9327 Y501.3851
G1 X86.0671 Y501.3607
G1 X86.1999 Y501.3286
G1 X86.3305 Y501.2887
G1 X86.4586 Y501.2413
G1 X86.5838 Y501.1866
G1 X86.7055 Y501.1247
G1 X86.8235 Y501.0557
G1 X86.9372 Y500.9801
G1 X87.0464 Y500.8980
G1 X87.1505 Y500.8096
G1 X87.2494 Y500.7154
G1 X87.3426 Y500.6156
G1 X87.4299 Y500.5105
G1 X87.5109 Y500.4005
G1 X87.5854 Y500.2860
G1 X87.6531 Y500.1673
G1 X87.7138 Y500.0449
G1 X87.7672 Y499.9192
G1 X87.8133 Y499.7907
G1 X87.8518 Y499.6596
G1 X87.8826 Y499.5265
G1 X87.9056 Y499.3919
G1 X87.9208 Y499.2561
G1 X87.9280 Y499.1197
G1 X87.9273 Y498.9831
G1 X87.9187 Y498.8468
G1 X87.9021 Y498.7112
G1 X87.8777 Y498.5768
G1 X87.8455 Y498.4441
G1 X87.8057 Y498.3134
G1 X87.7583 Y498.1853
G1 X87.7036 Y498.0602
G1 X87.6416 Y497.9384
G1 X87.5727 Y497.8205
G1 X87.4971 Y497.7067
G1 X87.4150 Y497.5976
G1 X87.3266 Y497.4934
G1 X87.2324 Y497.3945
G1 X87.1325 Y497.3013
G1 X87.0274 Y497.2140
G1 X86.9175 Y497.1330
G1 X86.8030 Y497.0586
G1 X86.6843 Y496.9909
G1 X86.5619 Y496.9302
G1 X86.4362 Y496.8767
G1 X86.3076 Y496.8307
G1 X86.1766 Y496.7922
G1 X86.0435 Y496.7613
G1 X85.9089 Y496.7383
G1 X85.7731 Y496.7232
G1 X85.6367 Y496.7159
G1 X85.5001 Y496.7166
G1 X85.3638 Y496.7253
G0 Z-5.0000 F480


(No. 108: Hole 1)
G0 X85.3638 Y481.7253 Z-5.0000 F2100
G0 Z-0.5000 F480
G1 Z0.0000 F120
G1 Z4.0000
G1 X85.2282 Y481.7418 F600
G1 X85.0938 Y481.7662
G1 X84.9611 Y481.7984
G1 X84.8304 Y481.8383
G1 X84.7023 Y481.8856
G1 X84.5771 Y481.9404
G1 X84.4554 Y482.0023
G1 X84.3375 Y482.0712
G1 X84.2237 Y482.1469
G1 X84.1146 Y482.2290
G1 X84.0104 Y482.3173
G1 X83.9115 Y482.4116
G1 X83.8183 Y482.5114
G1 X83.7310 Y482.6165
G1 X83.6500 Y482.7265
G1 X83.5755 Y482.8410
G1 X83.5078 Y482.9596
G1 X83.4472 Y483.0820
G1 X83.3937 Y483.2077
G1 X83.3477 Y483.3363
G1 X83.3092 Y483.4674
G1 X83.2783 Y483.6004
G1 X83.2553 Y483.7351
G1 X83.2401 Y483.8708
G1 X83.2329 Y484.0072
G1 X83.2336 Y484.1438
G1 X83.2422 Y484.2801
G1 X83.2588 Y484.4157
G1 X83.2832 Y484.5501
G1 X83.3154 Y484.6829
G1 X83.3552 Y484.8135
G1 X83.4026 Y484.9417
G1 X83.4574 Y485.0668
G1 X83.5193 Y485.1885
G1 X83.5882 Y485.3065
G1 X83.6638 Y485.4202
G1 X83.7460 Y485.5294
G1 X83.8343 Y485.6336
G1 X83.9286 Y485.7324
G1 X84.0284 Y485.8257
G1 X84.1335 Y485.9129
G1 X84.2435 Y485.9939
G1 X84.3580 Y486.0684
G1 X84.4766 Y486.1361
G1 X84.5990 Y486.1968
G1 X84.7247 Y486.2502
G1 X84.8533 Y486.2963
G1 X84.9843 Y486.3348
G1 X85.1174 Y486.3656
G1 X85.2521 Y486.3886
G1 X85.3878 Y486.4038
G1 X85.5242 Y486.4110
G1 X85.6608 Y486.4103
G1 X85.7971 Y486.4017
G1 X85.9327 Y486.3851
G1 X86.0671 Y486.3607
G1 X86.1999 Y486.3286
G1 X86.3305 Y486.2887
G1 X86.4586 Y486.2413
G1 X86.5838 Y486.1866
G1 X86.7055 Y486.1247
G1 X86.8235 Y486.0557
G1 X86.9372 Y485.9801
G1 X87.0464 Y485.8980
G1 X87.1505 Y485.8096
G1 X87.2494 Y485.7154
G1 X87.3426 Y485.6156
G1 X87.4299 Y485.5105
G1 X87.5109 Y485.4005
G1 X87.5854 Y485.2860
G1 X87.6531 Y485.1673
G1 X87.7138 Y485.0449
G1 X87.7672 Y484.9192
G1 X87.8133 Y484.7907
G1 X87.8518 Y484.6596
G1 X87.8826 Y484.5265
G1 X87.9056 Y484.3919
G1 X87.9208 Y484.2561
G1 X87.9280 Y484.1197
G1 X87.9273 Y483.9831
G1 X87.9187 Y483.8468
G1 X87.9021 Y483.7112
G1 X87.8777 Y483.5768
G1 X87.8455 Y483.4441
G1 X87.8057 Y483.3134
G1 X87.7583 Y483.1853
G1 X87.7036 Y483.0602
G1 X87.6416 Y482.9384
G1 X87.5727 Y482.8205
G1 X87.4971 Y482.7067
G1 X87.4150 Y482.5976
G1 X87.3266 Y482.4934
G1 X87.2324 Y482.3945
G1 X87.1325 Y482.3013
G1 X87.0274 Y482.2140
G1 X86.9175 Y482.1330
G1 X86.8030 Y482.0586
G1 X86.6843 Y481.9909
G1 X86.5619 Y481.9302
G1 X86.4362 Y481.8767
G1 X86.3076 Y481.8307
G1 X86.1766 Y481.7922
G1 X86.0435 Y481.7613
G1 X85.9089 Y481.7383
G1 X85.7731 Y481.7232
G1 X85.6367 Y481.7159
G1 X85.5001 Y481.7166
G1 X85.3638 Y481.7253
G1 Z8.0000 F120
G1 X85.2282 Y481.7418 F600
G1 X85.0938 Y481.7662
G1 X84.9611 Y481.7984
G1 X84.8304 Y481.8383
G1 X84.7023 Y481.8856
G1 X84.5771 Y481.9404
G1 X84.4554 Y482.0023
G1 X84.3375 Y482.0712
G1 X84.2237 Y482.1469
G1 X84.1146 Y482.2290
G1 X84.0104 Y482.3173
G1 X83.9115 Y482.4116
G1 X83.8183 Y482.5114
G1 X83.7310 Y482.6165
G1 X83.6500 Y482.7265
G1 X83.5755 Y482.8410
G1 X83.5078 Y482.9596
G1 X83.4472 Y483.0820
G1 X83.3937 Y483.2077
G1 X83.3477 Y483.3363
G1 X83.3092 Y483.4674
G1 X83.2783 Y483.6004
G1 X83.2553 Y483.7351
G1 X83.2401 Y483.8708
G1 X83.2329 Y484.0072
G1 X83.2336 Y484.1438
G1 X83.2422 Y484.2801
G1 X83.2588 Y484.4157
G1 X83.2832 Y484.5501
G1 X83.3154 Y484.6829
G1 X83.3552 Y484.8135
G1 X83.4026 Y484.9417
G1 X83.4574 Y485.0668
G1 X83.5193 Y485.1885
G1 X83.5882 Y485.3065
G1 X83.6638 Y485.4202
G1 X83.7460 Y485.5294
G1 X83.8343 Y485.6336
G1 X83.9286 Y485.7324
G1 X84.0284 Y485.8257
G1 X84.1335 Y485.9129
G1 X84.2435 Y485.9939
G1 X84.3580 Y486.0684
G1 X84.4766 Y486.1361
G1 X84.5990 Y486.1968
G1 X84.7247 Y486.2502
G1 X84.8533 Y486.2963
G1 X84.9843 Y486.3348
G1 X85.1174 Y486.3656
G1 X85.2521 Y486.3886
G1 X85.3878 Y486.4038
G1 X85.5242 Y486.4110
G1 X85.6608 Y486.4103
G1 X85.7971 Y486.4017
G1 X85.9327 Y486.3851
G1 X86.0671 Y486.3607
G1 X86.1999 Y486.3286
G1 X86.3305 Y486.2887
G1 X86.4586 Y486.2413
G1 X86.5838 Y486.1866
G1 X86.7055 Y486.1247
G1 X86.8235 Y486.0557
G1 X86.9372 Y485.9801
G1 X87.0464 Y485.8980
G1 X87.1505 Y485.8096
G1 X87.2494 Y485.7154
G1 X87.3426 Y485.6156
G1 X87.4299 Y485.5105
G1 X87.5109 Y485.4005
G1 X87.5854 Y485.2860
G1 X87.6531 Y485.1673
G1 X87.7138 Y485.0449
G1 X87.7672 Y484.9192
G1 X87.8133 Y484.7907
G1 X87.8518 Y484.6596
G1 X87.8826 Y484.5265
G1 X87.9056 Y484.3919
G1 X87.9208 Y484.2561
G1 X87.9280 Y484.1197
G1 X87.9273 Y483.9831
G1 X87.9187 Y483.8468
G1 X87.9021 Y483.7112
G1 X87.8777 Y483.5768
G1 X87.8455 Y483.4441
G1 X87.8057 Y483.3134
G1 X87.7583 Y483.1853
G1 X87.7036 Y483.0602
G1 X87.6416 Y482.9384
G1 X87.5727 Y482.8205
G1 X87.4971 Y482.7067
G1 X87.4150 Y482.5976
G1 X87.3266 Y482.4934
G1 X87.2324 Y482.3945
G1 X87.1325 Y482.3013
G1 X87.0274 Y482.2140
G1 X86.9175 Y482.1330
G1 X86.8030 Y482.0586
G1 X86.6843 Y481.9909
G1 X86.5619 Y481.9302
G1 X86.4362 Y481.8767
G1 X86.3076 Y481.8307
G1 X86.1766 Y481.7922
G1 X86.0435 Y481.7613
G1 X85.9089 Y481.7383
G1 X85.7731 Y481.7232
G1 X85.6367 Y481.7159
G1 X85.5001 Y481.7166
G1 X85.3638 Y481.7253
G0 Z-5.0000 F480


(No. 109: Hole 1)
G0 X100.3638 Y481.7253 Z-5.0000 F2100
G0 Z-0.5000 F480
G1 Z0.0000 F120
G1 Z4.0000
G1 X100.2282 Y481.7418 F600
G1 X100.0938 Y481.7662
G1 X99.9611 Y481.7984
G1 X99.8304 Y481.8383
G1 X99.7023 Y481.8856
G1 X99.5771 Y481.9404
G1 X99.4554 Y482.0023
G1 X99.3375 Y482.0712
G1 X99.2237 Y482.1469
G1 X99.1146 Y482.2290
G1 X99.0104 Y482.3173
G1 X98.9115 Y482.4116
G1 X98.8183 Y482.5114
G1 X98.7310 Y482.6165
G1 X98.6500 Y482.7265
G1 X98.5755 Y482.8410
G1 X98.5078 Y482.9596
G1 X98.4472 Y483.0820
G1 X98.3937 Y483.2077
G1 X98.3477 Y483.3363
G1 X98.3092 Y483.4674
G1 X98.2783 Y483.6004
G1 X98.2553 Y483.7351
G1 X98.2401 Y483.8708
G1 X98.2329 Y484.0072
G1 X98.2336 Y484.1438
G1 X98.2422 Y484.2801
G1 X98.2588 Y484.4157
G1 X98.2832 Y484.5501
G1 X98.3154 Y484.6829
G1 X98.3552 Y484.8135
G1 X98.4026 Y484.9417
G1 X98.4574 Y485.0668
G1 X98.5193 Y485.1885
G1 X98.5882 Y485.3065
G1 X98.6638 Y485.4202
G1 X98.7460 Y485.5294
G1 X98.8343 Y485.6336
G1 X98.9286 Y485.7324
G1 X99.0284 Y485.8257
G1 X99.1335 Y485.9129
G1 X99.2435 Y485.9939
G1 X99.3580 Y486.0684
G1 X99.4766 Y486.1361
G1 X99.5990 Y486.1968
G1 X99.7247 Y486.2502
G1 X99.8533 Y486.2963
G1 X99.9843 Y486.3348
G1 X100.1174 Y486.3656
G1 X100.2521 Y486.3886
G1 X100.3878 Y486.4038
G1 X100.5242 Y486.4110
G1 X100.6608 Y486.4103
G1 X100.7971 Y486.4017
G1 X100.9327 Y486.3851
G1 X101.0671 Y486.3607
G1 X101.1999 Y486.3286
G1 X101.3305 Y486.2887
G1 X101.4586 Y486.2413
G1 X101.5838 Y486.1866
G1 X101.7055 Y486.1247
G1 X101.8235 Y486.0557
G1 X101.9372 Y485.9801
G1 X102.0464 Y485.8980
G1 X102.1505 Y485.8096
G1 X102.2494 Y485.7154
G1 X102.3426 Y485.6156
G1 X102.4299 Y485.5105
G1 X102.5109 Y485.4005
G1 X102.5854 Y485.2860
G1 X102.6531 Y485.1673
G1 X102.7138 Y485.0449
G1 X102.7672 Y484.9192
G1 X102.8133 Y484.7907
G1 X102.8518 Y484.6596
G1 X102.8826 Y484.5265
G1 X102.9056 Y484.3919
G1 X102.9208 Y484.2561
G1 X102.9280 Y484.1197
G1 X102.9273 Y483.9831
G1 X102.9187 Y483.8468
G1 X102.9021 Y483.7112
G1 X102.8777 Y483.5768
G1 X102.8455 Y483.4441
G1 X102.8057 Y483.3134
G1 X102.7583 Y483.1853
G1 X102.7036 Y483.0602
G1 X102.6416 Y482.9384
G1 X102.5727 Y482.8205
G1 X102.4971 Y482.7067
G1 X102.4150 Y482.5976
G1 X102.3266 Y482.4934
G1 X102.2324 Y482.3945
G1 X102.1325 Y482.3013
G1 X102.0274 Y482.2140
G1 X101.9175 Y482.1330
G1 X101.8030 Y482.0586
G1 X101.6843 Y481.9909
G1 X101.5619 Y481.9302
G1 X101.4362 Y481.8767
G1 X101.3076 Y481.8307
G1 X101.1766 Y481.7922
G1 X101.0435 Y481.7613
G1 X100.9089 Y481.7383
G1 X100.7731 Y481.7232
G1 X100.6367 Y481.7159
G1 X100.5001 Y481.7166
G1 X100.3638 Y481.7253
G1 Z8.0000 F120
G1 X100.2282 Y481.7418 F600
G1 X100.0938 Y481.7662
G1 X99.9611 Y481.7984
G1 X99.8304 Y481.8383
G1 X99.7023 Y481.8856
G1 X99.5771 Y481.9404
G1 X99.4554 Y482.0023
G1 X99.3375 Y482.0712
G1 X99.2237 Y482.1469
G1 X99.1146 Y482.2290
G1 X99.0104 Y482.3173
G1 X98.9115 Y482.4116
G1 X98.8183 Y482.5114
G1 X98.7310 Y482.6165
G1 X98.6500 Y482.7265
G1 X98.5755 Y482.8410
G1 X98.5078 Y482.9596
G1 X98.4472 Y483.0820
G1 X98.3937 Y483.2077
G1 X98.3477 Y483.3363
G1 X98.3092 Y483.4674
G1 X98.2783 Y483.6004
G1 X98.2553 Y483.7351
G1 X98.2401 Y483.8708
G1 X98.2329 Y484.0072
G1 X98.2336 Y484.1438
G1 X98.2422 Y484.2801
G1 X98.2588 Y484.4157
G1 X98.2832 Y484.5501
G1 X98.3154 Y484.6829
G1 X98.3552 Y484.8135
G1 X98.4026 Y484.9417
G1 X98.4574 Y485.0668
G1 X98.5193 Y485.1885
G1 X98.5882 Y485.3065
G1 X98.6638 Y485.4202
G1 X98.7460 Y485.5294
G1 X98.8343 Y485.6336
G1 X98.9286 Y485.7324
G1 X99.0284 Y485.8257
G1 X99.1335 Y485.9129
G1 X99.2435 Y485.9939
G1 X99.3580 Y486.0684
G1 X99.4766 Y486.1361
G1 X99.5990 Y486.1968
G1 X99.7247 Y486.2502
G1 X99.8533 Y486.2963
G1 X99.9843 Y486.3348
G1 X100.1174 Y486.3656
G1 X100.2521 Y486.3886
G1 X100.3878 Y486.4038
G1 X100.5242 Y486.4110
G1 X100.6608 Y486.4103
G1 X100.7971 Y486.4017
G1 X100.9327 Y486.3851
G1 X101.0671 Y486.3607
G1 X101.1999 Y486.3286
G1 X101.3305 Y486.2887
G1 X101.4586 Y486.2413
G1 X101.5838 Y486.1866
G1 X101.7055 Y486.1247
G1 X101.8235 Y486.0557
G1 X101.9372 Y485.9801
G1 X102.0464 Y485.8980
G1 X102.1505 Y485.8096
G1 X102.2494 Y485.7154
G1 X102.3426 Y485.6156
G1 X102.4299 Y485.5105
G1 X102.5109 Y485.4005
G1 X102.5854 Y485.2860
G1 X102.6531 Y485.1673
G1 X102.7138 Y485.0449
G1 X102.7672 Y484.9192
G1 X102.8133 Y484.7907
G1 X102.8518 Y484.6596
G1 X102.8826 Y484.5265
G1 X102.9056 Y484.3919
G1 X102.9208 Y484.2561
G1 X102.9280 Y484.1197
G1 X102.9273 Y483.9831
G1 X102.9187 Y483.8468
G1 X102.9021 Y483.7112
G1 X102.8777 Y483.5768
G1 X102.8455 Y483.4441
G1 X102.8057 Y483.3134
G1 X102.7583 Y483.1853
G1 X102.7036 Y483.0602
G1 X102.6416 Y482.9384
G1 X102.5727 Y482.8205
G1 X102.4971 Y482.7067
G1 X102.4150 Y482.5976
G1 X102.3266 Y482.4934
G1 X102.2324 Y482.3945
G1 X102.1325 Y482.3013
G1 X102.0274 Y482.2140
G1 X101.9175 Y482.1330
G1 X101.8030 Y482.0586
G1 X101.6843 Y481.9909
G1 X101.5619 Y481.9302
G1 X101.4362 Y481.8767
G1 X101.3076 Y481.8307
G1 X101.1766 Y481.7922
G1 X101.0435 Y481.7613
G1 X100.9089 Y481.7383
G1 X100.7731 Y481.7232
G1 X100.6367 Y481.7159
G1 X100.5001 Y481.7166
G1 X100.3638 Y481.7253
G0 Z-5.0000 F480


(No. 110: Hole 1)
G0 X100.3638 Y496.7253 Z-5.0000 F2100
G0 Z-0.5000 F480
G1 Z0.0000 F120
G1 Z4.0000
G1 X100.2282 Y496.7418 F600
G1 X100.0938 Y496.7662
G1 X99.9611 Y496.7984
G1 X99.8304 Y496.8383
G1 X99.7023 Y496.8856
G1 X99.5771 Y496.9404
G1 X99.4554 Y497.0023
G1 X99.3375 Y497.0712
G1 X99.2237 Y497.1469
G1 X99.1146 Y497.2290
G1 X99.0104 Y497.3173
G1 X98.9115 Y497.4116
G1 X98.8183 Y497.5114
G1 X98.7310 Y497.6165
G1 X98.6500 Y497.7265
G1 X98.5755 Y497.8410
G1 X98.5078 Y497.9596
G1 X98.4472 Y498.0820
G1 X98.3937 Y498.2077
G1 X98.3477 Y498.3363
G1 X98.3092 Y498.4674
G1 X98.2783 Y498.6004
G1 X98.2553 Y498.7351
G1 X98.2401 Y498.8708
G1 X98.2329 Y499.0072
G1 X98.2336 Y499.1438
G1 X98.2422 Y499.2801
G1 X98.2588 Y499.4157
G1 X98.2832 Y499.5501
G1 X98.3154 Y499.6829
G1 X98.3552 Y499.8135
G1 X98.4026 Y499.9417
G1 X98.4574 Y500.0668
G1 X98.5193 Y500.1885
G1 X98.5882 Y500.3065
G1 X98.6638 Y500.4202
G1 X98.7460 Y500.5294
G1 X98.8343 Y500.6336
G1 X98.9286 Y500.7324
G1 X99.0284 Y500.8257
G1 X99.1335 Y500.9129
G1 X99.2435 Y500.9939
G1 X99.3580 Y501.0684
G1 X99.4766 Y501.1361
G1 X99.5990 Y501.1968
G1 X99.7247 Y501.2502
G1 X99.8533 Y501.2963
G1 X99.9843 Y501.3348
G1 X100.1174 Y501.3656
G1 X100.2521 Y501.3886
G1 X100.3878 Y501.4038
G1 X100.5242 Y501.4110
G1 X100.6608 Y501.4103
G1 X100.7971 Y501.4017
G1 X100.9327 Y501.3851
G1 X101.0671 Y501.3607
G1 X101.1999 Y501.3286
G1 X101.3305 Y501.2887
G1 X101.4586 Y501.2413
G1 X101.5838 Y501.1866
G1 X101.7055 Y501.1247
G1 X101.8235 Y501.0557
G1 X101.9372 Y500.9801
G1 X102.0464 Y500.8980
G1 X102.1505 Y500.8096
G1 X102.2494 Y500.7154
G1 X102.3426 Y500.6156
G1 X102.4299 Y500.5105
G1 X102.5109 Y500.4005
G1 X102.5854 Y500.2860
G1 X102.6531 Y500.1673
G1 X102.7138 Y500.0449
G1 X102.7672 Y499.9192
G1 X102.8133 Y499.7907
G1 X102.8518 Y499.6596
G1 X102.8826 Y499.5265
G1 X102.9056 Y499.3919
G1 X102.9208 Y499.2561
G1 X102.9280 Y499.1197
G1 X102.9273 Y498.9831
G1 X102.9187 Y498.8468
G1 X102.9021 Y498.7112
G1 X102.8777 Y498.5768
G1 X102.8455 Y498.4441
G1 X102.8057 Y498.3134
G1 X102.7583 Y498.1853
G1 X102.7036 Y498.0602
G1 X102.6416 Y497.9384
G1 X102.5727 Y497.8205
G1 X102.4971 Y497.7067
G1 X102.4150 Y497.5976
G1 X102.3266 Y497.4934
G1 X102.2324 Y497.3945
G1 X102.1325 Y497.3013
G1 X102.0274 Y497.2140
G1 X101.9175 Y497.1330
G1 X101.8030 Y497.0586
G1 X101.6843 Y496.9909
G1 X101.5619 Y496.9302
G1 X101.4362 Y496.8767
G1 X101.3076 Y496.8307
G1 X101.1766 Y496.7922
G1 X101.0435 Y496.7613
G1 X100.9089 Y496.7383
G1 X100.7731 Y496.7232
G1 X100.6367 Y496.7159
G1 X100.5001 Y496.7166
G1 X100.3638 Y496.7253
G1 Z8.0000 F120
G1 X100.2282 Y496.7418 F600
G1 X100.0938 Y496.7662
G1 X99.9611 Y496.7984
G1 X99.8304 Y496.8383
G1 X99.7023 Y496.8856
G1 X99.5771 Y496.9404
G1 X99.4554 Y497.0023
G1 X99.3375 Y497.0712
G1 X99.2237 Y497.1469
G1 X99.1146 Y497.2290
G1 X99.0104 Y497.3173
G1 X98.9115 Y497.4116
G1 X98.8183 Y497.5114
G1 X98.7310 Y497.6165
G1 X98.6500 Y497.7265
G1 X98.5755 Y497.8410
G1 X98.5078 Y497.9596
G1 X98.4472 Y498.0820
G1 X98.3937 Y498.2077
G1 X98.3477 Y498.3363
G1 X98.3092 Y498.4674
G1 X98.2783 Y498.6004
G1 X98.2553 Y498.7351
G1 X98.2401 Y498.8708
G1 X98.2329 Y499.0072
G1 X98.2336 Y499.1438
G1 X98.2422 Y499.2801
G1 X98.2588 Y499.4157
G1 X98.2832 Y499.5501
G1 X98.3154 Y499.6829
G1 X98.3552 Y499.8135
G1 X98.4026 Y499.9417
G1 X98.4574 Y500.0668
G1 X98.5193 Y500.1885
G1 X98.5882 Y500.3065
G1 X98.6638 Y500.4202
G1 X98.7460 Y500.5294
G1 X98.8343 Y500.6336
G1 X98.9286 Y500.7324
G1 X99.0284 Y500.8257
G1 X99.1335 Y500.9129
G1 X99.2435 Y500.9939
G1 X99.3580 Y501.0684
G1 X99.4766 Y501.1361
G1 X99.5990 Y501.1968
G1 X99.7247 Y501.2502
G1 X99.8533 Y501.2963
G1 X99.9843 Y501.3348
G1 X100.1174 Y501.3656
G1 X100.2521 Y501.3886
G1 X100.3878 Y501.4038
G1 X100.5242 Y501.4110
G1 X100.6608 Y501.4103
G1 X100.7971 Y501.4017
G1 X100.9327 Y501.3851
G1 X101.0671 Y501.3607
G1 X101.1999 Y501.3286
G1 X101.3305 Y501.2887
G1 X101.4586 Y501.2413
G1 X101.5838 Y501.1866
G1 X101.7055 Y501.1247
G1 X101.8235 Y501.0557
G1 X101.9372 Y500.9801
G1 X102.0464 Y500.8980
G1 X102.1505 Y500.8096
G1 X102.2494 Y500.7154
G1 X102.3426 Y500.6156
G1 X102.4299 Y500.5105
G1 X102.5109 Y500.4005
G1 X102.5854 Y500.2860
G1 X102.6531 Y500.1673
G1 X102.7138 Y500.0449
G1 X102.7672 Y499.9192
G1 X102.8133 Y499.7907
G1 X102.8518 Y499.6596
G1 X102.8826 Y499.5265
G1 X102.9056 Y499.3919
G1 X102.9208 Y499.2561
G1 X102.9280 Y499.1197
G1 X102.9273 Y498.9831
G1 X102.9187 Y498.8468
G1 X102.9021 Y498.7112
G1 X102.8777 Y498.5768
G1 X102.8455 Y498.4441
G1 X102.8057 Y498.3134
G1 X102.7583 Y498.1853
G1 X102.7036 Y498.0602
G1 X102.6416 Y497.9384
G1 X102.5727 Y497.8205
G1 X102.4971 Y497.7067
G1 X102.4150 Y497.5976
G1 X102.3266 Y497.4934
G1 X102.2324 Y497.3945
G1 X102.1325 Y497.3013
G1 X102.0274 Y497.2140
G1 X101.9175 Y497.1330
G1 X101.8030 Y497.0586
G1 X101.6843 Y496.9909
G1 X101.5619 Y496.9302
G1 X101.4362 Y496.8767
G1 X101.3076 Y496.8307
G1 X101.1766 Y496.7922
G1 X101.0435 Y496.7613
G1 X100.9089 Y496.7383
G1 X100.7731 Y496.7232
G1 X100.6367 Y496.7159
G1 X100.5001 Y496.7166
G1 X100.3638 Y496.7253
G0 Z-5.0000 F480


(No. 111: Hole 1)
G0 X85.3638 Y511.7253 Z-5.0000 F2100
G0 Z-0.5000 F480
G1 Z0.0000 F120
G1 Z4.0000
G1 X85.2282 Y511.7418 F600
G1 X85.0938 Y511.7662
G1 X84.9611 Y511.7984
G1 X84.8304 Y511.8383
G1 X84.7023 Y511.8856
G1 X84.5771 Y511.9404
G1 X84.4554 Y512.0023
G1 X84.3375 Y512.0712
G1 X84.2237 Y512.1469
G1 X84.1146 Y512.2290
G1 X84.0104 Y512.3173
G1 X83.9115 Y512.4116
G1 X83.8183 Y512.5114
G1 X83.7310 Y512.6165
G1 X83.6500 Y512.7265
G1 X83.5755 Y512.8410
G1 X83.5078 Y512.9596
G1 X83.4472 Y513.0820
G1 X83.3937 Y513.2077
G1 X83.3477 Y513.3363
G1 X83.3092 Y513.4674
G1 X83.2783 Y513.6004
G1 X83.2553 Y513.7351
G1 X83.2401 Y513.8708
G1 X83.2329 Y514.0072
G1 X83.2336 Y514.1438
G1 X83.2422 Y514.2801
G1 X83.2588 Y514.4157
G1 X83.2832 Y514.5501
G1 X83.3154 Y514.6829
G1 X83.3552 Y514.8135
G1 X83.4026 Y514.9417
G1 X83.4574 Y515.0668
G1 X83.5193 Y515.1885
G1 X83.5882 Y515.3065
G1 X83.6638 Y515.4202
G1 X83.7460 Y515.5294
G1 X83.8343 Y515.6336
G1 X83.9286 Y515.7324
G1 X84.0284 Y515.8257
G1 X84.1335 Y515.9129
G1 X84.2435 Y515.9939
G1 X84.3580 Y516.0684
G1 X84.4766 Y516.1361
G1 X84.5990 Y516.1968
G1 X84.7247 Y516.2502
G1 X84.8533 Y516.2963
G1 X84.9843 Y516.3348
G1 X85.1174 Y516.3656
G1 X85.2521 Y516.3886
G1 X85.3878 Y516.4038
G1 X85.5242 Y516.4110
G1 X85.6608 Y516.4103
G1 X85.7971 Y516.4017
G1 X85.9327 Y516.3851
G1 X86.0671 Y516.3607
G1 X86.1999 Y516.3286
G1 X86.3305 Y516.2887
G1 X86.4586 Y516.2413
G1 X86.5838 Y516.1866
G1 X86.7055 Y516.1247
G1 X86.8235 Y516.0557
G1 X86.9372 Y515.9801
G1 X87.0464 Y515.8980
G1 X87.1505 Y515.8096
G1 X87.2494 Y515.7154
G1 X87.3426 Y515.6156
G1 X87.4299 Y515.5105
G1 X87.5109 Y515.4005
G1 X87.5854 Y515.2860
G1 X87.6531 Y515.1673
G1 X87.7138 Y515.0449
G1 X87.7672 Y514.9192
G1 X87.8133 Y514.7907
G1 X87.8518 Y514.6596
G1 X87.8826 Y514.5265
G1 X87.9056 Y514.3919
G1 X87.9208 Y514.2561
G1 X87.9280 Y514.1197
G1 X87.9273 Y513.9831
G1 X87.9187 Y513.8468
G1 X87.9021 Y513.7112
G1 X87.8777 Y513.5768
G1 X87.8455 Y513.4441
G1 X87.8057 Y513.3134
G1 X87.7583 Y513.1853
G1 X87.7036 Y513.0602
G1 X87.6416 Y512.9384
G1 X87.5727 Y512.8205
G1 X87.4971 Y512.7067
G1 X87.4150 Y512.5976
G1 X87.3266 Y512.4934
G1 X87.2324 Y512.3945
G1 X87.1325 Y512.3013
G1 X87.0274 Y512.2140
G1 X86.9175 Y512.1330
G1 X86.8030 Y512.0586
G1 X86.6843 Y511.9909
G1 X86.5619 Y511.9302
G1 X86.4362 Y511.8767
G1 X86.3076 Y511.8307
G1 X86.1766 Y511.7922
G1 X86.0435 Y511.7613
G1 X85.9089 Y511.7383
G1 X85.7731 Y511.7232
G1 X85.6367 Y511.7159
G1 X85.5001 Y511.7166
G1 X85.3638 Y511.7253
G1 Z8.0000 F120
G1 X85.2282 Y511.7418 F600
G1 X85.0938 Y511.7662
G1 X84.9611 Y511.7984
G1 X84.8304 Y511.8383
G1 X84.7023 Y511.8856
G1 X84.5771 Y511.9404
G1 X84.4554 Y512.0023
G1 X84.3375 Y512.0712
G1 X84.2237 Y512.1469
G1 X84.1146 Y512.2290
G1 X84.0104 Y512.3173
G1 X83.9115 Y512.4116
G1 X83.8183 Y512.5114
G1 X83.7310 Y512.6165
G1 X83.6500 Y512.7265
G1 X83.5755 Y512.8410
G1 X83.5078 Y512.9596
G1 X83.4472 Y513.0820
G1 X83.3937 Y513.2077
G1 X83.3477 Y513.3363
G1 X83.3092 Y513.4674
G1 X83.2783 Y513.6004
G1 X83.2553 Y513.7351
G1 X83.2401 Y513.8708
G1 X83.2329 Y514.0072
G1 X83.2336 Y514.1438
G1 X83.2422 Y514.2801
G1 X83.2588 Y514.4157
G1 X83.2832 Y514.5501
G1 X83.3154 Y514.6829
G1 X83.3552 Y514.8135
G1 X83.4026 Y514.9417
G1 X83.4574 Y515.0668
G1 X83.5193 Y515.1885
G1 X83.5882 Y515.3065
G1 X83.6638 Y515.4202
G1 X83.7460 Y515.5294
G1 X83.8343 Y515.6336
G1 X83.9286 Y515.7324
G1 X84.0284 Y515.8257
G1 X84.1335 Y515.9129
G1 X84.2435 Y515.9939
G1 X84.3580 Y516.0684
G1 X84.4766 Y516.1361
G1 X84.5990 Y516.1968
G1 X84.7247 Y516.2502
G1 X84.8533 Y516.2963
G1 X84.9843 Y516.3348
G1 X85.1174 Y516.3656
G1 X85.2521 Y516.3886
G1 X85.3878 Y516.4038
G1 X85.5242 Y516.4110
G1 X85.6608 Y516.4103
G1 X85.7971 Y516.4017
G1 X85.9327 Y516.3851
G1 X86.0671 Y516.3607
G1 X86.1999 Y516.3286
G1 X86.3305 Y516.2887
G1 X86.4586 Y516.2413
G1 X86.5838 Y516.1866
G1 X86.7055 Y516.1247
G1 X86.8235 Y516.0557
G1 X86.9372 Y515.9801
G1 X87.0464 Y515.8980
G1 X87.1505 Y515.8096
G1 X87.2494 Y515.7154
G1 X87.3426 Y515.6156
G1 X87.4299 Y515.5105
G1 X87.5109 Y515.4005
G1 X87.5854 Y515.2860
G1 X87.6531 Y515.1673
G1 X87.7138 Y515.0449
G1 X87.7672 Y514.9192
G1 X87.8133 Y514.7907
G1 X87.8518 Y514.6596
G1 X87.8826 Y514.5265
G1 X87.9056 Y514.3919
G1 X87.9208 Y514.2561
G1 X87.9280 Y514.1197
G1 X87.9273 Y513.9831
G1 X87.9187 Y513.8468
G1 X87.9021 Y513.7112
G1 X87.8777 Y513.5768
G1 X87.8455 Y513.4441
G1 X87.8057 Y513.3134
G1 X87.7583 Y513.1853
G1 X87.7036 Y513.0602
G1 X87.6416 Y512.9384
G1 X87.5727 Y512.8205
G1 X87.4971 Y512.7067
G1 X87.4150 Y512.5976
G1 X87.3266 Y512.4934
G1 X87.2324 Y512.3945
G1 X87.1325 Y512.3013
G1 X87.0274 Y512.2140
G1 X86.9175 Y512.1330
G1 X86.8030 Y512.0586
G1 X86.6843 Y511.9909
G1 X86.5619 Y511.9302
G1 X86.4362 Y511.8767
G1 X86.3076 Y511.8307
G1 X86.1766 Y511.7922
G1 X86.0435 Y511.7613
G1 X85.9089 Y511.7383
G1 X85.7731 Y511.7232
G1 X85.6367 Y511.7159
G1 X85.5001 Y511.7166
G1 X85.3638 Y511.7253
G0 Z-5.0000 F480


(No. 112: Hole 1)
G0 X70.3638 Y511.7253 Z-5.0000 F2100
G0 Z-0.5000 F480
G1 Z0.0000 F120
G1 Z4.0000
G1 X70.2282 Y511.7418 F600
G1 X70.0938 Y511.7662
G1 X69.9611 Y511.7984
G1 X69.8304 Y511.8383
G1 X69.7023 Y511.8856
G1 X69.5771 Y511.9404
G1 X69.4554 Y512.0023
G1 X69.3375 Y512.0712
G1 X69.2237 Y512.1469
G1 X69.1146 Y512.2290
G1 X69.0104 Y512.3173
G1 X68.9115 Y512.4116
G1 X68.8183 Y512.5114
G1 X68.7310 Y512.6165
G1 X68.6500 Y512.7265
G1 X68.5755 Y512.8410
G1 X68.5078 Y512.9596
G1 X68.4472 Y513.0820
G1 X68.3937 Y513.2077
G1 X68.3477 Y513.3363
G1 X68.3092 Y513.4674
G1 X68.2783 Y513.6004
G1 X68.2553 Y513.7351
G1 X68.2401 Y513.8708
G1 X68.2329 Y514.0072
G1 X68.2336 Y514.1438
G1 X68.2422 Y514.2801
G1 X68.2588 Y514.4157
G1 X68.2832 Y514.5501
G1 X68.3154 Y514.6829
G1 X68.3552 Y514.8135
G1 X68.4026 Y514.9417
G1 X68.4574 Y515.0668
G1 X68.5193 Y515.1885
G1 X68.5882 Y515.3065
G1 X68.6638 Y515.4202
G1 X68.7460 Y515.5294
G1 X68.8343 Y515.6336
G1 X68.9286 Y515.7324
G1 X69.0284 Y515.8257
G1 X69.1335 Y515.9129
G1 X69.2435 Y515.9939
G1 X69.3580 Y516.0684
G1 X69.4766 Y516.1361
G1 X69.5990 Y516.1968
G1 X69.7247 Y516.2502
G1 X69.8533 Y516.2963
G1 X69.9843 Y516.3348
G1 X70.1174 Y516.3656
G1 X70.2521 Y516.3886
G1 X70.3878 Y516.4038
G1 X70.5242 Y516.4110
G1 X70.6608 Y516.4103
G1 X70.7971 Y516.4017
G1 X70.9327 Y516.3851
G1 X71.0671 Y516.3607
G1 X71.1999 Y516.3286
G1 X71.3305 Y516.2887
G1 X71.4586 Y516.2413
G1 X71.5838 Y516.1866
G1 X71.7055 Y516.1247
G1 X71.8235 Y516.0557
G1 X71.9372 Y515.9801
G1 X72.0464 Y515.8980
G1 X72.1505 Y515.8096
G1 X72.2494 Y515.7154
G1 X72.3426 Y515.6156
G1 X72.4299 Y515.5105
G1 X72.5109 Y515.4005
G1 X72.5854 Y515.2860
G1 X72.6531 Y515.1673
G1 X72.7138 Y515.0449
G1 X72.7672 Y514.9192
G1 X72.8133 Y514.7907
G1 X72.8518 Y514.6596
G1 X72.8826 Y514.5265
G1 X72.9056 Y514.3919
G1 X72.9208 Y514.2561
G1 X72.9280 Y514.1197
G1 X72.9273 Y513.9831
G1 X72.9187 Y513.8468
G1 X72.9021 Y513.7112
G1 X72.8777 Y513.5768
G1 X72.8455 Y513.4441
G1 X72.8057 Y513.3134
G1 X72.7583 Y513.1853
G1 X72.7036 Y513.0602
G1 X72.6416 Y512.9384
G1 X72.5727 Y512.8205
G1 X72.4971 Y512.7067
G1 X72.4150 Y512.5976
G1 X72.3266 Y512.4934
G1 X72.2324 Y512.3945
G1 X72.1325 Y512.3013
G1 X72.0274 Y512.2140
G1 X71.9175 Y512.1330
G1 X71.8030 Y512.0586
G1 X71.6843 Y511.9909
G1 X71.5619 Y511.9302
G1 X71.4362 Y511.8767
G1 X71.3076 Y511.8307
G1 X71.1766 Y511.7922
G1 X71.0435 Y511.7613
G1 X70.9089 Y511.7383
G1 X70.7731 Y511.7232
G1 X70.6367 Y511.7159
G1 X70.5001 Y511.7166
G1 X70.3638 Y511.7253
G1 Z8.0000 F120
G1 X70.2282 Y511.7418 F600
G1 X70.0938 Y511.7662
G1 X69.9611 Y511.7984
G1 X69.8304 Y511.8383
G1 X69.7023 Y511.8856
G1 X69.5771 Y511.9404
G1 X69.4554 Y512.0023
G1 X69.3375 Y512.0712
G1 X69.2237 Y512.1469
G1 X69.1146 Y512.2290
G1 X69.0104 Y512.3173
G1 X68.9115 Y512.4116
G1 X68.8183 Y512.5114
G1 X68.7310 Y512.6165
G1 X68.6500 Y512.7265
G1 X68.5755 Y512.8410
G1 X68.5078 Y512.9596
G1 X68.4472 Y513.0820
G1 X68.3937 Y513.2077
G1 X68.3477 Y513.3363
G1 X68.3092 Y513.4674
G1 X68.2783 Y513.6004
G1 X68.2553 Y513.7351
G1 X68.2401 Y513.8708
G1 X68.2329 Y514.0072
G1 X68.2336 Y514.1438
G1 X68.2422 Y514.2801
G1 X68.2588 Y514.4157
G1 X68.2832 Y514.5501
G1 X68.3154 Y514.6829
G1 X68.3552 Y514.8135
G1 X68.4026 Y514.9417
G1 X68.4574 Y515.0668
G1 X68.5193 Y515.1885
G1 X68.5882 Y515.3065
G1 X68.6638 Y515.4202
G1 X68.7460 Y515.5294
G1 X68.8343 Y515.6336
G1 X68.9286 Y515.7324
G1 X69.0284 Y515.8257
G1 X69.1335 Y515.9129
G1 X69.2435 Y515.9939
G1 X69.3580 Y516.0684
G1 X69.4766 Y516.1361
G1 X69.5990 Y516.1968
G1 X69.7247 Y516.2502
G1 X69.8533 Y516.2963
G1 X69.9843 Y516.3348
G1 X70.1174 Y516.3656
G1 X70.2521 Y516.3886
G1 X70.3878 Y516.4038
G1 X70.5242 Y516.4110
G1 X70.6608 Y516.4103
G1 X70.7971 Y516.4017
G1 X70.9327 Y516.3851
G1 X71.0671 Y516.3607
G1 X71.1999 Y516.3286
G1 X71.3305 Y516.2887
G1 X71.4586 Y516.2413
G1 X71.5838 Y516.1866
G1 X71.7055 Y516.1247
G1 X71.8235 Y516.0557
G1 X71.9372 Y515.9801
G1 X72.0464 Y515.8980
G1 X72.1505 Y515.8096
G1 X72.2494 Y515.7154
G1 X72.3426 Y515.6156
G1 X72.4299 Y515.5105
G1 X72.5109 Y515.4005
G1 X72.5854 Y515.2860
G1 X72.6531 Y515.1673
G1 X72.7138 Y515.0449
G1 X72.7672 Y514.9192
G1 X72.8133 Y514.7907
G1 X72.8518 Y514.6596
G1 X72.8826 Y514.5265
G1 X72.9056 Y514.3919
G1 X72.9208 Y514.2561
G1 X72.9280 Y514.1197
G1 X72.9273 Y513.9831
G1 X72.9187 Y513.8468
G1 X72.9021 Y513.7112
G1 X72.8777 Y513.5768
G1 X72.8455 Y513.4441
G1 X72.8057 Y513.3134
G1 X72.7583 Y513.1853
G1 X72.7036 Y513.0602
G1 X72.6416 Y512.9384
G1 X72.5727 Y512.8205
G1 X72.4971 Y512.7067
G1 X72.4150 Y512.5976
G1 X72.3266 Y512.4934
G1 X72.2324 Y512.3945
G1 X72.1325 Y512.3013
G1 X72.0274 Y512.2140
G1 X71.9175 Y512.1330
G1 X71.8030 Y512.0586
G1 X71.6843 Y511.9909
G1 X71.5619 Y511.9302
G1 X71.4362 Y511.8767
G1 X71.3076 Y511.8307
G1 X71.1766 Y511.7922
G1 X71.0435 Y511.7613
G1 X70.9089 Y511.7383
G1 X70.7731 Y511.7232
G1 X70.6367 Y511.7159
G1 X70.5001 Y511.7166
G1 X70.3638 Y511.7253
G0 Z-5.0000 F480


(No. 113: Hole 1)
G0 X55.3638 Y511.7253 Z-5.0000 F2100
G0 Z-0.5000 F480
G1 Z0.0000 F120
G1 Z4.0000
G1 X55.2282 Y511.7418 F600
G1 X55.0938 Y511.7662
G1 X54.9611 Y511.7984
G1 X54.8304 Y511.8383
G1 X54.7023 Y511.8856
G1 X54.5771 Y511.9404
G1 X54.4554 Y512.0023
G1 X54.3375 Y512.0712
G1 X54.2237 Y512.1469
G1 X54.1146 Y512.2290
G1 X54.0104 Y512.3173
G1 X53.9115 Y512.4116
G1 X53.8183 Y512.5114
G1 X53.7310 Y512.6165
G1 X53.6500 Y512.7265
G1 X53.5755 Y512.8410
G1 X53.5078 Y512.9596
G1 X53.4472 Y513.0820
G1 X53.3937 Y513.2077
G1 X53.3477 Y513.3363
G1 X53.3092 Y513.4674
G1 X53.2783 Y513.6004
G1 X53.2553 Y513.7351
G1 X53.2401 Y513.8708
G1 X53.2329 Y514.0072
G1 X53.2336 Y514.1438
G1 X53.2422 Y514.2801
G1 X53.2588 Y514.4157
G1 X53.2832 Y514.5501
G1 X53.3154 Y514.6829
G1 X53.3552 Y514.8135
G1 X53.4026 Y514.9417
G1 X53.4574 Y515.0668
G1 X53.5193 Y515.1885
G1 X53.5882 Y515.3065
G1 X53.6638 Y515.4202
G1 X53.7460 Y515.5294
G1 X53.8343 Y515.6336
G1 X53.9286 Y515.7324
G1 X54.0284 Y515.8257
G1 X54.1335 Y515.9129
G1 X54.2435 Y515.9939
G1 X54.3580 Y516.0684
G1 X54.4766 Y516.1361
G1 X54.5990 Y516.1968
G1 X54.7247 Y516.2502
G1 X54.8533 Y516.2963
G1 X54.9843 Y516.3348
G1 X55.1174 Y516.3656
G1 X55.2521 Y516.3886
G1 X55.3878 Y516.4038
G1 X55.5242 Y516.4110
G1 X55.6608 Y516.4103
G1 X55.7971 Y516.4017
G1 X55.9327 Y516.3851
G1 X56.0671 Y516.3607
G1 X56.1999 Y516.3286
G1 X56.3305 Y516.2887
G1 X56.4586 Y516.2413
G1 X56.5838 Y516.1866
G1 X56.7055 Y516.1247
G1 X56.8235 Y516.0557
G1 X56.9372 Y515.9801
G1 X57.0464 Y515.8980
G1 X57.1505 Y515.8096
G1 X57.2494 Y515.7154
G1 X57.3426 Y515.6156
G1 X57.4299 Y515.5105
G1 X57.5109 Y515.4005
G1 X57.5854 Y515.2860
G1 X57.6531 Y515.1673
G1 X57.7138 Y515.0449
G1 X57.7672 Y514.9192
G1 X57.8133 Y514.7907
G1 X57.8518 Y514.6596
G1 X57.8826 Y514.5265
G1 X57.9056 Y514.3919
G1 X57.9208 Y514.2561
G1 X57.9280 Y514.1197
G1 X57.9273 Y513.9831
G1 X57.9187 Y513.8468
G1 X57.9021 Y513.7112
G1 X57.8777 Y513.5768
G1 X57.8455 Y513.4441
G1 X57.8057 Y513.3134
G1 X57.7583 Y513.1853
G1 X57.7036 Y513.0602
G1 X57.6416 Y512.9384
G1 X57.5727 Y512.8205
G1 X57.4971 Y512.7067
G1 X57.4150 Y512.5976
G1 X57.3266 Y512.4934
G1 X57.2324 Y512.3945
G1 X57.1325 Y512.3013
G1 X57.0274 Y512.2140
G1 X56.9175 Y512.1330
G1 X56.8030 Y512.0586
G1 X56.6843 Y511.9909
G1 X56.5619 Y511.9302
G1 X56.4362 Y511.8767
G1 X56.3076 Y511.8307
G1 X56.1766 Y511.7922
G1 X56.0435 Y511.7613
G1 X55.9089 Y511.7383
G1 X55.7731 Y511.7232
G1 X55.6367 Y511.7159
G1 X55.5001 Y511.7166
G1 X55.3638 Y511.7253
G1 Z8.0000 F120
G1 X55.2282 Y511.7418 F600
G1 X55.0938 Y511.7662
G1 X54.9611 Y511.7984
G1 X54.8304 Y511.8383
G1 X54.7023 Y511.8856
G1 X54.5771 Y511.9404
G1 X54.4554 Y512.0023
G1 X54.3375 Y512.0712
G1 X54.2237 Y512.1469
G1 X54.1146 Y512.2290
G1 X54.0104 Y512.3173
G1 X53.9115 Y512.4116
G1 X53.8183 Y512.5114
G1 X53.7310 Y512.6165
G1 X53.6500 Y512.7265
G1 X53.5755 Y512.8410
G1 X53.5078 Y512.9596
G1 X53.4472 Y513.0820
G1 X53.3937 Y513.2077
G1 X53.3477 Y513.3363
G1 X53.3092 Y513.4674
G1 X53.2783 Y513.6004
G1 X53.2553 Y513.7351
G1 X53.2401 Y513.8708
G1 X53.2329 Y514.0072
G1 X53.2336 Y514.1438
G1 X53.2422 Y514.2801
G1 X53.2588 Y514.4157
G1 X53.2832 Y514.5501
G1 X53.3154 Y514.6829
G1 X53.3552 Y514.8135
G1 X53.4026 Y514.9417
G1 X53.4574 Y515.0668
G1 X53.5193 Y515.1885
G1 X53.5882 Y515.3065
G1 X53.6638 Y515.4202
G1 X53.7460 Y515.5294
G1 X53.8343 Y515.6336
G1 X53.9286 Y515.7324
G1 X54.0284 Y515.8257
G1 X54.1335 Y515.9129
G1 X54.2435 Y515.9939
G1 X54.3580 Y516.0684
G1 X54.4766 Y516.1361
G1 X54.5990 Y516.1968
G1 X54.7247 Y516.2502
G1 X54.8533 Y516.2963
G1 X54.9843 Y516.3348
G1 X55.1174 Y516.3656
G1 X55.2521 Y516.3886
G1 X55.3878 Y516.4038
G1 X55.5242 Y516.4110
G1 X55.6608 Y516.4103
G1 X55.7971 Y516.4017
G1 X55.9327 Y516.3851
G1 X56.0671 Y516.3607
G1 X56.1999 Y516.3286
G1 X56.3305 Y516.2887
G1 X56.4586 Y516.2413
G1 X56.5838 Y516.1866
G1 X56.7055 Y516.1247
G1 X56.8235 Y516.0557
G1 X56.9372 Y515.9801
G1 X57.0464 Y515.8980
G1 X57.1505 Y515.8096
G1 X57.2494 Y515.7154
G1 X57.3426 Y515.6156
G1 X57.4299 Y515.5105
G1 X57.5109 Y515.4005
G1 X57.5854 Y515.2860
G1 X57.6531 Y515.1673
G1 X57.7138 Y515.0449
G1 X57.7672 Y514.9192
G1 X57.8133 Y514.7907
G1 X57.8518 Y514.6596
G1 X57.8826 Y514.5265
G1 X57.9056 Y514.3919
G1 X57.9208 Y514.2561
G1 X57.9280 Y514.1197
G1 X57.9273 Y513.9831
G1 X57.9187 Y513.8468
G1 X57.9021 Y513.7112
G1 X57.8777 Y513.5768
G1 X57.8455 Y513.4441
G1 X57.8057 Y513.3134
G1 X57.7583 Y513.1853
G1 X57.7036 Y513.0602
G1 X57.6416 Y512.9384
G1 X57.5727 Y512.8205
G1 X57.4971 Y512.7067
G1 X57.4150 Y512.5976
G1 X57.3266 Y512.4934
G1 X57.2324 Y512.3945
G1 X57.1325 Y512.3013
G1 X57.0274 Y512.2140
G1 X56.9175 Y512.1330
G1 X56.8030 Y512.0586
G1 X56.6843 Y511.9909
G1 X56.5619 Y511.9302
G1 X56.4362 Y511.8767
G1 X56.3076 Y511.8307
G1 X56.1766 Y511.7922
G1 X56.0435 Y511.7613
G1 X55.9089 Y511.7383
G1 X55.7731 Y511.7232
G1 X55.6367 Y511.7159
G1 X55.5001 Y511.7166
G1 X55.3638 Y511.7253
G0 Z-5.0000 F480


(No. 114: Drill 2)
G0 X20.5805 Y533.0635 Z-5.0000 F2100
G0 Z-0.5000 F480
G1 Z4.0000 F120
G0 Z-0.5000 F480
G0 Z3.5000
G1 Z8.0000 F120
G0 Z-5.0000 F480


(No. 115: Drill 1)
G0 X25.5805 Y559.0635 Z-5.0000 F2100
G0 Z-0.5000 F480
G1 Z4.0000 F120
G0 Z-0.5000 F480
G0 Z3.5000
G1 Z8.0000 F120
G0 Z-5.0000 F480


(No. 116: Drill 3)
G0 X115.5805 Y559.0635 Z-5.0000 F2100
G0 Z-0.5000 F480
G1 Z4.0000 F120
G0 Z-0.5000 F480
G0 Z3.5000
G1 Z8.0000 F120
G0 Z-5.0000 F480


(No. 117: Drill 4)
G0 X120.5805 Y533.0635 Z-5.0000 F2100
G0 Z-0.5000 F480
G1 Z4.0000 F120
G0 Z-0.5000 F480
G0 Z3.5000
G1 Z8.0000 F120
G0 Z-5.0000 F480


(No. 118: Drill 9)
G0 X148.9306 Y559.0635 Z-5.0000 F2100
G0 Z-0.5000 F480
G1 Z4.0000 F120
G0 Z-0.5000 F480
G0 Z3.5000
G1 Z8.0000 F120
G0 Z-5.0000 F480


(No. 119: Drill 10)
G0 X214.5806 Y559.0635 Z-5.0000 F2100
G0 Z-0.5000 F480
G1 Z4.0000 F120
G0 Z-0.5000 F480
G0 Z3.5000
G1 Z8.0000 F120
G0 Z-5.0000 F480


(No. 120: Drill 11)
G0 X280.2306 Y559.0635 Z-5.0000 F2100
G0 Z-0.5000 F480
G1 Z4.0000 F120
G0 Z-0.5000 F480
G0 Z3.5000
G1 Z8.0000 F120
G0 Z-5.0000 F480


(No. 121: Drill 9)
G0 X311.6284 Y559.0635 Z-5.0000 F2100
G0 Z-0.5000 F480
G1 Z4.0000 F120
G0 Z-0.5000 F480
G0 Z3.5000
G1 Z8.0000 F120
G0 Z-5.0000 F480


(No. 122: Drill 10)
G0 X377.2784 Y559.0635 Z-5.0000 F2100
G0 Z-0.5000 F480
G1 Z4.0000 F120
G0 Z-0.5000 F480
G0 Z3.5000
G1 Z8.0000 F120
G0 Z-5.0000 F480


(No. 123: Drill 11)
G0 X442.9284 Y559.0635 Z-5.0000 F2100
G0 Z-0.5000 F480
G1 Z4.0000 F120
G0 Z-0.5000 F480
G0 Z3.5000
G1 Z8.0000 F120
G0 Z-5.0000 F480


(No. 124: Drill 1)
G0 X480.4284 Y559.0635 Z-5.0000 F2100
G0 Z-0.5000 F480
G1 Z4.0000 F120
G0 Z-0.5000 F480
G0 Z3.5000
G1 Z8.0000 F120
G0 Z-5.0000 F480


(No. 125: Drill 2)
G0 X475.4284 Y533.0635 Z-5.0000 F2100
G0 Z-0.5000 F480
G1 Z4.0000 F120
G0 Z-0.5000 F480
G0 Z3.5000
G1 Z8.0000 F120
G0 Z-5.0000 F480


(No. 126: Hole 1)
G0 X510.2117 Y511.7253 Z-5.0000 F2100
G0 Z-0.5000 F480
G1 Z0.0000 F120
G1 Z4.0000
G1 X510.0762 Y511.7418 F600
G1 X509.9418 Y511.7662
G1 X509.8090 Y511.7984
G1 X509.6784 Y511.8383
G1 X509.5502 Y511.8856
G1 X509.4251 Y511.9404
G1 X509.3033 Y512.0023
G1 X509.1854 Y512.0712
G1 X509.0717 Y512.1469
G1 X508.9625 Y512.2290
G1 X508.8583 Y512.3173
G1 X508.7595 Y512.4116
G1 X508.6662 Y512.5114
G1 X508.5790 Y512.6165
G1 X508.4980 Y512.7265
G1 X508.4235 Y512.8410
G1 X508.3558 Y512.9596
G1 X508.2951 Y513.0820
G1 X508.2417 Y513.2077
G1 X508.1956 Y513.3363
G1 X508.1571 Y513.4674
G1 X508.1263 Y513.6004
G1 X508.1033 Y513.7351
G1 X508.0881 Y513.8708
G1 X508.0808 Y514.0072
G1 X508.0816 Y514.1438
G1 X508.0902 Y514.2801
G1 X508.1067 Y514.4157
G1 X508.1312 Y514.5501
G1 X508.1633 Y514.6829
G1 X508.2032 Y514.8135
G1 X508.2506 Y514.9417
G1 X508.3053 Y515.0668
G1 X508.3672 Y515.1885
G1 X508.4361 Y515.3065
G1 X508.5118 Y515.4202
G1 X508.5939 Y515.5294
G1 X508.6823 Y515.6336
G1 X508.7765 Y515.7324
G1 X508.8763 Y515.8257
G1 X508.9814 Y515.9129
G1 X509.0914 Y515.9939
G1 X509.2059 Y516.0684
G1 X509.3246 Y516.1361
G1 X509.4469 Y516.1968
G1 X509.5726 Y516.2502
G1 X509.7012 Y516.2963
G1 X509.8323 Y516.3348
G1 X509.9654 Y516.3656
G1 X510.1000 Y516.3886
G1 X510.2358 Y516.4038
G1 X510.3722 Y516.4110
G1 X510.5088 Y516.4103
G1 X510.6451 Y516.4017
G1 X510.7807 Y516.3851
G1 X510.9151 Y516.3607
G1 X511.0478 Y516.3286
G1 X511.1785 Y516.2887
G1 X511.3066 Y516.2413
G1 X511.4317 Y516.1866
G1 X511.5535 Y516.1247
G1 X511.6714 Y516.0557
G1 X511.7852 Y515.9801
G1 X511.8943 Y515.8980
G1 X511.9985 Y515.8096
G1 X512.0974 Y515.7154
G1 X512.1906 Y515.6156
G1 X512.2779 Y515.5105
G1 X512.3589 Y515.4005
G1 X512.4333 Y515.2860
G1 X512.5010 Y515.1673
G1 X512.5617 Y515.0449
G1 X512.6152 Y514.9192
G1 X512.6612 Y514.7907
G1 X512.6997 Y514.6596
G1 X512.7305 Y514.5265
G1 X512.7536 Y514.3919
G1 X512.7687 Y514.2561
G1 X512.7760 Y514.1197
G1 X512.7753 Y513.9831
G1 X512.7666 Y513.8468
G1 X512.7501 Y513.7112
G1 X512.7257 Y513.5768
G1 X512.6935 Y513.4441
G1 X512.6536 Y513.3134
G1 X512.6063 Y513.1853
G1 X512.5515 Y513.0602
G1 X512.4896 Y512.9384
G1 X512.4207 Y512.8205
G1 X512.3450 Y512.7067
G1 X512.2629 Y512.5976
G1 X512.1746 Y512.4934
G1 X512.0803 Y512.3945
G1 X511.9805 Y512.3013
G1 X511.8754 Y512.2140
G1 X511.7654 Y512.1330
G1 X511.6509 Y512.0586
G1 X511.5323 Y511.9909
G1 X511.4099 Y511.9302
G1 X511.2842 Y511.8767
G1 X511.1556 Y511.8307
G1 X511.0245 Y511.7922
G1 X510.8915 Y511.7613
G1 X510.7568 Y511.7383
G1 X510.6211 Y511.7232
G1 X510.4847 Y511.7159
G1 X510.3481 Y511.7166
G1 X510.2117 Y511.7253
G1 Z8.0000 F120
G1 X510.0762 Y511.7418 F600
G1 X509.9418 Y511.7662
G1 X509.8090 Y511.7984
G1 X509.6784 Y511.8383
G1 X509.5502 Y511.8856
G1 X509.4251 Y511.9404
G1 X509.3033 Y512.0023
G1 X509.1854 Y512.0712
G1 X509.0717 Y512.1469
G1 X508.9625 Y512.2290
G1 X508.8583 Y512.3173
G1 X508.7595 Y512.4116
G1 X508.6662 Y512.5114
G1 X508.5790 Y512.6165
G1 X508.4980 Y512.7265
G1 X508.4235 Y512.8410
G1 X508.3558 Y512.9596
G1 X508.2951 Y513.0820
G1 X508.2417 Y513.2077
G1 X508.1956 Y513.3363
G1 X508.1571 Y513.4674
G1 X508.1263 Y513.6004
G1 X508.1033 Y513.7351
G1 X508.0881 Y513.8708
G1 X508.0808 Y514.0072
G1 X508.0816 Y514.1438
G1 X508.0902 Y514.2801
G1 X508.1067 Y514.4157
G1 X508.1312 Y514.5501
G1 X508.1633 Y514.6829
G1 X508.2032 Y514.8135
G1 X508.2506 Y514.9417
G1 X508.3053 Y515.0668
G1 X508.3672 Y515.1885
G1 X508.4361 Y515.3065
G1 X508.5118 Y515.4202
G1 X508.5939 Y515.5294
G1 X508.6823 Y515.6336
G1 X508.7765 Y515.7324
G1 X508.8763 Y515.8257
G1 X508.9814 Y515.9129
G1 X509.0914 Y515.9939
G1 X509.2059 Y516.0684
G1 X509.3246 Y516.1361
G1 X509.4469 Y516.1968
G1 X509.5726 Y516.2502
G1 X509.7012 Y516.2963
G1 X509.8323 Y516.3348
G1 X509.9654 Y516.3656
G1 X510.1000 Y516.3886
G1 X510.2358 Y516.4038
G1 X510.3722 Y516.4110
G1 X510.5088 Y516.4103
G1 X510.6451 Y516.4017
G1 X510.7807 Y516.3851
G1 X510.9151 Y516.3607
G1 X511.0478 Y516.3286
G1 X511.1785 Y516.2887
G1 X511.3066 Y516.2413
G1 X511.4317 Y516.1866
G1 X511.5535 Y516.1247
G1 X511.6714 Y516.0557
G1 X511.7852 Y515.9801
G1 X511.8943 Y515.8980
G1 X511.9985 Y515.8096
G1 X512.0974 Y515.7154
G1 X512.1906 Y515.6156
G1 X512.2779 Y515.5105
G1 X512.3589 Y515.4005
G1 X512.4333 Y515.2860
G1 X512.5010 Y515.1673
G1 X512.5617 Y515.0449
G1 X512.6152 Y514.9192
G1 X512.6612 Y514.7907
G1 X512.6997 Y514.6596
G1 X512.7305 Y514.5265
G1 X512.7536 Y514.3919
G1 X512.7687 Y514.2561
G1 X512.7760 Y514.1197
G1 X512.7753 Y513.9831
G1 X512.7666 Y513.8468
G1 X512.7501 Y513.7112
G1 X512.7257 Y513.5768
G1 X512.6935 Y513.4441
G1 X512.6536 Y513.3134
G1 X512.6063 Y513.1853
G1 X512.5515 Y513.0602
G1 X512.4896 Y512.9384
G1 X512.4207 Y512.8205
G1 X512.3450 Y512.7067
G1 X512.2629 Y512.5976
G1 X512.1746 Y512.4934
G1 X512.0803 Y512.3945
G1 X511.9805 Y512.3013
G1 X511.8754 Y512.2140
G1 X511.7654 Y512.1330
G1 X511.6509 Y512.0586
G1 X511.5323 Y511.9909
G1 X511.4099 Y511.9302
G1 X511.2842 Y511.8767
G1 X511.1556 Y511.8307
G1 X511.0245 Y511.7922
G1 X510.8915 Y511.7613
G1 X510.7568 Y511.7383
G1 X510.6211 Y511.7232
G1 X510.4847 Y511.7159
G1 X510.3481 Y511.7166
G1 X510.2117 Y511.7253
G0 Z-5.0000 F480


(No. 127: Hole 1)
G0 X510.2117 Y496.7253 Z-5.0000 F2100
G0 Z-0.5000 F480
G1 Z0.0000 F120
G1 Z4.0000
G1 X510.0762 Y496.7418 F600
G1 X509.9418 Y496.7662
G1 X509.8090 Y496.7984
G1 X509.6784 Y496.8383
G1 X509.5502 Y496.8856
G1 X509.4251 Y496.9404
G1 X509.3033 Y497.0023
G1 X509.1854 Y497.0712
G1 X509.0717 Y497.1469
G1 X508.9625 Y497.2290
G1 X508.8583 Y497.3173
G1 X508.7595 Y497.4116
G1 X508.6662 Y497.5114
G1 X508.5790 Y497.6165
G1 X508.4980 Y497.7265
G1 X508.4235 Y497.8410
G1 X508.3558 Y497.9596
G1 X508.2951 Y498.0820
G1 X508.2417 Y498.2077
G1 X508.1956 Y498.3363
G1 X508.1571 Y498.4674
G1 X508.1263 Y498.6004
G1 X508.1033 Y498.7351
G1 X508.0881 Y498.8708
G1 X508.0808 Y499.0072
G1 X508.0816 Y499.1438
G1 X508.0902 Y499.2801
G1 X508.1067 Y499.4157
G1 X508.1312 Y499.5501
G1 X508.1633 Y499.6829
G1 X508.2032 Y499.8135
G1 X508.2506 Y499.9417
G1 X508.3053 Y500.0668
G1 X508.3672 Y500.1885
G1 X508.4361 Y500.3065
G1 X508.5118 Y500.4202
G1 X508.5939 Y500.5294
G1 X508.6823 Y500.6336
G1 X508.7765 Y500.7324
G1 X508.8763 Y500.8257
G1 X508.9814 Y500.9129
G1 X509.0914 Y500.9939
G1 X509.2059 Y501.0684
G1 X509.3246 Y501.1361
G1 X509.4469 Y501.1968
G1 X509.5726 Y501.2502
G1 X509.7012 Y501.2963
G1 X509.8323 Y501.3348
G1 X509.9654 Y501.3656
G1 X510.1000 Y501.3886
G1 X510.2358 Y501.4038
G1 X510.3722 Y501.4110
G1 X510.5088 Y501.4103
G1 X510.6451 Y501.4017
G1 X510.7807 Y501.3851
G1 X510.9151 Y501.3607
G1 X511.0478 Y501.3286
G1 X511.1785 Y501.2887
G1 X511.3066 Y501.2413
G1 X511.4317 Y501.1866
G1 X511.5535 Y501.1247
G1 X511.6714 Y501.0557
G1 X511.7852 Y500.9801
G1 X511.8943 Y500.8980
G1 X511.9985 Y500.8096
G1 X512.0974 Y500.7154
G1 X512.1906 Y500.6156
G1 X512.2779 Y500.5105
G1 X512.3589 Y500.4005
G1 X512.4333 Y500.2860
G1 X512.5010 Y500.1673
G1 X512.5617 Y500.0449
G1 X512.6152 Y499.9192
G1 X512.6612 Y499.7907
G1 X512.6997 Y499.6596
G1 X512.7305 Y499.5265
G1 X512.7536 Y499.3919
G1 X512.7687 Y499.2561
G1 X512.7760 Y499.1197
G1 X512.7753 Y498.9831
G1 X512.7666 Y498.8468
G1 X512.7501 Y498.7112
G1 X512.7257 Y498.5768
G1 X512.6935 Y498.4441
G1 X512.6536 Y498.3134
G1 X512.6063 Y498.1853
G1 X512.5515 Y498.0602
G1 X512.4896 Y497.9384
G1 X512.4207 Y497.8205
G1 X512.3450 Y497.7067
G1 X512.2629 Y497.5976
G1 X512.1746 Y497.4934
G1 X512.0803 Y497.3945
G1 X511.9805 Y497.3013
G1 X511.8754 Y497.2140
G1 X511.7654 Y497.1330
G1 X511.6509 Y497.0586
G1 X511.5323 Y496.9909
G1 X511.4099 Y496.9302
G1 X511.2842 Y496.8767
G1 X511.1556 Y496.8307
G1 X511.0245 Y496.7922
G1 X510.8915 Y496.7613
G1 X510.7568 Y496.7383
G1 X510.6211 Y496.7232
G1 X510.4847 Y496.7159
G1 X510.3481 Y496.7166
G1 X510.2117 Y496.7253
G1 Z8.0000 F120
G1 X510.0762 Y496.7418 F600
G1 X509.9418 Y496.7662
G1 X509.8090 Y496.7984
G1 X509.6784 Y496.8383
G1 X509.5502 Y496.8856
G1 X509.4251 Y496.9404
G1 X509.3033 Y497.0023
G1 X509.1854 Y497.0712
G1 X509.0717 Y497.1469
G1 X508.9625 Y497.2290
G1 X508.8583 Y497.3173
G1 X508.7595 Y497.4116
G1 X508.6662 Y497.5114
G1 X508.5790 Y497.6165
G1 X508.4980 Y497.7265
G1 X508.4235 Y497.8410
G1 X508.3558 Y497.9596
G1 X508.2951 Y498.0820
G1 X508.2417 Y498.2077
G1 X508.1956 Y498.3363
G1 X508.1571 Y498.4674
G1 X508.1263 Y498.6004
G1 X508.1033 Y498.7351
G1 X508.0881 Y498.8708
G1 X508.0808 Y499.0072
G1 X508.0816 Y499.1438
G1 X508.0902 Y499.2801
G1 X508.1067 Y499.4157
G1 X508.1312 Y499.5501
G1 X508.1633 Y499.6829
G1 X508.2032 Y499.8135
G1 X508.2506 Y499.9417
G1 X508.3053 Y500.0668
G1 X508.3672 Y500.1885
G1 X508.4361 Y500.3065
G1 X508.5118 Y500.4202
G1 X508.5939 Y500.5294
G1 X508.6823 Y500.6336
G1 X508.7765 Y500.7324
G1 X508.8763 Y500.8257
G1 X508.9814 Y500.9129
G1 X509.0914 Y500.9939
G1 X509.2059 Y501.0684
G1 X509.3246 Y501.1361
G1 X509.4469 Y501.1968
G1 X509.5726 Y501.2502
G1 X509.7012 Y501.2963
G1 X509.8323 Y501.3348
G1 X509.9654 Y501.3656
G1 X510.1000 Y501.3886
G1 X510.2358 Y501.4038
G1 X510.3722 Y501.4110
G1 X510.5088 Y501.4103
G1 X510.6451 Y501.4017
G1 X510.7807 Y501.3851
G1 X510.9151 Y501.3607
G1 X511.0478 Y501.3286
G1 X511.1785 Y501.2887
G1 X511.3066 Y501.2413
G1 X511.4317 Y501.1866
G1 X511.5535 Y501.1247
G1 X511.6714 Y501.0557
G1 X511.7852 Y500.9801
G1 X511.8943 Y500.8980
G1 X511.9985 Y500.8096
G1 X512.0974 Y500.7154
G1 X512.1906 Y500.6156
G1 X512.2779 Y500.5105
G1 X512.3589 Y500.4005
G1 X512.4333 Y500.2860
G1 X512.5010 Y500.1673
G1 X512.5617 Y500.0449
G1 X512.6152 Y499.9192
G1 X512.6612 Y499.7907
G1 X512.6997 Y499.6596
G1 X512.7305 Y499.5265
G1 X512.7536 Y499.3919
G1 X512.7687 Y499.2561
G1 X512.7760 Y499.1197
G1 X512.7753 Y498.9831
G1 X512.7666 Y498.8468
G1 X512.7501 Y498.7112
G1 X512.7257 Y498.5768
G1 X512.6935 Y498.4441
G1 X512.6536 Y498.3134
G1 X512.6063 Y498.1853
G1 X512.5515 Y498.0602
G1 X512.4896 Y497.9384
G1 X512.4207 Y497.8205
G1 X512.3450 Y497.7067
G1 X512.2629 Y497.5976
G1 X512.1746 Y497.4934
G1 X512.0803 Y497.3945
G1 X511.9805 Y497.3013
G1 X511.8754 Y497.2140
G1 X511.7654 Y497.1330
G1 X511.6509 Y497.0586
G1 X511.5323 Y496.9909
G1 X511.4099 Y496.9302
G1 X511.2842 Y496.8767
G1 X511.1556 Y496.8307
G1 X511.0245 Y496.7922
G1 X510.8915 Y496.7613
G1 X510.7568 Y496.7383
G1 X510.6211 Y496.7232
G1 X510.4847 Y496.7159
G1 X510.3481 Y496.7166
G1 X510.2117 Y496.7253
G0 Z-5.0000 F480


(No. 128: Hole 1)
G0 X510.2117 Y481.7253 Z-5.0000 F2100
G0 Z-0.5000 F480
G1 Z0.0000 F120
G1 Z4.0000
G1 X510.0762 Y481.7418 F600
G1 X509.9418 Y481.7662
G1 X509.8090 Y481.7984
G1 X509.6784 Y481.8383
G1 X509.5502 Y481.8856
G1 X509.4251 Y481.9404
G1 X509.3033 Y482.0023
G1 X509.1854 Y482.0712
G1 X509.0717 Y482.1469
G1 X508.9625 Y482.2290
G1 X508.8583 Y482.3173
G1 X508.7595 Y482.4116
G1 X508.6662 Y482.5114
G1 X508.5790 Y482.6165
G1 X508.4980 Y482.7265
G1 X508.4235 Y482.8410
G1 X508.3558 Y482.9596
G1 X508.2951 Y483.0820
G1 X508.2417 Y483.2077
G1 X508.1956 Y483.3363
G1 X508.1571 Y483.4674
G1 X508.1263 Y483.6004
G1 X508.1033 Y483.7351
G1 X508.0881 Y483.8708
G1 X508.0808 Y484.0072
G1 X508.0816 Y484.1438
G1 X508.0902 Y484.2801
G1 X508.1067 Y484.4157
G1 X508.1312 Y484.5501
G1 X508.1633 Y484.6829
G1 X508.2032 Y484.8135
G1 X508.2506 Y484.9417
G1 X508.3053 Y485.0668
G1 X508.3672 Y485.1885
G1 X508.4361 Y485.3065
G1 X508.5118 Y485.4202
G1 X508.5939 Y485.5294
G1 X508.6823 Y485.6336
G1 X508.7765 Y485.7324
G1 X508.8763 Y485.8257
G1 X508.9814 Y485.9129
G1 X509.0914 Y485.9939
G1 X509.2059 Y486.0684
G1 X509.3246 Y486.1361
G1 X509.4469 Y486.1968
G1 X509.5726 Y486.2502
G1 X509.7012 Y486.2963
G1 X509.8323 Y486.3348
G1 X509.9654 Y486.3656
G1 X510.1000 Y486.3886
G1 X510.2358 Y486.4038
G1 X510.3722 Y486.4110
G1 X510.5088 Y486.4103
G1 X510.6451 Y486.4017
G1 X510.7807 Y486.3851
G1 X510.9151 Y486.3607
G1 X511.0478 Y486.3286
G1 X511.1785 Y486.2887
G1 X511.3066 Y486.2413
G1 X511.4317 Y486.1866
G1 X511.5535 Y486.1247
G1 X511.6714 Y486.0557
G1 X511.7852 Y485.9801
G1 X511.8943 Y485.8980
G1 X511.9985 Y485.8096
G1 X512.0974 Y485.7154
G1 X512.1906 Y485.6156
G1 X512.2779 Y485.5105
G1 X512.3589 Y485.4005
G1 X512.4333 Y485.2860
G1 X512.5010 Y485.1673
G1 X512.5617 Y485.0449
G1 X512.6152 Y484.9192
G1 X512.6612 Y484.7907
G1 X512.6997 Y484.6596
G1 X512.7305 Y484.5265
G1 X512.7536 Y484.3919
G1 X512.7687 Y484.2561
G1 X512.7760 Y484.1197
G1 X512.7753 Y483.9831
G1 X512.7666 Y483.8468
G1 X512.7501 Y483.7112
G1 X512.7257 Y483.5768
G1 X512.6935 Y483.4441
G1 X512.6536 Y483.3134
G1 X512.6063 Y483.1853
G1 X512.5515 Y483.0602
G1 X512.4896 Y482.9384
G1 X512.4207 Y482.8205
G1 X512.3450 Y482.7067
G1 X512.2629 Y482.5976
G1 X512.1746 Y482.4934
G1 X512.0803 Y482.3945
G1 X511.9805 Y482.3013
G1 X511.8754 Y482.2140
G1 X511.7654 Y482.1330
G1 X511.6509 Y482.0586
G1 X511.5323 Y481.9909
G1 X511.4099 Y481.9302
G1 X511.2842 Y481.8767
G1 X511.1556 Y481.8307
G1 X511.0245 Y481.7922
G1 X510.8915 Y481.7613
G1 X510.7568 Y481.7383
G1 X510.6211 Y481.7232
G1 X510.4847 Y481.7159
G1 X510.3481 Y481.7166
G1 X510.2117 Y481.7253
G1 Z8.0000 F120
G1 X510.0762 Y481.7418 F600
G1 X509.9418 Y481.7662
G1 X509.8090 Y481.7984
G1 X509.6784 Y481.8383
G1 X509.5502 Y481.8856
G1 X509.4251 Y481.9404
G1 X509.3033 Y482.0023
G1 X509.1854 Y482.0712
G1 X509.0717 Y482.1469
G1 X508.9625 Y482.2290
G1 X508.8583 Y482.3173
G1 X508.7595 Y482.4116
G1 X508.6662 Y482.5114
G1 X508.5790 Y482.6165
G1 X508.4980 Y482.7265
G1 X508.4235 Y482.8410
G1 X508.3558 Y482.9596
G1 X508.2951 Y483.0820
G1 X508.2417 Y483.2077
G1 X508.1956 Y483.3363
G1 X508.1571 Y483.4674
G1 X508.1263 Y483.6004
G1 X508.1033 Y483.7351
G1 X508.0881 Y483.8708
G1 X508.0808 Y484.0072
G1 X508.0816 Y484.1438
G1 X508.0902 Y484.2801
G1 X508.1067 Y484.4157
G1 X508.1312 Y484.5501
G1 X508.1633 Y484.6829
G1 X508.2032 Y484.8135
G1 X508.2506 Y484.9417
G1 X508.3053 Y485.0668
G1 X508.3672 Y485.1885
G1 X508.4361 Y485.3065
G1 X508.5118 Y485.4202
G1 X508.5939 Y485.5294
G1 X508.6823 Y485.6336
G1 X508.7765 Y485.7324
G1 X508.8763 Y485.8257
G1 X508.9814 Y485.9129
G1 X509.0914 Y485.9939
G1 X509.2059 Y486.0684
G1 X509.3246 Y486.1361
G1 X509.4469 Y486.1968
G1 X509.5726 Y486.2502
G1 X509.7012 Y486.2963
G1 X509.8323 Y486.3348
G1 X509.9654 Y486.3656
G1 X510.1000 Y486.3886
G1 X510.2358 Y486.4038
G1 X510.3722 Y486.4110
G1 X510.5088 Y486.4103
G1 X510.6451 Y486.4017
G1 X510.7807 Y486.3851
G1 X510.9151 Y486.3607
G1 X511.0478 Y486.3286
G1 X511.1785 Y486.2887
G1 X511.3066 Y486.2413
G1 X511.4317 Y486.1866
G1 X511.5535 Y486.1247
G1 X511.6714 Y486.0557
G1 X511.7852 Y485.9801
G1 X511.8943 Y485.8980
G1 X511.9985 Y485.8096
G1 X512.0974 Y485.7154
G1 X512.1906 Y485.6156
G1 X512.2779 Y485.5105
G1 X512.3589 Y485.4005
G1 X512.4333 Y485.2860
G1 X512.5010 Y485.1673
G1 X512.5617 Y485.0449
G1 X512.6152 Y484.9192
G1 X512.6612 Y484.7907
G1 X512.6997 Y484.6596
G1 X512.7305 Y484.5265
G1 X512.7536 Y484.3919
G1 X512.7687 Y484.2561
G1 X512.7760 Y484.1197
G1 X512.7753 Y483.9831
G1 X512.7666 Y483.8468
G1 X512.7501 Y483.7112
G1 X512.7257 Y483.5768
G1 X512.6935 Y483.4441
G1 X512.6536 Y483.3134
G1 X512.6063 Y483.1853
G1 X512.5515 Y483.0602
G1 X512.4896 Y482.9384
G1 X512.4207 Y482.8205
G1 X512.3450 Y482.7067
G1 X512.2629 Y482.5976
G1 X512.1746 Y482.4934
G1 X512.0803 Y482.3945
G1 X511.9805 Y482.3013
G1 X511.8754 Y482.2140
G1 X511.7654 Y482.1330
G1 X511.6509 Y482.0586
G1 X511.5323 Y481.9909
G1 X511.4099 Y481.9302
G1 X511.2842 Y481.8767
G1 X511.1556 Y481.8307
G1 X511.0245 Y481.7922
G1 X510.8915 Y481.7613
G1 X510.7568 Y481.7383
G1 X510.6211 Y481.7232
G1 X510.4847 Y481.7159
G1 X510.3481 Y481.7166
G1 X510.2117 Y481.7253
G0 Z-5.0000 F480


(No. 129: Hole 1)
G0 X495.2117 Y481.7253 Z-5.0000 F2100
G0 Z-0.5000 F480
G1 Z0.0000 F120
G1 Z4.0000
G1 X495.0762 Y481.7418 F600
G1 X494.9418 Y481.7662
G1 X494.8090 Y481.7984
G1 X494.6784 Y481.8383
G1 X494.5502 Y481.8856
G1 X494.4251 Y481.9404
G1 X494.3033 Y482.0023
G1 X494.1854 Y482.0712
G1 X494.0717 Y482.1469
G1 X493.9625 Y482.2290
G1 X493.8583 Y482.3173
G1 X493.7595 Y482.4116
G1 X493.6662 Y482.5114
G1 X493.5790 Y482.6165
G1 X493.4980 Y482.7265
G1 X493.4235 Y482.8410
G1 X493.3558 Y482.9596
G1 X493.2951 Y483.0820
G1 X493.2417 Y483.2077
G1 X493.1956 Y483.3363
G1 X493.1571 Y483.4674
G1 X493.1263 Y483.6004
G1 X493.1033 Y483.7351
G1 X493.0881 Y483.8708
G1 X493.0808 Y484.0072
G1 X493.0816 Y484.1438
G1 X493.0902 Y484.2801
G1 X493.1067 Y484.4157
G1 X493.1312 Y484.5501
G1 X493.1633 Y484.6829
G1 X493.2032 Y484.8135
G1 X493.2506 Y484.9417
G1 X493.3053 Y485.0668
G1 X493.3672 Y485.1885
G1 X493.4361 Y485.3065
G1 X493.5118 Y485.4202
G1 X493.5939 Y485.5294
G1 X493.6823 Y485.6336
G1 X493.7765 Y485.7324
G1 X493.8763 Y485.8257
G1 X493.9814 Y485.9129
G1 X494.0914 Y485.9939
G1 X494.2059 Y486.0684
G1 X494.3246 Y486.1361
G1 X494.4469 Y486.1968
G1 X494.5726 Y486.2502
G1 X494.7012 Y486.2963
G1 X494.8323 Y486.3348
G1 X494.9654 Y486.3656
G1 X495.1000 Y486.3886
G1 X495.2358 Y486.4038
G1 X495.3722 Y486.4110
G1 X495.5088 Y486.4103
G1 X495.6451 Y486.4017
G1 X495.7807 Y486.3851
G1 X495.9151 Y486.3607
G1 X496.0478 Y486.3286
G1 X496.1785 Y486.2887
G1 X496.3066 Y486.2413
G1 X496.4317 Y486.1866
G1 X496.5535 Y486.1247
G1 X496.6714 Y486.0557
G1 X496.7852 Y485.9801
G1 X496.8943 Y485.8980
G1 X496.9985 Y485.8096
G1 X497.0974 Y485.7154
G1 X497.1906 Y485.6156
G1 X497.2779 Y485.5105
G1 X497.3589 Y485.4005
G1 X497.4333 Y485.2860
G1 X497.5010 Y485.1673
G1 X497.5617 Y485.0449
G1 X497.6152 Y484.9192
G1 X497.6612 Y484.7907
G1 X497.6997 Y484.6596
G1 X497.7305 Y484.5265
G1 X497.7536 Y484.3919
G1 X497.7687 Y484.2561
G1 X497.7760 Y484.1197
G1 X497.7753 Y483.9831
G1 X497.7666 Y483.8468
G1 X497.7501 Y483.7112
G1 X497.7257 Y483.5768
G1 X497.6935 Y483.4441
G1 X497.6536 Y483.3134
G1 X497.6063 Y483.1853
G1 X497.5515 Y483.0602
G1 X497.4896 Y482.9384
G1 X497.4207 Y482.8205
G1 X497.3450 Y482.7067
G1 X497.2629 Y482.5976
G1 X497.1746 Y482.4934
G1 X497.0803 Y482.3945
G1 X496.9805 Y482.3013
G1 X496.8754 Y482.2140
G1 X496.7654 Y482.1330
G1 X496.6509 Y482.0586
G1 X496.5323 Y481.9909
G1 X496.4099 Y481.9302
G1 X496.2842 Y481.8767
G1 X496.1556 Y481.8307
G1 X496.0245 Y481.7922
G1 X495.8915 Y481.7613
G1 X495.7568 Y481.7383
G1 X495.6211 Y481.7232
G1 X495.4847 Y481.7159
G1 X495.3481 Y481.7166
G1 X495.2117 Y481.7253
G1 Z8.0000 F120
G1 X495.0762 Y481.7418 F600
G1 X494.9418 Y481.7662
G1 X494.8090 Y481.7984
G1 X494.6784 Y481.8383
G1 X494.5502 Y481.8856
G1 X494.4251 Y481.9404
G1 X494.3033 Y482.0023
G1 X494.1854 Y482.0712
G1 X494.0717 Y482.1469
G1 X493.9625 Y482.2290
G1 X493.8583 Y482.3173
G1 X493.7595 Y482.4116
G1 X493.6662 Y482.5114
G1 X493.5790 Y482.6165
G1 X493.4980 Y482.7265
G1 X493.4235 Y482.8410
G1 X493.3558 Y482.9596
G1 X493.2951 Y483.0820
G1 X493.2417 Y483.2077
G1 X493.1956 Y483.3363
G1 X493.1571 Y483.4674
G1 X493.1263 Y483.6004
G1 X493.1033 Y483.7351
G1 X493.0881 Y483.8708
G1 X493.0808 Y484.0072
G1 X493.0816 Y484.1438
G1 X493.0902 Y484.2801
G1 X493.1067 Y484.4157
G1 X493.1312 Y484.5501
G1 X493.1633 Y484.6829
G1 X493.2032 Y484.8135
G1 X493.2506 Y484.9417
G1 X493.3053 Y485.0668
G1 X493.3672 Y485.1885
G1 X493.4361 Y485.3065
G1 X493.5118 Y485.4202
G1 X493.5939 Y485.5294
G1 X493.6823 Y485.6336
G1 X493.7765 Y485.7324
G1 X493.8763 Y485.8257
G1 X493.9814 Y485.9129
G1 X494.0914 Y485.9939
G1 X494.2059 Y486.0684
G1 X494.3246 Y486.1361
G1 X494.4469 Y486.1968
G1 X494.5726 Y486.2502
G1 X494.7012 Y486.2963
G1 X494.8323 Y486.3348
G1 X494.9654 Y486.3656
G1 X495.1000 Y486.3886
G1 X495.2358 Y486.4038
G1 X495.3722 Y486.4110
G1 X495.5088 Y486.4103
G1 X495.6451 Y486.4017
G1 X495.7807 Y486.3851
G1 X495.9151 Y486.3607
G1 X496.0478 Y486.3286
G1 X496.1785 Y486.2887
G1 X496.3066 Y486.2413
G1 X496.4317 Y486.1866
G1 X496.5535 Y486.1247
G1 X496.6714 Y486.0557
G1 X496.7852 Y485.9801
G1 X496.8943 Y485.8980
G1 X496.9985 Y485.8096
G1 X497.0974 Y485.7154
G1 X497.1906 Y485.6156
G1 X497.2779 Y485.5105
G1 X497.3589 Y485.4005
G1 X497.4333 Y485.2860
G1 X497.5010 Y485.1673
G1 X497.5617 Y485.0449
G1 X497.6152 Y484.9192
G1 X497.6612 Y484.7907
G1 X497.6997 Y484.6596
G1 X497.7305 Y484.5265
G1 X497.7536 Y484.3919
G1 X497.7687 Y484.2561
G1 X497.7760 Y484.1197
G1 X497.7753 Y483.9831
G1 X497.7666 Y483.8468
G1 X497.7501 Y483.7112
G1 X497.7257 Y483.5768
G1 X497.6935 Y483.4441
G1 X497.6536 Y483.3134
G1 X497.6063 Y483.1853
G1 X497.5515 Y483.0602
G1 X497.4896 Y482.9384
G1 X497.4207 Y482.8205
G1 X497.3450 Y482.7067
G1 X497.2629 Y482.5976
G1 X497.1746 Y482.4934
G1 X497.0803 Y482.3945
G1 X496.9805 Y482.3013
G1 X496.8754 Y482.2140
G1 X496.7654 Y482.1330
G1 X496.6509 Y482.0586
G1 X496.5323 Y481.9909
G1 X496.4099 Y481.9302
G1 X496.2842 Y481.8767
G1 X496.1556 Y481.8307
G1 X496.0245 Y481.7922
G1 X495.8915 Y481.7613
G1 X495.7568 Y481.7383
G1 X495.6211 Y481.7232
G1 X495.4847 Y481.7159
G1 X495.3481 Y481.7166
G1 X495.2117 Y481.7253
G0 Z-5.0000 F480


(No. 130: Hole 1)
G0 X495.2117 Y496.7253 Z-5.0000 F2100
G0 Z-0.5000 F480
G1 Z0.0000 F120
G1 Z4.0000
G1 X495.0762 Y496.7418 F600
G1 X494.9418 Y496.7662
G1 X494.8090 Y496.7984
G1 X494.6784 Y496.8383
G1 X494.5502 Y496.8856
G1 X494.4251 Y496.9404
G1 X494.3033 Y497.0023
G1 X494.1854 Y497.0712
G1 X494.0717 Y497.1469
G1 X493.9625 Y497.2290
G1 X493.8583 Y497.3173
G1 X493.7595 Y497.4116
G1 X493.6662 Y497.5114
G1 X493.5790 Y497.6165
G1 X493.4980 Y497.7265
G1 X493.4235 Y497.8410
G1 X493.3558 Y497.9596
G1 X493.2951 Y498.0820
G1 X493.2417 Y498.2077
G1 X493.1956 Y498.3363
G1 X493.1571 Y498.4674
G1 X493.1263 Y498.6004
G1 X493.1033 Y498.7351
G1 X493.0881 Y498.8708
G1 X493.0808 Y499.0072
G1 X493.0816 Y499.1438
G1 X493.0902 Y499.2801
G1 X493.1067 Y499.4157
G1 X493.1312 Y499.5501
G1 X493.1633 Y499.6829
G1 X493.2032 Y499.8135
G1 X493.2506 Y499.9417
G1 X493.3053 Y500.0668
G1 X493.3672 Y500.1885
G1 X493.4361 Y500.3065
G1 X493.5118 Y500.4202
G1 X493.5939 Y500.5294
G1 X493.6823 Y500.6336
G1 X493.7765 Y500.7324
G1 X493.8763 Y500.8257
G1 X493.9814 Y500.9129
G1 X494.0914 Y500.9939
G1 X494.2059 Y501.0684
G1 X494.3246 Y501.1361
G1 X494.4469 Y501.1968
G1 X494.5726 Y501.2502
G1 X494.7012 Y501.2963
G1 X494.8323 Y501.3348
G1 X494.9654 Y501.3656
G1 X495.1000 Y501.3886
G1 X495.2358 Y501.4038
G1 X495.3722 Y501.4110
G1 X495.5088 Y501.4103
G1 X495.6451 Y501.4017
G1 X495.7807 Y501.3851
G1 X495.9151 Y501.3607
G1 X496.0478 Y501.3286
G1 X496.1785 Y501.2887
G1 X496.3066 Y501.2413
G1 X496.4317 Y501.1866
G1 X496.5535 Y501.1247
G1 X496.6714 Y501.0557
G1 X496.7852 Y500.9801
G1 X496.8943 Y500.8980
G1 X496.9985 Y500.8096
G1 X497.0974 Y500.7154
G1 X497.1906 Y500.6156
G1 X497.2779 Y500.5105
G1 X497.3589 Y500.4005
G1 X497.4333 Y500.2860
G1 X497.5010 Y500.1673
G1 X497.5617 Y500.0449
G1 X497.6152 Y499.9192
G1 X497.6612 Y499.7907
G1 X497.6997 Y499.6596
G1 X497.7305 Y499.5265
G1 X497.7536 Y499.3919
G1 X497.7687 Y499.2561
G1 X497.7760 Y499.1197
G1 X497.7753 Y498.9831
G1 X497.7666 Y498.8468
G1 X497.7501 Y498.7112
G1 X497.7257 Y498.5768
G1 X497.6935 Y498.4441
G1 X497.6536 Y498.3134
G1 X497.6063 Y498.1853
G1 X497.5515 Y498.0602
G1 X497.4896 Y497.9384
G1 X497.4207 Y497.8205
G1 X497.3450 Y497.7067
G1 X497.2629 Y497.5976
G1 X497.1746 Y497.4934
G1 X497.0803 Y497.3945
G1 X496.9805 Y497.3013
G1 X496.8754 Y497.2140
G1 X496.7654 Y497.1330
G1 X496.6509 Y497.0586
G1 X496.5323 Y496.9909
G1 X496.4099 Y496.9302
G1 X496.2842 Y496.8767
G1 X496.1556 Y496.8307
G1 X496.0245 Y496.7922
G1 X495.8915 Y496.7613
G1 X495.7568 Y496.7383
G1 X495.6211 Y496.7232
G1 X495.4847 Y496.7159
G1 X495.3481 Y496.7166
G1 X495.2117 Y496.7253
G1 Z8.0000 F120
G1 X495.0762 Y496.7418 F600
G1 X494.9418 Y496.7662
G1 X494.8090 Y496.7984
G1 X494.6784 Y496.8383
G1 X494.5502 Y496.8856
G1 X494.4251 Y496.9404
G1 X494.3033 Y497.0023
G1 X494.1854 Y497.0712
G1 X494.0717 Y497.1469
G1 X493.9625 Y497.2290
G1 X493.8583 Y497.3173
G1 X493.7595 Y497.4116
G1 X493.6662 Y497.5114
G1 X493.5790 Y497.6165
G1 X493.4980 Y497.7265
G1 X493.4235 Y497.8410
G1 X493.3558 Y497.9596
G1 X493.2951 Y498.0820
G1 X493.2417 Y498.2077
G1 X493.1956 Y498.3363
G1 X493.1571 Y498.4674
G1 X493.1263 Y498.6004
G1 X493.1033 Y498.7351
G1 X493.0881 Y498.8708
G1 X493.0808 Y499.0072
G1 X493.0816 Y499.1438
G1 X493.0902 Y499.2801
G1 X493.1067 Y499.4157
G1 X493.1312 Y499.5501
G1 X493.1633 Y499.6829
G1 X493.2032 Y499.8135
G1 X493.2506 Y499.9417
G1 X493.3053 Y500.0668
G1 X493.3672 Y500.1885
G1 X493.4361 Y500.3065
G1 X493.5118 Y500.4202
G1 X493.5939 Y500.5294
G1 X493.6823 Y500.6336
G1 X493.7765 Y500.7324
G1 X493.8763 Y500.8257
G1 X493.9814 Y500.9129
G1 X494.0914 Y500.9939
G1 X494.2059 Y501.0684
G1 X494.3246 Y501.1361
G1 X494.4469 Y501.1968
G1 X494.5726 Y501.2502
G1 X494.7012 Y501.2963
G1 X494.8323 Y501.3348
G1 X494.9654 Y501.3656
G1 X495.1000 Y501.3886
G1 X495.2358 Y501.4038
G1 X495.3722 Y501.4110
G1 X495.5088 Y501.4103
G1 X495.6451 Y501.4017
G1 X495.7807 Y501.3851
G1 X495.9151 Y501.3607
G1 X496.0478 Y501.3286
G1 X496.1785 Y501.2887
G1 X496.3066 Y501.2413
G1 X496.4317 Y501.1866
G1 X496.5535 Y501.1247
G1 X496.6714 Y501.0557
G1 X496.7852 Y500.9801
G1 X496.8943 Y500.8980
G1 X496.9985 Y500.8096
G1 X497.0974 Y500.7154
G1 X497.1906 Y500.6156
G1 X497.2779 Y500.5105
G1 X497.3589 Y500.4005
G1 X497.4333 Y500.2860
G1 X497.5010 Y500.1673
G1 X497.5617 Y500.0449
G1 X497.6152 Y499.9192
G1 X497.6612 Y499.7907
G1 X497.6997 Y499.6596
G1 X497.7305 Y499.5265
G1 X497.7536 Y499.3919
G1 X497.7687 Y499.2561
G1 X497.7760 Y499.1197
G1 X497.7753 Y498.9831
G1 X497.7666 Y498.8468
G1 X497.7501 Y498.7112
G1 X497.7257 Y498.5768
G1 X497.6935 Y498.4441
G1 X497.6536 Y498.3134
G1 X497.6063 Y498.1853
G1 X497.5515 Y498.0602
G1 X497.4896 Y497.9384
G1 X497.4207 Y497.8205
G1 X497.3450 Y497.7067
G1 X497.2629 Y497.5976
G1 X497.1746 Y497.4934
G1 X497.0803 Y497.3945
G1 X496.9805 Y497.3013
G1 X496.8754 Y497.2140
G1 X496.7654 Y497.1330
G1 X496.6509 Y497.0586
G1 X496.5323 Y496.9909
G1 X496.4099 Y496.9302
G1 X496.2842 Y496.8767
G1 X496.1556 Y496.8307
G1 X496.0245 Y496.7922
G1 X495.8915 Y496.7613
G1 X495.7568 Y496.7383
G1 X495.6211 Y496.7232
G1 X495.4847 Y496.7159
G1 X495.3481 Y496.7166
G1 X495.2117 Y496.7253
G0 Z-5.0000 F480


(No. 131: Hole 1)
G0 X495.2117 Y466.7253 Z-5.0000 F2100
G0 Z-0.5000 F480
G1 Z0.0000 F120
G1 Z4.0000
G1 X495.0762 Y466.7418 F600
G1 X494.9418 Y466.7662
G1 X494.8090 Y466.7984
G1 X494.6784 Y466.8383
G1 X494.5502 Y466.8856
G1 X494.4251 Y466.9404
G1 X494.3033 Y467.0023
G1 X494.1854 Y467.0712
G1 X494.0717 Y467.1469
G1 X493.9625 Y467.2290
G1 X493.8583 Y467.3173
G1 X493.7595 Y467.4116
G1 X493.6662 Y467.5114
G1 X493.5790 Y467.6165
G1 X493.4980 Y467.7265
G1 X493.4235 Y467.8410
G1 X493.3558 Y467.9596
G1 X493.2951 Y468.0820
G1 X493.2417 Y468.2077
G1 X493.1956 Y468.3363
G1 X493.1571 Y468.4674
G1 X493.1263 Y468.6004
G1 X493.1033 Y468.7351
G1 X493.0881 Y468.8708
G1 X493.0808 Y469.0072
G1 X493.0816 Y469.1438
G1 X493.0902 Y469.2801
G1 X493.1067 Y469.4157
G1 X493.1312 Y469.5501
G1 X493.1633 Y469.6829
G1 X493.2032 Y469.8135
G1 X493.2506 Y469.9417
G1 X493.3053 Y470.0668
G1 X493.3672 Y470.1885
G1 X493.4361 Y470.3065
G1 X493.5118 Y470.4202
G1 X493.5939 Y470.5294
G1 X493.6823 Y470.6336
G1 X493.7765 Y470.7324
G1 X493.8763 Y470.8257
G1 X493.9814 Y470.9129
G1 X494.0914 Y470.9939
G1 X494.2059 Y471.0684
G1 X494.3246 Y471.1361
G1 X494.4469 Y471.1968
G1 X494.5726 Y471.2502
G1 X494.7012 Y471.2963
G1 X494.8323 Y471.3348
G1 X494.9654 Y471.3656
G1 X495.1000 Y471.3886
G1 X495.2358 Y471.4038
G1 X495.3722 Y471.4110
G1 X495.5088 Y471.4103
G1 X495.6451 Y471.4017
G1 X495.7807 Y471.3851
G1 X495.9151 Y471.3607
G1 X496.0478 Y471.3286
G1 X496.1785 Y471.2887
G1 X496.3066 Y471.2413
G1 X496.4317 Y471.1866
G1 X496.5535 Y471.1247
G1 X496.6714 Y471.0557
G1 X496.7852 Y470.9801
G1 X496.8943 Y470.8980
G1 X496.9985 Y470.8096
G1 X497.0974 Y470.7154
G1 X497.1906 Y470.6156
G1 X497.2779 Y470.5105
G1 X497.3589 Y470.4005
G1 X497.4333 Y470.2860
G1 X497.5010 Y470.1673
G1 X497.5617 Y470.0449
G1 X497.6152 Y469.9192
G1 X497.6612 Y469.7907
G1 X497.6997 Y469.6596
G1 X497.7305 Y469.5265
G1 X497.7536 Y469.3919
G1 X497.7687 Y469.2561
G1 X497.7760 Y469.1197
G1 X497.7753 Y468.9831
G1 X497.7666 Y468.8468
G1 X497.7501 Y468.7112
G1 X497.7257 Y468.5768
G1 X497.6935 Y468.4441
G1 X497.6536 Y468.3134
G1 X497.6063 Y468.1853
G1 X497.5515 Y468.0602
G1 X497.4896 Y467.9384
G1 X497.4207 Y467.8205
G1 X497.3450 Y467.7067
G1 X497.2629 Y467.5976
G1 X497.1746 Y467.4934
G1 X497.0803 Y467.3945
G1 X496.9805 Y467.3013
G1 X496.8754 Y467.2140
G1 X496.7654 Y467.1330
G1 X496.6509 Y467.0586
G1 X496.5323 Y466.9909
G1 X496.4099 Y466.9302
G1 X496.2842 Y466.8767
G1 X496.1556 Y466.8307
G1 X496.0245 Y466.7922
G1 X495.8915 Y466.7613
G1 X495.7568 Y466.7383
G1 X495.6211 Y466.7232
G1 X495.4847 Y466.7159
G1 X495.3481 Y466.7166
G1 X495.2117 Y466.7253
G1 Z8.0000 F120
G1 X495.0762 Y466.7418 F600
G1 X494.9418 Y466.7662
G1 X494.8090 Y466.7984
G1 X494.6784 Y466.8383
G1 X494.5502 Y466.8856
G1 X494.4251 Y466.9404
G1 X494.3033 Y467.0023
G1 X494.1854 Y467.0712
G1 X494.0717 Y467.1469
G1 X493.9625 Y467.2290
G1 X493.8583 Y467.3173
G1 X493.7595 Y467.4116
G1 X493.6662 Y467.5114
G1 X493.5790 Y467.6165
G1 X493.4980 Y467.7265
G1 X493.4235 Y467.8410
G1 X493.3558 Y467.9596
G1 X493.2951 Y468.0820
G1 X493.2417 Y468.2077
G1 X493.1956 Y468.3363
G1 X493.1571 Y468.4674
G1 X493.1263 Y468.6004
G1 X493.1033 Y468.7351
G1 X493.0881 Y468.8708
G1 X493.0808 Y469.0072
G1 X493.0816 Y469.1438
G1 X493.0902 Y469.2801
G1 X493.1067 Y469.4157
G1 X493.1312 Y469.5501
G1 X493.1633 Y469.6829
G1 X493.2032 Y469.8135
G1 X493.2506 Y469.9417
G1 X493.3053 Y470.0668
G1 X493.3672 Y470.1885
G1 X493.4361 Y470.3065
G1 X493.5118 Y470.4202
G1 X493.5939 Y470.5294
G1 X493.6823 Y470.6336
G1 X493.7765 Y470.7324
G1 X493.8763 Y470.8257
G1 X493.9814 Y470.9129
G1 X494.0914 Y470.9939
G1 X494.2059 Y471.0684
G1 X494.3246 Y471.1361
G1 X494.4469 Y471.1968
G1 X494.5726 Y471.2502
G1 X494.7012 Y471.2963
G1 X494.8323 Y471.3348
G1 X494.9654 Y471.3656
G1 X495.1000 Y471.3886
G1 X495.2358 Y471.4038
G1 X495.3722 Y471.4110
G1 X495.5088 Y471.4103
G1 X495.6451 Y471.4017
G1 X495.7807 Y471.3851
G1 X495.9151 Y471.3607
G1 X496.0478 Y471.3286
G1 X496.1785 Y471.2887
G1 X496.3066 Y471.2413
G1 X496.4317 Y471.1866
G1 X496.5535 Y471.1247
G1 X496.6714 Y471.0557
G1 X496.7852 Y470.9801
G1 X496.8943 Y470.8980
G1 X496.9985 Y470.8096
G1 X497.0974 Y470.7154
G1 X497.1906 Y470.6156
G1 X497.2779 Y470.5105
G1 X497.3589 Y470.4005
G1 X497.4333 Y470.2860
G1 X497.5010 Y470.1673
G1 X497.5617 Y470.0449
G1 X497.6152 Y469.9192
G1 X497.6612 Y469.7907
G1 X497.6997 Y469.6596
G1 X497.7305 Y469.5265
G1 X497.7536 Y469.3919
G1 X497.7687 Y469.2561
G1 X497.7760 Y469.1197
G1 X497.7753 Y468.9831
G1 X497.7666 Y468.8468
G1 X497.7501 Y468.7112
G1 X497.7257 Y468.5768
G1 X497.6935 Y468.4441
G1 X497.6536 Y468.3134
G1 X497.6063 Y468.1853
G1 X497.5515 Y468.0602
G1 X497.4896 Y467.9384
G1 X497.4207 Y467.8205
G1 X497.3450 Y467.7067
G1 X497.2629 Y467.5976
G1 X497.1746 Y467.4934
G1 X497.0803 Y467.3945
G1 X496.9805 Y467.3013
G1 X496.8754 Y467.2140
G1 X496.7654 Y467.1330
G1 X496.6509 Y467.0586
G1 X496.5323 Y466.9909
G1 X496.4099 Y466.9302
G1 X496.2842 Y466.8767
G1 X496.1556 Y466.8307
G1 X496.0245 Y466.7922
G1 X495.8915 Y466.7613
G1 X495.7568 Y466.7383
G1 X495.6211 Y466.7232
G1 X495.4847 Y466.7159
G1 X495.3481 Y466.7166
G1 X495.2117 Y466.7253
G0 Z-5.0000 F480


(No. 132: Hole 1)
G0 X510.2117 Y466.7253 Z-5.0000 F2100
G0 Z-0.5000 F480
G1 Z0.0000 F120
G1 Z4.0000
G1 X510.0762 Y466.7418 F600
G1 X509.9418 Y466.7662
G1 X509.8090 Y466.7984
G1 X509.6784 Y466.8383
G1 X509.5502 Y466.8856
G1 X509.4251 Y466.9404
G1 X509.3033 Y467.0023
G1 X509.1854 Y467.0712
G1 X509.0717 Y467.1469
G1 X508.9625 Y467.2290
G1 X508.8583 Y467.3173
G1 X508.7595 Y467.4116
G1 X508.6662 Y467.5114
G1 X508.5790 Y467.6165
G1 X508.4980 Y467.7265
G1 X508.4235 Y467.8410
G1 X508.3558 Y467.9596
G1 X508.2951 Y468.0820
G1 X508.2417 Y468.2077
G1 X508.1956 Y468.3363
G1 X508.1571 Y468.4674
G1 X508.1263 Y468.6004
G1 X508.1033 Y468.7351
G1 X508.0881 Y468.8708
G1 X508.0808 Y469.0072
G1 X508.0816 Y469.1438
G1 X508.0902 Y469.2801
G1 X508.1067 Y469.4157
G1 X508.1312 Y469.5501
G1 X508.1633 Y469.6829
G1 X508.2032 Y469.8135
G1 X508.2506 Y469.9417
G1 X508.3053 Y470.0668
G1 X508.3672 Y470.1885
G1 X508.4361 Y470.3065
G1 X508.5118 Y470.4202
G1 X508.5939 Y470.5294
G1 X508.6823 Y470.6336
G1 X508.7765 Y470.7324
G1 X508.8763 Y470.8257
G1 X508.9814 Y470.9129
G1 X509.0914 Y470.9939
G1 X509.2059 Y471.0684
G1 X509.3246 Y471.1361
G1 X509.4469 Y471.1968
G1 X509.5726 Y471.2502
G1 X509.7012 Y471.2963
G1 X509.8323 Y471.3348
G1 X509.9654 Y471.3656
G1 X510.1000 Y471.3886
G1 X510.2358 Y471.4038
G1 X510.3722 Y471.4110
G1 X510.5088 Y471.4103
G1 X510.6451 Y471.4017
G1 X510.7807 Y471.3851
G1 X510.9151 Y471.3607
G1 X511.0478 Y471.3286
G1 X511.1785 Y471.2887
G1 X511.3066 Y471.2413
G1 X511.4317 Y471.1866
G1 X511.5535 Y471.1247
G1 X511.6714 Y471.0557
G1 X511.7852 Y470.9801
G1 X511.8943 Y470.8980
G1 X511.9985 Y470.8096
G1 X512.0974 Y470.7154
G1 X512.1906 Y470.6156
G1 X512.2779 Y470.5105
G1 X512.3589 Y470.4005
G1 X512.4333 Y470.2860
G1 X512.5010 Y470.1673
G1 X512.5617 Y470.0449
G1 X512.6152 Y469.9192
G1 X512.6612 Y469.7907
G1 X512.6997 Y469.6596
G1 X512.7305 Y469.5265
G1 X512.7536 Y469.3919
G1 X512.7687 Y469.2561
G1 X512.7760 Y469.1197
G1 X512.7753 Y468.9831
G1 X512.7666 Y468.8468
G1 X512.7501 Y468.7112
G1 X512.7257 Y468.5768
G1 X512.6935 Y468.4441
G1 X512.6536 Y468.3134
G1 X512.6063 Y468.1853
G1 X512.5515 Y468.0602
G1 X512.4896 Y467.9384
G1 X512.4207 Y467.8205
G1 X512.3450 Y467.7067
G1 X512.2629 Y467.5976
G1 X512.1746 Y467.4934
G1 X512.0803 Y467.3945
G1 X511.9805 Y467.3013
G1 X511.8754 Y467.2140
G1 X511.7654 Y467.1330
G1 X511.6509 Y467.0586
G1 X511.5323 Y466.9909
G1 X511.4099 Y466.9302
G1 X511.2842 Y466.8767
G1 X511.1556 Y466.8307
G1 X511.0245 Y466.7922
G1 X510.8915 Y466.7613
G1 X510.7568 Y466.7383
G1 X510.6211 Y466.7232
G1 X510.4847 Y466.7159
G1 X510.3481 Y466.7166
G1 X510.2117 Y466.7253
G1 Z8.0000 F120
G1 X510.0762 Y466.7418 F600
G1 X509.9418 Y466.7662
G1 X509.8090 Y466.7984
G1 X509.6784 Y466.8383
G1 X509.5502 Y466.8856
G1 X509.4251 Y466.9404
G1 X509.3033 Y467.0023
G1 X509.1854 Y467.0712
G1 X509.0717 Y467.1469
G1 X508.9625 Y467.2290
G1 X508.8583 Y467.3173
G1 X508.7595 Y467.4116
G1 X508.6662 Y467.5114
G1 X508.5790 Y467.6165
G1 X508.4980 Y467.7265
G1 X508.4235 Y467.8410
G1 X508.3558 Y467.9596
G1 X508.2951 Y468.0820
G1 X508.2417 Y468.2077
G1 X508.1956 Y468.3363
G1 X508.1571 Y468.4674
G1 X508.1263 Y468.6004
G1 X508.1033 Y468.7351
G1 X508.0881 Y468.8708
G1 X508.0808 Y469.0072
G1 X508.0816 Y469.1438
G1 X508.0902 Y469.2801
G1 X508.1067 Y469.4157
G1 X508.1312 Y469.5501
G1 X508.1633 Y469.6829
G1 X508.2032 Y469.8135
G1 X508.2506 Y469.9417
G1 X508.3053 Y470.0668
G1 X508.3672 Y470.1885
G1 X508.4361 Y470.3065
G1 X508.5118 Y470.4202
G1 X508.5939 Y470.5294
G1 X508.6823 Y470.6336
G1 X508.7765 Y470.7324
G1 X508.8763 Y470.8257
G1 X508.9814 Y470.9129
G1 X509.0914 Y470.9939
G1 X509.2059 Y471.0684
G1 X509.3246 Y471.1361
G1 X509.4469 Y471.1968
G1 X509.5726 Y471.2502
G1 X509.7012 Y471.2963
G1 X509.8323 Y471.3348
G1 X509.9654 Y471.3656
G1 X510.1000 Y471.3886
G1 X510.2358 Y471.4038
G1 X510.3722 Y471.4110
G1 X510.5088 Y471.4103
G1 X510.6451 Y471.4017
G1 X510.7807 Y471.3851
G1 X510.9151 Y471.3607
G1 X511.0478 Y471.3286
G1 X511.1785 Y471.2887
G1 X511.3066 Y471.2413
G1 X511.4317 Y471.1866
G1 X511.5535 Y471.1247
G1 X511.6714 Y471.0557
G1 X511.7852 Y470.9801
G1 X511.8943 Y470.8980
G1 X511.9985 Y470.8096
G1 X512.0974 Y470.7154
G1 X512.1906 Y470.6156
G1 X512.2779 Y470.5105
G1 X512.3589 Y470.4005
G1 X512.4333 Y470.2860
G1 X512.5010 Y470.1673
G1 X512.5617 Y470.0449
G1 X512.6152 Y469.9192
G1 X512.6612 Y469.7907
G1 X512.6997 Y469.6596
G1 X512.7305 Y469.5265
G1 X512.7536 Y469.3919
G1 X512.7687 Y469.2561
G1 X512.7760 Y469.1197
G1 X512.7753 Y468.9831
G1 X512.7666 Y468.8468
G1 X512.7501 Y468.7112
G1 X512.7257 Y468.5768
G1 X512.6935 Y468.4441
G1 X512.6536 Y468.3134
G1 X512.6063 Y468.1853
G1 X512.5515 Y468.0602
G1 X512.4896 Y467.9384
G1 X512.4207 Y467.8205
G1 X512.3450 Y467.7067
G1 X512.2629 Y467.5976
G1 X512.1746 Y467.4934
G1 X512.0803 Y467.3945
G1 X511.9805 Y467.3013
G1 X511.8754 Y467.2140
G1 X511.7654 Y467.1330
G1 X511.6509 Y467.0586
G1 X511.5323 Y466.9909
G1 X511.4099 Y466.9302
G1 X511.2842 Y466.8767
G1 X511.1556 Y466.8307
G1 X511.0245 Y466.7922
G1 X510.8915 Y466.7613
G1 X510.7568 Y466.7383
G1 X510.6211 Y466.7232
G1 X510.4847 Y466.7159
G1 X510.3481 Y466.7166
G1 X510.2117 Y466.7253
G0 Z-5.0000 F480


(No. 133: Hole 1)
G0 X510.2117 Y451.7253 Z-5.0000 F2100
G0 Z-0.5000 F480
G1 Z0.0000 F120
G1 Z4.0000
G1 X510.0762 Y451.7418 F600
G1 X509.9418 Y451.7662
G1 X509.8090 Y451.7984
G1 X509.6784 Y451.8383
G1 X509.5502 Y451.8856
G1 X509.4251 Y451.9404
G1 X509.3033 Y452.0023
G1 X509.1854 Y452.0712
G1 X509.0717 Y452.1469
G1 X508.9625 Y452.2290
G1 X508.8583 Y452.3173
G1 X508.7595 Y452.4116
G1 X508.6662 Y452.5114
G1 X508.5790 Y452.6165
G1 X508.4980 Y452.7265
G1 X508.4235 Y452.8410
G1 X508.3558 Y452.9596
G1 X508.2951 Y453.0820
G1 X508.2417 Y453.2077
G1 X508.1956 Y453.3363
G1 X508.1571 Y453.4674
G1 X508.1263 Y453.6004
G1 X508.1033 Y453.7351
G1 X508.0881 Y453.8708
G1 X508.0808 Y454.0072
G1 X508.0816 Y454.1438
G1 X508.0902 Y454.2801
G1 X508.1067 Y454.4157
G1 X508.1312 Y454.5501
G1 X508.1633 Y454.6829
G1 X508.2032 Y454.8135
G1 X508.2506 Y454.9417
G1 X508.3053 Y455.0668
G1 X508.3672 Y455.1885
G1 X508.4361 Y455.3065
G1 X508.5118 Y455.4202
G1 X508.5939 Y455.5294
G1 X508.6823 Y455.6336
G1 X508.7765 Y455.7324
G1 X508.8763 Y455.8257
G1 X508.9814 Y455.9129
G1 X509.0914 Y455.9939
G1 X509.2059 Y456.0684
G1 X509.3246 Y456.1361
G1 X509.4469 Y456.1968
G1 X509.5726 Y456.2502
G1 X509.7012 Y456.2963
G1 X509.8323 Y456.3348
G1 X509.9654 Y456.3656
G1 X510.1000 Y456.3886
G1 X510.2358 Y456.4038
G1 X510.3722 Y456.4110
G1 X510.5088 Y456.4103
G1 X510.6451 Y456.4017
G1 X510.7807 Y456.3851
G1 X510.9151 Y456.3607
G1 X511.0478 Y456.3286
G1 X511.1785 Y456.2887
G1 X511.3066 Y456.2413
G1 X511.4317 Y456.1866
G1 X511.5535 Y456.1247
G1 X511.6714 Y456.0557
G1 X511.7852 Y455.9801
G1 X511.8943 Y455.8980
G1 X511.9985 Y455.8096
G1 X512.0974 Y455.7154
G1 X512.1906 Y455.6156
G1 X512.2779 Y455.5105
G1 X512.3589 Y455.4005
G1 X512.4333 Y455.2860
G1 X512.5010 Y455.1673
G1 X512.5617 Y455.0449
G1 X512.6152 Y454.9192
G1 X512.6612 Y454.7907
G1 X512.6997 Y454.6596
G1 X512.7305 Y454.5265
G1 X512.7536 Y454.3919
G1 X512.7687 Y454.2561
G1 X512.7760 Y454.1197
G1 X512.7753 Y453.9831
G1 X512.7666 Y453.8468
G1 X512.7501 Y453.7112
G1 X512.7257 Y453.5768
G1 X512.6935 Y453.4441
G1 X512.6536 Y453.3134
G1 X512.6063 Y453.1853
G1 X512.5515 Y453.0602
G1 X512.4896 Y452.9384
G1 X512.4207 Y452.8205
G1 X512.3450 Y452.7067
G1 X512.2629 Y452.5976
G1 X512.1746 Y452.4934
G1 X512.0803 Y452.3945
G1 X511.9805 Y452.3013
G1 X511.8754 Y452.2140
G1 X511.7654 Y452.1330
G1 X511.6509 Y452.0586
G1 X511.5323 Y451.9909
G1 X511.4099 Y451.9302
G1 X511.2842 Y451.8767
G1 X511.1556 Y451.8307
G1 X511.0245 Y451.7922
G1 X510.8915 Y451.7613
G1 X510.7568 Y451.7383
G1 X510.6211 Y451.7232
G1 X510.4847 Y451.7159
G1 X510.3481 Y451.7166
G1 X510.2117 Y451.7253
G1 Z8.0000 F120
G1 X510.0762 Y451.7418 F600
G1 X509.9418 Y451.7662
G1 X509.8090 Y451.7984
G1 X509.6784 Y451.8383
G1 X509.5502 Y451.8856
G1 X509.4251 Y451.9404
G1 X509.3033 Y452.0023
G1 X509.1854 Y452.0712
G1 X509.0717 Y452.1469
G1 X508.9625 Y452.2290
G1 X508.8583 Y452.3173
G1 X508.7595 Y452.4116
G1 X508.6662 Y452.5114
G1 X508.5790 Y452.6165
G1 X508.4980 Y452.7265
G1 X508.4235 Y452.8410
G1 X508.3558 Y452.9596
G1 X508.2951 Y453.0820
G1 X508.2417 Y453.2077
G1 X508.1956 Y453.3363
G1 X508.1571 Y453.4674
G1 X508.1263 Y453.6004
G1 X508.1033 Y453.7351
G1 X508.0881 Y453.8708
G1 X508.0808 Y454.0072
G1 X508.0816 Y454.1438
G1 X508.0902 Y454.2801
G1 X508.1067 Y454.4157
G1 X508.1312 Y454.5501
G1 X508.1633 Y454.6829
G1 X508.2032 Y454.8135
G1 X508.2506 Y454.9417
G1 X508.3053 Y455.0668
G1 X508.3672 Y455.1885
G1 X508.4361 Y455.3065
G1 X508.5118 Y455.4202
G1 X508.5939 Y455.5294
G1 X508.6823 Y455.6336
G1 X508.7765 Y455.7324
G1 X508.8763 Y455.8257
G1 X508.9814 Y455.9129
G1 X509.0914 Y455.9939
G1 X509.2059 Y456.0684
G1 X509.3246 Y456.1361
G1 X509.4469 Y456.1968
G1 X509.5726 Y456.2502
G1 X509.7012 Y456.2963
G1 X509.8323 Y456.3348
G1 X509.9654 Y456.3656
G1 X510.1000 Y456.3886
G1 X510.2358 Y456.4038
G1 X510.3722 Y456.4110
G1 X510.5088 Y456.4103
G1 X510.6451 Y456.4017
G1 X510.7807 Y456.3851
G1 X510.9151 Y456.3607
G1 X511.0478 Y456.3286
G1 X511.1785 Y456.2887
G1 X511.3066 Y456.2413
G1 X511.4317 Y456.1866
G1 X511.5535 Y456.1247
G1 X511.6714 Y456.0557
G1 X511.7852 Y455.9801
G1 X511.8943 Y455.8980
G1 X511.9985 Y455.8096
G1 X512.0974 Y455.7154
G1 X512.1906 Y455.6156
G1 X512.2779 Y455.5105
G1 X512.3589 Y455.4005
G1 X512.4333 Y455.2860
G1 X512.5010 Y455.1673
G1 X512.5617 Y455.0449
G1 X512.6152 Y454.9192
G1 X512.6612 Y454.7907
G1 X512.6997 Y454.6596
G1 X512.7305 Y454.5265
G1 X512.7536 Y454.3919
G1 X512.7687 Y454.2561
G1 X512.7760 Y454.1197
G1 X512.7753 Y453.9831
G1 X512.7666 Y453.8468
G1 X512.7501 Y453.7112
G1 X512.7257 Y453.5768
G1 X512.6935 Y453.4441
G1 X512.6536 Y453.3134
G1 X512.6063 Y453.1853
G1 X512.5515 Y453.0602
G1 X512.4896 Y452.9384
G1 X512.4207 Y452.8205
G1 X512.3450 Y452.7067
G1 X512.2629 Y452.5976
G1 X512.1746 Y452.4934
G1 X512.0803 Y452.3945
G1 X511.9805 Y452.3013
G1 X511.8754 Y452.2140
G1 X511.7654 Y452.1330
G1 X511.6509 Y452.0586
G1 X511.5323 Y451.9909
G1 X511.4099 Y451.9302
G1 X511.2842 Y451.8767
G1 X511.1556 Y451.8307
G1 X511.0245 Y451.7922
G1 X510.8915 Y451.7613
G1 X510.7568 Y451.7383
G1 X510.6211 Y451.7232
G1 X510.4847 Y451.7159
G1 X510.3481 Y451.7166
G1 X510.2117 Y451.7253
G0 Z-5.0000 F480


(No. 134: Hole 1)
G0 X525.2117 Y451.7253 Z-5.0000 F2100
G0 Z-0.5000 F480
G1 Z0.0000 F120
G1 Z4.0000
G1 X525.0762 Y451.7418 F600
G1 X524.9418 Y451.7662
G1 X524.8090 Y451.7984
G1 X524.6784 Y451.8383
G1 X524.5502 Y451.8856
G1 X524.4251 Y451.9404
G1 X524.3033 Y452.0023
G1 X524.1854 Y452.0712
G1 X524.0717 Y452.1469
G1 X523.9625 Y452.2290
G1 X523.8583 Y452.3173
G1 X523.7595 Y452.4116
G1 X523.6662 Y452.5114
G1 X523.5790 Y452.6165
G1 X523.4980 Y452.7265
G1 X523.4235 Y452.8410
G1 X523.3558 Y452.9596
G1 X523.2951 Y453.0820
G1 X523.2417 Y453.2077
G1 X523.1956 Y453.3363
G1 X523.1571 Y453.4674
G1 X523.1263 Y453.6004
G1 X523.1033 Y453.7351
G1 X523.0881 Y453.8708
G1 X523.0808 Y454.0072
G1 X523.0816 Y454.1438
G1 X523.0902 Y454.2801
G1 X523.1067 Y454.4157
G1 X523.1312 Y454.5501
G1 X523.1633 Y454.6829
G1 X523.2032 Y454.8135
G1 X523.2506 Y454.9417
G1 X523.3053 Y455.0668
G1 X523.3672 Y455.1885
G1 X523.4361 Y455.3065
G1 X523.5118 Y455.4202
G1 X523.5939 Y455.5294
G1 X523.6823 Y455.6336
G1 X523.7765 Y455.7324
G1 X523.8763 Y455.8257
G1 X523.9814 Y455.9129
G1 X524.0914 Y455.9939
G1 X524.2059 Y456.0684
G1 X524.3246 Y456.1361
G1 X524.4469 Y456.1968
G1 X524.5726 Y456.2502
G1 X524.7012 Y456.2963
G1 X524.8323 Y456.3348
G1 X524.9654 Y456.3656
G1 X525.1000 Y456.3886
G1 X525.2358 Y456.4038
G1 X525.3722 Y456.4110
G1 X525.5088 Y456.4103
G1 X525.6451 Y456.4017
G1 X525.7807 Y456.3851
G1 X525.9151 Y456.3607
G1 X526.0478 Y456.3286
G1 X526.1785 Y456.2887
G1 X526.3066 Y456.2413
G1 X526.4317 Y456.1866
G1 X526.5535 Y456.1247
G1 X526.6714 Y456.0557
G1 X526.7852 Y455.9801
G1 X526.8943 Y455.8980
G1 X526.9985 Y455.8096
G1 X527.0974 Y455.7154
G1 X527.1906 Y455.6156
G1 X527.2779 Y455.5105
G1 X527.3589 Y455.4005
G1 X527.4333 Y455.2860
G1 X527.5010 Y455.1673
G1 X527.5617 Y455.0449
G1 X527.6152 Y454.9192
G1 X527.6612 Y454.7907
G1 X527.6997 Y454.6596
G1 X527.7305 Y454.5265
G1 X527.7536 Y454.3919
G1 X527.7687 Y454.2561
G1 X527.7760 Y454.1197
G1 X527.7753 Y453.9831
G1 X527.7666 Y453.8468
G1 X527.7501 Y453.7112
G1 X527.7257 Y453.5768
G1 X527.6935 Y453.4441
G1 X527.6536 Y453.3134
G1 X527.6063 Y453.1853
G1 X527.5515 Y453.0602
G1 X527.4896 Y452.9384
G1 X527.4207 Y452.8205
G1 X527.3450 Y452.7067
G1 X527.2629 Y452.5976
G1 X527.1746 Y452.4934
G1 X527.0803 Y452.3945
G1 X526.9805 Y452.3013
G1 X526.8754 Y452.2140
G1 X526.7654 Y452.1330
G1 X526.6509 Y452.0586
G1 X526.5323 Y451.9909
G1 X526.4099 Y451.9302
G1 X526.2842 Y451.8767
G1 X526.1556 Y451.8307
G1 X526.0245 Y451.7922
G1 X525.8915 Y451.7613
G1 X525.7568 Y451.7383
G1 X525.6211 Y451.7232
G1 X525.4847 Y451.7159
G1 X525.3481 Y451.7166
G1 X525.2117 Y451.7253
G1 Z8.0000 F120
G1 X525.0762 Y451.7418 F600
G1 X524.9418 Y451.7662
G1 X524.8090 Y451.7984
G1 X524.6784 Y451.8383
G1 X524.5502 Y451.8856
G1 X524.4251 Y451.9404
G1 X524.3033 Y452.0023
G1 X524.1854 Y452.0712
G1 X524.0717 Y452.1469
G1 X523.9625 Y452.2290
G1 X523.8583 Y452.3173
G1 X523.7595 Y452.4116
G1 X523.6662 Y452.5114
G1 X523.5790 Y452.6165
G1 X523.4980 Y452.7265
G1 X523.4235 Y452.8410
G1 X523.3558 Y452.9596
G1 X523.2951 Y453.0820
G1 X523.2417 Y453.2077
G1 X523.1956 Y453.3363
G1 X523.1571 Y453.4674
G1 X523.1263 Y453.6004
G1 X523.1033 Y453.7351
G1 X523.0881 Y453.8708
G1 X523.0808 Y454.0072
G1 X523.0816 Y454.1438
G1 X523.0902 Y454.2801
G1 X523.1067 Y454.4157
G1 X523.1312 Y454.5501
G1 X523.1633 Y454.6829
G1 X523.2032 Y454.8135
G1 X523.2506 Y454.9417
G1 X523.3053 Y455.0668
G1 X523.3672 Y455.1885
G1 X523.4361 Y455.3065
G1 X523.5118 Y455.4202
G1 X523.5939 Y455.5294
G1 X523.6823 Y455.6336
G1 X523.7765 Y455.7324
G1 X523.8763 Y455.8257
G1 X523.9814 Y455.9129
G1 X524.0914 Y455.9939
G1 X524.2059 Y456.0684
G1 X524.3246 Y456.1361
G1 X524.4469 Y456.1968
G1 X524.5726 Y456.2502
G1 X524.7012 Y456.2963
G1 X524.8323 Y456.3348
G1 X524.9654 Y456.3656
G1 X525.1000 Y456.3886
G1 X525.2358 Y456.4038
G1 X525.3722 Y456.4110
G1 X525.5088 Y456.4103
G1 X525.6451 Y456.4017
G1 X525.7807 Y456.3851
G1 X525.9151 Y456.3607
G1 X526.0478 Y456.3286
G1 X526.1785 Y456.2887
G1 X526.3066 Y456.2413
G1 X526.4317 Y456.1866
G1 X526.5535 Y456.1247
G1 X526.6714 Y456.0557
G1 X526.7852 Y455.9801
G1 X526.8943 Y455.8980
G1 X526.9985 Y455.8096
G1 X527.0974 Y455.7154
G1 X527.1906 Y455.6156
G1 X527.2779 Y455.5105
G1 X527.3589 Y455.4005
G1 X527.4333 Y455.2860
G1 X527.5010 Y455.1673
G1 X527.5617 Y455.0449
G1 X527.6152 Y454.9192
G1 X527.6612 Y454.7907
G1 X527.6997 Y454.6596
G1 X527.7305 Y454.5265
G1 X527.7536 Y454.3919
G1 X527.7687 Y454.2561
G1 X527.7760 Y454.1197
G1 X527.7753 Y453.9831
G1 X527.7666 Y453.8468
G1 X527.7501 Y453.7112
G1 X527.7257 Y453.5768
G1 X527.6935 Y453.4441
G1 X527.6536 Y453.3134
G1 X527.6063 Y453.1853
G1 X527.5515 Y453.0602
G1 X527.4896 Y452.9384
G1 X527.4207 Y452.8205
G1 X527.3450 Y452.7067
G1 X527.2629 Y452.5976
G1 X527.1746 Y452.4934
G1 X527.0803 Y452.3945
G1 X526.9805 Y452.3013
G1 X526.8754 Y452.2140
G1 X526.7654 Y452.1330
G1 X526.6509 Y452.0586
G1 X526.5323 Y451.9909
G1 X526.4099 Y451.9302
G1 X526.2842 Y451.8767
G1 X526.1556 Y451.8307
G1 X526.0245 Y451.7922
G1 X525.8915 Y451.7613
G1 X525.7568 Y451.7383
G1 X525.6211 Y451.7232
G1 X525.4847 Y451.7159
G1 X525.3481 Y451.7166
G1 X525.2117 Y451.7253
G0 Z-5.0000 F480


(No. 135: Hole 1)
G0 X525.2117 Y466.7253 Z-5.0000 F2100
G0 Z-0.5000 F480
G1 Z0.0000 F120
G1 Z4.0000
G1 X525.0762 Y466.7418 F600
G1 X524.9418 Y466.7662
G1 X524.8090 Y466.7984
G1 X524.6784 Y466.8383
G1 X524.5502 Y466.8856
G1 X524.4251 Y466.9404
G1 X524.3033 Y467.0023
G1 X524.1854 Y467.0712
G1 X524.0717 Y467.1469
G1 X523.9625 Y467.2290
G1 X523.8583 Y467.3173
G1 X523.7595 Y467.4116
G1 X523.6662 Y467.5114
G1 X523.5790 Y467.6165
G1 X523.4980 Y467.7265
G1 X523.4235 Y467.8410
G1 X523.3558 Y467.9596
G1 X523.2951 Y468.0820
G1 X523.2417 Y468.2077
G1 X523.1956 Y468.3363
G1 X523.1571 Y468.4674
G1 X523.1263 Y468.6004
G1 X523.1033 Y468.7351
G1 X523.0881 Y468.8708
G1 X523.0808 Y469.0072
G1 X523.0816 Y469.1438
G1 X523.0902 Y469.2801
G1 X523.1067 Y469.4157
G1 X523.1312 Y469.5501
G1 X523.1633 Y469.6829
G1 X523.2032 Y469.8135
G1 X523.2506 Y469.9417
G1 X523.3053 Y470.0668
G1 X523.3672 Y470.1885
G1 X523.4361 Y470.3065
G1 X523.5118 Y470.4202
G1 X523.5939 Y470.5294
G1 X523.6823 Y470.6336
G1 X523.7765 Y470.7324
G1 X523.8763 Y470.8257
G1 X523.9814 Y470.9129
G1 X524.0914 Y470.9939
G1 X524.2059 Y471.0684
G1 X524.3246 Y471.1361
G1 X524.4469 Y471.1968
G1 X524.5726 Y471.2502
G1 X524.7012 Y471.2963
G1 X524.8323 Y471.3348
G1 X524.9654 Y471.3656
G1 X525.1000 Y471.3886
G1 X525.2358 Y471.4038
G1 X525.3722 Y471.4110
G1 X525.5088 Y471.4103
G1 X525.6451 Y471.4017
G1 X525.7807 Y471.3851
G1 X525.9151 Y471.3607
G1 X526.0478 Y471.3286
G1 X526.1785 Y471.2887
G1 X526.3066 Y471.2413
G1 X526.4317 Y471.1866
G1 X526.5535 Y471.1247
G1 X526.6714 Y471.0557
G1 X526.7852 Y470.9801
G1 X526.8943 Y470.8980
G1 X526.9985 Y470.8096
G1 X527.0974 Y470.7154
G1 X527.1906 Y470.6156
G1 X527.2779 Y470.5105
G1 X527.3589 Y470.4005
G1 X527.4333 Y470.2860
G1 X527.5010 Y470.1673
G1 X527.5617 Y470.0449
G1 X527.6152 Y469.9192
G1 X527.6612 Y469.7907
G1 X527.6997 Y469.6596
G1 X527.7305 Y469.5265
G1 X527.7536 Y469.3919
G1 X527.7687 Y469.2561
G1 X527.7760 Y469.1197
G1 X527.7753 Y468.9831
G1 X527.7666 Y468.8468
G1 X527.7501 Y468.7112
G1 X527.7257 Y468.5768
G1 X527.6935 Y468.4441
G1 X527.6536 Y468.3134
G1 X527.6063 Y468.1853
G1 X527.5515 Y468.0602
G1 X527.4896 Y467.9384
G1 X527.4207 Y467.8205
G1 X527.3450 Y467.7067
G1 X527.2629 Y467.5976
G1 X527.1746 Y467.4934
G1 X527.0803 Y467.3945
G1 X526.9805 Y467.3013
G1 X526.8754 Y467.2140
G1 X526.7654 Y467.1330
G1 X526.6509 Y467.0586
G1 X526.5323 Y466.9909
G1 X526.4099 Y466.9302
G1 X526.2842 Y466.8767
G1 X526.1556 Y466.8307
G1 X526.0245 Y466.7922
G1 X525.8915 Y466.7613
G1 X525.7568 Y466.7383
G1 X525.6211 Y466.7232
G1 X525.4847 Y466.7159
G1 X525.3481 Y466.7166
G1 X525.2117 Y466.7253
G1 Z8.0000 F120
G1 X525.0762 Y466.7418 F600
G1 X524.9418 Y466.7662
G1 X524.8090 Y466.7984
G1 X524.6784 Y466.8383
G1 X524.5502 Y466.8856
G1 X524.4251 Y466.9404
G1 X524.3033 Y467.0023
G1 X524.1854 Y467.0712
G1 X524.0717 Y467.1469
G1 X523.9625 Y467.2290
G1 X523.8583 Y467.3173
G1 X523.7595 Y467.4116
G1 X523.6662 Y467.5114
G1 X523.5790 Y467.6165
G1 X523.4980 Y467.7265
G1 X523.4235 Y467.8410
G1 X523.3558 Y467.9596
G1 X523.2951 Y468.0820
G1 X523.2417 Y468.2077
G1 X523.1956 Y468.3363
G1 X523.1571 Y468.4674
G1 X523.1263 Y468.6004
G1 X523.1033 Y468.7351
G1 X523.0881 Y468.8708
G1 X523.0808 Y469.0072
G1 X523.0816 Y469.1438
G1 X523.0902 Y469.2801
G1 X523.1067 Y469.4157
G1 X523.1312 Y469.5501
G1 X523.1633 Y469.6829
G1 X523.2032 Y469.8135
G1 X523.2506 Y469.9417
G1 X523.3053 Y470.0668
G1 X523.3672 Y470.1885
G1 X523.4361 Y470.3065
G1 X523.5118 Y470.4202
G1 X523.5939 Y470.5294
G1 X523.6823 Y470.6336
G1 X523.7765 Y470.7324
G1 X523.8763 Y470.8257
G1 X523.9814 Y470.9129
G1 X524.0914 Y470.9939
G1 X524.2059 Y471.0684
G1 X524.3246 Y471.1361
G1 X524.4469 Y471.1968
G1 X524.5726 Y471.2502
G1 X524.7012 Y471.2963
G1 X524.8323 Y471.3348
G1 X524.9654 Y471.3656
G1 X525.1000 Y471.3886
G1 X525.2358 Y471.4038
G1 X525.3722 Y471.4110
G1 X525.5088 Y471.4103
G1 X525.6451 Y471.4017
G1 X525.7807 Y471.3851
G1 X525.9151 Y471.3607
G1 X526.0478 Y471.3286
G1 X526.1785 Y471.2887
G1 X526.3066 Y471.2413
G1 X526.4317 Y471.1866
G1 X526.5535 Y471.1247
G1 X526.6714 Y471.0557
G1 X526.7852 Y470.9801
G1 X526.8943 Y470.8980
G1 X526.9985 Y470.8096
G1 X527.0974 Y470.7154
G1 X527.1906 Y470.6156
G1 X527.2779 Y470.5105
G1 X527.3589 Y470.4005
G1 X527.4333 Y470.2860
G1 X527.5010 Y470.1673
G1 X527.5617 Y470.0449
G1 X527.6152 Y469.9192
G1 X527.6612 Y469.7907
G1 X527.6997 Y469.6596
G1 X527.7305 Y469.5265
G1 X527.7536 Y469.3919
G1 X527.7687 Y469.2561
G1 X527.7760 Y469.1197
G1 X527.7753 Y468.9831
G1 X527.7666 Y468.8468
G1 X527.7501 Y468.7112
G1 X527.7257 Y468.5768
G1 X527.6935 Y468.4441
G1 X527.6536 Y468.3134
G1 X527.6063 Y468.1853
G1 X527.5515 Y468.0602
G1 X527.4896 Y467.9384
G1 X527.4207 Y467.8205
G1 X527.3450 Y467.7067
G1 X527.2629 Y467.5976
G1 X527.1746 Y467.4934
G1 X527.0803 Y467.3945
G1 X526.9805 Y467.3013
G1 X526.8754 Y467.2140
G1 X526.7654 Y467.1330
G1 X526.6509 Y467.0586
G1 X526.5323 Y466.9909
G1 X526.4099 Y466.9302
G1 X526.2842 Y466.8767
G1 X526.1556 Y466.8307
G1 X526.0245 Y466.7922
G1 X525.8915 Y466.7613
G1 X525.7568 Y466.7383
G1 X525.6211 Y466.7232
G1 X525.4847 Y466.7159
G1 X525.3481 Y466.7166
G1 X525.2117 Y466.7253
G0 Z-5.0000 F480


(No. 136: Hole 1)
G0 X540.2117 Y466.7253 Z-5.0000 F2100
G0 Z-0.5000 F480
G1 Z0.0000 F120
G1 Z4.0000
G1 X540.0762 Y466.7418 F600
G1 X539.9418 Y466.7662
G1 X539.8090 Y466.7984
G1 X539.6784 Y466.8383
G1 X539.5502 Y466.8856
G1 X539.4251 Y466.9404
G1 X539.3033 Y467.0023
G1 X539.1854 Y467.0712
G1 X539.0717 Y467.1469
G1 X538.9625 Y467.2290
G1 X538.8583 Y467.3173
G1 X538.7595 Y467.4116
G1 X538.6662 Y467.5114
G1 X538.5790 Y467.6165
G1 X538.4980 Y467.7265
G1 X538.4235 Y467.8410
G1 X538.3558 Y467.9596
G1 X538.2951 Y468.0820
G1 X538.2417 Y468.2077
G1 X538.1956 Y468.3363
G1 X538.1571 Y468.4674
G1 X538.1263 Y468.6004
G1 X538.1033 Y468.7351
G1 X538.0881 Y468.8708
G1 X538.0808 Y469.0072
G1 X538.0816 Y469.1438
G1 X538.0902 Y469.2801
G1 X538.1067 Y469.4157
G1 X538.1312 Y469.5501
G1 X538.1633 Y469.6829
G1 X538.2032 Y469.8135
G1 X538.2506 Y469.9417
G1 X538.3053 Y470.0668
G1 X538.3672 Y470.1885
G1 X538.4361 Y470.3065
G1 X538.5118 Y470.4202
G1 X538.5939 Y470.5294
G1 X538.6823 Y470.6336
G1 X538.7765 Y470.7324
G1 X538.8763 Y470.8257
G1 X538.9814 Y470.9129
G1 X539.0914 Y470.9939
G1 X539.2059 Y471.0684
G1 X539.3246 Y471.1361
G1 X539.4469 Y471.1968
G1 X539.5726 Y471.2502
G1 X539.7012 Y471.2963
G1 X539.8323 Y471.3348
G1 X539.9654 Y471.3656
G1 X540.1000 Y471.3886
G1 X540.2358 Y471.4038
G1 X540.3722 Y471.4110
G1 X540.5088 Y471.4103
G1 X540.6451 Y471.4017
G1 X540.7807 Y471.3851
G1 X540.9151 Y471.3607
G1 X541.0478 Y471.3286
G1 X541.1785 Y471.2887
G1 X541.3066 Y471.2413
G1 X541.4317 Y471.1866
G1 X541.5535 Y471.1247
G1 X541.6714 Y471.0557
G1 X541.7852 Y470.9801
G1 X541.8943 Y470.8980
G1 X541.9985 Y470.8096
G1 X542.0974 Y470.7154
G1 X542.1906 Y470.6156
G1 X542.2779 Y470.5105
G1 X542.3589 Y470.4005
G1 X542.4333 Y470.2860
G1 X542.5010 Y470.1673
G1 X542.5617 Y470.0449
G1 X542.6152 Y469.9192
G1 X542.6612 Y469.7907
G1 X542.6997 Y469.6596
G1 X542.7305 Y469.5265
G1 X542.7536 Y469.3919
G1 X542.7687 Y469.2561
G1 X542.7760 Y469.1197
G1 X542.7753 Y468.9831
G1 X542.7666 Y468.8468
G1 X542.7501 Y468.7112
G1 X542.7257 Y468.5768
G1 X542.6935 Y468.4441
G1 X542.6536 Y468.3134
G1 X542.6063 Y468.1853
G1 X542.5515 Y468.0602
G1 X542.4896 Y467.9384
G1 X542.4207 Y467.8205
G1 X542.3450 Y467.7067
G1 X542.2629 Y467.5976
G1 X542.1746 Y467.4934
G1 X542.0803 Y467.3945
G1 X541.9805 Y467.3013
G1 X541.8754 Y467.2140
G1 X541.7654 Y467.1330
G1 X541.6509 Y467.0586
G1 X541.5323 Y466.9909
G1 X541.4099 Y466.9302
G1 X541.2842 Y466.8767
G1 X541.1556 Y466.8307
G1 X541.0245 Y466.7922
G1 X540.8915 Y466.7613
G1 X540.7568 Y466.7383
G1 X540.6211 Y466.7232
G1 X540.4847 Y466.7159
G1 X540.3481 Y466.7166
G1 X540.2117 Y466.7253
G1 Z8.0000 F120
G1 X540.0762 Y466.7418 F600
G1 X539.9418 Y466.7662
G1 X539.8090 Y466.7984
G1 X539.6784 Y466.8383
G1 X539.5502 Y466.8856
G1 X539.4251 Y466.9404
G1 X539.3033 Y467.0023
G1 X539.1854 Y467.0712
G1 X539.0717 Y467.1469
G1 X538.9625 Y467.2290
G1 X538.8583 Y467.3173
G1 X538.7595 Y467.4116
G1 X538.6662 Y467.5114
G1 X538.5790 Y467.6165
G1 X538.4980 Y467.7265
G1 X538.4235 Y467.8410
G1 X538.3558 Y467.9596
G1 X538.2951 Y468.0820
G1 X538.2417 Y468.2077
G1 X538.1956 Y468.3363
G1 X538.1571 Y468.4674
G1 X538.1263 Y468.6004
G1 X538.1033 Y468.7351
G1 X538.0881 Y468.8708
G1 X538.0808 Y469.0072
G1 X538.0816 Y469.1438
G1 X538.0902 Y469.2801
G1 X538.1067 Y469.4157
G1 X538.1312 Y469.5501
G1 X538.1633 Y469.6829
G1 X538.2032 Y469.8135
G1 X538.2506 Y469.9417
G1 X538.3053 Y470.0668
G1 X538.3672 Y470.1885
G1 X538.4361 Y470.3065
G1 X538.5118 Y470.4202
G1 X538.5939 Y470.5294
G1 X538.6823 Y470.6336
G1 X538.7765 Y470.7324
G1 X538.8763 Y470.8257
G1 X538.9814 Y470.9129
G1 X539.0914 Y470.9939
G1 X539.2059 Y471.0684
G1 X539.3246 Y471.1361
G1 X539.4469 Y471.1968
G1 X539.5726 Y471.2502
G1 X539.7012 Y471.2963
G1 X539.8323 Y471.3348
G1 X539.9654 Y471.3656
G1 X540.1000 Y471.3886
G1 X540.2358 Y471.4038
G1 X540.3722 Y471.4110
G1 X540.5088 Y471.4103
G1 X540.6451 Y471.4017
G1 X540.7807 Y471.3851
G1 X540.9151 Y471.3607
G1 X541.0478 Y471.3286
G1 X541.1785 Y471.2887
G1 X541.3066 Y471.2413
G1 X541.4317 Y471.1866
G1 X541.5535 Y471.1247
G1 X541.6714 Y471.0557
G1 X541.7852 Y470.9801
G1 X541.8943 Y470.8980
G1 X541.9985 Y470.8096
G1 X542.0974 Y470.7154
G1 X542.1906 Y470.6156
G1 X542.2779 Y470.5105
G1 X542.3589 Y470.4005
G1 X542.4333 Y470.2860
G1 X542.5010 Y470.1673
G1 X542.5617 Y470.0449
G1 X542.6152 Y469.9192
G1 X542.6612 Y469.7907
G1 X542.6997 Y469.6596
G1 X542.7305 Y469.5265
G1 X542.7536 Y469.3919
G1 X542.7687 Y469.2561
G1 X542.7760 Y469.1197
G1 X542.7753 Y468.9831
G1 X542.7666 Y468.8468
G1 X542.7501 Y468.7112
G1 X542.7257 Y468.5768
G1 X542.6935 Y468.4441
G1 X542.6536 Y468.3134
G1 X542.6063 Y468.1853
G1 X542.5515 Y468.0602
G1 X542.4896 Y467.9384
G1 X542.4207 Y467.8205
G1 X542.3450 Y467.7067
G1 X542.2629 Y467.5976
G1 X542.1746 Y467.4934
G1 X542.0803 Y467.3945
G1 X541.9805 Y467.3013
G1 X541.8754 Y467.2140
G1 X541.7654 Y467.1330
G1 X541.6509 Y467.0586
G1 X541.5323 Y466.9909
G1 X541.4099 Y466.9302
G1 X541.2842 Y466.8767
G1 X541.1556 Y466.8307
G1 X541.0245 Y466.7922
G1 X540.8915 Y466.7613
G1 X540.7568 Y466.7383
G1 X540.6211 Y466.7232
G1 X540.4847 Y466.7159
G1 X540.3481 Y466.7166
G1 X540.2117 Y466.7253
G0 Z-5.0000 F480


(No. 137: Hole 1)
G0 X555.2117 Y466.7253 Z-5.0000 F2100
G0 Z-0.5000 F480
G1 Z0.0000 F120
G1 Z4.0000
G1 X555.0762 Y466.7418 F600
G1 X554.9418 Y466.7662
G1 X554.8090 Y466.7984
G1 X554.6784 Y466.8383
G1 X554.5502 Y466.8856
G1 X554.4251 Y466.9404
G1 X554.3033 Y467.0023
G1 X554.1854 Y467.0712
G1 X554.0717 Y467.1469
G1 X553.9625 Y467.2290
G1 X553.8583 Y467.3173
G1 X553.7595 Y467.4116
G1 X553.6662 Y467.5114
G1 X553.5790 Y467.6165
G1 X553.4980 Y467.7265
G1 X553.4235 Y467.8410
G1 X553.3558 Y467.9596
G1 X553.2951 Y468.0820
G1 X553.2417 Y468.2077
G1 X553.1956 Y468.3363
G1 X553.1571 Y468.4674
G1 X553.1263 Y468.6004
G1 X553.1033 Y468.7351
G1 X553.0881 Y468.8708
G1 X553.0808 Y469.0072
G1 X553.0816 Y469.1438
G1 X553.0902 Y469.2801
G1 X553.1067 Y469.4157
G1 X553.1312 Y469.5501
G1 X553.1633 Y469.6829
G1 X553.2032 Y469.8135
G1 X553.2506 Y469.9417
G1 X553.3053 Y470.0668
G1 X553.3672 Y470.1885
G1 X553.4361 Y470.3065
G1 X553.5118 Y470.4202
G1 X553.5939 Y470.5294
G1 X553.6823 Y470.6336
G1 X553.7765 Y470.7324
G1 X553.8763 Y470.8257
G1 X553.9814 Y470.9129
G1 X554.0914 Y470.9939
G1 X554.2059 Y471.0684
G1 X554.3246 Y471.1361
G1 X554.4469 Y471.1968
G1 X554.5726 Y471.2502
G1 X554.7012 Y471.2963
G1 X554.8323 Y471.3348
G1 X554.9654 Y471.3656
G1 X555.1000 Y471.3886
G1 X555.2358 Y471.4038
G1 X555.3722 Y471.4110
G1 X555.5088 Y471.4103
G1 X555.6451 Y471.4017
G1 X555.7807 Y471.3851
G1 X555.9151 Y471.3607
G1 X556.0478 Y471.3286
G1 X556.1785 Y471.2887
G1 X556.3066 Y471.2413
G1 X556.4317 Y471.1866
G1 X556.5535 Y471.1247
G1 X556.6714 Y471.0557
G1 X556.7852 Y470.9801
G1 X556.8943 Y470.8980
G1 X556.9985 Y470.8096
G1 X557.0974 Y470.7154
G1 X557.1906 Y470.6156
G1 X557.2779 Y470.5105
G1 X557.3589 Y470.4005
G1 X557.4333 Y470.2860
G1 X557.5010 Y470.1673
G1 X557.5617 Y470.0449
G1 X557.6152 Y469.9192
G1 X557.6612 Y469.7907
G1 X557.6997 Y469.6596
G1 X557.7305 Y469.5265
G1 X557.7536 Y469.3919
G1 X557.7687 Y469.2561
G1 X557.7760 Y469.1197
G1 X557.7753 Y468.9831
G1 X557.7666 Y468.8468
G1 X557.7501 Y468.7112
G1 X557.7257 Y468.5768
G1 X557.6935 Y468.4441
G1 X557.6536 Y468.3134
G1 X557.6063 Y468.1853
G1 X557.5515 Y468.0602
G1 X557.4896 Y467.9384
G1 X557.4207 Y467.8205
G1 X557.3450 Y467.7067
G1 X557.2629 Y467.5976
G1 X557.1746 Y467.4934
G1 X557.0803 Y467.3945
G1 X556.9805 Y467.3013
G1 X556.8754 Y467.2140
G1 X556.7654 Y467.1330
G1 X556.6509 Y467.0586
G1 X556.5323 Y466.9909
G1 X556.4099 Y466.9302
G1 X556.2842 Y466.8767
G1 X556.1556 Y466.8307
G1 X556.0245 Y466.7922
G1 X555.8915 Y466.7613
G1 X555.7568 Y466.7383
G1 X555.6211 Y466.7232
G1 X555.4847 Y466.7159
G1 X555.3481 Y466.7166
G1 X555.2117 Y466.7253
G1 Z8.0000 F120
G1 X555.0762 Y466.7418 F600
G1 X554.9418 Y466.7662
G1 X554.8090 Y466.7984
G1 X554.6784 Y466.8383
G1 X554.5502 Y466.8856
G1 X554.4251 Y466.9404
G1 X554.3033 Y467.0023
G1 X554.1854 Y467.0712
G1 X554.0717 Y467.1469
G1 X553.9625 Y467.2290
G1 X553.8583 Y467.3173
G1 X553.7595 Y467.4116
G1 X553.6662 Y467.5114
G1 X553.5790 Y467.6165
G1 X553.4980 Y467.7265
G1 X553.4235 Y467.8410
G1 X553.3558 Y467.9596
G1 X553.2951 Y468.0820
G1 X553.2417 Y468.2077
G1 X553.1956 Y468.3363
G1 X553.1571 Y468.4674
G1 X553.1263 Y468.6004
G1 X553.1033 Y468.7351
G1 X553.0881 Y468.8708
G1 X553.0808 Y469.0072
G1 X553.0816 Y469.1438
G1 X553.0902 Y469.2801
G1 X553.1067 Y469.4157
G1 X553.1312 Y469.5501
G1 X553.1633 Y469.6829
G1 X553.2032 Y469.8135
G1 X553.2506 Y469.9417
G1 X553.3053 Y470.0668
G1 X553.3672 Y470.1885
G1 X553.4361 Y470.3065
G1 X553.5118 Y470.4202
G1 X553.5939 Y470.5294
G1 X553.6823 Y470.6336
G1 X553.7765 Y470.7324
G1 X553.8763 Y470.8257
G1 X553.9814 Y470.9129
G1 X554.0914 Y470.9939
G1 X554.2059 Y471.0684
G1 X554.3246 Y471.1361
G1 X554.4469 Y471.1968
G1 X554.5726 Y471.2502
G1 X554.7012 Y471.2963
G1 X554.8323 Y471.3348
G1 X554.9654 Y471.3656
G1 X555.1000 Y471.3886
G1 X555.2358 Y471.4038
G1 X555.3722 Y471.4110
G1 X555.5088 Y471.4103
G1 X555.6451 Y471.4017
G1 X555.7807 Y471.3851
G1 X555.9151 Y471.3607
G1 X556.0478 Y471.3286
G1 X556.1785 Y471.2887
G1 X556.3066 Y471.2413
G1 X556.4317 Y471.1866
G1 X556.5535 Y471.1247
G1 X556.6714 Y471.0557
G1 X556.7852 Y470.9801
G1 X556.8943 Y470.8980
G1 X556.9985 Y470.8096
G1 X557.0974 Y470.7154
G1 X557.1906 Y470.6156
G1 X557.2779 Y470.5105
G1 X557.3589 Y470.4005
G1 X557.4333 Y470.2860
G1 X557.5010 Y470.1673
G1 X557.5617 Y470.0449
G1 X557.6152 Y469.9192
G1 X557.6612 Y469.7907
G1 X557.6997 Y469.6596
G1 X557.7305 Y469.5265
G1 X557.7536 Y469.3919
G1 X557.7687 Y469.2561
G1 X557.7760 Y469.1197
G1 X557.7753 Y468.9831
G1 X557.7666 Y468.8468
G1 X557.7501 Y468.7112
G1 X557.7257 Y468.5768
G1 X557.6935 Y468.4441
G1 X557.6536 Y468.3134
G1 X557.6063 Y468.1853
G1 X557.5515 Y468.0602
G1 X557.4896 Y467.9384
G1 X557.4207 Y467.8205
G1 X557.3450 Y467.7067
G1 X557.2629 Y467.5976
G1 X557.1746 Y467.4934
G1 X557.0803 Y467.3945
G1 X556.9805 Y467.3013
G1 X556.8754 Y467.2140
G1 X556.7654 Y467.1330
G1 X556.6509 Y467.0586
G1 X556.5323 Y466.9909
G1 X556.4099 Y466.9302
G1 X556.2842 Y466.8767
G1 X556.1556 Y466.8307
G1 X556.0245 Y466.7922
G1 X555.8915 Y466.7613
G1 X555.7568 Y466.7383
G1 X555.6211 Y466.7232
G1 X555.4847 Y466.7159
G1 X555.3481 Y466.7166
G1 X555.2117 Y466.7253
G0 Z-5.0000 F480


(No. 138: Hole 1)
G0 X555.2117 Y481.7253 Z-5.0000 F2100
G0 Z-0.5000 F480
G1 Z0.0000 F120
G1 Z4.0000
G1 X555.0762 Y481.7418 F600
G1 X554.9418 Y481.7662
G1 X554.8090 Y481.7984
G1 X554.6784 Y481.8383
G1 X554.5502 Y481.8856
G1 X554.4251 Y481.9404
G1 X554.3033 Y482.0023
G1 X554.1854 Y482.0712
G1 X554.0717 Y482.1469
G1 X553.9625 Y482.2290
G1 X553.8583 Y482.3173
G1 X553.7595 Y482.4116
G1 X553.6662 Y482.5114
G1 X553.5790 Y482.6165
G1 X553.4980 Y482.7265
G1 X553.4235 Y482.8410
G1 X553.3558 Y482.9596
G1 X553.2951 Y483.0820
G1 X553.2417 Y483.2077
G1 X553.1956 Y483.3363
G1 X553.1571 Y483.4674
G1 X553.1263 Y483.6004
G1 X553.1033 Y483.7351
G1 X553.0881 Y483.8708
G1 X553.0808 Y484.0072
G1 X553.0816 Y484.1438
G1 X553.0902 Y484.2801
G1 X553.1067 Y484.4157
G1 X553.1312 Y484.5501
G1 X553.1633 Y484.6829
G1 X553.2032 Y484.8135
G1 X553.2506 Y484.9417
G1 X553.3053 Y485.0668
G1 X553.3672 Y485.1885
G1 X553.4361 Y485.3065
G1 X553.5118 Y485.4202
G1 X553.5939 Y485.5294
G1 X553.6823 Y485.6336
G1 X553.7765 Y485.7324
G1 X553.8763 Y485.8257
G1 X553.9814 Y485.9129
G1 X554.0914 Y485.9939
G1 X554.2059 Y486.0684
G1 X554.3246 Y486.1361
G1 X554.4469 Y486.1968
G1 X554.5726 Y486.2502
G1 X554.7012 Y486.2963
G1 X554.8323 Y486.3348
G1 X554.9654 Y486.3656
G1 X555.1000 Y486.3886
G1 X555.2358 Y486.4038
G1 X555.3722 Y486.4110
G1 X555.5088 Y486.4103
G1 X555.6451 Y486.4017
G1 X555.7807 Y486.3851
G1 X555.9151 Y486.3607
G1 X556.0478 Y486.3286
G1 X556.1785 Y486.2887
G1 X556.3066 Y486.2413
G1 X556.4317 Y486.1866
G1 X556.5535 Y486.1247
G1 X556.6714 Y486.0557
G1 X556.7852 Y485.9801
G1 X556.8943 Y485.8980
G1 X556.9985 Y485.8096
G1 X557.0974 Y485.7154
G1 X557.1906 Y485.6156
G1 X557.2779 Y485.5105
G1 X557.3589 Y485.4005
G1 X557.4333 Y485.2860
G1 X557.5010 Y485.1673
G1 X557.5617 Y485.0449
G1 X557.6152 Y484.9192
G1 X557.6612 Y484.7907
G1 X557.6997 Y484.6596
G1 X557.7305 Y484.5265
G1 X557.7536 Y484.3919
G1 X557.7687 Y484.2561
G1 X557.7760 Y484.1197
G1 X557.7753 Y483.9831
G1 X557.7666 Y483.8468
G1 X557.7501 Y483.7112
G1 X557.7257 Y483.5768
G1 X557.6935 Y483.4441
G1 X557.6536 Y483.3134
G1 X557.6063 Y483.1853
G1 X557.5515 Y483.0602
G1 X557.4896 Y482.9384
G1 X557.4207 Y482.8205
G1 X557.3450 Y482.7067
G1 X557.2629 Y482.5976
G1 X557.1746 Y482.4934
G1 X557.0803 Y482.3945
G1 X556.9805 Y482.3013
G1 X556.8754 Y482.2140
G1 X556.7654 Y482.1330
G1 X556.6509 Y482.0586
G1 X556.5323 Y481.9909
G1 X556.4099 Y481.9302
G1 X556.2842 Y481.8767
G1 X556.1556 Y481.8307
G1 X556.0245 Y481.7922
G1 X555.8915 Y481.7613
G1 X555.7568 Y481.7383
G1 X555.6211 Y481.7232
G1 X555.4847 Y481.7159
G1 X555.3481 Y481.7166
G1 X555.2117 Y481.7253
G1 Z8.0000 F120
G1 X555.0762 Y481.7418 F600
G1 X554.9418 Y481.7662
G1 X554.8090 Y481.7984
G1 X554.6784 Y481.8383
G1 X554.5502 Y481.8856
G1 X554.4251 Y481.9404
G1 X554.3033 Y482.0023
G1 X554.1854 Y482.0712
G1 X554.0717 Y482.1469
G1 X553.9625 Y482.2290
G1 X553.8583 Y482.3173
G1 X553.7595 Y482.4116
G1 X553.6662 Y482.5114
G1 X553.5790 Y482.6165
G1 X553.4980 Y482.7265
G1 X553.4235 Y482.8410
G1 X553.3558 Y482.9596
G1 X553.2951 Y483.0820
G1 X553.2417 Y483.2077
G1 X553.1956 Y483.3363
G1 X553.1571 Y483.4674
G1 X553.1263 Y483.6004
G1 X553.1033 Y483.7351
G1 X553.0881 Y483.8708
G1 X553.0808 Y484.0072
G1 X553.0816 Y484.1438
G1 X553.0902 Y484.2801
G1 X553.1067 Y484.4157
G1 X553.1312 Y484.5501
G1 X553.1633 Y484.6829
G1 X553.2032 Y484.8135
G1 X553.2506 Y484.9417
G1 X553.3053 Y485.0668
G1 X553.3672 Y485.1885
G1 X553.4361 Y485.3065
G1 X553.5118 Y485.4202
G1 X553.5939 Y485.5294
G1 X553.6823 Y485.6336
G1 X553.7765 Y485.7324
G1 X553.8763 Y485.8257
G1 X553.9814 Y485.9129
G1 X554.0914 Y485.9939
G1 X554.2059 Y486.0684
G1 X554.3246 Y486.1361
G1 X554.4469 Y486.1968
G1 X554.5726 Y486.2502
G1 X554.7012 Y486.2963
G1 X554.8323 Y486.3348
G1 X554.9654 Y486.3656
G1 X555.1000 Y486.3886
G1 X555.2358 Y486.4038
G1 X555.3722 Y486.4110
G1 X555.5088 Y486.4103
G1 X555.6451 Y486.4017
G1 X555.7807 Y486.3851
G1 X555.9151 Y486.3607
G1 X556.0478 Y486.3286
G1 X556.1785 Y486.2887
G1 X556.3066 Y486.2413
G1 X556.4317 Y486.1866
G1 X556.5535 Y486.1247
G1 X556.6714 Y486.0557
G1 X556.7852 Y485.9801
G1 X556.8943 Y485.8980
G1 X556.9985 Y485.8096
G1 X557.0974 Y485.7154
G1 X557.1906 Y485.6156
G1 X557.2779 Y485.5105
G1 X557.3589 Y485.4005
G1 X557.4333 Y485.2860
G1 X557.5010 Y485.1673
G1 X557.5617 Y485.0449
G1 X557.6152 Y484.9192
G1 X557.6612 Y484.7907
G1 X557.6997 Y484.6596
G1 X557.7305 Y484.5265
G1 X557.7536 Y484.3919
G1 X557.7687 Y484.2561
G1 X557.7760 Y484.1197
G1 X557.7753 Y483.9831
G1 X557.7666 Y483.8468
G1 X557.7501 Y483.7112
G1 X557.7257 Y483.5768
G1 X557.6935 Y483.4441
G1 X557.6536 Y483.3134
G1 X557.6063 Y483.1853
G1 X557.5515 Y483.0602
G1 X557.4896 Y482.9384
G1 X557.4207 Y482.8205
G1 X557.3450 Y482.7067
G1 X557.2629 Y482.5976
G1 X557.1746 Y482.4934
G1 X557.0803 Y482.3945
G1 X556.9805 Y482.3013
G1 X556.8754 Y482.2140
G1 X556.7654 Y482.1330
G1 X556.6509 Y482.0586
G1 X556.5323 Y481.9909
G1 X556.4099 Y481.9302
G1 X556.2842 Y481.8767
G1 X556.1556 Y481.8307
G1 X556.0245 Y481.7922
G1 X555.8915 Y481.7613
G1 X555.7568 Y481.7383
G1 X555.6211 Y481.7232
G1 X555.4847 Y481.7159
G1 X555.3481 Y481.7166
G1 X555.2117 Y481.7253
G0 Z-5.0000 F480


(No. 139: Hole 1)
G0 X555.2117 Y496.7253 Z-5.0000 F2100
G0 Z-0.5000 F480
G1 Z0.0000 F120
G1 Z4.0000
G1 X555.0762 Y496.7418 F600
G1 X554.9418 Y496.7662
G1 X554.8090 Y496.7984
G1 X554.6784 Y496.8383
G1 X554.5502 Y496.8856
G1 X554.4251 Y496.9404
G1 X554.3033 Y497.0023
G1 X554.1854 Y497.0712
G1 X554.0717 Y497.1469
G1 X553.9625 Y497.2290
G1 X553.8583 Y497.3173
G1 X553.7595 Y497.4116
G1 X553.6662 Y497.5114
G1 X553.5790 Y497.6165
G1 X553.4980 Y497.7265
G1 X553.4235 Y497.8410
G1 X553.3558 Y497.9596
G1 X553.2951 Y498.0820
G1 X553.2417 Y498.2077
G1 X553.1956 Y498.3363
G1 X553.1571 Y498.4674
G1 X553.1263 Y498.6004
G1 X553.1033 Y498.7351
G1 X553.0881 Y498.8708
G1 X553.0808 Y499.0072
G1 X553.0816 Y499.1438
G1 X553.0902 Y499.2801
G1 X553.1067 Y499.4157
G1 X553.1312 Y499.5501
G1 X553.1633 Y499.6829
G1 X553.2032 Y499.8135
G1 X553.2506 Y499.9417
G1 X553.3053 Y500.0668
G1 X553.3672 Y500.1885
G1 X553.4361 Y500.3065
G1 X553.5118 Y500.4202
G1 X553.5939 Y500.5294
G1 X553.6823 Y500.6336
G1 X553.7765 Y500.7324
G1 X553.8763 Y500.8257
G1 X553.9814 Y500.9129
G1 X554.0914 Y500.9939
G1 X554.2059 Y501.0684
G1 X554.3246 Y501.1361
G1 X554.4469 Y501.1968
G1 X554.5726 Y501.2502
G1 X554.7012 Y501.2963
G1 X554.8323 Y501.3348
G1 X554.9654 Y501.3656
G1 X555.1000 Y501.3886
G1 X555.2358 Y501.4038
G1 X555.3722 Y501.4110
G1 X555.5088 Y501.4103
G1 X555.6451 Y501.4017
G1 X555.7807 Y501.3851
G1 X555.9151 Y501.3607
G1 X556.0478 Y501.3286
G1 X556.1785 Y501.2887
G1 X556.3066 Y501.2413
G1 X556.4317 Y501.1866
G1 X556.5535 Y501.1247
G1 X556.6714 Y501.0557
G1 X556.7852 Y500.9801
G1 X556.8943 Y500.8980
G1 X556.9985 Y500.8096
G1 X557.0974 Y500.7154
G1 X557.1906 Y500.6156
G1 X557.2779 Y500.5105
G1 X557.3589 Y500.4005
G1 X557.4333 Y500.2860
G1 X557.5010 Y500.1673
G1 X557.5617 Y500.0449
G1 X557.6152 Y499.9192
G1 X557.6612 Y499.7907
G1 X557.6997 Y499.6596
G1 X557.7305 Y499.5265
G1 X557.7536 Y499.3919
G1 X557.7687 Y499.2561
G1 X557.7760 Y499.1197
G1 X557.7753 Y498.9831
G1 X557.7666 Y498.8468
G1 X557.7501 Y498.7112
G1 X557.7257 Y498.5768
G1 X557.6935 Y498.4441
G1 X557.6536 Y498.3134
G1 X557.6063 Y498.1853
G1 X557.5515 Y498.0602
G1 X557.4896 Y497.9384
G1 X557.4207 Y497.8205
G1 X557.3450 Y497.7067
G1 X557.2629 Y497.5976
G1 X557.1746 Y497.4934
G1 X557.0803 Y497.3945
G1 X556.9805 Y497.3013
G1 X556.8754 Y497.2140
G1 X556.7654 Y497.1330
G1 X556.6509 Y497.0586
G1 X556.5323 Y496.9909
G1 X556.4099 Y496.9302
G1 X556.2842 Y496.8767
G1 X556.1556 Y496.8307
G1 X556.0245 Y496.7922
G1 X555.8915 Y496.7613
G1 X555.7568 Y496.7383
G1 X555.6211 Y496.7232
G1 X555.4847 Y496.7159
G1 X555.3481 Y496.7166
G1 X555.2117 Y496.7253
G1 Z8.0000 F120
G1 X555.0762 Y496.7418 F600
G1 X554.9418 Y496.7662
G1 X554.8090 Y496.7984
G1 X554.6784 Y496.8383
G1 X554.5502 Y496.8856
G1 X554.4251 Y496.9404
G1 X554.3033 Y497.0023
G1 X554.1854 Y497.0712
G1 X554.0717 Y497.1469
G1 X553.9625 Y497.2290
G1 X553.8583 Y497.3173
G1 X553.7595 Y497.4116
G1 X553.6662 Y497.5114
G1 X553.5790 Y497.6165
G1 X553.4980 Y497.7265
G1 X553.4235 Y497.8410
G1 X553.3558 Y497.9596
G1 X553.2951 Y498.0820
G1 X553.2417 Y498.2077
G1 X553.1956 Y498.3363
G1 X553.1571 Y498.4674
G1 X553.1263 Y498.6004
G1 X553.1033 Y498.7351
G1 X553.0881 Y498.8708
G1 X553.0808 Y499.0072
G1 X553.0816 Y499.1438
G1 X553.0902 Y499.2801
G1 X553.1067 Y499.4157
G1 X553.1312 Y499.5501
G1 X553.1633 Y499.6829
G1 X553.2032 Y499.8135
G1 X553.2506 Y499.9417
G1 X553.3053 Y500.0668
G1 X553.3672 Y500.1885
G1 X553.4361 Y500.3065
G1 X553.5118 Y500.4202
G1 X553.5939 Y500.5294
G1 X553.6823 Y500.6336
G1 X553.7765 Y500.7324
G1 X553.8763 Y500.8257
G1 X553.9814 Y500.9129
G1 X554.0914 Y500.9939
G1 X554.2059 Y501.0684
G1 X554.3246 Y501.1361
G1 X554.4469 Y501.1968
G1 X554.5726 Y501.2502
G1 X554.7012 Y501.2963
G1 X554.8323 Y501.3348
G1 X554.9654 Y501.3656
G1 X555.1000 Y501.3886
G1 X555.2358 Y501.4038
G1 X555.3722 Y501.4110
G1 X555.5088 Y501.4103
G1 X555.6451 Y501.4017
G1 X555.7807 Y501.3851
G1 X555.9151 Y501.3607
G1 X556.0478 Y501.3286
G1 X556.1785 Y501.2887
G1 X556.3066 Y501.2413
G1 X556.4317 Y501.1866
G1 X556.5535 Y501.1247
G1 X556.6714 Y501.0557
G1 X556.7852 Y500.9801
G1 X556.8943 Y500.8980
G1 X556.9985 Y500.8096
G1 X557.0974 Y500.7154
G1 X557.1906 Y500.6156
G1 X557.2779 Y500.5105
G1 X557.3589 Y500.4005
G1 X557.4333 Y500.2860
G1 X557.5010 Y500.1673
G1 X557.5617 Y500.0449
G1 X557.6152 Y499.9192
G1 X557.6612 Y499.7907
G1 X557.6997 Y499.6596
G1 X557.7305 Y499.5265
G1 X557.7536 Y499.3919
G1 X557.7687 Y499.2561
G1 X557.7760 Y499.1197
G1 X557.7753 Y498.9831
G1 X557.7666 Y498.8468
G1 X557.7501 Y498.7112
G1 X557.7257 Y498.5768
G1 X557.6935 Y498.4441
G1 X557.6536 Y498.3134
G1 X557.6063 Y498.1853
G1 X557.5515 Y498.0602
G1 X557.4896 Y497.9384
G1 X557.4207 Y497.8205
G1 X557.3450 Y497.7067
G1 X557.2629 Y497.5976
G1 X557.1746 Y497.4934
G1 X557.0803 Y497.3945
G1 X556.9805 Y497.3013
G1 X556.8754 Y497.2140
G1 X556.7654 Y497.1330
G1 X556.6509 Y497.0586
G1 X556.5323 Y496.9909
G1 X556.4099 Y496.9302
G1 X556.2842 Y496.8767
G1 X556.1556 Y496.8307
G1 X556.0245 Y496.7922
G1 X555.8915 Y496.7613
G1 X555.7568 Y496.7383
G1 X555.6211 Y496.7232
G1 X555.4847 Y496.7159
G1 X555.3481 Y496.7166
G1 X555.2117 Y496.7253
G0 Z-5.0000 F480


(No. 140: Hole 1)
G0 X540.2117 Y496.7253 Z-5.0000 F2100
G0 Z-0.5000 F480
G1 Z0.0000 F120
G1 Z4.0000
G1 X540.0762 Y496.7418 F600
G1 X539.9418 Y496.7662
G1 X539.8090 Y496.7984
G1 X539.6784 Y496.8383
G1 X539.5502 Y496.8856
G1 X539.4251 Y496.9404
G1 X539.3033 Y497.0023
G1 X539.1854 Y497.0712
G1 X539.0717 Y497.1469
G1 X538.9625 Y497.2290
G1 X538.8583 Y497.3173
G1 X538.7595 Y497.4116
G1 X538.6662 Y497.5114
G1 X538.5790 Y497.6165
G1 X538.4980 Y497.7265
G1 X538.4235 Y497.8410
G1 X538.3558 Y497.9596
G1 X538.2951 Y498.0820
G1 X538.2417 Y498.2077
G1 X538.1956 Y498.3363
G1 X538.1571 Y498.4674
G1 X538.1263 Y498.6004
G1 X538.1033 Y498.7351
G1 X538.0881 Y498.8708
G1 X538.0808 Y499.0072
G1 X538.0816 Y499.1438
G1 X538.0902 Y499.2801
G1 X538.1067 Y499.4157
G1 X538.1312 Y499.5501
G1 X538.1633 Y499.6829
G1 X538.2032 Y499.8135
G1 X538.2506 Y499.9417
G1 X538.3053 Y500.0668
G1 X538.3672 Y500.1885
G1 X538.4361 Y500.3065
G1 X538.5118 Y500.4202
G1 X538.5939 Y500.5294
G1 X538.6823 Y500.6336
G1 X538.7765 Y500.7324
G1 X538.8763 Y500.8257
G1 X538.9814 Y500.9129
G1 X539.0914 Y500.9939
G1 X539.2059 Y501.0684
G1 X539.3246 Y501.1361
G1 X539.4469 Y501.1968
G1 X539.5726 Y501.2502
G1 X539.7012 Y501.2963
G1 X539.8323 Y501.3348
G1 X539.9654 Y501.3656
G1 X540.1000 Y501.3886
G1 X540.2358 Y501.4038
G1 X540.3722 Y501.4110
G1 X540.5088 Y501.4103
G1 X540.6451 Y501.4017
G1 X540.7807 Y501.3851
G1 X540.9151 Y501.3607
G1 X541.0478 Y501.3286
G1 X541.1785 Y501.2887
G1 X541.3066 Y501.2413
G1 X541.4317 Y501.1866
G1 X541.5535 Y501.1247
G1 X541.6714 Y501.0557
G1 X541.7852 Y500.9801
G1 X541.8943 Y500.8980
G1 X541.9985 Y500.8096
G1 X542.0974 Y500.7154
G1 X542.1906 Y500.6156
G1 X542.2779 Y500.5105
G1 X542.3589 Y500.4005
G1 X542.4333 Y500.2860
G1 X542.5010 Y500.1673
G1 X542.5617 Y500.0449
G1 X542.6152 Y499.9192
G1 X542.6612 Y499.7907
G1 X542.6997 Y499.6596
G1 X542.7305 Y499.5265
G1 X542.7536 Y499.3919
G1 X542.7687 Y499.2561
G1 X542.7760 Y499.1197
G1 X542.7753 Y498.9831
G1 X542.7666 Y498.8468
G1 X542.7501 Y498.7112
G1 X542.7257 Y498.5768
G1 X542.6935 Y498.4441
G1 X542.6536 Y498.3134
G1 X542.6063 Y498.1853
G1 X542.5515 Y498.0602
G1 X542.4896 Y497.9384
G1 X542.4207 Y497.8205
G1 X542.3450 Y497.7067
G1 X542.2629 Y497.5976
G1 X542.1746 Y497.4934
G1 X542.0803 Y497.3945
G1 X541.9805 Y497.3013
G1 X541.8754 Y497.2140
G1 X541.7654 Y497.1330
G1 X541.6509 Y497.0586
G1 X541.5323 Y496.9909
G1 X541.4099 Y496.9302
G1 X541.2842 Y496.8767
G1 X541.1556 Y496.8307
G1 X541.0245 Y496.7922
G1 X540.8915 Y496.7613
G1 X540.7568 Y496.7383
G1 X540.6211 Y496.7232
G1 X540.4847 Y496.7159
G1 X540.3481 Y496.7166
G1 X540.2117 Y496.7253
G1 Z8.0000 F120
G1 X540.0762 Y496.7418 F600
G1 X539.9418 Y496.7662
G1 X539.8090 Y496.7984
G1 X539.6784 Y496.8383
G1 X539.5502 Y496.8856
G1 X539.4251 Y496.9404
G1 X539.3033 Y497.0023
G1 X539.1854 Y497.0712
G1 X539.0717 Y497.1469
G1 X538.9625 Y497.2290
G1 X538.8583 Y497.3173
G1 X538.7595 Y497.4116
G1 X538.6662 Y497.5114
G1 X538.5790 Y497.6165
G1 X538.4980 Y497.7265
G1 X538.4235 Y497.8410
G1 X538.3558 Y497.9596
G1 X538.2951 Y498.0820
G1 X538.2417 Y498.2077
G1 X538.1956 Y498.3363
G1 X538.1571 Y498.4674
G1 X538.1263 Y498.6004
G1 X538.1033 Y498.7351
G1 X538.0881 Y498.8708
G1 X538.0808 Y499.0072
G1 X538.0816 Y499.1438
G1 X538.0902 Y499.2801
G1 X538.1067 Y499.4157
G1 X538.1312 Y499.5501
G1 X538.1633 Y499.6829
G1 X538.2032 Y499.8135
G1 X538.2506 Y499.9417
G1 X538.3053 Y500.0668
G1 X538.3672 Y500.1885
G1 X538.4361 Y500.3065
G1 X538.5118 Y500.4202
G1 X538.5939 Y500.5294
G1 X538.6823 Y500.6336
G1 X538.7765 Y500.7324
G1 X538.8763 Y500.8257
G1 X538.9814 Y500.9129
G1 X539.0914 Y500.9939
G1 X539.2059 Y501.0684
G1 X539.3246 Y501.1361
G1 X539.4469 Y501.1968
G1 X539.5726 Y501.2502
G1 X539.7012 Y501.2963
G1 X539.8323 Y501.3348
G1 X539.9654 Y501.3656
G1 X540.1000 Y501.3886
G1 X540.2358 Y501.4038
G1 X540.3722 Y501.4110
G1 X540.5088 Y501.4103
G1 X540.6451 Y501.4017
G1 X540.7807 Y501.3851
G1 X540.9151 Y501.3607
G1 X541.0478 Y501.3286
G1 X541.1785 Y501.2887
G1 X541.3066 Y501.2413
G1 X541.4317 Y501.1866
G1 X541.5535 Y501.1247
G1 X541.6714 Y501.0557
G1 X541.7852 Y500.9801
G1 X541.8943 Y500.8980
G1 X541.9985 Y500.8096
G1 X542.0974 Y500.7154
G1 X542.1906 Y500.6156
G1 X542.2779 Y500.5105
G1 X542.3589 Y500.4005
G1 X542.4333 Y500.2860
G1 X542.5010 Y500.1673
G1 X542.5617 Y500.0449
G1 X542.6152 Y499.9192
G1 X542.6612 Y499.7907
G1 X542.6997 Y499.6596
G1 X542.7305 Y499.5265
G1 X542.7536 Y499.3919
G1 X542.7687 Y499.2561
G1 X542.7760 Y499.1197
G1 X542.7753 Y498.9831
G1 X542.7666 Y498.8468
G1 X542.7501 Y498.7112
G1 X542.7257 Y498.5768
G1 X542.6935 Y498.4441
G1 X542.6536 Y498.3134
G1 X542.6063 Y498.1853
G1 X542.5515 Y498.0602
G1 X542.4896 Y497.9384
G1 X542.4207 Y497.8205
G1 X542.3450 Y497.7067
G1 X542.2629 Y497.5976
G1 X542.1746 Y497.4934
G1 X542.0803 Y497.3945
G1 X541.9805 Y497.3013
G1 X541.8754 Y497.2140
G1 X541.7654 Y497.1330
G1 X541.6509 Y497.0586
G1 X541.5323 Y496.9909
G1 X541.4099 Y496.9302
G1 X541.2842 Y496.8767
G1 X541.1556 Y496.8307
G1 X541.0245 Y496.7922
G1 X540.8915 Y496.7613
G1 X540.7568 Y496.7383
G1 X540.6211 Y496.7232
G1 X540.4847 Y496.7159
G1 X540.3481 Y496.7166
G1 X540.2117 Y496.7253
G0 Z-5.0000 F480


(No. 141: Hole 1)
G0 X540.2117 Y481.7253 Z-5.0000 F2100
G0 Z-0.5000 F480
G1 Z0.0000 F120
G1 Z4.0000
G1 X540.0762 Y481.7418 F600
G1 X539.9418 Y481.7662
G1 X539.8090 Y481.7984
G1 X539.6784 Y481.8383
G1 X539.5502 Y481.8856
G1 X539.4251 Y481.9404
G1 X539.3033 Y482.0023
G1 X539.1854 Y482.0712
G1 X539.0717 Y482.1469
G1 X538.9625 Y482.2290
G1 X538.8583 Y482.3173
G1 X538.7595 Y482.4116
G1 X538.6662 Y482.5114
G1 X538.5790 Y482.6165
G1 X538.4980 Y482.7265
G1 X538.4235 Y482.8410
G1 X538.3558 Y482.9596
G1 X538.2951 Y483.0820
G1 X538.2417 Y483.2077
G1 X538.1956 Y483.3363
G1 X538.1571 Y483.4674
G1 X538.1263 Y483.6004
G1 X538.1033 Y483.7351
G1 X538.0881 Y483.8708
G1 X538.0808 Y484.0072
G1 X538.0816 Y484.1438
G1 X538.0902 Y484.2801
G1 X538.1067 Y484.4157
G1 X538.1312 Y484.5501
G1 X538.1633 Y484.6829
G1 X538.2032 Y484.8135
G1 X538.2506 Y484.9417
G1 X538.3053 Y485.0668
G1 X538.3672 Y485.1885
G1 X538.4361 Y485.3065
G1 X538.5118 Y485.4202
G1 X538.5939 Y485.5294
G1 X538.6823 Y485.6336
G1 X538.7765 Y485.7324
G1 X538.8763 Y485.8257
G1 X538.9814 Y485.9129
G1 X539.0914 Y485.9939
G1 X539.2059 Y486.0684
G1 X539.3246 Y486.1361
G1 X539.4469 Y486.1968
G1 X539.5726 Y486.2502
G1 X539.7012 Y486.2963
G1 X539.8323 Y486.3348
G1 X539.9654 Y486.3656
G1 X540.1000 Y486.3886
G1 X540.2358 Y486.4038
G1 X540.3722 Y486.4110
G1 X540.5088 Y486.4103
G1 X540.6451 Y486.4017
G1 X540.7807 Y486.3851
G1 X540.9151 Y486.3607
G1 X541.0478 Y486.3286
G1 X541.1785 Y486.2887
G1 X541.3066 Y486.2413
G1 X541.4317 Y486.1866
G1 X541.5535 Y486.1247
G1 X541.6714 Y486.0557
G1 X541.7852 Y485.9801
G1 X541.8943 Y485.8980
G1 X541.9985 Y485.8096
G1 X542.0974 Y485.7154
G1 X542.1906 Y485.6156
G1 X542.2779 Y485.5105
G1 X542.3589 Y485.4005
G1 X542.4333 Y485.2860
G1 X542.5010 Y485.1673
G1 X542.5617 Y485.0449
G1 X542.6152 Y484.9192
G1 X542.6612 Y484.7907
G1 X542.6997 Y484.6596
G1 X542.7305 Y484.5265
G1 X542.7536 Y484.3919
G1 X542.7687 Y484.2561
G1 X542.7760 Y484.1197
G1 X542.7753 Y483.9831
G1 X542.7666 Y483.8468
G1 X542.7501 Y483.7112
G1 X542.7257 Y483.5768
G1 X542.6935 Y483.4441
G1 X542.6536 Y483.3134
G1 X542.6063 Y483.1853
G1 X542.5515 Y483.0602
G1 X542.4896 Y482.9384
G1 X542.4207 Y482.8205
G1 X542.3450 Y482.7067
G1 X542.2629 Y482.5976
G1 X542.1746 Y482.4934
G1 X542.0803 Y482.3945
G1 X541.9805 Y482.3013
G1 X541.8754 Y482.2140
G1 X541.7654 Y482.1330
G1 X541.6509 Y482.0586
G1 X541.5323 Y481.9909
G1 X541.4099 Y481.9302
G1 X541.2842 Y481.8767
G1 X541.1556 Y481.8307
G1 X541.0245 Y481.7922
G1 X540.8915 Y481.7613
G1 X540.7568 Y481.7383
G1 X540.6211 Y481.7232
G1 X540.4847 Y481.7159
G1 X540.3481 Y481.7166
G1 X540.2117 Y481.7253
G1 Z8.0000 F120
G1 X540.0762 Y481.7418 F600
G1 X539.9418 Y481.7662
G1 X539.8090 Y481.7984
G1 X539.6784 Y481.8383
G1 X539.5502 Y481.8856
G1 X539.4251 Y481.9404
G1 X539.3033 Y482.0023
G1 X539.1854 Y482.0712
G1 X539.0717 Y482.1469
G1 X538.9625 Y482.2290
G1 X538.8583 Y482.3173
G1 X538.7595 Y482.4116
G1 X538.6662 Y482.5114
G1 X538.5790 Y482.6165
G1 X538.4980 Y482.7265
G1 X538.4235 Y482.8410
G1 X538.3558 Y482.9596
G1 X538.2951 Y483.0820
G1 X538.2417 Y483.2077
G1 X538.1956 Y483.3363
G1 X538.1571 Y483.4674
G1 X538.1263 Y483.6004
G1 X538.1033 Y483.7351
G1 X538.0881 Y483.8708
G1 X538.0808 Y484.0072
G1 X538.0816 Y484.1438
G1 X538.0902 Y484.2801
G1 X538.1067 Y484.4157
G1 X538.1312 Y484.5501
G1 X538.1633 Y484.6829
G1 X538.2032 Y484.8135
G1 X538.2506 Y484.9417
G1 X538.3053 Y485.0668
G1 X538.3672 Y485.1885
G1 X538.4361 Y485.3065
G1 X538.5118 Y485.4202
G1 X538.5939 Y485.5294
G1 X538.6823 Y485.6336
G1 X538.7765 Y485.7324
G1 X538.8763 Y485.8257
G1 X538.9814 Y485.9129
G1 X539.0914 Y485.9939
G1 X539.2059 Y486.0684
G1 X539.3246 Y486.1361
G1 X539.4469 Y486.1968
G1 X539.5726 Y486.2502
G1 X539.7012 Y486.2963
G1 X539.8323 Y486.3348
G1 X539.9654 Y486.3656
G1 X540.1000 Y486.3886
G1 X540.2358 Y486.4038
G1 X540.3722 Y486.4110
G1 X540.5088 Y486.4103
G1 X540.6451 Y486.4017
G1 X540.7807 Y486.3851
G1 X540.9151 Y486.3607
G1 X541.0478 Y486.3286
G1 X541.1785 Y486.2887
G1 X541.3066 Y486.2413
G1 X541.4317 Y486.1866
G1 X541.5535 Y486.1247
G1 X541.6714 Y486.0557
G1 X541.7852 Y485.9801
G1 X541.8943 Y485.8980
G1 X541.9985 Y485.8096
G1 X542.0974 Y485.7154
G1 X542.1906 Y485.6156
G1 X542.2779 Y485.5105
G1 X542.3589 Y485.4005
G1 X542.4333 Y485.2860
G1 X542.5010 Y485.1673
G1 X542.5617 Y485.0449
G1 X542.6152 Y484.9192
G1 X542.6612 Y484.7907
G1 X542.6997 Y484.6596
G1 X542.7305 Y484.5265
G1 X542.7536 Y484.3919
G1 X542.7687 Y484.2561
G1 X542.7760 Y484.1197
G1 X542.7753 Y483.9831
G1 X542.7666 Y483.8468
G1 X542.7501 Y483.7112
G1 X542.7257 Y483.5768
G1 X542.6935 Y483.4441
G1 X542.6536 Y483.3134
G1 X542.6063 Y483.1853
G1 X542.5515 Y483.0602
G1 X542.4896 Y482.9384
G1 X542.4207 Y482.8205
G1 X542.3450 Y482.7067
G1 X542.2629 Y482.5976
G1 X542.1746 Y482.4934
G1 X542.0803 Y482.3945
G1 X541.9805 Y482.3013
G1 X541.8754 Y482.2140
G1 X541.7654 Y482.1330
G1 X541.6509 Y482.0586
G1 X541.5323 Y481.9909
G1 X541.4099 Y481.9302
G1 X541.2842 Y481.8767
G1 X541.1556 Y481.8307
G1 X541.0245 Y481.7922
G1 X540.8915 Y481.7613
G1 X540.7568 Y481.7383
G1 X540.6211 Y481.7232
G1 X540.4847 Y481.7159
G1 X540.3481 Y481.7166
G1 X540.2117 Y481.7253
G0 Z-5.0000 F480


(No. 142: Hole 1)
G0 X525.2117 Y481.7253 Z-5.0000 F2100
G0 Z-0.5000 F480
G1 Z0.0000 F120
G1 Z4.0000
G1 X525.0762 Y481.7418 F600
G1 X524.9418 Y481.7662
G1 X524.8090 Y481.7984
G1 X524.6784 Y481.8383
G1 X524.5502 Y481.8856
G1 X524.4251 Y481.9404
G1 X524.3033 Y482.0023
G1 X524.1854 Y482.0712
G1 X524.0717 Y482.1469
G1 X523.9625 Y482.2290
G1 X523.8583 Y482.3173
G1 X523.7595 Y482.4116
G1 X523.6662 Y482.5114
G1 X523.5790 Y482.6165
G1 X523.4980 Y482.7265
G1 X523.4235 Y482.8410
G1 X523.3558 Y482.9596
G1 X523.2951 Y483.0820
G1 X523.2417 Y483.2077
G1 X523.1956 Y483.3363
G1 X523.1571 Y483.4674
G1 X523.1263 Y483.6004
G1 X523.1033 Y483.7351
G1 X523.0881 Y483.8708
G1 X523.0808 Y484.0072
G1 X523.0816 Y484.1438
G1 X523.0902 Y484.2801
G1 X523.1067 Y484.4157
G1 X523.1312 Y484.5501
G1 X523.1633 Y484.6829
G1 X523.2032 Y484.8135
G1 X523.2506 Y484.9417
G1 X523.3053 Y485.0668
G1 X523.3672 Y485.1885
G1 X523.4361 Y485.3065
G1 X523.5118 Y485.4202
G1 X523.5939 Y485.5294
G1 X523.6823 Y485.6336
G1 X523.7765 Y485.7324
G1 X523.8763 Y485.8257
G1 X523.9814 Y485.9129
G1 X524.0914 Y485.9939
G1 X524.2059 Y486.0684
G1 X524.3246 Y486.1361
G1 X524.4469 Y486.1968
G1 X524.5726 Y486.2502
G1 X524.7012 Y486.2963
G1 X524.8323 Y486.3348
G1 X524.9654 Y486.3656
G1 X525.1000 Y486.3886
G1 X525.2358 Y486.4038
G1 X525.3722 Y486.4110
G1 X525.5088 Y486.4103
G1 X525.6451 Y486.4017
G1 X525.7807 Y486.3851
G1 X525.9151 Y486.3607
G1 X526.0478 Y486.3286
G1 X526.1785 Y486.2887
G1 X526.3066 Y486.2413
G1 X526.4317 Y486.1866
G1 X526.5535 Y486.1247
G1 X526.6714 Y486.0557
G1 X526.7852 Y485.9801
G1 X526.8943 Y485.8980
G1 X526.9985 Y485.8096
G1 X527.0974 Y485.7154
G1 X527.1906 Y485.6156
G1 X527.2779 Y485.5105
G1 X527.3589 Y485.4005
G1 X527.4333 Y485.2860
G1 X527.5010 Y485.1673
G1 X527.5617 Y485.0449
G1 X527.6152 Y484.9192
G1 X527.6612 Y484.7907
G1 X527.6997 Y484.6596
G1 X527.7305 Y484.5265
G1 X527.7536 Y484.3919
G1 X527.7687 Y484.2561
G1 X527.7760 Y484.1197
G1 X527.7753 Y483.9831
G1 X527.7666 Y483.8468
G1 X527.7501 Y483.7112
G1 X527.7257 Y483.5768
G1 X527.6935 Y483.4441
G1 X527.6536 Y483.3134
G1 X527.6063 Y483.1853
G1 X527.5515 Y483.0602
G1 X527.4896 Y482.9384
G1 X527.4207 Y482.8205
G1 X527.3450 Y482.7067
G1 X527.2629 Y482.5976
G1 X527.1746 Y482.4934
G1 X527.0803 Y482.3945
G1 X526.9805 Y482.3013
G1 X526.8754 Y482.2140
G1 X526.7654 Y482.1330
G1 X526.6509 Y482.0586
G1 X526.5323 Y481.9909
G1 X526.4099 Y481.9302
G1 X526.2842 Y481.8767
G1 X526.1556 Y481.8307
G1 X526.0245 Y481.7922
G1 X525.8915 Y481.7613
G1 X525.7568 Y481.7383
G1 X525.6211 Y481.7232
G1 X525.4847 Y481.7159
G1 X525.3481 Y481.7166
G1 X525.2117 Y481.7253
G1 Z8.0000 F120
G1 X525.0762 Y481.7418 F600
G1 X524.9418 Y481.7662
G1 X524.8090 Y481.7984
G1 X524.6784 Y481.8383
G1 X524.5502 Y481.8856
G1 X524.4251 Y481.9404
G1 X524.3033 Y482.0023
G1 X524.1854 Y482.0712
G1 X524.0717 Y482.1469
G1 X523.9625 Y482.2290
G1 X523.8583 Y482.3173
G1 X523.7595 Y482.4116
G1 X523.6662 Y482.5114
G1 X523.5790 Y482.6165
G1 X523.4980 Y482.7265
G1 X523.4235 Y482.8410
G1 X523.3558 Y482.9596
G1 X523.2951 Y483.0820
G1 X523.2417 Y483.2077
G1 X523.1956 Y483.3363
G1 X523.1571 Y483.4674
G1 X523.1263 Y483.6004
G1 X523.1033 Y483.7351
G1 X523.0881 Y483.8708
G1 X523.0808 Y484.0072
G1 X523.0816 Y484.1438
G1 X523.0902 Y484.2801
G1 X523.1067 Y484.4157
G1 X523.1312 Y484.5501
G1 X523.1633 Y484.6829
G1 X523.2032 Y484.8135
G1 X523.2506 Y484.9417
G1 X523.3053 Y485.0668
G1 X523.3672 Y485.1885
G1 X523.4361 Y485.3065
G1 X523.5118 Y485.4202
G1 X523.5939 Y485.5294
G1 X523.6823 Y485.6336
G1 X523.7765 Y485.7324
G1 X523.8763 Y485.8257
G1 X523.9814 Y485.9129
G1 X524.0914 Y485.9939
G1 X524.2059 Y486.0684
G1 X524.3246 Y486.1361
G1 X524.4469 Y486.1968
G1 X524.5726 Y486.2502
G1 X524.7012 Y486.2963
G1 X524.8323 Y486.3348
G1 X524.9654 Y486.3656
G1 X525.1000 Y486.3886
G1 X525.2358 Y486.4038
G1 X525.3722 Y486.4110
G1 X525.5088 Y486.4103
G1 X525.6451 Y486.4017
G1 X525.7807 Y486.3851
G1 X525.9151 Y486.3607
G1 X526.0478 Y486.3286
G1 X526.1785 Y486.2887
G1 X526.3066 Y486.2413
G1 X526.4317 Y486.1866
G1 X526.5535 Y486.1247
G1 X526.6714 Y486.0557
G1 X526.7852 Y485.9801
G1 X526.8943 Y485.8980
G1 X526.9985 Y485.8096
G1 X527.0974 Y485.7154
G1 X527.1906 Y485.6156
G1 X527.2779 Y485.5105
G1 X527.3589 Y485.4005
G1 X527.4333 Y485.2860
G1 X527.5010 Y485.1673
G1 X527.5617 Y485.0449
G1 X527.6152 Y484.9192
G1 X527.6612 Y484.7907
G1 X527.6997 Y484.6596
G1 X527.7305 Y484.5265
G1 X527.7536 Y484.3919
G1 X527.7687 Y484.2561
G1 X527.7760 Y484.1197
G1 X527.7753 Y483.9831
G1 X527.7666 Y483.8468
G1 X527.7501 Y483.7112
G1 X527.7257 Y483.5768
G1 X527.6935 Y483.4441
G1 X527.6536 Y483.3134
G1 X527.6063 Y483.1853
G1 X527.5515 Y483.0602
G1 X527.4896 Y482.9384
G1 X527.4207 Y482.8205
G1 X527.3450 Y482.7067
G1 X527.2629 Y482.5976
G1 X527.1746 Y482.4934
G1 X527.0803 Y482.3945
G1 X526.9805 Y482.3013
G1 X526.8754 Y482.2140
G1 X526.7654 Y482.1330
G1 X526.6509 Y482.0586
G1 X526.5323 Y481.9909
G1 X526.4099 Y481.9302
G1 X526.2842 Y481.8767
G1 X526.1556 Y481.8307
G1 X526.0245 Y481.7922
G1 X525.8915 Y481.7613
G1 X525.7568 Y481.7383
G1 X525.6211 Y481.7232
G1 X525.4847 Y481.7159
G1 X525.3481 Y481.7166
G1 X525.2117 Y481.7253
G0 Z-5.0000 F480


(No. 143: Hole 1)
G0 X525.2117 Y496.7253 Z-5.0000 F2100
G0 Z-0.5000 F480
G1 Z0.0000 F120
G1 Z4.0000
G1 X525.0762 Y496.7418 F600
G1 X524.9418 Y496.7662
G1 X524.8090 Y496.7984
G1 X524.6784 Y496.8383
G1 X524.5502 Y496.8856
G1 X524.4251 Y496.9404
G1 X524.3033 Y497.0023
G1 X524.1854 Y497.0712
G1 X524.0717 Y497.1469
G1 X523.9625 Y497.2290
G1 X523.8583 Y497.3173
G1 X523.7595 Y497.4116
G1 X523.6662 Y497.5114
G1 X523.5790 Y497.6165
G1 X523.4980 Y497.7265
G1 X523.4235 Y497.8410
G1 X523.3558 Y497.9596
G1 X523.2951 Y498.0820
G1 X523.2417 Y498.2077
G1 X523.1956 Y498.3363
G1 X523.1571 Y498.4674
G1 X523.1263 Y498.6004
G1 X523.1033 Y498.7351
G1 X523.0881 Y498.8708
G1 X523.0808 Y499.0072
G1 X523.0816 Y499.1438
G1 X523.0902 Y499.2801
G1 X523.1067 Y499.4157
G1 X523.1312 Y499.5501
G1 X523.1633 Y499.6829
G1 X523.2032 Y499.8135
G1 X523.2506 Y499.9417
G1 X523.3053 Y500.0668
G1 X523.3672 Y500.1885
G1 X523.4361 Y500.3065
G1 X523.5118 Y500.4202
G1 X523.5939 Y500.5294
G1 X523.6823 Y500.6336
G1 X523.7765 Y500.7324
G1 X523.8763 Y500.8257
G1 X523.9814 Y500.9129
G1 X524.0914 Y500.9939
G1 X524.2059 Y501.0684
G1 X524.3246 Y501.1361
G1 X524.4469 Y501.1968
G1 X524.5726 Y501.2502
G1 X524.7012 Y501.2963
G1 X524.8323 Y501.3348
G1 X524.9654 Y501.3656
G1 X525.1000 Y501.3886
G1 X525.2358 Y501.4038
G1 X525.3722 Y501.4110
G1 X525.5088 Y501.4103
G1 X525.6451 Y501.4017
G1 X525.7807 Y501.3851
G1 X525.9151 Y501.3607
G1 X526.0478 Y501.3286
G1 X526.1785 Y501.2887
G1 X526.3066 Y501.2413
G1 X526.4317 Y501.1866
G1 X526.5535 Y501.1247
G1 X526.6714 Y501.0557
G1 X526.7852 Y500.9801
G1 X526.8943 Y500.8980
G1 X526.9985 Y500.8096
G1 X527.0974 Y500.7154
G1 X527.1906 Y500.6156
G1 X527.2779 Y500.5105
G1 X527.3589 Y500.4005
G1 X527.4333 Y500.2860
G1 X527.5010 Y500.1673
G1 X527.5617 Y500.0449
G1 X527.6152 Y499.9192
G1 X527.6612 Y499.7907
G1 X527.6997 Y499.6596
G1 X527.7305 Y499.5265
G1 X527.7536 Y499.3919
G1 X527.7687 Y499.2561
G1 X527.7760 Y499.1197
G1 X527.7753 Y498.9831
G1 X527.7666 Y498.8468
G1 X527.7501 Y498.7112
G1 X527.7257 Y498.5768
G1 X527.6935 Y498.4441
G1 X527.6536 Y498.3134
G1 X527.6063 Y498.1853
G1 X527.5515 Y498.0602
G1 X527.4896 Y497.9384
G1 X527.4207 Y497.8205
G1 X527.3450 Y497.7067
G1 X527.2629 Y497.5976
G1 X527.1746 Y497.4934
G1 X527.0803 Y497.3945
G1 X526.9805 Y497.3013
G1 X526.8754 Y497.2140
G1 X526.7654 Y497.1330
G1 X526.6509 Y497.0586
G1 X526.5323 Y496.9909
G1 X526.4099 Y496.9302
G1 X526.2842 Y496.8767
G1 X526.1556 Y496.8307
G1 X526.0245 Y496.7922
G1 X525.8915 Y496.7613
G1 X525.7568 Y496.7383
G1 X525.6211 Y496.7232
G1 X525.4847 Y496.7159
G1 X525.3481 Y496.7166
G1 X525.2117 Y496.7253
G1 Z8.0000 F120
G1 X525.0762 Y496.7418 F600
G1 X524.9418 Y496.7662
G1 X524.8090 Y496.7984
G1 X524.6784 Y496.8383
G1 X524.5502 Y496.8856
G1 X524.4251 Y496.9404
G1 X524.3033 Y497.0023
G1 X524.1854 Y497.0712
G1 X524.0717 Y497.1469
G1 X523.9625 Y497.2290
G1 X523.8583 Y497.3173
G1 X523.7595 Y497.4116
G1 X523.6662 Y497.5114
G1 X523.5790 Y497.6165
G1 X523.4980 Y497.7265
G1 X523.4235 Y497.8410
G1 X523.3558 Y497.9596
G1 X523.2951 Y498.0820
G1 X523.2417 Y498.2077
G1 X523.1956 Y498.3363
G1 X523.1571 Y498.4674
G1 X523.1263 Y498.6004
G1 X523.1033 Y498.7351
G1 X523.0881 Y498.8708
G1 X523.0808 Y499.0072
G1 X523.0816 Y499.1438
G1 X523.0902 Y499.2801
G1 X523.1067 Y499.4157
G1 X523.1312 Y499.5501
G1 X523.1633 Y499.6829
G1 X523.2032 Y499.8135
G1 X523.2506 Y499.9417
G1 X523.3053 Y500.0668
G1 X523.3672 Y500.1885
G1 X523.4361 Y500.3065
G1 X523.5118 Y500.4202
G1 X523.5939 Y500.5294
G1 X523.6823 Y500.6336
G1 X523.7765 Y500.7324
G1 X523.8763 Y500.8257
G1 X523.9814 Y500.9129
G1 X524.0914 Y500.9939
G1 X524.2059 Y501.0684
G1 X524.3246 Y501.1361
G1 X524.4469 Y501.1968
G1 X524.5726 Y501.2502
G1 X524.7012 Y501.2963
G1 X524.8323 Y501.3348
G1 X524.9654 Y501.3656
G1 X525.1000 Y501.3886
G1 X525.2358 Y501.4038
G1 X525.3722 Y501.4110
G1 X525.5088 Y501.4103
G1 X525.6451 Y501.4017
G1 X525.7807 Y501.3851
G1 X525.9151 Y501.3607
G1 X526.0478 Y501.3286
G1 X526.1785 Y501.2887
G1 X526.3066 Y501.2413
G1 X526.4317 Y501.1866
G1 X526.5535 Y501.1247
G1 X526.6714 Y501.0557
G1 X526.7852 Y500.9801
G1 X526.8943 Y500.8980
G1 X526.9985 Y500.8096
G1 X527.0974 Y500.7154
G1 X527.1906 Y500.6156
G1 X527.2779 Y500.5105
G1 X527.3589 Y500.4005
G1 X527.4333 Y500.2860
G1 X527.5010 Y500.1673
G1 X527.5617 Y500.0449
G1 X527.6152 Y499.9192
G1 X527.6612 Y499.7907
G1 X527.6997 Y499.6596
G1 X527.7305 Y499.5265
G1 X527.7536 Y499.3919
G1 X527.7687 Y499.2561
G1 X527.7760 Y499.1197
G1 X527.7753 Y498.9831
G1 X527.7666 Y498.8468
G1 X527.7501 Y498.7112
G1 X527.7257 Y498.5768
G1 X527.6935 Y498.4441
G1 X527.6536 Y498.3134
G1 X527.6063 Y498.1853
G1 X527.5515 Y498.0602
G1 X527.4896 Y497.9384
G1 X527.4207 Y497.8205
G1 X527.3450 Y497.7067
G1 X527.2629 Y497.5976
G1 X527.1746 Y497.4934
G1 X527.0803 Y497.3945
G1 X526.9805 Y497.3013
G1 X526.8754 Y497.2140
G1 X526.7654 Y497.1330
G1 X526.6509 Y497.0586
G1 X526.5323 Y496.9909
G1 X526.4099 Y496.9302
G1 X526.2842 Y496.8767
G1 X526.1556 Y496.8307
G1 X526.0245 Y496.7922
G1 X525.8915 Y496.7613
G1 X525.7568 Y496.7383
G1 X525.6211 Y496.7232
G1 X525.4847 Y496.7159
G1 X525.3481 Y496.7166
G1 X525.2117 Y496.7253
G0 Z-5.0000 F480


(No. 144: Hole 1)
G0 X525.2117 Y511.7253 Z-5.0000 F2100
G0 Z-0.5000 F480
G1 Z0.0000 F120
G1 Z4.0000
G1 X525.0762 Y511.7418 F600
G1 X524.9418 Y511.7662
G1 X524.8090 Y511.7984
G1 X524.6784 Y511.8383
G1 X524.5502 Y511.8856
G1 X524.4251 Y511.9404
G1 X524.3033 Y512.0023
G1 X524.1854 Y512.0712
G1 X524.0717 Y512.1469
G1 X523.9625 Y512.2290
G1 X523.8583 Y512.3173
G1 X523.7595 Y512.4116
G1 X523.6662 Y512.5114
G1 X523.5790 Y512.6165
G1 X523.4980 Y512.7265
G1 X523.4235 Y512.8410
G1 X523.3558 Y512.9596
G1 X523.2951 Y513.0820
G1 X523.2417 Y513.2077
G1 X523.1956 Y513.3363
G1 X523.1571 Y513.4674
G1 X523.1263 Y513.6004
G1 X523.1033 Y513.7351
G1 X523.0881 Y513.8708
G1 X523.0808 Y514.0072
G1 X523.0816 Y514.1438
G1 X523.0902 Y514.2801
G1 X523.1067 Y514.4157
G1 X523.1312 Y514.5501
G1 X523.1633 Y514.6829
G1 X523.2032 Y514.8135
G1 X523.2506 Y514.9417
G1 X523.3053 Y515.0668
G1 X523.3672 Y515.1885
G1 X523.4361 Y515.3065
G1 X523.5118 Y515.4202
G1 X523.5939 Y515.5294
G1 X523.6823 Y515.6336
G1 X523.7765 Y515.7324
G1 X523.8763 Y515.8257
G1 X523.9814 Y515.9129
G1 X524.0914 Y515.9939
G1 X524.2059 Y516.0684
G1 X524.3246 Y516.1361
G1 X524.4469 Y516.1968
G1 X524.5726 Y516.2502
G1 X524.7012 Y516.2963
G1 X524.8323 Y516.3348
G1 X524.9654 Y516.3656
G1 X525.1000 Y516.3886
G1 X525.2358 Y516.4038
G1 X525.3722 Y516.4110
G1 X525.5088 Y516.4103
G1 X525.6451 Y516.4017
G1 X525.7807 Y516.3851
G1 X525.9151 Y516.3607
G1 X526.0478 Y516.3286
G1 X526.1785 Y516.2887
G1 X526.3066 Y516.2413
G1 X526.4317 Y516.1866
G1 X526.5535 Y516.1247
G1 X526.6714 Y516.0557
G1 X526.7852 Y515.9801
G1 X526.8943 Y515.8980
G1 X526.9985 Y515.8096
G1 X527.0974 Y515.7154
G1 X527.1906 Y515.6156
G1 X527.2779 Y515.5105
G1 X527.3589 Y515.4005
G1 X527.4333 Y515.2860
G1 X527.5010 Y515.1673
G1 X527.5617 Y515.0449
G1 X527.6152 Y514.9192
G1 X527.6612 Y514.7907
G1 X527.6997 Y514.6596
G1 X527.7305 Y514.5265
G1 X527.7536 Y514.3919
G1 X527.7687 Y514.2561
G1 X527.7760 Y514.1197
G1 X527.7753 Y513.9831
G1 X527.7666 Y513.8468
G1 X527.7501 Y513.7112
G1 X527.7257 Y513.5768
G1 X527.6935 Y513.4441
G1 X527.6536 Y513.3134
G1 X527.6063 Y513.1853
G1 X527.5515 Y513.0602
G1 X527.4896 Y512.9384
G1 X527.4207 Y512.8205
G1 X527.3450 Y512.7067
G1 X527.2629 Y512.5976
G1 X527.1746 Y512.4934
G1 X527.0803 Y512.3945
G1 X526.9805 Y512.3013
G1 X526.8754 Y512.2140
G1 X526.7654 Y512.1330
G1 X526.6509 Y512.0586
G1 X526.5323 Y511.9909
G1 X526.4099 Y511.9302
G1 X526.2842 Y511.8767
G1 X526.1556 Y511.8307
G1 X526.0245 Y511.7922
G1 X525.8915 Y511.7613
G1 X525.7568 Y511.7383
G1 X525.6211 Y511.7232
G1 X525.4847 Y511.7159
G1 X525.3481 Y511.7166
G1 X525.2117 Y511.7253
G1 Z8.0000 F120
G1 X525.0762 Y511.7418 F600
G1 X524.9418 Y511.7662
G1 X524.8090 Y511.7984
G1 X524.6784 Y511.8383
G1 X524.5502 Y511.8856
G1 X524.4251 Y511.9404
G1 X524.3033 Y512.0023
G1 X524.1854 Y512.0712
G1 X524.0717 Y512.1469
G1 X523.9625 Y512.2290
G1 X523.8583 Y512.3173
G1 X523.7595 Y512.4116
G1 X523.6662 Y512.5114
G1 X523.5790 Y512.6165
G1 X523.4980 Y512.7265
G1 X523.4235 Y512.8410
G1 X523.3558 Y512.9596
G1 X523.2951 Y513.0820
G1 X523.2417 Y513.2077
G1 X523.1956 Y513.3363
G1 X523.1571 Y513.4674
G1 X523.1263 Y513.6004
G1 X523.1033 Y513.7351
G1 X523.0881 Y513.8708
G1 X523.0808 Y514.0072
G1 X523.0816 Y514.1438
G1 X523.0902 Y514.2801
G1 X523.1067 Y514.4157
G1 X523.1312 Y514.5501
G1 X523.1633 Y514.6829
G1 X523.2032 Y514.8135
G1 X523.2506 Y514.9417
G1 X523.3053 Y515.0668
G1 X523.3672 Y515.1885
G1 X523.4361 Y515.3065
G1 X523.5118 Y515.4202
G1 X523.5939 Y515.5294
G1 X523.6823 Y515.6336
G1 X523.7765 Y515.7324
G1 X523.8763 Y515.8257
G1 X523.9814 Y515.9129
G1 X524.0914 Y515.9939
G1 X524.2059 Y516.0684
G1 X524.3246 Y516.1361
G1 X524.4469 Y516.1968
G1 X524.5726 Y516.2502
G1 X524.7012 Y516.2963
G1 X524.8323 Y516.3348
G1 X524.9654 Y516.3656
G1 X525.1000 Y516.3886
G1 X525.2358 Y516.4038
G1 X525.3722 Y516.4110
G1 X525.5088 Y516.4103
G1 X525.6451 Y516.4017
G1 X525.7807 Y516.3851
G1 X525.9151 Y516.3607
G1 X526.0478 Y516.3286
G1 X526.1785 Y516.2887
G1 X526.3066 Y516.2413
G1 X526.4317 Y516.1866
G1 X526.5535 Y516.1247
G1 X526.6714 Y516.0557
G1 X526.7852 Y515.9801
G1 X526.8943 Y515.8980
G1 X526.9985 Y515.8096
G1 X527.0974 Y515.7154
G1 X527.1906 Y515.6156
G1 X527.2779 Y515.5105
G1 X527.3589 Y515.4005
G1 X527.4333 Y515.2860
G1 X527.5010 Y515.1673
G1 X527.5617 Y515.0449
G1 X527.6152 Y514.9192
G1 X527.6612 Y514.7907
G1 X527.6997 Y514.6596
G1 X527.7305 Y514.5265
G1 X527.7536 Y514.3919
G1 X527.7687 Y514.2561
G1 X527.7760 Y514.1197
G1 X527.7753 Y513.9831
G1 X527.7666 Y513.8468
G1 X527.7501 Y513.7112
G1 X527.7257 Y513.5768
G1 X527.6935 Y513.4441
G1 X527.6536 Y513.3134
G1 X527.6063 Y513.1853
G1 X527.5515 Y513.0602
G1 X527.4896 Y512.9384
G1 X527.4207 Y512.8205
G1 X527.3450 Y512.7067
G1 X527.2629 Y512.5976
G1 X527.1746 Y512.4934
G1 X527.0803 Y512.3945
G1 X526.9805 Y512.3013
G1 X526.8754 Y512.2140
G1 X526.7654 Y512.1330
G1 X526.6509 Y512.0586
G1 X526.5323 Y511.9909
G1 X526.4099 Y511.9302
G1 X526.2842 Y511.8767
G1 X526.1556 Y511.8307
G1 X526.0245 Y511.7922
G1 X525.8915 Y511.7613
G1 X525.7568 Y511.7383
G1 X525.6211 Y511.7232
G1 X525.4847 Y511.7159
G1 X525.3481 Y511.7166
G1 X525.2117 Y511.7253
G0 Z-5.0000 F480


(No. 145: Hole 1)
G0 X540.2117 Y511.7253 Z-5.0000 F2100
G0 Z-0.5000 F480
G1 Z0.0000 F120
G1 Z4.0000
G1 X540.0762 Y511.7418 F600
G1 X539.9418 Y511.7662
G1 X539.8090 Y511.7984
G1 X539.6784 Y511.8383
G1 X539.5502 Y511.8856
G1 X539.4251 Y511.9404
G1 X539.3033 Y512.0023
G1 X539.1854 Y512.0712
G1 X539.0717 Y512.1469
G1 X538.9625 Y512.2290
G1 X538.8583 Y512.3173
G1 X538.7595 Y512.4116
G1 X538.6662 Y512.5114
G1 X538.5790 Y512.6165
G1 X538.4980 Y512.7265
G1 X538.4235 Y512.8410
G1 X538.3558 Y512.9596
G1 X538.2951 Y513.0820
G1 X538.2417 Y513.2077
G1 X538.1956 Y513.3363
G1 X538.1571 Y513.4674
G1 X538.1263 Y513.6004
G1 X538.1033 Y513.7351
G1 X538.0881 Y513.8708
G1 X538.0808 Y514.0072
G1 X538.0816 Y514.1438
G1 X538.0902 Y514.2801
G1 X538.1067 Y514.4157
G1 X538.1312 Y514.5501
G1 X538.1633 Y514.6829
G1 X538.2032 Y514.8135
G1 X538.2506 Y514.9417
G1 X538.3053 Y515.0668
G1 X538.3672 Y515.1885
G1 X538.4361 Y515.3065
G1 X538.5118 Y515.4202
G1 X538.5939 Y515.5294
G1 X538.6823 Y515.6336
G1 X538.7765 Y515.7324
G1 X538.8763 Y515.8257
G1 X538.9814 Y515.9129
G1 X539.0914 Y515.9939
G1 X539.2059 Y516.0684
G1 X539.3246 Y516.1361
G1 X539.4469 Y516.1968
G1 X539.5726 Y516.2502
G1 X539.7012 Y516.2963
G1 X539.8323 Y516.3348
G1 X539.9654 Y516.3656
G1 X540.1000 Y516.3886
G1 X540.2358 Y516.4038
G1 X540.3722 Y516.4110
G1 X540.5088 Y516.4103
G1 X540.6451 Y516.4017
G1 X540.7807 Y516.3851
G1 X540.9151 Y516.3607
G1 X541.0478 Y516.3286
G1 X541.1785 Y516.2887
G1 X541.3066 Y516.2413
G1 X541.4317 Y516.1866
G1 X541.5535 Y516.1247
G1 X541.6714 Y516.0557
G1 X541.7852 Y515.9801
G1 X541.8943 Y515.8980
G1 X541.9985 Y515.8096
G1 X542.0974 Y515.7154
G1 X542.1906 Y515.6156
G1 X542.2779 Y515.5105
G1 X542.3589 Y515.4005
G1 X542.4333 Y515.2860
G1 X542.5010 Y515.1673
G1 X542.5617 Y515.0449
G1 X542.6152 Y514.9192
G1 X542.6612 Y514.7907
G1 X542.6997 Y514.6596
G1 X542.7305 Y514.5265
G1 X542.7536 Y514.3919
G1 X542.7687 Y514.2561
G1 X542.7760 Y514.1197
G1 X542.7753 Y513.9831
G1 X542.7666 Y513.8468
G1 X542.7501 Y513.7112
G1 X542.7257 Y513.5768
G1 X542.6935 Y513.4441
G1 X542.6536 Y513.3134
G1 X542.6063 Y513.1853
G1 X542.5515 Y513.0602
G1 X542.4896 Y512.9384
G1 X542.4207 Y512.8205
G1 X542.3450 Y512.7067
G1 X542.2629 Y512.5976
G1 X542.1746 Y512.4934
G1 X542.0803 Y512.3945
G1 X541.9805 Y512.3013
G1 X541.8754 Y512.2140
G1 X541.7654 Y512.1330
G1 X541.6509 Y512.0586
G1 X541.5323 Y511.9909
G1 X541.4099 Y511.9302
G1 X541.2842 Y511.8767
G1 X541.1556 Y511.8307
G1 X541.0245 Y511.7922
G1 X540.8915 Y511.7613
G1 X540.7568 Y511.7383
G1 X540.6211 Y511.7232
G1 X540.4847 Y511.7159
G1 X540.3481 Y511.7166
G1 X540.2117 Y511.7253
G1 Z8.0000 F120
G1 X540.0762 Y511.7418 F600
G1 X539.9418 Y511.7662
G1 X539.8090 Y511.7984
G1 X539.6784 Y511.8383
G1 X539.5502 Y511.8856
G1 X539.4251 Y511.9404
G1 X539.3033 Y512.0023
G1 X539.1854 Y512.0712
G1 X539.0717 Y512.1469
G1 X538.9625 Y512.2290
G1 X538.8583 Y512.3173
G1 X538.7595 Y512.4116
G1 X538.6662 Y512.5114
G1 X538.5790 Y512.6165
G1 X538.4980 Y512.7265
G1 X538.4235 Y512.8410
G1 X538.3558 Y512.9596
G1 X538.2951 Y513.0820
G1 X538.2417 Y513.2077
G1 X538.1956 Y513.3363
G1 X538.1571 Y513.4674
G1 X538.1263 Y513.6004
G1 X538.1033 Y513.7351
G1 X538.0881 Y513.8708
G1 X538.0808 Y514.0072
G1 X538.0816 Y514.1438
G1 X538.0902 Y514.2801
G1 X538.1067 Y514.4157
G1 X538.1312 Y514.5501
G1 X538.1633 Y514.6829
G1 X538.2032 Y514.8135
G1 X538.2506 Y514.9417
G1 X538.3053 Y515.0668
G1 X538.3672 Y515.1885
G1 X538.4361 Y515.3065
G1 X538.5118 Y515.4202
G1 X538.5939 Y515.5294
G1 X538.6823 Y515.6336
G1 X538.7765 Y515.7324
G1 X538.8763 Y515.8257
G1 X538.9814 Y515.9129
G1 X539.0914 Y515.9939
G1 X539.2059 Y516.0684
G1 X539.3246 Y516.1361
G1 X539.4469 Y516.1968
G1 X539.5726 Y516.2502
G1 X539.7012 Y516.2963
G1 X539.8323 Y516.3348
G1 X539.9654 Y516.3656
G1 X540.1000 Y516.3886
G1 X540.2358 Y516.4038
G1 X540.3722 Y516.4110
G1 X540.5088 Y516.4103
G1 X540.6451 Y516.4017
G1 X540.7807 Y516.3851
G1 X540.9151 Y516.3607
G1 X541.0478 Y516.3286
G1 X541.1785 Y516.2887
G1 X541.3066 Y516.2413
G1 X541.4317 Y516.1866
G1 X541.5535 Y516.1247
G1 X541.6714 Y516.0557
G1 X541.7852 Y515.9801
G1 X541.8943 Y515.8980
G1 X541.9985 Y515.8096
G1 X542.0974 Y515.7154
G1 X542.1906 Y515.6156
G1 X542.2779 Y515.5105
G1 X542.3589 Y515.4005
G1 X542.4333 Y515.2860
G1 X542.5010 Y515.1673
G1 X542.5617 Y515.0449
G1 X542.6152 Y514.9192
G1 X542.6612 Y514.7907
G1 X542.6997 Y514.6596
G1 X542.7305 Y514.5265
G1 X542.7536 Y514.3919
G1 X542.7687 Y514.2561
G1 X542.7760 Y514.1197
G1 X542.7753 Y513.9831
G1 X542.7666 Y513.8468
G1 X542.7501 Y513.7112
G1 X542.7257 Y513.5768
G1 X542.6935 Y513.4441
G1 X542.6536 Y513.3134
G1 X542.6063 Y513.1853
G1 X542.5515 Y513.0602
G1 X542.4896 Y512.9384
G1 X542.4207 Y512.8205
G1 X542.3450 Y512.7067
G1 X542.2629 Y512.5976
G1 X542.1746 Y512.4934
G1 X542.0803 Y512.3945
G1 X541.9805 Y512.3013
G1 X541.8754 Y512.2140
G1 X541.7654 Y512.1330
G1 X541.6509 Y512.0586
G1 X541.5323 Y511.9909
G1 X541.4099 Y511.9302
G1 X541.2842 Y511.8767
G1 X541.1556 Y511.8307
G1 X541.0245 Y511.7922
G1 X540.8915 Y511.7613
G1 X540.7568 Y511.7383
G1 X540.6211 Y511.7232
G1 X540.4847 Y511.7159
G1 X540.3481 Y511.7166
G1 X540.2117 Y511.7253
G0 Z-5.0000 F480


(No. 146: Drill 4)
G0 X575.4284 Y533.0635 Z-5.0000 F2100
G0 Z-0.5000 F480
G1 Z4.0000 F120
G0 Z-0.5000 F480
G0 Z3.5000
G1 Z8.0000 F120
G0 Z-5.0000 F480


(No. 147: Drill 3)
G0 X570.4284 Y559.0635 Z-5.0000 F2100
G0 Z-0.5000 F480
G1 Z4.0000 F120
G0 Z-0.5000 F480
G0 Z3.5000
G1 Z8.0000 F120
G0 Z-5.0000 F480


(No. 148: Hole 1)
G0 X540.2117 Y451.7253 Z-5.0000 F2100
G0 Z-0.5000 F480
G1 Z0.0000 F120
G1 Z4.0000
G1 X540.0762 Y451.7418 F600
G1 X539.9418 Y451.7662
G1 X539.8090 Y451.7984
G1 X539.6784 Y451.8383
G1 X539.5502 Y451.8856
G1 X539.4251 Y451.9404
G1 X539.3033 Y452.0023
G1 X539.1854 Y452.0712
G1 X539.0717 Y452.1469
G1 X538.9625 Y452.2290
G1 X538.8583 Y452.3173
G1 X538.7595 Y452.4116
G1 X538.6662 Y452.5114
G1 X538.5790 Y452.6165
G1 X538.4980 Y452.7265
G1 X538.4235 Y452.8410
G1 X538.3558 Y452.9596
G1 X538.2951 Y453.0820
G1 X538.2417 Y453.2077
G1 X538.1956 Y453.3363
G1 X538.1571 Y453.4674
G1 X538.1263 Y453.6004
G1 X538.1033 Y453.7351
G1 X538.0881 Y453.8708
G1 X538.0808 Y454.0072
G1 X538.0816 Y454.1438
G1 X538.0902 Y454.2801
G1 X538.1067 Y454.4157
G1 X538.1312 Y454.5501
G1 X538.1633 Y454.6829
G1 X538.2032 Y454.8135
G1 X538.2506 Y454.9417
G1 X538.3053 Y455.0668
G1 X538.3672 Y455.1885
G1 X538.4361 Y455.3065
G1 X538.5118 Y455.4202
G1 X538.5939 Y455.5294
G1 X538.6823 Y455.6336
G1 X538.7765 Y455.7324
G1 X538.8763 Y455.8257
G1 X538.9814 Y455.9129
G1 X539.0914 Y455.9939
G1 X539.2059 Y456.0684
G1 X539.3246 Y456.1361
G1 X539.4469 Y456.1968
G1 X539.5726 Y456.2502
G1 X539.7012 Y456.2963
G1 X539.8323 Y456.3348
G1 X539.9654 Y456.3656
G1 X540.1000 Y456.3886
G1 X540.2358 Y456.4038
G1 X540.3722 Y456.4110
G1 X540.5088 Y456.4103
G1 X540.6451 Y456.4017
G1 X540.7807 Y456.3851
G1 X540.9151 Y456.3607
G1 X541.0478 Y456.3286
G1 X541.1785 Y456.2887
G1 X541.3066 Y456.2413
G1 X541.4317 Y456.1866
G1 X541.5535 Y456.1247
G1 X541.6714 Y456.0557
G1 X541.7852 Y455.9801
G1 X541.8943 Y455.8980
G1 X541.9985 Y455.8096
G1 X542.0974 Y455.7154
G1 X542.1906 Y455.6156
G1 X542.2779 Y455.5105
G1 X542.3589 Y455.4005
G1 X542.4333 Y455.2860
G1 X542.5010 Y455.1673
G1 X542.5617 Y455.0449
G1 X542.6152 Y454.9192
G1 X542.6612 Y454.7907
G1 X542.6997 Y454.6596
G1 X542.7305 Y454.5265
G1 X542.7536 Y454.3919
G1 X542.7687 Y454.2561
G1 X542.7760 Y454.1197
G1 X542.7753 Y453.9831
G1 X542.7666 Y453.8468
G1 X542.7501 Y453.7112
G1 X542.7257 Y453.5768
G1 X542.6935 Y453.4441
G1 X542.6536 Y453.3134
G1 X542.6063 Y453.1853
G1 X542.5515 Y453.0602
G1 X542.4896 Y452.9384
G1 X542.4207 Y452.8205
G1 X542.3450 Y452.7067
G1 X542.2629 Y452.5976
G1 X542.1746 Y452.4934
G1 X542.0803 Y452.3945
G1 X541.9805 Y452.3013
G1 X541.8754 Y452.2140
G1 X541.7654 Y452.1330
G1 X541.6509 Y452.0586
G1 X541.5323 Y451.9909
G1 X541.4099 Y451.9302
G1 X541.2842 Y451.8767
G1 X541.1556 Y451.8307
G1 X541.0245 Y451.7922
G1 X540.8915 Y451.7613
G1 X540.7568 Y451.7383
G1 X540.6211 Y451.7232
G1 X540.4847 Y451.7159
G1 X540.3481 Y451.7166
G1 X540.2117 Y451.7253
G1 Z8.0000 F120
G1 X540.0762 Y451.7418 F600
G1 X539.9418 Y451.7662
G1 X539.8090 Y451.7984
G1 X539.6784 Y451.8383
G1 X539.5502 Y451.8856
G1 X539.4251 Y451.9404
G1 X539.3033 Y452.0023
G1 X539.1854 Y452.0712
G1 X539.0717 Y452.1469
G1 X538.9625 Y452.2290
G1 X538.8583 Y452.3173
G1 X538.7595 Y452.4116
G1 X538.6662 Y452.5114
G1 X538.5790 Y452.6165
G1 X538.4980 Y452.7265
G1 X538.4235 Y452.8410
G1 X538.3558 Y452.9596
G1 X538.2951 Y453.0820
G1 X538.2417 Y453.2077
G1 X538.1956 Y453.3363
G1 X538.1571 Y453.4674
G1 X538.1263 Y453.6004
G1 X538.1033 Y453.7351
G1 X538.0881 Y453.8708
G1 X538.0808 Y454.0072
G1 X538.0816 Y454.1438
G1 X538.0902 Y454.2801
G1 X538.1067 Y454.4157
G1 X538.1312 Y454.5501
G1 X538.1633 Y454.6829
G1 X538.2032 Y454.8135
G1 X538.2506 Y454.9417
G1 X538.3053 Y455.0668
G1 X538.3672 Y455.1885
G1 X538.4361 Y455.3065
G1 X538.5118 Y455.4202
G1 X538.5939 Y455.5294
G1 X538.6823 Y455.6336
G1 X538.7765 Y455.7324
G1 X538.8763 Y455.8257
G1 X538.9814 Y455.9129
G1 X539.0914 Y455.9939
G1 X539.2059 Y456.0684
G1 X539.3246 Y456.1361
G1 X539.4469 Y456.1968
G1 X539.5726 Y456.2502
G1 X539.7012 Y456.2963
G1 X539.8323 Y456.3348
G1 X539.9654 Y456.3656
G1 X540.1000 Y456.3886
G1 X540.2358 Y456.4038
G1 X540.3722 Y456.4110
G1 X540.5088 Y456.4103
G1 X540.6451 Y456.4017
G1 X540.7807 Y456.3851
G1 X540.9151 Y456.3607
G1 X541.0478 Y456.3286
G1 X541.1785 Y456.2887
G1 X541.3066 Y456.2413
G1 X541.4317 Y456.1866
G1 X541.5535 Y456.1247
G1 X541.6714 Y456.0557
G1 X541.7852 Y455.9801
G1 X541.8943 Y455.8980
G1 X541.9985 Y455.8096
G1 X542.0974 Y455.7154
G1 X542.1906 Y455.6156
G1 X542.2779 Y455.5105
G1 X542.3589 Y455.4005
G1 X542.4333 Y455.2860
G1 X542.5010 Y455.1673
G1 X542.5617 Y455.0449
G1 X542.6152 Y454.9192
G1 X542.6612 Y454.7907
G1 X542.6997 Y454.6596
G1 X542.7305 Y454.5265
G1 X542.7536 Y454.3919
G1 X542.7687 Y454.2561
G1 X542.7760 Y454.1197
G1 X542.7753 Y453.9831
G1 X542.7666 Y453.8468
G1 X542.7501 Y453.7112
G1 X542.7257 Y453.5768
G1 X542.6935 Y453.4441
G1 X542.6536 Y453.3134
G1 X542.6063 Y453.1853
G1 X542.5515 Y453.0602
G1 X542.4896 Y452.9384
G1 X542.4207 Y452.8205
G1 X542.3450 Y452.7067
G1 X542.2629 Y452.5976
G1 X542.1746 Y452.4934
G1 X542.0803 Y452.3945
G1 X541.9805 Y452.3013
G1 X541.8754 Y452.2140
G1 X541.7654 Y452.1330
G1 X541.6509 Y452.0586
G1 X541.5323 Y451.9909
G1 X541.4099 Y451.9302
G1 X541.2842 Y451.8767
G1 X541.1556 Y451.8307
G1 X541.0245 Y451.7922
G1 X540.8915 Y451.7613
G1 X540.7568 Y451.7383
G1 X540.6211 Y451.7232
G1 X540.4847 Y451.7159
G1 X540.3481 Y451.7166
G1 X540.2117 Y451.7253
G0 Z-5.0000 F480


(No. 149: Hole 2)
G0 X527.6244 Y420.8149 Z-5.0000 F2100
G0 Z-0.5000 F480
G1 Z0.0000 F120
G1 Z4.0000
G1 X528.1425 Y420.6555 F600
G1 X528.6491 Y420.4628
G1 X529.1422 Y420.2377
G1 X529.6196 Y419.9810
G1 X530.0793 Y419.6938
G1 X530.5194 Y419.3774
G1 X530.9381 Y419.0332
G1 X531.3335 Y418.6624
G1 X531.7041 Y418.2668
G1 X532.0482 Y417.8480
G1 X532.3644 Y417.4078
G1 X532.6513 Y416.9479
G1 X532.9078 Y416.4704
G1 X533.1328 Y415.9772
G1 X533.3252 Y415.4705
G1 X533.4844 Y414.9524
G1 X533.6097 Y414.4250
G1 X533.7004 Y413.8906
G1 X533.7563 Y413.3515
G1 X533.7770 Y412.8098
G1 X533.7626 Y412.2680
G1 X533.7130 Y411.7282
G1 X533.6285 Y411.1928
G1 X533.5094 Y410.6640
G1 X533.3563 Y410.1441
G1 X533.1697 Y409.6351
G1 X532.9505 Y409.1394
G1 X532.6996 Y408.6589
G1 X532.4180 Y408.1958
G1 X532.1070 Y407.7519
G1 X531.7678 Y407.3291
G1 X531.4019 Y406.9292
G1 X531.0108 Y406.5539
G1 X530.5961 Y406.2047
G1 X530.1597 Y405.8833
G1 X529.7034 Y405.5908
G1 X529.2290 Y405.3285
G1 X528.7386 Y405.0976
G1 X528.2342 Y404.8990
G1 X527.7181 Y404.7336
G1 X527.1922 Y404.6020
G1 X526.6590 Y404.5048
G1 X526.1206 Y404.4425
G1 X525.5792 Y404.4152
G1 X525.0372 Y404.4231
G1 X524.4969 Y404.4661
G1 X523.9605 Y404.5442
G1 X523.4303 Y404.6568
G1 X522.9133 Y404.8019
G1 X522.4067 Y404.9800
G1 X521.9126 Y405.1902
G1 X521.4330 Y405.4318
G1 X520.9699 Y405.7037
G1 X520.5253 Y406.0048
G1 X520.1010 Y406.3339
G1 X519.6987 Y406.6896
G1 X519.3201 Y407.0705
G1 X518.9668 Y407.4748
G1 X518.6403 Y407.9011
G1 X518.3418 Y408.3475
G1 X518.0726 Y408.8122
G1 X517.8339 Y409.2932
G1 X517.6266 Y409.7885
G1 X517.4515 Y410.2962
G1 X517.3095 Y410.8140
G1 X517.2011 Y411.3400
G1 X517.1267 Y411.8718
G1 X517.0867 Y412.4073
G1 X517.0812 Y412.9442
G1 X517.1102 Y413.4804
G1 X517.1736 Y414.0136
G1 X517.2712 Y414.5417
G1 X517.4026 Y415.0624
G1 X517.5671 Y415.5735
G1 X517.7642 Y416.0730
G1 X517.9930 Y416.5588
G1 X518.2526 Y417.0289
G1 X518.5418 Y417.4813
G1 X518.8596 Y417.9142
G1 X519.2045 Y418.3258
G1 X519.5752 Y418.7143
G1 X519.9701 Y419.0782
G1 X520.3875 Y419.4159
G1 X520.8259 Y419.7261
G1 X521.2832 Y420.0075
G1 X521.7577 Y420.2589
G1 X522.2474 Y420.4793
G1 X522.7503 Y420.6677
G0 Z0.0000 F480
G1 X523.1437 Y420.7914 F600
G1 X523.5429 Y420.8954
G1 X523.9467 Y420.9793
G1 X524.3542 Y421.0430
G1 X524.7644 Y421.0862
G1 X525.1762 Y421.1090
G1 X525.5887 Y421.1111
G1 X526.0007 Y421.0927
G1 X526.4114 Y421.0538
G1 X526.8195 Y420.9944
G1 X527.2242 Y420.9147
G1 X527.6244 Y420.8149
G0 Z3.5000 F480
G1 Z4.0000 F120
G1 Z8.0000
G1 X528.1425 Y420.6555 F600
G1 X528.6491 Y420.4628
G1 X529.1422 Y420.2377
G1 X529.6196 Y419.9810
G1 X530.0793 Y419.6938
G1 X530.5194 Y419.3774
G1 X530.9381 Y419.0332
G1 X531.3335 Y418.6624
G1 X531.7041 Y418.2668
G1 X532.0482 Y417.8480
G1 X532.3644 Y417.4078
G1 X532.6513 Y416.9479
G1 X532.9078 Y416.4704
G1 X533.1328 Y415.9772
G1 X533.3252 Y415.4705
G1 X533.4844 Y414.9524
G1 X533.6097 Y414.4250
G1 X533.7004 Y413.8906
G1 X533.7563 Y413.3515
G1 X533.7770 Y412.8098
G1 X533.7626 Y412.2680
G1 X533.7130 Y411.7282
G1 X533.6285 Y411.1928
G1 X533.5094 Y410.6640
G1 X533.3563 Y410.1441
G1 X533.1697 Y409.6351
G1 X532.9505 Y409.1394
G1 X532.6996 Y408.6589
G1 X532.4180 Y408.1958
G1 X532.1070 Y407.7519
G1 X531.7678 Y407.3291
G1 X531.4019 Y406.9292
G1 X531.0108 Y406.5539
G1 X530.5961 Y406.2047
G1 X530.1597 Y405.8833
G1 X529.7034 Y405.5908
G1 X529.2290 Y405.3285
G1 X528.7386 Y405.0976
G1 X528.2342 Y404.8990
G1 X527.7181 Y404.7336
G1 X527.1922 Y404.6020
G1 X526.6590 Y404.5048
G1 X526.1206 Y404.4425
G1 X525.5792 Y404.4152
G1 X525.0372 Y404.4231
G1 X524.4969 Y404.4661
G1 X523.9605 Y404.5442
G1 X523.4303 Y404.6568
G1 X522.9133 Y404.8019
G1 X522.4067 Y404.9800
G1 X521.9126 Y405.1902
G1 X521.4330 Y405.4318
G1 X520.9699 Y405.7037
G1 X520.5253 Y406.0048
G1 X520.1010 Y406.3339
G1 X519.6987 Y406.6896
G1 X519.3201 Y407.0705
G1 X518.9668 Y407.4748
G1 X518.6403 Y407.9011
G1 X518.3418 Y408.3475
G1 X518.0726 Y408.8122
G1 X517.8339 Y409.2932
G1 X517.6266 Y409.7885
G1 X517.4515 Y410.2962
G1 X517.3095 Y410.8140
G1 X517.2011 Y411.3400
G1 X517.1267 Y411.8718
G1 X517.0867 Y412.4073
G1 X517.0812 Y412.9442
G1 X517.1102 Y413.4804
G1 X517.1736 Y414.0136
G1 X517.2712 Y414.5417
G1 X517.4026 Y415.0624
G1 X517.5671 Y415.5735
G1 X517.7642 Y416.0730
G1 X517.9930 Y416.5588
G1 X518.2526 Y417.0289
G1 X518.5418 Y417.4813
G1 X518.8596 Y417.9142
G1 X519.2045 Y418.3258
G1 X519.5752 Y418.7143
G1 X519.9701 Y419.0782
G1 X520.3875 Y419.4159
G1 X520.8259 Y419.7261
G1 X521.2832 Y420.0075
G1 X521.7577 Y420.2589
G1 X522.2474 Y420.4793
G1 X522.7503 Y420.6677
G0 Z0.0000 F480
G1 X523.1437 Y420.7914 F600
G1 X523.5429 Y420.8954
G1 X523.9467 Y420.9793
G1 X524.3542 Y421.0430
G1 X524.7644 Y421.0862
G1 X525.1762 Y421.1090
G1 X525.5887 Y421.1111
G1 X526.0007 Y421.0927
G1 X526.4114 Y421.0538
G1 X526.8195 Y420.9944
G1 X527.2242 Y420.9147
G1 X527.6244 Y420.8149
G0 Z-5.0000 F480


(No. 150: Drill 6)
G0 X570.4284 Y409.0635 Z-5.0000 F2100
G0 Z-0.5000 F480
G1 Z4.0000 F120
G0 Z-0.5000 F480
G0 Z3.5000
G1 Z8.0000 F120
G0 Z-5.0000 F480


(No. 151: Drill 5)
G0 X575.4284 Y435.0635 Z-5.0000 F2100
G0 Z-0.5000 F480
G1 Z4.0000 F120
G0 Z-0.5000 F480
G0 Z3.5000
G1 Z8.0000 F120
G0 Z-5.0000 F480


(No. 152: Drill 16)
G0 X570.4284 Y366.5635 Z-5.0000 F2100
G0 Z-0.5000 F480
G1 Z4.0000 F120
G0 Z-0.5000 F480
G0 Z3.5000
G1 Z8.0000 F120
G0 Z-5.0000 F480


(No. 153: Drill 17)
G0 X570.4284 Y300.9135 Z-5.0000 F2100
G0 Z-0.5000 F480
G1 Z4.0000 F120
G0 Z-0.5000 F480
G0 Z3.5000
G1 Z8.0000 F120
G0 Z-5.0000 F480


(No. 154: Drill 18)
G0 X480.4284 Y300.9135 Z-5.0000 F2100
G0 Z-0.5000 F480
G1 Z4.0000 F120
G0 Z-0.5000 F480
G0 Z3.5000
G1 Z8.0000 F120
G0 Z-5.0000 F480


(No. 155: Drill 17)
G0 X436.8456 Y300.9135 Z-5.0000 F2100
G0 Z-0.5000 F480
G1 Z4.0000 F120
G0 Z-0.5000 F480
G0 Z3.5000
G1 Z8.0000 F120
G0 Z-5.0000 F480


(No. 156: Drill 16)
G0 X436.8456 Y366.5635 Z-5.0000 F2100
G0 Z-0.5000 F480
G1 Z4.0000 F120
G0 Z-0.5000 F480
G0 Z3.5000
G1 Z8.0000 F120
G0 Z-5.0000 F480


(No. 157: Drill 12)
G0 X442.9284 Y409.0635 Z-5.0000 F2100
G0 Z-0.5000 F480
G1 Z4.0000 F120
G0 Z-0.5000 F480
G0 Z3.5000
G1 Z8.0000 F120
G0 Z-5.0000 F480


(No. 158: Drill 7)
G0 X480.4284 Y409.0635 Z-5.0000 F2100
G0 Z-0.5000 F480
G1 Z4.0000 F120
G0 Z-0.5000 F480
G0 Z3.5000
G1 Z8.0000 F120
G0 Z-5.0000 F480


(No. 159: Drill 8)
G0 X475.4284 Y435.0635 Z-5.0000 F2100
G0 Z-0.5000 F480
G1 Z4.0000 F120
G0 Z-0.5000 F480
G0 Z3.5000
G1 Z8.0000 F120
G0 Z-5.0000 F480


(No. 160: Drill 15)
G0 X480.4284 Y366.5635 Z-5.0000 F2100
G0 Z-0.5000 F480
G1 Z4.0000 F120
G0 Z-0.5000 F480
G0 Z3.5000
G1 Z8.0000 F120
G0 Z-5.0000 F480


(No. 161: Drill 13)
G0 X377.2784 Y409.0635 Z-5.0000 F2100
G0 Z-0.5000 F480
G1 Z4.0000 F120
G0 Z-0.5000 F480
G0 Z3.5000
G1 Z8.0000 F120
G0 Z-5.0000 F480


(No. 162: Drill 15)
G0 X346.8456 Y366.5635 Z-5.0000 F2100
G0 Z-0.5000 F480
G1 Z4.0000 F120
G0 Z-0.5000 F480
G0 Z3.5000
G1 Z8.0000 F120
G0 Z-5.0000 F480


(No. 163: Drill 16)
G0 X303.2627 Y366.5635 Z-5.0000 F2100
G0 Z-0.5000 F480
G1 Z4.0000 F120
G0 Z-0.5000 F480
G0 Z3.5000
G1 Z8.0000 F120
G0 Z-5.0000 F480


(No. 164: Drill 14)
G0 X311.6284 Y409.0635 Z-5.0000 F2100
G0 Z-0.5000 F480
G1 Z4.0000 F120
G0 Z-0.5000 F480
G0 Z3.5000
G1 Z8.0000 F120
G0 Z-5.0000 F480


(No. 165: Drill 12)
G0 X280.2306 Y409.0635 Z-5.0000 F2100
G0 Z-0.5000 F480
G1 Z4.0000 F120
G0 Z-0.5000 F480
G0 Z3.5000
G1 Z8.0000 F120
G0 Z-5.0000 F480


(No. 166: Drill 17)
G0 X303.2627 Y300.9135 Z-5.0000 F2100
G0 Z-0.5000 F480
G1 Z4.0000 F120
G0 Z-0.5000 F480
G0 Z3.5000
G1 Z8.0000 F120
G0 Z-5.0000 F480


(No. 167: Drill 18)
G0 X346.8456 Y300.9135 Z-5.0000 F2100
G0 Z-0.5000 F480
G1 Z4.0000 F120
G0 Z-0.5000 F480
G0 Z3.5000
G1 Z8.0000 F120
G0 Z-5.0000 F480


(No. 168: Drill 10)
G0 X506.4801 Y200.2693 Z-5.0000 F2100
G0 Z-0.5000 F480
G1 Z4.0000 F120
G0 Z-0.5000 F480
G0 Z3.5000
G1 Z8.0000 F120
G0 Z-5.0000 F480


(No. 169: Drill 18)
G0 X79.6798 Y300.9135 Z-5.0000 F2100
G0 Z-0.5000 F480
G1 Z4.0000 F120
G0 Z-0.5000 F480
G0 Z3.5000
G1 Z8.0000 F120
G0 Z-5.0000 F480


(No. 170: Drill 15)
G0 X79.6798 Y366.5635 Z-5.0000 F2100
G0 Z-0.5000 F480
G1 Z4.0000 F120
G0 Z-0.5000 F480
G0 Z3.5000
G1 Z8.0000 F120
G0 Z-5.0000 F480


(No. 171: Hole 2)
G0 X72.7765 Y420.8149 Z-5.0000 F2100
G0 Z-0.5000 F480
G1 Z0.0000 F120
G1 Z4.0000
G1 X73.2945 Y420.6555 F600
G1 X73.8012 Y420.4628
G1 X74.2942 Y420.2377
G1 X74.7716 Y419.9810
G1 X75.2314 Y419.6938
G1 X75.6715 Y419.3774
G1 X76.0902 Y419.0332
G1 X76.4856 Y418.6624
G1 X76.8561 Y418.2668
G1 X77.2002 Y417.8480
G1 X77.5164 Y417.4078
G1 X77.8034 Y416.9479
G1 X78.0599 Y416.4704
G1 X78.2848 Y415.9772
G1 X78.4773 Y415.4705
G1 X78.6365 Y414.9524
G1 X78.7617 Y414.4250
G1 X78.8525 Y413.8906
G1 X78.9083 Y413.3515
G1 X78.9291 Y412.8098
G1 X78.9146 Y412.2680
G1 X78.8650 Y411.7282
G1 X78.7805 Y411.1928
G1 X78.6615 Y410.6640
G1 X78.5083 Y410.1441
G1 X78.3218 Y409.6351
G1 X78.1025 Y409.1394
G1 X77.8516 Y408.6589
G1 X77.5701 Y408.1958
G1 X77.2590 Y407.7519
G1 X76.9198 Y407.3291
G1 X76.5539 Y406.9292
G1 X76.1628 Y406.5539
G1 X75.7482 Y406.2047
G1 X75.3118 Y405.8833
G1 X74.8554 Y405.5908
G1 X74.3810 Y405.3285
G1 X73.8906 Y405.0976
G1 X73.3863 Y404.8990
G1 X72.8701 Y404.7336
G1 X72.3443 Y404.6020
G1 X71.8110 Y404.5048
G1 X71.2726 Y404.4425
G1 X70.7313 Y404.4152
G1 X70.1893 Y404.4231
G1 X69.6489 Y404.4661
G1 X69.1126 Y404.5442
G1 X68.5824 Y404.6568
G1 X68.0653 Y404.8019
G1 X67.5587 Y404.9800
G1 X67.0646 Y405.1902
G1 X66.5850 Y405.4318
G1 X66.1220 Y405.7037
G1 X65.6774 Y406.0048
G1 X65.2531 Y406.3339
G1 X64.8508 Y406.6896
G1 X64.4722 Y407.0705
G1 X64.1189 Y407.4748
G1 X63.7923 Y407.9011
G1 X63.4938 Y408.3475
G1 X63.2247 Y408.8122
G1 X62.9859 Y409.2932
G1 X62.7786 Y409.7885
G1 X62.6036 Y410.2962
G1 X62.4616 Y410.8140
G1 X62.3532 Y411.3400
G1 X62.2788 Y411.8718
G1 X62.2387 Y412.4073
G1 X62.2332 Y412.9442
G1 X62.2622 Y413.4804
G1 X62.3257 Y414.0136
G1 X62.4233 Y414.5417
G1 X62.5546 Y415.0624
G1 X62.7192 Y415.5735
G1 X62.9163 Y416.0730
G1 X63.1451 Y416.5588
G1 X63.4046 Y417.0289
G1 X63.6939 Y417.4813
G1 X64.0116 Y417.9142
G1 X64.3565 Y418.3258
G1 X64.7272 Y418.7143
G1 X65.1221 Y419.0782
G1 X65.5396 Y419.4159
G1 X65.9779 Y419.7261
G1 X66.4353 Y420.0075
G1 X66.9098 Y420.2589
G1 X67.3995 Y420.4793
G1 X67.9023 Y420.6677
G0 Z0.0000 F480
G1 X68.2958 Y420.7914 F600
G1 X68.6949 Y420.8954
G1 X69.0988 Y420.9793
G1 X69.5063 Y421.0430
G1 X69.9165 Y421.0862
G1 X70.3283 Y421.1090
G1 X70.7407 Y421.1111
G1 X71.1528 Y421.0927
G1 X71.5634 Y421.0538
G1 X71.9716 Y420.9944
G1 X72.3763 Y420.9147
G1 X72.7765 Y420.8149
G0 Z3.5000 F480
G1 Z4.0000 F120
G1 Z8.0000
G1 X73.2945 Y420.6555 F600
G1 X73.8012 Y420.4628
G1 X74.2942 Y420.2377
G1 X74.7716 Y419.9810
G1 X75.2314 Y419.6938
G1 X75.6715 Y419.3774
G1 X76.0902 Y419.0332
G1 X76.4856 Y418.6624
G1 X76.8561 Y418.2668
G1 X77.2002 Y417.8480
G1 X77.5164 Y417.4078
G1 X77.8034 Y416.9479
G1 X78.0599 Y416.4704
G1 X78.2848 Y415.9772
G1 X78.4773 Y415.4705
G1 X78.6365 Y414.9524
G1 X78.7617 Y414.4250
G1 X78.8525 Y413.8906
G1 X78.9083 Y413.3515
G1 X78.9291 Y412.8098
G1 X78.9146 Y412.2680
G1 X78.8650 Y411.7282
G1 X78.7805 Y411.1928
G1 X78.6615 Y410.6640
G1 X78.5083 Y410.1441
G1 X78.3218 Y409.6351
G1 X78.1025 Y409.1394
G1 X77.8516 Y408.6589
G1 X77.5701 Y408.1958
G1 X77.2590 Y407.7519
G1 X76.9198 Y407.3291
G1 X76.5539 Y406.9292
G1 X76.1628 Y406.5539
G1 X75.7482 Y406.2047
G1 X75.3118 Y405.8833
G1 X74.8554 Y405.5908
G1 X74.3810 Y405.3285
G1 X73.8906 Y405.0976
G1 X73.3863 Y404.8990
G1 X72.8701 Y404.7336
G1 X72.3443 Y404.6020
G1 X71.8110 Y404.5048
G1 X71.2726 Y404.4425
G1 X70.7313 Y404.4152
G1 X70.1893 Y404.4231
G1 X69.6489 Y404.4661
G1 X69.1126 Y404.5442
G1 X68.5824 Y404.6568
G1 X68.0653 Y404.8019
G1 X67.5587 Y404.9800
G1 X67.0646 Y405.1902
G1 X66.5850 Y405.4318
G1 X66.1220 Y405.7037
G1 X65.6774 Y406.0048
G1 X65.2531 Y406.3339
G1 X64.8508 Y406.6896
G1 X64.4722 Y407.0705
G1 X64.1189 Y407.4748
G1 X63.7923 Y407.9011
G1 X63.4938 Y408.3475
G1 X63.2247 Y408.8122
G1 X62.9859 Y409.2932
G1 X62.7786 Y409.7885
G1 X62.6036 Y410.2962
G1 X62.4616 Y410.8140
G1 X62.3532 Y411.3400
G1 X62.2788 Y411.8718
G1 X62.2387 Y412.4073
G1 X62.2332 Y412.9442
G1 X62.2622 Y413.4804
G1 X62.3257 Y414.0136
G1 X62.4233 Y414.5417
G1 X62.5546 Y415.0624
G1 X62.7192 Y415.5735
G1 X62.9163 Y416.0730
G1 X63.1451 Y416.5588
G1 X63.4046 Y417.0289
G1 X63.6939 Y417.4813
G1 X64.0116 Y417.9142
G1 X64.3565 Y418.3258
G1 X64.7272 Y418.7143
G1 X65.1221 Y419.0782
G1 X65.5396 Y419.4159
G1 X65.9779 Y419.7261
G1 X66.4353 Y420.0075
G1 X66.9098 Y420.2589
G1 X67.3995 Y420.4793
G1 X67.9023 Y420.6677
G0 Z0.0000 F480
G1 X68.2958 Y420.7914 F600
G1 X68.6949 Y420.8954
G1 X69.0988 Y420.9793
G1 X69.5063 Y421.0430
G1 X69.9165 Y421.0862
G1 X70.3283 Y421.1090
G1 X70.7407 Y421.1111
G1 X71.1528 Y421.0927
G1 X71.5634 Y421.0538
G1 X71.9716 Y420.9944
G1 X72.3763 Y420.9147
G1 X72.7765 Y420.8149
G0 Z-5.0000 F480


(No. 172: Hole 1)
G0 X70.3638 Y451.7253 Z-5.0000 F2100
G0 Z-0.5000 F480
G1 Z0.0000 F120
G1 Z4.0000
G1 X70.2282 Y451.7418 F600
G1 X70.0938 Y451.7662
G1 X69.9611 Y451.7984
G1 X69.8304 Y451.8383
G1 X69.7023 Y451.8856
G1 X69.5771 Y451.9404
G1 X69.4554 Y452.0023
G1 X69.3375 Y452.0712
G1 X69.2237 Y452.1469
G1 X69.1146 Y452.2290
G1 X69.0104 Y452.3173
G1 X68.9115 Y452.4116
G1 X68.8183 Y452.5114
G1 X68.7310 Y452.6165
G1 X68.6500 Y452.7265
G1 X68.5755 Y452.8410
G1 X68.5078 Y452.9596
G1 X68.4472 Y453.0820
G1 X68.3937 Y453.2077
G1 X68.3477 Y453.3363
G1 X68.3092 Y453.4674
G1 X68.2783 Y453.6004
G1 X68.2553 Y453.7351
G1 X68.2401 Y453.8708
G1 X68.2329 Y454.0072
G1 X68.2336 Y454.1438
G1 X68.2422 Y454.2801
G1 X68.2588 Y454.4157
G1 X68.2832 Y454.5501
G1 X68.3154 Y454.6829
G1 X68.3552 Y454.8135
G1 X68.4026 Y454.9417
G1 X68.4574 Y455.0668
G1 X68.5193 Y455.1885
G1 X68.5882 Y455.3065
G1 X68.6638 Y455.4202
G1 X68.7460 Y455.5294
G1 X68.8343 Y455.6336
G1 X68.9286 Y455.7324
G1 X69.0284 Y455.8257
G1 X69.1335 Y455.9129
G1 X69.2435 Y455.9939
G1 X69.3580 Y456.0684
G1 X69.4766 Y456.1361
G1 X69.5990 Y456.1968
G1 X69.7247 Y456.2502
G1 X69.8533 Y456.2963
G1 X69.9843 Y456.3348
G1 X70.1174 Y456.3656
G1 X70.2521 Y456.3886
G1 X70.3878 Y456.4038
G1 X70.5242 Y456.4110
G1 X70.6608 Y456.4103
G1 X70.7971 Y456.4017
G1 X70.9327 Y456.3851
G1 X71.0671 Y456.3607
G1 X71.1999 Y456.3286
G1 X71.3305 Y456.2887
G1 X71.4586 Y456.2413
G1 X71.5838 Y456.1866
G1 X71.7055 Y456.1247
G1 X71.8235 Y456.0557
G1 X71.9372 Y455.9801
G1 X72.0464 Y455.8980
G1 X72.1505 Y455.8096
G1 X72.2494 Y455.7154
G1 X72.3426 Y455.6156
G1 X72.4299 Y455.5105
G1 X72.5109 Y455.4005
G1 X72.5854 Y455.2860
G1 X72.6531 Y455.1673
G1 X72.7138 Y455.0449
G1 X72.7672 Y454.9192
G1 X72.8133 Y454.7907
G1 X72.8518 Y454.6596
G1 X72.8826 Y454.5265
G1 X72.9056 Y454.3919
G1 X72.9208 Y454.2561
G1 X72.9280 Y454.1197
G1 X72.9273 Y453.9831
G1 X72.9187 Y453.8468
G1 X72.9021 Y453.7112
G1 X72.8777 Y453.5768
G1 X72.8455 Y453.4441
G1 X72.8057 Y453.3134
G1 X72.7583 Y453.1853
G1 X72.7036 Y453.0602
G1 X72.6416 Y452.9384
G1 X72.5727 Y452.8205
G1 X72.4971 Y452.7067
G1 X72.4150 Y452.5976
G1 X72.3266 Y452.4934
G1 X72.2324 Y452.3945
G1 X72.1325 Y452.3013
G1 X72.0274 Y452.2140
G1 X71.9175 Y452.1330
G1 X71.8030 Y452.0586
G1 X71.6843 Y451.9909
G1 X71.5619 Y451.9302
G1 X71.4362 Y451.8767
G1 X71.3076 Y451.8307
G1 X71.1766 Y451.7922
G1 X71.0435 Y451.7613
G1 X70.9089 Y451.7383
G1 X70.7731 Y451.7232
G1 X70.6367 Y451.7159
G1 X70.5001 Y451.7166
G1 X70.3638 Y451.7253
G1 Z8.0000 F120
G1 X70.2282 Y451.7418 F600
G1 X70.0938 Y451.7662
G1 X69.9611 Y451.7984
G1 X69.8304 Y451.8383
G1 X69.7023 Y451.8856
G1 X69.5771 Y451.9404
G1 X69.4554 Y452.0023
G1 X69.3375 Y452.0712
G1 X69.2237 Y452.1469
G1 X69.1146 Y452.2290
G1 X69.0104 Y452.3173
G1 X68.9115 Y452.4116
G1 X68.8183 Y452.5114
G1 X68.7310 Y452.6165
G1 X68.6500 Y452.7265
G1 X68.5755 Y452.8410
G1 X68.5078 Y452.9596
G1 X68.4472 Y453.0820
G1 X68.3937 Y453.2077
G1 X68.3477 Y453.3363
G1 X68.3092 Y453.4674
G1 X68.2783 Y453.6004
G1 X68.2553 Y453.7351
G1 X68.2401 Y453.8708
G1 X68.2329 Y454.0072
G1 X68.2336 Y454.1438
G1 X68.2422 Y454.2801
G1 X68.2588 Y454.4157
G1 X68.2832 Y454.5501
G1 X68.3154 Y454.6829
G1 X68.3552 Y454.8135
G1 X68.4026 Y454.9417
G1 X68.4574 Y455.0668
G1 X68.5193 Y455.1885
G1 X68.5882 Y455.3065
G1 X68.6638 Y455.4202
G1 X68.7460 Y455.5294
G1 X68.8343 Y455.6336
G1 X68.9286 Y455.7324
G1 X69.0284 Y455.8257
G1 X69.1335 Y455.9129
G1 X69.2435 Y455.9939
G1 X69.3580 Y456.0684
G1 X69.4766 Y456.1361
G1 X69.5990 Y456.1968
G1 X69.7247 Y456.2502
G1 X69.8533 Y456.2963
G1 X69.9843 Y456.3348
G1 X70.1174 Y456.3656
G1 X70.2521 Y456.3886
G1 X70.3878 Y456.4038
G1 X70.5242 Y456.4110
G1 X70.6608 Y456.4103
G1 X70.7971 Y456.4017
G1 X70.9327 Y456.3851
G1 X71.0671 Y456.3607
G1 X71.1999 Y456.3286
G1 X71.3305 Y456.2887
G1 X71.4586 Y456.2413
G1 X71.5838 Y456.1866
G1 X71.7055 Y456.1247
G1 X71.8235 Y456.0557
G1 X71.9372 Y455.9801
G1 X72.0464 Y455.8980
G1 X72.1505 Y455.8096
G1 X72.2494 Y455.7154
G1 X72.3426 Y455.6156
G1 X72.4299 Y455.5105
G1 X72.5109 Y455.4005
G1 X72.5854 Y455.2860
G1 X72.6531 Y455.1673
G1 X72.7138 Y455.0449
G1 X72.7672 Y454.9192
G1 X72.8133 Y454.7907
G1 X72.8518 Y454.6596
G1 X72.8826 Y454.5265
G1 X72.9056 Y454.3919
G1 X72.9208 Y454.2561
G1 X72.9280 Y454.1197
G1 X72.9273 Y453.9831
G1 X72.9187 Y453.8468
G1 X72.9021 Y453.7112
G1 X72.8777 Y453.5768
G1 X72.8455 Y453.4441
G1 X72.8057 Y453.3134
G1 X72.7583 Y453.1853
G1 X72.7036 Y453.0602
G1 X72.6416 Y452.9384
G1 X72.5727 Y452.8205
G1 X72.4971 Y452.7067
G1 X72.4150 Y452.5976
G1 X72.3266 Y452.4934
G1 X72.2324 Y452.3945
G1 X72.1325 Y452.3013
G1 X72.0274 Y452.2140
G1 X71.9175 Y452.1330
G1 X71.8030 Y452.0586
G1 X71.6843 Y451.9909
G1 X71.5619 Y451.9302
G1 X71.4362 Y451.8767
G1 X71.3076 Y451.8307
G1 X71.1766 Y451.7922
G1 X71.0435 Y451.7613
G1 X70.9089 Y451.7383
G1 X70.7731 Y451.7232
G1 X70.6367 Y451.7159
G1 X70.5001 Y451.7166
G1 X70.3638 Y451.7253
G0 Z-5.0000 F480


(No. 173: Hole 1)
G0 X55.3638 Y451.7253 Z-5.0000 F2100
G0 Z-0.5000 F480
G1 Z0.0000 F120
G1 Z4.0000
G1 X55.2282 Y451.7418 F600
G1 X55.0938 Y451.7662
G1 X54.9611 Y451.7984
G1 X54.8304 Y451.8383
G1 X54.7023 Y451.8856
G1 X54.5771 Y451.9404
G1 X54.4554 Y452.0023
G1 X54.3375 Y452.0712
G1 X54.2237 Y452.1469
G1 X54.1146 Y452.2290
G1 X54.0104 Y452.3173
G1 X53.9115 Y452.4116
G1 X53.8183 Y452.5114
G1 X53.7310 Y452.6165
G1 X53.6500 Y452.7265
G1 X53.5755 Y452.8410
G1 X53.5078 Y452.9596
G1 X53.4472 Y453.0820
G1 X53.3937 Y453.2077
G1 X53.3477 Y453.3363
G1 X53.3092 Y453.4674
G1 X53.2783 Y453.6004
G1 X53.2553 Y453.7351
G1 X53.2401 Y453.8708
G1 X53.2329 Y454.0072
G1 X53.2336 Y454.1438
G1 X53.2422 Y454.2801
G1 X53.2588 Y454.4157
G1 X53.2832 Y454.5501
G1 X53.3154 Y454.6829
G1 X53.3552 Y454.8135
G1 X53.4026 Y454.9417
G1 X53.4574 Y455.0668
G1 X53.5193 Y455.1885
G1 X53.5882 Y455.3065
G1 X53.6638 Y455.4202
G1 X53.7460 Y455.5294
G1 X53.8343 Y455.6336
G1 X53.9286 Y455.7324
G1 X54.0284 Y455.8257
G1 X54.1335 Y455.9129
G1 X54.2435 Y455.9939
G1 X54.3580 Y456.0684
G1 X54.4766 Y456.1361
G1 X54.5990 Y456.1968
G1 X54.7247 Y456.2502
G1 X54.8533 Y456.2963
G1 X54.9843 Y456.3348
G1 X55.1174 Y456.3656
G1 X55.2521 Y456.3886
G1 X55.3878 Y456.4038
G1 X55.5242 Y456.4110
G1 X55.6608 Y456.4103
G1 X55.7971 Y456.4017
G1 X55.9327 Y456.3851
G1 X56.0671 Y456.3607
G1 X56.1999 Y456.3286
G1 X56.3305 Y456.2887
G1 X56.4586 Y456.2413
G1 X56.5838 Y456.1866
G1 X56.7055 Y456.1247
G1 X56.8235 Y456.0557
G1 X56.9372 Y455.9801
G1 X57.0464 Y455.8980
G1 X57.1505 Y455.8096
G1 X57.2494 Y455.7154
G1 X57.3426 Y455.6156
G1 X57.4299 Y455.5105
G1 X57.5109 Y455.4005
G1 X57.5854 Y455.2860
G1 X57.6531 Y455.1673
G1 X57.7138 Y455.0449
G1 X57.7672 Y454.9192
G1 X57.8133 Y454.7907
G1 X57.8518 Y454.6596
G1 X57.8826 Y454.5265
G1 X57.9056 Y454.3919
G1 X57.9208 Y454.2561
G1 X57.9280 Y454.1197
G1 X57.9273 Y453.9831
G1 X57.9187 Y453.8468
G1 X57.9021 Y453.7112
G1 X57.8777 Y453.5768
G1 X57.8455 Y453.4441
G1 X57.8057 Y453.3134
G1 X57.7583 Y453.1853
G1 X57.7036 Y453.0602
G1 X57.6416 Y452.9384
G1 X57.5727 Y452.8205
G1 X57.4971 Y452.7067
G1 X57.4150 Y452.5976
G1 X57.3266 Y452.4934
G1 X57.2324 Y452.3945
G1 X57.1325 Y452.3013
G1 X57.0274 Y452.2140
G1 X56.9175 Y452.1330
G1 X56.8030 Y452.0586
G1 X56.6843 Y451.9909
G1 X56.5619 Y451.9302
G1 X56.4362 Y451.8767
G1 X56.3076 Y451.8307
G1 X56.1766 Y451.7922
G1 X56.0435 Y451.7613
G1 X55.9089 Y451.7383
G1 X55.7731 Y451.7232
G1 X55.6367 Y451.7159
G1 X55.5001 Y451.7166
G1 X55.3638 Y451.7253
G1 Z8.0000 F120
G1 X55.2282 Y451.7418 F600
G1 X55.0938 Y451.7662
G1 X54.9611 Y451.7984
G1 X54.8304 Y451.8383
G1 X54.7023 Y451.8856
G1 X54.5771 Y451.9404
G1 X54.4554 Y452.0023
G1 X54.3375 Y452.0712
G1 X54.2237 Y452.1469
G1 X54.1146 Y452.2290
G1 X54.0104 Y452.3173
G1 X53.9115 Y452.4116
G1 X53.8183 Y452.5114
G1 X53.7310 Y452.6165
G1 X53.6500 Y452.7265
G1 X53.5755 Y452.8410
G1 X53.5078 Y452.9596
G1 X53.4472 Y453.0820
G1 X53.3937 Y453.2077
G1 X53.3477 Y453.3363
G1 X53.3092 Y453.4674
G1 X53.2783 Y453.6004
G1 X53.2553 Y453.7351
G1 X53.2401 Y453.8708
G1 X53.2329 Y454.0072
G1 X53.2336 Y454.1438
G1 X53.2422 Y454.2801
G1 X53.2588 Y454.4157
G1 X53.2832 Y454.5501
G1 X53.3154 Y454.6829
G1 X53.3552 Y454.8135
G1 X53.4026 Y454.9417
G1 X53.4574 Y455.0668
G1 X53.5193 Y455.1885
G1 X53.5882 Y455.3065
G1 X53.6638 Y455.4202
G1 X53.7460 Y455.5294
G1 X53.8343 Y455.6336
G1 X53.9286 Y455.7324
G1 X54.0284 Y455.8257
G1 X54.1335 Y455.9129
G1 X54.2435 Y455.9939
G1 X54.3580 Y456.0684
G1 X54.4766 Y456.1361
G1 X54.5990 Y456.1968
G1 X54.7247 Y456.2502
G1 X54.8533 Y456.2963
G1 X54.9843 Y456.3348
G1 X55.1174 Y456.3656
G1 X55.2521 Y456.3886
G1 X55.3878 Y456.4038
G1 X55.5242 Y456.4110
G1 X55.6608 Y456.4103
G1 X55.7971 Y456.4017
G1 X55.9327 Y456.3851
G1 X56.0671 Y456.3607
G1 X56.1999 Y456.3286
G1 X56.3305 Y456.2887
G1 X56.4586 Y456.2413
G1 X56.5838 Y456.1866
G1 X56.7055 Y456.1247
G1 X56.8235 Y456.0557
G1 X56.9372 Y455.9801
G1 X57.0464 Y455.8980
G1 X57.1505 Y455.8096
G1 X57.2494 Y455.7154
G1 X57.3426 Y455.6156
G1 X57.4299 Y455.5105
G1 X57.5109 Y455.4005
G1 X57.5854 Y455.2860
G1 X57.6531 Y455.1673
G1 X57.7138 Y455.0449
G1 X57.7672 Y454.9192
G1 X57.8133 Y454.7907
G1 X57.8518 Y454.6596
G1 X57.8826 Y454.5265
G1 X57.9056 Y454.3919
G1 X57.9208 Y454.2561
G1 X57.9280 Y454.1197
G1 X57.9273 Y453.9831
G1 X57.9187 Y453.8468
G1 X57.9021 Y453.7112
G1 X57.8777 Y453.5768
G1 X57.8455 Y453.4441
G1 X57.8057 Y453.3134
G1 X57.7583 Y453.1853
G1 X57.7036 Y453.0602
G1 X57.6416 Y452.9384
G1 X57.5727 Y452.8205
G1 X57.4971 Y452.7067
G1 X57.4150 Y452.5976
G1 X57.3266 Y452.4934
G1 X57.2324 Y452.3945
G1 X57.1325 Y452.3013
G1 X57.0274 Y452.2140
G1 X56.9175 Y452.1330
G1 X56.8030 Y452.0586
G1 X56.6843 Y451.9909
G1 X56.5619 Y451.9302
G1 X56.4362 Y451.8767
G1 X56.3076 Y451.8307
G1 X56.1766 Y451.7922
G1 X56.0435 Y451.7613
G1 X55.9089 Y451.7383
G1 X55.7731 Y451.7232
G1 X55.6367 Y451.7159
G1 X55.5001 Y451.7166
G1 X55.3638 Y451.7253
G0 Z-5.0000 F480


(No. 174: Hole 1)
G0 X85.3638 Y451.7253 Z-5.0000 F2100
G0 Z-0.5000 F480
G1 Z0.0000 F120
G1 Z4.0000
G1 X85.2282 Y451.7418 F600
G1 X85.0938 Y451.7662
G1 X84.9611 Y451.7984
G1 X84.8304 Y451.8383
G1 X84.7023 Y451.8856
G1 X84.5771 Y451.9404
G1 X84.4554 Y452.0023
G1 X84.3375 Y452.0712
G1 X84.2237 Y452.1469
G1 X84.1146 Y452.2290
G1 X84.0104 Y452.3173
G1 X83.9115 Y452.4116
G1 X83.8183 Y452.5114
G1 X83.7310 Y452.6165
G1 X83.6500 Y452.7265
G1 X83.5755 Y452.8410
G1 X83.5078 Y452.9596
G1 X83.4472 Y453.0820
G1 X83.3937 Y453.2077
G1 X83.3477 Y453.3363
G1 X83.3092 Y453.4674
G1 X83.2783 Y453.6004
G1 X83.2553 Y453.7351
G1 X83.2401 Y453.8708
G1 X83.2329 Y454.0072
G1 X83.2336 Y454.1438
G1 X83.2422 Y454.2801
G1 X83.2588 Y454.4157
G1 X83.2832 Y454.5501
G1 X83.3154 Y454.6829
G1 X83.3552 Y454.8135
G1 X83.4026 Y454.9417
G1 X83.4574 Y455.0668
G1 X83.5193 Y455.1885
G1 X83.5882 Y455.3065
G1 X83.6638 Y455.4202
G1 X83.7460 Y455.5294
G1 X83.8343 Y455.6336
G1 X83.9286 Y455.7324
G1 X84.0284 Y455.8257
G1 X84.1335 Y455.9129
G1 X84.2435 Y455.9939
G1 X84.3580 Y456.0684
G1 X84.4766 Y456.1361
G1 X84.5990 Y456.1968
G1 X84.7247 Y456.2502
G1 X84.8533 Y456.2963
G1 X84.9843 Y456.3348
G1 X85.1174 Y456.3656
G1 X85.2521 Y456.3886
G1 X85.3878 Y456.4038
G1 X85.5242 Y456.4110
G1 X85.6608 Y456.4103
G1 X85.7971 Y456.4017
G1 X85.9327 Y456.3851
G1 X86.0671 Y456.3607
G1 X86.1999 Y456.3286
G1 X86.3305 Y456.2887
G1 X86.4586 Y456.2413
G1 X86.5838 Y456.1866
G1 X86.7055 Y456.1247
G1 X86.8235 Y456.0557
G1 X86.9372 Y455.9801
G1 X87.0464 Y455.8980
G1 X87.1505 Y455.8096
G1 X87.2494 Y455.7154
G1 X87.3426 Y455.6156
G1 X87.4299 Y455.5105
G1 X87.5109 Y455.4005
G1 X87.5854 Y455.2860
G1 X87.6531 Y455.1673
G1 X87.7138 Y455.0449
G1 X87.7672 Y454.9192
G1 X87.8133 Y454.7907
G1 X87.8518 Y454.6596
G1 X87.8826 Y454.5265
G1 X87.9056 Y454.3919
G1 X87.9208 Y454.2561
G1 X87.9280 Y454.1197
G1 X87.9273 Y453.9831
G1 X87.9187 Y453.8468
G1 X87.9021 Y453.7112
G1 X87.8777 Y453.5768
G1 X87.8455 Y453.4441
G1 X87.8057 Y453.3134
G1 X87.7583 Y453.1853
G1 X87.7036 Y453.0602
G1 X87.6416 Y452.9384
G1 X87.5727 Y452.8205
G1 X87.4971 Y452.7067
G1 X87.4150 Y452.5976
G1 X87.3266 Y452.4934
G1 X87.2324 Y452.3945
G1 X87.1325 Y452.3013
G1 X87.0274 Y452.2140
G1 X86.9175 Y452.1330
G1 X86.8030 Y452.0586
G1 X86.6843 Y451.9909
G1 X86.5619 Y451.9302
G1 X86.4362 Y451.8767
G1 X86.3076 Y451.8307
G1 X86.1766 Y451.7922
G1 X86.0435 Y451.7613
G1 X85.9089 Y451.7383
G1 X85.7731 Y451.7232
G1 X85.6367 Y451.7159
G1 X85.5001 Y451.7166
G1 X85.3638 Y451.7253
G1 Z8.0000 F120
G1 X85.2282 Y451.7418 F600
G1 X85.0938 Y451.7662
G1 X84.9611 Y451.7984
G1 X84.8304 Y451.8383
G1 X84.7023 Y451.8856
G1 X84.5771 Y451.9404
G1 X84.4554 Y452.0023
G1 X84.3375 Y452.0712
G1 X84.2237 Y452.1469
G1 X84.1146 Y452.2290
G1 X84.0104 Y452.3173
G1 X83.9115 Y452.4116
G1 X83.8183 Y452.5114
G1 X83.7310 Y452.6165
G1 X83.6500 Y452.7265
G1 X83.5755 Y452.8410
G1 X83.5078 Y452.9596
G1 X83.4472 Y453.0820
G1 X83.3937 Y453.2077
G1 X83.3477 Y453.3363
G1 X83.3092 Y453.4674
G1 X83.2783 Y453.6004
G1 X83.2553 Y453.7351
G1 X83.2401 Y453.8708
G1 X83.2329 Y454.0072
G1 X83.2336 Y454.1438
G1 X83.2422 Y454.2801
G1 X83.2588 Y454.4157
G1 X83.2832 Y454.5501
G1 X83.3154 Y454.6829
G1 X83.3552 Y454.8135
G1 X83.4026 Y454.9417
G1 X83.4574 Y455.0668
G1 X83.5193 Y455.1885
G1 X83.5882 Y455.3065
G1 X83.6638 Y455.4202
G1 X83.7460 Y455.5294
G1 X83.8343 Y455.6336
G1 X83.9286 Y455.7324
G1 X84.0284 Y455.8257
G1 X84.1335 Y455.9129
G1 X84.2435 Y455.9939
G1 X84.3580 Y456.0684
G1 X84.4766 Y456.1361
G1 X84.5990 Y456.1968
G1 X84.7247 Y456.2502
G1 X84.8533 Y456.2963
G1 X84.9843 Y456.3348
G1 X85.1174 Y456.3656
G1 X85.2521 Y456.3886
G1 X85.3878 Y456.4038
G1 X85.5242 Y456.4110
G1 X85.6608 Y456.4103
G1 X85.7971 Y456.4017
G1 X85.9327 Y456.3851
G1 X86.0671 Y456.3607
G1 X86.1999 Y456.3286
G1 X86.3305 Y456.2887
G1 X86.4586 Y456.2413
G1 X86.5838 Y456.1866
G1 X86.7055 Y456.1247
G1 X86.8235 Y456.0557
G1 X86.9372 Y455.9801
G1 X87.0464 Y455.8980
G1 X87.1505 Y455.8096
G1 X87.2494 Y455.7154
G1 X87.3426 Y455.6156
G1 X87.4299 Y455.5105
G1 X87.5109 Y455.4005
G1 X87.5854 Y455.2860
G1 X87.6531 Y455.1673
G1 X87.7138 Y455.0449
G1 X87.7672 Y454.9192
G1 X87.8133 Y454.7907
G1 X87.8518 Y454.6596
G1 X87.8826 Y454.5265
G1 X87.9056 Y454.3919
G1 X87.9208 Y454.2561
G1 X87.9280 Y454.1197
G1 X87.9273 Y453.9831
G1 X87.9187 Y453.8468
G1 X87.9021 Y453.7112
G1 X87.8777 Y453.5768
G1 X87.8455 Y453.4441
G1 X87.8057 Y453.3134
G1 X87.7583 Y453.1853
G1 X87.7036 Y453.0602
G1 X87.6416 Y452.9384
G1 X87.5727 Y452.8205
G1 X87.4971 Y452.7067
G1 X87.4150 Y452.5976
G1 X87.3266 Y452.4934
G1 X87.2324 Y452.3945
G1 X87.1325 Y452.3013
G1 X87.0274 Y452.2140
G1 X86.9175 Y452.1330
G1 X86.8030 Y452.0586
G1 X86.6843 Y451.9909
G1 X86.5619 Y451.9302
G1 X86.4362 Y451.8767
G1 X86.3076 Y451.8307
G1 X86.1766 Y451.7922
G1 X86.0435 Y451.7613
G1 X85.9089 Y451.7383
G1 X85.7731 Y451.7232
G1 X85.6367 Y451.7159
G1 X85.5001 Y451.7166
G1 X85.3638 Y451.7253
G0 Z-5.0000 F480


(No. 175: Drill 8)
G0 X20.5805 Y435.0635 Z-5.0000 F2100
G0 Z-0.5000 F480
G1 Z4.0000 F120
G0 Z-0.5000 F480
G0 Z3.5000
G1 Z8.0000 F120
G0 Z-5.0000 F480


(No. 176: Drill 7)
G0 X25.5805 Y409.0635 Z-5.0000 F2100
G0 Z-0.5000 F480
G1 Z4.0000 F120
G0 Z-0.5000 F480
G0 Z3.5000
G1 Z8.0000 F120
G0 Z-5.0000 F480


(No. 177: Part 1)
G0 X7.6305 Y481.8891 Z-5.0000 F2100
G0 Z-0.5000 F480
G1 Z0.0000 F120
G1 Z4.0000
G1 Y454.0635 F600
G1 X7.6340 Y453.9556
G1 X7.6446 Y453.8481
G1 X7.6622 Y453.7416
G1 X7.6867 Y453.6364
G1 X7.7180 Y453.5331
G1 X7.7561 Y453.4320
G1 X7.8006 Y453.3337
G1 X7.8515 Y453.2385
G1 X7.9085 Y453.1468
G1 X7.9714 Y453.0590
G1 X8.0399 Y452.9756
G1 X8.1137 Y452.8968
G1 X8.1925 Y452.8229
G1 X8.2760 Y452.7544
G1 X8.3638 Y452.6916
G1 X8.4555 Y452.6345
G1 X8.5507 Y452.5836
G1 X8.6490 Y452.5391
G1 X8.7501 Y452.5010
G1 X8.8534 Y452.4697
G1 X8.9586 Y452.4452
G1 X9.0651 Y452.4276
G1 X9.1725 Y452.4170
G1 X9.2805 Y452.4135
G1 X13.9305
G1 X14.4137 Y452.8968
G1 X13.9305 Y452.4135
G1 Y399.0635
G1 X13.9340 Y398.9556
G1 X13.9446 Y398.8481
G1 X13.9622 Y398.7416
G1 X13.9867 Y398.6364
G1 X14.0180 Y398.5331
G1 X14.0561 Y398.4320
G1 X14.1006 Y398.3337
G1 X14.1515 Y398.2385
G1 X14.2085 Y398.1468
G1 X14.2714 Y398.0590
G1 X14.3399 Y397.9756
G1 X14.4137 Y397.8968
G1 X14.4925 Y397.8229
G1 X14.5760 Y397.7544
G1 X14.6638 Y397.6916
G1 X14.7555 Y397.6345
G1 X14.8507 Y397.5836
G1 X14.9490 Y397.5391
G1 X15.0501 Y397.5010
G1 X15.1534 Y397.4697
G1 X15.2586 Y397.4452
G1 X15.3651 Y397.4276
G1 X15.4725 Y397.4170
G1 X15.5805 Y397.4135
G1 X38.9305
G1 X39.4137 Y397.8968
G1 X38.9305 Y397.4135
G1 Y392.7635
G1 X38.9340 Y392.6556
G1 X38.9446 Y392.5481
G1 X38.9622 Y392.4416
G1 X38.9867 Y392.3364
G1 X39.0180 Y392.2331
G1 X39.0561 Y392.1320
G1 X39.1006 Y392.0337
G1 X39.1515 Y391.9385
G1 X39.2085 Y391.8468
G1 X39.2714 Y391.7590
G1 X39.3399 Y391.6756
G1 X39.4137 Y391.5968
G1 X39.4925 Y391.5229
G1 X39.5760 Y391.4544
G1 X39.6638 Y391.3916
G1 X39.7555 Y391.3345
G1 X39.8507 Y391.2836
G1 X39.9490 Y391.2391
G1 X40.0501 Y391.2010
G1 X40.1534 Y391.1697
G1 X40.2586 Y391.1452
G1 X40.3651 Y391.1276
G1 X40.4725 Y391.1170
G1 X40.5805 Y391.1135
G1 X68.1055
G0 Z0.0000 F480
G1 X73.0555 F600
G1 Z4.0000 F120
G1 X100.5805 F600
G1 X100.6884 Y391.1170
G1 X100.7958 Y391.1276
G1 X100.9024 Y391.1452
G1 X101.0075 Y391.1697
G1 X101.1108 Y391.2010
G1 X101.2119 Y391.2391
G1 X101.3102 Y391.2836
G1 X101.4055 Y391.3345
G1 X101.4972 Y391.3916
G1 X101.5849 Y391.4544
G1 X101.6684 Y391.5229
G1 X101.7472 Y391.5968
G1 X101.8210 Y391.6756
G1 X101.8895 Y391.7590
G1 X101.9524 Y391.8468
G1 X102.0094 Y391.9385
G1 X102.0603 Y392.0337
G1 X102.1049 Y392.1320
G1 X102.1429 Y392.2331
G1 X102.1742 Y392.3364
G1 X102.1988 Y392.4416
G1 X102.2163 Y392.5481
G1 X102.2269 Y392.6556
G1 X102.2305 Y392.7635
G1 Y397.4135
G1 X101.7472 Y397.8968
G1 X102.2305 Y397.4135
G1 X125.5805
G1 X125.6884 Y397.4170
G1 X125.7958 Y397.4276
G1 X125.9024 Y397.4452
G1 X126.0075 Y397.4697
G1 X126.1108 Y397.5010
G1 X126.2119 Y397.5391
G1 X126.3102 Y397.5836
G1 X126.4055 Y397.6345
G1 X126.4972 Y397.6916
G1 X126.5849 Y397.7544
G1 X126.6684 Y397.8229
G1 X126.7472 Y397.8968
G1 X126.8210 Y397.9756
G1 X126.8895 Y398.0590
G1 X126.9524 Y398.1468
G1 X127.0094 Y398.2385
G1 X127.0603 Y398.3337
G1 X127.1049 Y398.4320
G1 X127.1429 Y398.5331
G1 X127.1742 Y398.6364
G1 X127.1988 Y398.7416
G1 X127.2163 Y398.8481
G1 X127.2269 Y398.9556
G1 X127.2305 Y399.0635
G1 Y452.4135
G1 X126.7472 Y452.8968
G1 X127.2305 Y452.4135
G1 X131.8805
G1 X131.9884 Y452.4170
G1 X132.0958 Y452.4276
G1 X132.2024 Y452.4452
G1 X132.3075 Y452.4697
G1 X132.4108 Y452.5010
G1 X132.5119 Y452.5391
G1 X132.6102 Y452.5836
G1 X132.7055 Y452.6345
G1 X132.7972 Y452.6916
G1 X132.8849 Y452.7544
G1 X132.9684 Y452.8229
G1 X133.0472 Y452.8968
G1 X133.1210 Y452.9756
G1 X133.1895 Y453.0590
G1 X133.2524 Y453.1468
G1 X133.3094 Y453.2385
G1 X133.3603 Y453.3337
G1 X133.4049 Y453.4320
G1 X133.4429 Y453.5331
G1 X133.4742 Y453.6364
G1 X133.4988 Y453.7416
G1 X133.5163 Y453.8481
G1 X133.5269 Y453.9556
G1 X133.5305 Y454.0635
G1 Y481.6035
G0 Z0.0000 F480
G1 Y486.5535 F600
G1 Z4.0000 F120
G1 Y514.0635 F600
G1 X133.5269 Y514.1714
G1 X133.5163 Y514.2788
G1 X133.4988 Y514.3854
G1 X133.4742 Y514.4905
G1 X133.4429 Y514.5939
G1 X133.4049 Y514.6949
G1 X133.3603 Y514.7933
G1 X133.3094 Y514.8885
G1 X133.2524 Y514.9802
G1 X133.1895 Y515.0679
G1 X133.1210 Y515.1514
G1 X133.0472 Y515.2302
G1 X132.9684 Y515.3040
G1 X132.8849 Y515.3725
G1 X132.7972 Y515.4354
G1 X132.7055 Y515.4924
G1 X132.6102 Y515.5433
G1 X132.5119 Y515.5879
G1 X132.4108 Y515.6259
G1 X132.3075 Y515.6573
G1 X132.2024 Y515.6818
G1 X132.0958 Y515.6994
G1 X131.9884 Y515.7099
G1 X131.8805 Y515.7135
G1 X127.2305
G1 X126.7472 Y515.2302
G1 X127.2305 Y515.7135
G1 Y569.0635
G1 X127.2269 Y569.1714
G1 X127.2163 Y569.2788
G1 X127.1988 Y569.3854
G1 X127.1742 Y569.4905
G1 X127.1429 Y569.5939
G1 X127.1049 Y569.6949
G1 X127.0603 Y569.7933
G1 X127.0094 Y569.8885
G1 X126.9524 Y569.9802
G1 X126.8895 Y570.0679
G1 X126.8210 Y570.1514
G1 X126.7472 Y570.2302
G1 X126.6684 Y570.3040
G1 X126.5849 Y570.3725
G1 X126.4972 Y570.4354
G1 X126.4055 Y570.4924
G1 X126.3102 Y570.5433
G1 X126.2119 Y570.5879
G1 X126.1108 Y570.6259
G1 X126.0075 Y570.6573
G1 X125.9024 Y570.6818
G1 X125.7958 Y570.6994
G1 X125.6884 Y570.7099
G1 X125.5805 Y570.7135
G1 X102.2305
G1 X101.7472 Y570.2302
G1 X102.2305 Y570.7135
G1 Y575.3635
G1 X102.2269 Y575.4714
G1 X102.2163 Y575.5788
G1 X102.1988 Y575.6854
G1 X102.1742 Y575.7905
G1 X102.1429 Y575.8939
G1 X102.1049 Y575.9949
G1 X102.0603 Y576.0933
G1 X102.0094 Y576.1885
G1 X101.9524 Y576.2802
G1 X101.8895 Y576.3679
G1 X101.8210 Y576.4514
G1 X101.7472 Y576.5302
G1 X101.6684 Y576.6040
G1 X101.5849 Y576.6725
G1 X101.4972 Y576.7354
G1 X101.4055 Y576.7924
G1 X101.3102 Y576.8433
G1 X101.2119 Y576.8879
G1 X101.1108 Y576.9259
G1 X101.0075 Y576.9573
G1 X100.9024 Y576.9818
G1 X100.7958 Y576.9994
G1 X100.6884 Y577.0099
G1 X100.5805 Y577.0135
G1 X74.8636
G0 Z0.0000 F480
G1 X69.9136 F600
G1 Z4.0000 F120
G1 X40.5805 F600
G1 X40.4725 Y577.0099
G1 X40.3651 Y576.9994
G1 X40.2586 Y576.9818
G1 X40.1534 Y576.9573
G1 X40.0501 Y576.9259
G1 X39.9490 Y576.8879
G1 X39.8507 Y576.8433
G1 X39.7555 Y576.7924
G1 X39.6638 Y576.7354
G1 X39.5760 Y576.6725
G1 X39.4925 Y576.6040
G1 X39.4137 Y576.5302
G1 X39.3399 Y576.4514
G1 X39.2714 Y576.3679
G1 X39.2085 Y576.2802
G1 X39.1515 Y576.1885
G1 X39.1006 Y576.0933
G1 X39.0561 Y575.9949
G1 X39.0180 Y575.8939
G1 X38.9867 Y575.7905
G1 X38.9622 Y575.6854
G1 X38.9446 Y575.5788
G1 X38.9340 Y575.4714
G1 X38.9305 Y575.3635
G1 Y570.7135
G1 X39.4137 Y570.2302
G1 X38.9305 Y570.7135
G1 X15.5805
G1 X15.4725 Y570.7099
G1 X15.3651 Y570.6994
G1 X15.2586 Y570.6818
G1 X15.1534 Y570.6573
G1 X15.0501 Y570.6259
G1 X14.9490 Y570.5879
G1 X14.8507 Y570.5433
G1 X14.7555 Y570.4924
G1 X14.6638 Y570.4354
G1 X14.5760 Y570.3725
G1 X14.4925 Y570.3040
G1 X14.4137 Y570.2302
G1 X14.3399 Y570.1514
G1 X14.2714 Y570.0679
G1 X14.2085 Y569.9802
G1 X14.1515 Y569.8885
G1 X14.1006 Y569.7933
G1 X14.0561 Y569.6949
G1 X14.0180 Y569.5939
G1 X13.9867 Y569.4905
G1 X13.9622 Y569.3854
G1 X13.9446 Y569.2788
G1 X13.9340 Y569.1714
G1 X13.9305 Y569.0635
G1 Y515.7135
G1 X14.4137 Y515.2302
G1 X13.9305 Y515.7135
G1 X9.2805
G1 X9.1725 Y515.7099
G1 X9.0651 Y515.6994
G1 X8.9586 Y515.6818
G1 X8.8534 Y515.6573
G1 X8.7501 Y515.6259
G1 X8.6490 Y515.5879
G1 X8.5507 Y515.5433
G1 X8.4555 Y515.4924
G1 X8.3638 Y515.4354
G1 X8.2760 Y515.3725
G1 X8.1925 Y515.3040
G1 X8.1137 Y515.2302
G1 X8.0399 Y515.1514
G1 X7.9714 Y515.0679
G1 X7.9085 Y514.9802
G1 X7.8515 Y514.8885
G1 X7.8006 Y514.7933
G1 X7.7561 Y514.6949
G1 X7.7180 Y514.5939
G1 X7.6867 Y514.4905
G1 X7.6622 Y514.3854
G1 X7.6446 Y514.2788
G1 X7.6340 Y514.1714
G1 X7.6305 Y514.0635
G1 Y486.8391
G0 Z0.0000 F480
G1 Y481.8891 F600
G0 Z3.5000 F480
G1 Z4.0000 F120
G1 Z8.0000
G1 Y454.0635 F600
G1 X7.6340 Y453.9556
G1 X7.6446 Y453.8481
G1 X7.6622 Y453.7416
G1 X7.6867 Y453.6364
G1 X7.7180 Y453.5331
G1 X7.7561 Y453.4320
G1 X7.8006 Y453.3337
G1 X7.8515 Y453.2385
G1 X7.9085 Y453.1468
G1 X7.9714 Y453.0590
G1 X8.0399 Y452.9756
G1 X8.1137 Y452.8968
G1 X8.1925 Y452.8229
G1 X8.2760 Y452.7544
G1 X8.3638 Y452.6916
G1 X8.4555 Y452.6345
G1 X8.5507 Y452.5836
G1 X8.6490 Y452.5391
G1 X8.7501 Y452.5010
G1 X8.8534 Y452.4697
G1 X8.9586 Y452.4452
G1 X9.0651 Y452.4276
G1 X9.1725 Y452.4170
G1 X9.2805 Y452.4135
G1 X13.9305
G1 X14.4137 Y452.8968
G1 X13.9305 Y452.4135
G1 Y399.0635
G1 X13.9340 Y398.9556
G1 X13.9446 Y398.8481
G1 X13.9622 Y398.7416
G1 X13.9867 Y398.6364
G1 X14.0180 Y398.5331
G1 X14.0561 Y398.4320
G1 X14.1006 Y398.3337
G1 X14.1515 Y398.2385
G1 X14.2085 Y398.1468
G1 X14.2714 Y398.0590
G1 X14.3399 Y397.9756
G1 X14.4137 Y397.8968
G1 X14.4925 Y397.8229
G1 X14.5760 Y397.7544
G1 X14.6638 Y397.6916
G1 X14.7555 Y397.6345
G1 X14.8507 Y397.5836
G1 X14.9490 Y397.5391
G1 X15.0501 Y397.5010
G1 X15.1534 Y397.4697
G1 X15.2586 Y397.4452
G1 X15.3651 Y397.4276
G1 X15.4725 Y397.4170
G1 X15.5805 Y397.4135
G1 X38.9305
G1 X39.4137 Y397.8968
G1 X38.9305 Y397.4135
G1 Y392.7635
G1 X38.9340 Y392.6556
G1 X38.9446 Y392.5481
G1 X38.9622 Y392.4416
G1 X38.9867 Y392.3364
G1 X39.0180 Y392.2331
G1 X39.0561 Y392.1320
G1 X39.1006 Y392.0337
G1 X39.1515 Y391.9385
G1 X39.2085 Y391.8468
G1 X39.2714 Y391.7590
G1 X39.3399 Y391.6756
G1 X39.4137 Y391.5968
G1 X39.4925 Y391.5229
G1 X39.5760 Y391.4544
G1 X39.6638 Y391.3916
G1 X39.7555 Y391.3345
G1 X39.8507 Y391.2836
G1 X39.9490 Y391.2391
G1 X40.0501 Y391.2010
G1 X40.1534 Y391.1697
G1 X40.2586 Y391.1452
G1 X40.3651 Y391.1276
G1 X40.4725 Y391.1170
G1 X40.5805 Y391.1135
G1 X68.1055
G0 Z0.0000 F480
G1 X73.0555 F600
G0 Z3.5000 F480
G1 Z4.0000 F120
G1 Z8.0000
G1 X100.5805 F600
G1 X100.6884 Y391.1170
G1 X100.7958 Y391.1276
G1 X100.9024 Y391.1452
G1 X101.0075 Y391.1697
G1 X101.1108 Y391.2010
G1 X101.2119 Y391.2391
G1 X101.3102 Y391.2836
G1 X101.4055 Y391.3345
G1 X101.4972 Y391.3916
G1 X101.5849 Y391.4544
G1 X101.6684 Y391.5229
G1 X101.7472 Y391.5968
G1 X101.8210 Y391.6756
G1 X101.8895 Y391.7590
G1 X101.9524 Y391.8468
G1 X102.0094 Y391.9385
G1 X102.0603 Y392.0337
G1 X102.1049 Y392.1320
G1 X102.1429 Y392.2331
G1 X102.1742 Y392.3364
G1 X102.1988 Y392.4416
G1 X102.2163 Y392.5481
G1 X102.2269 Y392.6556
G1 X102.2305 Y392.7635
G1 Y397.4135
G1 X101.7472 Y397.8968
G1 X102.2305 Y397.4135
G1 X125.5805
G1 X125.6884 Y397.4170
G1 X125.7958 Y397.4276
G1 X125.9024 Y397.4452
G1 X126.0075 Y397.4697
G1 X126.1108 Y397.5010
G1 X126.2119 Y397.5391
G1 X126.3102 Y397.5836
G1 X126.4055 Y397.6345
G1 X126.4972 Y397.6916
G1 X126.5849 Y397.7544
G1 X126.6684 Y397.8229
G1 X126.7472 Y397.8968
G1 X126.8210 Y397.9756
G1 X126.8895 Y398.0590
G1 X126.9524 Y398.1468
G1 X127.0094 Y398.2385
G1 X127.0603 Y398.3337
G1 X127.1049 Y398.4320
G1 X127.1429 Y398.5331
G1 X127.1742 Y398.6364
G1 X127.1988 Y398.7416
G1 X127.2163 Y398.8481
G1 X127.2269 Y398.9556
G1 X127.2305 Y399.0635
G1 Y452.4135
G1 X126.7472 Y452.8968
G1 X127.2305 Y452.4135
G1 X131.8805
G1 X131.9884 Y452.4170
G1 X132.0958 Y452.4276
G1 X132.2024 Y452.4452
G1 X132.3075 Y452.4697
G1 X132.4108 Y452.5010
G1 X132.5119 Y452.5391
G1 X132.6102 Y452.5836
G1 X132.7055 Y452.6345
G1 X132.7972 Y452.6916
G1 X132.8849 Y452.7544
G1 X132.9684 Y452.8229
G1 X133.0472 Y452.8968
G1 X133.1210 Y452.9756
G1 X133.1895 Y453.0590
G1 X133.2524 Y453.1468
G1 X133.3094 Y453.2385
G1 X133.3603 Y453.3337
G1 X133.4049 Y453.4320
G1 X133.4429 Y453.5331
G1 X133.4742 Y453.6364
G1 X133.4988 Y453.7416
G1 X133.5163 Y453.8481
G1 X133.5269 Y453.9556
G1 X133.5305 Y454.0635
G1 Y481.6035
G0 Z0.0000 F480
G1 Y486.5535 F600
G0 Z3.5000 F480
G1 Z4.0000 F120
G1 Z8.0000
G1 Y514.0635 F600
G1 X133.5269 Y514.1714
G1 X133.5163 Y514.2788
G1 X133.4988 Y514.3854
G1 X133.4742 Y514.4905
G1 X133.4429 Y514.5939
G1 X133.4049 Y514.6949
G1 X133.3603 Y514.7933
G1 X133.3094 Y514.8885
G1 X133.2524 Y514.9802
G1 X133.1895 Y515.0679
G1 X133.1210 Y515.1514
G1 X133.0472 Y515.2302
G1 X132.9684 Y515.3040
G1 X132.8849 Y515.3725
G1 X132.7972 Y515.4354
G1 X132.7055 Y515.4924
G1 X132.6102 Y515.5433
G1 X132.5119 Y515.5879
G1 X132.4108 Y515.6259
G1 X132.3075 Y515.6573
G1 X132.2024 Y515.6818
G1 X132.0958 Y515.6994
G1 X131.9884 Y515.7099
G1 X131.8805 Y515.7135
G1 X127.2305
G1 X126.7472 Y515.2302
G1 X127.2305 Y515.7135
G1 Y569.0635
G1 X127.2269 Y569.1714
G1 X127.2163 Y569.2788
G1 X127.1988 Y569.3854
G1 X127.1742 Y569.4905
G1 X127.1429 Y569.5939
G1 X127.1049 Y569.6949
G1 X127.0603 Y569.7933
G1 X127.0094 Y569.8885
G1 X126.9524 Y569.9802
G1 X126.8895 Y570.0679
G1 X126.8210 Y570.1514
G1 X126.7472 Y570.2302
G1 X126.6684 Y570.3040
G1 X126.5849 Y570.3725
G1 X126.4972 Y570.4354
G1 X126.4055 Y570.4924
G1 X126.3102 Y570.5433
G1 X126.2119 Y570.5879
G1 X126.1108 Y570.6259
G1 X126.0075 Y570.6573
G1 X125.9024 Y570.6818
G1 X125.7958 Y570.6994
G1 X125.6884 Y570.7099
G1 X125.5805 Y570.7135
G1 X102.2305
G1 X101.7472 Y570.2302
G1 X102.2305 Y570.7135
G1 Y575.3635
G1 X102.2269 Y575.4714
G1 X102.2163 Y575.5788
G1 X102.1988 Y575.6854
G1 X102.1742 Y575.7905
G1 X102.1429 Y575.8939
G1 X102.1049 Y575.9949
G1 X102.0603 Y576.0933
G1 X102.0094 Y576.1885
G1 X101.9524 Y576.2802
G1 X101.8895 Y576.3679
G1 X101.8210 Y576.4514
G1 X101.7472 Y576.5302
G1 X101.6684 Y576.6040
G1 X101.5849 Y576.6725
G1 X101.4972 Y576.7354
G1 X101.4055 Y576.7924
G1 X101.3102 Y576.8433
G1 X101.2119 Y576.8879
G1 X101.1108 Y576.9259
G1 X101.0075 Y576.9573
G1 X100.9024 Y576.9818
G1 X100.7958 Y576.9994
G1 X100.6884 Y577.0099
G1 X100.5805 Y577.0135
G1 X74.8636
G0 Z0.0000 F480
G1 X69.9136 F600
G0 Z3.5000 F480
G1 Z4.0000 F120
G1 Z8.0000
G1 X40.5805 F600
G1 X40.4725 Y577.0099
G1 X40.3651 Y576.9994
G1 X40.2586 Y576.9818
G1 X40.1534 Y576.9573
G1 X40.0501 Y576.9259
G1 X39.9490 Y576.8879
G1 X39.8507 Y576.8433
G1 X39.7555 Y576.7924
G1 X39.6638 Y576.7354
G1 X39.5760 Y576.6725
G1 X39.4925 Y576.6040
G1 X39.4137 Y576.5302
G1 X39.3399 Y576.4514
G1 X39.2714 Y576.3679
G1 X39.2085 Y576.2802
G1 X39.1515 Y576.1885
G1 X39.1006 Y576.0933
G1 X39.0561 Y575.9949
G1 X39.0180 Y575.8939
G1 X38.9867 Y575.7905
G1 X38.9622 Y575.6854
G1 X38.9446 Y575.5788
G1 X38.9340 Y575.4714
G1 X38.9305 Y575.3635
G1 Y570.7135
G1 X39.4137 Y570.2302
G1 X38.9305 Y570.7135
G1 X15.5805
G1 X15.4725 Y570.7099
G1 X15.3651 Y570.6994
G1 X15.2586 Y570.6818
G1 X15.1534 Y570.6573
G1 X15.0501 Y570.6259
G1 X14.9490 Y570.5879
G1 X14.8507 Y570.5433
G1 X14.7555 Y570.4924
G1 X14.6638 Y570.4354
G1 X14.5760 Y570.3725
G1 X14.4925 Y570.3040
G1 X14.4137 Y570.2302
G1 X14.3399 Y570.1514
G1 X14.2714 Y570.0679
G1 X14.2085 Y569.9802
G1 X14.1515 Y569.8885
G1 X14.1006 Y569.7933
G1 X14.0561 Y569.6949
G1 X14.0180 Y569.5939
G1 X13.9867 Y569.4905
G1 X13.9622 Y569.3854
G1 X13.9446 Y569.2788
G1 X13.9340 Y569.1714
G1 X13.9305 Y569.0635
G1 Y515.7135
G1 X14.4137 Y515.2302
G1 X13.9305 Y515.7135
G1 X9.2805
G1 X9.1725 Y515.7099
G1 X9.0651 Y515.6994
G1 X8.9586 Y515.6818
G1 X8.8534 Y515.6573
G1 X8.7501 Y515.6259
G1 X8.6490 Y515.5879
G1 X8.5507 Y515.5433
G1 X8.4555 Y515.4924
G1 X8.3638 Y515.4354
G1 X8.2760 Y515.3725
G1 X8.1925 Y515.3040
G1 X8.1137 Y515.2302
G1 X8.0399 Y515.1514
G1 X7.9714 Y515.0679
G1 X7.9085 Y514.9802
G1 X7.8515 Y514.8885
G1 X7.8006 Y514.7933
G1 X7.7561 Y514.6949
G1 X7.7180 Y514.5939
G1 X7.6867 Y514.4905
G1 X7.6622 Y514.3854
G1 X7.6446 Y514.2788
G1 X7.6340 Y514.1714
G1 X7.6305 Y514.0635
G1 Y486.8391
G0 Z0.0000 F480
G1 Y481.8891 F600
G0 Z-5.0000 F480


(No. 178: Part 2)
G0 X161.8318 Y577.0135 Z-5.0000 F2100
G0 Z-0.5000 F480
G1 Z0.0000 F120
G1 Z4.0000
G1 X141.4306 F600
G1 X141.3227 Y577.0099
G1 X141.2152 Y576.9994
G1 X141.1087 Y576.9818
G1 X141.0035 Y576.9573
G1 X140.9002 Y576.9259
G1 X140.7992 Y576.8879
G1 X140.7008 Y576.8433
G1 X140.6056 Y576.7924
G1 X140.5139 Y576.7354
G1 X140.4261 Y576.6725
G1 X140.3427 Y576.6040
G1 X140.2639 Y576.5302
G1 X140.1901 Y576.4514
G1 X140.1216 Y576.3679
G1 X140.0587 Y576.2802
G1 X140.0016 Y576.1885
G1 X139.9507 Y576.0933
G1 X139.9062 Y575.9949
G1 X139.8682 Y575.8939
G1 X139.8368 Y575.7905
G1 X139.8123 Y575.6854
G1 X139.7947 Y575.5788
G1 X139.7841 Y575.4714
G1 X139.7806 Y575.3635
G1 Y392.7635
G1 X139.7841 Y392.6556
G1 X139.7947 Y392.5481
G1 X139.8123 Y392.4416
G1 X139.8368 Y392.3364
G1 X139.8682 Y392.2331
G1 X139.9062 Y392.1320
G1 X139.9507 Y392.0337
G1 X140.0016 Y391.9385
G1 X140.0587 Y391.8468
G1 X140.1216 Y391.7590
G1 X140.1901 Y391.6756
G1 X140.2639 Y391.5968
G1 X140.3427 Y391.5229
G1 X140.4261 Y391.4544
G1 X140.5139 Y391.3916
G1 X140.6056 Y391.3345
G1 X140.7008 Y391.2836
G1 X140.7992 Y391.2391
G1 X140.9002 Y391.2010
G1 X141.0035 Y391.1697
G1 X141.1087 Y391.1452
G1 X141.2152 Y391.1276
G1 X141.3227 Y391.1170
G1 X141.4306 Y391.1135
G1 X162.1056
G0 Z0.0000 F480
G1 X167.0556 F600
G1 Z4.0000 F120
G1 X187.7306 F600
G1 X187.8385 Y391.1170
G1 X187.9460 Y391.1276
G1 X188.0525 Y391.1452
G1 X188.1576 Y391.1697
G1 X188.2610 Y391.2010
G1 X188.3620 Y391.2391
G1 X188.4604 Y391.2836
G1 X188.5556 Y391.3345
G1 X188.6473 Y391.3916
G1 X188.7350 Y391.4544
G1 X188.8185 Y391.5229
G1 X188.8973 Y391.5968
G1 X188.9711 Y391.6756
G1 X189.0396 Y391.7590
G1 X189.1025 Y391.8468
G1 X189.1595 Y391.9385
G1 X189.2104 Y392.0337
G1 X189.2550 Y392.1320
G1 X189.2930 Y392.2331
G1 X189.3244 Y392.3364
G1 X189.3489 Y392.4416
G1 X189.3665 Y392.5481
G1 X189.3771 Y392.6556
G1 X189.3806 Y392.7635
G1 Y397.4135
G1 X188.8973 Y397.8968
G1 X189.3806 Y397.4135
G1 X246.0806
G1 X246.5639 Y397.8968
G1 X246.0806 Y397.4135
G1 Y392.7635
G1 X246.0841 Y392.6556
G1 X246.0947 Y392.5481
G1 X246.1123 Y392.4416
G1 X246.1368 Y392.3364
G1 X246.1682 Y392.2331
G1 X246.2062 Y392.1320
G1 X246.2507 Y392.0337
G1 X246.3016 Y391.9385
G1 X246.3587 Y391.8468
G1 X246.4216 Y391.7590
G1 X246.4901 Y391.6756
G1 X246.5639 Y391.5968
G1 X246.6427 Y391.5229
G1 X246.7261 Y391.4544
G1 X246.8139 Y391.3916
G1 X246.9056 Y391.3345
G1 X247.0008 Y391.2836
G1 X247.0992 Y391.2391
G1 X247.2002 Y391.2010
G1 X247.3035 Y391.1697
G1 X247.4087 Y391.1452
G1 X247.5152 Y391.1276
G1 X247.6227 Y391.1170
G1 X247.7306 Y391.1135
G1 X268.4056
G0 Z0.0000 F480
G1 X273.3556 F600
G1 Z4.0000 F120
G1 X294.0306 F600
G1 X294.1385 Y391.1170
G1 X294.2460 Y391.1276
G1 X294.3525 Y391.1452
G1 X294.4576 Y391.1697
G1 X294.5610 Y391.2010
G1 X294.6620 Y391.2391
G1 X294.7604 Y391.2836
G1 X294.8556 Y391.3345
G1 X294.9473 Y391.3916
G1 X295.0350 Y391.4544
G1 X295.1185 Y391.5229
G1 X295.1973 Y391.5968
G1 X295.2711 Y391.6756
G1 X295.3396 Y391.7590
G1 X295.4025 Y391.8468
G1 X295.4595 Y391.9385
G1 X295.5104 Y392.0337
G1 X295.5550 Y392.1320
G1 X295.5930 Y392.2331
G1 X295.6244 Y392.3364
G1 X295.6489 Y392.4416
G1 X295.6665 Y392.5481
G1 X295.6771 Y392.6556
G1 X295.6806 Y392.7635
G1 Y454.0635
G1 X295.6771 Y454.1714
G1 X295.6665 Y454.2788
G1 X295.6489 Y454.3854
G1 X295.6244 Y454.4905
G1 X295.5930 Y454.5939
G1 X295.5550 Y454.6949
G1 X295.5104 Y454.7933
G1 X295.4595 Y454.8885
G1 X295.4025 Y454.9802
G1 X295.3396 Y455.0679
G1 X295.2711 Y455.1514
G1 X295.1973 Y455.2302
G1 X295.1185 Y455.3040
G1 X295.0350 Y455.3725
G1 X294.9473 Y455.4354
G1 X294.8556 Y455.4924
G1 X294.7604 Y455.5433
G1 X294.6620 Y455.5879
G1 X294.5610 Y455.6259
G1 X294.4576 Y455.6573
G1 X294.3525 Y455.6818
G1 X294.2460 Y455.6994
G1 X294.1385 Y455.7099
G1 X294.0306 Y455.7135
G1 X289.3806
G1 X288.8973 Y455.2302
G1 X289.3806 Y455.7135
G1 Y512.4135
G1 X288.8973 Y512.8968
G1 X289.3806 Y512.4135
G1 X294.0306
G1 X294.1385 Y512.4170
G1 X294.2460 Y512.4276
G1 X294.3525 Y512.4452
G1 X294.4576 Y512.4697
G1 X294.5610 Y512.5010
G1 X294.6620 Y512.5391
G1 X294.7604 Y512.5836
G1 X294.8556 Y512.6345
G1 X294.9473 Y512.6916
G1 X295.0350 Y512.7544
G1 X295.1185 Y512.8229
G1 X295.1973 Y512.8968
G1 X295.2711 Y512.9756
G1 X295.3396 Y513.0590
G1 X295.4025 Y513.1468
G1 X295.4595 Y513.2385
G1 X295.5104 Y513.3337
G1 X295.5550 Y513.4320
G1 X295.5930 Y513.5331
G1 X295.6244 Y513.6364
G1 X295.6489 Y513.7416
G1 X295.6665 Y513.8481
G1 X295.6771 Y513.9556
G1 X295.6806 Y514.0635
G1 Y575.3635
G1 X295.6771 Y575.4714
G1 X295.6665 Y575.5788
G1 X295.6489 Y575.6854
G1 X295.6244 Y575.7905
G1 X295.5930 Y575.8939
G1 X295.5550 Y575.9949
G1 X295.5104 Y576.0933
G1 X295.4595 Y576.1885
G1 X295.4025 Y576.2802
G1 X295.3396 Y576.3679
G1 X295.2711 Y576.4514
G1 X295.1973 Y576.5302
G1 X295.1185 Y576.6040
G1 X295.0350 Y576.6725
G1 X294.9473 Y576.7354
G1 X294.8556 Y576.7924
G1 X294.7604 Y576.8433
G1 X294.6620 Y576.8879
G1 X294.5610 Y576.9259
G1 X294.4576 Y576.9573
G1 X294.3525 Y576.9818
G1 X294.2460 Y576.9994
G1 X294.1385 Y577.0099
G1 X294.0306 Y577.0135
G1 X272.2263
G0 Z0.0000 F480
G1 X267.2763 F600
G1 Z4.0000 F120
G1 X247.7306 F600
G1 X247.6227 Y577.0099
G1 X247.5152 Y576.9994
G1 X247.4087 Y576.9818
G1 X247.3035 Y576.9573
G1 X247.2002 Y576.9259
G1 X247.0992 Y576.8879
G1 X247.0008 Y576.8433
G1 X246.9056 Y576.7924
G1 X246.8139 Y576.7354
G1 X246.7261 Y576.6725
G1 X246.6427 Y576.6040
G1 X246.5639 Y576.5302
G1 X246.4901 Y576.4514
G1 X246.4216 Y576.3679
G1 X246.3587 Y576.2802
G1 X246.3016 Y576.1885
G1 X246.2507 Y576.0933
G1 X246.2062 Y575.9949
G1 X246.1682 Y575.8939
G1 X246.1368 Y575.7905
G1 X246.1123 Y575.6854
G1 X246.0947 Y575.5788
G1 X246.0841 Y575.4714
G1 X246.0806 Y575.3635
G1 Y570.7135
G1 X246.5639 Y570.2302
G1 X246.0806 Y570.7135
G1 X189.3806
G1 X188.8973 Y570.2302
G1 X189.3806 Y570.7135
G1 Y575.3635
G1 X189.3771 Y575.4714
G1 X189.3665 Y575.5788
G1 X189.3489 Y575.6854
G1 X189.3244 Y575.7905
G1 X189.2930 Y575.8939
G1 X189.2550 Y575.9949
G1 X189.2104 Y576.0933
G1 X189.1595 Y576.1885
G1 X189.1025 Y576.2802
G1 X189.0396 Y576.3679
G1 X188.9711 Y576.4514
G1 X188.8973 Y576.5302
G1 X188.8185 Y576.6040
G1 X188.7350 Y576.6725
G1 X188.6473 Y576.7354
G1 X188.5556 Y576.7924
G1 X188.4604 Y576.8433
G1 X188.3620 Y576.8879
G1 X188.2610 Y576.9259
G1 X188.1576 Y576.9573
G1 X188.0525 Y576.9818
G1 X187.9460 Y576.9994
G1 X187.8385 Y577.0099
G1 X187.7306 Y577.0135
G1 X166.7818
G0 Z0.0000 F480
G1 X161.8318 F600
G0 Z3.5000 F480
G1 Z4.0000 F120
G1 Z8.0000
G1 X141.4306 F600
G1 X141.3227 Y577.0099
G1 X141.2152 Y576.9994
G1 X141.1087 Y576.9818
G1 X141.0035 Y576.9573
G1 X140.9002 Y576.9259
G1 X140.7992 Y576.8879
G1 X140.7008 Y576.8433
G1 X140.6056 Y576.7924
G1 X140.5139 Y576.7354
G1 X140.4261 Y576.6725
G1 X140.3427 Y576.6040
G1 X140.2639 Y576.5302
G1 X140.1901 Y576.4514
G1 X140.1216 Y576.3679
G1 X140.0587 Y576.2802
G1 X140.0016 Y576.1885
G1 X139.9507 Y576.0933
G1 X139.9062 Y575.9949
G1 X139.8682 Y575.8939
G1 X139.8368 Y575.7905
G1 X139.8123 Y575.6854
G1 X139.7947 Y575.5788
G1 X139.7841 Y575.4714
G1 X139.7806 Y575.3635
G1 Y392.7635
G1 X139.7841 Y392.6556
G1 X139.7947 Y392.5481
G1 X139.8123 Y392.4416
G1 X139.8368 Y392.3364
G1 X139.8682 Y392.2331
G1 X139.9062 Y392.1320
G1 X139.9507 Y392.0337
G1 X140.0016 Y391.9385
G1 X140.0587 Y391.8468
G1 X140.1216 Y391.7590
G1 X140.1901 Y391.6756
G1 X140.2639 Y391.5968
G1 X140.3427 Y391.5229
G1 X140.4261 Y391.4544
G1 X140.5139 Y391.3916
G1 X140.6056 Y391.3345
G1 X140.7008 Y391.2836
G1 X140.7992 Y391.2391
G1 X140.9002 Y391.2010
G1 X141.0035 Y391.1697
G1 X141.1087 Y391.1452
G1 X141.2152 Y391.1276
G1 X141.3227 Y391.1170
G1 X141.4306 Y391.1135
G1 X162.1056
G0 Z0.0000 F480
G1 X167.0556 F600
G0 Z3.5000 F480
G1 Z4.0000 F120
G1 Z8.0000
G1 X187.7306 F600
G1 X187.8385 Y391.1170
G1 X187.9460 Y391.1276
G1 X188.0525 Y391.1452
G1 X188.1576 Y391.1697
G1 X188.2610 Y391.2010
G1 X188.3620 Y391.2391
G1 X188.4604 Y391.2836
G1 X188.5556 Y391.3345
G1 X188.6473 Y391.3916
G1 X188.7350 Y391.4544
G1 X188.8185 Y391.5229
G1 X188.8973 Y391.5968
G1 X188.9711 Y391.6756
G1 X189.0396 Y391.7590
G1 X189.1025 Y391.8468
G1 X189.1595 Y391.9385
G1 X189.2104 Y392.0337
G1 X189.2550 Y392.1320
G1 X189.2930 Y392.2331
G1 X189.3244 Y392.3364
G1 X189.3489 Y392.4416
G1 X189.3665 Y392.5481
G1 X189.3771 Y392.6556
G1 X189.3806 Y392.7635
G1 Y397.4135
G1 X188.8973 Y397.8968
G1 X189.3806 Y397.4135
G1 X246.0806
G1 X246.5639 Y397.8968
G1 X246.0806 Y397.4135
G1 Y392.7635
G1 X246.0841 Y392.6556
G1 X246.0947 Y392.5481
G1 X246.1123 Y392.4416
G1 X246.1368 Y392.3364
G1 X246.1682 Y392.2331
G1 X246.2062 Y392.1320
G1 X246.2507 Y392.0337
G1 X246.3016 Y391.9385
G1 X246.3587 Y391.8468
G1 X246.4216 Y391.7590
G1 X246.4901 Y391.6756
G1 X246.5639 Y391.5968
G1 X246.6427 Y391.5229
G1 X246.7261 Y391.4544
G1 X246.8139 Y391.3916
G1 X246.9056 Y391.3345
G1 X247.0008 Y391.2836
G1 X247.0992 Y391.2391
G1 X247.2002 Y391.2010
G1 X247.3035 Y391.1697
G1 X247.4087 Y391.1452
G1 X247.5152 Y391.1276
G1 X247.6227 Y391.1170
G1 X247.7306 Y391.1135
G1 X268.4056
G0 Z0.0000 F480
G1 X273.3556 F600
G0 Z3.5000 F480
G1 Z4.0000 F120
G1 Z8.0000
G1 X294.0306 F600
G1 X294.1385 Y391.1170
G1 X294.2460 Y391.1276
G1 X294.3525 Y391.1452
G1 X294.4576 Y391.1697
G1 X294.5610 Y391.2010
G1 X294.6620 Y391.2391
G1 X294.7604 Y391.2836
G1 X294.8556 Y391.3345
G1 X294.9473 Y391.3916
G1 X295.0350 Y391.4544
G1 X295.1185 Y391.5229
G1 X295.1973 Y391.5968
G1 X295.2711 Y391.6756
G1 X295.3396 Y391.7590
G1 X295.4025 Y391.8468
G1 X295.4595 Y391.9385
G1 X295.5104 Y392.0337
G1 X295.5550 Y392.1320
G1 X295.5930 Y392.2331
G1 X295.6244 Y392.3364
G1 X295.6489 Y392.4416
G1 X295.6665 Y392.5481
G1 X295.6771 Y392.6556
G1 X295.6806 Y392.7635
G1 Y454.0635
G1 X295.6771 Y454.1714
G1 X295.6665 Y454.2788
G1 X295.6489 Y454.3854
G1 X295.6244 Y454.4905
G1 X295.5930 Y454.5939
G1 X295.5550 Y454.6949
G1 X295.5104 Y454.7933
G1 X295.4595 Y454.8885
G1 X295.4025 Y454.9802
G1 X295.3396 Y455.0679
G1 X295.2711 Y455.1514
G1 X295.1973 Y455.2302
G1 X295.1185 Y455.3040
G1 X295.0350 Y455.3725
G1 X294.9473 Y455.4354
G1 X294.8556 Y455.4924
G1 X294.7604 Y455.5433
G1 X294.6620 Y455.5879
G1 X294.5610 Y455.6259
G1 X294.4576 Y455.6573
G1 X294.3525 Y455.6818
G1 X294.2460 Y455.6994
G1 X294.1385 Y455.7099
G1 X294.0306 Y455.7135
G1 X289.3806
G1 X288.8973 Y455.2302
G1 X289.3806 Y455.7135
G1 Y512.4135
G1 X288.8973 Y512.8968
G1 X289.3806 Y512.4135
G1 X294.0306
G1 X294.1385 Y512.4170
G1 X294.2460 Y512.4276
G1 X294.3525 Y512.4452
G1 X294.4576 Y512.4697
G1 X294.5610 Y512.5010
G1 X294.6620 Y512.5391
G1 X294.7604 Y512.5836
G1 X294.8556 Y512.6345
G1 X294.9473 Y512.6916
G1 X295.0350 Y512.7544
G1 X295.1185 Y512.8229
G1 X295.1973 Y512.8968
G1 X295.2711 Y512.9756
G1 X295.3396 Y513.0590
G1 X295.4025 Y513.1468
G1 X295.4595 Y513.2385
G1 X295.5104 Y513.3337
G1 X295.5550 Y513.4320
G1 X295.5930 Y513.5331
G1 X295.6244 Y513.6364
G1 X295.6489 Y513.7416
G1 X295.6665 Y513.8481
G1 X295.6771 Y513.9556
G1 X295.6806 Y514.0635
G1 Y575.3635
G1 X295.6771 Y575.4714
G1 X295.6665 Y575.5788
G1 X295.6489 Y575.6854
G1 X295.6244 Y575.7905
G1 X295.5930 Y575.8939
G1 X295.5550 Y575.9949
G1 X295.5104 Y576.0933
G1 X295.4595 Y576.1885
G1 X295.4025 Y576.2802
G1 X295.3396 Y576.3679
G1 X295.2711 Y576.4514
G1 X295.1973 Y576.5302
G1 X295.1185 Y576.6040
G1 X295.0350 Y576.6725
G1 X294.9473 Y576.7354
G1 X294.8556 Y576.7924
G1 X294.7604 Y576.8433
G1 X294.6620 Y576.8879
G1 X294.5610 Y576.9259
G1 X294.4576 Y576.9573
G1 X294.3525 Y576.9818
G1 X294.2460 Y576.9994
G1 X294.1385 Y577.0099
G1 X294.0306 Y577.0135
G1 X272.2263
G0 Z0.0000 F480
G1 X267.2763 F600
G0 Z3.5000 F480
G1 Z4.0000 F120
G1 Z8.0000
G1 X247.7306 F600
G1 X247.6227 Y577.0099
G1 X247.5152 Y576.9994
G1 X247.4087 Y576.9818
G1 X247.3035 Y576.9573
G1 X247.2002 Y576.9259
G1 X247.0992 Y576.8879
G1 X247.0008 Y576.8433
G1 X246.9056 Y576.7924
G1 X246.8139 Y576.7354
G1 X246.7261 Y576.6725
G1 X246.6427 Y576.6040
G1 X246.5639 Y576.5302
G1 X246.4901 Y576.4514
G1 X246.4216 Y576.3679
G1 X246.3587 Y576.2802
G1 X246.3016 Y576.1885
G1 X246.2507 Y576.0933
G1 X246.2062 Y575.9949
G1 X246.1682 Y575.8939
G1 X246.1368 Y575.7905
G1 X246.1123 Y575.6854
G1 X246.0947 Y575.5788
G1 X246.0841 Y575.4714
G1 X246.0806 Y575.3635
G1 Y570.7135
G1 X246.5639 Y570.2302
G1 X246.0806 Y570.7135
G1 X189.3806
G1 X188.8973 Y570.2302
G1 X189.3806 Y570.7135
G1 Y575.3635
G1 X189.3771 Y575.4714
G1 X189.3665 Y575.5788
G1 X189.3489 Y575.6854
G1 X189.3244 Y575.7905
G1 X189.2930 Y575.8939
G1 X189.2550 Y575.9949
G1 X189.2104 Y576.0933
G1 X189.1595 Y576.1885
G1 X189.1025 Y576.2802
G1 X189.0396 Y576.3679
G1 X188.9711 Y576.4514
G1 X188.8973 Y576.5302
G1 X188.8185 Y576.6040
G1 X188.7350 Y576.6725
G1 X188.6473 Y576.7354
G1 X188.5556 Y576.7924
G1 X188.4604 Y576.8433
G1 X188.3620 Y576.8879
G1 X188.2610 Y576.9259
G1 X188.1576 Y576.9573
G1 X188.0525 Y576.9818
G1 X187.9460 Y576.9994
G1 X187.8385 Y577.0099
G1 X187.7306 Y577.0135
G1 X166.7818
G0 Z0.0000 F480
G1 X161.8318 F600
G0 Z-5.0000 F480


(No. 179: Part 2)
G0 X324.5296 Y577.0135 Z-5.0000 F2100
G0 Z-0.5000 F480
G1 Z0.0000 F120
G1 Z4.0000
G1 X304.1284 F600
G1 X304.0205 Y577.0099
G1 X303.9130 Y576.9994
G1 X303.8065 Y576.9818
G1 X303.7014 Y576.9573
G1 X303.5980 Y576.9259
G1 X303.4970 Y576.8879
G1 X303.3986 Y576.8433
G1 X303.3034 Y576.7924
G1 X303.2117 Y576.7354
G1 X303.1240 Y576.6725
G1 X303.0405 Y576.6040
G1 X302.9617 Y576.5302
G1 X302.8879 Y576.4514
G1 X302.8194 Y576.3679
G1 X302.7565 Y576.2802
G1 X302.6995 Y576.1885
G1 X302.6486 Y576.0933
G1 X302.6040 Y575.9949
G1 X302.5660 Y575.8939
G1 X302.5346 Y575.7905
G1 X302.5101 Y575.6854
G1 X302.4925 Y575.5788
G1 X302.4819 Y575.4714
G1 X302.4784 Y575.3635
G1 Y392.7635
G1 X302.4819 Y392.6556
G1 X302.4925 Y392.5481
G1 X302.5101 Y392.4416
G1 X302.5346 Y392.3364
G1 X302.5660 Y392.2331
G1 X302.6040 Y392.1320
G1 X302.6486 Y392.0337
G1 X302.6995 Y391.9385
G1 X302.7565 Y391.8468
G1 X302.8194 Y391.7590
G1 X302.8879 Y391.6756
G1 X302.9617 Y391.5968
G1 X303.0405 Y391.5229
G1 X303.1240 Y391.4544
G1 X303.2117 Y391.3916
G1 X303.3034 Y391.3345
G1 X303.3986 Y391.2836
G1 X303.4970 Y391.2391
G1 X303.5980 Y391.2010
G1 X303.7014 Y391.1697
G1 X303.8065 Y391.1452
G1 X303.9130 Y391.1276
G1 X304.0205 Y391.1170
G1 X304.1284 Y391.1135
G1 X324.8034
G0 Z0.0000 F480
G1 X329.7534 F600
G1 Z4.0000 F120
G1 X350.4284 F600
G1 X350.5363 Y391.1170
G1 X350.6438 Y391.1276
G1 X350.7503 Y391.1452
G1 X350.8555 Y391.1697
G1 X350.9588 Y391.2010
G1 X351.0598 Y391.2391
G1 X351.1582 Y391.2836
G1 X351.2534 Y391.3345
G1 X351.3451 Y391.3916
G1 X351.4329 Y391.4544
G1 X351.5163 Y391.5229
G1 X351.5951 Y391.5968
G1 X351.6689 Y391.6756
G1 X351.7374 Y391.7590
G1 X351.8003 Y391.8468
G1 X351.8574 Y391.9385
G1 X351.9083 Y392.0337
G1 X351.9528 Y392.1320
G1 X351.9908 Y392.2331
G1 X352.0222 Y392.3364
G1 X352.0467 Y392.4416
G1 X352.0643 Y392.5481
G1 X352.0749 Y392.6556
G1 X352.0784 Y392.7635
G1 Y397.4135
G1 X351.5951 Y397.8968
G1 X352.0784 Y397.4135
G1 X408.7784
G1 X409.2617 Y397.8968
G1 X408.7784 Y397.4135
G1 Y392.7635
G1 X408.7819 Y392.6556
G1 X408.7925 Y392.5481
G1 X408.8101 Y392.4416
G1 X408.8346 Y392.3364
G1 X408.8660 Y392.2331
G1 X408.9040 Y392.1320
G1 X408.9486 Y392.0337
G1 X408.9995 Y391.9385
G1 X409.0565 Y391.8468
G1 X409.1194 Y391.7590
G1 X409.1879 Y391.6756
G1 X409.2617 Y391.5968
G1 X409.3405 Y391.5229
G1 X409.4240 Y391.4544
G1 X409.5117 Y391.3916
G1 X409.6034 Y391.3345
G1 X409.6986 Y391.2836
G1 X409.7970 Y391.2391
G1 X409.8980 Y391.2010
G1 X410.0014 Y391.1697
G1 X410.1065 Y391.1452
G1 X410.2130 Y391.1276
G1 X410.3205 Y391.1170
G1 X410.4284 Y391.1135
G1 X431.1034
G0 Z0.0000 F480
G1 X436.0534 F600
G1 Z4.0000 F120
G1 X456.7284 F600
G1 X456.8363 Y391.1170
G1 X456.9438 Y391.1276
G1 X457.0503 Y391.1452
G1 X457.1555 Y391.1697
G1 X457.2588 Y391.2010
G1 X457.3598 Y391.2391
G1 X457.4582 Y391.2836
G1 X457.5534 Y391.3345
G1 X457.6451 Y391.3916
G1 X457.7329 Y391.4544
G1 X457.8163 Y391.5229
G1 X457.8951 Y391.5968
G1 X457.9689 Y391.6756
G1 X458.0374 Y391.7590
G1 X458.1003 Y391.8468
G1 X458.1574 Y391.9385
G1 X458.2083 Y392.0337
G1 X458.2528 Y392.1320
G1 X458.2908 Y392.2331
G1 X458.3222 Y392.3364
G1 X458.3467 Y392.4416
G1 X458.3643 Y392.5481
G1 X458.3749 Y392.6556
G1 X458.3784 Y392.7635
G1 Y454.0635
G1 X458.3749 Y454.1714
G1 X458.3643 Y454.2788
G1 X458.3467 Y454.3854
G1 X458.3222 Y454.4905
G1 X458.2908 Y454.5939
G1 X458.2528 Y454.6949
G1 X458.2083 Y454.7933
G1 X458.1574 Y454.8885
G1 X458.1003 Y454.9802
G1 X458.0374 Y455.0679
G1 X457.9689 Y455.1514
G1 X457.8951 Y455.2302
G1 X457.8163 Y455.3040
G1 X457.7329 Y455.3725
G1 X457.6451 Y455.4354
G1 X457.5534 Y455.4924
G1 X457.4582 Y455.5433
G1 X457.3598 Y455.5879
G1 X457.2588 Y455.6259
G1 X457.1555 Y455.6573
G1 X457.0503 Y455.6818
G1 X456.9438 Y455.6994
G1 X456.8363 Y455.7099
G1 X456.7284 Y455.7135
G1 X452.0784
G1 X451.5951 Y455.2302
G1 X452.0784 Y455.7135
G1 Y512.4135
G1 X451.5951 Y512.8968
G1 X452.0784 Y512.4135
G1 X456.7284
G1 X456.8363 Y512.4170
G1 X456.9438 Y512.4276
G1 X457.0503 Y512.4452
G1 X457.1555 Y512.4697
G1 X457.2588 Y512.5010
G1 X457.3598 Y512.5391
G1 X457.4582 Y512.5836
G1 X457.5534 Y512.6345
G1 X457.6451 Y512.6916
G1 X457.7329 Y512.7544
G1 X457.8163 Y512.8229
G1 X457.8951 Y512.8968
G1 X457.9689 Y512.9756
G1 X458.0374 Y513.0590
G1 X458.1003 Y513.1468
G1 X458.1574 Y513.2385
G1 X458.2083 Y513.3337
G1 X458.2528 Y513.4320
G1 X458.2908 Y513.5331
G1 X458.3222 Y513.6364
G1 X458.3467 Y513.7416
G1 X458.3643 Y513.8481
G1 X458.3749 Y513.9556
G1 X458.3784 Y514.0635
G1 Y575.3635
G1 X458.3749 Y575.4714
G1 X458.3643 Y575.5788
G1 X458.3467 Y575.6854
G1 X458.3222 Y575.7905
G1 X458.2908 Y575.8939
G1 X458.2528 Y575.9949
G1 X458.2083 Y576.0933
G1 X458.1574 Y576.1885
G1 X458.1003 Y576.2802
G1 X458.0374 Y576.3679
G1 X457.9689 Y576.4514
G1 X457.8951 Y576.5302
G1 X457.8163 Y576.6040
G1 X457.7329 Y576.6725
G1 X457.6451 Y576.7354
G1 X457.5534 Y576.7924
G1 X457.4582 Y576.8433
G1 X457.3598 Y576.8879
G1 X457.2588 Y576.9259
G1 X457.1555 Y576.9573
G1 X457.0503 Y576.9818
G1 X456.9438 Y576.9994
G1 X456.8363 Y577.0099
G1 X456.7284 Y577.0135
G1 X434.9241
G0 Z0.0000 F480
G1 X429.9741 F600
G1 Z4.0000 F120
G1 X410.4284 F600
G1 X410.3205 Y577.0099
G1 X410.2130 Y576.9994
G1 X410.1065 Y576.9818
G1 X410.0014 Y576.9573
G1 X409.8980 Y576.9259
G1 X409.7970 Y576.8879
G1 X409.6986 Y576.8433
G1 X409.6034 Y576.7924
G1 X409.5117 Y576.7354
G1 X409.4240 Y576.6725
G1 X409.3405 Y576.6040
G1 X409.2617 Y576.5302
G1 X409.1879 Y576.4514
G1 X409.1194 Y576.3679
G1 X409.0565 Y576.2802
G1 X408.9995 Y576.1885
G1 X408.9486 Y576.0933
G1 X408.9040 Y575.9949
G1 X408.8660 Y575.8939
G1 X408.8346 Y575.7905
G1 X408.8101 Y575.6854
G1 X408.7925 Y575.5788
G1 X408.7819 Y575.4714
G1 X408.7784 Y575.3635
G1 Y570.7135
G1 X409.2617 Y570.2302
G1 X408.7784 Y570.7135
G1 X352.0784
G1 X351.5951 Y570.2302
G1 X352.0784 Y570.7135
G1 Y575.3635
G1 X352.0749 Y575.4714
G1 X352.0643 Y575.5788
G1 X352.0467 Y575.6854
G1 X352.0222 Y575.7905
G1 X351.9908 Y575.8939
G1 X351.9528 Y575.9949
G1 X351.9083 Y576.0933
G1 X351.8574 Y576.1885
G1 X351.8003 Y576.2802
G1 X351.7374 Y576.3679
G1 X351.6689 Y576.4514
G1 X351.5951 Y576.5302
G1 X351.5163 Y576.6040
G1 X351.4329 Y576.6725
G1 X351.3451 Y576.7354
G1 X351.2534 Y576.7924
G1 X351.1582 Y576.8433
G1 X351.0598 Y576.8879
G1 X350.9588 Y576.9259
G1 X350.8555 Y576.9573
G1 X350.7503 Y576.9818
G1 X350.6438 Y576.9994
G1 X350.5363 Y577.0099
G1 X350.4284 Y577.0135
G1 X329.4796
G0 Z0.0000 F480
G1 X324.5296 F600
G0 Z3.5000 F480
G1 Z4.0000 F120
G1 Z8.0000
G1 X304.1284 F600
G1 X304.0205 Y577.0099
G1 X303.9130 Y576.9994
G1 X303.8065 Y576.9818
G1 X303.7014 Y576.9573
G1 X303.5980 Y576.9259
G1 X303.4970 Y576.8879
G1 X303.3986 Y576.8433
G1 X303.3034 Y576.7924
G1 X303.2117 Y576.7354
G1 X303.1240 Y576.6725
G1 X303.0405 Y576.6040
G1 X302.9617 Y576.5302
G1 X302.8879 Y576.4514
G1 X302.8194 Y576.3679
G1 X302.7565 Y576.2802
G1 X302.6995 Y576.1885
G1 X302.6486 Y576.0933
G1 X302.6040 Y575.9949
G1 X302.5660 Y575.8939
G1 X302.5346 Y575.7905
G1 X302.5101 Y575.6854
G1 X302.4925 Y575.5788
G1 X302.4819 Y575.4714
G1 X302.4784 Y575.3635
G1 Y392.7635
G1 X302.4819 Y392.6556
G1 X302.4925 Y392.5481
G1 X302.5101 Y392.4416
G1 X302.5346 Y392.3364
G1 X302.5660 Y392.2331
G1 X302.6040 Y392.1320
G1 X302.6486 Y392.0337
G1 X302.6995 Y391.9385
G1 X302.7565 Y391.8468
G1 X302.8194 Y391.7590
G1 X302.8879 Y391.6756
G1 X302.9617 Y391.5968
G1 X303.0405 Y391.5229
G1 X303.1240 Y391.4544
G1 X303.2117 Y391.3916
G1 X303.3034 Y391.3345
G1 X303.3986 Y391.2836
G1 X303.4970 Y391.2391
G1 X303.5980 Y391.2010
G1 X303.7014 Y391.1697
G1 X303.8065 Y391.1452
G1 X303.9130 Y391.1276
G1 X304.0205 Y391.1170
G1 X304.1284 Y391.1135
G1 X324.8034
G0 Z0.0000 F480
G1 X329.7534 F600
G0 Z3.5000 F480
G1 Z4.0000 F120
G1 Z8.0000
G1 X350.4284 F600
G1 X350.5363 Y391.1170
G1 X350.6438 Y391.1276
G1 X350.7503 Y391.1452
G1 X350.8555 Y391.1697
G1 X350.9588 Y391.2010
G1 X351.0598 Y391.2391
G1 X351.1582 Y391.2836
G1 X351.2534 Y391.3345
G1 X351.3451 Y391.3916
G1 X351.4329 Y391.4544
G1 X351.5163 Y391.5229
G1 X351.5951 Y391.5968
G1 X351.6689 Y391.6756
G1 X351.7374 Y391.7590
G1 X351.8003 Y391.8468
G1 X351.8574 Y391.9385
G1 X351.9083 Y392.0337
G1 X351.9528 Y392.1320
G1 X351.9908 Y392.2331
G1 X352.0222 Y392.3364
G1 X352.0467 Y392.4416
G1 X352.0643 Y392.5481
G1 X352.0749 Y392.6556
G1 X352.0784 Y392.7635
G1 Y397.4135
G1 X351.5951 Y397.8968
G1 X352.0784 Y397.4135
G1 X408.7784
G1 X409.2617 Y397.8968
G1 X408.7784 Y397.4135
G1 Y392.7635
G1 X408.7819 Y392.6556
G1 X408.7925 Y392.5481
G1 X408.8101 Y392.4416
G1 X408.8346 Y392.3364
G1 X408.8660 Y392.2331
G1 X408.9040 Y392.1320
G1 X408.9486 Y392.0337
G1 X408.9995 Y391.9385
G1 X409.0565 Y391.8468
G1 X409.1194 Y391.7590
G1 X409.1879 Y391.6756
G1 X409.2617 Y391.5968
G1 X409.3405 Y391.5229
G1 X409.4240 Y391.4544
G1 X409.5117 Y391.3916
G1 X409.6034 Y391.3345
G1 X409.6986 Y391.2836
G1 X409.7970 Y391.2391
G1 X409.8980 Y391.2010
G1 X410.0014 Y391.1697
G1 X410.1065 Y391.1452
G1 X410.2130 Y391.1276
G1 X410.3205 Y391.1170
G1 X410.4284 Y391.1135
G1 X431.1034
G0 Z0.0000 F480
G1 X436.0534 F600
G0 Z3.5000 F480
G1 Z4.0000 F120
G1 Z8.0000
G1 X456.7284 F600
G1 X456.8363 Y391.1170
G1 X456.9438 Y391.1276
G1 X457.0503 Y391.1452
G1 X457.1555 Y391.1697
G1 X457.2588 Y391.2010
G1 X457.3598 Y391.2391
G1 X457.4582 Y391.2836
G1 X457.5534 Y391.3345
G1 X457.6451 Y391.3916
G1 X457.7329 Y391.4544
G1 X457.8163 Y391.5229
G1 X457.8951 Y391.5968
G1 X457.9689 Y391.6756
G1 X458.0374 Y391.7590
G1 X458.1003 Y391.8468
G1 X458.1574 Y391.9385
G1 X458.2083 Y392.0337
G1 X458.2528 Y392.1320
G1 X458.2908 Y392.2331
G1 X458.3222 Y392.3364
G1 X458.3467 Y392.4416
G1 X458.3643 Y392.5481
G1 X458.3749 Y392.6556
G1 X458.3784 Y392.7635
G1 Y454.0635
G1 X458.3749 Y454.1714
G1 X458.3643 Y454.2788
G1 X458.3467 Y454.3854
G1 X458.3222 Y454.4905
G1 X458.2908 Y454.5939
G1 X458.2528 Y454.6949
G1 X458.2083 Y454.7933
G1 X458.1574 Y454.8885
G1 X458.1003 Y454.9802
G1 X458.0374 Y455.0679
G1 X457.9689 Y455.1514
G1 X457.8951 Y455.2302
G1 X457.8163 Y455.3040
G1 X457.7329 Y455.3725
G1 X457.6451 Y455.4354
G1 X457.5534 Y455.4924
G1 X457.4582 Y455.5433
G1 X457.3598 Y455.5879
G1 X457.2588 Y455.6259
G1 X457.1555 Y455.6573
G1 X457.0503 Y455.6818
G1 X456.9438 Y455.6994
G1 X456.8363 Y455.7099
G1 X456.7284 Y455.7135
G1 X452.0784
G1 X451.5951 Y455.2302
G1 X452.0784 Y455.7135
G1 Y512.4135
G1 X451.5951 Y512.8968
G1 X452.0784 Y512.4135
G1 X456.7284
G1 X456.8363 Y512.4170
G1 X456.9438 Y512.4276
G1 X457.0503 Y512.4452
G1 X457.1555 Y512.4697
G1 X457.2588 Y512.5010
G1 X457.3598 Y512.5391
G1 X457.4582 Y512.5836
G1 X457.5534 Y512.6345
G1 X457.6451 Y512.6916
G1 X457.7329 Y512.7544
G1 X457.8163 Y512.8229
G1 X457.8951 Y512.8968
G1 X457.9689 Y512.9756
G1 X458.0374 Y513.0590
G1 X458.1003 Y513.1468
G1 X458.1574 Y513.2385
G1 X458.2083 Y513.3337
G1 X458.2528 Y513.4320
G1 X458.2908 Y513.5331
G1 X458.3222 Y513.6364
G1 X458.3467 Y513.7416
G1 X458.3643 Y513.8481
G1 X458.3749 Y513.9556
G1 X458.3784 Y514.0635
G1 Y575.3635
G1 X458.3749 Y575.4714
G1 X458.3643 Y575.5788
G1 X458.3467 Y575.6854
G1 X458.3222 Y575.7905
G1 X458.2908 Y575.8939
G1 X458.2528 Y575.9949
G1 X458.2083 Y576.0933
G1 X458.1574 Y576.1885
G1 X458.1003 Y576.2802
G1 X458.0374 Y576.3679
G1 X457.9689 Y576.4514
G1 X457.8951 Y576.5302
G1 X457.8163 Y576.6040
G1 X457.7329 Y576.6725
G1 X457.6451 Y576.7354
G1 X457.5534 Y576.7924
G1 X457.4582 Y576.8433
G1 X457.3598 Y576.8879
G1 X457.2588 Y576.9259
G1 X457.1555 Y576.9573
G1 X457.0503 Y576.9818
G1 X456.9438 Y576.9994
G1 X456.8363 Y577.0099
G1 X456.7284 Y577.0135
G1 X434.9241
G0 Z0.0000 F480
G1 X429.9741 F600
G0 Z3.5000 F480
G1 Z4.0000 F120
G1 Z8.0000
G1 X410.4284 F600
G1 X410.3205 Y577.0099
G1 X410.2130 Y576.9994
G1 X410.1065 Y576.9818
G1 X410.0014 Y576.9573
G1 X409.8980 Y576.9259
G1 X409.7970 Y576.8879
G1 X409.6986 Y576.8433
G1 X409.6034 Y576.7924
G1 X409.5117 Y576.7354
G1 X409.4240 Y576.6725
G1 X409.3405 Y576.6040
G1 X409.2617 Y576.5302
G1 X409.1879 Y576.4514
G1 X409.1194 Y576.3679
G1 X409.0565 Y576.2802
G1 X408.9995 Y576.1885
G1 X408.9486 Y576.0933
G1 X408.9040 Y575.9949
G1 X408.8660 Y575.8939
G1 X408.8346 Y575.7905
G1 X408.8101 Y575.6854
G1 X408.7925 Y575.5788
G1 X408.7819 Y575.4714
G1 X408.7784 Y575.3635
G1 Y570.7135
G1 X409.2617 Y570.2302
G1 X408.7784 Y570.7135
G1 X352.0784
G1 X351.5951 Y570.2302
G1 X352.0784 Y570.7135
G1 Y575.3635
G1 X352.0749 Y575.4714
G1 X352.0643 Y575.5788
G1 X352.0467 Y575.6854
G1 X352.0222 Y575.7905
G1 X351.9908 Y575.8939
G1 X351.9528 Y575.9949
G1 X351.9083 Y576.0933
G1 X351.8574 Y576.1885
G1 X351.8003 Y576.2802
G1 X351.7374 Y576.3679
G1 X351.6689 Y576.4514
G1 X351.5951 Y576.5302
G1 X351.5163 Y576.6040
G1 X351.4329 Y576.6725
G1 X351.3451 Y576.7354
G1 X351.2534 Y576.7924
G1 X351.1582 Y576.8433
G1 X351.0598 Y576.8879
G1 X350.9588 Y576.9259
G1 X350.8555 Y576.9573
G1 X350.7503 Y576.9818
G1 X350.6438 Y576.9994
G1 X350.5363 Y577.0099
G1 X350.4284 Y577.0135
G1 X329.4796
G0 Z0.0000 F480
G1 X324.5296 F600
G0 Z-5.0000 F480


(No. 180: Part 1)
G0 X462.4784 Y481.8891 Z-5.0000 F2100
G0 Z-0.5000 F480
G1 Z0.0000 F120
G1 Z4.0000
G1 Y454.0635 F600
G1 X462.4819 Y453.9556
G1 X462.4925 Y453.8481
G1 X462.5101 Y453.7416
G1 X462.5346 Y453.6364
G1 X462.5660 Y453.5331
G1 X462.6040 Y453.4320
G1 X462.6486 Y453.3337
G1 X462.6995 Y453.2385
G1 X462.7565 Y453.1468
G1 X462.8194 Y453.0590
G1 X462.8879 Y452.9756
G1 X462.9617 Y452.8968
G1 X463.0405 Y452.8229
G1 X463.1240 Y452.7544
G1 X463.2117 Y452.6916
G1 X463.3034 Y452.6345
G1 X463.3986 Y452.5836
G1 X463.4970 Y452.5391
G1 X463.5980 Y452.5010
G1 X463.7014 Y452.4697
G1 X463.8065 Y452.4452
G1 X463.9130 Y452.4276
G1 X464.0205 Y452.4170
G1 X464.1284 Y452.4135
G1 X468.7784
G1 X469.2617 Y452.8968
G1 X468.7784 Y452.4135
G1 Y399.0635
G1 X468.7819 Y398.9556
G1 X468.7925 Y398.8481
G1 X468.8101 Y398.7416
G1 X468.8346 Y398.6364
G1 X468.8660 Y398.5331
G1 X468.9040 Y398.4320
G1 X468.9486 Y398.3337
G1 X468.9995 Y398.2385
G1 X469.0565 Y398.1468
G1 X469.1194 Y398.0590
G1 X469.1879 Y397.9756
G1 X469.2617 Y397.8968
G1 X469.3405 Y397.8229
G1 X469.4240 Y397.7544
G1 X469.5117 Y397.6916
G1 X469.6034 Y397.6345
G1 X469.6986 Y397.5836
G1 X469.7970 Y397.5391
G1 X469.8980 Y397.5010
G1 X470.0014 Y397.4697
G1 X470.1065 Y397.4452
G1 X470.2130 Y397.4276
G1 X470.3205 Y397.4170
G1 X470.4284 Y397.4135
G1 X493.7784
G1 X494.2617 Y397.8968
G1 X493.7784 Y397.4135
G1 Y392.7635
G1 X493.7819 Y392.6556
G1 X493.7925 Y392.5481
G1 X493.8101 Y392.4416
G1 X493.8346 Y392.3364
G1 X493.8660 Y392.2331
G1 X493.9040 Y392.1320
G1 X493.9486 Y392.0337
G1 X493.9995 Y391.9385
G1 X494.0565 Y391.8468
G1 X494.1194 Y391.7590
G1 X494.1879 Y391.6756
G1 X494.2617 Y391.5968
G1 X494.3405 Y391.5229
G1 X494.4240 Y391.4544
G1 X494.5117 Y391.3916
G1 X494.6034 Y391.3345
G1 X494.6986 Y391.2836
G1 X494.7970 Y391.2391
G1 X494.8980 Y391.2010
G1 X495.0014 Y391.1697
G1 X495.1065 Y391.1452
G1 X495.2130 Y391.1276
G1 X495.3205 Y391.1170
G1 X495.4284 Y391.1135
G1 X522.9534
G0 Z0.0000 F480
G1 X527.9034 F600
G1 Z4.0000 F120
G1 X555.4284 F600
G1 X555.5363 Y391.1170
G1 X555.6438 Y391.1276
G1 X555.7503 Y391.1452
G1 X555.8555 Y391.1697
G1 X555.9588 Y391.2010
G1 X556.0598 Y391.2391
G1 X556.1582 Y391.2836
G1 X556.2534 Y391.3345
G1 X556.3451 Y391.3916
G1 X556.4329 Y391.4544
G1 X556.5163 Y391.5229
G1 X556.5951 Y391.5968
G1 X556.6689 Y391.6756
G1 X556.7374 Y391.7590
G1 X556.8003 Y391.8468
G1 X556.8574 Y391.9385
G1 X556.9083 Y392.0337
G1 X556.9528 Y392.1320
G1 X556.9908 Y392.2331
G1 X557.0222 Y392.3364
G1 X557.0467 Y392.4416
G1 X557.0643 Y392.5481
G1 X557.0749 Y392.6556
G1 X557.0784 Y392.7635
G1 Y397.4135
G1 X556.5951 Y397.8968
G1 X557.0784 Y397.4135
G1 X580.4284
G1 X580.5363 Y397.4170
G1 X580.6438 Y397.4276
G1 X580.7503 Y397.4452
G1 X580.8555 Y397.4697
G1 X580.9588 Y397.5010
G1 X581.0598 Y397.5391
G1 X581.1582 Y397.5836
G1 X581.2534 Y397.6345
G1 X581.3451 Y397.6916
G1 X581.4329 Y397.7544
G1 X581.5163 Y397.8229
G1 X581.5951 Y397.8968
G1 X581.6689 Y397.9756
G1 X581.7374 Y398.0590
G1 X581.8003 Y398.1468
G1 X581.8574 Y398.2385
G1 X581.9083 Y398.3337
G1 X581.9528 Y398.4320
G1 X581.9908 Y398.5331
G1 X582.0222 Y398.6364
G1 X582.0467 Y398.7416
G1 X582.0643 Y398.8481
G1 X582.0749 Y398.9556
G1 X582.0784 Y399.0635
G1 Y452.4135
G1 X581.5951 Y452.8968
G1 X582.0784 Y452.4135
G1 X586.7284
G1 X586.8363 Y452.4170
G1 X586.9438 Y452.4276
G1 X587.0503 Y452.4452
G1 X587.1555 Y452.4697
G1 X587.2588 Y452.5010
G1 X587.3598 Y452.5391
G1 X587.4582 Y452.5836
G1 X587.5534 Y452.6345
G1 X587.6451 Y452.6916
G1 X587.7329 Y452.7544
G1 X587.8163 Y452.8229
G1 X587.8951 Y452.8968
G1 X587.9689 Y452.9756
G1 X588.0374 Y453.0590
G1 X588.1003 Y453.1468
G1 X588.1574 Y453.2385
G1 X588.2083 Y453.3337
G1 X588.2528 Y453.4320
G1 X588.2908 Y453.5331
G1 X588.3222 Y453.6364
G1 X588.3467 Y453.7416
G1 X588.3643 Y453.8481
G1 X588.3749 Y453.9556
G1 X588.3784 Y454.0635
G1 Y481.6035
G0 Z0.0000 F480
G1 Y486.5535 F600
G1 Z4.0000 F120
G1 Y514.0635 F600
G1 X588.3749 Y514.1714
G1 X588.3643 Y514.2788
G1 X588.3467 Y514.3854
G1 X588.3222 Y514.4905
G1 X588.2908 Y514.5939
G1 X588.2528 Y514.6949
G1 X588.2083 Y514.7933
G1 X588.1574 Y514.8885
G1 X588.1003 Y514.9802
G1 X588.0374 Y515.0679
G1 X587.9689 Y515.1514
G1 X587.8951 Y515.2302
G1 X587.8163 Y515.3040
G1 X587.7329 Y515.3725
G1 X587.6451 Y515.4354
G1 X587.5534 Y515.4924
G1 X587.4582 Y515.5433
G1 X587.3598 Y515.5879
G1 X587.2588 Y515.6259
G1 X587.1555 Y515.6573
G1 X587.0503 Y515.6818
G1 X586.9438 Y515.6994
G1 X586.8363 Y515.7099
G1 X586.7284 Y515.7135
G1 X582.0784
G1 X581.5951 Y515.2302
G1 X582.0784 Y515.7135
G1 Y569.0635
G1 X582.0749 Y569.1714
G1 X582.0643 Y569.2788
G1 X582.0467 Y569.3854
G1 X582.0222 Y569.4905
G1 X581.9908 Y569.5939
G1 X581.9528 Y569.6949
G1 X581.9083 Y569.7933
G1 X581.8574 Y569.8885
G1 X581.8003 Y569.9802
G1 X581.7374 Y570.0679
G1 X581.6689 Y570.1514
G1 X581.5951 Y570.2302
G1 X581.5163 Y570.3040
G1 X581.4329 Y570.3725
G1 X581.3451 Y570.4354
G1 X581.2534 Y570.4924
G1 X581.1582 Y570.5433
G1 X581.0598 Y570.5879
G1 X580.9588 Y570.6259
G1 X580.8555 Y570.6573
G1 X580.7503 Y570.6818
G1 X580.6438 Y570.6994
G1 X580.5363 Y570.7099
G1 X580.4284 Y570.7135
G1 X557.0784
G1 X556.5951 Y570.2302
G1 X557.0784 Y570.7135
G1 Y575.3635
G1 X557.0749 Y575.4714
G1 X557.0643 Y575.5788
G1 X557.0467 Y575.6854
G1 X557.0222 Y575.7905
G1 X556.9908 Y575.8939
G1 X556.9528 Y575.9949
G1 X556.9083 Y576.0933
G1 X556.8574 Y576.1885
G1 X556.8003 Y576.2802
G1 X556.7374 Y576.3679
G1 X556.6689 Y576.4514
G1 X556.5951 Y576.5302
G1 X556.5163 Y576.6040
G1 X556.4329 Y576.6725
G1 X556.3451 Y576.7354
G1 X556.2534 Y576.7924
G1 X556.1582 Y576.8433
G1 X556.0598 Y576.8879
G1 X555.9588 Y576.9259
G1 X555.8555 Y576.9573
G1 X555.7503 Y576.9818
G1 X555.6438 Y576.9994
G1 X555.5363 Y577.0099
G1 X555.4284 Y577.0135
G1 X529.7115
G0 Z0.0000 F480
G1 X524.7615 F600
G1 Z4.0000 F120
G1 X495.4284 F600
G1 X495.3205 Y577.0099
G1 X495.2130 Y576.9994
G1 X495.1065 Y576.9818
G1 X495.0014 Y576.9573
G1 X494.8980 Y576.9259
G1 X494.7970 Y576.8879
G1 X494.6986 Y576.8433
G1 X494.6034 Y576.7924
G1 X494.5117 Y576.7354
G1 X494.4240 Y576.6725
G1 X494.3405 Y576.6040
G1 X494.2617 Y576.5302
G1 X494.1879 Y576.4514
G1 X494.1194 Y576.3679
G1 X494.0565 Y576.2802
G1 X493.9995 Y576.1885
G1 X493.9486 Y576.0933
G1 X493.9040 Y575.9949
G1 X493.8660 Y575.8939
G1 X493.8346 Y575.7905
G1 X493.8101 Y575.6854
G1 X493.7925 Y575.5788
G1 X493.7819 Y575.4714
G1 X493.7784 Y575.3635
G1 Y570.7135
G1 X494.2617 Y570.2302
G1 X493.7784 Y570.7135
G1 X470.4284
G1 X470.3205 Y570.7099
G1 X470.2130 Y570.6994
G1 X470.1065 Y570.6818
G1 X470.0014 Y570.6573
G1 X469.8980 Y570.6259
G1 X469.7970 Y570.5879
G1 X469.6986 Y570.5433
G1 X469.6034 Y570.4924
G1 X469.5117 Y570.4354
G1 X469.4240 Y570.3725
G1 X469.3405 Y570.3040
G1 X469.2617 Y570.2302
G1 X469.1879 Y570.1514
G1 X469.1194 Y570.0679
G1 X469.0565 Y569.9802
G1 X468.9995 Y569.8885
G1 X468.9486 Y569.7933
G1 X468.9040 Y569.6949
G1 X468.8660 Y569.5939
G1 X468.8346 Y569.4905
G1 X468.8101 Y569.3854
G1 X468.7925 Y569.2788
G1 X468.7819 Y569.1714
G1 X468.7784 Y569.0635
G1 Y515.7135
G1 X469.2617 Y515.2302
G1 X468.7784 Y515.7135
G1 X464.1284
G1 X464.0205 Y515.7099
G1 X463.9130 Y515.6994
G1 X463.8065 Y515.6818
G1 X463.7014 Y515.6573
G1 X463.5980 Y515.6259
G1 X463.4970 Y515.5879
G1 X463.3986 Y515.5433
G1 X463.3034 Y515.4924
G1 X463.2117 Y515.4354
G1 X463.1240 Y515.3725
G1 X463.0405 Y515.3040
G1 X462.9617 Y515.2302
G1 X462.8879 Y515.1514
G1 X462.8194 Y515.0679
G1 X462.7565 Y514.9802
G1 X462.6995 Y514.8885
G1 X462.6486 Y514.7933
G1 X462.6040 Y514.6949
G1 X462.5660 Y514.5939
G1 X462.5346 Y514.4905
G1 X462.5101 Y514.3854
G1 X462.4925 Y514.2788
G1 X462.4819 Y514.1714
G1 X462.4784 Y514.0635
G1 Y486.8391
G0 Z0.0000 F480
G1 Y481.8891 F600
G0 Z3.5000 F480
G1 Z4.0000 F120
G1 Z8.0000
G1 Y454.0635 F600
G1 X462.4819 Y453.9556
G1 X462.4925 Y453.8481
G1 X462.5101 Y453.7416
G1 X462.5346 Y453.6364
G1 X462.5660 Y453.5331
G1 X462.6040 Y453.4320
G1 X462.6486 Y453.3337
G1 X462.6995 Y453.2385
G1 X462.7565 Y453.1468
G1 X462.8194 Y453.0590
G1 X462.8879 Y452.9756
G1 X462.9617 Y452.8968
G1 X463.0405 Y452.8229
G1 X463.1240 Y452.7544
G1 X463.2117 Y452.6916
G1 X463.3034 Y452.6345
G1 X463.3986 Y452.5836
G1 X463.4970 Y452.5391
G1 X463.5980 Y452.5010
G1 X463.7014 Y452.4697
G1 X463.8065 Y452.4452
G1 X463.9130 Y452.4276
G1 X464.0205 Y452.4170
G1 X464.1284 Y452.4135
G1 X468.7784
G1 X469.2617 Y452.8968
G1 X468.7784 Y452.4135
G1 Y399.0635
G1 X468.7819 Y398.9556
G1 X468.7925 Y398.8481
G1 X468.8101 Y398.7416
G1 X468.8346 Y398.6364
G1 X468.8660 Y398.5331
G1 X468.9040 Y398.4320
G1 X468.9486 Y398.3337
G1 X468.9995 Y398.2385
G1 X469.0565 Y398.1468
G1 X469.1194 Y398.0590
G1 X469.1879 Y397.9756
G1 X469.2617 Y397.8968
G1 X469.3405 Y397.8229
G1 X469.4240 Y397.7544
G1 X469.5117 Y397.6916
G1 X469.6034 Y397.6345
G1 X469.6986 Y397.5836
G1 X469.7970 Y397.5391
G1 X469.8980 Y397.5010
G1 X470.0014 Y397.4697
G1 X470.1065 Y397.4452
G1 X470.2130 Y397.4276
G1 X470.3205 Y397.4170
G1 X470.4284 Y397.4135
G1 X493.7784
G1 X494.2617 Y397.8968
G1 X493.7784 Y397.4135
G1 Y392.7635
G1 X493.7819 Y392.6556
G1 X493.7925 Y392.5481
G1 X493.8101 Y392.4416
G1 X493.8346 Y392.3364
G1 X493.8660 Y392.2331
G1 X493.9040 Y392.1320
G1 X493.9486 Y392.0337
G1 X493.9995 Y391.9385
G1 X494.0565 Y391.8468
G1 X494.1194 Y391.7590
G1 X494.1879 Y391.6756
G1 X494.2617 Y391.5968
G1 X494.3405 Y391.5229
G1 X494.4240 Y391.4544
G1 X494.5117 Y391.3916
G1 X494.6034 Y391.3345
G1 X494.6986 Y391.2836
G1 X494.7970 Y391.2391
G1 X494.8980 Y391.2010
G1 X495.0014 Y391.1697
G1 X495.1065 Y391.1452
G1 X495.2130 Y391.1276
G1 X495.3205 Y391.1170
G1 X495.4284 Y391.1135
G1 X522.9534
G0 Z0.0000 F480
G1 X527.9034 F600
G0 Z3.5000 F480
G1 Z4.0000 F120
G1 Z8.0000
G1 X555.4284 F600
G1 X555.5363 Y391.1170
G1 X555.6438 Y391.1276
G1 X555.7503 Y391.1452
G1 X555.8555 Y391.1697
G1 X555.9588 Y391.2010
G1 X556.0598 Y391.2391
G1 X556.1582 Y391.2836
G1 X556.2534 Y391.3345
G1 X556.3451 Y391.3916
G1 X556.4329 Y391.4544
G1 X556.5163 Y391.5229
G1 X556.5951 Y391.5968
G1 X556.6689 Y391.6756
G1 X556.7374 Y391.7590
G1 X556.8003 Y391.8468
G1 X556.8574 Y391.9385
G1 X556.9083 Y392.0337
G1 X556.9528 Y392.1320
G1 X556.9908 Y392.2331
G1 X557.0222 Y392.3364
G1 X557.0467 Y392.4416
G1 X557.0643 Y392.5481
G1 X557.0749 Y392.6556
G1 X557.0784 Y392.7635
G1 Y397.4135
G1 X556.5951 Y397.8968
G1 X557.0784 Y397.4135
G1 X580.4284
G1 X580.5363 Y397.4170
G1 X580.6438 Y397.4276
G1 X580.7503 Y397.4452
G1 X580.8555 Y397.4697
G1 X580.9588 Y397.5010
G1 X581.0598 Y397.5391
G1 X581.1582 Y397.5836
G1 X581.2534 Y397.6345
G1 X581.3451 Y397.6916
G1 X581.4329 Y397.7544
G1 X581.5163 Y397.8229
G1 X581.5951 Y397.8968
G1 X581.6689 Y397.9756
G1 X581.7374 Y398.0590
G1 X581.8003 Y398.1468
G1 X581.8574 Y398.2385
G1 X581.9083 Y398.3337
G1 X581.9528 Y398.4320
G1 X581.9908 Y398.5331
G1 X582.0222 Y398.6364
G1 X582.0467 Y398.7416
G1 X582.0643 Y398.8481
G1 X582.0749 Y398.9556
G1 X582.0784 Y399.0635
G1 Y452.4135
G1 X581.5951 Y452.8968
G1 X582.0784 Y452.4135
G1 X586.7284
G1 X586.8363 Y452.4170
G1 X586.9438 Y452.4276
G1 X587.0503 Y452.4452
G1 X587.1555 Y452.4697
G1 X587.2588 Y452.5010
G1 X587.3598 Y452.5391
G1 X587.4582 Y452.5836
G1 X587.5534 Y452.6345
G1 X587.6451 Y452.6916
G1 X587.7329 Y452.7544
G1 X587.8163 Y452.8229
G1 X587.8951 Y452.8968
G1 X587.9689 Y452.9756
G1 X588.0374 Y453.0590
G1 X588.1003 Y453.1468
G1 X588.1574 Y453.2385
G1 X588.2083 Y453.3337
G1 X588.2528 Y453.4320
G1 X588.2908 Y453.5331
G1 X588.3222 Y453.6364
G1 X588.3467 Y453.7416
G1 X588.3643 Y453.8481
G1 X588.3749 Y453.9556
G1 X588.3784 Y454.0635
G1 Y481.6035
G0 Z0.0000 F480
G1 Y486.5535 F600
G0 Z3.5000 F480
G1 Z4.0000 F120
G1 Z8.0000
G1 Y514.0635 F600
G1 X588.3749 Y514.1714
G1 X588.3643 Y514.2788
G1 X588.3467 Y514.3854
G1 X588.3222 Y514.4905
G1 X588.2908 Y514.5939
G1 X588.2528 Y514.6949
G1 X588.2083 Y514.7933
G1 X588.1574 Y514.8885
G1 X588.1003 Y514.9802
G1 X588.0374 Y515.0679
G1 X587.9689 Y515.1514
G1 X587.8951 Y515.2302
G1 X587.8163 Y515.3040
G1 X587.7329 Y515.3725
G1 X587.6451 Y515.4354
G1 X587.5534 Y515.4924
G1 X587.4582 Y515.5433
G1 X587.3598 Y515.5879
G1 X587.2588 Y515.6259
G1 X587.1555 Y515.6573
G1 X587.0503 Y515.6818
G1 X586.9438 Y515.6994
G1 X586.8363 Y515.7099
G1 X586.7284 Y515.7135
G1 X582.0784
G1 X581.5951 Y515.2302
G1 X582.0784 Y515.7135
G1 Y569.0635
G1 X582.0749 Y569.1714
G1 X582.0643 Y569.2788
G1 X582.0467 Y569.3854
G1 X582.0222 Y569.4905
G1 X581.9908 Y569.5939
G1 X581.9528 Y569.6949
G1 X581.9083 Y569.7933
G1 X581.8574 Y569.8885
G1 X581.8003 Y569.9802
G1 X581.7374 Y570.0679
G1 X581.6689 Y570.1514
G1 X581.5951 Y570.2302
G1 X581.5163 Y570.3040
G1 X581.4329 Y570.3725
G1 X581.3451 Y570.4354
G1 X581.2534 Y570.4924
G1 X581.1582 Y570.5433
G1 X581.0598 Y570.5879
G1 X580.9588 Y570.6259
G1 X580.8555 Y570.6573
G1 X580.7503 Y570.6818
G1 X580.6438 Y570.6994
G1 X580.5363 Y570.7099
G1 X580.4284 Y570.7135
G1 X557.0784
G1 X556.5951 Y570.2302
G1 X557.0784 Y570.7135
G1 Y575.3635
G1 X557.0749 Y575.4714
G1 X557.0643 Y575.5788
G1 X557.0467 Y575.6854
G1 X557.0222 Y575.7905
G1 X556.9908 Y575.8939
G1 X556.9528 Y575.9949
G1 X556.9083 Y576.0933
G1 X556.8574 Y576.1885
G1 X556.8003 Y576.2802
G1 X556.7374 Y576.3679
G1 X556.6689 Y576.4514
G1 X556.5951 Y576.5302
G1 X556.5163 Y576.6040
G1 X556.4329 Y576.6725
G1 X556.3451 Y576.7354
G1 X556.2534 Y576.7924
G1 X556.1582 Y576.8433
G1 X556.0598 Y576.8879
G1 X555.9588 Y576.9259
G1 X555.8555 Y576.9573
G1 X555.7503 Y576.9818
G1 X555.6438 Y576.9994
G1 X555.5363 Y577.0099
G1 X555.4284 Y577.0135
G1 X529.7115
G0 Z0.0000 F480
G1 X524.7615 F600
G0 Z3.5000 F480
G1 Z4.0000 F120
G1 Z8.0000
G1 X495.4284 F600
G1 X495.3205 Y577.0099
G1 X495.2130 Y576.9994
G1 X495.1065 Y576.9818
G1 X495.0014 Y576.9573
G1 X494.8980 Y576.9259
G1 X494.7970 Y576.8879
G1 X494.6986 Y576.8433
G1 X494.6034 Y576.7924
G1 X494.5117 Y576.7354
G1 X494.4240 Y576.6725
G1 X494.3405 Y576.6040
G1 X494.2617 Y576.5302
G1 X494.1879 Y576.4514
G1 X494.1194 Y576.3679
G1 X494.0565 Y576.2802
G1 X493.9995 Y576.1885
G1 X493.9486 Y576.0933
G1 X493.9040 Y575.9949
G1 X493.8660 Y575.8939
G1 X493.8346 Y575.7905
G1 X493.8101 Y575.6854
G1 X493.7925 Y575.5788
G1 X493.7819 Y575.4714
G1 X493.7784 Y575.3635
G1 Y570.7135
G1 X494.2617 Y570.2302
G1 X493.7784 Y570.7135
G1 X470.4284
G1 X470.3205 Y570.7099
G1 X470.2130 Y570.6994
G1 X470.1065 Y570.6818
G1 X470.0014 Y570.6573
G1 X469.8980 Y570.6259
G1 X469.7970 Y570.5879
G1 X469.6986 Y570.5433
G1 X469.6034 Y570.4924
G1 X469.5117 Y570.4354
G1 X469.4240 Y570.3725
G1 X469.3405 Y570.3040
G1 X469.2617 Y570.2302
G1 X469.1879 Y570.1514
G1 X469.1194 Y570.0679
G1 X469.0565 Y569.9802
G1 X468.9995 Y569.8885
G1 X468.9486 Y569.7933
G1 X468.9040 Y569.6949
G1 X468.8660 Y569.5939
G1 X468.8346 Y569.4905
G1 X468.8101 Y569.3854
G1 X468.7925 Y569.2788
G1 X468.7819 Y569.1714
G1 X468.7784 Y569.0635
G1 Y515.7135
G1 X469.2617 Y515.2302
G1 X468.7784 Y515.7135
G1 X464.1284
G1 X464.0205 Y515.7099
G1 X463.9130 Y515.6994
G1 X463.8065 Y515.6818
G1 X463.7014 Y515.6573
G1 X463.5980 Y515.6259
G1 X463.4970 Y515.5879
G1 X463.3986 Y515.5433
G1 X463.3034 Y515.4924
G1 X463.2117 Y515.4354
G1 X463.1240 Y515.3725
G1 X463.0405 Y515.3040
G1 X462.9617 Y515.2302
G1 X462.8879 Y515.1514
G1 X462.8194 Y515.0679
G1 X462.7565 Y514.9802
G1 X462.6995 Y514.8885
G1 X462.6486 Y514.7933
G1 X462.6040 Y514.6949
G1 X462.5660 Y514.5939
G1 X462.5346 Y514.4905
G1 X462.5101 Y514.3854
G1 X462.4925 Y514.2788
G1 X462.4819 Y514.1714
G1 X462.4784 Y514.0635
G1 Y486.8391
G0 Z0.0000 F480
G1 Y481.8891 F600
G0 Z-5.0000 F480


(No. 181: Part 3)
G0 X462.4784 Y291.5885 Z-5.0000 F2100
G0 Z-0.5000 F480
G1 Z0.0000 F120
G1 Z4.0000
G1 Y274.0635 F600
G1 X462.4819 Y273.9556
G1 X462.4925 Y273.8481
G1 X462.5101 Y273.7416
G1 X462.5346 Y273.6364
G1 X462.5660 Y273.5331
G1 X462.6040 Y273.4320
G1 X462.6486 Y273.3337
G1 X462.6995 Y273.2385
G1 X462.7565 Y273.1468
G1 X462.8194 Y273.0590
G1 X462.8879 Y272.9756
G1 X462.9617 Y272.8968
G1 X463.0405 Y272.8229
G1 X463.1240 Y272.7544
G1 X463.2117 Y272.6916
G1 X463.3034 Y272.6345
G1 X463.3986 Y272.5836
G1 X463.4970 Y272.5391
G1 X463.5980 Y272.5010
G1 X463.7014 Y272.4697
G1 X463.8065 Y272.4452
G1 X463.9130 Y272.4276
G1 X464.0205 Y272.4170
G1 X464.1284 Y272.4135
G1 X468.7784
G1 X469.2617 Y272.8968
G1 X468.7784 Y272.4135
G1 Y227.7635
G1 X468.7819 Y227.6556
G1 X468.7925 Y227.5481
G1 X468.8101 Y227.4416
G1 X468.8346 Y227.3364
G1 X468.8660 Y227.2331
G1 X468.9040 Y227.1320
G1 X468.9486 Y227.0337
G1 X468.9995 Y226.9385
G1 X469.0565 Y226.8468
G1 X469.1194 Y226.7590
G1 X469.1879 Y226.6756
G1 X469.2617 Y226.5968
G1 X469.3405 Y226.5229
G1 X469.4240 Y226.4544
G1 X469.5117 Y226.3916
G1 X469.6034 Y226.3345
G1 X469.6986 Y226.2836
G1 X469.7970 Y226.2391
G1 X469.8980 Y226.2010
G1 X470.0014 Y226.1697
G1 X470.1065 Y226.1452
G1 X470.2130 Y226.1276
G1 X470.3205 Y226.1170
G1 X470.4284 Y226.1135
G1 X580.4284
G1 X580.5363 Y226.1170
G1 X580.6438 Y226.1276
G1 X580.7503 Y226.1452
G1 X580.8555 Y226.1697
G1 X580.9588 Y226.2010
G1 X581.0598 Y226.2391
G1 X581.1582 Y226.2836
G1 X581.2534 Y226.3345
G1 X581.3451 Y226.3916
G1 X581.4329 Y226.4544
G1 X581.5163 Y226.5229
G1 X581.5951 Y226.5968
G1 X581.6689 Y226.6756
G1 X581.7374 Y226.7590
G1 X581.8003 Y226.8468
G1 X581.8574 Y226.9385
G1 X581.9083 Y227.0337
G1 X581.9528 Y227.1320
G1 X581.9908 Y227.2331
G1 X582.0222 Y227.3364
G1 X582.0467 Y227.4416
G1 X582.0643 Y227.5481
G1 X582.0749 Y227.6556
G1 X582.0784 Y227.7635
G1 Y272.4135
G1 X581.5951 Y272.8968
G1 X582.0784 Y272.4135
G1 X586.7284
G1 X586.8363 Y272.4170
G1 X586.9438 Y272.4276
G1 X587.0503 Y272.4452
G1 X587.1555 Y272.4697
G1 X587.2588 Y272.5010
G1 X587.3598 Y272.5391
G1 X587.4582 Y272.5836
G1 X587.5534 Y272.6345
G1 X587.6451 Y272.6916
G1 X587.7329 Y272.7544
G1 X587.8163 Y272.8229
G1 X587.8951 Y272.8968
G1 X587.9689 Y272.9756
G1 X588.0374 Y273.0590
G1 X588.1003 Y273.1468
G1 X588.1574 Y273.2385
G1 X588.2083 Y273.3337
G1 X588.2528 Y273.4320
G1 X588.2908 Y273.5331
G1 X588.3222 Y273.6364
G1 X588.3467 Y273.7416
G1 X588.3643 Y273.8481
G1 X588.3749 Y273.9556
G1 X588.3784 Y274.0635
G1 Y291.5885
G0 Z0.0000 F480
G1 Y296.5385 F600
G1 Z4.0000 F120
G1 Y334.0635 F600
G1 X588.3749 Y334.1714
G1 X588.3643 Y334.2788
G1 X588.3467 Y334.3854
G1 X588.3222 Y334.4905
G1 X588.2908 Y334.5939
G1 X588.2528 Y334.6949
G1 X588.2083 Y334.7933
G1 X588.1574 Y334.8885
G1 X588.1003 Y334.9802
G1 X588.0374 Y335.0679
G1 X587.9689 Y335.1514
G1 X587.8951 Y335.2302
G1 X587.8163 Y335.3040
G1 X587.7329 Y335.3725
G1 X587.6451 Y335.4354
G1 X587.5534 Y335.4924
G1 X587.4582 Y335.5433
G1 X587.3598 Y335.5879
G1 X587.2588 Y335.6259
G1 X587.1555 Y335.6573
G1 X587.0503 Y335.6818
G1 X586.9438 Y335.6994
G1 X586.8363 Y335.7099
G1 X586.7284 Y335.7135
G1 X582.0784
G1 X581.5951 Y335.2302
G1 X582.0784 Y335.7135
G1 Y380.3635
G1 X582.0749 Y380.4714
G1 X582.0643 Y380.5788
G1 X582.0467 Y380.6854
G1 X582.0222 Y380.7905
G1 X581.9908 Y380.8939
G1 X581.9528 Y380.9949
G1 X581.9083 Y381.0933
G1 X581.8574 Y381.1885
G1 X581.8003 Y381.2802
G1 X581.7374 Y381.3679
G1 X581.6689 Y381.4514
G1 X581.5951 Y381.5302
G1 X581.5163 Y381.6040
G1 X581.4329 Y381.6725
G1 X581.3451 Y381.7354
G1 X581.2534 Y381.7924
G1 X581.1582 Y381.8433
G1 X581.0598 Y381.8879
G1 X580.9588 Y381.9259
G1 X580.8555 Y381.9573
G1 X580.7503 Y381.9818
G1 X580.6438 Y381.9994
G1 X580.5363 Y382.0099
G1 X580.4284 Y382.0135
G1 X570.4034
G0 Z0.0000 F480
G1 X565.4534 F600
G1 Z4.0000 F120
G1 X555.4284 F600
G1 X555.3205 Y382.0099
G1 X555.2130 Y381.9994
G1 X555.1065 Y381.9818
G1 X555.0014 Y381.9573
G1 X554.8980 Y381.9259
G1 X554.7970 Y381.8879
G1 X554.6986 Y381.8433
G1 X554.6034 Y381.7924
G1 X554.5117 Y381.7354
G1 X554.4240 Y381.6725
G1 X554.3405 Y381.6040
G1 X554.2617 Y381.5302
G1 X554.1879 Y381.4514
G1 X554.1194 Y381.3679
G1 X554.0565 Y381.2802
G1 X553.9995 Y381.1885
G1 X553.9486 Y381.0933
G1 X553.9040 Y380.9949
G1 X553.8660 Y380.8939
G1 X553.8346 Y380.7905
G1 X553.8101 Y380.6854
G1 X553.7925 Y380.5788
G1 X553.7819 Y380.4714
G1 X553.7784 Y380.3635
G1 Y375.7135
G1 X554.2617 Y375.2302
G1 X553.7784 Y375.7135
G1 X497.0784
G1 X496.5951 Y375.2302
G1 X497.0784 Y375.7135
G1 Y380.3635
G1 X497.0749 Y380.4714
G1 X497.0643 Y380.5788
G1 X497.0467 Y380.6854
G1 X497.0222 Y380.7905
G1 X496.9908 Y380.8939
G1 X496.9528 Y380.9949
G1 X496.9083 Y381.0933
G1 X496.8574 Y381.1885
G1 X496.8003 Y381.2802
G1 X496.7374 Y381.3679
G1 X496.6689 Y381.4514
G1 X496.5951 Y381.5302
G1 X496.5163 Y381.6040
G1 X496.4329 Y381.6725
G1 X496.3451 Y381.7354
G1 X496.2534 Y381.7924
G1 X496.1582 Y381.8433
G1 X496.0598 Y381.8879
G1 X495.9588 Y381.9259
G1 X495.8555 Y381.9573
G1 X495.7503 Y381.9818
G1 X495.6438 Y381.9994
G1 X495.5363 Y382.0099
G1 X495.4284 Y382.0135
G1 X485.4034
G0 Z0.0000 F480
G1 X480.4534 F600
G1 Z4.0000 F120
G1 X470.4284 F600
G1 X470.3205 Y382.0099
G1 X470.2130 Y381.9994
G1 X470.1065 Y381.9818
G1 X470.0014 Y381.9573
G1 X469.8980 Y381.9259
G1 X469.7970 Y381.8879
G1 X469.6986 Y381.8433
G1 X469.6034 Y381.7924
G1 X469.5117 Y381.7354
G1 X469.4240 Y381.6725
G1 X469.3405 Y381.6040
G1 X469.2617 Y381.5302
G1 X469.1879 Y381.4514
G1 X469.1194 Y381.3679
G1 X469.0565 Y381.2802
G1 X468.9995 Y381.1885
G1 X468.9486 Y381.0933
G1 X468.9040 Y380.9949
G1 X468.8660 Y380.8939
G1 X468.8346 Y380.7905
G1 X468.8101 Y380.6854
G1 X468.7925 Y380.5788
G1 X468.7819 Y380.4714
G1 X468.7784 Y380.3635
G1 Y335.7135
G1 X469.2617 Y335.2302
G1 X468.7784 Y335.7135
G1 X464.1284
G1 X464.0205 Y335.7099
G1 X463.9130 Y335.6994
G1 X463.8065 Y335.6818
G1 X463.7014 Y335.6573
G1 X463.5980 Y335.6259
G1 X463.4970 Y335.5879
G1 X463.3986 Y335.5433
G1 X463.3034 Y335.4924
G1 X463.2117 Y335.4354
G1 X463.1240 Y335.3725
G1 X463.0405 Y335.3040
G1 X462.9617 Y335.2302
G1 X462.8879 Y335.1514
G1 X462.8194 Y335.0679
G1 X462.7565 Y334.9802
G1 X462.6995 Y334.8885
G1 X462.6486 Y334.7933
G1 X462.6040 Y334.6949
G1 X462.5660 Y334.5939
G1 X462.5346 Y334.4905
G1 X462.5101 Y334.3854
G1 X462.4925 Y334.2788
G1 X462.4819 Y334.1714
G1 X462.4784 Y334.0635
G1 Y296.5385
G0 Z0.0000 F480
G1 Y291.5885 F600
G0 Z3.5000 F480
G1 Z4.0000 F120
G1 Z8.0000
G1 Y274.0635 F600
G1 X462.4819 Y273.9556
G1 X462.4925 Y273.8481
G1 X462.5101 Y273.7416
G1 X462.5346 Y273.6364
G1 X462.5660 Y273.5331
G1 X462.6040 Y273.4320
G1 X462.6486 Y273.3337
G1 X462.6995 Y273.2385
G1 X462.7565 Y273.1468
G1 X462.8194 Y273.0590
G1 X462.8879 Y272.9756
G1 X462.9617 Y272.8968
G1 X463.0405 Y272.8229
G1 X463.1240 Y272.7544
G1 X463.2117 Y272.6916
G1 X463.3034 Y272.6345
G1 X463.3986 Y272.5836
G1 X463.4970 Y272.5391
G1 X463.5980 Y272.5010
G1 X463.7014 Y272.4697
G1 X463.8065 Y272.4452
G1 X463.9130 Y272.4276
G1 X464.0205 Y272.4170
G1 X464.1284 Y272.4135
G1 X468.7784
G1 X469.2617 Y272.8968
G1 X468.7784 Y272.4135
G1 Y227.7635
G1 X468.7819 Y227.6556
G1 X468.7925 Y227.5481
G1 X468.8101 Y227.4416
G1 X468.8346 Y227.3364
G1 X468.8660 Y227.2331
G1 X468.9040 Y227.1320
G1 X468.9486 Y227.0337
G1 X468.9995 Y226.9385
G1 X469.0565 Y226.8468
G1 X469.1194 Y226.7590
G1 X469.1879 Y226.6756
G1 X469.2617 Y226.5968
G1 X469.3405 Y226.5229
G1 X469.4240 Y226.4544
G1 X469.5117 Y226.3916
G1 X469.6034 Y226.3345
G1 X469.6986 Y226.2836
G1 X469.7970 Y226.2391
G1 X469.8980 Y226.2010
G1 X470.0014 Y226.1697
G1 X470.1065 Y226.1452
G1 X470.2130 Y226.1276
G1 X470.3205 Y226.1170
G1 X470.4284 Y226.1135
G1 X580.4284
G1 X580.5363 Y226.1170
G1 X580.6438 Y226.1276
G1 X580.7503 Y226.1452
G1 X580.8555 Y226.1697
G1 X580.9588 Y226.2010
G1 X581.0598 Y226.2391
G1 X581.1582 Y226.2836
G1 X581.2534 Y226.3345
G1 X581.3451 Y226.3916
G1 X581.4329 Y226.4544
G1 X581.5163 Y226.5229
G1 X581.5951 Y226.5968
G1 X581.6689 Y226.6756
G1 X581.7374 Y226.7590
G1 X581.8003 Y226.8468
G1 X581.8574 Y226.9385
G1 X581.9083 Y227.0337
G1 X581.9528 Y227.1320
G1 X581.9908 Y227.2331
G1 X582.0222 Y227.3364
G1 X582.0467 Y227.4416
G1 X582.0643 Y227.5481
G1 X582.0749 Y227.6556
G1 X582.0784 Y227.7635
G1 Y272.4135
G1 X581.5951 Y272.8968
G1 X582.0784 Y272.4135
G1 X586.7284
G1 X586.8363 Y272.4170
G1 X586.9438 Y272.4276
G1 X587.0503 Y272.4452
G1 X587.1555 Y272.4697
G1 X587.2588 Y272.5010
G1 X587.3598 Y272.5391
G1 X587.4582 Y272.5836
G1 X587.5534 Y272.6345
G1 X587.6451 Y272.6916
G1 X587.7329 Y272.7544
G1 X587.8163 Y272.8229
G1 X587.8951 Y272.8968
G1 X587.9689 Y272.9756
G1 X588.0374 Y273.0590
G1 X588.1003 Y273.1468
G1 X588.1574 Y273.2385
G1 X588.2083 Y273.3337
G1 X588.2528 Y273.4320
G1 X588.2908 Y273.5331
G1 X588.3222 Y273.6364
G1 X588.3467 Y273.7416
G1 X588.3643 Y273.8481
G1 X588.3749 Y273.9556
G1 X588.3784 Y274.0635
G1 Y291.5885
G0 Z0.0000 F480
G1 Y296.5385 F600
G0 Z3.5000 F480
G1 Z4.0000 F120
G1 Z8.0000
G1 Y334.0635 F600
G1 X588.3749 Y334.1714
G1 X588.3643 Y334.2788
G1 X588.3467 Y334.3854
G1 X588.3222 Y334.4905
G1 X588.2908 Y334.5939
G1 X588.2528 Y334.6949
G1 X588.2083 Y334.7933
G1 X588.1574 Y334.8885
G1 X588.1003 Y334.9802
G1 X588.0374 Y335.0679
G1 X587.9689 Y335.1514
G1 X587.8951 Y335.2302
G1 X587.8163 Y335.3040
G1 X587.7329 Y335.3725
G1 X587.6451 Y335.4354
G1 X587.5534 Y335.4924
G1 X587.4582 Y335.5433
G1 X587.3598 Y335.5879
G1 X587.2588 Y335.6259
G1 X587.1555 Y335.6573
G1 X587.0503 Y335.6818
G1 X586.9438 Y335.6994
G1 X586.8363 Y335.7099
G1 X586.7284 Y335.7135
G1 X582.0784
G1 X581.5951 Y335.2302
G1 X582.0784 Y335.7135
G1 Y380.3635
G1 X582.0749 Y380.4714
G1 X582.0643 Y380.5788
G1 X582.0467 Y380.6854
G1 X582.0222 Y380.7905
G1 X581.9908 Y380.8939
G1 X581.9528 Y380.9949
G1 X581.9083 Y381.0933
G1 X581.8574 Y381.1885
G1 X581.8003 Y381.2802
G1 X581.7374 Y381.3679
G1 X581.6689 Y381.4514
G1 X581.5951 Y381.5302
G1 X581.5163 Y381.6040
G1 X581.4329 Y381.6725
G1 X581.3451 Y381.7354
G1 X581.2534 Y381.7924
G1 X581.1582 Y381.8433
G1 X581.0598 Y381.8879
G1 X580.9588 Y381.9259
G1 X580.8555 Y381.9573
G1 X580.7503 Y381.9818
G1 X580.6438 Y381.9994
G1 X580.5363 Y382.0099
G1 X580.4284 Y382.0135
G1 X570.4034
G0 Z0.0000 F480
G1 X565.4534 F600
G0 Z3.5000 F480
G1 Z4.0000 F120
G1 Z8.0000
G1 X555.4284 F600
G1 X555.3205 Y382.0099
G1 X555.2130 Y381.9994
G1 X555.1065 Y381.9818
G1 X555.0014 Y381.9573
G1 X554.8980 Y381.9259
G1 X554.7970 Y381.8879
G1 X554.6986 Y381.8433
G1 X554.6034 Y381.7924
G1 X554.5117 Y381.7354
G1 X554.4240 Y381.6725
G1 X554.3405 Y381.6040
G1 X554.2617 Y381.5302
G1 X554.1879 Y381.4514
G1 X554.1194 Y381.3679
G1 X554.0565 Y381.2802
G1 X553.9995 Y381.1885
G1 X553.9486 Y381.0933
G1 X553.9040 Y380.9949
G1 X553.8660 Y380.8939
G1 X553.8346 Y380.7905
G1 X553.8101 Y380.6854
G1 X553.7925 Y380.5788
G1 X553.7819 Y380.4714
G1 X553.7784 Y380.3635
G1 Y375.7135
G1 X554.2617 Y375.2302
G1 X553.7784 Y375.7135
G1 X497.0784
G1 X496.5951 Y375.2302
G1 X497.0784 Y375.7135
G1 Y380.3635
G1 X497.0749 Y380.4714
G1 X497.0643 Y380.5788
G1 X497.0467 Y380.6854
G1 X497.0222 Y380.7905
G1 X496.9908 Y380.8939
G1 X496.9528 Y380.9949
G1 X496.9083 Y381.0933
G1 X496.8574 Y381.1885
G1 X496.8003 Y381.2802
G1 X496.7374 Y381.3679
G1 X496.6689 Y381.4514
G1 X496.5951 Y381.5302
G1 X496.5163 Y381.6040
G1 X496.4329 Y381.6725
G1 X496.3451 Y381.7354
G1 X496.2534 Y381.7924
G1 X496.1582 Y381.8433
G1 X496.0598 Y381.8879
G1 X495.9588 Y381.9259
G1 X495.8555 Y381.9573
G1 X495.7503 Y381.9818
G1 X495.6438 Y381.9994
G1 X495.5363 Y382.0099
G1 X495.4284 Y382.0135
G1 X485.4034
G0 Z0.0000 F480
G1 X480.4534 F600
G0 Z3.5000 F480
G1 Z4.0000 F120
G1 Z8.0000
G1 X470.4284 F600
G1 X470.3205 Y382.0099
G1 X470.2130 Y381.9994
G1 X470.1065 Y381.9818
G1 X470.0014 Y381.9573
G1 X469.8980 Y381.9259
G1 X469.7970 Y381.8879
G1 X469.6986 Y381.8433
G1 X469.6034 Y381.7924
G1 X469.5117 Y381.7354
G1 X469.4240 Y381.6725
G1 X469.3405 Y381.6040
G1 X469.2617 Y381.5302
G1 X469.1879 Y381.4514
G1 X469.1194 Y381.3679
G1 X469.0565 Y381.2802
G1 X468.9995 Y381.1885
G1 X468.9486 Y381.0933
G1 X468.9040 Y380.9949
G1 X468.8660 Y380.8939
G1 X468.8346 Y380.7905
G1 X468.8101 Y380.6854
G1 X468.7925 Y380.5788
G1 X468.7819 Y380.4714
G1 X468.7784 Y380.3635
G1 Y335.7135
G1 X469.2617 Y335.2302
G1 X468.7784 Y335.7135
G1 X464.1284
G1 X464.0205 Y335.7099
G1 X463.9130 Y335.6994
G1 X463.8065 Y335.6818
G1 X463.7014 Y335.6573
G1 X463.5980 Y335.6259
G1 X463.4970 Y335.5879
G1 X463.3986 Y335.5433
G1 X463.3034 Y335.4924
G1 X463.2117 Y335.4354
G1 X463.1240 Y335.3725
G1 X463.0405 Y335.3040
G1 X462.9617 Y335.2302
G1 X462.8879 Y335.1514
G1 X462.8194 Y335.0679
G1 X462.7565 Y334.9802
G1 X462.6995 Y334.8885
G1 X462.6486 Y334.7933
G1 X462.6040 Y334.6949
G1 X462.5660 Y334.5939
G1 X462.5346 Y334.4905
G1 X462.5101 Y334.3854
G1 X462.4925 Y334.2788
G1 X462.4819 Y334.1714
G1 X462.4784 Y334.0635
G1 Y296.5385
G0 Z0.0000 F480
G1 Y291.5885 F600
G0 Z-5.0000 F480


(No. 182: Part 2)
G0 X453.7313 Y218.2193 Z-5.0000 F2100
G0 Z-0.5000 F480
G1 Z0.0000 F120
G1 Z4.0000
G1 X433.3301 F600
G1 X433.2222 Y218.2158
G1 X433.1148 Y218.2052
G1 X433.0082 Y218.1876
G1 X432.9031 Y218.1631
G1 X432.7997 Y218.1318
G1 X432.6987 Y218.0937
G1 X432.6003 Y218.0492
G1 X432.5051 Y217.9983
G1 X432.4134 Y217.9413
G1 X432.3257 Y217.8784
G1 X432.2422 Y217.8099
G1 X432.1634 Y217.7361
G1 X432.0896 Y217.6572
G1 X432.0211 Y217.5738
G1 X431.9582 Y217.4860
G1 X431.9012 Y217.3943
G1 X431.8503 Y217.2991
G1 X431.8057 Y217.2008
G1 X431.7677 Y217.0997
G1 X431.7363 Y216.9964
G1 X431.7118 Y216.8912
G1 X431.6942 Y216.7847
G1 X431.6837 Y216.6772
G1 X431.6801 Y216.5693
G1 Y33.9693
G1 X431.6837 Y33.8614
G1 X431.6942 Y33.7540
G1 X431.7118 Y33.6474
G1 X431.7363 Y33.5423
G1 X431.7677 Y33.4390
G1 X431.8057 Y33.3379
G1 X431.8503 Y33.2395
G1 X431.9012 Y33.1443
G1 X431.9582 Y33.0526
G1 X432.0211 Y32.9649
G1 X432.0896 Y32.8814
G1 X432.1634 Y32.8026
G1 X432.2422 Y32.7288
G1 X432.3257 Y32.6603
G1 X432.4134 Y32.5974
G1 X432.5051 Y32.5404
G1 X432.6003 Y32.4895
G1 X432.6987 Y32.4449
G1 X432.7997 Y32.4069
G1 X432.9031 Y32.3755
G1 X433.0082 Y32.3510
G1 X433.1148 Y32.3334
G1 X433.2222 Y32.3229
G1 X433.3301 Y32.3193
G1 X454.0051
G0 Z0.0000 F480
G1 X458.9551 F600
G1 Z4.0000 F120
G1 X479.6301 F600
G1 X479.7380 Y32.3229
G1 X479.8455 Y32.3334
G1 X479.9520 Y32.3510
G1 X480.0572 Y32.3755
G1 X480.1605 Y32.4069
G1 X480.2616 Y32.4449
G1 X480.3599 Y32.4895
G1 X480.4551 Y32.5404
G1 X480.5468 Y32.5974
G1 X480.6346 Y32.6603
G1 X480.7180 Y32.7288
G1 X480.7968 Y32.8026
G1 X480.8707 Y32.8814
G1 X480.9392 Y32.9649
G1 X481.0020 Y33.0526
G1 X481.0591 Y33.1443
G1 X481.1100 Y33.2395
G1 X481.1545 Y33.3379
G1 X481.1926 Y33.4390
G1 X481.2239 Y33.5423
G1 X481.2484 Y33.6474
G1 X481.2660 Y33.7540
G1 X481.2766 Y33.8614
G1 X481.2801 Y33.9693
G1 Y38.6193
G1 X480.7968 Y39.1026
G1 X481.2801 Y38.6193
G1 X537.9801
G1 X538.4634 Y39.1026
G1 X537.9801 Y38.6193
G1 Y33.9693
G1 X537.9837 Y33.8614
G1 X537.9942 Y33.7540
G1 X538.0118 Y33.6474
G1 X538.0363 Y33.5423
G1 X538.0677 Y33.4390
G1 X538.1057 Y33.3379
G1 X538.1503 Y33.2395
G1 X538.2012 Y33.1443
G1 X538.2582 Y33.0526
G1 X538.3211 Y32.9649
G1 X538.3896 Y32.8814
G1 X538.4634 Y32.8026
G1 X538.5422 Y32.7288
G1 X538.6257 Y32.6603
G1 X538.7134 Y32.5974
G1 X538.8051 Y32.5404
G1 X538.9003 Y32.4895
G1 X538.9987 Y32.4449
G1 X539.0997 Y32.4069
G1 X539.2031 Y32.3755
G1 X539.3082 Y32.3510
G1 X539.4148 Y32.3334
G1 X539.5222 Y32.3229
G1 X539.6301 Y32.3193
G1 X560.3051
G0 Z0.0000 F480
G1 X565.2551 F600
G1 Z4.0000 F120
G1 X585.9301 F600
G1 X586.0380 Y32.3229
G1 X586.1455 Y32.3334
G1 X586.2520 Y32.3510
G1 X586.3572 Y32.3755
G1 X586.4605 Y32.4069
G1 X586.5616 Y32.4449
G1 X586.6599 Y32.4895
G1 X586.7551 Y32.5404
G1 X586.8468 Y32.5974
G1 X586.9346 Y32.6603
G1 X587.0180 Y32.7288
G1 X587.0968 Y32.8026
G1 X587.1707 Y32.8814
G1 X587.2392 Y32.9649
G1 X587.3020 Y33.0526
G1 X587.3591 Y33.1443
G1 X587.4100 Y33.2395
G1 X587.4545 Y33.3379
G1 X587.4926 Y33.4390
G1 X587.5239 Y33.5423
G1 X587.5484 Y33.6474
G1 X587.5660 Y33.7540
G1 X587.5766 Y33.8614
G1 X587.5801 Y33.9693
G1 Y95.2693
G1 X587.5766 Y95.3772
G1 X587.5660 Y95.4847
G1 X587.5484 Y95.5912
G1 X587.5239 Y95.6964
G1 X587.4926 Y95.7997
G1 X587.4545 Y95.9008
G1 X587.4100 Y95.9991
G1 X587.3591 Y96.0943
G1 X587.3020 Y96.1860
G1 X587.2392 Y96.2738
G1 X587.1707 Y96.3572
G1 X587.0968 Y96.4361
G1 X587.0180 Y96.5099
G1 X586.9346 Y96.5784
G1 X586.8468 Y96.6413
G1 X586.7551 Y96.6983
G1 X586.6599 Y96.7492
G1 X586.5616 Y96.7937
G1 X586.4605 Y96.8318
G1 X586.3572 Y96.8631
G1 X586.2520 Y96.8876
G1 X586.1455 Y96.9052
G1 X586.0380 Y96.9158
G1 X585.9301 Y96.9193
G1 X581.2801
G1 X580.7968 Y96.4361
G1 X581.2801 Y96.9193
G1 Y153.6193
G1 X580.7968 Y154.1026
G1 X581.2801 Y153.6193
G1 X585.9301
G1 X586.0380 Y153.6229
G1 X586.1455 Y153.6334
G1 X586.2520 Y153.6510
G1 X586.3572 Y153.6755
G1 X586.4605 Y153.7069
G1 X586.5616 Y153.7449
G1 X586.6599 Y153.7895
G1 X586.7551 Y153.8404
G1 X586.8468 Y153.8974
G1 X586.9346 Y153.9603
G1 X587.0180 Y154.0288
G1 X587.0968 Y154.1026
G1 X587.1707 Y154.1814
G1 X587.2392 Y154.2649
G1 X587.3020 Y154.3526
G1 X587.3591 Y154.4443
G1 X587.4100 Y154.5395
G1 X587.4545 Y154.6379
G1 X587.4926 Y154.7390
G1 X587.5239 Y154.8423
G1 X587.5484 Y154.9474
G1 X587.5660 Y155.0540
G1 X587.5766 Y155.1614
G1 X587.5801 Y155.2693
G1 Y216.5693
G1 X587.5766 Y216.6772
G1 X587.5660 Y216.7847
G1 X587.5484 Y216.8912
G1 X587.5239 Y216.9964
G1 X587.4926 Y217.0997
G1 X587.4545 Y217.2008
G1 X587.4100 Y217.2991
G1 X587.3591 Y217.3943
G1 X587.3020 Y217.4860
G1 X587.2392 Y217.5738
G1 X587.1707 Y217.6572
G1 X587.0968 Y217.7361
G1 X587.0180 Y217.8099
G1 X586.9346 Y217.8784
G1 X586.8468 Y217.9413
G1 X586.7551 Y217.9983
G1 X586.6599 Y218.0492
G1 X586.5616 Y218.0937
G1 X586.4605 Y218.1318
G1 X586.3572 Y218.1631
G1 X586.2520 Y218.1876
G1 X586.1455 Y218.2052
G1 X586.0380 Y218.2158
G1 X585.9301 Y218.2193
G1 X564.1259
G0 Z0.0000 F480
G1 X559.1759 F600
G1 Z4.0000 F120
G1 X539.6301 F600
G1 X539.5222 Y218.2158
G1 X539.4148 Y218.2052
G1 X539.3082 Y218.1876
G1 X539.2031 Y218.1631
G1 X539.0997 Y218.1318
G1 X538.9987 Y218.0937
G1 X538.9003 Y218.0492
G1 X538.8051 Y217.9983
G1 X538.7134 Y217.9413
G1 X538.6257 Y217.8784
G1 X538.5422 Y217.8099
G1 X538.4634 Y217.7361
G1 X538.3896 Y217.6572
G1 X538.3211 Y217.5738
G1 X538.2582 Y217.4860
G1 X538.2012 Y217.3943
G1 X538.1503 Y217.2991
G1 X538.1057 Y217.2008
G1 X538.0677 Y217.0997
G1 X538.0363 Y216.9964
G1 X538.0118 Y216.8912
G1 X537.9942 Y216.7847
G1 X537.9837 Y216.6772
G1 X537.9801 Y216.5693
G1 Y211.9193
G1 X538.4634 Y211.4361
G1 X537.9801 Y211.9193
G1 X481.2801
G1 X480.7968 Y211.4361
G1 X481.2801 Y211.9193
G1 Y216.5693
G1 X481.2766 Y216.6772
G1 X481.2660 Y216.7847
G1 X481.2484 Y216.8912
G1 X481.2239 Y216.9964
G1 X481.1926 Y217.0997
G1 X481.1545 Y217.2008
G1 X481.1100 Y217.2991
G1 X481.0591 Y217.3943
G1 X481.0020 Y217.4860
G1 X480.9392 Y217.5738
G1 X480.8707 Y217.6572
G1 X480.7968 Y217.7361
G1 X480.7180 Y217.8099
G1 X480.6346 Y217.8784
G1 X480.5468 Y217.9413
G1 X480.4551 Y217.9983
G1 X480.3599 Y218.0492
G1 X480.2616 Y218.0937
G1 X480.1605 Y218.1318
G1 X480.0572 Y218.1631
G1 X479.9520 Y218.1876
G1 X479.8455 Y218.2052
G1 X479.7380 Y218.2158
G1 X479.6301 Y218.2193
G1 X458.6813
G0 Z0.0000 F480
G1 X453.7313 F600
G0 Z3.5000 F480
G1 Z4.0000 F120
G1 Z8.0000
G1 X433.3301 F600
G1 X433.2222 Y218.2158
G1 X433.1148 Y218.2052
G1 X433.0082 Y218.1876
G1 X432.9031 Y218.1631
G1 X432.7997 Y218.1318
G1 X432.6987 Y218.0937
G1 X432.6003 Y218.0492
G1 X432.5051 Y217.9983
G1 X432.4134 Y217.9413
G1 X432.3257 Y217.8784
G1 X432.2422 Y217.8099
G1 X432.1634 Y217.7361
G1 X432.0896 Y217.6572
G1 X432.0211 Y217.5738
G1 X431.9582 Y217.4860
G1 X431.9012 Y217.3943
G1 X431.8503 Y217.2991
G1 X431.8057 Y217.2008
G1 X431.7677 Y217.0997
G1 X431.7363 Y216.9964
G1 X431.7118 Y216.8912
G1 X431.6942 Y216.7847
G1 X431.6837 Y216.6772
G1 X431.6801 Y216.5693
G1 Y33.9693
G1 X431.6837 Y33.8614
G1 X431.6942 Y33.7540
G1 X431.7118 Y33.6474
G1 X431.7363 Y33.5423
G1 X431.7677 Y33.4390
G1 X431.8057 Y33.3379
G1 X431.8503 Y33.2395
G1 X431.9012 Y33.1443
G1 X431.9582 Y33.0526
G1 X432.0211 Y32.9649
G1 X432.0896 Y32.8814
G1 X432.1634 Y32.8026
G1 X432.2422 Y32.7288
G1 X432.3257 Y32.6603
G1 X432.4134 Y32.5974
G1 X432.5051 Y32.5404
G1 X432.6003 Y32.4895
G1 X432.6987 Y32.4449
G1 X432.7997 Y32.4069
G1 X432.9031 Y32.3755
G1 X433.0082 Y32.3510
G1 X433.1148 Y32.3334
G1 X433.2222 Y32.3229
G1 X433.3301 Y32.3193
G1 X454.0051
G0 Z0.0000 F480
G1 X458.9551 F600
G0 Z3.5000 F480
G1 Z4.0000 F120
G1 Z8.0000
G1 X479.6301 F600
G1 X479.7380 Y32.3229
G1 X479.8455 Y32.3334
G1 X479.9520 Y32.3510
G1 X480.0572 Y32.3755
G1 X480.1605 Y32.4069
G1 X480.2616 Y32.4449
G1 X480.3599 Y32.4895
G1 X480.4551 Y32.5404
G1 X480.5468 Y32.5974
G1 X480.6346 Y32.6603
G1 X480.7180 Y32.7288
G1 X480.7968 Y32.8026
G1 X480.8707 Y32.8814
G1 X480.9392 Y32.9649
G1 X481.0020 Y33.0526
G1 X481.0591 Y33.1443
G1 X481.1100 Y33.2395
G1 X481.1545 Y33.3379
G1 X481.1926 Y33.4390
G1 X481.2239 Y33.5423
G1 X481.2484 Y33.6474
G1 X481.2660 Y33.7540
G1 X481.2766 Y33.8614
G1 X481.2801 Y33.9693
G1 Y38.6193
G1 X480.7968 Y39.1026
G1 X481.2801 Y38.6193
G1 X537.9801
G1 X538.4634 Y39.1026
G1 X537.9801 Y38.6193
G1 Y33.9693
G1 X537.9837 Y33.8614
G1 X537.9942 Y33.7540
G1 X538.0118 Y33.6474
G1 X538.0363 Y33.5423
G1 X538.0677 Y33.4390
G1 X538.1057 Y33.3379
G1 X538.1503 Y33.2395
G1 X538.2012 Y33.1443
G1 X538.2582 Y33.0526
G1 X538.3211 Y32.9649
G1 X538.3896 Y32.8814
G1 X538.4634 Y32.8026
G1 X538.5422 Y32.7288
G1 X538.6257 Y32.6603
G1 X538.7134 Y32.5974
G1 X538.8051 Y32.5404
G1 X538.9003 Y32.4895
G1 X538.9987 Y32.4449
G1 X539.0997 Y32.4069
G1 X539.2031 Y32.3755
G1 X539.3082 Y32.3510
G1 X539.4148 Y32.3334
G1 X539.5222 Y32.3229
G1 X539.6301 Y32.3193
G1 X560.3051
G0 Z0.0000 F480
G1 X565.2551 F600
G0 Z3.5000 F480
G1 Z4.0000 F120
G1 Z8.0000
G1 X585.9301 F600
G1 X586.0380 Y32.3229
G1 X586.1455 Y32.3334
G1 X586.2520 Y32.3510
G1 X586.3572 Y32.3755
G1 X586.4605 Y32.4069
G1 X586.5616 Y32.4449
G1 X586.6599 Y32.4895
G1 X586.7551 Y32.5404
G1 X586.8468 Y32.5974
G1 X586.9346 Y32.6603
G1 X587.0180 Y32.7288
G1 X587.0968 Y32.8026
G1 X587.1707 Y32.8814
G1 X587.2392 Y32.9649
G1 X587.3020 Y33.0526
G1 X587.3591 Y33.1443
G1 X587.4100 Y33.2395
G1 X587.4545 Y33.3379
G1 X587.4926 Y33.4390
G1 X587.5239 Y33.5423
G1 X587.5484 Y33.6474
G1 X587.5660 Y33.7540
G1 X587.5766 Y33.8614
G1 X587.5801 Y33.9693
G1 Y95.2693
G1 X587.5766 Y95.3772
G1 X587.5660 Y95.4847
G1 X587.5484 Y95.5912
G1 X587.5239 Y95.6964
G1 X587.4926 Y95.7997
G1 X587.4545 Y95.9008
G1 X587.4100 Y95.9991
G1 X587.3591 Y96.0943
G1 X587.3020 Y96.1860
G1 X587.2392 Y96.2738
G1 X587.1707 Y96.3572
G1 X587.0968 Y96.4361
G1 X587.0180 Y96.5099
G1 X586.9346 Y96.5784
G1 X586.8468 Y96.6413
G1 X586.7551 Y96.6983
G1 X586.6599 Y96.7492
G1 X586.5616 Y96.7937
G1 X586.4605 Y96.8318
G1 X586.3572 Y96.8631
G1 X586.2520 Y96.8876
G1 X586.1455 Y96.9052
G1 X586.0380 Y96.9158
G1 X585.9301 Y96.9193
G1 X581.2801
G1 X580.7968 Y96.4361
G1 X581.2801 Y96.9193
G1 Y153.6193
G1 X580.7968 Y154.1026
G1 X581.2801 Y153.6193
G1 X585.9301
G1 X586.0380 Y153.6229
G1 X586.1455 Y153.6334
G1 X586.2520 Y153.6510
G1 X586.3572 Y153.6755
G1 X586.4605 Y153.7069
G1 X586.5616 Y153.7449
G1 X586.6599 Y153.7895
G1 X586.7551 Y153.8404
G1 X586.8468 Y153.8974
G1 X586.9346 Y153.9603
G1 X587.0180 Y154.0288
G1 X587.0968 Y154.1026
G1 X587.1707 Y154.1814
G1 X587.2392 Y154.2649
G1 X587.3020 Y154.3526
G1 X587.3591 Y154.4443
G1 X587.4100 Y154.5395
G1 X587.4545 Y154.6379
G1 X587.4926 Y154.7390
G1 X587.5239 Y154.8423
G1 X587.5484 Y154.9474
G1 X587.5660 Y155.0540
G1 X587.5766 Y155.1614
G1 X587.5801 Y155.2693
G1 Y216.5693
G1 X587.5766 Y216.6772
G1 X587.5660 Y216.7847
G1 X587.5484 Y216.8912
G1 X587.5239 Y216.9964
G1 X587.4926 Y217.0997
G1 X587.4545 Y217.2008
G1 X587.4100 Y217.2991
G1 X587.3591 Y217.3943
G1 X587.3020 Y217.4860
G1 X587.2392 Y217.5738
G1 X587.1707 Y217.6572
G1 X587.0968 Y217.7361
G1 X587.0180 Y217.8099
G1 X586.9346 Y217.8784
G1 X586.8468 Y217.9413
G1 X586.7551 Y217.9983
G1 X586.6599 Y218.0492
G1 X586.5616 Y218.0937
G1 X586.4605 Y218.1318
G1 X586.3572 Y218.1631
G1 X586.2520 Y218.1876
G1 X586.1455 Y218.2052
G1 X586.0380 Y218.2158
G1 X585.9301 Y218.2193
G1 X564.1259
G0 Z0.0000 F480
G1 X559.1759 F600
G0 Z3.5000 F480
G1 Z4.0000 F120
G1 Z8.0000
G1 X539.6301 F600
G1 X539.5222 Y218.2158
G1 X539.4148 Y218.2052
G1 X539.3082 Y218.1876
G1 X539.2031 Y218.1631
G1 X539.0997 Y218.1318
G1 X538.9987 Y218.0937
G1 X538.9003 Y218.0492
G1 X538.8051 Y217.9983
G1 X538.7134 Y217.9413
G1 X538.6257 Y217.8784
G1 X538.5422 Y217.8099
G1 X538.4634 Y217.7361
G1 X538.3896 Y217.6572
G1 X538.3211 Y217.5738
G1 X538.2582 Y217.4860
G1 X538.2012 Y217.3943
G1 X538.1503 Y217.2991
G1 X538.1057 Y217.2008
G1 X538.0677 Y217.0997
G1 X538.0363 Y216.9964
G1 X538.0118 Y216.8912
G1 X537.9942 Y216.7847
G1 X537.9837 Y216.6772
G1 X537.9801 Y216.5693
G1 Y211.9193
G1 X538.4634 Y211.4361
G1 X537.9801 Y211.9193
G1 X481.2801
G1 X480.7968 Y211.4361
G1 X481.2801 Y211.9193
G1 Y216.5693
G1 X481.2766 Y216.6772
G1 X481.2660 Y216.7847
G1 X481.2484 Y216.8912
G1 X481.2239 Y216.9964
G1 X481.1926 Y217.0997
G1 X481.1545 Y217.2008
G1 X481.1100 Y217.2991
G1 X481.0591 Y217.3943
G1 X481.0020 Y217.4860
G1 X480.9392 Y217.5738
G1 X480.8707 Y217.6572
G1 X480.7968 Y217.7361
G1 X480.7180 Y217.8099
G1 X480.6346 Y217.8784
G1 X480.5468 Y217.9413
G1 X480.4551 Y217.9983
G1 X480.3599 Y218.0492
G1 X480.2616 Y218.0937
G1 X480.1605 Y218.1318
G1 X480.0572 Y218.1631
G1 X479.9520 Y218.1876
G1 X479.8455 Y218.2052
G1 X479.7380 Y218.2158
G1 X479.6301 Y218.2193
G1 X458.6813
G0 Z0.0000 F480
G1 X453.7313 F600
G0 Z-5.0000 F480


(No. 183: Part 3)
G0 X328.8956 Y291.5885 Z-5.0000 F2100
G0 Z-0.5000 F480
G1 Z0.0000 F120
G1 Z4.0000
G1 Y274.0635 F600
G1 X328.8991 Y273.9556
G1 X328.9097 Y273.8481
G1 X328.9273 Y273.7416
G1 X328.9518 Y273.6364
G1 X328.9831 Y273.5331
G1 X329.0211 Y273.4320
G1 X329.0657 Y273.3337
G1 X329.1166 Y273.2385
G1 X329.1736 Y273.1468
G1 X329.2365 Y273.0590
G1 X329.3050 Y272.9756
G1 X329.3788 Y272.8968
G1 X329.4576 Y272.8229
G1 X329.5411 Y272.7544
G1 X329.6289 Y272.6916
G1 X329.7206 Y272.6345
G1 X329.8158 Y272.5836
G1 X329.9141 Y272.5391
G1 X330.0152 Y272.5010
G1 X330.1185 Y272.4697
G1 X330.2237 Y272.4452
G1 X330.3302 Y272.4276
G1 X330.4376 Y272.4170
G1 X330.5456 Y272.4135
G1 X335.1956
G1 X335.6788 Y272.8968
G1 X335.1956 Y272.4135
G1 Y227.7635
G1 X335.1991 Y227.6556
G1 X335.2097 Y227.5481
G1 X335.2273 Y227.4416
G1 X335.2518 Y227.3364
G1 X335.2831 Y227.2331
G1 X335.3211 Y227.1320
G1 X335.3657 Y227.0337
G1 X335.4166 Y226.9385
G1 X335.4736 Y226.8468
G1 X335.5365 Y226.7590
G1 X335.6050 Y226.6756
G1 X335.6788 Y226.5968
G1 X335.7576 Y226.5229
G1 X335.8411 Y226.4544
G1 X335.9289 Y226.3916
G1 X336.0206 Y226.3345
G1 X336.1158 Y226.2836
G1 X336.2141 Y226.2391
G1 X336.3152 Y226.2010
G1 X336.4185 Y226.1697
G1 X336.5237 Y226.1452
G1 X336.6302 Y226.1276
G1 X336.7376 Y226.1170
G1 X336.8456 Y226.1135
G1 X446.8456
G1 X446.9535 Y226.1170
G1 X447.0609 Y226.1276
G1 X447.1674 Y226.1452
G1 X447.2726 Y226.1697
G1 X447.3759 Y226.2010
G1 X447.4770 Y226.2391
G1 X447.5753 Y226.2836
G1 X447.6706 Y226.3345
G1 X447.7622 Y226.3916
G1 X447.8500 Y226.4544
G1 X447.9335 Y226.5229
G1 X448.0123 Y226.5968
G1 X448.0861 Y226.6756
G1 X448.1546 Y226.7590
G1 X448.2175 Y226.8468
G1 X448.2745 Y226.9385
G1 X448.3254 Y227.0337
G1 X448.3700 Y227.1320
G1 X448.4080 Y227.2331
G1 X448.4393 Y227.3364
G1 X448.4638 Y227.4416
G1 X448.4814 Y227.5481
G1 X448.4920 Y227.6556
G1 X448.4956 Y227.7635
G1 Y272.4135
G1 X448.0123 Y272.8968
G1 X448.4956 Y272.4135
G1 X453.1456
G1 X453.2535 Y272.4170
G1 X453.3609 Y272.4276
G1 X453.4674 Y272.4452
G1 X453.5726 Y272.4697
G1 X453.6759 Y272.5010
G1 X453.7770 Y272.5391
G1 X453.8753 Y272.5836
G1 X453.9706 Y272.6345
G1 X454.0622 Y272.6916
G1 X454.1500 Y272.7544
G1 X454.2335 Y272.8229
G1 X454.3123 Y272.8968
G1 X454.3861 Y272.9756
G1 X454.4546 Y273.0590
G1 X454.5175 Y273.1468
G1 X454.5745 Y273.2385
G1 X454.6254 Y273.3337
G1 X454.6700 Y273.4320
G1 X454.7080 Y273.5331
G1 X454.7393 Y273.6364
G1 X454.7638 Y273.7416
G1 X454.7814 Y273.8481
G1 X454.7920 Y273.9556
G1 X454.7956 Y274.0635
G1 Y291.5885
G0 Z0.0000 F480
G1 Y296.5385 F600
G1 Z4.0000 F120
G1 Y334.0635 F600
G1 X454.7920 Y334.1714
G1 X454.7814 Y334.2788
G1 X454.7638 Y334.3854
G1 X454.7393 Y334.4905
G1 X454.7080 Y334.5939
G1 X454.6700 Y334.6949
G1 X454.6254 Y334.7933
G1 X454.5745 Y334.8885
G1 X454.5175 Y334.9802
G1 X454.4546 Y335.0679
G1 X454.3861 Y335.1514
G1 X454.3123 Y335.2302
G1 X454.2335 Y335.3040
G1 X454.1500 Y335.3725
G1 X454.0622 Y335.4354
G1 X453.9706 Y335.4924
G1 X453.8753 Y335.5433
G1 X453.7770 Y335.5879
G1 X453.6759 Y335.6259
G1 X453.5726 Y335.6573
G1 X453.4674 Y335.6818
G1 X453.3609 Y335.6994
G1 X453.2535 Y335.7099
G1 X453.1456 Y335.7135
G1 X448.4956
G1 X448.0123 Y335.2302
G1 X448.4956 Y335.7135
G1 Y380.3635
G1 X448.4920 Y380.4714
G1 X448.4814 Y380.5788
G1 X448.4638 Y380.6854
G1 X448.4393 Y380.7905
G1 X448.4080 Y380.8939
G1 X448.3700 Y380.9949
G1 X448.3254 Y381.0933
G1 X448.2745 Y381.1885
G1 X448.2175 Y381.2802
G1 X448.1546 Y381.3679
G1 X448.0861 Y381.4514
G1 X448.0123 Y381.5302
G1 X447.9335 Y381.6040
G1 X447.8500 Y381.6725
G1 X447.7622 Y381.7354
G1 X447.6706 Y381.7924
G1 X447.5753 Y381.8433
G1 X447.4770 Y381.8879
G1 X447.3759 Y381.9259
G1 X447.2726 Y381.9573
G1 X447.1674 Y381.9818
G1 X447.0609 Y381.9994
G1 X446.9535 Y382.0099
G1 X446.8456 Y382.0135
G1 X436.8206
G0 Z0.0000 F480
G1 X431.8706 F600
G1 Z4.0000 F120
G1 X421.8456 F600
G1 X421.7376 Y382.0099
G1 X421.6302 Y381.9994
G1 X421.5237 Y381.9818
G1 X421.4185 Y381.9573
G1 X421.3152 Y381.9259
G1 X421.2141 Y381.8879
G1 X421.1158 Y381.8433
G1 X421.0206 Y381.7924
G1 X420.9289 Y381.7354
G1 X420.8411 Y381.6725
G1 X420.7576 Y381.6040
G1 X420.6788 Y381.5302
G1 X420.6050 Y381.4514
G1 X420.5365 Y381.3679
G1 X420.4736 Y381.2802
G1 X420.4166 Y381.1885
G1 X420.3657 Y381.0933
G1 X420.3211 Y380.9949
G1 X420.2831 Y380.8939
G1 X420.2518 Y380.7905
G1 X420.2273 Y380.6854
G1 X420.2097 Y380.5788
G1 X420.1991 Y380.4714
G1 X420.1956 Y380.3635
G1 Y375.7135
G1 X420.6788 Y375.2302
G1 X420.1956 Y375.7135
G1 X363.4956
G1 X363.0123 Y375.2302
G1 X363.4956 Y375.7135
G1 Y380.3635
G1 X363.4920 Y380.4714
G1 X363.4814 Y380.5788
G1 X363.4638 Y380.6854
G1 X363.4393 Y380.7905
G1 X363.4080 Y380.8939
G1 X363.3700 Y380.9949
G1 X363.3254 Y381.0933
G1 X363.2745 Y381.1885
G1 X363.2175 Y381.2802
G1 X363.1546 Y381.3679
G1 X363.0861 Y381.4514
G1 X363.0123 Y381.5302
G1 X362.9335 Y381.6040
G1 X362.8500 Y381.6725
G1 X362.7622 Y381.7354
G1 X362.6706 Y381.7924
G1 X362.5753 Y381.8433
G1 X362.4770 Y381.8879
G1 X362.3759 Y381.9259
G1 X362.2726 Y381.9573
G1 X362.1674 Y381.9818
G1 X362.0609 Y381.9994
G1 X361.9535 Y382.0099
G1 X361.8456 Y382.0135
G1 X351.8206
G0 Z0.0000 F480
G1 X346.8706 F600
G1 Z4.0000 F120
G1 X336.8456 F600
G1 X336.7376 Y382.0099
G1 X336.6302 Y381.9994
G1 X336.5237 Y381.9818
G1 X336.4185 Y381.9573
G1 X336.3152 Y381.9259
G1 X336.2141 Y381.8879
G1 X336.1158 Y381.8433
G1 X336.0206 Y381.7924
G1 X335.9289 Y381.7354
G1 X335.8411 Y381.6725
G1 X335.7576 Y381.6040
G1 X335.6788 Y381.5302
G1 X335.6050 Y381.4514
G1 X335.5365 Y381.3679
G1 X335.4736 Y381.2802
G1 X335.4166 Y381.1885
G1 X335.3657 Y381.0933
G1 X335.3211 Y380.9949
G1 X335.2831 Y380.8939
G1 X335.2518 Y380.7905
G1 X335.2273 Y380.6854
G1 X335.2097 Y380.5788
G1 X335.1991 Y380.4714
G1 X335.1956 Y380.3635
G1 Y335.7135
G1 X335.6788 Y335.2302
G1 X335.1956 Y335.7135
G1 X330.5456
G1 X330.4376 Y335.7099
G1 X330.3302 Y335.6994
G1 X330.2237 Y335.6818
G1 X330.1185 Y335.6573
G1 X330.0152 Y335.6259
G1 X329.9141 Y335.5879
G1 X329.8158 Y335.5433
G1 X329.7206 Y335.4924
G1 X329.6289 Y335.4354
G1 X329.5411 Y335.3725
G1 X329.4576 Y335.3040
G1 X329.3788 Y335.2302
G1 X329.3050 Y335.1514
G1 X329.2365 Y335.0679
G1 X329.1736 Y334.9802
G1 X329.1166 Y334.8885
G1 X329.0657 Y334.7933
G1 X329.0211 Y334.6949
G1 X328.9831 Y334.5939
G1 X328.9518 Y334.4905
G1 X328.9273 Y334.3854
G1 X328.9097 Y334.2788
G1 X328.8991 Y334.1714
G1 X328.8956 Y334.0635
G1 Y296.5385
G0 Z0.0000 F480
G1 Y291.5885 F600
G0 Z3.5000 F480
G1 Z4.0000 F120
G1 Z8.0000
G1 Y274.0635 F600
G1 X328.8991 Y273.9556
G1 X328.9097 Y273.8481
G1 X328.9273 Y273.7416
G1 X328.9518 Y273.6364
G1 X328.9831 Y273.5331
G1 X329.0211 Y273.4320
G1 X329.0657 Y273.3337
G1 X329.1166 Y273.2385
G1 X329.1736 Y273.1468
G1 X329.2365 Y273.0590
G1 X329.3050 Y272.9756
G1 X329.3788 Y272.8968
G1 X329.4576 Y272.8229
G1 X329.5411 Y272.7544
G1 X329.6289 Y272.6916
G1 X329.7206 Y272.6345
G1 X329.8158 Y272.5836
G1 X329.9141 Y272.5391
G1 X330.0152 Y272.5010
G1 X330.1185 Y272.4697
G1 X330.2237 Y272.4452
G1 X330.3302 Y272.4276
G1 X330.4376 Y272.4170
G1 X330.5456 Y272.4135
G1 X335.1956
G1 X335.6788 Y272.8968
G1 X335.1956 Y272.4135
G1 Y227.7635
G1 X335.1991 Y227.6556
G1 X335.2097 Y227.5481
G1 X335.2273 Y227.4416
G1 X335.2518 Y227.3364
G1 X335.2831 Y227.2331
G1 X335.3211 Y227.1320
G1 X335.3657 Y227.0337
G1 X335.4166 Y226.9385
G1 X335.4736 Y226.8468
G1 X335.5365 Y226.7590
G1 X335.6050 Y226.6756
G1 X335.6788 Y226.5968
G1 X335.7576 Y226.5229
G1 X335.8411 Y226.4544
G1 X335.9289 Y226.3916
G1 X336.0206 Y226.3345
G1 X336.1158 Y226.2836
G1 X336.2141 Y226.2391
G1 X336.3152 Y226.2010
G1 X336.4185 Y226.1697
G1 X336.5237 Y226.1452
G1 X336.6302 Y226.1276
G1 X336.7376 Y226.1170
G1 X336.8456 Y226.1135
G1 X446.8456
G1 X446.9535 Y226.1170
G1 X447.0609 Y226.1276
G1 X447.1674 Y226.1452
G1 X447.2726 Y226.1697
G1 X447.3759 Y226.2010
G1 X447.4770 Y226.2391
G1 X447.5753 Y226.2836
G1 X447.6706 Y226.3345
G1 X447.7622 Y226.3916
G1 X447.8500 Y226.4544
G1 X447.9335 Y226.5229
G1 X448.0123 Y226.5968
G1 X448.0861 Y226.6756
G1 X448.1546 Y226.7590
G1 X448.2175 Y226.8468
G1 X448.2745 Y226.9385
G1 X448.3254 Y227.0337
G1 X448.3700 Y227.1320
G1 X448.4080 Y227.2331
G1 X448.4393 Y227.3364
G1 X448.4638 Y227.4416
G1 X448.4814 Y227.5481
G1 X448.4920 Y227.6556
G1 X448.4956 Y227.7635
G1 Y272.4135
G1 X448.0123 Y272.8968
G1 X448.4956 Y272.4135
G1 X453.1456
G1 X453.2535 Y272.4170
G1 X453.3609 Y272.4276
G1 X453.4674 Y272.4452
G1 X453.5726 Y272.4697
G1 X453.6759 Y272.5010
G1 X453.7770 Y272.5391
G1 X453.8753 Y272.5836
G1 X453.9706 Y272.6345
G1 X454.0622 Y272.6916
G1 X454.1500 Y272.7544
G1 X454.2335 Y272.8229
G1 X454.3123 Y272.8968
G1 X454.3861 Y272.9756
G1 X454.4546 Y273.0590
G1 X454.5175 Y273.1468
G1 X454.5745 Y273.2385
G1 X454.6254 Y273.3337
G1 X454.6700 Y273.4320
G1 X454.7080 Y273.5331
G1 X454.7393 Y273.6364
G1 X454.7638 Y273.7416
G1 X454.7814 Y273.8481
G1 X454.7920 Y273.9556
G1 X454.7956 Y274.0635
G1 Y291.5885
G0 Z0.0000 F480
G1 Y296.5385 F600
G0 Z3.5000 F480
G1 Z4.0000 F120
G1 Z8.0000
G1 Y334.0635 F600
G1 X454.7920 Y334.1714
G1 X454.7814 Y334.2788
G1 X454.7638 Y334.3854
G1 X454.7393 Y334.4905
G1 X454.7080 Y334.5939
G1 X454.6700 Y334.6949
G1 X454.6254 Y334.7933
G1 X454.5745 Y334.8885
G1 X454.5175 Y334.9802
G1 X454.4546 Y335.0679
G1 X454.3861 Y335.1514
G1 X454.3123 Y335.2302
G1 X454.2335 Y335.3040
G1 X454.1500 Y335.3725
G1 X454.0622 Y335.4354
G1 X453.9706 Y335.4924
G1 X453.8753 Y335.5433
G1 X453.7770 Y335.5879
G1 X453.6759 Y335.6259
G1 X453.5726 Y335.6573
G1 X453.4674 Y335.6818
G1 X453.3609 Y335.6994
G1 X453.2535 Y335.7099
G1 X453.1456 Y335.7135
G1 X448.4956
G1 X448.0123 Y335.2302
G1 X448.4956 Y335.7135
G1 Y380.3635
G1 X448.4920 Y380.4714
G1 X448.4814 Y380.5788
G1 X448.4638 Y380.6854
G1 X448.4393 Y380.7905
G1 X448.4080 Y380.8939
G1 X448.3700 Y380.9949
G1 X448.3254 Y381.0933
G1 X448.2745 Y381.1885
G1 X448.2175 Y381.2802
G1 X448.1546 Y381.3679
G1 X448.0861 Y381.4514
G1 X448.0123 Y381.5302
G1 X447.9335 Y381.6040
G1 X447.8500 Y381.6725
G1 X447.7622 Y381.7354
G1 X447.6706 Y381.7924
G1 X447.5753 Y381.8433
G1 X447.4770 Y381.8879
G1 X447.3759 Y381.9259
G1 X447.2726 Y381.9573
G1 X447.1674 Y381.9818
G1 X447.0609 Y381.9994
G1 X446.9535 Y382.0099
G1 X446.8456 Y382.0135
G1 X436.8206
G0 Z0.0000 F480
G1 X431.8706 F600
G0 Z3.5000 F480
G1 Z4.0000 F120
G1 Z8.0000
G1 X421.8456 F600
G1 X421.7376 Y382.0099
G1 X421.6302 Y381.9994
G1 X421.5237 Y381.9818
G1 X421.4185 Y381.9573
G1 X421.3152 Y381.9259
G1 X421.2141 Y381.8879
G1 X421.1158 Y381.8433
G1 X421.0206 Y381.7924
G1 X420.9289 Y381.7354
G1 X420.8411 Y381.6725
G1 X420.7576 Y381.6040
G1 X420.6788 Y381.5302
G1 X420.6050 Y381.4514
G1 X420.5365 Y381.3679
G1 X420.4736 Y381.2802
G1 X420.4166 Y381.1885
G1 X420.3657 Y381.0933
G1 X420.3211 Y380.9949
G1 X420.2831 Y380.8939
G1 X420.2518 Y380.7905
G1 X420.2273 Y380.6854
G1 X420.2097 Y380.5788
G1 X420.1991 Y380.4714
G1 X420.1956 Y380.3635
G1 Y375.7135
G1 X420.6788 Y375.2302
G1 X420.1956 Y375.7135
G1 X363.4956
G1 X363.0123 Y375.2302
G1 X363.4956 Y375.7135
G1 Y380.3635
G1 X363.4920 Y380.4714
G1 X363.4814 Y380.5788
G1 X363.4638 Y380.6854
G1 X363.4393 Y380.7905
G1 X363.4080 Y380.8939
G1 X363.3700 Y380.9949
G1 X363.3254 Y381.0933
G1 X363.2745 Y381.1885
G1 X363.2175 Y381.2802
G1 X363.1546 Y381.3679
G1 X363.0861 Y381.4514
G1 X363.0123 Y381.5302
G1 X362.9335 Y381.6040
G1 X362.8500 Y381.6725
G1 X362.7622 Y381.7354
G1 X362.6706 Y381.7924
G1 X362.5753 Y381.8433
G1 X362.4770 Y381.8879
G1 X362.3759 Y381.9259
G1 X362.2726 Y381.9573
G1 X362.1674 Y381.9818
G1 X362.0609 Y381.9994
G1 X361.9535 Y382.0099
G1 X361.8456 Y382.0135
G1 X351.8206
G0 Z0.0000 F480
G1 X346.8706 F600
G0 Z3.5000 F480
G1 Z4.0000 F120
G1 Z8.0000
G1 X336.8456 F600
G1 X336.7376 Y382.0099
G1 X336.6302 Y381.9994
G1 X336.5237 Y381.9818
G1 X336.4185 Y381.9573
G1 X336.3152 Y381.9259
G1 X336.2141 Y381.8879
G1 X336.1158 Y381.8433
G1 X336.0206 Y381.7924
G1 X335.9289 Y381.7354
G1 X335.8411 Y381.6725
G1 X335.7576 Y381.6040
G1 X335.6788 Y381.5302
G1 X335.6050 Y381.4514
G1 X335.5365 Y381.3679
G1 X335.4736 Y381.2802
G1 X335.4166 Y381.1885
G1 X335.3657 Y381.0933
G1 X335.3211 Y380.9949
G1 X335.2831 Y380.8939
G1 X335.2518 Y380.7905
G1 X335.2273 Y380.6854
G1 X335.2097 Y380.5788
G1 X335.1991 Y380.4714
G1 X335.1956 Y380.3635
G1 Y335.7135
G1 X335.6788 Y335.2302
G1 X335.1956 Y335.7135
G1 X330.5456
G1 X330.4376 Y335.7099
G1 X330.3302 Y335.6994
G1 X330.2237 Y335.6818
G1 X330.1185 Y335.6573
G1 X330.0152 Y335.6259
G1 X329.9141 Y335.5879
G1 X329.8158 Y335.5433
G1 X329.7206 Y335.4924
G1 X329.6289 Y335.4354
G1 X329.5411 Y335.3725
G1 X329.4576 Y335.3040
G1 X329.3788 Y335.2302
G1 X329.3050 Y335.1514
G1 X329.2365 Y335.0679
G1 X329.1736 Y334.9802
G1 X329.1166 Y334.8885
G1 X329.0657 Y334.7933
G1 X329.0211 Y334.6949
G1 X328.9831 Y334.5939
G1 X328.9518 Y334.4905
G1 X328.9273 Y334.3854
G1 X328.9097 Y334.2788
G1 X328.8991 Y334.1714
G1 X328.8956 Y334.0635
G1 Y296.5385
G0 Z0.0000 F480
G1 Y291.5885 F600
G0 Z-5.0000 F480


(No. 184: Part 2)
G0 X290.9010 Y218.2193 Z-5.0000 F2100
G0 Z-0.5000 F480
G1 Z0.0000 F120
G1 Z4.0000
G1 X270.4998 F600
G1 X270.3919 Y218.2158
G1 X270.2844 Y218.2052
G1 X270.1779 Y218.1876
G1 X270.0728 Y218.1631
G1 X269.9694 Y218.1318
G1 X269.8684 Y218.0937
G1 X269.7700 Y218.0492
G1 X269.6748 Y217.9983
G1 X269.5831 Y217.9413
G1 X269.4953 Y217.8784
G1 X269.4119 Y217.8099
G1 X269.3331 Y217.7361
G1 X269.2593 Y217.6572
G1 X269.1908 Y217.5738
G1 X269.1279 Y217.4860
G1 X269.0709 Y217.3943
G1 X269.0200 Y217.2991
G1 X268.9754 Y217.2008
G1 X268.9374 Y217.0997
G1 X268.9060 Y216.9964
G1 X268.8815 Y216.8912
G1 X268.8639 Y216.7847
G1 X268.8533 Y216.6772
G1 X268.8498 Y216.5693
G1 Y33.9693
G1 X268.8533 Y33.8614
G1 X268.8639 Y33.7540
G1 X268.8815 Y33.6474
G1 X268.9060 Y33.5423
G1 X268.9374 Y33.4390
G1 X268.9754 Y33.3379
G1 X269.0200 Y33.2395
G1 X269.0709 Y33.1443
G1 X269.1279 Y33.0526
G1 X269.1908 Y32.9649
G1 X269.2593 Y32.8814
G1 X269.3331 Y32.8026
G1 X269.4119 Y32.7288
G1 X269.4953 Y32.6603
G1 X269.5831 Y32.5974
G1 X269.6748 Y32.5404
G1 X269.7700 Y32.4895
G1 X269.8684 Y32.4449
G1 X269.9694 Y32.4069
G1 X270.0728 Y32.3755
G1 X270.1779 Y32.3510
G1 X270.2844 Y32.3334
G1 X270.3919 Y32.3229
G1 X270.4998 Y32.3193
G1 X291.1748
G0 Z0.0000 F480
G1 X296.1248 F600
G1 Z4.0000 F120
G1 X316.7998 F600
G1 X316.9077 Y32.3229
G1 X317.0152 Y32.3334
G1 X317.1217 Y32.3510
G1 X317.2269 Y32.3755
G1 X317.3302 Y32.4069
G1 X317.4312 Y32.4449
G1 X317.5296 Y32.4895
G1 X317.6248 Y32.5404
G1 X317.7165 Y32.5974
G1 X317.8043 Y32.6603
G1 X317.8877 Y32.7288
G1 X317.9665 Y32.8026
G1 X318.0403 Y32.8814
G1 X318.1088 Y32.9649
G1 X318.1717 Y33.0526
G1 X318.2287 Y33.1443
G1 X318.2796 Y33.2395
G1 X318.3242 Y33.3379
G1 X318.3622 Y33.4390
G1 X318.3936 Y33.5423
G1 X318.4181 Y33.6474
G1 X318.4357 Y33.7540
G1 X318.4463 Y33.8614
G1 X318.4498 Y33.9693
G1 Y38.6193
G1 X317.9665 Y39.1026
G1 X318.4498 Y38.6193
G1 X375.1498
G1 X375.6331 Y39.1026
G1 X375.1498 Y38.6193
G1 Y33.9693
G1 X375.1533 Y33.8614
G1 X375.1639 Y33.7540
G1 X375.1815 Y33.6474
G1 X375.2060 Y33.5423
G1 X375.2374 Y33.4390
G1 X375.2754 Y33.3379
G1 X375.3200 Y33.2395
G1 X375.3709 Y33.1443
G1 X375.4279 Y33.0526
G1 X375.4908 Y32.9649
G1 X375.5593 Y32.8814
G1 X375.6331 Y32.8026
G1 X375.7119 Y32.7288
G1 X375.7953 Y32.6603
G1 X375.8831 Y32.5974
G1 X375.9748 Y32.5404
G1 X376.0700 Y32.4895
G1 X376.1684 Y32.4449
G1 X376.2694 Y32.4069
G1 X376.3728 Y32.3755
G1 X376.4779 Y32.3510
G1 X376.5844 Y32.3334
G1 X376.6919 Y32.3229
G1 X376.7998 Y32.3193
G1 X397.4748
G0 Z0.0000 F480
G1 X402.4248 F600
G1 Z4.0000 F120
G1 X423.0998 F600
G1 X423.2077 Y32.3229
G1 X423.3152 Y32.3334
G1 X423.4217 Y32.3510
G1 X423.5269 Y32.3755
G1 X423.6302 Y32.4069
G1 X423.7312 Y32.4449
G1 X423.8296 Y32.4895
G1 X423.9248 Y32.5404
G1 X424.0165 Y32.5974
G1 X424.1043 Y32.6603
G1 X424.1877 Y32.7288
G1 X424.2665 Y32.8026
G1 X424.3403 Y32.8814
G1 X424.4088 Y32.9649
G1 X424.4717 Y33.0526
G1 X424.5287 Y33.1443
G1 X424.5796 Y33.2395
G1 X424.6242 Y33.3379
G1 X424.6622 Y33.4390
G1 X424.6936 Y33.5423
G1 X424.7181 Y33.6474
G1 X424.7357 Y33.7540
G1 X424.7463 Y33.8614
G1 X424.7498 Y33.9693
G1 Y95.2693
G1 X424.7463 Y95.3772
G1 X424.7357 Y95.4847
G1 X424.7181 Y95.5912
G1 X424.6936 Y95.6964
G1 X424.6622 Y95.7997
G1 X424.6242 Y95.9008
G1 X424.5796 Y95.9991
G1 X424.5287 Y96.0943
G1 X424.4717 Y96.1860
G1 X424.4088 Y96.2738
G1 X424.3403 Y96.3572
G1 X424.2665 Y96.4361
G1 X424.1877 Y96.5099
G1 X424.1043 Y96.5784
G1 X424.0165 Y96.6413
G1 X423.9248 Y96.6983
G1 X423.8296 Y96.7492
G1 X423.7312 Y96.7937
G1 X423.6302 Y96.8318
G1 X423.5269 Y96.8631
G1 X423.4217 Y96.8876
G1 X423.3152 Y96.9052
G1 X423.2077 Y96.9158
G1 X423.0998 Y96.9193
G1 X418.4498
G1 X417.9665 Y96.4361
G1 X418.4498 Y96.9193
G1 Y153.6193
G1 X417.9665 Y154.1026
G1 X418.4498 Y153.6193
G1 X423.0998
G1 X423.2077 Y153.6229
G1 X423.3152 Y153.6334
G1 X423.4217 Y153.6510
G1 X423.5269 Y153.6755
G1 X423.6302 Y153.7069
G1 X423.7312 Y153.7449
G1 X423.8296 Y153.7895
G1 X423.9248 Y153.8404
G1 X424.0165 Y153.8974
G1 X424.1043 Y153.9603
G1 X424.1877 Y154.0288
G1 X424.2665 Y154.1026
G1 X424.3403 Y154.1814
G1 X424.4088 Y154.2649
G1 X424.4717 Y154.3526
G1 X424.5287 Y154.4443
G1 X424.5796 Y154.5395
G1 X424.6242 Y154.6379
G1 X424.6622 Y154.7390
G1 X424.6936 Y154.8423
G1 X424.7181 Y154.9474
G1 X424.7357 Y155.0540
G1 X424.7463 Y155.1614
G1 X424.7498 Y155.2693
G1 Y216.5693
G1 X424.7463 Y216.6772
G1 X424.7357 Y216.7847
G1 X424.7181 Y216.8912
G1 X424.6936 Y216.9964
G1 X424.6622 Y217.0997
G1 X424.6242 Y217.2008
G1 X424.5796 Y217.2991
G1 X424.5287 Y217.3943
G1 X424.4717 Y217.4860
G1 X424.4088 Y217.5738
G1 X424.3403 Y217.6572
G1 X424.2665 Y217.7361
G1 X424.1877 Y217.8099
G1 X424.1043 Y217.8784
G1 X424.0165 Y217.9413
G1 X423.9248 Y217.9983
G1 X423.8296 Y218.0492
G1 X423.7312 Y218.0937
G1 X423.6302 Y218.1318
G1 X423.5269 Y218.1631
G1 X423.4217 Y218.1876
G1 X423.3152 Y218.2052
G1 X423.2077 Y218.2158
G1 X423.0998 Y218.2193
G1 X401.2955
G0 Z0.0000 F480
G1 X396.3455 F600
G1 Z4.0000 F120
G1 X376.7998 F600
G1 X376.6919 Y218.2158
G1 X376.5844 Y218.2052
G1 X376.4779 Y218.1876
G1 X376.3728 Y218.1631
G1 X376.2694 Y218.1318
G1 X376.1684 Y218.0937
G1 X376.0700 Y218.0492
G1 X375.9748 Y217.9983
G1 X375.8831 Y217.9413
G1 X375.7953 Y217.8784
G1 X375.7119 Y217.8099
G1 X375.6331 Y217.7361
G1 X375.5593 Y217.6572
G1 X375.4908 Y217.5738
G1 X375.4279 Y217.4860
G1 X375.3709 Y217.3943
G1 X375.3200 Y217.2991
G1 X375.2754 Y217.2008
G1 X375.2374 Y217.0997
G1 X375.2060 Y216.9964
G1 X375.1815 Y216.8912
G1 X375.1639 Y216.7847
G1 X375.1533 Y216.6772
G1 X375.1498 Y216.5693
G1 Y211.9193
G1 X375.6331 Y211.4361
G1 X375.1498 Y211.9193
G1 X318.4498
G1 X317.9665 Y211.4361
G1 X318.4498 Y211.9193
G1 Y216.5693
G1 X318.4463 Y216.6772
G1 X318.4357 Y216.7847
G1 X318.4181 Y216.8912
G1 X318.3936 Y216.9964
G1 X318.3622 Y217.0997
G1 X318.3242 Y217.2008
G1 X318.2796 Y217.2991
G1 X318.2287 Y217.3943
G1 X318.1717 Y217.4860
G1 X318.1088 Y217.5738
G1 X318.0403 Y217.6572
G1 X317.9665 Y217.7361
G1 X317.8877 Y217.8099
G1 X317.8043 Y217.8784
G1 X317.7165 Y217.9413
G1 X317.6248 Y217.9983
G1 X317.5296 Y218.0492
G1 X317.4312 Y218.0937
G1 X317.3302 Y218.1318
G1 X317.2269 Y218.1631
G1 X317.1217 Y218.1876
G1 X317.0152 Y218.2052
G1 X316.9077 Y218.2158
G1 X316.7998 Y218.2193
G1 X295.8510
G0 Z0.0000 F480
G1 X290.9010 F600
G0 Z3.5000 F480
G1 Z4.0000 F120
G1 Z8.0000
G1 X270.4998 F600
G1 X270.3919 Y218.2158
G1 X270.2844 Y218.2052
G1 X270.1779 Y218.1876
G1 X270.0728 Y218.1631
G1 X269.9694 Y218.1318
G1 X269.8684 Y218.0937
G1 X269.7700 Y218.0492
G1 X269.6748 Y217.9983
G1 X269.5831 Y217.9413
G1 X269.4953 Y217.8784
G1 X269.4119 Y217.8099
G1 X269.3331 Y217.7361
G1 X269.2593 Y217.6572
G1 X269.1908 Y217.5738
G1 X269.1279 Y217.4860
G1 X269.0709 Y217.3943
G1 X269.0200 Y217.2991
G1 X268.9754 Y217.2008
G1 X268.9374 Y217.0997
G1 X268.9060 Y216.9964
G1 X268.8815 Y216.8912
G1 X268.8639 Y216.7847
G1 X268.8533 Y216.6772
G1 X268.8498 Y216.5693
G1 Y33.9693
G1 X268.8533 Y33.8614
G1 X268.8639 Y33.7540
G1 X268.8815 Y33.6474
G1 X268.9060 Y33.5423
G1 X268.9374 Y33.4390
G1 X268.9754 Y33.3379
G1 X269.0200 Y33.2395
G1 X269.0709 Y33.1443
G1 X269.1279 Y33.0526
G1 X269.1908 Y32.9649
G1 X269.2593 Y32.8814
G1 X269.3331 Y32.8026
G1 X269.4119 Y32.7288
G1 X269.4953 Y32.6603
G1 X269.5831 Y32.5974
G1 X269.6748 Y32.5404
G1 X269.7700 Y32.4895
G1 X269.8684 Y32.4449
G1 X269.9694 Y32.4069
G1 X270.0728 Y32.3755
G1 X270.1779 Y32.3510
G1 X270.2844 Y32.3334
G1 X270.3919 Y32.3229
G1 X270.4998 Y32.3193
G1 X291.1748
G0 Z0.0000 F480
G1 X296.1248 F600
G0 Z3.5000 F480
G1 Z4.0000 F120
G1 Z8.0000
G1 X316.7998 F600
G1 X316.9077 Y32.3229
G1 X317.0152 Y32.3334
G1 X317.1217 Y32.3510
G1 X317.2269 Y32.3755
G1 X317.3302 Y32.4069
G1 X317.4312 Y32.4449
G1 X317.5296 Y32.4895
G1 X317.6248 Y32.5404
G1 X317.7165 Y32.5974
G1 X317.8043 Y32.6603
G1 X317.8877 Y32.7288
G1 X317.9665 Y32.8026
G1 X318.0403 Y32.8814
G1 X318.1088 Y32.9649
G1 X318.1717 Y33.0526
G1 X318.2287 Y33.1443
G1 X318.2796 Y33.2395
G1 X318.3242 Y33.3379
G1 X318.3622 Y33.4390
G1 X318.3936 Y33.5423
G1 X318.4181 Y33.6474
G1 X318.4357 Y33.7540
G1 X318.4463 Y33.8614
G1 X318.4498 Y33.9693
G1 Y38.6193
G1 X317.9665 Y39.1026
G1 X318.4498 Y38.6193
G1 X375.1498
G1 X375.6331 Y39.1026
G1 X375.1498 Y38.6193
G1 Y33.9693
G1 X375.1533 Y33.8614
G1 X375.1639 Y33.7540
G1 X375.1815 Y33.6474
G1 X375.2060 Y33.5423
G1 X375.2374 Y33.4390
G1 X375.2754 Y33.3379
G1 X375.3200 Y33.2395
G1 X375.3709 Y33.1443
G1 X375.4279 Y33.0526
G1 X375.4908 Y32.9649
G1 X375.5593 Y32.8814
G1 X375.6331 Y32.8026
G1 X375.7119 Y32.7288
G1 X375.7953 Y32.6603
G1 X375.8831 Y32.5974
G1 X375.9748 Y32.5404
G1 X376.0700 Y32.4895
G1 X376.1684 Y32.4449
G1 X376.2694 Y32.4069
G1 X376.3728 Y32.3755
G1 X376.4779 Y32.3510
G1 X376.5844 Y32.3334
G1 X376.6919 Y32.3229
G1 X376.7998 Y32.3193
G1 X397.4748
G0 Z0.0000 F480
G1 X402.4248 F600
G0 Z3.5000 F480
G1 Z4.0000 F120
G1 Z8.0000
G1 X423.0998 F600
G1 X423.2077 Y32.3229
G1 X423.3152 Y32.3334
G1 X423.4217 Y32.3510
G1 X423.5269 Y32.3755
G1 X423.6302 Y32.4069
G1 X423.7312 Y32.4449
G1 X423.8296 Y32.4895
G1 X423.9248 Y32.5404
G1 X424.0165 Y32.5974
G1 X424.1043 Y32.6603
G1 X424.1877 Y32.7288
G1 X424.2665 Y32.8026
G1 X424.3403 Y32.8814
G1 X424.4088 Y32.9649
G1 X424.4717 Y33.0526
G1 X424.5287 Y33.1443
G1 X424.5796 Y33.2395
G1 X424.6242 Y33.3379
G1 X424.6622 Y33.4390
G1 X424.6936 Y33.5423
G1 X424.7181 Y33.6474
G1 X424.7357 Y33.7540
G1 X424.7463 Y33.8614
G1 X424.7498 Y33.9693
G1 Y95.2693
G1 X424.7463 Y95.3772
G1 X424.7357 Y95.4847
G1 X424.7181 Y95.5912
G1 X424.6936 Y95.6964
G1 X424.6622 Y95.7997
G1 X424.6242 Y95.9008
G1 X424.5796 Y95.9991
G1 X424.5287 Y96.0943
G1 X424.4717 Y96.1860
G1 X424.4088 Y96.2738
G1 X424.3403 Y96.3572
G1 X424.2665 Y96.4361
G1 X424.1877 Y96.5099
G1 X424.1043 Y96.5784
G1 X424.0165 Y96.6413
G1 X423.9248 Y96.6983
G1 X423.8296 Y96.7492
G1 X423.7312 Y96.7937
G1 X423.6302 Y96.8318
G1 X423.5269 Y96.8631
G1 X423.4217 Y96.8876
G1 X423.3152 Y96.9052
G1 X423.2077 Y96.9158
G1 X423.0998 Y96.9193
G1 X418.4498
G1 X417.9665 Y96.4361
G1 X418.4498 Y96.9193
G1 Y153.6193
G1 X417.9665 Y154.1026
G1 X418.4498 Y153.6193
G1 X423.0998
G1 X423.2077 Y153.6229
G1 X423.3152 Y153.6334
G1 X423.4217 Y153.6510
G1 X423.5269 Y153.6755
G1 X423.6302 Y153.7069
G1 X423.7312 Y153.7449
G1 X423.8296 Y153.7895
G1 X423.9248 Y153.8404
G1 X424.0165 Y153.8974
G1 X424.1043 Y153.9603
G1 X424.1877 Y154.0288
G1 X424.2665 Y154.1026
G1 X424.3403 Y154.1814
G1 X424.4088 Y154.2649
G1 X424.4717 Y154.3526
G1 X424.5287 Y154.4443
G1 X424.5796 Y154.5395
G1 X424.6242 Y154.6379
G1 X424.6622 Y154.7390
G1 X424.6936 Y154.8423
G1 X424.7181 Y154.9474
G1 X424.7357 Y155.0540
G1 X424.7463 Y155.1614
G1 X424.7498 Y155.2693
G1 Y216.5693
G1 X424.7463 Y216.6772
G1 X424.7357 Y216.7847
G1 X424.7181 Y216.8912
G1 X424.6936 Y216.9964
G1 X424.6622 Y217.0997
G1 X424.6242 Y217.2008
G1 X424.5796 Y217.2991
G1 X424.5287 Y217.3943
G1 X424.4717 Y217.4860
G1 X424.4088 Y217.5738
G1 X424.3403 Y217.6572
G1 X424.2665 Y217.7361
G1 X424.1877 Y217.8099
G1 X424.1043 Y217.8784
G1 X424.0165 Y217.9413
G1 X423.9248 Y217.9983
G1 X423.8296 Y218.0492
G1 X423.7312 Y218.0937
G1 X423.6302 Y218.1318
G1 X423.5269 Y218.1631
G1 X423.4217 Y218.1876
G1 X423.3152 Y218.2052
G1 X423.2077 Y218.2158
G1 X423.0998 Y218.2193
G1 X401.2955
G0 Z0.0000 F480
G1 X396.3455 F600
G0 Z3.5000 F480
G1 Z4.0000 F120
G1 Z8.0000
G1 X376.7998 F600
G1 X376.6919 Y218.2158
G1 X376.5844 Y218.2052
G1 X376.4779 Y218.1876
G1 X376.3728 Y218.1631
G1 X376.2694 Y218.1318
G1 X376.1684 Y218.0937
G1 X376.0700 Y218.0492
G1 X375.9748 Y217.9983
G1 X375.8831 Y217.9413
G1 X375.7953 Y217.8784
G1 X375.7119 Y217.8099
G1 X375.6331 Y217.7361
G1 X375.5593 Y217.6572
G1 X375.4908 Y217.5738
G1 X375.4279 Y217.4860
G1 X375.3709 Y217.3943
G1 X375.3200 Y217.2991
G1 X375.2754 Y217.2008
G1 X375.2374 Y217.0997
G1 X375.2060 Y216.9964
G1 X375.1815 Y216.8912
G1 X375.1639 Y216.7847
G1 X375.1533 Y216.6772
G1 X375.1498 Y216.5693
G1 Y211.9193
G1 X375.6331 Y211.4361
G1 X375.1498 Y211.9193
G1 X318.4498
G1 X317.9665 Y211.4361
G1 X318.4498 Y211.9193
G1 Y216.5693
G1 X318.4463 Y216.6772
G1 X318.4357 Y216.7847
G1 X318.4181 Y216.8912
G1 X318.3936 Y216.9964
G1 X318.3622 Y217.0997
G1 X318.3242 Y217.2008
G1 X318.2796 Y217.2991
G1 X318.2287 Y217.3943
G1 X318.1717 Y217.4860
G1 X318.1088 Y217.5738
G1 X318.0403 Y217.6572
G1 X317.9665 Y217.7361
G1 X317.8877 Y217.8099
G1 X317.8043 Y217.8784
G1 X317.7165 Y217.9413
G1 X317.6248 Y217.9983
G1 X317.5296 Y218.0492
G1 X317.4312 Y218.0937
G1 X317.3302 Y218.1318
G1 X317.2269 Y218.1631
G1 X317.1217 Y218.1876
G1 X317.0152 Y218.2052
G1 X316.9077 Y218.2158
G1 X316.7998 Y218.2193
G1 X295.8510
G0 Z0.0000 F480
G1 X290.9010 F600
G0 Z-5.0000 F480


(No. 185: Part 3)
G0 X195.3127 Y291.5885 Z-5.0000 F2100
G0 Z-0.5000 F480
G1 Z0.0000 F120
G1 Z4.0000
G1 Y274.0635 F600
G1 X195.3162 Y273.9556
G1 X195.3268 Y273.8481
G1 X195.3444 Y273.7416
G1 X195.3689 Y273.6364
G1 X195.4003 Y273.5331
G1 X195.4383 Y273.4320
G1 X195.4828 Y273.3337
G1 X195.5337 Y273.2385
G1 X195.5908 Y273.1468
G1 X195.6537 Y273.0590
G1 X195.7222 Y272.9756
G1 X195.7960 Y272.8968
G1 X195.8748 Y272.8229
G1 X195.9582 Y272.7544
G1 X196.0460 Y272.6916
G1 X196.1377 Y272.6345
G1 X196.2329 Y272.5836
G1 X196.3313 Y272.5391
G1 X196.4323 Y272.5010
G1 X196.5356 Y272.4697
G1 X196.6408 Y272.4452
G1 X196.7473 Y272.4276
G1 X196.8548 Y272.4170
G1 X196.9627 Y272.4135
G1 X201.6127
G1 X202.0960 Y272.8968
G1 X201.6127 Y272.4135
G1 Y227.7635
G1 X201.6162 Y227.6556
G1 X201.6268 Y227.5481
G1 X201.6444 Y227.4416
G1 X201.6689 Y227.3364
G1 X201.7003 Y227.2331
G1 X201.7383 Y227.1320
G1 X201.7828 Y227.0337
G1 X201.8337 Y226.9385
G1 X201.8908 Y226.8468
G1 X201.9537 Y226.7590
G1 X202.0222 Y226.6756
G1 X202.0960 Y226.5968
G1 X202.1748 Y226.5229
G1 X202.2582 Y226.4544
G1 X202.3460 Y226.3916
G1 X202.4377 Y226.3345
G1 X202.5329 Y226.2836
G1 X202.6313 Y226.2391
G1 X202.7323 Y226.2010
G1 X202.8356 Y226.1697
G1 X202.9408 Y226.1452
G1 X203.0473 Y226.1276
G1 X203.1548 Y226.1170
G1 X203.2627 Y226.1135
G1 X313.2627
G1 X313.3706 Y226.1170
G1 X313.4781 Y226.1276
G1 X313.5846 Y226.1452
G1 X313.6897 Y226.1697
G1 X313.7931 Y226.2010
G1 X313.8941 Y226.2391
G1 X313.9925 Y226.2836
G1 X314.0877 Y226.3345
G1 X314.1794 Y226.3916
G1 X314.2671 Y226.4544
G1 X314.3506 Y226.5229
G1 X314.4294 Y226.5968
G1 X314.5032 Y226.6756
G1 X314.5717 Y226.7590
G1 X314.6346 Y226.8468
G1 X314.6916 Y226.9385
G1 X314.7425 Y227.0337
G1 X314.7871 Y227.1320
G1 X314.8251 Y227.2331
G1 X314.8565 Y227.3364
G1 X314.8810 Y227.4416
G1 X314.8986 Y227.5481
G1 X314.9092 Y227.6556
G1 X314.9127 Y227.7635
G1 Y272.4135
G1 X314.4294 Y272.8968
G1 X314.9127 Y272.4135
G1 X319.5627
G1 X319.6706 Y272.4170
G1 X319.7781 Y272.4276
G1 X319.8846 Y272.4452
G1 X319.9897 Y272.4697
G1 X320.0931 Y272.5010
G1 X320.1941 Y272.5391
G1 X320.2925 Y272.5836
G1 X320.3877 Y272.6345
G1 X320.4794 Y272.6916
G1 X320.5671 Y272.7544
G1 X320.6506 Y272.8229
G1 X320.7294 Y272.8968
G1 X320.8032 Y272.9756
G1 X320.8717 Y273.0590
G1 X320.9346 Y273.1468
G1 X320.9916 Y273.2385
G1 X321.0425 Y273.3337
G1 X321.0871 Y273.4320
G1 X321.1251 Y273.5331
G1 X321.1565 Y273.6364
G1 X321.1810 Y273.7416
G1 X321.1986 Y273.8481
G1 X321.2092 Y273.9556
G1 X321.2127 Y274.0635
G1 Y291.5885
G0 Z0.0000 F480
G1 Y296.5385 F600
G1 Z4.0000 F120
G1 Y334.0635 F600
G1 X321.2092 Y334.1714
G1 X321.1986 Y334.2788
G1 X321.1810 Y334.3854
G1 X321.1565 Y334.4905
G1 X321.1251 Y334.5939
G1 X321.0871 Y334.6949
G1 X321.0425 Y334.7933
G1 X320.9916 Y334.8885
G1 X320.9346 Y334.9802
G1 X320.8717 Y335.0679
G1 X320.8032 Y335.1514
G1 X320.7294 Y335.2302
G1 X320.6506 Y335.3040
G1 X320.5671 Y335.3725
G1 X320.4794 Y335.4354
G1 X320.3877 Y335.4924
G1 X320.2925 Y335.5433
G1 X320.1941 Y335.5879
G1 X320.0931 Y335.6259
G1 X319.9897 Y335.6573
G1 X319.8846 Y335.6818
G1 X319.7781 Y335.6994
G1 X319.6706 Y335.7099
G1 X319.5627 Y335.7135
G1 X314.9127
G1 X314.4294 Y335.2302
G1 X314.9127 Y335.7135
G1 Y380.3635
G1 X314.9092 Y380.4714
G1 X314.8986 Y380.5788
G1 X314.8810 Y380.6854
G1 X314.8565 Y380.7905
G1 X314.8251 Y380.8939
G1 X314.7871 Y380.9949
G1 X314.7425 Y381.0933
G1 X314.6916 Y381.1885
G1 X314.6346 Y381.2802
G1 X314.5717 Y381.3679
G1 X314.5032 Y381.4514
G1 X314.4294 Y381.5302
G1 X314.3506 Y381.6040
G1 X314.2671 Y381.6725
G1 X314.1794 Y381.7354
G1 X314.0877 Y381.7924
G1 X313.9925 Y381.8433
G1 X313.8941 Y381.8879
G1 X313.7931 Y381.9259
G1 X313.6897 Y381.9573
G1 X313.5846 Y381.9818
G1 X313.4781 Y381.9994
G1 X313.3706 Y382.0099
G1 X313.2627 Y382.0135
G1 X303.2377
G0 Z0.0000 F480
G1 X298.2877 F600
G1 Z4.0000 F120
G1 X288.2627 F600
G1 X288.1548 Y382.0099
G1 X288.0473 Y381.9994
G1 X287.9408 Y381.9818
G1 X287.8356 Y381.9573
G1 X287.7323 Y381.9259
G1 X287.6313 Y381.8879
G1 X287.5329 Y381.8433
G1 X287.4377 Y381.7924
G1 X287.3460 Y381.7354
G1 X287.2582 Y381.6725
G1 X287.1748 Y381.6040
G1 X287.0960 Y381.5302
G1 X287.0222 Y381.4514
G1 X286.9537 Y381.3679
G1 X286.8908 Y381.2802
G1 X286.8337 Y381.1885
G1 X286.7828 Y381.0933
G1 X286.7383 Y380.9949
G1 X286.7003 Y380.8939
G1 X286.6689 Y380.7905
G1 X286.6444 Y380.6854
G1 X286.6268 Y380.5788
G1 X286.6162 Y380.4714
G1 X286.6127 Y380.3635
G1 Y375.7135
G1 X287.0960 Y375.2302
G1 X286.6127 Y375.7135
G1 X229.9127
G1 X229.4294 Y375.2302
G1 X229.9127 Y375.7135
G1 Y380.3635
G1 X229.9092 Y380.4714
G1 X229.8986 Y380.5788
G1 X229.8810 Y380.6854
G1 X229.8565 Y380.7905
G1 X229.8251 Y380.8939
G1 X229.7871 Y380.9949
G1 X229.7425 Y381.0933
G1 X229.6916 Y381.1885
G1 X229.6346 Y381.2802
G1 X229.5717 Y381.3679
G1 X229.5032 Y381.4514
G1 X229.4294 Y381.5302
G1 X229.3506 Y381.6040
G1 X229.2671 Y381.6725
G1 X229.1794 Y381.7354
G1 X229.0877 Y381.7924
G1 X228.9925 Y381.8433
G1 X228.8941 Y381.8879
G1 X228.7931 Y381.9259
G1 X228.6897 Y381.9573
G1 X228.5846 Y381.9818
G1 X228.4781 Y381.9994
G1 X228.3706 Y382.0099
G1 X228.2627 Y382.0135
G1 X218.2377
G0 Z0.0000 F480
G1 X213.2877 F600
G1 Z4.0000 F120
G1 X203.2627 F600
G1 X203.1548 Y382.0099
G1 X203.0473 Y381.9994
G1 X202.9408 Y381.9818
G1 X202.8356 Y381.9573
G1 X202.7323 Y381.9259
G1 X202.6313 Y381.8879
G1 X202.5329 Y381.8433
G1 X202.4377 Y381.7924
G1 X202.3460 Y381.7354
G1 X202.2582 Y381.6725
G1 X202.1748 Y381.6040
G1 X202.0960 Y381.5302
G1 X202.0222 Y381.4514
G1 X201.9537 Y381.3679
G1 X201.8908 Y381.2802
G1 X201.8337 Y381.1885
G1 X201.7828 Y381.0933
G1 X201.7383 Y380.9949
G1 X201.7003 Y380.8939
G1 X201.6689 Y380.7905
G1 X201.6444 Y380.6854
G1 X201.6268 Y380.5788
G1 X201.6162 Y380.4714
G1 X201.6127 Y380.3635
G1 Y335.7135
G1 X202.0960 Y335.2302
G1 X201.6127 Y335.7135
G1 X196.9627
G1 X196.8548 Y335.7099
G1 X196.7473 Y335.6994
G1 X196.6408 Y335.6818
G1 X196.5356 Y335.6573
G1 X196.4323 Y335.6259
G1 X196.3313 Y335.5879
G1 X196.2329 Y335.5433
G1 X196.1377 Y335.4924
G1 X196.0460 Y335.4354
G1 X195.9582 Y335.3725
G1 X195.8748 Y335.3040
G1 X195.7960 Y335.2302
G1 X195.7222 Y335.1514
G1 X195.6537 Y335.0679
G1 X195.5908 Y334.9802
G1 X195.5337 Y334.8885
G1 X195.4828 Y334.7933
G1 X195.4383 Y334.6949
G1 X195.4003 Y334.5939
G1 X195.3689 Y334.4905
G1 X195.3444 Y334.3854
G1 X195.3268 Y334.2788
G1 X195.3162 Y334.1714
G1 X195.3127 Y334.0635
G1 Y296.5385
G0 Z0.0000 F480
G1 Y291.5885 F600
G0 Z3.5000 F480
G1 Z4.0000 F120
G1 Z8.0000
G1 Y274.0635 F600
G1 X195.3162 Y273.9556
G1 X195.3268 Y273.8481
G1 X195.3444 Y273.7416
G1 X195.3689 Y273.6364
G1 X195.4003 Y273.5331
G1 X195.4383 Y273.4320
G1 X195.4828 Y273.3337
G1 X195.5337 Y273.2385
G1 X195.5908 Y273.1468
G1 X195.6537 Y273.0590
G1 X195.7222 Y272.9756
G1 X195.7960 Y272.8968
G1 X195.8748 Y272.8229
G1 X195.9582 Y272.7544
G1 X196.0460 Y272.6916
G1 X196.1377 Y272.6345
G1 X196.2329 Y272.5836
G1 X196.3313 Y272.5391
G1 X196.4323 Y272.5010
G1 X196.5356 Y272.4697
G1 X196.6408 Y272.4452
G1 X196.7473 Y272.4276
G1 X196.8548 Y272.4170
G1 X196.9627 Y272.4135
G1 X201.6127
G1 X202.0960 Y272.8968
G1 X201.6127 Y272.4135
G1 Y227.7635
G1 X201.6162 Y227.6556
G1 X201.6268 Y227.5481
G1 X201.6444 Y227.4416
G1 X201.6689 Y227.3364
G1 X201.7003 Y227.2331
G1 X201.7383 Y227.1320
G1 X201.7828 Y227.0337
G1 X201.8337 Y226.9385
G1 X201.8908 Y226.8468
G1 X201.9537 Y226.7590
G1 X202.0222 Y226.6756
G1 X202.0960 Y226.5968
G1 X202.1748 Y226.5229
G1 X202.2582 Y226.4544
G1 X202.3460 Y226.3916
G1 X202.4377 Y226.3345
G1 X202.5329 Y226.2836
G1 X202.6313 Y226.2391
G1 X202.7323 Y226.2010
G1 X202.8356 Y226.1697
G1 X202.9408 Y226.1452
G1 X203.0473 Y226.1276
G1 X203.1548 Y226.1170
G1 X203.2627 Y226.1135
G1 X313.2627
G1 X313.3706 Y226.1170
G1 X313.4781 Y226.1276
G1 X313.5846 Y226.1452
G1 X313.6897 Y226.1697
G1 X313.7931 Y226.2010
G1 X313.8941 Y226.2391
G1 X313.9925 Y226.2836
G1 X314.0877 Y226.3345
G1 X314.1794 Y226.3916
G1 X314.2671 Y226.4544
G1 X314.3506 Y226.5229
G1 X314.4294 Y226.5968
G1 X314.5032 Y226.6756
G1 X314.5717 Y226.7590
G1 X314.6346 Y226.8468
G1 X314.6916 Y226.9385
G1 X314.7425 Y227.0337
G1 X314.7871 Y227.1320
G1 X314.8251 Y227.2331
G1 X314.8565 Y227.3364
G1 X314.8810 Y227.4416
G1 X314.8986 Y227.5481
G1 X314.9092 Y227.6556
G1 X314.9127 Y227.7635
G1 Y272.4135
G1 X314.4294 Y272.8968
G1 X314.9127 Y272.4135
G1 X319.5627
G1 X319.6706 Y272.4170
G1 X319.7781 Y272.4276
G1 X319.8846 Y272.4452
G1 X319.9897 Y272.4697
G1 X320.0931 Y272.5010
G1 X320.1941 Y272.5391
G1 X320.2925 Y272.5836
G1 X320.3877 Y272.6345
G1 X320.4794 Y272.6916
G1 X320.5671 Y272.7544
G1 X320.6506 Y272.8229
G1 X320.7294 Y272.8968
G1 X320.8032 Y272.9756
G1 X320.8717 Y273.0590
G1 X320.9346 Y273.1468
G1 X320.9916 Y273.2385
G1 X321.0425 Y273.3337
G1 X321.0871 Y273.4320
G1 X321.1251 Y273.5331
G1 X321.1565 Y273.6364
G1 X321.1810 Y273.7416
G1 X321.1986 Y273.8481
G1 X321.2092 Y273.9556
G1 X321.2127 Y274.0635
G1 Y291.5885
G0 Z0.0000 F480
G1 Y296.5385 F600
G0 Z3.5000 F480
G1 Z4.0000 F120
G1 Z8.0000
G1 Y334.0635 F600
G1 X321.2092 Y334.1714
G1 X321.1986 Y334.2788
G1 X321.1810 Y334.3854
G1 X321.1565 Y334.4905
G1 X321.1251 Y334.5939
G1 X321.0871 Y334.6949
G1 X321.0425 Y334.7933
G1 X320.9916 Y334.8885
G1 X320.9346 Y334.9802
G1 X320.8717 Y335.0679
G1 X320.8032 Y335.1514
G1 X320.7294 Y335.2302
G1 X320.6506 Y335.3040
G1 X320.5671 Y335.3725
G1 X320.4794 Y335.4354
G1 X320.3877 Y335.4924
G1 X320.2925 Y335.5433
G1 X320.1941 Y335.5879
G1 X320.0931 Y335.6259
G1 X319.9897 Y335.6573
G1 X319.8846 Y335.6818
G1 X319.7781 Y335.6994
G1 X319.6706 Y335.7099
G1 X319.5627 Y335.7135
G1 X314.9127
G1 X314.4294 Y335.2302
G1 X314.9127 Y335.7135
G1 Y380.3635
G1 X314.9092 Y380.4714
G1 X314.8986 Y380.5788
G1 X314.8810 Y380.6854
G1 X314.8565 Y380.7905
G1 X314.8251 Y380.8939
G1 X314.7871 Y380.9949
G1 X314.7425 Y381.0933
G1 X314.6916 Y381.1885
G1 X314.6346 Y381.2802
G1 X314.5717 Y381.3679
G1 X314.5032 Y381.4514
G1 X314.4294 Y381.5302
G1 X314.3506 Y381.6040
G1 X314.2671 Y381.6725
G1 X314.1794 Y381.7354
G1 X314.0877 Y381.7924
G1 X313.9925 Y381.8433
G1 X313.8941 Y381.8879
G1 X313.7931 Y381.9259
G1 X313.6897 Y381.9573
G1 X313.5846 Y381.9818
G1 X313.4781 Y381.9994
G1 X313.3706 Y382.0099
G1 X313.2627 Y382.0135
G1 X303.2377
G0 Z0.0000 F480
G1 X298.2877 F600
G0 Z3.5000 F480
G1 Z4.0000 F120
G1 Z8.0000
G1 X288.2627 F600
G1 X288.1548 Y382.0099
G1 X288.0473 Y381.9994
G1 X287.9408 Y381.9818
G1 X287.8356 Y381.9573
G1 X287.7323 Y381.9259
G1 X287.6313 Y381.8879
G1 X287.5329 Y381.8433
G1 X287.4377 Y381.7924
G1 X287.3460 Y381.7354
G1 X287.2582 Y381.6725
G1 X287.1748 Y381.6040
G1 X287.0960 Y381.5302
G1 X287.0222 Y381.4514
G1 X286.9537 Y381.3679
G1 X286.8908 Y381.2802
G1 X286.8337 Y381.1885
G1 X286.7828 Y381.0933
G1 X286.7383 Y380.9949
G1 X286.7003 Y380.8939
G1 X286.6689 Y380.7905
G1 X286.6444 Y380.6854
G1 X286.6268 Y380.5788
G1 X286.6162 Y380.4714
G1 X286.6127 Y380.3635
G1 Y375.7135
G1 X287.0960 Y375.2302
G1 X286.6127 Y375.7135
G1 X229.9127
G1 X229.4294 Y375.2302
G1 X229.9127 Y375.7135
G1 Y380.3635
G1 X229.9092 Y380.4714
G1 X229.8986 Y380.5788
G1 X229.8810 Y380.6854
G1 X229.8565 Y380.7905
G1 X229.8251 Y380.8939
G1 X229.7871 Y380.9949
G1 X229.7425 Y381.0933
G1 X229.6916 Y381.1885
G1 X229.6346 Y381.2802
G1 X229.5717 Y381.3679
G1 X229.5032 Y381.4514
G1 X229.4294 Y381.5302
G1 X229.3506 Y381.6040
G1 X229.2671 Y381.6725
G1 X229.1794 Y381.7354
G1 X229.0877 Y381.7924
G1 X228.9925 Y381.8433
G1 X228.8941 Y381.8879
G1 X228.7931 Y381.9259
G1 X228.6897 Y381.9573
G1 X228.5846 Y381.9818
G1 X228.4781 Y381.9994
G1 X228.3706 Y382.0099
G1 X228.2627 Y382.0135
G1 X218.2377
G0 Z0.0000 F480
G1 X213.2877 F600
G0 Z3.5000 F480
G1 Z4.0000 F120
G1 Z8.0000
G1 X203.2627 F600
G1 X203.1548 Y382.0099
G1 X203.0473 Y381.9994
G1 X202.9408 Y381.9818
G1 X202.8356 Y381.9573
G1 X202.7323 Y381.9259
G1 X202.6313 Y381.8879
G1 X202.5329 Y381.8433
G1 X202.4377 Y381.7924
G1 X202.3460 Y381.7354
G1 X202.2582 Y381.6725
G1 X202.1748 Y381.6040
G1 X202.0960 Y381.5302
G1 X202.0222 Y381.4514
G1 X201.9537 Y381.3679
G1 X201.8908 Y381.2802
G1 X201.8337 Y381.1885
G1 X201.7828 Y381.0933
G1 X201.7383 Y380.9949
G1 X201.7003 Y380.8939
G1 X201.6689 Y380.7905
G1 X201.6444 Y380.6854
G1 X201.6268 Y380.5788
G1 X201.6162 Y380.4714
G1 X201.6127 Y380.3635
G1 Y335.7135
G1 X202.0960 Y335.2302
G1 X201.6127 Y335.7135
G1 X196.9627
G1 X196.8548 Y335.7099
G1 X196.7473 Y335.6994
G1 X196.6408 Y335.6818
G1 X196.5356 Y335.6573
G1 X196.4323 Y335.6259
G1 X196.3313 Y335.5879
G1 X196.2329 Y335.5433
G1 X196.1377 Y335.4924
G1 X196.0460 Y335.4354
G1 X195.9582 Y335.3725
G1 X195.8748 Y335.3040
G1 X195.7960 Y335.2302
G1 X195.7222 Y335.1514
G1 X195.6537 Y335.0679
G1 X195.5908 Y334.9802
G1 X195.5337 Y334.8885
G1 X195.4828 Y334.7933
G1 X195.4383 Y334.6949
G1 X195.4003 Y334.5939
G1 X195.3689 Y334.4905
G1 X195.3444 Y334.3854
G1 X195.3268 Y334.2788
G1 X195.3162 Y334.1714
G1 X195.3127 Y334.0635
G1 Y296.5385
G0 Z0.0000 F480
G1 Y291.5885 F600
G0 Z-5.0000 F480


(No. 186: Part 3)
G0 X61.7298 Y291.5885 Z-5.0000 F2100
G0 Z-0.5000 F480
G1 Z0.0000 F120
G1 Z4.0000
G1 Y274.0635 F600
G1 X61.7334 Y273.9556
G1 X61.7439 Y273.8481
G1 X61.7615 Y273.7416
G1 X61.7860 Y273.6364
G1 X61.8174 Y273.5331
G1 X61.8554 Y273.4320
G1 X61.9000 Y273.3337
G1 X61.9509 Y273.2385
G1 X62.0079 Y273.1468
G1 X62.0708 Y273.0590
G1 X62.1393 Y272.9756
G1 X62.2131 Y272.8968
G1 X62.2919 Y272.8229
G1 X62.3754 Y272.7544
G1 X62.4631 Y272.6916
G1 X62.5548 Y272.6345
G1 X62.6500 Y272.5836
G1 X62.7484 Y272.5391
G1 X62.8494 Y272.5010
G1 X62.9528 Y272.4697
G1 X63.0579 Y272.4452
G1 X63.1645 Y272.4276
G1 X63.2719 Y272.4170
G1 X63.3798 Y272.4135
G1 X68.0298
G1 X68.5131 Y272.8968
G1 X68.0298 Y272.4135
G1 Y227.7635
G1 X68.0334 Y227.6556
G1 X68.0439 Y227.5481
G1 X68.0615 Y227.4416
G1 X68.0860 Y227.3364
G1 X68.1174 Y227.2331
G1 X68.1554 Y227.1320
G1 X68.2000 Y227.0337
G1 X68.2509 Y226.9385
G1 X68.3079 Y226.8468
G1 X68.3708 Y226.7590
G1 X68.4393 Y226.6756
G1 X68.5131 Y226.5968
G1 X68.5919 Y226.5229
G1 X68.6754 Y226.4544
G1 X68.7631 Y226.3916
G1 X68.8548 Y226.3345
G1 X68.9500 Y226.2836
G1 X69.0484 Y226.2391
G1 X69.1494 Y226.2010
G1 X69.2528 Y226.1697
G1 X69.3579 Y226.1452
G1 X69.4645 Y226.1276
G1 X69.5719 Y226.1170
G1 X69.6798 Y226.1135
G1 X179.6798
G1 X179.7877 Y226.1170
G1 X179.8952 Y226.1276
G1 X180.0017 Y226.1452
G1 X180.1069 Y226.1697
G1 X180.2102 Y226.2010
G1 X180.3113 Y226.2391
G1 X180.4096 Y226.2836
G1 X180.5048 Y226.3345
G1 X180.5965 Y226.3916
G1 X180.6843 Y226.4544
G1 X180.7677 Y226.5229
G1 X180.8466 Y226.5968
G1 X180.9204 Y226.6756
G1 X180.9889 Y226.7590
G1 X181.0517 Y226.8468
G1 X181.1088 Y226.9385
G1 X181.1597 Y227.0337
G1 X181.2042 Y227.1320
G1 X181.2423 Y227.2331
G1 X181.2736 Y227.3364
G1 X181.2981 Y227.4416
G1 X181.3157 Y227.5481
G1 X181.3263 Y227.6556
G1 X181.3298 Y227.7635
G1 Y272.4135
G1 X180.8466 Y272.8968
G1 X181.3298 Y272.4135
G1 X185.9798
G1 X186.0877 Y272.4170
G1 X186.1952 Y272.4276
G1 X186.3017 Y272.4452
G1 X186.4069 Y272.4697
G1 X186.5102 Y272.5010
G1 X186.6113 Y272.5391
G1 X186.7096 Y272.5836
G1 X186.8048 Y272.6345
G1 X186.8965 Y272.6916
G1 X186.9843 Y272.7544
G1 X187.0677 Y272.8229
G1 X187.1466 Y272.8968
G1 X187.2204 Y272.9756
G1 X187.2889 Y273.0590
G1 X187.3517 Y273.1468
G1 X187.4088 Y273.2385
G1 X187.4597 Y273.3337
G1 X187.5042 Y273.4320
G1 X187.5423 Y273.5331
G1 X187.5736 Y273.6364
G1 X187.5981 Y273.7416
G1 X187.6157 Y273.8481
G1 X187.6263 Y273.9556
G1 X187.6298 Y274.0635
G1 Y291.5885
G0 Z0.0000 F480
G1 Y296.5385 F600
G1 Z4.0000 F120
G1 Y334.0635 F600
G1 X187.6263 Y334.1714
G1 X187.6157 Y334.2788
G1 X187.5981 Y334.3854
G1 X187.5736 Y334.4905
G1 X187.5423 Y334.5939
G1 X187.5042 Y334.6949
G1 X187.4597 Y334.7933
G1 X187.4088 Y334.8885
G1 X187.3517 Y334.9802
G1 X187.2889 Y335.0679
G1 X187.2204 Y335.1514
G1 X187.1466 Y335.2302
G1 X187.0677 Y335.3040
G1 X186.9843 Y335.3725
G1 X186.8965 Y335.4354
G1 X186.8048 Y335.4924
G1 X186.7096 Y335.5433
G1 X186.6113 Y335.5879
G1 X186.5102 Y335.6259
G1 X186.4069 Y335.6573
G1 X186.3017 Y335.6818
G1 X186.1952 Y335.6994
G1 X186.0877 Y335.7099
G1 X185.9798 Y335.7135
G1 X181.3298
G1 X180.8466 Y335.2302
G1 X181.3298 Y335.7135
G1 Y380.3635
G1 X181.3263 Y380.4714
G1 X181.3157 Y380.5788
G1 X181.2981 Y380.6854
G1 X181.2736 Y380.7905
G1 X181.2423 Y380.8939
G1 X181.2042 Y380.9949
G1 X181.1597 Y381.0933
G1 X181.1088 Y381.1885
G1 X181.0517 Y381.2802
G1 X180.9889 Y381.3679
G1 X180.9204 Y381.4514
G1 X180.8466 Y381.5302
G1 X180.7677 Y381.6040
G1 X180.6843 Y381.6725
G1 X180.5965 Y381.7354
G1 X180.5048 Y381.7924
G1 X180.4096 Y381.8433
G1 X180.3113 Y381.8879
G1 X180.2102 Y381.9259
G1 X180.1069 Y381.9573
G1 X180.0017 Y381.9818
G1 X179.8952 Y381.9994
G1 X179.7877 Y382.0099
G1 X179.6798 Y382.0135
G1 X169.6548
G0 Z0.0000 F480
G1 X164.7048 F600
G1 Z4.0000 F120
G1 X154.6798 F600
G1 X154.5719 Y382.0099
G1 X154.4645 Y381.9994
G1 X154.3579 Y381.9818
G1 X154.2528 Y381.9573
G1 X154.1494 Y381.9259
G1 X154.0484 Y381.8879
G1 X153.9500 Y381.8433
G1 X153.8548 Y381.7924
G1 X153.7631 Y381.7354
G1 X153.6754 Y381.6725
G1 X153.5919 Y381.6040
G1 X153.5131 Y381.5302
G1 X153.4393 Y381.4514
G1 X153.3708 Y381.3679
G1 X153.3079 Y381.2802
G1 X153.2509 Y381.1885
G1 X153.2000 Y381.0933
G1 X153.1554 Y380.9949
G1 X153.1174 Y380.8939
G1 X153.0860 Y380.7905
G1 X153.0615 Y380.6854
G1 X153.0439 Y380.5788
G1 X153.0334 Y380.4714
G1 X153.0298 Y380.3635
G1 Y375.7135
G1 X153.5131 Y375.2302
G1 X153.0298 Y375.7135
G1 X96.3298
G1 X95.8466 Y375.2302
G1 X96.3298 Y375.7135
G1 Y380.3635
G1 X96.3263 Y380.4714
G1 X96.3157 Y380.5788
G1 X96.2981 Y380.6854
G1 X96.2736 Y380.7905
G1 X96.2423 Y380.8939
G1 X96.2042 Y380.9949
G1 X96.1597 Y381.0933
G1 X96.1088 Y381.1885
G1 X96.0517 Y381.2802
G1 X95.9889 Y381.3679
G1 X95.9204 Y381.4514
G1 X95.8466 Y381.5302
G1 X95.7677 Y381.6040
G1 X95.6843 Y381.6725
G1 X95.5965 Y381.7354
G1 X95.5048 Y381.7924
G1 X95.4096 Y381.8433
G1 X95.3113 Y381.8879
G1 X95.2102 Y381.9259
G1 X95.1069 Y381.9573
G1 X95.0017 Y381.9818
G1 X94.8952 Y381.9994
G1 X94.7877 Y382.0099
G1 X94.6798 Y382.0135
G1 X84.6548
G0 Z0.0000 F480
G1 X79.7048 F600
G1 Z4.0000 F120
G1 X69.6798 F600
G1 X69.5719 Y382.0099
G1 X69.4645 Y381.9994
G1 X69.3579 Y381.9818
G1 X69.2528 Y381.9573
G1 X69.1494 Y381.9259
G1 X69.0484 Y381.8879
G1 X68.9500 Y381.8433
G1 X68.8548 Y381.7924
G1 X68.7631 Y381.7354
G1 X68.6754 Y381.6725
G1 X68.5919 Y381.6040
G1 X68.5131 Y381.5302
G1 X68.4393 Y381.4514
G1 X68.3708 Y381.3679
G1 X68.3079 Y381.2802
G1 X68.2509 Y381.1885
G1 X68.2000 Y381.0933
G1 X68.1554 Y380.9949
G1 X68.1174 Y380.8939
G1 X68.0860 Y380.7905
G1 X68.0615 Y380.6854
G1 X68.0439 Y380.5788
G1 X68.0334 Y380.4714
G1 X68.0298 Y380.3635
G1 Y335.7135
G1 X68.5131 Y335.2302
G1 X68.0298 Y335.7135
G1 X63.3798
G1 X63.2719 Y335.7099
G1 X63.1645 Y335.6994
G1 X63.0579 Y335.6818
G1 X62.9528 Y335.6573
G1 X62.8494 Y335.6259
G1 X62.7484 Y335.5879
G1 X62.6500 Y335.5433
G1 X62.5548 Y335.4924
G1 X62.4631 Y335.4354
G1 X62.3754 Y335.3725
G1 X62.2919 Y335.3040
G1 X62.2131 Y335.2302
G1 X62.1393 Y335.1514
G1 X62.0708 Y335.0679
G1 X62.0079 Y334.9802
G1 X61.9509 Y334.8885
G1 X61.9000 Y334.7933
G1 X61.8554 Y334.6949
G1 X61.8174 Y334.5939
G1 X61.7860 Y334.4905
G1 X61.7615 Y334.3854
G1 X61.7439 Y334.2788
G1 X61.7334 Y334.1714
G1 X61.7298 Y334.0635
G1 Y296.5385
G0 Z0.0000 F480
G1 Y291.5885 F600
G0 Z3.5000 F480
G1 Z4.0000 F120
G1 Z8.0000
G1 Y274.0635 F600
G1 X61.7334 Y273.9556
G1 X61.7439 Y273.8481
G1 X61.7615 Y273.7416
G1 X61.7860 Y273.6364
G1 X61.8174 Y273.5331
G1 X61.8554 Y273.4320
G1 X61.9000 Y273.3337
G1 X61.9509 Y273.2385
G1 X62.0079 Y273.1468
G1 X62.0708 Y273.0590
G1 X62.1393 Y272.9756
G1 X62.2131 Y272.8968
G1 X62.2919 Y272.8229
G1 X62.3754 Y272.7544
G1 X62.4631 Y272.6916
G1 X62.5548 Y272.6345
G1 X62.6500 Y272.5836
G1 X62.7484 Y272.5391
G1 X62.8494 Y272.5010
G1 X62.9528 Y272.4697
G1 X63.0579 Y272.4452
G1 X63.1645 Y272.4276
G1 X63.2719 Y272.4170
G1 X63.3798 Y272.4135
G1 X68.0298
G1 X68.5131 Y272.8968
G1 X68.0298 Y272.4135
G1 Y227.7635
G1 X68.0334 Y227.6556
G1 X68.0439 Y227.5481
G1 X68.0615 Y227.4416
G1 X68.0860 Y227.3364
G1 X68.1174 Y227.2331
G1 X68.1554 Y227.1320
G1 X68.2000 Y227.0337
G1 X68.2509 Y226.9385
G1 X68.3079 Y226.8468
G1 X68.3708 Y226.7590
G1 X68.4393 Y226.6756
G1 X68.5131 Y226.5968
G1 X68.5919 Y226.5229
G1 X68.6754 Y226.4544
G1 X68.7631 Y226.3916
G1 X68.8548 Y226.3345
G1 X68.9500 Y226.2836
G1 X69.0484 Y226.2391
G1 X69.1494 Y226.2010
G1 X69.2528 Y226.1697
G1 X69.3579 Y226.1452
G1 X69.4645 Y226.1276
G1 X69.5719 Y226.1170
G1 X69.6798 Y226.1135
G1 X179.6798
G1 X179.7877 Y226.1170
G1 X179.8952 Y226.1276
G1 X180.0017 Y226.1452
G1 X180.1069 Y226.1697
G1 X180.2102 Y226.2010
G1 X180.3113 Y226.2391
G1 X180.4096 Y226.2836
G1 X180.5048 Y226.3345
G1 X180.5965 Y226.3916
G1 X180.6843 Y226.4544
G1 X180.7677 Y226.5229
G1 X180.8466 Y226.5968
G1 X180.9204 Y226.6756
G1 X180.9889 Y226.7590
G1 X181.0517 Y226.8468
G1 X181.1088 Y226.9385
G1 X181.1597 Y227.0337
G1 X181.2042 Y227.1320
G1 X181.2423 Y227.2331
G1 X181.2736 Y227.3364
G1 X181.2981 Y227.4416
G1 X181.3157 Y227.5481
G1 X181.3263 Y227.6556
G1 X181.3298 Y227.7635
G1 Y272.4135
G1 X180.8466 Y272.8968
G1 X181.3298 Y272.4135
G1 X185.9798
G1 X186.0877 Y272.4170
G1 X186.1952 Y272.4276
G1 X186.3017 Y272.4452
G1 X186.4069 Y272.4697
G1 X186.5102 Y272.5010
G1 X186.6113 Y272.5391
G1 X186.7096 Y272.5836
G1 X186.8048 Y272.6345
G1 X186.8965 Y272.6916
G1 X186.9843 Y272.7544
G1 X187.0677 Y272.8229
G1 X187.1466 Y272.8968
G1 X187.2204 Y272.9756
G1 X187.2889 Y273.0590
G1 X187.3517 Y273.1468
G1 X187.4088 Y273.2385
G1 X187.4597 Y273.3337
G1 X187.5042 Y273.4320
G1 X187.5423 Y273.5331
G1 X187.5736 Y273.6364
G1 X187.5981 Y273.7416
G1 X187.6157 Y273.8481
G1 X187.6263 Y273.9556
G1 X187.6298 Y274.0635
G1 Y291.5885
G0 Z0.0000 F480
G1 Y296.5385 F600
G0 Z3.5000 F480
G1 Z4.0000 F120
G1 Z8.0000
G1 Y334.0635 F600
G1 X187.6263 Y334.1714
G1 X187.6157 Y334.2788
G1 X187.5981 Y334.3854
G1 X187.5736 Y334.4905
G1 X187.5423 Y334.5939
G1 X187.5042 Y334.6949
G1 X187.4597 Y334.7933
G1 X187.4088 Y334.8885
G1 X187.3517 Y334.9802
G1 X187.2889 Y335.0679
G1 X187.2204 Y335.1514
G1 X187.1466 Y335.2302
G1 X187.0677 Y335.3040
G1 X186.9843 Y335.3725
G1 X186.8965 Y335.4354
G1 X186.8048 Y335.4924
G1 X186.7096 Y335.5433
G1 X186.6113 Y335.5879
G1 X186.5102 Y335.6259
G1 X186.4069 Y335.6573
G1 X186.3017 Y335.6818
G1 X186.1952 Y335.6994
G1 X186.0877 Y335.7099
G1 X185.9798 Y335.7135
G1 X181.3298
G1 X180.8466 Y335.2302
G1 X181.3298 Y335.7135
G1 Y380.3635
G1 X181.3263 Y380.4714
G1 X181.3157 Y380.5788
G1 X181.2981 Y380.6854
G1 X181.2736 Y380.7905
G1 X181.2423 Y380.8939
G1 X181.2042 Y380.9949
G1 X181.1597 Y381.0933
G1 X181.1088 Y381.1885
G1 X181.0517 Y381.2802
G1 X180.9889 Y381.3679
G1 X180.9204 Y381.4514
G1 X180.8466 Y381.5302
G1 X180.7677 Y381.6040
G1 X180.6843 Y381.6725
G1 X180.5965 Y381.7354
G1 X180.5048 Y381.7924
G1 X180.4096 Y381.8433
G1 X180.3113 Y381.8879
G1 X180.2102 Y381.9259
G1 X180.1069 Y381.9573
G1 X180.0017 Y381.9818
G1 X179.8952 Y381.9994
G1 X179.7877 Y382.0099
G1 X179.6798 Y382.0135
G1 X169.6548
G0 Z0.0000 F480
G1 X164.7048 F600
G0 Z3.5000 F480
G1 Z4.0000 F120
G1 Z8.0000
G1 X154.6798 F600
G1 X154.5719 Y382.0099
G1 X154.4645 Y381.9994
G1 X154.3579 Y381.9818
G1 X154.2528 Y381.9573
G1 X154.1494 Y381.9259
G1 X154.0484 Y381.8879
G1 X153.9500 Y381.8433
G1 X153.8548 Y381.7924
G1 X153.7631 Y381.7354
G1 X153.6754 Y381.6725
G1 X153.5919 Y381.6040
G1 X153.5131 Y381.5302
G1 X153.4393 Y381.4514
G1 X153.3708 Y381.3679
G1 X153.3079 Y381.2802
G1 X153.2509 Y381.1885
G1 X153.2000 Y381.0933
G1 X153.1554 Y380.9949
G1 X153.1174 Y380.8939
G1 X153.0860 Y380.7905
G1 X153.0615 Y380.6854
G1 X153.0439 Y380.5788
G1 X153.0334 Y380.4714
G1 X153.0298 Y380.3635
G1 Y375.7135
G1 X153.5131 Y375.2302
G1 X153.0298 Y375.7135
G1 X96.3298
G1 X95.8466 Y375.2302
G1 X96.3298 Y375.7135
G1 Y380.3635
G1 X96.3263 Y380.4714
G1 X96.3157 Y380.5788
G1 X96.2981 Y380.6854
G1 X96.2736 Y380.7905
G1 X96.2423 Y380.8939
G1 X96.2042 Y380.9949
G1 X96.1597 Y381.0933
G1 X96.1088 Y381.1885
G1 X96.0517 Y381.2802
G1 X95.9889 Y381.3679
G1 X95.9204 Y381.4514
G1 X95.8466 Y381.5302
G1 X95.7677 Y381.6040
G1 X95.6843 Y381.6725
G1 X95.5965 Y381.7354
G1 X95.5048 Y381.7924
G1 X95.4096 Y381.8433
G1 X95.3113 Y381.8879
G1 X95.2102 Y381.9259
G1 X95.1069 Y381.9573
G1 X95.0017 Y381.9818
G1 X94.8952 Y381.9994
G1 X94.7877 Y382.0099
G1 X94.6798 Y382.0135
G1 X84.6548
G0 Z0.0000 F480
G1 X79.7048 F600
G0 Z3.5000 F480
G1 Z4.0000 F120
G1 Z8.0000
G1 X69.6798 F600
G1 X69.5719 Y382.0099
G1 X69.4645 Y381.9994
G1 X69.3579 Y381.9818
G1 X69.2528 Y381.9573
G1 X69.1494 Y381.9259
G1 X69.0484 Y381.8879
G1 X68.9500 Y381.8433
G1 X68.8548 Y381.7924
G1 X68.7631 Y381.7354
G1 X68.6754 Y381.6725
G1 X68.5919 Y381.6040
G1 X68.5131 Y381.5302
G1 X68.4393 Y381.4514
G1 X68.3708 Y381.3679
G1 X68.3079 Y381.2802
G1 X68.2509 Y381.1885
G1 X68.2000 Y381.0933
G1 X68.1554 Y380.9949
G1 X68.1174 Y380.8939
G1 X68.0860 Y380.7905
G1 X68.0615 Y380.6854
G1 X68.0439 Y380.5788
G1 X68.0334 Y380.4714
G1 X68.0298 Y380.3635
G1 Y335.7135
G1 X68.5131 Y335.2302
G1 X68.0298 Y335.7135
G1 X63.3798
G1 X63.2719 Y335.7099
G1 X63.1645 Y335.6994
G1 X63.0579 Y335.6818
G1 X62.9528 Y335.6573
G1 X62.8494 Y335.6259
G1 X62.7484 Y335.5879
G1 X62.6500 Y335.5433
G1 X62.5548 Y335.4924
G1 X62.4631 Y335.4354
G1 X62.3754 Y335.3725
G1 X62.2919 Y335.3040
G1 X62.2131 Y335.2302
G1 X62.1393 Y335.1514
G1 X62.0708 Y335.0679
G1 X62.0079 Y334.9802
G1 X61.9509 Y334.8885
G1 X61.9000 Y334.7933
G1 X61.8554 Y334.6949
G1 X61.8174 Y334.5939
G1 X61.7860 Y334.4905
G1 X61.7615 Y334.3854
G1 X61.7439 Y334.2788
G1 X61.7334 Y334.1714
G1 X61.7298 Y334.0635
G1 Y296.5385
G0 Z0.0000 F480
G1 Y291.5885 F600
G0 Z-5.0000 F480


(No. 187: Part 1)
G0 X8.2539 Y123.0950 Z-5.0000 F2100
G0 Z-0.5000 F480
G1 Z0.0000 F120
G1 Z4.0000
G1 Y95.2693 F600
G1 X8.2574 Y95.1614
G1 X8.2680 Y95.0540
G1 X8.2856 Y94.9474
G1 X8.3101 Y94.8423
G1 X8.3415 Y94.7390
G1 X8.3795 Y94.6379
G1 X8.4241 Y94.5395
G1 X8.4750 Y94.4443
G1 X8.5320 Y94.3526
G1 X8.5949 Y94.2649
G1 X8.6634 Y94.1814
G1 X8.7372 Y94.1026
G1 X8.8160 Y94.0288
G1 X8.8994 Y93.9603
G1 X8.9872 Y93.8974
G1 X9.0789 Y93.8404
G1 X9.1741 Y93.7895
G1 X9.2725 Y93.7449
G1 X9.3735 Y93.7069
G1 X9.4769 Y93.6755
G1 X9.5820 Y93.6510
G1 X9.6885 Y93.6334
G1 X9.7960 Y93.6229
G1 X9.9039 Y93.6193
G1 X14.5539
G1 X15.0372 Y94.1026
G1 X14.5539 Y93.6193
G1 Y40.2693
G1 X14.5574 Y40.1614
G1 X14.5680 Y40.0540
G1 X14.5856 Y39.9474
G1 X14.6101 Y39.8423
G1 X14.6415 Y39.7390
G1 X14.6795 Y39.6379
G1 X14.7241 Y39.5395
G1 X14.7750 Y39.4443
G1 X14.8320 Y39.3526
G1 X14.8949 Y39.2649
G1 X14.9634 Y39.1814
G1 X15.0372 Y39.1026
G1 X15.1160 Y39.0288
G1 X15.1994 Y38.9603
G1 X15.2872 Y38.8974
G1 X15.3789 Y38.8404
G1 X15.4741 Y38.7895
G1 X15.5725 Y38.7449
G1 X15.6735 Y38.7069
G1 X15.7769 Y38.6755
G1 X15.8820 Y38.6510
G1 X15.9885 Y38.6334
G1 X16.0960 Y38.6229
G1 X16.2039 Y38.6193
G1 X39.5539
G1 X40.0372 Y39.1026
G1 X39.5539 Y38.6193
G1 Y33.9693
G1 X39.5574 Y33.8614
G1 X39.5680 Y33.7540
G1 X39.5856 Y33.6474
G1 X39.6101 Y33.5423
G1 X39.6415 Y33.4390
G1 X39.6795 Y33.3379
G1 X39.7241 Y33.2395
G1 X39.7750 Y33.1443
G1 X39.8320 Y33.0526
G1 X39.8949 Y32.9649
G1 X39.9634 Y32.8814
G1 X40.0372 Y32.8026
G1 X40.1160 Y32.7288
G1 X40.1994 Y32.6603
G1 X40.2872 Y32.5974
G1 X40.3789 Y32.5404
G1 X40.4741 Y32.4895
G1 X40.5725 Y32.4449
G1 X40.6735 Y32.4069
G1 X40.7769 Y32.3755
G1 X40.8820 Y32.3510
G1 X40.9885 Y32.3334
G1 X41.0960 Y32.3229
G1 X41.2039 Y32.3193
G1 X68.7289
G0 Z0.0000 F480
G1 X73.6789 F600
G1 Z4.0000 F120
G1 X101.2039 F600
G1 X101.3118 Y32.3229
G1 X101.4193 Y32.3334
G1 X101.5258 Y32.3510
G1 X101.6310 Y32.3755
G1 X101.7343 Y32.4069
G1 X101.8353 Y32.4449
G1 X101.9337 Y32.4895
G1 X102.0289 Y32.5404
G1 X102.1206 Y32.5974
G1 X102.2084 Y32.6603
G1 X102.2918 Y32.7288
G1 X102.3706 Y32.8026
G1 X102.4444 Y32.8814
G1 X102.5129 Y32.9649
G1 X102.5758 Y33.0526
G1 X102.6328 Y33.1443
G1 X102.6837 Y33.2395
G1 X102.7283 Y33.3379
G1 X102.7663 Y33.4390
G1 X102.7977 Y33.5423
G1 X102.8222 Y33.6474
G1 X102.8398 Y33.7540
G1 X102.8504 Y33.8614
G1 X102.8539 Y33.9693
G1 Y38.6193
G1 X102.3706 Y39.1026
G1 X102.8539 Y38.6193
G1 X126.2039
G1 X126.3118 Y38.6229
G1 X126.4193 Y38.6334
G1 X126.5258 Y38.6510
G1 X126.6310 Y38.6755
G1 X126.7343 Y38.7069
G1 X126.8353 Y38.7449
G1 X126.9337 Y38.7895
G1 X127.0289 Y38.8404
G1 X127.1206 Y38.8974
G1 X127.2084 Y38.9603
G1 X127.2918 Y39.0288
G1 X127.3706 Y39.1026
G1 X127.4444 Y39.1814
G1 X127.5129 Y39.2649
G1 X127.5758 Y39.3526
G1 X127.6328 Y39.4443
G1 X127.6837 Y39.5395
G1 X127.7283 Y39.6379
G1 X127.7663 Y39.7390
G1 X127.7977 Y39.8423
G1 X127.8222 Y39.9474
G1 X127.8398 Y40.0540
G1 X127.8504 Y40.1614
G1 X127.8539 Y40.2693
G1 Y93.6193
G1 X127.3706 Y94.1026
G1 X127.8539 Y93.6193
G1 X132.5039
G1 X132.6118 Y93.6229
G1 X132.7193 Y93.6334
G1 X132.8258 Y93.6510
G1 X132.9310 Y93.6755
G1 X133.0343 Y93.7069
G1 X133.1353 Y93.7449
G1 X133.2337 Y93.7895
G1 X133.3289 Y93.8404
G1 X133.4206 Y93.8974
G1 X133.5084 Y93.9603
G1 X133.5918 Y94.0288
G1 X133.6706 Y94.1026
G1 X133.7444 Y94.1814
G1 X133.8129 Y94.2649
G1 X133.8758 Y94.3526
G1 X133.9328 Y94.4443
G1 X133.9837 Y94.5395
G1 X134.0283 Y94.6379
G1 X134.0663 Y94.7390
G1 X134.0977 Y94.8423
G1 X134.1222 Y94.9474
G1 X134.1398 Y95.0540
G1 X134.1504 Y95.1614
G1 X134.1539 Y95.2693
G1 Y122.8094
G0 Z0.0000 F480
G1 Y127.7594 F600
G1 Z4.0000 F120
G1 Y155.2693 F600
G1 X134.1504 Y155.3772
G1 X134.1398 Y155.4847
G1 X134.1222 Y155.5912
G1 X134.0977 Y155.6964
G1 X134.0663 Y155.7997
G1 X134.0283 Y155.9008
G1 X133.9837 Y155.9991
G1 X133.9328 Y156.0943
G1 X133.8758 Y156.1860
G1 X133.8129 Y156.2738
G1 X133.7444 Y156.3572
G1 X133.6706 Y156.4361
G1 X133.5918 Y156.5099
G1 X133.5084 Y156.5784
G1 X133.4206 Y156.6413
G1 X133.3289 Y156.6983
G1 X133.2337 Y156.7492
G1 X133.1353 Y156.7937
G1 X133.0343 Y156.8318
G1 X132.9310 Y156.8631
G1 X132.8258 Y156.8876
G1 X132.7193 Y156.9052
G1 X132.6118 Y156.9158
G1 X132.5039 Y156.9193
G1 X127.8539
G1 X127.3706 Y156.4361
G1 X127.8539 Y156.9193
G1 Y210.2693
G1 X127.8504 Y210.3772
G1 X127.8398 Y210.4847
G1 X127.8222 Y210.5912
G1 X127.7977 Y210.6964
G1 X127.7663 Y210.7997
G1 X127.7283 Y210.9008
G1 X127.6837 Y210.9991
G1 X127.6328 Y211.0943
G1 X127.5758 Y211.1860
G1 X127.5129 Y211.2738
G1 X127.4444 Y211.3572
G1 X127.3706 Y211.4361
G1 X127.2918 Y211.5099
G1 X127.2084 Y211.5784
G1 X127.1206 Y211.6413
G1 X127.0289 Y211.6983
G1 X126.9337 Y211.7492
G1 X126.8353 Y211.7937
G1 X126.7343 Y211.8318
G1 X126.6310 Y211.8631
G1 X126.5258 Y211.8876
G1 X126.4193 Y211.9052
G1 X126.3118 Y211.9158
G1 X126.2039 Y211.9193
G1 X102.8539
G1 X102.3706 Y211.4361
G1 X102.8539 Y211.9193
G1 Y216.5693
G1 X102.8504 Y216.6772
G1 X102.8398 Y216.7847
G1 X102.8222 Y216.8912
G1 X102.7977 Y216.9964
G1 X102.7663 Y217.0997
G1 X102.7283 Y217.2008
G1 X102.6837 Y217.2991
G1 X102.6328 Y217.3943
G1 X102.5758 Y217.4860
G1 X102.5129 Y217.5738
G1 X102.4444 Y217.6572
G1 X102.3706 Y217.7361
G1 X102.2918 Y217.8099
G1 X102.2084 Y217.8784
G1 X102.1206 Y217.9413
G1 X102.0289 Y217.9983
G1 X101.9337 Y218.0492
G1 X101.8353 Y218.0937
G1 X101.7343 Y218.1318
G1 X101.6310 Y218.1631
G1 X101.5258 Y218.1876
G1 X101.4193 Y218.2052
G1 X101.3118 Y218.2158
G1 X101.2039 Y218.2193
G1 X75.4870
G0 Z0.0000 F480
G1 X70.5370 F600
G1 Z4.0000 F120
G1 X41.2039 F600
G1 X41.0960 Y218.2158
G1 X40.9885 Y218.2052
G1 X40.8820 Y218.1876
G1 X40.7769 Y218.1631
G1 X40.6735 Y218.1318
G1 X40.5725 Y218.0937
G1 X40.4741 Y218.0492
G1 X40.3789 Y217.9983
G1 X40.2872 Y217.9413
G1 X40.1994 Y217.8784
G1 X40.1160 Y217.8099
G1 X40.0372 Y217.7361
G1 X39.9634 Y217.6572
G1 X39.8949 Y217.5738
G1 X39.8320 Y217.4860
G1 X39.7750 Y217.3943
G1 X39.7241 Y217.2991
G1 X39.6795 Y217.2008
G1 X39.6415 Y217.0997
G1 X39.6101 Y216.9964
G1 X39.5856 Y216.8912
G1 X39.5680 Y216.7847
G1 X39.5574 Y216.6772
G1 X39.5539 Y216.5693
G1 Y211.9193
G1 X40.0372 Y211.4361
G1 X39.5539 Y211.9193
G1 X16.2039
G1 X16.0960 Y211.9158
G1 X15.9885 Y211.9052
G1 X15.8820 Y211.8876
G1 X15.7769 Y211.8631
G1 X15.6735 Y211.8318
G1 X15.5725 Y211.7937
G1 X15.4741 Y211.7492
G1 X15.3789 Y211.6983
G1 X15.2872 Y211.6413
G1 X15.1994 Y211.5784
G1 X15.1160 Y211.5099
G1 X15.0372 Y211.4361
G1 X14.9634 Y211.3572
G1 X14.8949 Y211.2738
G1 X14.8320 Y211.1860
G1 X14.7750 Y211.0943
G1 X14.7241 Y210.9991
G1 X14.6795 Y210.9008
G1 X14.6415 Y210.7997
G1 X14.6101 Y210.6964
G1 X14.5856 Y210.5912
G1 X14.5680 Y210.4847
G1 X14.5574 Y210.3772
G1 X14.5539 Y210.2693
G1 Y156.9193
G1 X15.0372 Y156.4361
G1 X14.5539 Y156.9193
G1 X9.9039
G1 X9.7960 Y156.9158
G1 X9.6885 Y156.9052
G1 X9.5820 Y156.8876
G1 X9.4769 Y156.8631
G1 X9.3735 Y156.8318
G1 X9.2725 Y156.7937
G1 X9.1741 Y156.7492
G1 X9.0789 Y156.6983
G1 X8.9872 Y156.6413
G1 X8.8994 Y156.5784
G1 X8.8160 Y156.5099
G1 X8.7372 Y156.4361
G1 X8.6634 Y156.3572
G1 X8.5949 Y156.2738
G1 X8.5320 Y156.1860
G1 X8.4750 Y156.0943
G1 X8.4241 Y155.9991
G1 X8.3795 Y155.9008
G1 X8.3415 Y155.7997
G1 X8.3101 Y155.6964
G1 X8.2856 Y155.5912
G1 X8.2680 Y155.4847
G1 X8.2574 Y155.3772
G1 X8.2539 Y155.2693
G1 Y128.0450
G0 Z0.0000 F480
G1 Y123.0950 F600
G0 Z3.5000 F480
G1 Z4.0000 F120
G1 Z8.0000
G1 Y95.2693 F600
G1 X8.2574 Y95.1614
G1 X8.2680 Y95.0540
G1 X8.2856 Y94.9474
G1 X8.3101 Y94.8423
G1 X8.3415 Y94.7390
G1 X8.3795 Y94.6379
G1 X8.4241 Y94.5395
G1 X8.4750 Y94.4443
G1 X8.5320 Y94.3526
G1 X8.5949 Y94.2649
G1 X8.6634 Y94.1814
G1 X8.7372 Y94.1026
G1 X8.8160 Y94.0288
G1 X8.8994 Y93.9603
G1 X8.9872 Y93.8974
G1 X9.0789 Y93.8404
G1 X9.1741 Y93.7895
G1 X9.2725 Y93.7449
G1 X9.3735 Y93.7069
G1 X9.4769 Y93.6755
G1 X9.5820 Y93.6510
G1 X9.6885 Y93.6334
G1 X9.7960 Y93.6229
G1 X9.9039 Y93.6193
G1 X14.5539
G1 X15.0372 Y94.1026
G1 X14.5539 Y93.6193
G1 Y40.2693
G1 X14.5574 Y40.1614
G1 X14.5680 Y40.0540
G1 X14.5856 Y39.9474
G1 X14.6101 Y39.8423
G1 X14.6415 Y39.7390
G1 X14.6795 Y39.6379
G1 X14.7241 Y39.5395
G1 X14.7750 Y39.4443
G1 X14.8320 Y39.3526
G1 X14.8949 Y39.2649
G1 X14.9634 Y39.1814
G1 X15.0372 Y39.1026
G1 X15.1160 Y39.0288
G1 X15.1994 Y38.9603
G1 X15.2872 Y38.8974
G1 X15.3789 Y38.8404
G1 X15.4741 Y38.7895
G1 X15.5725 Y38.7449
G1 X15.6735 Y38.7069
G1 X15.7769 Y38.6755
G1 X15.8820 Y38.6510
G1 X15.9885 Y38.6334
G1 X16.0960 Y38.6229
G1 X16.2039 Y38.6193
G1 X39.5539
G1 X40.0372 Y39.1026
G1 X39.5539 Y38.6193
G1 Y33.9693
G1 X39.5574 Y33.8614
G1 X39.5680 Y33.7540
G1 X39.5856 Y33.6474
G1 X39.6101 Y33.5423
G1 X39.6415 Y33.4390
G1 X39.6795 Y33.3379
G1 X39.7241 Y33.2395
G1 X39.7750 Y33.1443
G1 X39.8320 Y33.0526
G1 X39.8949 Y32.9649
G1 X39.9634 Y32.8814
G1 X40.0372 Y32.8026
G1 X40.1160 Y32.7288
G1 X40.1994 Y32.6603
G1 X40.2872 Y32.5974
G1 X40.3789 Y32.5404
G1 X40.4741 Y32.4895
G1 X40.5725 Y32.4449
G1 X40.6735 Y32.4069
G1 X40.7769 Y32.3755
G1 X40.8820 Y32.3510
G1 X40.9885 Y32.3334
G1 X41.0960 Y32.3229
G1 X41.2039 Y32.3193
G1 X68.7289
G0 Z0.0000 F480
G1 X73.6789 F600
G0 Z3.5000 F480
G1 Z4.0000 F120
G1 Z8.0000
G1 X101.2039 F600
G1 X101.3118 Y32.3229
G1 X101.4193 Y32.3334
G1 X101.5258 Y32.3510
G1 X101.6310 Y32.3755
G1 X101.7343 Y32.4069
G1 X101.8353 Y32.4449
G1 X101.9337 Y32.4895
G1 X102.0289 Y32.5404
G1 X102.1206 Y32.5974
G1 X102.2084 Y32.6603
G1 X102.2918 Y32.7288
G1 X102.3706 Y32.8026
G1 X102.4444 Y32.8814
G1 X102.5129 Y32.9649
G1 X102.5758 Y33.0526
G1 X102.6328 Y33.1443
G1 X102.6837 Y33.2395
G1 X102.7283 Y33.3379
G1 X102.7663 Y33.4390
G1 X102.7977 Y33.5423
G1 X102.8222 Y33.6474
G1 X102.8398 Y33.7540
G1 X102.8504 Y33.8614
G1 X102.8539 Y33.9693
G1 Y38.6193
G1 X102.3706 Y39.1026
G1 X102.8539 Y38.6193
G1 X126.2039
G1 X126.3118 Y38.6229
G1 X126.4193 Y38.6334
G1 X126.5258 Y38.6510
G1 X126.6310 Y38.6755
G1 X126.7343 Y38.7069
G1 X126.8353 Y38.7449
G1 X126.9337 Y38.7895
G1 X127.0289 Y38.8404
G1 X127.1206 Y38.8974
G1 X127.2084 Y38.9603
G1 X127.2918 Y39.0288
G1 X127.3706 Y39.1026
G1 X127.4444 Y39.1814
G1 X127.5129 Y39.2649
G1 X127.5758 Y39.3526
G1 X127.6328 Y39.4443
G1 X127.6837 Y39.5395
G1 X127.7283 Y39.6379
G1 X127.7663 Y39.7390
G1 X127.7977 Y39.8423
G1 X127.8222 Y39.9474
G1 X127.8398 Y40.0540
G1 X127.8504 Y40.1614
G1 X127.8539 Y40.2693
G1 Y93.6193
G1 X127.3706 Y94.1026
G1 X127.8539 Y93.6193
G1 X132.5039
G1 X132.6118 Y93.6229
G1 X132.7193 Y93.6334
G1 X132.8258 Y93.6510
G1 X132.9310 Y93.6755
G1 X133.0343 Y93.7069
G1 X133.1353 Y93.7449
G1 X133.2337 Y93.7895
G1 X133.3289 Y93.8404
G1 X133.4206 Y93.8974
G1 X133.5084 Y93.9603
G1 X133.5918 Y94.0288
G1 X133.6706 Y94.1026
G1 X133.7444 Y94.1814
G1 X133.8129 Y94.2649
G1 X133.8758 Y94.3526
G1 X133.9328 Y94.4443
G1 X133.9837 Y94.5395
G1 X134.0283 Y94.6379
G1 X134.0663 Y94.7390
G1 X134.0977 Y94.8423
G1 X134.1222 Y94.9474
G1 X134.1398 Y95.0540
G1 X134.1504 Y95.1614
G1 X134.1539 Y95.2693
G1 Y122.8094
G0 Z0.0000 F480
G1 Y127.7594 F600
G0 Z3.5000 F480
G1 Z4.0000 F120
G1 Z8.0000
G1 Y155.2693 F600
G1 X134.1504 Y155.3772
G1 X134.1398 Y155.4847
G1 X134.1222 Y155.5912
G1 X134.0977 Y155.6964
G1 X134.0663 Y155.7997
G1 X134.0283 Y155.9008
G1 X133.9837 Y155.9991
G1 X133.9328 Y156.0943
G1 X133.8758 Y156.1860
G1 X133.8129 Y156.2738
G1 X133.7444 Y156.3572
G1 X133.6706 Y156.4361
G1 X133.5918 Y156.5099
G1 X133.5084 Y156.5784
G1 X133.4206 Y156.6413
G1 X133.3289 Y156.6983
G1 X133.2337 Y156.7492
G1 X133.1353 Y156.7937
G1 X133.0343 Y156.8318
G1 X132.9310 Y156.8631
G1 X132.8258 Y156.8876
G1 X132.7193 Y156.9052
G1 X132.6118 Y156.9158
G1 X132.5039 Y156.9193
G1 X127.8539
G1 X127.3706 Y156.4361
G1 X127.8539 Y156.9193
G1 Y210.2693
G1 X127.8504 Y210.3772
G1 X127.8398 Y210.4847
G1 X127.8222 Y210.5912
G1 X127.7977 Y210.6964
G1 X127.7663 Y210.7997
G1 X127.7283 Y210.9008
G1 X127.6837 Y210.9991
G1 X127.6328 Y211.0943
G1 X127.5758 Y211.1860
G1 X127.5129 Y211.2738
G1 X127.4444 Y211.3572
G1 X127.3706 Y211.4361
G1 X127.2918 Y211.5099
G1 X127.2084 Y211.5784
G1 X127.1206 Y211.6413
G1 X127.0289 Y211.6983
G1 X126.9337 Y211.7492
G1 X126.8353 Y211.7937
G1 X126.7343 Y211.8318
G1 X126.6310 Y211.8631
G1 X126.5258 Y211.8876
G1 X126.4193 Y211.9052
G1 X126.3118 Y211.9158
G1 X126.2039 Y211.9193
G1 X102.8539
G1 X102.3706 Y211.4361
G1 X102.8539 Y211.9193
G1 Y216.5693
G1 X102.8504 Y216.6772
G1 X102.8398 Y216.7847
G1 X102.8222 Y216.8912
G1 X102.7977 Y216.9964
G1 X102.7663 Y217.0997
G1 X102.7283 Y217.2008
G1 X102.6837 Y217.2991
G1 X102.6328 Y217.3943
G1 X102.5758 Y217.4860
G1 X102.5129 Y217.5738
G1 X102.4444 Y217.6572
G1 X102.3706 Y217.7361
G1 X102.2918 Y217.8099
G1 X102.2084 Y217.8784
G1 X102.1206 Y217.9413
G1 X102.0289 Y217.9983
G1 X101.9337 Y218.0492
G1 X101.8353 Y218.0937
G1 X101.7343 Y218.1318
G1 X101.6310 Y218.1631
G1 X101.5258 Y218.1876
G1 X101.4193 Y218.2052
G1 X101.3118 Y218.2158
G1 X101.2039 Y218.2193
G1 X75.4870
G0 Z0.0000 F480
G1 X70.5370 F600
G0 Z3.5000 F480
G1 Z4.0000 F120
G1 Z8.0000
G1 X41.2039 F600
G1 X41.0960 Y218.2158
G1 X40.9885 Y218.2052
G1 X40.8820 Y218.1876
G1 X40.7769 Y218.1631
G1 X40.6735 Y218.1318
G1 X40.5725 Y218.0937
G1 X40.4741 Y218.0492
G1 X40.3789 Y217.9983
G1 X40.2872 Y217.9413
G1 X40.1994 Y217.8784
G1 X40.1160 Y217.8099
G1 X40.0372 Y217.7361
G1 X39.9634 Y217.6572
G1 X39.8949 Y217.5738
G1 X39.8320 Y217.4860
G1 X39.7750 Y217.3943
G1 X39.7241 Y217.2991
G1 X39.6795 Y217.2008
G1 X39.6415 Y217.0997
G1 X39.6101 Y216.9964
G1 X39.5856 Y216.8912
G1 X39.5680 Y216.7847
G1 X39.5574 Y216.6772
G1 X39.5539 Y216.5693
G1 Y211.9193
G1 X40.0372 Y211.4361
G1 X39.5539 Y211.9193
G1 X16.2039
G1 X16.0960 Y211.9158
G1 X15.9885 Y211.9052
G1 X15.8820 Y211.8876
G1 X15.7769 Y211.8631
G1 X15.6735 Y211.8318
G1 X15.5725 Y211.7937
G1 X15.4741 Y211.7492
G1 X15.3789 Y211.6983
G1 X15.2872 Y211.6413
G1 X15.1994 Y211.5784
G1 X15.1160 Y211.5099
G1 X15.0372 Y211.4361
G1 X14.9634 Y211.3572
G1 X14.8949 Y211.2738
G1 X14.8320 Y211.1860
G1 X14.7750 Y211.0943
G1 X14.7241 Y210.9991
G1 X14.6795 Y210.9008
G1 X14.6415 Y210.7997
G1 X14.6101 Y210.6964
G1 X14.5856 Y210.5912
G1 X14.5680 Y210.4847
G1 X14.5574 Y210.3772
G1 X14.5539 Y210.2693
G1 Y156.9193
G1 X15.0372 Y156.4361
G1 X14.5539 Y156.9193
G1 X9.9039
G1 X9.7960 Y156.9158
G1 X9.6885 Y156.9052
G1 X9.5820 Y156.8876
G1 X9.4769 Y156.8631
G1 X9.3735 Y156.8318
G1 X9.2725 Y156.7937
G1 X9.1741 Y156.7492
G1 X9.0789 Y156.6983
G1 X8.9872 Y156.6413
G1 X8.8994 Y156.5784
G1 X8.8160 Y156.5099
G1 X8.7372 Y156.4361
G1 X8.6634 Y156.3572
G1 X8.5949 Y156.2738
G1 X8.5320 Y156.1860
G1 X8.4750 Y156.0943
G1 X8.4241 Y155.9991
G1 X8.3795 Y155.9008
G1 X8.3415 Y155.7997
G1 X8.3101 Y155.6964
G1 X8.2856 Y155.5912
G1 X8.2680 Y155.4847
G1 X8.2574 Y155.3772
G1 X8.2539 Y155.2693
G1 Y128.0450
G0 Z0.0000 F480
G1 Y123.0950 F600
G0 Z-5.0000 F480


(No. 188: Part 1)
G0 X139.0723 Y123.0950 Z-5.0000 F2100
G0 Z-0.5000 F480
G1 Z0.0000 F120
G1 Z4.0000
G1 Y95.2693 F600
G1 X139.0759 Y95.1614
G1 X139.0865 Y95.0540
G1 X139.1040 Y94.9474
G1 X139.1286 Y94.8423
G1 X139.1599 Y94.7390
G1 X139.1979 Y94.6379
G1 X139.2425 Y94.5395
G1 X139.2934 Y94.4443
G1 X139.3504 Y94.3526
G1 X139.4133 Y94.2649
G1 X139.4818 Y94.1814
G1 X139.5556 Y94.1026
G1 X139.6344 Y94.0288
G1 X139.7179 Y93.9603
G1 X139.8056 Y93.8974
G1 X139.8973 Y93.8404
G1 X139.9926 Y93.7895
G1 X140.0909 Y93.7449
G1 X140.1920 Y93.7069
G1 X140.2953 Y93.6755
G1 X140.4004 Y93.6510
G1 X140.5070 Y93.6334
G1 X140.6144 Y93.6229
G1 X140.7223 Y93.6193
G1 X145.3723
G1 X145.8556 Y94.1026
G1 X145.3723 Y93.6193
G1 Y40.2693
G1 X145.3759 Y40.1614
G1 X145.3865 Y40.0540
G1 X145.4040 Y39.9474
G1 X145.4286 Y39.8423
G1 X145.4599 Y39.7390
G1 X145.4979 Y39.6379
G1 X145.5425 Y39.5395
G1 X145.5934 Y39.4443
G1 X145.6504 Y39.3526
G1 X145.7133 Y39.2649
G1 X145.7818 Y39.1814
G1 X145.8556 Y39.1026
G1 X145.9344 Y39.0288
G1 X146.0179 Y38.9603
G1 X146.1056 Y38.8974
G1 X146.1973 Y38.8404
G1 X146.2926 Y38.7895
G1 X146.3909 Y38.7449
G1 X146.4920 Y38.7069
G1 X146.5953 Y38.6755
G1 X146.7004 Y38.6510
G1 X146.8070 Y38.6334
G1 X146.9144 Y38.6229
G1 X147.0223 Y38.6193
G1 X170.3723
G1 X170.8556 Y39.1026
G1 X170.3723 Y38.6193
G1 Y33.9693
G1 X170.3759 Y33.8614
G1 X170.3865 Y33.7540
G1 X170.4040 Y33.6474
G1 X170.4286 Y33.5423
G1 X170.4599 Y33.4390
G1 X170.4979 Y33.3379
G1 X170.5425 Y33.2395
G1 X170.5934 Y33.1443
G1 X170.6504 Y33.0526
G1 X170.7133 Y32.9649
G1 X170.7818 Y32.8814
G1 X170.8556 Y32.8026
G1 X170.9344 Y32.7288
G1 X171.0179 Y32.6603
G1 X171.1056 Y32.5974
G1 X171.1973 Y32.5404
G1 X171.2926 Y32.4895
G1 X171.3909 Y32.4449
G1 X171.4920 Y32.4069
G1 X171.5953 Y32.3755
G1 X171.7004 Y32.3510
G1 X171.8070 Y32.3334
G1 X171.9144 Y32.3229
G1 X172.0223 Y32.3193
G1 X199.5473
G0 Z0.0000 F480
G1 X204.4973 F600
G1 Z4.0000 F120
G1 X232.0223 F600
G1 X232.1303 Y32.3229
G1 X232.2377 Y32.3334
G1 X232.3442 Y32.3510
G1 X232.4494 Y32.3755
G1 X232.5527 Y32.4069
G1 X232.6538 Y32.4449
G1 X232.7521 Y32.4895
G1 X232.8473 Y32.5404
G1 X232.9390 Y32.5974
G1 X233.0268 Y32.6603
G1 X233.1103 Y32.7288
G1 X233.1891 Y32.8026
G1 X233.2629 Y32.8814
G1 X233.3314 Y32.9649
G1 X233.3943 Y33.0526
G1 X233.4513 Y33.1443
G1 X233.5022 Y33.2395
G1 X233.5467 Y33.3379
G1 X233.5848 Y33.4390
G1 X233.6161 Y33.5423
G1 X233.6406 Y33.6474
G1 X233.6582 Y33.7540
G1 X233.6688 Y33.8614
G1 X233.6723 Y33.9693
G1 Y38.6193
G1 X233.1891 Y39.1026
G1 X233.6723 Y38.6193
G1 X257.0223
G1 X257.1303 Y38.6229
G1 X257.2377 Y38.6334
G1 X257.3442 Y38.6510
G1 X257.4494 Y38.6755
G1 X257.5527 Y38.7069
G1 X257.6538 Y38.7449
G1 X257.7521 Y38.7895
G1 X257.8473 Y38.8404
G1 X257.9390 Y38.8974
G1 X258.0268 Y38.9603
G1 X258.1103 Y39.0288
G1 X258.1891 Y39.1026
G1 X258.2629 Y39.1814
G1 X258.3314 Y39.2649
G1 X258.3943 Y39.3526
G1 X258.4513 Y39.4443
G1 X258.5022 Y39.5395
G1 X258.5467 Y39.6379
G1 X258.5848 Y39.7390
G1 X258.6161 Y39.8423
G1 X258.6406 Y39.9474
G1 X258.6582 Y40.0540
G1 X258.6688 Y40.1614
G1 X258.6723 Y40.2693
G1 Y93.6193
G1 X258.1891 Y94.1026
G1 X258.6723 Y93.6193
G1 X263.3223
G1 X263.4303 Y93.6229
G1 X263.5377 Y93.6334
G1 X263.6442 Y93.6510
G1 X263.7494 Y93.6755
G1 X263.8527 Y93.7069
G1 X263.9538 Y93.7449
G1 X264.0521 Y93.7895
G1 X264.1473 Y93.8404
G1 X264.2390 Y93.8974
G1 X264.3268 Y93.9603
G1 X264.4103 Y94.0288
G1 X264.4891 Y94.1026
G1 X264.5629 Y94.1814
G1 X264.6314 Y94.2649
G1 X264.6943 Y94.3526
G1 X264.7513 Y94.4443
G1 X264.8022 Y94.5395
G1 X264.8467 Y94.6379
G1 X264.8848 Y94.7390
G1 X264.9161 Y94.8423
G1 X264.9406 Y94.9474
G1 X264.9582 Y95.0540
G1 X264.9688 Y95.1614
G1 X264.9723 Y95.2693
G1 Y122.8094
G0 Z0.0000 F480
G1 Y127.7594 F600
G1 Z4.0000 F120
G1 Y155.2693 F600
G1 X264.9688 Y155.3772
G1 X264.9582 Y155.4847
G1 X264.9406 Y155.5912
G1 X264.9161 Y155.6964
G1 X264.8848 Y155.7997
G1 X264.8467 Y155.9008
G1 X264.8022 Y155.9991
G1 X264.7513 Y156.0943
G1 X264.6943 Y156.1860
G1 X264.6314 Y156.2738
G1 X264.5629 Y156.3572
G1 X264.4891 Y156.4361
G1 X264.4103 Y156.5099
G1 X264.3268 Y156.5784
G1 X264.2390 Y156.6413
G1 X264.1473 Y156.6983
G1 X264.0521 Y156.7492
G1 X263.9538 Y156.7937
G1 X263.8527 Y156.8318
G1 X263.7494 Y156.8631
G1 X263.6442 Y156.8876
G1 X263.5377 Y156.9052
G1 X263.4303 Y156.9158
G1 X263.3223 Y156.9193
G1 X258.6723
G1 X258.1891 Y156.4361
G1 X258.6723 Y156.9193
G1 Y210.2693
G1 X258.6688 Y210.3772
G1 X258.6582 Y210.4847
G1 X258.6406 Y210.5912
G1 X258.6161 Y210.6964
G1 X258.5848 Y210.7997
G1 X258.5467 Y210.9008
G1 X258.5022 Y210.9991
G1 X258.4513 Y211.0943
G1 X258.3943 Y211.1860
G1 X258.3314 Y211.2738
G1 X258.2629 Y211.3572
G1 X258.1891 Y211.4361
G1 X258.1103 Y211.5099
G1 X258.0268 Y211.5784
G1 X257.9390 Y211.6413
G1 X257.8473 Y211.6983
G1 X257.7521 Y211.7492
G1 X257.6538 Y211.7937
G1 X257.5527 Y211.8318
G1 X257.4494 Y211.8631
G1 X257.3442 Y211.8876
G1 X257.2377 Y211.9052
G1 X257.1303 Y211.9158
G1 X257.0223 Y211.9193
G1 X233.6723
G1 X233.1891 Y211.4361
G1 X233.6723 Y211.9193
G1 Y216.5693
G1 X233.6688 Y216.6772
G1 X233.6582 Y216.7847
G1 X233.6406 Y216.8912
G1 X233.6161 Y216.9964
G1 X233.5848 Y217.0997
G1 X233.5467 Y217.2008
G1 X233.5022 Y217.2991
G1 X233.4513 Y217.3943
G1 X233.3943 Y217.4860
G1 X233.3314 Y217.5738
G1 X233.2629 Y217.6572
G1 X233.1891 Y217.7361
G1 X233.1103 Y217.8099
G1 X233.0268 Y217.8784
G1 X232.9390 Y217.9413
G1 X232.8473 Y217.9983
G1 X232.7521 Y218.0492
G1 X232.6538 Y218.0937
G1 X232.5527 Y218.1318
G1 X232.4494 Y218.1631
G1 X232.3442 Y218.1876
G1 X232.2377 Y218.2052
G1 X232.1303 Y218.2158
G1 X232.0223 Y218.2193
G1 X206.3054
G0 Z0.0000 F480
G1 X201.3554 F600
G1 Z4.0000 F120
G1 X172.0223 F600
G1 X171.9144 Y218.2158
G1 X171.8070 Y218.2052
G1 X171.7004 Y218.1876
G1 X171.5953 Y218.1631
G1 X171.4920 Y218.1318
G1 X171.3909 Y218.0937
G1 X171.2926 Y218.0492
G1 X171.1973 Y217.9983
G1 X171.1056 Y217.9413
G1 X171.0179 Y217.8784
G1 X170.9344 Y217.8099
G1 X170.8556 Y217.7361
G1 X170.7818 Y217.6572
G1 X170.7133 Y217.5738
G1 X170.6504 Y217.4860
G1 X170.5934 Y217.3943
G1 X170.5425 Y217.2991
G1 X170.4979 Y217.2008
G1 X170.4599 Y217.0997
G1 X170.4286 Y216.9964
G1 X170.4040 Y216.8912
G1 X170.3865 Y216.7847
G1 X170.3759 Y216.6772
G1 X170.3723 Y216.5693
G1 Y211.9193
G1 X170.8556 Y211.4361
G1 X170.3723 Y211.9193
G1 X147.0223
G1 X146.9144 Y211.9158
G1 X146.8070 Y211.9052
G1 X146.7004 Y211.8876
G1 X146.5953 Y211.8631
G1 X146.4920 Y211.8318
G1 X146.3909 Y211.7937
G1 X146.2926 Y211.7492
G1 X146.1973 Y211.6983
G1 X146.1056 Y211.6413
G1 X146.0179 Y211.5784
G1 X145.9344 Y211.5099
G1 X145.8556 Y211.4361
G1 X145.7818 Y211.3572
G1 X145.7133 Y211.2738
G1 X145.6504 Y211.1860
G1 X145.5934 Y211.0943
G1 X145.5425 Y210.9991
G1 X145.4979 Y210.9008
G1 X145.4599 Y210.7997
G1 X145.4286 Y210.6964
G1 X145.4040 Y210.5912
G1 X145.3865 Y210.4847
G1 X145.3759 Y210.3772
G1 X145.3723 Y210.2693
G1 Y156.9193
G1 X145.8556 Y156.4361
G1 X145.3723 Y156.9193
G1 X140.7223
G1 X140.6144 Y156.9158
G1 X140.5070 Y156.9052
G1 X140.4004 Y156.8876
G1 X140.2953 Y156.8631
G1 X140.1920 Y156.8318
G1 X140.0909 Y156.7937
G1 X139.9926 Y156.7492
G1 X139.8973 Y156.6983
G1 X139.8056 Y156.6413
G1 X139.7179 Y156.5784
G1 X139.6344 Y156.5099
G1 X139.5556 Y156.4361
G1 X139.4818 Y156.3572
G1 X139.4133 Y156.2738
G1 X139.3504 Y156.1860
G1 X139.2934 Y156.0943
G1 X139.2425 Y155.9991
G1 X139.1979 Y155.9008
G1 X139.1599 Y155.7997
G1 X139.1286 Y155.6964
G1 X139.1040 Y155.5912
G1 X139.0865 Y155.4847
G1 X139.0759 Y155.3772
G1 X139.0723 Y155.2693
G1 Y128.0450
G0 Z0.0000 F480
G1 Y123.0950 F600
G0 Z3.5000 F480
G1 Z4.0000 F120
G1 Z8.0000
G1 Y95.2693 F600
G1 X139.0759 Y95.1614
G1 X139.0865 Y95.0540
G1 X139.1040 Y94.9474
G1 X139.1286 Y94.8423
G1 X139.1599 Y94.7390
G1 X139.1979 Y94.6379
G1 X139.2425 Y94.5395
G1 X139.2934 Y94.4443
G1 X139.3504 Y94.3526
G1 X139.4133 Y94.2649
G1 X139.4818 Y94.1814
G1 X139.5556 Y94.1026
G1 X139.6344 Y94.0288
G1 X139.7179 Y93.9603
G1 X139.8056 Y93.8974
G1 X139.8973 Y93.8404
G1 X139.9926 Y93.7895
G1 X140.0909 Y93.7449
G1 X140.1920 Y93.7069
G1 X140.2953 Y93.6755
G1 X140.4004 Y93.6510
G1 X140.5070 Y93.6334
G1 X140.6144 Y93.6229
G1 X140.7223 Y93.6193
G1 X145.3723
G1 X145.8556 Y94.1026
G1 X145.3723 Y93.6193
G1 Y40.2693
G1 X145.3759 Y40.1614
G1 X145.3865 Y40.0540
G1 X145.4040 Y39.9474
G1 X145.4286 Y39.8423
G1 X145.4599 Y39.7390
G1 X145.4979 Y39.6379
G1 X145.5425 Y39.5395
G1 X145.5934 Y39.4443
G1 X145.6504 Y39.3526
G1 X145.7133 Y39.2649
G1 X145.7818 Y39.1814
G1 X145.8556 Y39.1026
G1 X145.9344 Y39.0288
G1 X146.0179 Y38.9603
G1 X146.1056 Y38.8974
G1 X146.1973 Y38.8404
G1 X146.2926 Y38.7895
G1 X146.3909 Y38.7449
G1 X146.4920 Y38.7069
G1 X146.5953 Y38.6755
G1 X146.7004 Y38.6510
G1 X146.8070 Y38.6334
G1 X146.9144 Y38.6229
G1 X147.0223 Y38.6193
G1 X170.3723
G1 X170.8556 Y39.1026
G1 X170.3723 Y38.6193
G1 Y33.9693
G1 X170.3759 Y33.8614
G1 X170.3865 Y33.7540
G1 X170.4040 Y33.6474
G1 X170.4286 Y33.5423
G1 X170.4599 Y33.4390
G1 X170.4979 Y33.3379
G1 X170.5425 Y33.2395
G1 X170.5934 Y33.1443
G1 X170.6504 Y33.0526
G1 X170.7133 Y32.9649
G1 X170.7818 Y32.8814
G1 X170.8556 Y32.8026
G1 X170.9344 Y32.7288
G1 X171.0179 Y32.6603
G1 X171.1056 Y32.5974
G1 X171.1973 Y32.5404
G1 X171.2926 Y32.4895
G1 X171.3909 Y32.4449
G1 X171.4920 Y32.4069
G1 X171.5953 Y32.3755
G1 X171.7004 Y32.3510
G1 X171.8070 Y32.3334
G1 X171.9144 Y32.3229
G1 X172.0223 Y32.3193
G1 X199.5473
G0 Z0.0000 F480
G1 X204.4973 F600
G0 Z3.5000 F480
G1 Z4.0000 F120
G1 Z8.0000
G1 X232.0223 F600
G1 X232.1303 Y32.3229
G1 X232.2377 Y32.3334
G1 X232.3442 Y32.3510
G1 X232.4494 Y32.3755
G1 X232.5527 Y32.4069
G1 X232.6538 Y32.4449
G1 X232.7521 Y32.4895
G1 X232.8473 Y32.5404
G1 X232.9390 Y32.5974
G1 X233.0268 Y32.6603
G1 X233.1103 Y32.7288
G1 X233.1891 Y32.8026
G1 X233.2629 Y32.8814
G1 X233.3314 Y32.9649
G1 X233.3943 Y33.0526
G1 X233.4513 Y33.1443
G1 X233.5022 Y33.2395
G1 X233.5467 Y33.3379
G1 X233.5848 Y33.4390
G1 X233.6161 Y33.5423
G1 X233.6406 Y33.6474
G1 X233.6582 Y33.7540
G1 X233.6688 Y33.8614
G1 X233.6723 Y33.9693
G1 Y38.6193
G1 X233.1891 Y39.1026
G1 X233.6723 Y38.6193
G1 X257.0223
G1 X257.1303 Y38.6229
G1 X257.2377 Y38.6334
G1 X257.3442 Y38.6510
G1 X257.4494 Y38.6755
G1 X257.5527 Y38.7069
G1 X257.6538 Y38.7449
G1 X257.7521 Y38.7895
G1 X257.8473 Y38.8404
G1 X257.9390 Y38.8974
G1 X258.0268 Y38.9603
G1 X258.1103 Y39.0288
G1 X258.1891 Y39.1026
G1 X258.2629 Y39.1814
G1 X258.3314 Y39.2649
G1 X258.3943 Y39.3526
G1 X258.4513 Y39.4443
G1 X258.5022 Y39.5395
G1 X258.5467 Y39.6379
G1 X258.5848 Y39.7390
G1 X258.6161 Y39.8423
G1 X258.6406 Y39.9474
G1 X258.6582 Y40.0540
G1 X258.6688 Y40.1614
G1 X258.6723 Y40.2693
G1 Y93.6193
G1 X258.1891 Y94.1026
G1 X258.6723 Y93.6193
G1 X263.3223
G1 X263.4303 Y93.6229
G1 X263.5377 Y93.6334
G1 X263.6442 Y93.6510
G1 X263.7494 Y93.6755
G1 X263.8527 Y93.7069
G1 X263.9538 Y93.7449
G1 X264.0521 Y93.7895
G1 X264.1473 Y93.8404
G1 X264.2390 Y93.8974
G1 X264.3268 Y93.9603
G1 X264.4103 Y94.0288
G1 X264.4891 Y94.1026
G1 X264.5629 Y94.1814
G1 X264.6314 Y94.2649
G1 X264.6943 Y94.3526
G1 X264.7513 Y94.4443
G1 X264.8022 Y94.5395
G1 X264.8467 Y94.6379
G1 X264.8848 Y94.7390
G1 X264.9161 Y94.8423
G1 X264.9406 Y94.9474
G1 X264.9582 Y95.0540
G1 X264.9688 Y95.1614
G1 X264.9723 Y95.2693
G1 Y122.8094
G0 Z0.0000 F480
G1 Y127.7594 F600
G0 Z3.5000 F480
G1 Z4.0000 F120
G1 Z8.0000
G1 Y155.2693 F600
G1 X264.9688 Y155.3772
G1 X264.9582 Y155.4847
G1 X264.9406 Y155.5912
G1 X264.9161 Y155.6964
G1 X264.8848 Y155.7997
G1 X264.8467 Y155.9008
G1 X264.8022 Y155.9991
G1 X264.7513 Y156.0943
G1 X264.6943 Y156.1860
G1 X264.6314 Y156.2738
G1 X264.5629 Y156.3572
G1 X264.4891 Y156.4361
G1 X264.4103 Y156.5099
G1 X264.3268 Y156.5784
G1 X264.2390 Y156.6413
G1 X264.1473 Y156.6983
G1 X264.0521 Y156.7492
G1 X263.9538 Y156.7937
G1 X263.8527 Y156.8318
G1 X263.7494 Y156.8631
G1 X263.6442 Y156.8876
G1 X263.5377 Y156.9052
G1 X263.4303 Y156.9158
G1 X263.3223 Y156.9193
G1 X258.6723
G1 X258.1891 Y156.4361
G1 X258.6723 Y156.9193
G1 Y210.2693
G1 X258.6688 Y210.3772
G1 X258.6582 Y210.4847
G1 X258.6406 Y210.5912
G1 X258.6161 Y210.6964
G1 X258.5848 Y210.7997
G1 X258.5467 Y210.9008
G1 X258.5022 Y210.9991
G1 X258.4513 Y211.0943
G1 X258.3943 Y211.1860
G1 X258.3314 Y211.2738
G1 X258.2629 Y211.3572
G1 X258.1891 Y211.4361
G1 X258.1103 Y211.5099
G1 X258.0268 Y211.5784
G1 X257.9390 Y211.6413
G1 X257.8473 Y211.6983
G1 X257.7521 Y211.7492
G1 X257.6538 Y211.7937
G1 X257.5527 Y211.8318
G1 X257.4494 Y211.8631
G1 X257.3442 Y211.8876
G1 X257.2377 Y211.9052
G1 X257.1303 Y211.9158
G1 X257.0223 Y211.9193
G1 X233.6723
G1 X233.1891 Y211.4361
G1 X233.6723 Y211.9193
G1 Y216.5693
G1 X233.6688 Y216.6772
G1 X233.6582 Y216.7847
G1 X233.6406 Y216.8912
G1 X233.6161 Y216.9964
G1 X233.5848 Y217.0997
G1 X233.5467 Y217.2008
G1 X233.5022 Y217.2991
G1 X233.4513 Y217.3943
G1 X233.3943 Y217.4860
G1 X233.3314 Y217.5738
G1 X233.2629 Y217.6572
G1 X233.1891 Y217.7361
G1 X233.1103 Y217.8099
G1 X233.0268 Y217.8784
G1 X232.9390 Y217.9413
G1 X232.8473 Y217.9983
G1 X232.7521 Y218.0492
G1 X232.6538 Y218.0937
G1 X232.5527 Y218.1318
G1 X232.4494 Y218.1631
G1 X232.3442 Y218.1876
G1 X232.2377 Y218.2052
G1 X232.1303 Y218.2158
G1 X232.0223 Y218.2193
G1 X206.3054
G0 Z0.0000 F480
G1 X201.3554 F600
G0 Z3.5000 F480
G1 Z4.0000 F120
G1 Z8.0000
G1 X172.0223 F600
G1 X171.9144 Y218.2158
G1 X171.8070 Y218.2052
G1 X171.7004 Y218.1876
G1 X171.5953 Y218.1631
G1 X171.4920 Y218.1318
G1 X171.3909 Y218.0937
G1 X171.2926 Y218.0492
G1 X171.1973 Y217.9983
G1 X171.1056 Y217.9413
G1 X171.0179 Y217.8784
G1 X170.9344 Y217.8099
G1 X170.8556 Y217.7361
G1 X170.7818 Y217.6572
G1 X170.7133 Y217.5738
G1 X170.6504 Y217.4860
G1 X170.5934 Y217.3943
G1 X170.5425 Y217.2991
G1 X170.4979 Y217.2008
G1 X170.4599 Y217.0997
G1 X170.4286 Y216.9964
G1 X170.4040 Y216.8912
G1 X170.3865 Y216.7847
G1 X170.3759 Y216.6772
G1 X170.3723 Y216.5693
G1 Y211.9193
G1 X170.8556 Y211.4361
G1 X170.3723 Y211.9193
G1 X147.0223
G1 X146.9144 Y211.9158
G1 X146.8070 Y211.9052
G1 X146.7004 Y211.8876
G1 X146.5953 Y211.8631
G1 X146.4920 Y211.8318
G1 X146.3909 Y211.7937
G1 X146.2926 Y211.7492
G1 X146.1973 Y211.6983
G1 X146.1056 Y211.6413
G1 X146.0179 Y211.5784
G1 X145.9344 Y211.5099
G1 X145.8556 Y211.4361
G1 X145.7818 Y211.3572
G1 X145.7133 Y211.2738
G1 X145.6504 Y211.1860
G1 X145.5934 Y211.0943
G1 X145.5425 Y210.9991
G1 X145.4979 Y210.9008
G1 X145.4599 Y210.7997
G1 X145.4286 Y210.6964
G1 X145.4040 Y210.5912
G1 X145.3865 Y210.4847
G1 X145.3759 Y210.3772
G1 X145.3723 Y210.2693
G1 Y156.9193
G1 X145.8556 Y156.4361
G1 X145.3723 Y156.9193
G1 X140.7223
G1 X140.6144 Y156.9158
G1 X140.5070 Y156.9052
G1 X140.4004 Y156.8876
G1 X140.2953 Y156.8631
G1 X140.1920 Y156.8318
G1 X140.0909 Y156.7937
G1 X139.9926 Y156.7492
G1 X139.8973 Y156.6983
G1 X139.8056 Y156.6413
G1 X139.7179 Y156.5784
G1 X139.6344 Y156.5099
G1 X139.5556 Y156.4361
G1 X139.4818 Y156.3572
G1 X139.4133 Y156.2738
G1 X139.3504 Y156.1860
G1 X139.2934 Y156.0943
G1 X139.2425 Y155.9991
G1 X139.1979 Y155.9008
G1 X139.1599 Y155.7997
G1 X139.1286 Y155.6964
G1 X139.1040 Y155.5912
G1 X139.0865 Y155.4847
G1 X139.0759 Y155.3772
G1 X139.0723 Y155.2693
G1 Y128.0450
G0 Z0.0000 F480
G1 Y123.0950 F600
G0 Z-5.0000 F480
G0 X0.0000 Y0.0000 F2100

M05
M30
