(Project Laser_Warning)
(Created by Estlcam version 11 build 11.244)
(Machining time about 01:41:22 hours)

(Required tools:)
(Flat Endmill 2 Flutes)

G90
M03 S24000
G0 X0.0000 Y0.0000 Z0.0000 F2100
G0 Z-5.0000 F480


(No. 1: Drill 3)
G0 X41.6506 Y72.8996 F2100
G0 Z-0.5000 F480
G1 Z2.0000 F180 S24000
G0 Z-0.5000 F480
G0 Z1.5000
G1 Z4.0000 F180
G0 Z-0.5000 F480
G0 Z3.5000
G1 Z6.0000 F180
G0 Z-0.5000 F480
G0 Z5.5000
G1 Z8.0000 F180
G0 Z-5.0000 F480


(No. 2: Hole 1)
G0 X65.6394 Y85.7871 Z-5.0000 F2100
G0 Z-0.5000 F480
G1 Z0.0000 F180
G1 Z2.0000
G1 X534.3606 F900
G1 X535.6028 Y88.2621
G1 X64.3972
G1 X63.9444 Y90.7371
G1 X536.0556
G1 X535.8404 Y93.2121
G1 X64.1596
G1 X65.0957 Y95.6871
G1 X534.9043
G1 X533.4820 Y98.1621
G1 X66.5180
G1 X67.9469 Y100.6371
G1 X532.0531
G1 X530.6241 Y103.1121
G1 X69.3759
G1 X70.8048 Y105.5871
G1 X529.1952
G1 X527.7663 Y108.0621
G1 X305.9228
G1 X305.9539 Y110.5371
G1 X526.3373
G1 X524.9084 Y113.0121
G1 X305.8675
G1 X305.7810 Y115.4871
G1 X523.4794
G1 X522.0505 Y117.9621
G1 X305.6946
G1 X305.6082 Y120.4371
G1 X349.7429
G1 X348.4253 Y122.9121
G1 X305.5217
G1 X305.4353 Y125.3871
G1 X347.1093
G1 X345.7933 Y127.8621
G1 X305.3489
G1 X305.2624 Y130.3371
G1 X344.4774
G1 X343.1614 Y132.8121
G1 X305.1760
G1 X305.0896 Y135.2871
G1 X341.8454
G1 X340.5294 Y137.7621
G1 X305.0032
G1 X304.9167 Y140.2371
G1 X339.2134
G1 X337.8975 Y142.7121
G1 X304.8303
G1 X304.7439 Y145.1871
G1 X336.5815
G1 X335.2655 Y147.6621
G1 X304.6574
G1 X304.5710 Y150.1371
G1 X313.5766
G1 X313.0052 Y152.6121
G1 X304.4846
G1 X304.3982 Y155.0871
G1 X312.4338
G1 X311.8624 Y157.5621
G1 X304.3117
G1 X304.2253 Y160.0371
G1 X311.2910
G1 X310.7196 Y162.5121
G1 X304.1389
G1 X304.0524 Y164.9871
G1 X310.1483
G1 X309.5769 Y167.4621
G1 X303.9660
G1 X303.8796 Y169.9371
G1 X309.0055
G1 X308.4341 Y172.4121
G1 X303.7932
G1 X303.7067 Y174.8871
G1 X307.8627
G1 X307.2913 Y177.3621
G1 X303.6203
G1 X303.5339 Y179.8371
G1 X306.7199
G1 X306.1485 Y182.3121
G1 X303.4474
G1 X303.3610 Y184.7871
G1 X305.5771
G0 Z-5.0000 F480
G0 X321.9983 Y147.6621 F2100
G0 Z-0.5000 F480
G1 Z2.0000 F180
G1 Y150.1371 F900
G1 X333.9495
G1 X332.6335 Y152.6121
G1 X322.4600
G1 X321.7033 Y155.0871
G1 X331.3176
G1 X330.0016 Y157.5621
G1 X320.9467
G1 X320.1900 Y160.0371
G1 X328.6856
G1 X327.3696 Y162.5121
G1 X319.4333
G1 X318.6766 Y164.9871
G1 X326.0536
G1 X324.7376 Y167.4621
G1 X317.9199
G1 X317.1632 Y169.9371
G1 X323.4217
G1 X322.1057 Y172.4121
G1 X316.4066
G1 X315.6499 Y174.8871
G1 X320.7897
G1 X319.4737 Y177.3621
G1 X314.8932
G1 X314.1365 Y179.8371
G1 X318.1577
G1 X316.8418 Y182.3121
G1 X313.3798
G1 X312.6231 Y184.7871
G1 X315.5258
G1 X314.2098 Y187.2621
G1 X311.8665
G0 Z-5.0000 F480
G0 X354.1536 Y117.9621 F2100
G0 Z-0.5000 F480
G1 Z2.0000 F180
G1 Y120.4371 F900
G1 X520.6216
G1 X519.1926 Y122.9121
G1 X358.4405
G1 X360.4678
G1 Y125.3871
G1 X517.7637
G1 X516.3347 Y127.8621
G1 X359.2839
G1 X357.7373 Y130.3371
G1 X514.9058
G1 X513.4768 Y132.8121
G1 X356.1908
G1 X354.6442 Y135.2871
G1 X512.0479
G1 X510.6190 Y137.7621
G1 X353.0977
G1 X351.5511 Y140.2371
G1 X509.1900
G1 X507.7611 Y142.7121
G1 X350.0046
G1 X348.4580 Y145.1871
G1 X506.3321
G1 X504.9032 Y147.6621
G1 X346.9115
G1 X345.3649 Y150.1371
G1 X503.4743
G1 X502.0453 Y152.6121
G1 X343.8184
G1 X342.2718 Y155.0871
G1 X500.6164
G1 X499.1874 Y157.5621
G1 X340.7253
G1 X339.1787 Y160.0371
G1 X389.6520
G1 X385.6911 Y162.5121
G1 X337.6322
G1 X336.0856 Y164.9871
G1 X381.7303
G1 X377.7695 Y167.4621
G1 X350.8508
G1 X353.1545 Y169.9371
G1 X373.8086
G1 X369.8478 Y172.4121
G1 X352.7480
G1 X350.0979 Y174.8871
G1 X365.8870
G1 X361.9262 Y177.3621
G1 X347.4438
G1 X344.7897 Y179.8371
G1 X357.9653
G1 X354.0045 Y182.3121
G1 X342.1356
G1 X339.4815 Y184.7871
G1 X350.0437
G1 X346.0828 Y187.2621
G1 X336.8273
G1 X334.1732 Y189.7371
G1 X342.1220
G1 X338.1612 Y192.2121
G1 X331.5191
G1 X328.8650 Y194.6871
G1 X334.2004
G1 X330.2395 Y197.1621
G1 X326.2109
G0 Z-5.0000 F480
G0 X344.7332 Y164.9871 F2100
G0 Z-0.5000 F480
G1 Z2.0000 F180
G1 Y167.4621 F900
G1 X334.5391
G1 X332.9925 Y169.9371
G1 X342.4252
G1 X340.1172 Y172.4121
G1 X331.4460
G1 X329.8994 Y174.8871
G1 X337.8092
G1 X335.5013 Y177.3621
G1 X328.3529
G1 X326.8063 Y179.8371
G1 X333.1933
G1 X330.8853 Y182.3121
G1 X325.2598
G1 X323.7132 Y184.7871
G1 X328.5773
G1 X326.2694 Y187.2621
G1 X322.1667
G1 X320.6201 Y189.7371
G1 X323.9614
G1 X321.6534 Y192.2121
G1 X319.0736
G0 Z-5.0000 F480
G0 X395.6282 Y157.5621 F2100
G0 Z-0.5000 F480
G1 Z2.0000 F180
G1 Y160.0371 F900
G1 X497.7585
G1 X496.3295 Y162.5121
G1 X397.0572
G1 X398.4861 Y164.9871
G1 X494.9006
G1 X493.4717 Y167.4621
G1 X399.2491
G1 Y169.9371
G1 X396.2100
G1 X492.0427
G1 X490.6138 Y172.4121
G1 X391.5552
G1 X386.9004 Y174.8871
G1 X489.1848
G1 X487.7559 Y177.3621
G1 X382.2456
G1 X377.5908 Y179.8371
G1 X486.3269
G1 X484.8980 Y182.3121
G1 X372.9360
G1 X368.2812 Y184.7871
G1 X483.4691
G1 X482.0401 Y187.2621
G1 X363.6264
G1 X358.9716 Y189.7371
G1 X480.6112
G1 X479.1822 Y192.2121
G1 X354.3168
G1 X349.6620 Y194.6871
G1 X477.7533
G1 X476.3244 Y197.1621
G1 X368.8765
G1 X369.5919 Y199.6371
G1 X474.8954
G1 X473.4665 Y202.1121
G1 X370.2551
G1 Y204.5871
G1 X369.5567
G1 X472.0375
G1 X470.6086 Y207.0621
G1 X359.7713
G1 Y209.5371
G1 X349.0509
G1 X469.1796
G1 X467.7507 Y212.0121
G1 X338.3305
G0 Z-5.0000 F480
G0 X362.7562 Y194.6871 F2100
G0 Z-0.5000 F480
G1 Z2.0000 F180
G1 Y197.1621 F900
G1 X345.0072
G1 X340.3524 Y199.6371
G1 X354.6608
G1 X346.5655
G1 Y202.1121
G1 X335.6976
G1 X338.4701 Y204.5871
G1 X331.0428
G0 Z-5.0000 F480
G0 X294.0772 Y105.5871 F2100
G0 Z-0.5000 F480
G1 Z2.0000 F180
G1 Y108.0621 F900
G1 X72.2337
G1 X73.6627 Y110.5371
G1 X294.0461
G1 X294.1325 Y113.0121
G1 X75.0916
G1 X76.5206 Y115.4871
G1 X294.2190
G1 X294.3054 Y117.9621
G1 X77.9495
G1 X79.3784 Y120.4371
G1 X245.8464
G1 X241.5595 Y122.9121
G1 X80.8074
G1 X82.2363 Y125.3871
G1 X239.5322
G1 Y127.8621
G1 X240.7161
G1 X83.6653
G1 X85.0942 Y130.3371
G1 X242.2627
G1 X243.8092 Y132.8121
G1 X86.5232
G1 X87.9521 Y135.2871
G1 X245.3558
G1 X246.9023 Y137.7621
G1 X89.3810
G1 X90.8100 Y140.2371
G1 X248.4489
G1 X249.9954 Y142.7121
G1 X92.2389
G1 X93.6679 Y145.1871
G1 X251.5420
G1 X253.0885 Y147.6621
G1 X95.0968
G1 X96.5257 Y150.1371
G1 X254.6351
G1 X256.1816 Y152.6121
G1 X97.9547
G1 X99.3836 Y155.0871
G1 X257.7282
G1 X259.2747 Y157.5621
G1 X100.8126
G1 X102.2415 Y160.0371
G1 X204.3718
G1 X202.9428 Y162.5121
G1 X103.6705
G1 X105.0994 Y164.9871
G1 X201.5139
G1 X200.7509
G1 Y167.4621
G1 X106.5283
G1 X107.9573 Y169.9371
G1 X203.7900
G1 X208.4448 Y172.4121
G1 X109.3862
G1 X110.8152 Y174.8871
G1 X213.0996
G1 X217.7544 Y177.3621
G1 X112.2441
G1 X113.6731 Y179.8371
G1 X222.4092
G1 X227.0640 Y182.3121
G1 X115.1020
G1 X116.5309 Y184.7871
G1 X231.7188
G1 X236.3736 Y187.2621
G1 X117.9599
G1 X119.3888 Y189.7371
G1 X241.0284
G1 X245.6832 Y192.2121
G1 X120.8178
G1 X122.2467 Y194.6871
G1 X250.3380
G1 X254.9928 Y197.1621
G1 X237.2438
G1 X245.3392
G1 Y199.6371
G1 X259.6476
G1 X264.3024 Y202.1121
G1 X253.4345
G1 X261.5299
G1 Y204.5871
G1 X268.9572
G0 Z-5.0000 F480
G0 X231.1235 Y194.6871 F2100
G0 Z-0.5000 F480
G1 Z2.0000 F180
G1 Y197.1621 F900
G1 X123.6756
G1 X125.1046 Y199.6371
G1 X230.4081
G1 X229.7449 Y202.1121
G1 X126.5335
G1 X127.9625 Y204.5871
G1 X230.4433
G1 Y207.0621
G1 X240.2287
G1 X129.3914
G1 X130.8204 Y209.5371
G1 X250.9491
G1 Y212.0121
G1 X261.6695
G1 X132.2493
G1 X133.6782 Y214.4871
G1 X187.9107
G1 X187.8890 Y216.9621
G1 X135.1072
G1 X136.5361 Y219.4371
G1 X187.8890
G1 Y221.9121
G1 X137.9651
G1 X139.3940 Y224.3871
G1 X189.0435
G1 Y226.8621
G1 X140.8229
G1 X254.6439
G1 Y224.3871
G1 X265.3643
G1 X197.4346
G0 Z-5.0000 F480
G0 X243.9235 Y226.8621 F2100
G0 Z-0.5000 F480
G1 Z2.0000 F180
G1 Y229.3371 F900
G1 X142.2519
G1 X143.6808 Y231.8121
G1 X233.2031
G1 X229.6185
G1 Y234.2871
G1 X145.1098
G1 X146.5387 Y236.7621
G1 X230.1795
G1 X230.8427 Y239.2371
G1 X147.9677
G1 X149.3966 Y241.7121
G1 X251.9423
G1 X256.5971 Y239.2371
G1 X240.0339
G1 X248.1293
G1 Y236.7621
G1 X261.2519
G1 X265.9067 Y234.2871
G1 X256.2246
G1 X264.3200
G1 Y231.8121
G1 X270.5615
G0 Z-5.0000 F480
G0 X247.2875 Y241.7121 F2100
G0 Z-0.5000 F480
G1 Z2.0000 F180
G1 Y244.1871 F900
G1 X150.8255
G1 X152.2545 Y246.6621
G1 X242.6327
G1 X237.9779 Y249.1371
G1 X153.6834
G1 X155.1124 Y251.6121
G1 X233.3231
G1 X228.6683 Y254.0871
G1 X156.5413
G1 X157.9703 Y256.5621
G1 X224.0135
G1 X219.3587 Y259.0371
G1 X159.3992
G1 X160.8281 Y261.5121
G1 X214.7039
G1 X210.0491 Y263.9871
G1 X162.2571
G1 X163.6860 Y266.4621
G1 X205.3943
G1 X201.1528 Y268.9371
G1 X165.1150
G1 X166.5439 Y271.4121
G1 X201.0214
G1 X202.4503 Y273.8871
G1 X167.9728
G1 X169.4018 Y276.3621
G1 X203.8793
G1 Y278.8371
G1 X205.6878
G1 X170.8307
G1 X172.2597 Y281.3121
G1 X258.2612
G1 X259.8077 Y278.8371
G1 X207.7421
G1 X211.7132 Y276.3621
G1 X261.3543
G1 X262.9008 Y273.8871
G1 X215.6740
G1 X219.6348 Y271.4121
G1 X250.7742
G1 X248.2962 Y268.9371
G1 X223.5956
G1 X227.5565 Y266.4621
G1 X246.6296
G1 Y263.9871
G1 X248.1627
G1 X231.5173
G1 X235.4781 Y261.5121
G1 X250.8168
G1 X253.4710 Y259.0371
G1 X239.4390
G1 X243.3998 Y256.5621
G1 X256.1251
G1 X258.7792 Y254.0871
G1 X247.3606
G1 X251.3214 Y251.6121
G1 X261.4333
G1 X264.0874 Y249.1371
G1 X255.2823
G1 X259.2431 Y246.6621
G1 X266.7415
G1 X269.3956 Y244.1871
G1 X263.2039
G1 X267.1648 Y241.7121
G1 X272.0497
G1 X271.1256 Y239.2371
G1 X274.7039
G0 Z-5.0000 F480
G0 X253.7464 Y273.8871 F2100
G0 Z-0.5000 F480
G1 Z2.0000 F180
G1 Y271.4121 F900
G1 X264.4474
G1 X265.9940 Y268.9371
G1 X256.0623
G1 X258.3703 Y266.4621
G1 X267.5405
G1 X269.0871 Y263.9871
G1 X260.6782
G1 X262.9862 Y261.5121
G1 X270.6336
G1 X272.1802 Y259.0371
G1 X265.2942
G1 X267.6022 Y256.5621
G1 X273.7267
G1 X275.2733 Y254.0871
G1 X269.9101
G1 X272.2181 Y251.6121
G1 X276.8198
G1 X278.3664 Y249.1371
G1 X274.5261
G1 X276.8341 Y246.6621
G1 X279.9129
G1 X280.4544 Y244.1871
G1 X279.1420
G0 Z-5.0000 F480
G0 X256.7146 Y281.3121 F2100
G0 Z-0.5000 F480
G1 Z2.0000 F180
G1 Y283.7871 F900
G1 X173.6886
G1 X175.1176 Y286.2621
G1 X255.1681
G1 X253.6215 Y288.7371
G1 X176.5465
G1 X177.9754 Y291.2121
G1 X252.0750
G1 X250.5284 Y293.6871
G1 X179.4044
G1 X180.8333 Y296.1621
G1 X248.9819
G1 X247.4353 Y298.6371
G1 X182.2623
G1 X183.6912 Y301.1121
G1 X245.8888
G1 X244.3422 Y303.5871
G1 X185.1201
G1 X186.5491 Y306.0621
G1 X242.7957
G1 X241.2491 Y308.5371
G1 X187.9780
G1 X189.4070 Y311.0121
G1 X239.7261
G1 Y313.4871
G1 X240.2059
G1 X190.8359
G1 X192.2649 Y315.9621
G1 X244.3689
G1 Y318.4371
G1 X294.3352
G1 X193.6938
G1 X195.1227 Y320.9121
G1 X294.2488
G1 X294.1623 Y323.3871
G1 X196.5517
G1 X197.9806 Y325.8621
G1 X294.0759
G1 X293.9895 Y328.3371
G1 X199.4096
G1 X200.8385 Y330.8121
G1 X399.1584
G1 X400.5873 Y328.3371
G1 X306.0105
G1 X305.9241 Y325.8621
G1 X402.0162
G1 X403.4451 Y323.3871
G1 X305.8377
G1 X305.7512 Y320.9121
G1 X404.8740
G1 X406.3029 Y318.4371
G1 X305.6648
G1 X305.5784 Y315.9621
G1 X349.2877
G1 X347.9717 Y313.4871
G1 X305.4919
G1 X305.4055 Y311.0121
G1 X346.6558
G1 X345.3398 Y308.5371
G1 X305.3191
G1 X305.2327 Y306.0621
G1 X344.0238
G1 X342.7078 Y303.5871
G1 X305.1462
G1 X305.0598 Y301.1121
G1 X341.3918
G1 X340.0759 Y298.6371
G1 X304.9734
G1 X304.8869 Y296.1621
G1 X338.7599
G1 X337.4439 Y293.6871
G1 X304.8005
G1 X304.7141 Y291.2121
G1 X336.1279
G1 X334.8119 Y288.7371
G1 X317.0518
G1 X322.5298
G1 Y286.2621
G1 X333.4960
G1 X332.1800 Y283.7871
G1 X322.1992
G1 X321.4425 Y281.3121
G1 X330.8640
G1 X329.5480 Y278.8371
G1 X320.6859
G1 X319.9292 Y276.3621
G1 X328.2320
G1 X326.9161 Y273.8871
G1 X319.1725
G1 X318.4158 Y271.4121
G1 X325.6001
G1 X324.2841 Y268.9371
G1 X317.6591
G1 X316.9024 Y266.4621
G1 X322.9681
G1 X321.6521 Y263.9871
G1 X316.1458
G1 X315.3891 Y261.5121
G1 X320.3361
G1 X319.0202 Y259.0371
G1 X314.6324
G1 X313.8757 Y256.5621
G1 X317.7042
G1 X316.3882 Y254.0871
G1 X313.1190
G1 X312.3623 Y251.6121
G1 X315.0722
G1 X313.7562 Y249.1371
G1 X311.6057
G0 Z-5.0000 F480
G0 X314.6927 Y291.2121 F2100
G0 Z-0.5000 F480
G1 Z2.0000 F180
G1 Y288.7371 F900
G1 X304.6277
G1 X304.5412 Y286.2621
G1 X313.3797
G1 X312.8083 Y283.7871
G1 X304.4548
G1 X304.3684 Y281.3121
G1 X312.2369
G1 X311.6655 Y278.8371
G1 X304.2819
G1 X304.1955 Y276.3621
G1 X311.0941
G1 X310.5227 Y273.8871
G1 X304.1091
G1 X304.0227 Y271.4121
G1 X309.9513
G1 X309.3799 Y268.9371
G1 X303.9362
G1 X303.8498 Y266.4621
G1 X308.8085
G1 X308.2371 Y263.9871
G1 X303.7634
G1 X303.6769 Y261.5121
G1 X307.6657
G1 X307.0943 Y259.0371
G1 X303.5905
G1 X303.5041 Y256.5621
G1 X306.5229
G1 X305.9515 Y254.0871
G1 X303.4177
G1 X303.3312 Y251.6121
G1 X305.3801
G0 Z-5.0000 F480
G0 X243.8821 Y212.0121 F2100
G0 Z-0.5000 F480
G1 Z2.0000 F180
G1 Y214.4871 F900
G1 X268.0898
G0 Z-5.0000 F480
G0 X210.3480 Y157.5621 F2100
G0 Z-0.5000 F480
G1 Z2.0000 F180
G1 Y160.0371 F900
G1 X260.8213
G1 X262.3678 Y162.5121
G1 X214.3089
G1 X218.2697 Y164.9871
G1 X263.9144
G1 X265.4609 Y167.4621
G1 X255.2668
G1 X257.5748 Y169.9371
G1 X267.0075
G1 X268.5540 Y172.4121
G1 X259.8828
G1 X262.1908 Y174.8871
G1 X270.1006
G1 X271.6471 Y177.3621
G1 X264.4987
G1 X266.8067 Y179.8371
G1 X273.1937
G1 X274.7402 Y182.3121
G1 X269.1147
G1 X271.4227 Y184.7871
G1 X276.2868
G1 X277.8333 Y187.2621
G1 X273.7306
G1 X276.0386 Y189.7371
G1 X279.3799
G1 X278.3466 Y192.2121
G1 X280.9264
G0 Z-5.0000 F480
G0 X249.1492 Y164.9871 F2100
G0 Z-0.5000 F480
G1 Z2.0000 F180
G1 Y167.4621 F900
G1 X222.2305
G1 X226.1914 Y169.9371
G1 X246.8455
G1 Y172.4121
G1 X247.2520
G1 X230.1522
G1 X234.1130 Y174.8871
G1 X249.9021
G1 X252.5562 Y177.3621
G1 X238.0738
G1 X242.0347 Y179.8371
G1 X255.2103
G1 X257.8644 Y182.3121
G1 X245.9955
G1 X249.9563 Y184.7871
G1 X260.5185
G1 X263.1727 Y187.2621
G1 X253.9172
G1 X257.8780 Y189.7371
G1 X265.8268
G1 X268.4809 Y192.2121
G1 X261.8388
G1 X265.7996 Y194.6871
G1 X271.1350
G1 X269.7605 Y197.1621
G1 X273.7891
G0 Z-5.0000 F480
G0 X250.2571 Y117.9621 F2100
G0 Z-0.5000 F480
G1 Z2.0000 F180
G1 Y120.4371 F900
G1 X294.3918
G1 X294.4783 Y122.9121
G1 X251.5747
G1 X252.8907 Y125.3871
G1 X294.5647
G1 X294.6511 Y127.8621
G1 X254.2067
G1 X255.5226 Y130.3371
G1 X294.7376
G1 X294.8240 Y132.8121
G1 X256.8386
G1 X258.1546 Y135.2871
G1 X294.9104
G1 X294.9968 Y137.7621
G1 X259.4706
G1 X260.7866 Y140.2371
G1 X295.0833
G1 X295.1697 Y142.7121
G1 X262.1025
G1 X263.4185 Y145.1871
G1 X295.2561
G1 X295.3426 Y147.6621
G1 X264.7345
G1 X266.0505 Y150.1371
G1 X278.0017
G1 X277.5400
G1 Y152.6121
G1 X267.3665
G1 X268.6824 Y155.0871
G1 X278.2967
G1 X279.0533 Y157.5621
G1 X269.9984
G1 X271.3144 Y160.0371
G1 X279.8100
G1 X280.5667 Y162.5121
G1 X272.6304
G1 X273.9464 Y164.9871
G1 X281.3234
G1 X282.0801 Y167.4621
G1 X275.2624
G1 X276.5783 Y169.9371
G1 X282.8368
G1 X283.5934 Y172.4121
G1 X277.8943
G1 X279.2103 Y174.8871
G1 X284.3501
G1 X285.1068 Y177.3621
G1 X280.5263
G1 X281.8423 Y179.8371
G1 X285.8635
G1 X286.6202 Y182.3121
G1 X283.1582
G1 X284.4742 Y184.7871
G1 X287.3769
G1 X288.1335 Y187.2621
G1 X285.7902
G0 Z-5.0000 F480
G0 X286.4234 Y147.6621 F2100
G0 Z-0.5000 F480
G1 Z2.0000 F180
G1 Y150.1371 F900
G1 X295.4290
G1 X295.5154 Y152.6121
G1 X286.9948
G1 X287.5662 Y155.0871
G1 X295.6018
G1 X295.6883 Y157.5621
G1 X288.1376
G1 X288.7090 Y160.0371
G1 X295.7747
G1 X295.8611 Y162.5121
G1 X289.2804
G1 X289.8517 Y164.9871
G1 X295.9476
G1 X296.0340 Y167.4621
G1 X290.4231
G1 X290.9945 Y169.9371
G1 X296.1204
G1 X296.2068 Y172.4121
G1 X291.5659
G1 X292.1373 Y174.8871
G1 X296.2933
G1 X296.3797 Y177.3621
G1 X292.7087
G1 X293.2801 Y179.8371
G1 X296.4661
G1 X296.5526 Y182.3121
G1 X293.8515
G1 X294.4229 Y184.7871
G1 X296.6390
G0 Z-5.0000 F480
G0 X250.7123 Y318.4371 F2100
G0 Z-0.5000 F480
G1 Z2.0000 F180
G1 Y315.9621 F900
G1 X294.4216
G1 X294.5081 Y313.4871
G1 X252.0283
G1 X253.3442 Y311.0121
G1 X294.5945
G1 X294.6809 Y308.5371
G1 X254.6602
G1 X255.9762 Y306.0621
G1 X294.7673
G1 X294.8538 Y303.5871
G1 X257.2922
G1 X258.6082 Y301.1121
G1 X294.9402
G1 X295.0266 Y298.6371
G1 X259.9241
G1 X261.2401 Y296.1621
G1 X295.1131
G1 X295.1995 Y293.6871
G1 X262.5561
G1 X263.8721 Y291.2121
G1 X295.2859
G1 X295.3723 Y288.7371
G1 X285.3073
G1 X286.6203
G1 Y286.2621
G1 X295.4588
G1 X295.5452 Y283.7871
G1 X287.1917
G1 X287.7631 Y281.3121
G1 X295.6316
G1 X295.7181 Y278.8371
G1 X288.3345
G1 X288.9059 Y276.3621
G1 X295.8045
G1 X295.8909 Y273.8871
G1 X289.4773
G1 X290.0487 Y271.4121
G1 X295.9773
G1 X296.0638 Y268.9371
G1 X290.6201
G1 X291.1915 Y266.4621
G1 X296.1502
G1 X296.2366 Y263.9871
G1 X291.7629
G1 X292.3343 Y261.5121
G1 X296.3231
G1 X296.4095 Y259.0371
G1 X292.9057
G1 X293.4771 Y256.5621
G1 X296.4959
G1 X296.5823 Y254.0871
G1 X294.0485
G1 X294.6199 Y251.6121
G1 X296.6688
G0 Z-5.0000 F480
G0 X282.9482 Y291.2121 F2100
G0 Z-0.5000 F480
G1 Z2.0000 F180
G1 Y288.7371 F900
G1 X265.1881
G1 X266.5040 Y286.2621
G1 X277.4702
G1 Y283.7871
G1 X277.8008
G1 X267.8200
G1 X269.1360 Y281.3121
G1 X278.5575
G1 X279.3141 Y278.8371
G1 X270.4520
G1 X271.7680 Y276.3621
G1 X280.0708
G1 X280.8275 Y273.8871
G1 X273.0839
G1 X274.3999 Y271.4121
G1 X281.5842
G1 X282.3409 Y268.9371
G1 X275.7159
G1 X277.0319 Y266.4621
G1 X283.0976
G1 X283.8542 Y263.9871
G1 X278.3479
G1 X279.6639 Y261.5121
G1 X284.6109
G1 X285.3676 Y259.0371
G1 X280.9798
G1 X282.2958 Y256.5621
G1 X286.1243
G1 X286.8810 Y254.0871
G1 X283.6118
G1 X284.9278 Y251.6121
G1 X287.6377
G1 X288.3943 Y249.1371
G1 X286.2438
G0 Z-5.0000 F480
G0 X355.6311 Y318.4371 F2100
G0 Z-0.5000 F480
G1 Z2.0000 F180
G1 Y315.9621 F900
G1 X407.7318
G1 X409.1607 Y313.4871
G1 X359.7941
G1 X360.2739
G1 Y311.0121
G1 X410.5896
G1 X412.0185 Y308.5371
G1 X358.7509
G1 X357.2043 Y306.0621
G1 X413.4474
G1 X414.8763 Y303.5871
G1 X355.6578
G1 X354.1112 Y301.1121
G1 X416.3052
G1 X417.7341 Y298.6371
G1 X352.5647
G1 X351.0181 Y296.1621
G1 X419.1630
G1 X420.5919 Y293.6871
G1 X349.4716
G1 X347.9250 Y291.2121
G1 X422.0207
G1 X423.4496 Y288.7371
G1 X346.3785
G1 X344.8319 Y286.2621
G1 X424.8785
G1 X426.3074 Y283.7871
G1 X343.2854
G1 X341.7388 Y281.3121
G1 X427.7363
G1 X429.1652 Y278.8371
G1 X394.3122
G1 X396.1207
G1 Y276.3621
G1 X430.5941
G1 X432.0230 Y273.8871
G1 X397.5497
G1 X398.9786 Y271.4121
G1 X433.4519
G1 X434.8808 Y268.9371
G1 X398.8472
G1 X394.6057 Y266.4621
G1 X436.3097
G1 X437.7386 Y263.9871
G1 X389.9509
G1 X385.2961 Y261.5121
G1 X439.1675
G1 X440.5964 Y259.0371
G1 X380.6413
G1 X375.9865 Y256.5621
G1 X442.0253
G1 X443.4542 Y254.0871
G1 X371.3317
G1 X366.6769 Y251.6121
G1 X444.8831
G1 X446.3119 Y249.1371
G1 X362.0221
G1 X357.3673 Y246.6621
G1 X447.7408
G1 X449.1697 Y244.1871
G1 X352.7125
G1 X348.0577 Y241.7121
G1 X450.5986
G1 X452.0275 Y239.2371
G1 X369.1573
G1 X369.8205 Y236.7621
G1 X453.4564
G1 X454.8853 Y234.2871
G1 X370.3815
G1 Y231.8121
G1 X366.7971
G1 X456.3142
G1 X457.7431 Y229.3371
G1 X356.0777
G1 Y226.8621
G1 X345.3583
G1 X459.1720
G0 Z-5.0000 F480
G0 X392.2579 Y281.3121 F2100
G0 Z-0.5000 F480
G1 Z2.0000 F180
G1 Y278.8371 F900
G1 X340.1923
G1 X338.6457 Y276.3621
G1 X388.2868
G1 X384.3260 Y273.8871
G1 X337.0992
G1 X335.5526 Y271.4121
G1 X346.2536
G1 X343.9377 Y268.9371
G1 X334.0060
G1 X332.4595 Y266.4621
G1 X341.6297
G1 X339.3218 Y263.9871
G1 X330.9129
G1 X329.3664 Y261.5121
G1 X337.0138
G1 X334.7058 Y259.0371
G1 X327.8198
G1 X326.2733 Y256.5621
G1 X332.3978
G1 X330.0899 Y254.0871
G1 X324.7267
G1 X323.1802 Y251.6121
G1 X327.7819
G1 X325.4739 Y249.1371
G1 X321.6336
G1 X323.1659 Y246.6621
G1 X320.0871
G1 X319.5456 Y244.1871
G1 X320.8580
G0 Z-5.0000 F480
G0 X359.9661 Y241.7121 F2100
G0 Z-0.5000 F480
G1 Z2.0000 F180
G1 Y239.2371 F900
G1 X343.4029
G1 X338.7481 Y236.7621
G1 X351.8707
G1 X343.7754
G1 Y234.2871
G1 X334.0933
G1 X335.6800 Y231.8121
G1 X329.4385
G0 Z-5.0000 F480
G0 X349.2258 Y273.8871 F2100
G0 Z-0.5000 F480
G1 Z2.0000 F180
G1 Y271.4121 F900
G1 X380.3652
G1 X376.4044 Y268.9371
G1 X351.7038
G1 X353.3704
G1 Y266.4621
G1 X372.4435
G1 X368.4827 Y263.9871
G1 X351.8373
G1 X349.1832 Y261.5121
G1 X364.5219
G1 X360.5610 Y259.0371
G1 X346.5290
G1 X343.8749 Y256.5621
G1 X356.6002
G1 X352.6394 Y254.0871
G1 X341.2208
G1 X338.5667 Y251.6121
G1 X348.6786
G1 X344.7177 Y249.1371
G1 X335.9126
G1 X333.2585 Y246.6621
G1 X340.7569
G1 X336.7961 Y244.1871
G1 X330.6044
G1 X332.8352 Y241.7121
G1 X327.9503
G1 X328.8744 Y239.2371
G1 X325.2961
G0 Z-5.0000 F480
G0 X397.7295 Y330.8121 F2100
G0 Z-0.5000 F480
G1 Z2.0000 F180
G1 Y333.2871 F900
G1 X202.2674
G1 X203.6964 Y335.7621
G1 X396.3007
G1 X394.8718 Y338.2371
G1 X205.1253
G1 X206.5543 Y340.7121
G1 X393.4429
G1 X392.0140 Y343.1871
G1 X207.9832
G1 X209.4122 Y345.6621
G1 X390.5851
G1 X389.1562 Y348.1371
G1 X210.8411
G1 X212.2700 Y350.6121
G1 X387.7273
G1 X386.2984 Y353.0871
G1 X213.6990
G1 X215.1279 Y355.5621
G1 X384.8695
G1 X383.4406 Y358.0371
G1 X216.5569
G1 X217.9858 Y360.5121
G1 X382.0117
G1 X380.5828 Y362.9871
G1 X219.4148
G1 X220.8437 Y365.4621
G1 X379.1539
G1 X377.7250 Y367.9371
G1 X222.2726
G1 X223.7016 Y370.4121
G1 X376.2961
G1 X374.8672 Y372.8871
G1 X225.1305
G1 X226.5595 Y375.3621
G1 X373.4384
G1 X372.0095 Y377.8371
G1 X227.9884
G1 X229.4173 Y380.3121
G1 X370.5806
G1 X369.1517 Y382.7871
G1 X230.8463
G1 X232.2752 Y385.2621
G1 X367.7228
G1 X366.2939 Y387.7371
G1 X233.7042
G1 X235.1331 Y390.2121
G1 X364.8650
G1 X363.4361 Y392.6871
G1 X236.5621
G1 X237.9910 Y395.1621
G1 X362.0072
G1 X360.5783 Y397.6371
G1 X239.4199
G1 X240.8489 Y400.1121
G1 X359.1494
G1 X357.7205 Y402.5871
G1 X242.2778
G1 X243.7068 Y405.0621
G1 X356.2916
G1 X354.8627 Y407.5371
G1 X245.1357
G1 X246.5646 Y410.0121
G1 X353.4338
G1 X352.0049 Y412.4871
G1 X247.9936
G1 X249.4225 Y414.9621
G1 X350.5760
G1 X349.1472 Y417.4371
G1 X250.8515
G1 X252.2804 Y419.9121
G1 X347.7183
G1 X346.2894 Y422.3871
G1 X253.7094
G1 X255.1383 Y424.8621
G1 X344.8605
G1 X343.4316 Y427.3371
G1 X256.5672
G1 X257.9962 Y429.8121
G1 X342.0027
G1 X340.5738 Y432.2871
G1 X259.4251
G1 X260.8541 Y434.7621
G1 X339.1449
G1 X337.7160 Y437.2371
G1 X262.2830
G1 X263.7120 Y439.7121
G1 X336.2871
G1 X334.8582 Y442.1871
G1 X265.1409
G1 X266.5698 Y444.6621
G1 X333.4293
G1 X332.0004 Y447.1371
G1 X267.9988
G1 X269.4277 Y449.6121
G1 X330.5715
G1 X329.1426 Y452.0871
G1 X270.8567
G1 X272.2856 Y454.5621
G1 X327.7137
G1 X326.2848 Y457.0371
G1 X273.7145
G1 X275.1435 Y459.5121
G1 X324.8560
G1 X323.4271 Y461.9871
G1 X276.5724
G1 X278.0014 Y464.4621
G1 X321.9982
G1 X320.5693 Y466.9371
G1 X279.4303
G1 X280.8593 Y469.4121
G1 X319.1404
G1 X317.7115 Y471.8871
G1 X282.2882
G1 X283.7171 Y474.3621
G1 X316.2826
G1 X314.8537 Y476.8371
G1 X285.1461
G1 X286.5750 Y479.3121
G1 X313.4248
G1 X311.9959 Y481.7871
G1 X288.0040
G1 X289.4329 Y484.2621
G1 X310.5670
G1 X309.1381 Y486.7371
G1 X290.8618
G1 X292.3376 Y489.2121
G1 X307.6624
G1 X305.0968 Y491.6871
G1 X294.9032
G0 Z-5.0000 F480
G0 X68.2057 Y85.7871 F2100
G0 Z-0.5000 F480
G1 Z2.0000 F180
G1 Y83.3121 F900
G1 X531.7943
G1 X531.8369 Y82.9125
G1 X531.4470 Y82.6816
G1 X531.0467 Y82.4692
G1 X530.6369 Y82.2757
G1 X530.2185 Y82.1015
G1 X529.7925 Y81.9471
G1 X529.3597 Y81.8127
G1 X528.9211 Y81.6987
G1 X528.4777 Y81.6053
G1 X528.0304 Y81.5327
G1 X527.5802 Y81.4811
G1 X527.1280 Y81.4505
G1 X526.6750 Y81.4411
G1 X73.3250
G1 X72.7578 Y81.4564
G1 X72.1925 Y81.5046
G1 X71.6309 Y81.5857
G1 X71.0750 Y81.6994
G1 X70.5267 Y81.8453
G1 X69.9878 Y82.0229
G1 X69.4602 Y82.2316
G1 X68.9456 Y82.4707
G1 X68.4459 Y82.7394
G1 X67.9626 Y83.0367
G1 X67.4975 Y83.3617
G1 X67.0521 Y83.7133
G1 X66.6280 Y84.0902
G1 X66.2266 Y84.4912
G1 X65.8492 Y84.9149
G1 X65.4971 Y85.3598
G1 X65.1715 Y85.8245
G1 X64.8736 Y86.3074
G1 X64.6044 Y86.8069
G1 X64.3647 Y87.3212
G1 X64.1554 Y87.8486
G1 X63.9771 Y88.3872
G1 X63.8306 Y88.9354
G1 X63.7163 Y89.4912
G1 X63.6345 Y90.0526
G1 X63.5856 Y90.6179
G1 X63.5697 Y91.1851
G1 X63.5869 Y91.7522
G1 X63.6371 Y92.3174
G1 X63.7202 Y92.8787
G1 X63.8358 Y93.4342
G1 X63.9837 Y93.9820
G1 X64.1631 Y94.5203
G1 X64.3737 Y95.0472
G1 X64.6146 Y95.5609
G1 X64.8850 Y96.0597
G1 X291.5600 Y488.6723
G1 X291.8567 Y489.1559
G1 X292.1812 Y489.6214
G1 X292.5322 Y490.0671
G1 X292.9086 Y490.4917
G1 X293.3091 Y490.8936
G1 X293.7324 Y491.2715
G1 X294.1770 Y491.6241
G1 X294.6413 Y491.9502
G1 X295.1239 Y492.2486
G1 X295.6230 Y492.5185
G1 X296.1370 Y492.7588
G1 X296.6641 Y492.9687
G1 X297.2026 Y493.1476
G1 X297.7506 Y493.2947
G1 X298.3062 Y493.4097
G1 X298.8676 Y493.4921
G1 X299.4328 Y493.5417
G1 X300.0000 Y493.5582
G1 X300.5672 Y493.5417
G1 X301.1324 Y493.4921
G1 X301.6938 Y493.4097
G1 X302.2494 Y493.2947
G1 X302.7974 Y493.1476
G1 X303.3359 Y492.9687
G1 X303.8630 Y492.7588
G1 X304.3770 Y492.5185
G1 X304.8761 Y492.2486
G1 X305.3587 Y491.9502
G1 X305.8230 Y491.6241
G1 X306.2676 Y491.2715
G1 X306.6909 Y490.8936
G1 X307.0914 Y490.4917
G1 X307.4678 Y490.0671
G1 X307.8188 Y489.6214
G1 X308.1433 Y489.1559
G1 X308.4400 Y488.6723
G1 X461.0817 Y224.2819
G1 X332.8844 Y224.3551
G1 X368.6142 Y232.6042
G1 X368.7315 Y232.6355
G1 X368.8465 Y232.6745
G1 X368.9586 Y232.7211
G1 X369.0673 Y232.7751
G1 X369.1722 Y232.8363
G1 X369.2727 Y232.9043
G1 X369.3685 Y232.9790
G1 X369.4591 Y233.0598
G1 X369.5441 Y233.1465
G1 X369.6230 Y233.2387
G1 X369.6957 Y233.3360
G1 X369.7617 Y233.4379
G1 X369.8207 Y233.5440
G1 X369.8725 Y233.6538
G1 X369.9168 Y233.7668
G1 X369.9535 Y233.8826
G1 X369.9823 Y234.0005
G1 X370.0032 Y234.1201
G1 X370.0161 Y234.2408
G1 X370.0209 Y234.3622
G1 X370.0175 Y234.4835
G1 X370.0061 Y234.6044
G1 X369.9865 Y234.7242
G1 X369.9591 Y234.8425
G1 X368.6945 Y239.5619
G1 X368.6592 Y239.6781
G1 X368.6161 Y239.7916
G1 X368.5656 Y239.9020
G1 X368.5079 Y240.0088
G1 X368.4431 Y240.1115
G1 X368.3716 Y240.2096
G1 X368.2937 Y240.3027
G1 X368.2097 Y240.3904
G1 X368.1201 Y240.4723
G1 X368.0252 Y240.5480
G1 X367.9254 Y240.6172
G1 X367.8213 Y240.6796
G1 X367.7132 Y240.7349
G1 X367.6016 Y240.7828
G1 X367.4871 Y240.8232
G1 X367.3702 Y240.8558
G1 X367.2513 Y240.8805
G1 X367.1311 Y240.8972
G1 X367.0100 Y240.9059
G1 X366.8885 Y240.9064
G1 X366.7674 Y240.8988
G1 X366.6470 Y240.8831
G1 X366.5279 Y240.8594
G1 X366.4107 Y240.8278
G1 X329.8735 Y229.6573
G1 X329.6779 Y230.1272
G1 X329.4804 Y230.5963
G1 X329.2809 Y231.0645
G1 X329.0795 Y231.5320
G1 X328.8966 Y231.9321
G1 X328.9240 Y231.9497
G1 X397.9763 Y268.6655
G1 X398.0816 Y268.7260
G1 X398.1825 Y268.7935
G1 X398.2787 Y268.8675
G1 X398.3698 Y268.9478
G1 X398.4552 Y269.0340
G1 X398.5348 Y269.1258
G1 X398.6080 Y269.2226
G1 X398.6745 Y269.3242
G1 X398.7342 Y269.4299
G1 X398.7866 Y269.5394
G1 X398.8316 Y269.6522
G1 X398.8689 Y269.7677
G1 X398.8985 Y269.8855
G1 X398.9201 Y270.0050
G1 X398.9336 Y270.1256
G1 X398.9391 Y270.2469
G1 X398.9365 Y270.3683
G1 X398.9257 Y270.4892
G1 X398.9069 Y270.6091
G1 X398.8801 Y270.7276
G1 X398.8454 Y270.8439
G1 X398.8031 Y270.9577
G1 X398.7532 Y271.0684
G1 X398.6961 Y271.1755
G1 X394.8571 Y277.8248
G1 X394.7929 Y277.9278
G1 X394.7220 Y278.0263
G1 X394.6446 Y278.1199
G1 X394.5612 Y278.2081
G1 X394.4720 Y278.2905
G1 X394.3776 Y278.3668
G1 X394.2782 Y278.4366
G1 X394.1744 Y278.4995
G1 X394.0667 Y278.5554
G1 X393.9554 Y278.6040
G1 X393.8411 Y278.6450
G1 X393.7244 Y278.6783
G1 X393.6057 Y278.7038
G1 X393.4855 Y278.7212
G1 X393.3645 Y278.7305
G1 X393.2431 Y278.7318
G1 X393.1218 Y278.7249
G1 X393.0014 Y278.7099
G1 X392.8822 Y278.6869
G1 X392.7647 Y278.6560
G1 X392.6497 Y278.6173
G1 X392.5374 Y278.5710
G1 X392.4285 Y278.5173
G1 X392.3235 Y278.4565
G1 X326.0005 Y237.0133
G1 X325.6900 Y237.4165
G1 X325.3778 Y237.8185
G1 X325.0639 Y238.2192
G1 X324.7484 Y238.6186
G1 X324.4682 Y238.9577
G1 X324.4900 Y238.9817
G1 X352.4326 Y265.0386
G1 X352.5186 Y265.1243
G1 X352.5986 Y265.2156
G1 X352.6724 Y265.3120
G1 X352.7395 Y265.4132
G1 X352.7998 Y265.5186
G1 X352.8528 Y265.6278
G1 X352.8985 Y265.7403
G1 X352.9365 Y265.8556
G1 X352.9667 Y265.9732
G1 X352.9890 Y266.0925
G1 X353.0033 Y266.2131
G1 X353.0095 Y266.3343
G1 X353.0075 Y266.4557
G1 X352.9975 Y266.5767
G1 X352.9794 Y266.6968
G1 X352.9533 Y266.8153
G1 X352.9193 Y266.9319
G1 X352.8776 Y267.0459
G1 X352.8284 Y267.1569
G1 X352.7718 Y267.2644
G1 X352.7083 Y267.3678
G1 X352.6379 Y267.4667
G1 X352.5611 Y267.5607
G1 X352.4782 Y267.6494
G1 X349.0233 Y271.1043
G1 X348.9346 Y271.1872
G1 X348.8406 Y271.2640
G1 X348.7417 Y271.3344
G1 X348.6382 Y271.3980
G1 X348.5308 Y271.4545
G1 X348.4198 Y271.5037
G1 X348.3058 Y271.5454
G1 X348.1892 Y271.5794
G1 X348.0706 Y271.6055
G1 X347.9506 Y271.6236
G1 X347.8296 Y271.6337
G1 X347.7082 Y271.6356
G1 X347.5870 Y271.6294
G1 X347.4664 Y271.6152
G1 X347.3470 Y271.5929
G1 X347.2295 Y271.5626
G1 X347.1142 Y271.5246
G1 X347.0017 Y271.4790
G1 X346.8925 Y271.4259
G1 X346.7871 Y271.3657
G1 X346.6859 Y271.2985
G1 X346.5895 Y271.2247
G1 X346.4982 Y271.1447
G1 X346.4125 Y271.0587
G1 X320.3556 Y243.1161
G1 X319.9513 Y243.4253
G1 X319.5457 Y243.7328
G1 X319.1388 Y244.0386
G1 X318.7307 Y244.3427
G1 X318.3722 Y244.5978
G1 X318.3871 Y244.6266
G1 X359.8303 Y310.9496
G1 X359.8912 Y311.0547
G1 X359.9449 Y311.1636
G1 X359.9912 Y311.2758
G1 X360.0299 Y311.3909
G1 X360.0608 Y311.5083
G1 X360.0838 Y311.6275
G1 X360.0987 Y311.7480
G1 X360.1056 Y311.8692
G1 X360.1044 Y311.9906
G1 X360.0950 Y312.1116
G1 X360.0776 Y312.2318
G1 X360.0522 Y312.3505
G1 X360.0189 Y312.4673
G1 X359.9779 Y312.5815
G1 X359.9293 Y312.6928
G1 X359.8734 Y312.8006
G1 X359.8104 Y312.9044
G1 X359.7406 Y313.0037
G1 X359.6644 Y313.0982
G1 X359.5820 Y313.1873
G1 X359.4938 Y313.2708
G1 X359.4002 Y313.3481
G1 X359.3017 Y313.4191
G1 X359.1986 Y313.4833
G1 X352.5494 Y317.3222
G1 X352.4423 Y317.3794
G1 X352.3316 Y317.4292
G1 X352.2178 Y317.4716
G1 X352.1014 Y317.5062
G1 X351.9830 Y317.5330
G1 X351.8631 Y317.5518
G1 X351.7421 Y317.5626
G1 X351.6208 Y317.5652
G1 X351.4995 Y317.5598
G1 X351.3788 Y317.5462
G1 X351.2593 Y317.5246
G1 X351.1416 Y317.4951
G1 X351.0261 Y317.4577
G1 X350.9133 Y317.4127
G1 X350.8038 Y317.3603
G1 X350.6980 Y317.3007
G1 X350.5965 Y317.2341
G1 X350.4997 Y317.1609
G1 X350.4079 Y317.0814
G1 X350.3217 Y316.9959
G1 X350.2414 Y316.9049
G1 X350.1673 Y316.8086
G1 X350.0999 Y316.7077
G1 X350.0393 Y316.6025
G1 X313.3235 Y247.5501
G1 X312.8530 Y247.7441
G1 X312.3816 Y247.9361
G1 X311.9095 Y248.1262
G1 X311.4365 Y248.3143
G1 X311.0243 Y248.4679
G1 X311.0312 Y248.4996
G1 X322.2017 Y285.0368
G1 X322.2333 Y285.1540
G1 X322.2570 Y285.2731
G1 X322.2727 Y285.3935
G1 X322.2803 Y285.5147
G1 X322.2797 Y285.6361
G1 X322.2711 Y285.7572
G1 X322.2544 Y285.8774
G1 X322.2296 Y285.9963
G1 X322.1970 Y286.1132
G1 X322.1567 Y286.2278
G1 X322.1087 Y286.3393
G1 X322.0535 Y286.4474
G1 X321.9911 Y286.5516
G1 X321.9219 Y286.6513
G1 X321.8462 Y286.7462
G1 X321.7643 Y286.8358
G1 X321.6766 Y286.9198
G1 X321.5834 Y286.9977
G1 X321.4853 Y287.0692
G1 X321.3826 Y287.1340
G1 X321.2759 Y287.1918
G1 X321.1655 Y287.2423
G1 X321.0519 Y287.2853
G1 X320.9358 Y287.3206
G1 X316.2163 Y288.5852
G1 X316.0981 Y288.6127
G1 X315.9782 Y288.6322
G1 X315.8574 Y288.6437
G1 X315.7360 Y288.6470
G1 X315.6147 Y288.6422
G1 X315.4940 Y288.6294
G1 X315.3744 Y288.6085
G1 X315.2565 Y288.5796
G1 X315.1407 Y288.5429
G1 X315.0277 Y288.4986
G1 X314.9179 Y288.4468
G1 X314.8118 Y288.3878
G1 X314.7099 Y288.3218
G1 X314.6126 Y288.2492
G1 X314.5204 Y288.1702
G1 X314.4337 Y288.0852
G1 X314.3528 Y287.9947
G1 X314.2782 Y287.8989
G1 X314.2102 Y287.7983
G1 X314.1490 Y287.6934
G1 X314.0950 Y287.5847
G1 X314.0484 Y287.4726
G1 X314.0093 Y287.3576
G1 X313.9781 Y287.2403
G1 X305.3835 Y250.0129
G1 X304.8787 Y250.0785
G1 X304.3737 Y250.1420
G1 X303.8685 Y250.2034
G1 X303.3630 Y250.2627
G1 X302.9250 Y250.3043
G1 X302.9235 Y250.3368
G1 X305.6528 Y328.4958
G1 X305.6530 Y328.6172
G1 X305.6451 Y328.7383
G1 X305.6291 Y328.8587
G1 X305.6050 Y328.9777
G1 X305.5731 Y329.0948
G1 X305.5334 Y329.2096
G1 X305.4861 Y329.3214
G1 X305.4315 Y329.4298
G1 X305.3697 Y329.5343
G1 X305.3011 Y329.6345
G1 X305.2259 Y329.7298
G1 X305.1445 Y329.8199
G1 X305.0573 Y329.9044
G1 X304.9647 Y329.9828
G1 X304.8670 Y330.0549
G1 X304.7647 Y330.1203
G1 X304.6582 Y330.1787
G1 X304.5481 Y330.2298
G1 X304.4348 Y330.2735
G1 X304.3189 Y330.3095
G1 X304.2008 Y330.3377
G1 X304.0811 Y330.3579
G1 X303.9603 Y330.3701
G1 X303.8389 Y330.3741
G1 X296.1611
G1 X296.0397 Y330.3701
G1 X295.9189 Y330.3579
G1 X295.7992 Y330.3377
G1 X295.6811 Y330.3095
G1 X295.5652 Y330.2735
G1 X295.4519 Y330.2298
G1 X295.3418 Y330.1787
G1 X295.2353 Y330.1203
G1 X295.1330 Y330.0549
G1 X295.0353 Y329.9828
G1 X294.9427 Y329.9044
G1 X294.8555 Y329.8199
G1 X294.7741 Y329.7298
G1 X294.6989 Y329.6345
G1 X294.6303 Y329.5343
G1 X294.5685 Y329.4298
G1 X294.5139 Y329.3214
G1 X294.4666 Y329.2096
G1 X294.4269 Y329.0948
G1 X294.3950 Y328.9777
G1 X294.3709 Y328.8587
G1 X294.3549 Y328.7383
G1 X294.3470 Y328.6172
G1 X294.3472 Y328.4958
G1 X297.0765 Y250.3368
G1 X296.5720 Y250.2695
G1 X296.0678 Y250.2001
G1 X295.5639 Y250.1286
G1 X295.0602 Y250.0551
G1 X294.6264 Y249.9820
G1 X294.6165 Y250.0129
G1 X286.0219 Y287.2403
G1 X285.9907 Y287.3576
G1 X285.9516 Y287.4726
G1 X285.9050 Y287.5847
G1 X285.8510 Y287.6934
G1 X285.7898 Y287.7983
G1 X285.7218 Y287.8989
G1 X285.6472 Y287.9947
G1 X285.5663 Y288.0852
G1 X285.4796 Y288.1702
G1 X285.3874 Y288.2492
G1 X285.2901 Y288.3218
G1 X285.1882 Y288.3878
G1 X285.0821 Y288.4468
G1 X284.9723 Y288.4986
G1 X284.8593 Y288.5429
G1 X284.7435 Y288.5796
G1 X284.6256 Y288.6085
G1 X284.5060 Y288.6294
G1 X284.3853 Y288.6422
G1 X284.2640 Y288.6470
G1 X284.1426 Y288.6437
G1 X284.0218 Y288.6322
G1 X283.9019 Y288.6127
G1 X283.7837 Y288.5852
G1 X279.0642 Y287.3206
G1 X278.9481 Y287.2853
G1 X278.8345 Y287.2423
G1 X278.7241 Y287.1918
G1 X278.6174 Y287.1340
G1 X278.5147 Y287.0692
G1 X278.4166 Y286.9977
G1 X278.3234 Y286.9198
G1 X278.2357 Y286.8358
G1 X278.1538 Y286.7462
G1 X278.0781 Y286.6513
G1 X278.0089 Y286.5516
G1 X277.9465 Y286.4474
G1 X277.8913 Y286.3393
G1 X277.8433 Y286.2278
G1 X277.8030 Y286.1132
G1 X277.7704 Y285.9963
G1 X277.7456 Y285.8774
G1 X277.7289 Y285.7572
G1 X277.7203 Y285.6361
G1 X277.7197 Y285.5147
G1 X277.7273 Y285.3935
G1 X277.7430 Y285.2731
G1 X277.7667 Y285.1540
G1 X277.7983 Y285.0368
G1 X288.9688 Y248.4996
G1 X288.4989 Y248.3040
G1 X288.0299 Y248.1065
G1 X287.5616 Y247.9071
G1 X287.0942 Y247.7057
G1 X286.6940 Y247.5228
G1 X286.6765 Y247.5501
G1 X249.9607 Y316.6025
G1 X249.9001 Y316.7077
G1 X249.8327 Y316.8086
G1 X249.7586 Y316.9049
G1 X249.6783 Y316.9959
G1 X249.5921 Y317.0814
G1 X249.5003 Y317.1609
G1 X249.4035 Y317.2341
G1 X249.3020 Y317.3007
G1 X249.1962 Y317.3603
G1 X249.0867 Y317.4127
G1 X248.9739 Y317.4577
G1 X248.8584 Y317.4951
G1 X248.7407 Y317.5246
G1 X248.6212 Y317.5462
G1 X248.5005 Y317.5598
G1 X248.3792 Y317.5652
G1 X248.2579 Y317.5626
G1 X248.1369 Y317.5518
G1 X248.0170 Y317.5330
G1 X247.8986 Y317.5062
G1 X247.7822 Y317.4716
G1 X247.6684 Y317.4292
G1 X247.5577 Y317.3794
G1 X247.4506 Y317.3222
G1 X240.8014 Y313.4833
G1 X240.6983 Y313.4191
G1 X240.5998 Y313.3481
G1 X240.5062 Y313.2708
G1 X240.4180 Y313.1873
G1 X240.3356 Y313.0982
G1 X240.2594 Y313.0037
G1 X240.1896 Y312.9044
G1 X240.1266 Y312.8006
G1 X240.0707 Y312.6928
G1 X240.0221 Y312.5815
G1 X239.9811 Y312.4673
G1 X239.9478 Y312.3505
G1 X239.9224 Y312.2318
G1 X239.9050 Y312.1116
G1 X239.8956 Y311.9906
G1 X239.8944 Y311.8692
G1 X239.9013 Y311.7480
G1 X239.9162 Y311.6275
G1 X239.9392 Y311.5083
G1 X239.9701 Y311.3909
G1 X240.0088 Y311.2758
G1 X240.0551 Y311.1636
G1 X240.1088 Y311.0547
G1 X240.1697 Y310.9496
G1 X281.6129 Y244.6266
G1 X281.2096 Y244.3161
G1 X280.8076 Y244.0039
G1 X280.4070 Y243.6900
G1 X280.0076 Y243.3745
G1 X279.6684 Y243.0943
G1 X279.6444 Y243.1161
G1 X253.5875 Y271.0587
G1 X253.5018 Y271.1447
G1 X253.4105 Y271.2247
G1 X253.3141 Y271.2985
G1 X253.2129 Y271.3657
G1 X253.1075 Y271.4259
G1 X252.9983 Y271.4790
G1 X252.8858 Y271.5246
G1 X252.7705 Y271.5626
G1 X252.6530 Y271.5929
G1 X252.5336 Y271.6152
G1 X252.4130 Y271.6294
G1 X252.2918 Y271.6356
G1 X252.1704 Y271.6337
G1 X252.0494 Y271.6236
G1 X251.9294 Y271.6055
G1 X251.8108 Y271.5794
G1 X251.6942 Y271.5454
G1 X251.5802 Y271.5037
G1 X251.4692 Y271.4545
G1 X251.3618 Y271.3980
G1 X251.2583 Y271.3344
G1 X251.1594 Y271.2640
G1 X251.0654 Y271.1872
G1 X250.9767 Y271.1043
G1 X247.5218 Y267.6494
G1 X247.4389 Y267.5607
G1 X247.3621 Y267.4667
G1 X247.2917 Y267.3678
G1 X247.2282 Y267.2644
G1 X247.1716 Y267.1569
G1 X247.1224 Y267.0459
G1 X247.0807 Y266.9319
G1 X247.0467 Y266.8153
G1 X247.0206 Y266.6968
G1 X247.0025 Y266.5767
G1 X246.9925 Y266.4557
G1 X246.9905 Y266.3343
G1 X246.9967 Y266.2131
G1 X247.0110 Y266.0925
G1 X247.0333 Y265.9732
G1 X247.0635 Y265.8556
G1 X247.1015 Y265.7403
G1 X247.1472 Y265.6278
G1 X247.2002 Y265.5186
G1 X247.2605 Y265.4132
G1 X247.3276 Y265.3120
G1 X247.4014 Y265.2156
G1 X247.4814 Y265.1243
G1 X247.5674 Y265.0386
G1 X275.5100 Y238.9817
G1 X275.2008 Y238.5774
G1 X274.8934 Y238.1718
G1 X274.5876 Y237.7649
G1 X274.2835 Y237.3568
G1 X274.0284 Y236.9984
G1 X273.9995 Y237.0133
G1 X207.6765 Y278.4565
G1 X207.5715 Y278.5173
G1 X207.4626 Y278.5710
G1 X207.3503 Y278.6173
G1 X207.2353 Y278.6560
G1 X207.1178 Y278.6869
G1 X206.9986 Y278.7099
G1 X206.8782 Y278.7249
G1 X206.7569 Y278.7318
G1 X206.6355 Y278.7305
G1 X206.5145 Y278.7212
G1 X206.3943 Y278.7038
G1 X206.2756 Y278.6783
G1 X206.1589 Y278.6450
G1 X206.0446 Y278.6040
G1 X205.9333 Y278.5554
G1 X205.8256 Y278.4995
G1 X205.7218 Y278.4366
G1 X205.6224 Y278.3668
G1 X205.5280 Y278.2905
G1 X205.4388 Y278.2081
G1 X205.3554 Y278.1199
G1 X205.2780 Y278.0263
G1 X205.2071 Y277.9278
G1 X205.1429 Y277.8248
G1 X201.3039 Y271.1755
G1 X201.2468 Y271.0684
G1 X201.1969 Y270.9577
G1 X201.1546 Y270.8439
G1 X201.1199 Y270.7276
G1 X201.0931 Y270.6091
G1 X201.0743 Y270.4892
G1 X201.0635 Y270.3683
G1 X201.0609 Y270.2469
G1 X201.0664 Y270.1256
G1 X201.0799 Y270.0050
G1 X201.1015 Y269.8855
G1 X201.1311 Y269.7677
G1 X201.1684 Y269.6522
G1 X201.2134 Y269.5394
G1 X201.2658 Y269.4299
G1 X201.3255 Y269.3242
G1 X201.3920 Y269.2226
G1 X201.4652 Y269.1258
G1 X201.5448 Y269.0340
G1 X201.6302 Y268.9478
G1 X201.7213 Y268.8675
G1 X201.8175 Y268.7935
G1 X201.9184 Y268.7260
G1 X202.0237 Y268.6655
G1 X271.0760 Y231.9497
G1 X270.8821 Y231.4791
G1 X270.6901 Y231.0077
G1 X270.5000 Y230.5356
G1 X270.3119 Y230.0627
G1 X270.1582 Y229.6504
G1 X270.1265 Y229.6573
G1 X233.5893 Y240.8278
G1 X233.4721 Y240.8594
G1 X233.3530 Y240.8831
G1 X233.2326 Y240.8988
G1 X233.1115 Y240.9064
G1 X232.9900 Y240.9059
G1 X232.8689 Y240.8972
G1 X232.7487 Y240.8805
G1 X232.6298 Y240.8558
G1 X232.5129 Y240.8232
G1 X232.3984 Y240.7828
G1 X232.2868 Y240.7349
G1 X232.1787 Y240.6796
G1 X232.0746 Y240.6172
G1 X231.9748 Y240.5480
G1 X231.8799 Y240.4723
G1 X231.7903 Y240.3904
G1 X231.7063 Y240.3027
G1 X231.6284 Y240.2096
G1 X231.5569 Y240.1115
G1 X231.4921 Y240.0088
G1 X231.4344 Y239.9020
G1 X231.3839 Y239.7916
G1 X231.3408 Y239.6781
G1 X231.3055 Y239.5619
G1 X230.0409 Y234.8425
G1 X230.0135 Y234.7242
G1 X229.9939 Y234.6044
G1 X229.9825 Y234.4835
G1 X229.9791 Y234.3622
G1 X229.9839 Y234.2408
G1 X229.9968 Y234.1201
G1 X230.0177 Y234.0005
G1 X230.0465 Y233.8826
G1 X230.0832 Y233.7668
G1 X230.1275 Y233.6538
G1 X230.1793 Y233.5440
G1 X230.2383 Y233.4379
G1 X230.3043 Y233.3360
G1 X230.3770 Y233.2387
G1 X230.4559 Y233.1465
G1 X230.5409 Y233.0598
G1 X230.6315 Y232.9790
G1 X230.7273 Y232.9043
G1 X230.8278 Y232.8363
G1 X230.9327 Y232.7751
G1 X231.0414 Y232.7211
G1 X231.1535 Y232.6745
G1 X231.2685 Y232.6355
G1 X231.3858 Y232.6042
G1 X268.6132 Y224.0096
G1 X268.5477 Y223.5049
G1 X268.4842 Y222.9999
G1 X268.4228 Y222.4946
G1 X268.3635 Y221.9891
G1 X268.3218 Y221.5512
G1 X268.2894 Y221.5496
G1 X190.1304 Y224.2790
G1 X190.0089 Y224.2792
G1 X189.8878 Y224.2712
G1 X189.7674 Y224.2552
G1 X189.6484 Y224.2312
G1 X189.5313 Y224.1992
G1 X189.4166 Y224.1595
G1 X189.3047 Y224.1123
G1 X189.1963 Y224.0576
G1 X189.0918 Y223.9958
G1 X188.9917 Y223.9272
G1 X188.8963 Y223.8521
G1 X188.8062 Y223.7707
G1 X188.7217 Y223.6835
G1 X188.6433 Y223.5908
G1 X188.5712 Y223.4931
G1 X188.5058 Y223.3908
G1 X188.4474 Y223.2844
G1 X188.3963 Y223.1743
G1 X188.3526 Y223.0610
G1 X188.3166 Y222.9450
G1 X188.2884 Y222.8269
G1 X188.2682 Y222.7072
G1 X188.2561 Y222.5864
G1 X188.2520 Y222.4651
G1 Y214.7872
G1 X188.2561 Y214.6659
G1 X188.2682 Y214.5451
G1 X188.2884 Y214.4253
G1 X188.3166 Y214.3072
G1 X188.3526 Y214.1913
G1 X188.3963 Y214.0780
G1 X188.4474 Y213.9679
G1 X188.5058 Y213.8615
G1 X188.5712 Y213.7592
G1 X188.6433 Y213.6615
G1 X188.7217 Y213.5688
G1 X188.8062 Y213.4816
G1 X188.8963 Y213.4002
G1 X188.9917 Y213.3251
G1 X189.0918 Y213.2564
G1 X189.1963 Y213.1947
G1 X189.3047 Y213.1400
G1 X189.4166 Y213.0927
G1 X189.5313 Y213.0530
G1 X189.6484 Y213.0211
G1 X189.7674 Y212.9971
G1 X189.8878 Y212.9811
G1 X190.0089 Y212.9731
G1 X190.1304 Y212.9733
G1 X268.2894 Y215.7027
G1 X268.3567 Y215.1982
G1 X268.4260 Y214.6939
G1 X268.4975 Y214.1900
G1 X268.5711 Y213.6864
G1 X268.6441 Y213.2526
G1 X268.6132 Y213.2427
G1 X231.3858 Y204.6480
G1 X231.2685 Y204.6168
G1 X231.1535 Y204.5778
G1 X231.0414 Y204.5311
G1 X230.9327 Y204.4771
G1 X230.8278 Y204.4160
G1 X230.7273 Y204.3479
G1 X230.6315 Y204.2733
G1 X230.5409 Y204.1925
G1 X230.4559 Y204.1058
G1 X230.3770 Y204.0136
G1 X230.3043 Y203.9163
G1 X230.2383 Y203.8144
G1 X230.1793 Y203.7083
G1 X230.1275 Y203.5984
G1 X230.0832 Y203.4854
G1 X230.0465 Y203.3697
G1 X230.0177 Y203.2518
G1 X229.9968 Y203.1322
G1 X229.9839 Y203.0114
G1 X229.9791 Y202.8901
G1 X229.9825 Y202.7688
G1 X229.9939 Y202.6479
G1 X230.0135 Y202.5281
G1 X230.0409 Y202.4098
G1 X231.3055 Y197.6904
G1 X231.3408 Y197.5742
G1 X231.3839 Y197.4607
G1 X231.4344 Y197.3503
G1 X231.4921 Y197.2435
G1 X231.5569 Y197.1408
G1 X231.6284 Y197.0427
G1 X231.7063 Y196.9496
G1 X231.7903 Y196.8619
G1 X231.8799 Y196.7800
G1 X231.9748 Y196.7043
G1 X232.0746 Y196.6351
G1 X232.1787 Y196.5727
G1 X232.2868 Y196.5174
G1 X232.3984 Y196.4695
G1 X232.5129 Y196.4291
G1 X232.6298 Y196.3965
G1 X232.7487 Y196.3718
G1 X232.8689 Y196.3551
G1 X232.9900 Y196.3464
G1 X233.1115 Y196.3459
G1 X233.2326 Y196.3535
G1 X233.3530 Y196.3691
G1 X233.4721 Y196.3928
G1 X233.5893 Y196.4244
G1 X270.1265 Y207.5950
G1 X270.3221 Y207.1251
G1 X270.5196 Y206.6560
G1 X270.7191 Y206.1877
G1 X270.9205 Y205.7203
G1 X271.1034 Y205.3202
G1 X271.0760 Y205.3026
G1 X202.0237 Y168.5868
G1 X201.9184 Y168.5263
G1 X201.8175 Y168.4588
G1 X201.7213 Y168.3848
G1 X201.6302 Y168.3044
G1 X201.5448 Y168.2182
G1 X201.4652 Y168.1265
G1 X201.3920 Y168.0296
G1 X201.3255 Y167.9281
G1 X201.2658 Y167.8223
G1 X201.2134 Y167.7128
G1 X201.1684 Y167.6001
G1 X201.1311 Y167.4845
G1 X201.1015 Y167.3668
G1 X201.0799 Y167.2473
G1 X201.0664 Y167.1267
G1 X201.0609 Y167.0054
G1 X201.0635 Y166.8840
G1 X201.0743 Y166.7631
G1 X201.0931 Y166.6431
G1 X201.1199 Y166.5247
G1 X201.1546 Y166.4084
G1 X201.1969 Y166.2946
G1 X201.2468 Y166.1839
G1 X201.3039 Y166.0768
G1 X205.1429 Y159.4275
G1 X205.2071 Y159.3245
G1 X205.2780 Y159.2259
G1 X205.3554 Y159.1324
G1 X205.4388 Y159.0442
G1 X205.5280 Y158.9618
G1 X205.6224 Y158.8855
G1 X205.7218 Y158.8157
G1 X205.8256 Y158.7527
G1 X205.9333 Y158.6968
G1 X206.0446 Y158.6483
G1 X206.1589 Y158.6072
G1 X206.2756 Y158.5739
G1 X206.3943 Y158.5485
G1 X206.5145 Y158.5311
G1 X206.6355 Y158.5217
G1 X206.7569 Y158.5205
G1 X206.8782 Y158.5274
G1 X206.9986 Y158.5424
G1 X207.1178 Y158.5654
G1 X207.2353 Y158.5963
G1 X207.3503 Y158.6350
G1 X207.4626 Y158.6813
G1 X207.5715 Y158.7350
G1 X207.6765 Y158.7958
G1 X273.9995 Y200.2390
G1 X274.3100 Y199.8358
G1 X274.6222 Y199.4338
G1 X274.9361 Y199.0331
G1 X275.2516 Y198.6337
G1 X275.5318 Y198.2946
G1 X275.5100 Y198.2705
G1 X247.5674 Y172.2137
G1 X247.4814 Y172.1279
G1 X247.4014 Y172.0367
G1 X247.3276 Y171.9402
G1 X247.2605 Y171.8391
G1 X247.2002 Y171.7337
G1 X247.1472 Y171.6245
G1 X247.1015 Y171.5120
G1 X247.0635 Y171.3967
G1 X247.0333 Y171.2791
G1 X247.0110 Y171.1597
G1 X246.9967 Y171.0392
G1 X246.9905 Y170.9179
G1 X246.9925 Y170.7965
G1 X247.0025 Y170.6755
G1 X247.0206 Y170.5555
G1 X247.0467 Y170.4369
G1 X247.0807 Y170.3204
G1 X247.1224 Y170.2063
G1 X247.1716 Y170.0954
G1 X247.2282 Y169.9879
G1 X247.2917 Y169.8845
G1 X247.3621 Y169.7855
G1 X247.4389 Y169.6915
G1 X247.5218 Y169.6029
G1 X250.9767 Y166.1480
G1 X251.0654 Y166.0650
G1 X251.1594 Y165.9882
G1 X251.2583 Y165.9179
G1 X251.3618 Y165.8543
G1 X251.4692 Y165.7978
G1 X251.5802 Y165.7485
G1 X251.6942 Y165.7068
G1 X251.8108 Y165.6729
G1 X251.9294 Y165.6468
G1 X252.0494 Y165.6286
G1 X252.1704 Y165.6186
G1 X252.2918 Y165.6167
G1 X252.4130 Y165.6228
G1 X252.5336 Y165.6371
G1 X252.6530 Y165.6594
G1 X252.7705 Y165.6896
G1 X252.8858 Y165.7276
G1 X252.9983 Y165.7733
G1 X253.1075 Y165.8264
G1 X253.2129 Y165.8866
G1 X253.3141 Y165.9538
G1 X253.4105 Y166.0275
G1 X253.5018 Y166.1076
G1 X253.5875 Y166.1935
G1 X279.6444 Y194.1361
G1 X280.0487 Y193.8270
G1 X280.4543 Y193.5195
G1 X280.8612 Y193.2137
G1 X281.2693 Y192.9096
G1 X281.6278 Y192.6545
G1 X281.6129 Y192.6256
G1 X240.1697 Y126.3026
G1 X240.1088 Y126.1976
G1 X240.0551 Y126.0887
G1 X240.0088 Y125.9765
G1 X239.9701 Y125.8614
G1 X239.9392 Y125.7440
G1 X239.9162 Y125.6248
G1 X239.9013 Y125.5043
G1 X239.8944 Y125.3831
G1 X239.8956 Y125.2617
G1 X239.9050 Y125.1406
G1 X239.9224 Y125.0205
G1 X239.9478 Y124.9018
G1 X239.9811 Y124.7850
G1 X240.0221 Y124.6707
G1 X240.0707 Y124.5595
G1 X240.1266 Y124.4517
G1 X240.1896 Y124.3479
G1 X240.2594 Y124.2486
G1 X240.3356 Y124.1541
G1 X240.4180 Y124.0649
G1 X240.5062 Y123.9815
G1 X240.5998 Y123.9041
G1 X240.6983 Y123.8332
G1 X240.8014 Y123.7690
G1 X247.4506 Y119.9301
G1 X247.5577 Y119.8729
G1 X247.6684 Y119.8230
G1 X247.7822 Y119.7807
G1 X247.8986 Y119.7460
G1 X248.0170 Y119.7192
G1 X248.1369 Y119.7004
G1 X248.2579 Y119.6897
G1 X248.3792 Y119.6870
G1 X248.5005 Y119.6925
G1 X248.6212 Y119.7061
G1 X248.7407 Y119.7277
G1 X248.8584 Y119.7572
G1 X248.9739 Y119.7946
G1 X249.0867 Y119.8395
G1 X249.1962 Y119.8920
G1 X249.3020 Y119.9516
G1 X249.4035 Y120.0182
G1 X249.5003 Y120.0914
G1 X249.5921 Y120.1709
G1 X249.6783 Y120.2564
G1 X249.7586 Y120.3474
G1 X249.8327 Y120.4436
G1 X249.9001 Y120.5446
G1 X249.9607 Y120.6498
G1 X286.6765 Y189.7022
G1 X287.1470 Y189.5082
G1 X287.6184 Y189.3162
G1 X288.0905 Y189.1261
G1 X288.5635 Y188.9380
G1 X288.9757 Y188.7844
G1 X288.9688 Y188.7527
G1 X277.7983 Y152.2155
G1 X277.7667 Y152.0982
G1 X277.7430 Y151.9792
G1 X277.7273 Y151.8588
G1 X277.7197 Y151.7376
G1 X277.7203 Y151.6162
G1 X277.7289 Y151.4951
G1 X277.7456 Y151.3748
G1 X277.7704 Y151.2560
G1 X277.8030 Y151.1390
G1 X277.8433 Y151.0245
G1 X277.8913 Y150.9130
G1 X277.9465 Y150.8049
G1 X278.0089 Y150.7007
G1 X278.0781 Y150.6010
G1 X278.1538 Y150.5061
G1 X278.2357 Y150.4164
G1 X278.3234 Y150.3325
G1 X278.4166 Y150.2546
G1 X278.5147 Y150.1831
G1 X278.6174 Y150.1183
G1 X278.7241 Y150.0605
G1 X278.8345 Y150.0100
G1 X278.9481 Y149.9670
G1 X279.0642 Y149.9316
G1 X283.7837 Y148.6671
G1 X283.9019 Y148.6396
G1 X284.0218 Y148.6201
G1 X284.1426 Y148.6086
G1 X284.2640 Y148.6053
G1 X284.3853 Y148.6100
G1 X284.5060 Y148.6229
G1 X284.6256 Y148.6438
G1 X284.7435 Y148.6727
G1 X284.8593 Y148.7093
G1 X284.9723 Y148.7537
G1 X285.0821 Y148.8055
G1 X285.1882 Y148.8645
G1 X285.2901 Y148.9304
G1 X285.3874 Y149.0031
G1 X285.4796 Y149.0821
G1 X285.5663 Y149.1670
G1 X285.6472 Y149.2576
G1 X285.7218 Y149.3534
G1 X285.7898 Y149.4540
G1 X285.8510 Y149.5588
G1 X285.9050 Y149.6676
G1 X285.9516 Y149.7797
G1 X285.9907 Y149.8946
G1 X286.0219 Y150.0119
G1 X294.6165 Y187.2394
G1 X295.1213 Y187.1738
G1 X295.6263 Y187.1103
G1 X296.1315 Y187.0489
G1 X296.6370 Y186.9896
G1 X297.0750 Y186.9479
G1 X297.0765 Y186.9155
G1 X294.3472 Y108.7565
G1 X294.3470 Y108.6351
G1 X294.3549 Y108.5139
G1 X294.3709 Y108.3936
G1 X294.3950 Y108.2746
G1 X294.4269 Y108.1574
G1 X294.4666 Y108.0427
G1 X294.5139 Y107.9309
G1 X294.5685 Y107.8225
G1 X294.6303 Y107.7179
G1 X294.6989 Y107.6178
G1 X294.7741 Y107.5224
G1 X294.8555 Y107.4323
G1 X294.9427 Y107.3479
G1 X295.0353 Y107.2694
G1 X295.1330 Y107.1974
G1 X295.2353 Y107.1320
G1 X295.3418 Y107.0736
G1 X295.4519 Y107.0224
G1 X295.5652 Y106.9788
G1 X295.6811 Y106.9428
G1 X295.7992 Y106.9146
G1 X295.9189 Y106.8944
G1 X296.0397 Y106.8822
G1 X296.1611 Y106.8781
G1 X303.8389
G1 X303.9603 Y106.8822
G1 X304.0811 Y106.8944
G1 X304.2008 Y106.9146
G1 X304.3189 Y106.9428
G1 X304.4348 Y106.9788
G1 X304.5481 Y107.0224
G1 X304.6582 Y107.0736
G1 X304.7647 Y107.1320
G1 X304.8670 Y107.1974
G1 X304.9647 Y107.2694
G1 X305.0573 Y107.3479
G1 X305.1445 Y107.4323
G1 X305.2259 Y107.5224
G1 X305.3011 Y107.6178
G1 X305.3697 Y107.7179
G1 X305.4315 Y107.8225
G1 X305.4861 Y107.9309
G1 X305.5334 Y108.0427
G1 X305.5731 Y108.1574
G1 X305.6050 Y108.2746
G1 X305.6291 Y108.3936
G1 X305.6451 Y108.5139
G1 X305.6530 Y108.6351
G1 X305.6528 Y108.7565
G1 X302.9235 Y186.9155
G1 X303.4280 Y186.9828
G1 X303.9322 Y187.0522
G1 X304.4361 Y187.1236
G1 X304.9398 Y187.1972
G1 X305.3736 Y187.2703
G1 X305.3835 Y187.2394
G1 X313.9781 Y150.0119
G1 X314.0093 Y149.8946
G1 X314.0484 Y149.7797
G1 X314.0950 Y149.6676
G1 X314.1490 Y149.5588
G1 X314.2102 Y149.4540
G1 X314.2782 Y149.3534
G1 X314.3528 Y149.2576
G1 X314.4337 Y149.1670
G1 X314.5204 Y149.0821
G1 X314.6126 Y149.0031
G1 X314.7099 Y148.9304
G1 X314.8118 Y148.8645
G1 X314.9179 Y148.8055
G1 X315.0277 Y148.7537
G1 X315.1407 Y148.7093
G1 X315.2565 Y148.6727
G1 X315.3744 Y148.6438
G1 X315.4940 Y148.6229
G1 X315.6147 Y148.6100
G1 X315.7360 Y148.6053
G1 X315.8574 Y148.6086
G1 X315.9782 Y148.6201
G1 X316.0981 Y148.6396
G1 X316.2163 Y148.6671
G1 X320.9358 Y149.9316
G1 X321.0519 Y149.9670
G1 X321.1655 Y150.0100
G1 X321.2759 Y150.0605
G1 X321.3826 Y150.1183
G1 X321.4853 Y150.1831
G1 X321.5834 Y150.2546
G1 X321.6766 Y150.3325
G1 X321.7643 Y150.4164
G1 X321.8462 Y150.5061
G1 X321.9219 Y150.6010
G1 X321.9911 Y150.7007
G1 X322.0535 Y150.8049
G1 X322.1087 Y150.9130
G1 X322.1567 Y151.0245
G1 X322.1970 Y151.1390
G1 X322.2296 Y151.2560
G1 X322.2544 Y151.3748
G1 X322.2711 Y151.4951
G1 X322.2797 Y151.6162
G1 X322.2803 Y151.7376
G1 X322.2727 Y151.8588
G1 X322.2570 Y151.9792
G1 X322.2333 Y152.0982
G1 X322.2017 Y152.2155
G1 X311.0312 Y188.7527
G1 X311.5011 Y188.9482
G1 X311.9701 Y189.1458
G1 X312.4384 Y189.3452
G1 X312.9058 Y189.5466
G1 X313.3060 Y189.7295
G1 X313.3235 Y189.7022
G1 X350.0393 Y120.6498
G1 X350.0999 Y120.5446
G1 X350.1673 Y120.4436
G1 X350.2414 Y120.3474
G1 X350.3217 Y120.2564
G1 X350.4079 Y120.1709
G1 X350.4997 Y120.0914
G1 X350.5965 Y120.0182
G1 X350.6980 Y119.9516
G1 X350.8038 Y119.8920
G1 X350.9133 Y119.8395
G1 X351.0261 Y119.7946
G1 X351.1416 Y119.7572
G1 X351.2593 Y119.7277
G1 X351.3788 Y119.7061
G1 X351.4995 Y119.6925
G1 X351.6208 Y119.6870
G1 X351.7421 Y119.6897
G1 X351.8631 Y119.7004
G1 X351.9830 Y119.7192
G1 X352.1014 Y119.7460
G1 X352.2178 Y119.7807
G1 X352.3316 Y119.8230
G1 X352.4423 Y119.8729
G1 X352.5494 Y119.9301
G1 X359.1986 Y123.7690
G1 X359.3017 Y123.8332
G1 X359.4002 Y123.9041
G1 X359.4938 Y123.9815
G1 X359.5820 Y124.0649
G1 X359.6644 Y124.1541
G1 X359.7406 Y124.2486
G1 X359.8104 Y124.3479
G1 X359.8734 Y124.4517
G1 X359.9293 Y124.5595
G1 X359.9779 Y124.6707
G1 X360.0189 Y124.7850
G1 X360.0522 Y124.9018
G1 X360.0776 Y125.0205
G1 X360.0950 Y125.1406
G1 X360.1044 Y125.2617
G1 X360.1056 Y125.3831
G1 X360.0987 Y125.5043
G1 X360.0838 Y125.6248
G1 X360.0608 Y125.7440
G1 X360.0299 Y125.8614
G1 X359.9912 Y125.9765
G1 X359.9449 Y126.0887
G1 X359.8912 Y126.1976
G1 X359.8303 Y126.3026
G1 X318.3871 Y192.6256
G1 X318.7904 Y192.9362
G1 X319.1924 Y193.2484
G1 X319.5930 Y193.5622
G1 X319.9924 Y193.8778
G1 X320.3316 Y194.1580
G1 X320.3556 Y194.1361
G1 X346.4125 Y166.1935
G1 X346.4982 Y166.1076
G1 X346.5895 Y166.0275
G1 X346.6859 Y165.9538
G1 X346.7871 Y165.8866
G1 X346.8925 Y165.8264
G1 X347.0017 Y165.7733
G1 X347.1142 Y165.7276
G1 X347.2295 Y165.6896
G1 X347.3470 Y165.6594
G1 X347.4664 Y165.6371
G1 X347.5870 Y165.6228
G1 X347.7082 Y165.6167
G1 X347.8296 Y165.6186
G1 X347.9506 Y165.6286
G1 X348.0706 Y165.6468
G1 X348.1892 Y165.6729
G1 X348.3058 Y165.7068
G1 X348.4198 Y165.7485
G1 X348.5308 Y165.7978
G1 X348.6382 Y165.8543
G1 X348.7417 Y165.9179
G1 X348.8406 Y165.9882
G1 X348.9346 Y166.0650
G1 X349.0233 Y166.1480
G1 X352.4782 Y169.6029
G1 X352.5611 Y169.6915
G1 X352.6379 Y169.7855
G1 X352.7083 Y169.8845
G1 X352.7718 Y169.9879
G1 X352.8284 Y170.0954
G1 X352.8776 Y170.2063
G1 X352.9193 Y170.3204
G1 X352.9533 Y170.4369
G1 X352.9794 Y170.5555
G1 X352.9975 Y170.6755
G1 X353.0075 Y170.7965
G1 X353.0095 Y170.9179
G1 X353.0033 Y171.0392
G1 X352.9890 Y171.1597
G1 X352.9667 Y171.2791
G1 X352.9365 Y171.3967
G1 X352.8985 Y171.5120
G1 X352.8528 Y171.6245
G1 X352.7998 Y171.7337
G1 X352.7395 Y171.8391
G1 X352.6724 Y171.9402
G1 X352.5986 Y172.0367
G1 X352.5186 Y172.1279
G1 X352.4326 Y172.2137
G1 X324.4900 Y198.2705
G1 X324.7992 Y198.6749
G1 X325.1066 Y199.0805
G1 X325.4124 Y199.4873
G1 X325.7165 Y199.8955
G1 X325.9716 Y200.2539
G1 X326.0005 Y200.2390
G1 X392.3235 Y158.7958
G1 X392.4285 Y158.7350
G1 X392.5374 Y158.6813
G1 X392.6497 Y158.6350
G1 X392.7647 Y158.5963
G1 X392.8822 Y158.5654
G1 X393.0014 Y158.5424
G1 X393.1218 Y158.5274
G1 X393.2431 Y158.5205
G1 X393.3645 Y158.5217
G1 X393.4855 Y158.5311
G1 X393.6057 Y158.5485
G1 X393.7244 Y158.5739
G1 X393.8411 Y158.6072
G1 X393.9554 Y158.6483
G1 X394.0667 Y158.6968
G1 X394.1744 Y158.7527
G1 X394.2782 Y158.8157
G1 X394.3776 Y158.8855
G1 X394.4720 Y158.9618
G1 X394.5612 Y159.0442
G1 X394.6446 Y159.1324
G1 X394.7220 Y159.2259
G1 X394.7929 Y159.3245
G1 X394.8571 Y159.4275
G1 X398.6961 Y166.0768
G1 X398.7532 Y166.1839
G1 X398.8031 Y166.2946
G1 X398.8454 Y166.4084
G1 X398.8801 Y166.5247
G1 X398.9069 Y166.6431
G1 X398.9257 Y166.7631
G1 X398.9365 Y166.8840
G1 X398.9391 Y167.0054
G1 X398.9336 Y167.1267
G1 X398.9201 Y167.2473
G1 X398.8985 Y167.3668
G1 X398.8689 Y167.4845
G1 X398.8316 Y167.6001
G1 X398.7866 Y167.7128
G1 X398.7342 Y167.8223
G1 X398.6745 Y167.9281
G1 X398.6080 Y168.0296
G1 X398.5348 Y168.1265
G1 X398.4552 Y168.2182
G1 X398.3698 Y168.3044
G1 X398.2787 Y168.3848
G1 X398.1825 Y168.4588
G1 X398.0816 Y168.5263
G1 X397.9763 Y168.5868
G1 X328.9240 Y205.3026
G1 X329.1179 Y205.7732
G1 X329.3099 Y206.2445
G1 X329.5000 Y206.7167
G1 X329.6881 Y207.1896
G1 X329.8418 Y207.6019
G1 X329.8735 Y207.5950
G1 X366.4107 Y196.4244
G1 X366.5279 Y196.3928
G1 X366.6470 Y196.3691
G1 X366.7674 Y196.3535
G1 X366.8885 Y196.3459
G1 X367.0100 Y196.3464
G1 X367.1311 Y196.3551
G1 X367.2513 Y196.3718
G1 X367.3702 Y196.3965
G1 X367.4871 Y196.4291
G1 X367.6016 Y196.4695
G1 X367.7132 Y196.5174
G1 X367.8213 Y196.5727
G1 X367.9254 Y196.6351
G1 X368.0252 Y196.7043
G1 X368.1201 Y196.7800
G1 X368.2097 Y196.8619
G1 X368.2937 Y196.9496
G1 X368.3716 Y197.0427
G1 X368.4431 Y197.1408
G1 X368.5079 Y197.2435
G1 X368.5656 Y197.3503
G1 X368.6161 Y197.4607
G1 X368.6592 Y197.5742
G1 X368.6945 Y197.6904
G1 X369.9591 Y202.4098
G1 X369.9866 Y202.5285
G1 X370.0062 Y202.6487
G1 X370.0176 Y202.7700
G1 X370.0209 Y202.8918
G1 X370.0160 Y203.0135
G1 X370.0029 Y203.1346
G1 X369.9817 Y203.2546
G1 X369.9526 Y203.3729
G1 X369.9155 Y203.4890
G1 X369.8708 Y203.6023
G1 X369.8186 Y203.7123
G1 X369.7591 Y203.8186
G1 X369.6926 Y203.9207
G1 X369.6194 Y204.0181
G1 X369.5398 Y204.1104
G1 X369.4543 Y204.1971
G1 X369.3631 Y204.2779
G1 X369.2667 Y204.3523
G1 X369.1655 Y204.4202
G1 X369.0600 Y204.4811
G1 X368.9506 Y204.5348
G1 X368.8379 Y204.5810
G1 X368.7223 Y204.6196
G1 X368.6044 Y204.6503
G1 X332.5625 Y212.9712
G1 X467.6156 Y212.9722
G1 X535.1150 Y96.0597
G1 X535.3710 Y95.5896
G1 X535.6008 Y95.1062
G1 X535.8036 Y94.6108
G1 X535.9789 Y94.1050
G1 X536.1260 Y93.5904
G1 X536.2447 Y93.0684
G1 X536.3344 Y92.5407
G1 X536.3950 Y92.0089
G1 X536.4262 Y91.4745
G1 X536.4280 Y90.9392
G1 X536.4003 Y90.4046
G1 X536.3433 Y89.8724
G1 X536.2570 Y89.3441
G1 X536.1419 Y88.8214
G1 X535.9981 Y88.3058
G1 X535.8262 Y87.7988
G1 X535.6267 Y87.3021
G1 X535.4002 Y86.8171
G1 X535.1473 Y86.3454
G1 X534.8688 Y85.8882
G1 X534.5657 Y85.4471
G1 X534.2387 Y85.0233
G1 X533.8889 Y84.6181
G1 X533.5173 Y84.2328
G1 X533.1251 Y83.8685
G1 X532.7135 Y83.5263
G1 X532.2836 Y83.2073
G1 X531.8369 Y82.9125
G1 X531.7943 Y83.3121
G0 Z-5.0000 F480


(No. 3: Hole 1)
G0 X67.1771 Y83.6104 Z-5.0000 F2100
G0 Z-0.5000 F480
G1 Z2.0000 F180
G1 X67.0732 Y83.4822 F900
G1 X66.6306 Y83.8628
G1 X66.2112 Y84.2688
G1 X65.8165 Y84.6989
G1 X65.4477 Y85.1515
G1 X65.1064 Y85.6250
G1 X64.7935 Y86.1179
G1 X64.5102 Y86.6283
G1 X64.2575 Y87.1546
G1 X64.0363 Y87.6948
G1 X63.8473 Y88.2471
G1 X63.6912 Y88.8096
G1 X63.5686 Y89.3804
G1 X63.4798 Y89.9574
G1 X63.4251 Y90.5386
G1 X63.4049 Y91.1220
G1 X63.4190 Y91.7056
G1 X63.4676 Y92.2873
G1 X63.5503 Y92.8652
G1 X63.6670 Y93.4372
G1 X63.8172 Y94.0013
G1 X64.0004 Y94.5556
G1 X64.2159 Y95.0981
G1 X64.4631 Y95.6270
G1 X64.7410 Y96.1403
G1 X291.4181 Y488.7567
G1 X291.7200 Y489.2483
G1 X292.0500 Y489.7214
G1 X292.4070 Y490.1746
G1 X292.7898 Y490.6062
G1 X293.1970 Y491.0147
G1 X293.6274 Y491.3989
G1 X294.0795 Y491.7573
G1 X294.5516 Y492.0887
G1 X295.0423 Y492.3921
G1 X295.5498 Y492.6664
G1 X296.0724 Y492.9107
G1 X296.6084 Y493.1241
G1 X297.1559 Y493.3059
G1 X297.7130 Y493.4555
G1 X298.2779 Y493.5723
G1 X298.8487 Y493.6561
G1 X299.4234 Y493.7065
G1 X300.0000 Y493.7233
G1 X300.5766 Y493.7065
G1 X301.1513 Y493.6561
G1 X301.7221 Y493.5723
G1 X302.2870 Y493.4555
G1 X302.8441 Y493.3059
G1 X303.3916 Y493.1241
G1 X303.9276 Y492.9107
G1 X304.4502 Y492.6664
G1 X304.9577 Y492.3921
G1 X305.4484 Y492.0887
G1 X305.9205 Y491.7573
G1 X306.3726 Y491.3989
G1 X306.8030 Y491.0147
G1 X307.2102 Y490.6062
G1 X307.5930 Y490.1746
G1 X307.9500 Y489.7214
G1 X308.2800 Y489.2483
G1 X308.5819 Y488.7567
G1 X461.3716 Y224.1167
G1 X331.4443 Y224.1909
G1 X368.5771 Y232.7650
G1 X368.6837 Y232.7934
G1 X368.7882 Y232.8289
G1 X368.8901 Y232.8713
G1 X368.9890 Y232.9204
G1 X369.0843 Y232.9760
G1 X369.1758 Y233.0378
G1 X369.2628 Y233.1057
G1 X369.3452 Y233.1792
G1 X369.4224 Y233.2580
G1 X369.4942 Y233.3418
G1 X369.5603 Y233.4302
G1 X369.6202 Y233.5229
G1 X369.6739 Y233.6194
G1 X369.7210 Y233.7192
G1 X369.7613 Y233.8219
G1 X369.7946 Y233.9271
G1 X369.8208 Y234.0344
G1 X369.8398 Y234.1431
G1 X369.8515 Y234.2528
G1 X369.8559 Y234.3631
G1 X369.8528 Y234.4734
G1 X369.8424 Y234.5833
G1 X369.8247 Y234.6923
G1 X369.7997 Y234.7998
G1 X368.5351 Y239.5192
G1 X368.5030 Y239.6248
G1 X368.4639 Y239.7280
G1 X368.4180 Y239.8284
G1 X368.3655 Y239.9255
G1 X368.3066 Y240.0188
G1 X368.2416 Y240.1080
G1 X368.1707 Y240.1926
G1 X368.0944 Y240.2724
G1 X368.0129 Y240.3468
G1 X367.9266 Y240.4157
G1 X367.8360 Y240.4786
G1 X367.7413 Y240.5353
G1 X367.6430 Y240.5855
G1 X367.5416 Y240.6291
G1 X367.4375 Y240.6658
G1 X367.3312 Y240.6954
G1 X367.2231 Y240.7179
G1 X367.1138 Y240.7331
G1 X367.0037 Y240.7410
G1 X366.8933 Y240.7415
G1 X366.7832 Y240.7346
G1 X366.6737 Y240.7203
G1 X366.5655 Y240.6988
G1 X366.4589 Y240.6701
G1 X329.7658 Y229.4518
G1 X329.5122 Y230.0959
G1 X329.2474 Y230.7354
G1 X328.9714 Y231.3701
G1 X328.6842 Y231.9999
G1 X328.7025 Y232.0188
G1 X397.8989 Y268.8111
G1 X397.9945 Y268.8662
G1 X398.0863 Y268.9275
G1 X398.1738 Y268.9948
G1 X398.2565 Y269.0678
G1 X398.3342 Y269.1462
G1 X398.4065 Y269.2296
G1 X398.4731 Y269.3177
G1 X398.5336 Y269.4100
G1 X398.5878 Y269.5061
G1 X398.6355 Y269.6057
G1 X398.6764 Y269.7082
G1 X398.7103 Y269.8132
G1 X398.7372 Y269.9203
G1 X398.7568 Y270.0289
G1 X398.7691 Y270.1385
G1 X398.7741 Y270.2488
G1 X398.7717 Y270.3592
G1 X398.7619 Y270.4691
G1 X398.7448 Y270.5781
G1 X398.7205 Y270.6858
G1 X398.6890 Y270.7916
G1 X398.6505 Y270.8950
G1 X398.6051 Y270.9956
G1 X398.5532 Y271.0930
G1 X394.7142 Y277.7423
G1 X394.6559 Y277.8359
G1 X394.5914 Y277.9255
G1 X394.5211 Y278.0106
G1 X394.4452 Y278.0907
G1 X394.3642 Y278.1657
G1 X394.2783 Y278.2350
G1 X394.1880 Y278.2984
G1 X394.0936 Y278.3557
G1 X393.9956 Y278.4065
G1 X393.8945 Y278.4507
G1 X393.7906 Y278.4880
G1 X393.6845 Y278.5182
G1 X393.5765 Y278.5413
G1 X393.4673 Y278.5572
G1 X393.3573 Y278.5657
G1 X393.2469 Y278.5668
G1 X393.1367 Y278.5606
G1 X393.0272 Y278.5469
G1 X392.9188 Y278.5260
G1 X392.8121 Y278.4979
G1 X392.7074 Y278.4628
G1 X392.6054 Y278.4207
G1 X392.5064 Y278.3719
G1 X392.4109 Y278.3165
G1 X325.9497 Y236.7869
G1 X325.5380 Y237.3434
G1 X325.1167 Y237.8926
G1 X324.6858 Y238.4342
G1 X324.2454 Y238.9683
G1 X324.2582 Y238.9912
G1 X352.3201 Y265.1593
G1 X352.3982 Y265.2372
G1 X352.4710 Y265.3202
G1 X352.5380 Y265.4079
G1 X352.5991 Y265.4998
G1 X352.6539 Y265.5956
G1 X352.7021 Y265.6949
G1 X352.7436 Y265.7972
G1 X352.7782 Y265.9020
G1 X352.8056 Y266.0089
G1 X352.8259 Y266.1174
G1 X352.8389 Y266.2270
G1 X352.8445 Y266.3372
G1 X352.8427 Y266.4476
G1 X352.8336 Y266.5576
G1 X352.8171 Y266.6667
G1 X352.7934 Y266.7745
G1 X352.7625 Y266.8805
G1 X352.7246 Y266.9841
G1 X352.6799 Y267.0850
G1 X352.6285 Y267.1827
G1 X352.5707 Y267.2767
G1 X352.5067 Y267.3667
G1 X352.4369 Y267.4521
G1 X352.3615 Y267.5327
G1 X348.9066 Y270.9876
G1 X348.8260 Y271.0630
G1 X348.7405 Y271.1328
G1 X348.6506 Y271.1968
G1 X348.5566 Y271.2546
G1 X348.4589 Y271.3060
G1 X348.3580 Y271.3507
G1 X348.2543 Y271.3886
G1 X348.1484 Y271.4195
G1 X348.0406 Y271.4433
G1 X347.9314 Y271.4597
G1 X347.8214 Y271.4689
G1 X347.7111 Y271.4706
G1 X347.6009 Y271.4650
G1 X347.4913 Y271.4521
G1 X347.3828 Y271.4318
G1 X347.2759 Y271.4043
G1 X347.1710 Y271.3697
G1 X347.0688 Y271.3282
G1 X346.9695 Y271.2800
G1 X346.8737 Y271.2252
G1 X346.7817 Y271.1642
G1 X346.6941 Y271.0971
G1 X346.6111 Y271.0243
G1 X346.5332 Y270.9462
G1 X320.3651 Y242.8844
G1 X319.8235 Y243.3154
G1 X319.2744 Y243.7368
G1 X318.7179 Y244.1485
G1 X318.1544 Y244.5503
G1 X318.1608 Y244.5758
G1 X359.6904 Y311.0371
G1 X359.7457 Y311.1326
G1 X359.7945 Y311.2316
G1 X359.8366 Y311.3336
G1 X359.8718 Y311.4382
G1 X359.8999 Y311.5449
G1 X359.9208 Y311.6533
G1 X359.9344 Y311.7628
G1 X359.9407 Y311.8730
G1 X359.9395 Y311.9834
G1 X359.9310 Y312.0934
G1 X359.9152 Y312.2027
G1 X359.8921 Y312.3106
G1 X359.8618 Y312.4167
G1 X359.8245 Y312.5206
G1 X359.7804 Y312.6218
G1 X359.7296 Y312.7197
G1 X359.6723 Y312.8141
G1 X359.6089 Y312.9044
G1 X359.5395 Y312.9903
G1 X359.4646 Y313.0713
G1 X359.3844 Y313.1472
G1 X359.2994 Y313.2175
G1 X359.2098 Y313.2820
G1 X359.1161 Y313.3404
G1 X352.4669 Y317.1793
G1 X352.3695 Y317.2313
G1 X352.2689 Y317.2766
G1 X352.1654 Y317.3151
G1 X352.0596 Y317.3466
G1 X351.9520 Y317.3710
G1 X351.8430 Y317.3881
G1 X351.7330 Y317.3979
G1 X351.6227 Y317.4003
G1 X351.5124 Y317.3953
G1 X351.4027 Y317.3829
G1 X351.2941 Y317.3633
G1 X351.1871 Y317.3365
G1 X351.0821 Y317.3025
G1 X350.9795 Y317.2616
G1 X350.8800 Y317.2139
G1 X350.7838 Y317.1597
G1 X350.6915 Y317.0992
G1 X350.6035 Y317.0327
G1 X350.5201 Y316.9604
G1 X350.4417 Y316.8827
G1 X350.3687 Y316.7999
G1 X350.3014 Y316.7124
G1 X350.2401 Y316.6207
G1 X350.1850 Y316.5250
G1 X313.3927 Y247.3287
G1 X312.7580 Y247.6048
G1 X312.1185 Y247.8697
G1 X311.4745 Y248.1234
G1 X310.8261 Y248.3657
G1 X310.8257 Y248.3919
G1 X322.0439 Y285.0851
G1 X322.0726 Y285.1916
G1 X322.0942 Y285.2999
G1 X322.1084 Y285.4093
G1 X322.1153 Y285.5195
G1 X322.1148 Y285.6298
G1 X322.1070 Y285.7399
G1 X322.0918 Y285.8493
G1 X322.0693 Y285.9573
G1 X322.0397 Y286.0636
G1 X322.0030 Y286.1677
G1 X321.9594 Y286.2691
G1 X321.9091 Y286.3674
G1 X321.8524 Y286.4621
G1 X321.7895 Y286.5528
G1 X321.7207 Y286.6391
G1 X321.6462 Y286.7205
G1 X321.5665 Y286.7969
G1 X321.4819 Y286.8677
G1 X321.3927 Y286.9327
G1 X321.2993 Y286.9916
G1 X321.2022 Y287.0441
G1 X321.1019 Y287.0900
G1 X320.9987 Y287.1291
G1 X320.8931 Y287.1612
G1 X316.1736 Y288.4258
G1 X316.0661 Y288.4508
G1 X315.9572 Y288.4685
G1 X315.8473 Y288.4790
G1 X315.7370 Y288.4820
G1 X315.6267 Y288.4777
G1 X315.5169 Y288.4660
G1 X315.4082 Y288.4470
G1 X315.3010 Y288.4207
G1 X315.1958 Y288.3874
G1 X315.0930 Y288.3471
G1 X314.9932 Y288.3000
G1 X314.8968 Y288.2464
G1 X314.8041 Y288.1864
G1 X314.7157 Y288.1204
G1 X314.6318 Y288.0485
G1 X314.5530 Y287.9713
G1 X314.4795 Y287.8890
G1 X314.4117 Y287.8019
G1 X314.3498 Y287.7105
G1 X314.2942 Y287.6151
G1 X314.2451 Y287.5163
G1 X314.2028 Y287.4144
G1 X314.1673 Y287.3099
G1 X314.1389 Y287.2032
G1 X305.5076 Y249.8169
G1 X304.8230 Y249.9194
G1 X304.1368 Y250.0098
G1 X303.4491 Y250.0881
G1 X302.7601 Y250.1543
G1 X302.7529 Y250.1796
G1 X305.4879 Y328.5015
G1 X305.4881 Y328.6119
G1 X305.4809 Y328.7220
G1 X305.4663 Y328.8315
G1 X305.4445 Y328.9396
G1 X305.4154 Y329.0461
G1 X305.3794 Y329.1504
G1 X305.3364 Y329.2521
G1 X305.2867 Y329.3507
G1 X305.2305 Y329.4457
G1 X305.1682 Y329.5367
G1 X305.0998 Y329.6234
G1 X305.0259 Y329.7053
G1 X304.9466 Y329.7821
G1 X304.8623 Y329.8534
G1 X304.7735 Y329.9189
G1 X304.6805 Y329.9784
G1 X304.5837 Y330.0315
G1 X304.4837 Y330.0780
G1 X304.3807 Y330.1177
G1 X304.2753 Y330.1504
G1 X304.1679 Y330.1760
G1 X304.0591 Y330.1944
G1 X303.9493 Y330.2054
G1 X303.8389 Y330.2091
G1 X296.1611
G1 X296.0507 Y330.2054
G1 X295.9409 Y330.1944
G1 X295.8321 Y330.1760
G1 X295.7247 Y330.1504
G1 X295.6193 Y330.1177
G1 X295.5163 Y330.0780
G1 X295.4163 Y330.0315
G1 X295.3195 Y329.9784
G1 X295.2265 Y329.9189
G1 X295.1377 Y329.8534
G1 X295.0534 Y329.7821
G1 X294.9741 Y329.7053
G1 X294.9002 Y329.6234
G1 X294.8318 Y329.5367
G1 X294.7695 Y329.4457
G1 X294.7133 Y329.3507
G1 X294.6636 Y329.2521
G1 X294.6206 Y329.1504
G1 X294.5846 Y329.0461
G1 X294.5555 Y328.9396
G1 X294.5337 Y328.8315
G1 X294.5191 Y328.7220
G1 X294.5119 Y328.6119
G1 X294.5121 Y328.5015
G1 X297.2471 Y250.1796
G1 X296.5594 Y250.1014
G1 X295.8731 Y250.0111
G1 X295.1886 Y249.9087
G1 X294.5059 Y249.7944
G1 X294.4924 Y249.8169
G1 X285.8611 Y287.2032
G1 X285.8327 Y287.3099
G1 X285.7972 Y287.4144
G1 X285.7549 Y287.5163
G1 X285.7058 Y287.6151
G1 X285.6502 Y287.7105
G1 X285.5883 Y287.8019
G1 X285.5205 Y287.8890
G1 X285.4470 Y287.9713
G1 X285.3682 Y288.0485
G1 X285.2843 Y288.1204
G1 X285.1959 Y288.1864
G1 X285.1032 Y288.2464
G1 X285.0068 Y288.3000
G1 X284.9070 Y288.3471
G1 X284.8042 Y288.3874
G1 X284.6990 Y288.4207
G1 X284.5918 Y288.4470
G1 X284.4831 Y288.4660
G1 X284.3733 Y288.4777
G1 X284.2630 Y288.4820
G1 X284.1527 Y288.4790
G1 X284.0428 Y288.4685
G1 X283.9339 Y288.4508
G1 X283.8264 Y288.4258
G1 X279.1069 Y287.1612
G1 X279.0013 Y287.1291
G1 X278.8981 Y287.0900
G1 X278.7978 Y287.0441
G1 X278.7007 Y286.9916
G1 X278.6073 Y286.9327
G1 X278.5181 Y286.8677
G1 X278.4335 Y286.7969
G1 X278.3538 Y286.7205
G1 X278.2793 Y286.6391
G1 X278.2105 Y286.5528
G1 X278.1476 Y286.4621
G1 X278.0909 Y286.3674
G1 X278.0406 Y286.2691
G1 X277.9970 Y286.1677
G1 X277.9603 Y286.0636
G1 X277.9307 Y285.9573
G1 X277.9082 Y285.8493
G1 X277.8930 Y285.7399
G1 X277.8852 Y285.6298
G1 X277.8847 Y285.5195
G1 X277.8916 Y285.4093
G1 X277.9058 Y285.2999
G1 X277.9274 Y285.1916
G1 X277.9561 Y285.0851
G1 X289.1743 Y248.3919
G1 X288.5302 Y248.1384
G1 X287.8907 Y247.8735
G1 X287.2560 Y247.5975
G1 X286.6262 Y247.3104
G1 X286.6073 Y247.3287
G1 X249.8150 Y316.5250
G1 X249.7599 Y316.6207
G1 X249.6986 Y316.7124
G1 X249.6313 Y316.7999
G1 X249.5583 Y316.8827
G1 X249.4799 Y316.9604
G1 X249.3965 Y317.0327
G1 X249.3085 Y317.0992
G1 X249.2162 Y317.1597
G1 X249.1200 Y317.2139
G1 X249.0205 Y317.2616
G1 X248.9179 Y317.3025
G1 X248.8129 Y317.3365
G1 X248.7059 Y317.3633
G1 X248.5973 Y317.3829
G1 X248.4876 Y317.3953
G1 X248.3773 Y317.4003
G1 X248.2670 Y317.3979
G1 X248.1570 Y317.3881
G1 X248.0480 Y317.3710
G1 X247.9404 Y317.3466
G1 X247.8346 Y317.3151
G1 X247.7311 Y317.2766
G1 X247.6305 Y317.2313
G1 X247.5331 Y317.1793
G1 X240.8839 Y313.3404
G1 X240.7902 Y313.2820
G1 X240.7006 Y313.2175
G1 X240.6156 Y313.1472
G1 X240.5354 Y313.0713
G1 X240.4605 Y312.9903
G1 X240.3911 Y312.9044
G1 X240.3277 Y312.8141
G1 X240.2704 Y312.7197
G1 X240.2196 Y312.6218
G1 X240.1755 Y312.5206
G1 X240.1382 Y312.4167
G1 X240.1079 Y312.3106
G1 X240.0848 Y312.2027
G1 X240.0690 Y312.0934
G1 X240.0605 Y311.9834
G1 X240.0593 Y311.8730
G1 X240.0656 Y311.7628
G1 X240.0792 Y311.6533
G1 X240.1001 Y311.5449
G1 X240.1282 Y311.4382
G1 X240.1634 Y311.3336
G1 X240.2055 Y311.2316
G1 X240.2543 Y311.1326
G1 X240.3096 Y311.0371
G1 X281.8392 Y244.5758
G1 X281.2827 Y244.1642
G1 X280.7336 Y243.7429
G1 X280.1919 Y243.3119
G1 X279.6579 Y242.8716
G1 X279.6349 Y242.8844
G1 X253.4668 Y270.9462
G1 X253.3889 Y271.0243
G1 X253.3059 Y271.0971
G1 X253.2183 Y271.1642
G1 X253.1263 Y271.2252
G1 X253.0305 Y271.2800
G1 X252.9312 Y271.3282
G1 X252.8290 Y271.3697
G1 X252.7241 Y271.4043
G1 X252.6172 Y271.4318
G1 X252.5087 Y271.4521
G1 X252.3991 Y271.4650
G1 X252.2889 Y271.4706
G1 X252.1786 Y271.4689
G1 X252.0686 Y271.4597
G1 X251.9594 Y271.4433
G1 X251.8516 Y271.4195
G1 X251.7457 Y271.3886
G1 X251.6420 Y271.3507
G1 X251.5411 Y271.3060
G1 X251.4434 Y271.2546
G1 X251.3494 Y271.1968
G1 X251.2595 Y271.1328
G1 X251.1740 Y271.0630
G1 X251.0934 Y270.9876
G1 X247.6385 Y267.5327
G1 X247.5631 Y267.4521
G1 X247.4933 Y267.3667
G1 X247.4293 Y267.2767
G1 X247.3715 Y267.1827
G1 X247.3201 Y267.0850
G1 X247.2754 Y266.9841
G1 X247.2375 Y266.8805
G1 X247.2066 Y266.7745
G1 X247.1829 Y266.6667
G1 X247.1664 Y266.5576
G1 X247.1573 Y266.4476
G1 X247.1555 Y266.3372
G1 X247.1611 Y266.2270
G1 X247.1741 Y266.1174
G1 X247.1944 Y266.0089
G1 X247.2218 Y265.9020
G1 X247.2564 Y265.7972
G1 X247.2979 Y265.6949
G1 X247.3461 Y265.5956
G1 X247.4009 Y265.4998
G1 X247.4620 Y265.4079
G1 X247.5290 Y265.3202
G1 X247.6018 Y265.2372
G1 X247.6799 Y265.1593
G1 X275.7418 Y238.9912
G1 X275.3108 Y238.4496
G1 X274.8894 Y237.9005
G1 X274.4777 Y237.3441
G1 X274.0758 Y236.7805
G1 X274.0503 Y236.7869
G1 X207.5891 Y278.3165
G1 X207.4936 Y278.3719
G1 X207.3946 Y278.4207
G1 X207.2926 Y278.4628
G1 X207.1879 Y278.4979
G1 X207.0812 Y278.5260
G1 X206.9728 Y278.5469
G1 X206.8633 Y278.5606
G1 X206.7531 Y278.5668
G1 X206.6427 Y278.5657
G1 X206.5327 Y278.5572
G1 X206.4235 Y278.5413
G1 X206.3155 Y278.5182
G1 X206.2094 Y278.4880
G1 X206.1055 Y278.4507
G1 X206.0044 Y278.4065
G1 X205.9064 Y278.3557
G1 X205.8120 Y278.2984
G1 X205.7217 Y278.2350
G1 X205.6358 Y278.1657
G1 X205.5548 Y278.0907
G1 X205.4789 Y278.0106
G1 X205.4086 Y277.9255
G1 X205.3441 Y277.8359
G1 X205.2858 Y277.7423
G1 X201.4468 Y271.0930
G1 X201.3949 Y270.9956
G1 X201.3495 Y270.8950
G1 X201.3110 Y270.7916
G1 X201.2795 Y270.6858
G1 X201.2552 Y270.5781
G1 X201.2381 Y270.4691
G1 X201.2283 Y270.3592
G1 X201.2259 Y270.2488
G1 X201.2309 Y270.1385
G1 X201.2432 Y270.0289
G1 X201.2628 Y269.9203
G1 X201.2897 Y269.8132
G1 X201.3236 Y269.7082
G1 X201.3645 Y269.6057
G1 X201.4122 Y269.5061
G1 X201.4664 Y269.4100
G1 X201.5269 Y269.3177
G1 X201.5935 Y269.2296
G1 X201.6658 Y269.1462
G1 X201.7435 Y269.0678
G1 X201.8262 Y268.9948
G1 X201.9137 Y268.9275
G1 X202.0055 Y268.8662
G1 X202.1011 Y268.8111
G1 X271.2975 Y232.0188
G1 X271.0213 Y231.3841
G1 X270.7564 Y230.7446
G1 X270.5028 Y230.1006
G1 X270.2605 Y229.4522
G1 X270.2342 Y229.4518
G1 X233.5411 Y240.6701
G1 X233.4345 Y240.6988
G1 X233.3263 Y240.7203
G1 X233.2168 Y240.7346
G1 X233.1067 Y240.7415
G1 X232.9963 Y240.7410
G1 X232.8862 Y240.7331
G1 X232.7769 Y240.7179
G1 X232.6688 Y240.6954
G1 X232.5625 Y240.6658
G1 X232.4584 Y240.6291
G1 X232.3570 Y240.5855
G1 X232.2587 Y240.5353
G1 X232.1640 Y240.4786
G1 X232.0734 Y240.4157
G1 X231.9871 Y240.3468
G1 X231.9056 Y240.2724
G1 X231.8293 Y240.1926
G1 X231.7584 Y240.1080
G1 X231.6934 Y240.0188
G1 X231.6345 Y239.9255
G1 X231.5820 Y239.8284
G1 X231.5361 Y239.7280
G1 X231.4970 Y239.6248
G1 X231.4649 Y239.5192
G1 X230.2003 Y234.7998
G1 X230.1753 Y234.6923
G1 X230.1576 Y234.5833
G1 X230.1472 Y234.4734
G1 X230.1441 Y234.3631
G1 X230.1485 Y234.2528
G1 X230.1602 Y234.1431
G1 X230.1792 Y234.0344
G1 X230.2054 Y233.9271
G1 X230.2387 Y233.8219
G1 X230.2790 Y233.7192
G1 X230.3261 Y233.6194
G1 X230.3798 Y233.5229
G1 X230.4397 Y233.4302
G1 X230.5058 Y233.3418
G1 X230.5776 Y233.2580
G1 X230.6548 Y233.1792
G1 X230.7372 Y233.1057
G1 X230.8242 Y233.0378
G1 X230.9157 Y232.9760
G1 X231.0110 Y232.9204
G1 X231.1099 Y232.8713
G1 X231.2118 Y232.8289
G1 X231.3163 Y232.7934
G1 X231.4229 Y232.7650
G1 X268.8092 Y224.1337
G1 X268.7068 Y223.4492
G1 X268.6164 Y222.7629
G1 X268.5381 Y222.0752
G1 X268.4718 Y221.3862
G1 X268.4465 Y221.3790
G1 X190.1246 Y224.1141
G1 X190.0142 Y224.1142
G1 X189.9041 Y224.1070
G1 X189.7947 Y224.0925
G1 X189.6865 Y224.0706
G1 X189.5800 Y224.0416
G1 X189.4757 Y224.0055
G1 X189.3740 Y223.9625
G1 X189.2755 Y223.9128
G1 X189.1805 Y223.8567
G1 X189.0894 Y223.7943
G1 X189.0027 Y223.7260
G1 X188.9208 Y223.6520
G1 X188.8440 Y223.5727
G1 X188.7727 Y223.4885
G1 X188.7072 Y223.3997
G1 X188.6478 Y223.3067
G1 X188.5947 Y223.2099
G1 X188.5482 Y223.1098
G1 X188.5085 Y223.0068
G1 X188.4757 Y222.9014
G1 X188.4501 Y222.7940
G1 X188.4318 Y222.6852
G1 X188.4207 Y222.5754
G1 X188.4170 Y222.4651
G1 Y214.7872
G1 X188.4207 Y214.6769
G1 X188.4318 Y214.5671
G1 X188.4501 Y214.4582
G1 X188.4757 Y214.3509
G1 X188.5085 Y214.2455
G1 X188.5482 Y214.1425
G1 X188.5947 Y214.0424
G1 X188.6478 Y213.9456
G1 X188.7072 Y213.8526
G1 X188.7727 Y213.7638
G1 X188.8440 Y213.6796
G1 X188.9208 Y213.6003
G1 X189.0027 Y213.5263
G1 X189.0894 Y213.4580
G1 X189.1805 Y213.3956
G1 X189.2755 Y213.3394
G1 X189.3740 Y213.2898
G1 X189.4757 Y213.2468
G1 X189.5800 Y213.2107
G1 X189.6865 Y213.1817
G1 X189.7947 Y213.1598
G1 X189.9041 Y213.1453
G1 X190.0142 Y213.1380
G1 X190.1246 Y213.1382
G1 X268.4465 Y215.8733
G1 X268.5248 Y215.1855
G1 X268.6151 Y214.4993
G1 X268.7174 Y213.8147
G1 X268.8318 Y213.1321
G1 X268.8092 Y213.1186
G1 X231.4229 Y204.4873
G1 X231.3163 Y204.4589
G1 X231.2118 Y204.4234
G1 X231.1099 Y204.3810
G1 X231.0110 Y204.3319
G1 X230.9157 Y204.2763
G1 X230.8242 Y204.2144
G1 X230.7372 Y204.1466
G1 X230.6548 Y204.0731
G1 X230.5776 Y203.9943
G1 X230.5058 Y203.9105
G1 X230.4397 Y203.8220
G1 X230.3798 Y203.7294
G1 X230.3261 Y203.6329
G1 X230.2790 Y203.5331
G1 X230.2387 Y203.4303
G1 X230.2054 Y203.3251
G1 X230.1792 Y203.2179
G1 X230.1602 Y203.1092
G1 X230.1485 Y202.9994
G1 X230.1441 Y202.8892
G1 X230.1472 Y202.7788
G1 X230.1576 Y202.6690
G1 X230.1753 Y202.5600
G1 X230.2003 Y202.4525
G1 X231.4649 Y197.7331
G1 X231.4970 Y197.6275
G1 X231.5361 Y197.5243
G1 X231.5820 Y197.4239
G1 X231.6345 Y197.3268
G1 X231.6934 Y197.2335
G1 X231.7584 Y197.1443
G1 X231.8293 Y197.0596
G1 X231.9056 Y196.9799
G1 X231.9871 Y196.9054
G1 X232.0734 Y196.8366
G1 X232.1640 Y196.7737
G1 X232.2587 Y196.7170
G1 X232.3570 Y196.6667
G1 X232.4584 Y196.6232
G1 X232.5625 Y196.5865
G1 X232.6688 Y196.5568
G1 X232.7769 Y196.5344
G1 X232.8862 Y196.5192
G1 X232.9963 Y196.5113
G1 X233.1067 Y196.5108
G1 X233.2168 Y196.5177
G1 X233.3263 Y196.5320
G1 X233.4345 Y196.5535
G1 X233.5411 Y196.5822
G1 X270.2342 Y207.8004
G1 X270.4878 Y207.1564
G1 X270.7526 Y206.5169
G1 X271.0286 Y205.8821
G1 X271.3158 Y205.2523
G1 X271.2975 Y205.2335
G1 X202.1011 Y168.4411
G1 X202.0055 Y168.3861
G1 X201.9137 Y168.3248
G1 X201.8262 Y168.2574
G1 X201.7435 Y168.1844
G1 X201.6658 Y168.1060
G1 X201.5935 Y168.0226
G1 X201.5269 Y167.9346
G1 X201.4664 Y167.8423
G1 X201.4122 Y167.7461
G1 X201.3645 Y167.6466
G1 X201.3236 Y167.5441
G1 X201.2897 Y167.4391
G1 X201.2628 Y167.3320
G1 X201.2432 Y167.2234
G1 X201.2309 Y167.1137
G1 X201.2259 Y167.0035
G1 X201.2283 Y166.8931
G1 X201.2381 Y166.7832
G1 X201.2552 Y166.6741
G1 X201.2795 Y166.5665
G1 X201.3110 Y166.4607
G1 X201.3495 Y166.3573
G1 X201.3949 Y166.2566
G1 X201.4468 Y166.1593
G1 X205.2858 Y159.5100
G1 X205.3441 Y159.4163
G1 X205.4086 Y159.3268
G1 X205.4789 Y159.2417
G1 X205.5548 Y159.1615
G1 X205.6358 Y159.0866
G1 X205.7217 Y159.0173
G1 X205.8120 Y158.9538
G1 X205.9064 Y158.8966
G1 X206.0044 Y158.8458
G1 X206.1055 Y158.8016
G1 X206.2094 Y158.7643
G1 X206.3155 Y158.7340
G1 X206.4235 Y158.7109
G1 X206.5327 Y158.6951
G1 X206.6427 Y158.6866
G1 X206.7531 Y158.6855
G1 X206.8633 Y158.6917
G1 X206.9728 Y158.7053
G1 X207.0812 Y158.7262
G1 X207.1879 Y158.7543
G1 X207.2926 Y158.7895
G1 X207.3946 Y158.8316
G1 X207.4936 Y158.8804
G1 X207.5891 Y158.9357
G1 X274.0503 Y200.4653
G1 X274.4620 Y199.9089
G1 X274.8833 Y199.3597
G1 X275.3142 Y198.8180
G1 X275.7546 Y198.2840
G1 X275.7418 Y198.2610
G1 X247.6799 Y172.0930
G1 X247.6018 Y172.0151
G1 X247.5290 Y171.9321
G1 X247.4620 Y171.8444
G1 X247.4009 Y171.7525
G1 X247.3461 Y171.6566
G1 X247.2979 Y171.5574
G1 X247.2564 Y171.4551
G1 X247.2218 Y171.3503
G1 X247.1944 Y171.2434
G1 X247.1741 Y171.1349
G1 X247.1611 Y171.0253
G1 X247.1555 Y170.9150
G1 X247.1573 Y170.8047
G1 X247.1664 Y170.6947
G1 X247.1829 Y170.5856
G1 X247.2066 Y170.4778
G1 X247.2375 Y170.3718
G1 X247.2754 Y170.2681
G1 X247.3201 Y170.1673
G1 X247.3715 Y170.0696
G1 X247.4293 Y169.9756
G1 X247.4933 Y169.8856
G1 X247.5631 Y169.8001
G1 X247.6385 Y169.7195
G1 X251.0934 Y166.2647
G1 X251.1740 Y166.1893
G1 X251.2595 Y166.1194
G1 X251.3494 Y166.0555
G1 X251.4434 Y165.9977
G1 X251.5411 Y165.9463
G1 X251.6420 Y165.9015
G1 X251.7457 Y165.8636
G1 X251.8516 Y165.8327
G1 X251.9594 Y165.8090
G1 X252.0686 Y165.7925
G1 X252.1786 Y165.7834
G1 X252.2889 Y165.7816
G1 X252.3991 Y165.7872
G1 X252.5087 Y165.8002
G1 X252.6172 Y165.8205
G1 X252.7241 Y165.8480
G1 X252.8290 Y165.8825
G1 X252.9312 Y165.9240
G1 X253.0305 Y165.9723
G1 X253.1263 Y166.0270
G1 X253.2183 Y166.0881
G1 X253.3059 Y166.1551
G1 X253.3889 Y166.2279
G1 X253.4668 Y166.3061
G1 X279.6349 Y194.3679
G1 X280.1765 Y193.9369
G1 X280.7256 Y193.5155
G1 X281.2821 Y193.1038
G1 X281.8456 Y192.7020
G1 X281.8392 Y192.6765
G1 X240.3096 Y126.2152
G1 X240.2543 Y126.1197
G1 X240.2055 Y126.0207
G1 X240.1634 Y125.9187
G1 X240.1282 Y125.8141
G1 X240.1001 Y125.7073
G1 X240.0792 Y125.5990
G1 X240.0656 Y125.4894
G1 X240.0593 Y125.3792
G1 X240.0605 Y125.2689
G1 X240.0690 Y125.1588
G1 X240.0848 Y125.0496
G1 X240.1079 Y124.9417
G1 X240.1382 Y124.8355
G1 X240.1755 Y124.7317
G1 X240.2196 Y124.6305
G1 X240.2704 Y124.5325
G1 X240.3277 Y124.4382
G1 X240.3911 Y124.3479
G1 X240.4605 Y124.2620
G1 X240.5354 Y124.1809
G1 X240.6156 Y124.1051
G1 X240.7006 Y124.0347
G1 X240.7902 Y123.9703
G1 X240.8839 Y123.9119
G1 X247.5331 Y120.0730
G1 X247.6305 Y120.0210
G1 X247.7311 Y119.9757
G1 X247.8346 Y119.9372
G1 X247.9404 Y119.9057
G1 X248.0480 Y119.8813
G1 X248.1570 Y119.8642
G1 X248.2670 Y119.8544
G1 X248.3773 Y119.8520
G1 X248.4876 Y119.8570
G1 X248.5973 Y119.8693
G1 X248.7059 Y119.8890
G1 X248.8129 Y119.9158
G1 X248.9179 Y119.9498
G1 X249.0205 Y119.9907
G1 X249.1200 Y120.0383
G1 X249.2162 Y120.0925
G1 X249.3085 Y120.1531
G1 X249.3965 Y120.2196
G1 X249.4799 Y120.2919
G1 X249.5583 Y120.3696
G1 X249.6313 Y120.4524
G1 X249.6986 Y120.5398
G1 X249.7599 Y120.6316
G1 X249.8150 Y120.7273
G1 X286.6073 Y189.9236
G1 X287.2420 Y189.6475
G1 X287.8815 Y189.3826
G1 X288.5255 Y189.1289
G1 X289.1739 Y188.8866
G1 X289.1743 Y188.8603
G1 X277.9561 Y152.1672
G1 X277.9274 Y152.0606
G1 X277.9058 Y151.9524
G1 X277.8916 Y151.8429
G1 X277.8847 Y151.7328
G1 X277.8852 Y151.6224
G1 X277.8930 Y151.5123
G1 X277.9082 Y151.4030
G1 X277.9307 Y151.2950
G1 X277.9603 Y151.1886
G1 X277.9970 Y151.0845
G1 X278.0406 Y150.9831
G1 X278.0909 Y150.8849
G1 X278.1476 Y150.7902
G1 X278.2105 Y150.6995
G1 X278.2793 Y150.6132
G1 X278.3538 Y150.5317
G1 X278.4335 Y150.4554
G1 X278.5181 Y150.3846
G1 X278.6073 Y150.3196
G1 X278.7007 Y150.2607
G1 X278.7978 Y150.2082
G1 X278.8981 Y150.1622
G1 X279.0013 Y150.1231
G1 X279.1069 Y150.0910
G1 X283.8264 Y148.8265
G1 X283.9339 Y148.8015
G1 X284.0428 Y148.7837
G1 X284.1527 Y148.7733
G1 X284.2630 Y148.7703
G1 X284.3733 Y148.7746
G1 X284.4831 Y148.7863
G1 X284.5918 Y148.8053
G1 X284.6990 Y148.8315
G1 X284.8042 Y148.8649
G1 X284.9070 Y148.9052
G1 X285.0068 Y148.9523
G1 X285.1032 Y149.0059
G1 X285.1959 Y149.0659
G1 X285.2843 Y149.1319
G1 X285.3682 Y149.2037
G1 X285.4470 Y149.2810
G1 X285.5205 Y149.3633
G1 X285.5883 Y149.4504
G1 X285.6502 Y149.5418
G1 X285.7058 Y149.6371
G1 X285.7549 Y149.7360
G1 X285.7972 Y149.8379
G1 X285.8327 Y149.9424
G1 X285.8611 Y150.0491
G1 X294.4924 Y187.4353
G1 X295.1770 Y187.3329
G1 X295.8632 Y187.2425
G1 X296.5509 Y187.1642
G1 X297.2399 Y187.0980
G1 X297.2471 Y187.0727
G1 X294.5121 Y108.7507
G1 X294.5119 Y108.6404
G1 X294.5191 Y108.5302
G1 X294.5337 Y108.4208
G1 X294.5555 Y108.3126
G1 X294.5846 Y108.2061
G1 X294.6206 Y108.1018
G1 X294.6636 Y108.0002
G1 X294.7133 Y107.9016
G1 X294.7695 Y107.8066
G1 X294.8318 Y107.7155
G1 X294.9002 Y107.6289
G1 X294.9741 Y107.5470
G1 X295.0534 Y107.4702
G1 X295.1377 Y107.3989
G1 X295.2265 Y107.3333
G1 X295.3195 Y107.2739
G1 X295.4163 Y107.2208
G1 X295.5163 Y107.1743
G1 X295.6193 Y107.1346
G1 X295.7247 Y107.1019
G1 X295.8321 Y107.0763
G1 X295.9409 Y107.0579
G1 X296.0507 Y107.0468
G1 X296.1611 Y107.0431
G1 X303.8389
G1 X303.9493 Y107.0468
G1 X304.0591 Y107.0579
G1 X304.1679 Y107.0763
G1 X304.2753 Y107.1019
G1 X304.3807 Y107.1346
G1 X304.4837 Y107.1743
G1 X304.5837 Y107.2208
G1 X304.6805 Y107.2739
G1 X304.7735 Y107.3333
G1 X304.8623 Y107.3989
G1 X304.9466 Y107.4702
G1 X305.0259 Y107.5470
G1 X305.0998 Y107.6289
G1 X305.1682 Y107.7155
G1 X305.2305 Y107.8066
G1 X305.2867 Y107.9016
G1 X305.3364 Y108.0002
G1 X305.3794 Y108.1018
G1 X305.4154 Y108.2061
G1 X305.4445 Y108.3126
G1 X305.4663 Y108.4208
G1 X305.4809 Y108.5302
G1 X305.4881 Y108.6404
G1 X305.4879 Y108.7507
G1 X302.7529 Y187.0727
G1 X303.4406 Y187.1509
G1 X304.1269 Y187.2412
G1 X304.8114 Y187.3435
G1 X305.4941 Y187.4579
G1 X305.5076 Y187.4353
G1 X314.1389 Y150.0491
G1 X314.1673 Y149.9424
G1 X314.2028 Y149.8379
G1 X314.2451 Y149.7360
G1 X314.2942 Y149.6371
G1 X314.3498 Y149.5418
G1 X314.4117 Y149.4504
G1 X314.4795 Y149.3633
G1 X314.5530 Y149.2810
G1 X314.6318 Y149.2037
G1 X314.7157 Y149.1319
G1 X314.8041 Y149.0659
G1 X314.8968 Y149.0059
G1 X314.9932 Y148.9523
G1 X315.0930 Y148.9052
G1 X315.1958 Y148.8649
G1 X315.3010 Y148.8315
G1 X315.4082 Y148.8053
G1 X315.5169 Y148.7863
G1 X315.6267 Y148.7746
G1 X315.7370 Y148.7703
G1 X315.8473 Y148.7733
G1 X315.9572 Y148.7837
G1 X316.0661 Y148.8015
G1 X316.1736 Y148.8265
G1 X320.8931 Y150.0910
G1 X320.9987 Y150.1231
G1 X321.1019 Y150.1622
G1 X321.2022 Y150.2082
G1 X321.2993 Y150.2607
G1 X321.3927 Y150.3196
G1 X321.4819 Y150.3846
G1 X321.5665 Y150.4554
G1 X321.6462 Y150.5317
G1 X321.7207 Y150.6132
G1 X321.7895 Y150.6995
G1 X321.8524 Y150.7902
G1 X321.9091 Y150.8849
G1 X321.9594 Y150.9831
G1 X322.0030 Y151.0845
G1 X322.0397 Y151.1886
G1 X322.0693 Y151.2950
G1 X322.0918 Y151.4030
G1 X322.1070 Y151.5123
G1 X322.1148 Y151.6224
G1 X322.1153 Y151.7328
G1 X322.1084 Y151.8429
G1 X322.0942 Y151.9524
G1 X322.0726 Y152.0606
G1 X322.0439 Y152.1672
G1 X310.8257 Y188.8603
G1 X311.4698 Y189.1139
G1 X312.1093 Y189.3787
G1 X312.7440 Y189.6548
G1 X313.3738 Y189.9419
G1 X313.3927 Y189.9236
G1 X350.1850 Y120.7273
G1 X350.2401 Y120.6316
G1 X350.3014 Y120.5398
G1 X350.3687 Y120.4524
G1 X350.4417 Y120.3696
G1 X350.5201 Y120.2919
G1 X350.6035 Y120.2196
G1 X350.6915 Y120.1531
G1 X350.7838 Y120.0925
G1 X350.8800 Y120.0383
G1 X350.9795 Y119.9907
G1 X351.0821 Y119.9498
G1 X351.1871 Y119.9158
G1 X351.2941 Y119.8890
G1 X351.4027 Y119.8693
G1 X351.5124 Y119.8570
G1 X351.6227 Y119.8520
G1 X351.7330 Y119.8544
G1 X351.8430 Y119.8642
G1 X351.9520 Y119.8813
G1 X352.0596 Y119.9057
G1 X352.1654 Y119.9372
G1 X352.2689 Y119.9757
G1 X352.3695 Y120.0210
G1 X352.4669 Y120.0730
G1 X359.1161 Y123.9119
G1 X359.2098 Y123.9703
G1 X359.2994 Y124.0347
G1 X359.3844 Y124.1051
G1 X359.4646 Y124.1809
G1 X359.5395 Y124.2620
G1 X359.6089 Y124.3479
G1 X359.6723 Y124.4382
G1 X359.7296 Y124.5325
G1 X359.7804 Y124.6305
G1 X359.8245 Y124.7317
G1 X359.8618 Y124.8355
G1 X359.8921 Y124.9417
G1 X359.9152 Y125.0496
G1 X359.9310 Y125.1588
G1 X359.9395 Y125.2689
G1 X359.9407 Y125.3792
G1 X359.9344 Y125.4894
G1 X359.9208 Y125.5990
G1 X359.8999 Y125.7073
G1 X359.8718 Y125.8141
G1 X359.8366 Y125.9187
G1 X359.7945 Y126.0207
G1 X359.7457 Y126.1197
G1 X359.6904 Y126.2152
G1 X318.1608 Y192.6765
G1 X318.7173 Y193.0881
G1 X319.2664 Y193.5094
G1 X319.8081 Y193.9403
G1 X320.3421 Y194.3807
G1 X320.3651 Y194.3679
G1 X346.5332 Y166.3061
G1 X346.6111 Y166.2279
G1 X346.6941 Y166.1551
G1 X346.7817 Y166.0881
G1 X346.8737 Y166.0270
G1 X346.9695 Y165.9723
G1 X347.0688 Y165.9240
G1 X347.1710 Y165.8825
G1 X347.2759 Y165.8480
G1 X347.3828 Y165.8205
G1 X347.4913 Y165.8002
G1 X347.6009 Y165.7872
G1 X347.7111 Y165.7816
G1 X347.8214 Y165.7834
G1 X347.9314 Y165.7925
G1 X348.0406 Y165.8090
G1 X348.1484 Y165.8327
G1 X348.2543 Y165.8636
G1 X348.3580 Y165.9015
G1 X348.4589 Y165.9463
G1 X348.5566 Y165.9977
G1 X348.6506 Y166.0555
G1 X348.7405 Y166.1194
G1 X348.8260 Y166.1893
G1 X348.9066 Y166.2647
G1 X352.3615 Y169.7195
G1 X352.4369 Y169.8001
G1 X352.5067 Y169.8856
G1 X352.5707 Y169.9756
G1 X352.6285 Y170.0696
G1 X352.6799 Y170.1673
G1 X352.7246 Y170.2681
G1 X352.7625 Y170.3718
G1 X352.7934 Y170.4778
G1 X352.8171 Y170.5856
G1 X352.8336 Y170.6947
G1 X352.8427 Y170.8047
G1 X352.8445 Y170.9150
G1 X352.8389 Y171.0253
G1 X352.8259 Y171.1349
G1 X352.8056 Y171.2434
G1 X352.7782 Y171.3503
G1 X352.7436 Y171.4551
G1 X352.7021 Y171.5574
G1 X352.6539 Y171.6566
G1 X352.5991 Y171.7525
G1 X352.5380 Y171.8444
G1 X352.4710 Y171.9321
G1 X352.3982 Y172.0151
G1 X352.3201 Y172.0930
G1 X324.2582 Y198.2610
G1 X324.6892 Y198.8027
G1 X325.1106 Y199.3518
G1 X325.5223 Y199.9082
G1 X325.9242 Y200.4718
G1 X325.9497 Y200.4653
G1 X392.4109 Y158.9357
G1 X392.5064 Y158.8804
G1 X392.6054 Y158.8316
G1 X392.7074 Y158.7895
G1 X392.8121 Y158.7543
G1 X392.9188 Y158.7262
G1 X393.0272 Y158.7053
G1 X393.1367 Y158.6917
G1 X393.2469 Y158.6855
G1 X393.3573 Y158.6866
G1 X393.4673 Y158.6951
G1 X393.5765 Y158.7109
G1 X393.6845 Y158.7340
G1 X393.7906 Y158.7643
G1 X393.8945 Y158.8016
G1 X393.9956 Y158.8458
G1 X394.0936 Y158.8966
G1 X394.1880 Y158.9538
G1 X394.2783 Y159.0173
G1 X394.3642 Y159.0866
G1 X394.4452 Y159.1615
G1 X394.5211 Y159.2417
G1 X394.5914 Y159.3268
G1 X394.6559 Y159.4163
G1 X394.7142 Y159.5100
G1 X398.5532 Y166.1593
G1 X398.6051 Y166.2566
G1 X398.6505 Y166.3573
G1 X398.6890 Y166.4607
G1 X398.7205 Y166.5665
G1 X398.7448 Y166.6741
G1 X398.7619 Y166.7832
G1 X398.7717 Y166.8931
G1 X398.7741 Y167.0035
G1 X398.7691 Y167.1137
G1 X398.7568 Y167.2234
G1 X398.7372 Y167.3320
G1 X398.7103 Y167.4391
G1 X398.6764 Y167.5441
G1 X398.6355 Y167.6466
G1 X398.5878 Y167.7461
G1 X398.5336 Y167.8423
G1 X398.4731 Y167.9346
G1 X398.4065 Y168.0226
G1 X398.3342 Y168.1060
G1 X398.2565 Y168.1844
G1 X398.1738 Y168.2574
G1 X398.0863 Y168.3248
G1 X397.9945 Y168.3861
G1 X397.8989 Y168.4411
G1 X328.7025 Y205.2335
G1 X328.9787 Y205.8682
G1 X329.2436 Y206.5076
G1 X329.4972 Y207.1517
G1 X329.7395 Y207.8000
G1 X329.7658 Y207.8004
G1 X366.4589 Y196.5822
G1 X366.5655 Y196.5535
G1 X366.6737 Y196.5320
G1 X366.7832 Y196.5177
G1 X366.8933 Y196.5108
G1 X367.0037 Y196.5113
G1 X367.1138 Y196.5192
G1 X367.2231 Y196.5344
G1 X367.3312 Y196.5568
G1 X367.4375 Y196.5865
G1 X367.5416 Y196.6232
G1 X367.6430 Y196.6667
G1 X367.7413 Y196.7170
G1 X367.8360 Y196.7737
G1 X367.9266 Y196.8366
G1 X368.0129 Y196.9054
G1 X368.0944 Y196.9799
G1 X368.1707 Y197.0596
G1 X368.2416 Y197.1443
G1 X368.3066 Y197.2335
G1 X368.3655 Y197.3268
G1 X368.4180 Y197.4239
G1 X368.4639 Y197.5243
G1 X368.5030 Y197.6275
G1 X368.5351 Y197.7331
G1 X369.7997 Y202.4525
G1 X369.8247 Y202.5600
G1 X369.8424 Y202.6690
G1 X369.8528 Y202.7788
G1 X369.8559 Y202.8892
G1 X369.8515 Y202.9994
G1 X369.8398 Y203.1092
G1 X369.8208 Y203.2179
G1 X369.7946 Y203.3251
G1 X369.7613 Y203.4303
G1 X369.7210 Y203.5331
G1 X369.6739 Y203.6329
G1 X369.6202 Y203.7294
G1 X369.5603 Y203.8220
G1 X369.4942 Y203.9105
G1 X369.4224 Y203.9943
G1 X369.3452 Y204.0731
G1 X369.2628 Y204.1466
G1 X369.1758 Y204.2144
G1 X369.0843 Y204.2763
G1 X368.9890 Y204.3319
G1 X368.8901 Y204.3810
G1 X368.7882 Y204.4234
G1 X368.6837 Y204.4589
G1 X368.5771 Y204.4873
G1 X331.1903 Y213.1187
G1 X331.1687 Y213.1327
G1 X331.1862 Y213.1372
G1 X467.7108
G1 X535.2590 Y96.1403
G1 X535.5338 Y95.6331
G1 X535.7786 Y95.1108
G1 X535.9925 Y94.5750
G1 X536.1749 Y94.0277
G1 X536.3251 Y93.4707
G1 X536.4426 Y92.9059
G1 X536.5269 Y92.3353
G1 X536.5779 Y91.7606
G1 X536.5953 Y91.1840
G1 X536.5791 Y90.6074
G1 X536.5293 Y90.0326
G1 X536.4461 Y89.4618
G1 X536.3299 Y88.8967
G1 X536.1808 Y88.3394
G1 X535.9996 Y87.7918
G1 X535.7868 Y87.2556
G1 X535.5431 Y86.7327
G1 X535.2693 Y86.2249
G1 X534.9664 Y85.7339
G1 X534.6355 Y85.2614
G1 X534.2775 Y84.8090
G1 X533.8938 Y84.3782
G1 X533.4857 Y83.9705
G1 X533.0545 Y83.5873
G1 X532.6017 Y83.2298
G1 X532.1289 Y82.8994
G1 X531.6376 Y82.5970
G1 X531.1295 Y82.3238
G1 X530.6064 Y82.0806
G1 X530.0700 Y81.8683
G1 X529.5221 Y81.6877
G1 X528.9647 Y81.5392
G1 X528.3995 Y81.4235
G1 X527.8286 Y81.3409
G1 X527.2538 Y81.2917
G1 X526.6771 Y81.2761
G1 X73.3229
G1 X72.7600 Y81.2911
G1 X72.1988 Y81.3380
G1 X71.6413 Y81.4167
G1 X71.0891 Y81.5270
G1 X70.5441 Y81.6685
G1 X70.0080 Y81.8407
G1 X69.4826 Y82.0432
G1 X68.9695 Y82.2752
G1 X68.4704 Y82.5359
G1 X67.9870 Y82.8247
G1 X67.5208 Y83.1404
G1 X67.0732 Y83.4822
G1 X67.1771 Y83.6104
G0 Z0.0000 F480
G0 Z-5.0000


(No. 4: Drill 2)
G0 X558.3494 Y72.8996 Z-5.0000 F2100
G0 Z-0.5000 F480
G1 Z2.0000 F180
G0 Z-0.5000 F480
G0 Z1.5000
G1 Z4.0000 F180
G0 Z-0.5000 F480
G0 Z3.5000
G1 Z6.0000 F180
G0 Z-0.5000 F480
G0 Z5.5000
G1 Z8.0000 F180
G0 Z-5.0000 F480


(No. 5: Drill 1)
G0 X300.0000 Y520.3739 Z-5.0000 F2100
G0 Z-0.5000 F480
G1 Z2.0000 F180
G0 Z-0.5000 F480
G0 Z1.5000
G1 Z4.0000 F180
G0 Z-0.5000 F480
G0 Z3.5000
G1 Z6.0000 F180
G0 Z-0.5000 F480
G0 Z5.5000
G1 Z8.0000 F180
G0 Z-5.0000 F480


(No. 6: Part 1)
G0 X41.3854 Y112.6173 Z-5.0000 F2100
G0 Z-0.5000 F480
G1 Z0.0000 F180
G1 Z2.0000
G1 X18.4163 Y72.8336 F900
G1 X18.0841 Y72.2193
G1 X17.7844 Y71.5884
G1 X17.5181 Y70.9428
G1 X17.2859 Y70.2842
G1 X17.0884 Y69.6143
G1 X16.9262 Y68.9350
G1 X16.7997 Y68.2481
G1 X16.7093 Y67.5556
G1 X16.6552 Y66.8593
G1 X16.6375 Y66.1612
G1 X16.6564 Y65.4630
G1 X16.7117 Y64.7669
G1 X16.8033 Y64.0745
G1 X16.9309 Y63.3879
G1 X17.0943 Y62.7089
G1 X17.2929 Y62.0393
G1 X17.5262 Y61.3811
G1 X17.7936 Y60.7359
G1 X18.0944 Y60.1056
G1 X18.4276 Y59.4918
G1 X18.7925 Y58.8963
G1 X19.1880 Y58.3207
G1 X19.6130 Y57.7666
G1 X20.0664 Y57.2354
G1 X20.5470 Y56.7286
G1 X21.0534 Y56.2476
G1 X21.5842 Y55.7938
G1 X22.1380 Y55.3683
G1 X22.7132 Y54.9723
G1 X23.3084 Y54.6069
G1 X23.9219 Y54.2731
G1 X24.5519 Y53.9718
G1 X25.1969 Y53.7039
G1 X25.8549 Y53.4700
G1 X26.5243 Y53.2708
G1 X27.2032 Y53.1069
G1 X27.8897 Y52.9787
G1 X28.5820 Y52.8865
G1 X29.2781 Y52.8306
G1 X29.9762 Y52.8111
G1 X69.2831
G0 Z0.0000 F480
G1 X74.2331 F900
G1 Z2.0000 F180
G1 X299.6957 F900
G0 Z0.0000 F480
G1 X304.6457 F900
G1 Z2.0000 F180
G1 X519.6350 F900
G0 Z0.0000 F480
G1 X524.5850 F900
G1 Z2.0000 F180
G1 X570.0238 F900
G1 X570.7219 Y52.8306
G1 X571.4180 Y52.8865
G1 X572.1103 Y52.9787
G1 X572.7968 Y53.1069
G1 X573.4757 Y53.2708
G1 X574.1451 Y53.4700
G1 X574.8031 Y53.7039
G1 X575.4481 Y53.9718
G1 X576.0781 Y54.2731
G1 X576.6916 Y54.6069
G1 X577.2868 Y54.9723
G1 X577.8620 Y55.3683
G1 X578.4158 Y55.7938
G1 X578.9466 Y56.2476
G1 X579.4530 Y56.7286
G1 X579.9336 Y57.2354
G1 X580.3870 Y57.7666
G1 X580.8120 Y58.3207
G1 X581.2075 Y58.8963
G1 X581.5724 Y59.4918
G1 X581.9056 Y60.1056
G1 X582.2064 Y60.7359
G1 X582.4738 Y61.3811
G1 X582.7071 Y62.0393
G1 X582.9057 Y62.7089
G1 X583.0691 Y63.3879
G1 X583.1967 Y64.0745
G1 X583.2883 Y64.7669
G1 X583.3436 Y65.4630
G1 X583.3625 Y66.1612
G1 X583.3448 Y66.8593
G1 X583.2907 Y67.5556
G1 X583.2003 Y68.2481
G1 X583.0738 Y68.9350
G1 X582.9116 Y69.6143
G1 X582.7141 Y70.2842
G1 X582.4819 Y70.9428
G1 X582.2156 Y71.5884
G1 X581.9159 Y72.2193
G1 X581.5837 Y72.8336
G1 X557.4449 Y114.6432
G0 Z0.0000 F480
G1 X554.9699 Y118.9301 F900
G1 Z2.0000 F180
G1 X449.2582 Y302.0280 F900
G0 Z0.0000 F480
G1 X446.7832 Y306.3148 F900
G1 Z2.0000 F180
G1 X334.9033 Y500.0966 F900
G0 Z0.0000 F480
G1 X332.4283 Y504.3834 F900
G1 Z2.0000 F180
G1 X311.5600 Y540.5284 F900
G1 X311.1941 Y541.1233
G1 X310.7976 Y541.6982
G1 X310.3716 Y542.2517
G1 X309.9173 Y542.7821
G1 X309.4359 Y543.2881
G1 X308.9287 Y543.7682
G1 X308.3971 Y544.2211
G1 X307.8426 Y544.6457
G1 X307.2667 Y545.0407
G1 X306.6709 Y545.4051
G1 X306.0568 Y545.7378
G1 X305.4263 Y546.0380
G1 X304.7809 Y546.3049
G1 X304.1224 Y546.5376
G1 X303.4527 Y546.7357
G1 X302.7736 Y546.8985
G1 X302.0868 Y547.0255
G1 X301.3944 Y547.1165
G1 X300.6981 Y547.1712
G1 X300.0000 Y547.1895
G1 X299.3019 Y547.1712
G1 X298.6056 Y547.1165
G1 X297.9132 Y547.0255
G1 X297.2264 Y546.8985
G1 X296.5473 Y546.7357
G1 X295.8776 Y546.5376
G1 X295.2191 Y546.3049
G1 X294.5737 Y546.0380
G1 X293.9432 Y545.7378
G1 X293.3291 Y545.4051
G1 X292.7333 Y545.0407
G1 X292.1574 Y544.6457
G1 X291.6029 Y544.2211
G1 X291.0713 Y543.7682
G1 X290.5641 Y543.2881
G1 X290.0827 Y542.7821
G1 X289.6284 Y542.2517
G1 X289.2024 Y541.6982
G1 X288.8059 Y541.1233
G1 X288.4400 Y540.5284
G1 X267.4486 Y504.1701
G0 Z0.0000 F480
G1 X264.9736 Y499.8833 F900
G1 Z2.0000 F180
G1 X153.5899 Y306.9612 F900
G0 Z0.0000 F480
G1 X151.1149 Y302.6744 F900
G1 Z2.0000 F180
G1 X43.8604 Y116.9041 F900
G0 Z0.0000 F480
G1 X41.3854 Y112.6173 F900
G0 Z1.5000 F480
G1 Z2.0000 F180
G1 Z4.0000
G1 X18.4163 Y72.8336 F900
G1 X18.0841 Y72.2193
G1 X17.7844 Y71.5884
G1 X17.5181 Y70.9428
G1 X17.2859 Y70.2842
G1 X17.0884 Y69.6143
G1 X16.9262 Y68.9350
G1 X16.7997 Y68.2481
G1 X16.7093 Y67.5556
G1 X16.6552 Y66.8593
G1 X16.6375 Y66.1612
G1 X16.6564 Y65.4630
G1 X16.7117 Y64.7669
G1 X16.8033 Y64.0745
G1 X16.9309 Y63.3879
G1 X17.0943 Y62.7089
G1 X17.2929 Y62.0393
G1 X17.5262 Y61.3811
G1 X17.7936 Y60.7359
G1 X18.0944 Y60.1056
G1 X18.4276 Y59.4918
G1 X18.7925 Y58.8963
G1 X19.1880 Y58.3207
G1 X19.6130 Y57.7666
G1 X20.0664 Y57.2354
G1 X20.5470 Y56.7286
G1 X21.0534 Y56.2476
G1 X21.5842 Y55.7938
G1 X22.1380 Y55.3683
G1 X22.7132 Y54.9723
G1 X23.3084 Y54.6069
G1 X23.9219 Y54.2731
G1 X24.5519 Y53.9718
G1 X25.1969 Y53.7039
G1 X25.8549 Y53.4700
G1 X26.5243 Y53.2708
G1 X27.2032 Y53.1069
G1 X27.8897 Y52.9787
G1 X28.5820 Y52.8865
G1 X29.2781 Y52.8306
G1 X29.9762 Y52.8111
G1 X69.2831
G0 Z0.0000 F480
G1 X74.2331 F900
G0 Z1.5000 F480
G1 Z2.0000 F180
G1 Z4.0000
G1 X299.6957 F900
G0 Z0.0000 F480
G1 X304.6457 F900
G0 Z1.5000 F480
G1 Z2.0000 F180
G1 Z4.0000
G1 X519.6350 F900
G0 Z0.0000 F480
G1 X524.5850 F900
G0 Z1.5000 F480
G1 Z2.0000 F180
G1 Z4.0000
G1 X570.0238 F900
G1 X570.7219 Y52.8306
G1 X571.4180 Y52.8865
G1 X572.1103 Y52.9787
G1 X572.7968 Y53.1069
G1 X573.4757 Y53.2708
G1 X574.1451 Y53.4700
G1 X574.8031 Y53.7039
G1 X575.4481 Y53.9718
G1 X576.0781 Y54.2731
G1 X576.6916 Y54.6069
G1 X577.2868 Y54.9723
G1 X577.8620 Y55.3683
G1 X578.4158 Y55.7938
G1 X578.9466 Y56.2476
G1 X579.4530 Y56.7286
G1 X579.9336 Y57.2354
G1 X580.3870 Y57.7666
G1 X580.8120 Y58.3207
G1 X581.2075 Y58.8963
G1 X581.5724 Y59.4918
G1 X581.9056 Y60.1056
G1 X582.2064 Y60.7359
G1 X582.4738 Y61.3811
G1 X582.7071 Y62.0393
G1 X582.9057 Y62.7089
G1 X583.0691 Y63.3879
G1 X583.1967 Y64.0745
G1 X583.2883 Y64.7669
G1 X583.3436 Y65.4630
G1 X583.3625 Y66.1612
G1 X583.3448 Y66.8593
G1 X583.2907 Y67.5556
G1 X583.2003 Y68.2481
G1 X583.0738 Y68.9350
G1 X582.9116 Y69.6143
G1 X582.7141 Y70.2842
G1 X582.4819 Y70.9428
G1 X582.2156 Y71.5884
G1 X581.9159 Y72.2193
G1 X581.5837 Y72.8336
G1 X557.4449 Y114.6432
G0 Z0.0000 F480
G1 X554.9699 Y118.9301 F900
G0 Z1.5000 F480
G1 Z2.0000 F180
G1 Z4.0000
G1 X449.2582 Y302.0280 F900
G0 Z0.0000 F480
G1 X446.7832 Y306.3148 F900
G0 Z1.5000 F480
G1 Z2.0000 F180
G1 Z4.0000
G1 X334.9033 Y500.0966 F900
G0 Z0.0000 F480
G1 X332.4283 Y504.3834 F900
G0 Z1.5000 F480
G1 Z2.0000 F180
G1 Z4.0000
G1 X311.5600 Y540.5284 F900
G1 X311.1941 Y541.1233
G1 X310.7976 Y541.6982
G1 X310.3716 Y542.2517
G1 X309.9173 Y542.7821
G1 X309.4359 Y543.2881
G1 X308.9287 Y543.7682
G1 X308.3971 Y544.2211
G1 X307.8426 Y544.6457
G1 X307.2667 Y545.0407
G1 X306.6709 Y545.4051
G1 X306.0568 Y545.7378
G1 X305.4263 Y546.0380
G1 X304.7809 Y546.3049
G1 X304.1224 Y546.5376
G1 X303.4527 Y546.7357
G1 X302.7736 Y546.8985
G1 X302.0868 Y547.0255
G1 X301.3944 Y547.1165
G1 X300.6981 Y547.1712
G1 X300.0000 Y547.1895
G1 X299.3019 Y547.1712
G1 X298.6056 Y547.1165
G1 X297.9132 Y547.0255
G1 X297.2264 Y546.8985
G1 X296.5473 Y546.7357
G1 X295.8776 Y546.5376
G1 X295.2191 Y546.3049
G1 X294.5737 Y546.0380
G1 X293.9432 Y545.7378
G1 X293.3291 Y545.4051
G1 X292.7333 Y545.0407
G1 X292.1574 Y544.6457
G1 X291.6029 Y544.2211
G1 X291.0713 Y543.7682
G1 X290.5641 Y543.2881
G1 X290.0827 Y542.7821
G1 X289.6284 Y542.2517
G1 X289.2024 Y541.6982
G1 X288.8059 Y541.1233
G1 X288.4400 Y540.5284
G1 X267.4486 Y504.1701
G0 Z0.0000 F480
G1 X264.9736 Y499.8833 F900
G0 Z1.5000 F480
G1 Z2.0000 F180
G1 Z4.0000
G1 X153.5899 Y306.9612 F900
G0 Z0.0000 F480
G1 X151.1149 Y302.6744 F900
G0 Z1.5000 F480
G1 Z2.0000 F180
G1 Z4.0000
G1 X43.8604 Y116.9041 F900
G0 Z0.0000 F480
G1 X41.3854 Y112.6173 F900
G0 Z3.5000 F480
G1 Z4.0000 F180
G1 Z6.0000
G1 X18.4163 Y72.8336 F900
G1 X18.0841 Y72.2193
G1 X17.7844 Y71.5884
G1 X17.5181 Y70.9428
G1 X17.2859 Y70.2842
G1 X17.0884 Y69.6143
G1 X16.9262 Y68.9350
G1 X16.7997 Y68.2481
G1 X16.7093 Y67.5556
G1 X16.6552 Y66.8593
G1 X16.6375 Y66.1612
G1 X16.6564 Y65.4630
G1 X16.7117 Y64.7669
G1 X16.8033 Y64.0745
G1 X16.9309 Y63.3879
G1 X17.0943 Y62.7089
G1 X17.2929 Y62.0393
G1 X17.5262 Y61.3811
G1 X17.7936 Y60.7359
G1 X18.0944 Y60.1056
G1 X18.4276 Y59.4918
G1 X18.7925 Y58.8963
G1 X19.1880 Y58.3207
G1 X19.6130 Y57.7666
G1 X20.0664 Y57.2354
G1 X20.5470 Y56.7286
G1 X21.0534 Y56.2476
G1 X21.5842 Y55.7938
G1 X22.1380 Y55.3683
G1 X22.7132 Y54.9723
G1 X23.3084 Y54.6069
G1 X23.9219 Y54.2731
G1 X24.5519 Y53.9718
G1 X25.1969 Y53.7039
G1 X25.8549 Y53.4700
G1 X26.5243 Y53.2708
G1 X27.2032 Y53.1069
G1 X27.8897 Y52.9787
G1 X28.5820 Y52.8865
G1 X29.2781 Y52.8306
G1 X29.9762 Y52.8111
G1 X69.2831
G0 Z0.0000 F480
G1 X74.2331 F900
G0 Z3.5000 F480
G1 Z4.0000 F180
G1 Z6.0000
G1 X299.6957 F900
G0 Z0.0000 F480
G1 X304.6457 F900
G0 Z3.5000 F480
G1 Z4.0000 F180
G1 Z6.0000
G1 X519.6350 F900
G0 Z0.0000 F480
G1 X524.5850 F900
G0 Z3.5000 F480
G1 Z4.0000 F180
G1 Z6.0000
G1 X570.0238 F900
G1 X570.7219 Y52.8306
G1 X571.4180 Y52.8865
G1 X572.1103 Y52.9787
G1 X572.7968 Y53.1069
G1 X573.4757 Y53.2708
G1 X574.1451 Y53.4700
G1 X574.8031 Y53.7039
G1 X575.4481 Y53.9718
G1 X576.0781 Y54.2731
G1 X576.6916 Y54.6069
G1 X577.2868 Y54.9723
G1 X577.8620 Y55.3683
G1 X578.4158 Y55.7938
G1 X578.9466 Y56.2476
G1 X579.4530 Y56.7286
G1 X579.9336 Y57.2354
G1 X580.3870 Y57.7666
G1 X580.8120 Y58.3207
G1 X581.2075 Y58.8963
G1 X581.5724 Y59.4918
G1 X581.9056 Y60.1056
G1 X582.2064 Y60.7359
G1 X582.4738 Y61.3811
G1 X582.7071 Y62.0393
G1 X582.9057 Y62.7089
G1 X583.0691 Y63.3879
G1 X583.1967 Y64.0745
G1 X583.2883 Y64.7669
G1 X583.3436 Y65.4630
G1 X583.3625 Y66.1612
G1 X583.3448 Y66.8593
G1 X583.2907 Y67.5556
G1 X583.2003 Y68.2481
G1 X583.0738 Y68.9350
G1 X582.9116 Y69.6143
G1 X582.7141 Y70.2842
G1 X582.4819 Y70.9428
G1 X582.2156 Y71.5884
G1 X581.9159 Y72.2193
G1 X581.5837 Y72.8336
G1 X557.4449 Y114.6432
G0 Z0.0000 F480
G1 X554.9699 Y118.9301 F900
G0 Z3.5000 F480
G1 Z4.0000 F180
G1 Z6.0000
G1 X449.2582 Y302.0280 F900
G0 Z0.0000 F480
G1 X446.7832 Y306.3148 F900
G0 Z3.5000 F480
G1 Z4.0000 F180
G1 Z6.0000
G1 X334.9033 Y500.0966 F900
G0 Z0.0000 F480
G1 X332.4283 Y504.3834 F900
G0 Z3.5000 F480
G1 Z4.0000 F180
G1 Z6.0000
G1 X311.5600 Y540.5284 F900
G1 X311.1941 Y541.1233
G1 X310.7976 Y541.6982
G1 X310.3716 Y542.2517
G1 X309.9173 Y542.7821
G1 X309.4359 Y543.2881
G1 X308.9287 Y543.7682
G1 X308.3971 Y544.2211
G1 X307.8426 Y544.6457
G1 X307.2667 Y545.0407
G1 X306.6709 Y545.4051
G1 X306.0568 Y545.7378
G1 X305.4263 Y546.0380
G1 X304.7809 Y546.3049
G1 X304.1224 Y546.5376
G1 X303.4527 Y546.7357
G1 X302.7736 Y546.8985
G1 X302.0868 Y547.0255
G1 X301.3944 Y547.1165
G1 X300.6981 Y547.1712
G1 X300.0000 Y547.1895
G1 X299.3019 Y547.1712
G1 X298.6056 Y547.1165
G1 X297.9132 Y547.0255
G1 X297.2264 Y546.8985
G1 X296.5473 Y546.7357
G1 X295.8776 Y546.5376
G1 X295.2191 Y546.3049
G1 X294.5737 Y546.0380
G1 X293.9432 Y545.7378
G1 X293.3291 Y545.4051
G1 X292.7333 Y545.0407
G1 X292.1574 Y544.6457
G1 X291.6029 Y544.2211
G1 X291.0713 Y543.7682
G1 X290.5641 Y543.2881
G1 X290.0827 Y542.7821
G1 X289.6284 Y542.2517
G1 X289.2024 Y541.6982
G1 X288.8059 Y541.1233
G1 X288.4400 Y540.5284
G1 X267.4486 Y504.1701
G0 Z0.0000 F480
G1 X264.9736 Y499.8833 F900
G0 Z3.5000 F480
G1 Z4.0000 F180
G1 Z6.0000
G1 X153.5899 Y306.9612 F900
G0 Z0.0000 F480
G1 X151.1149 Y302.6744 F900
G0 Z3.5000 F480
G1 Z4.0000 F180
G1 Z6.0000
G1 X43.8604 Y116.9041 F900
G0 Z0.0000 F480
G1 X41.3854 Y112.6173 F900
G0 Z5.5000 F480
G1 Z6.0000 F180
G1 Z8.0000
G1 X18.4163 Y72.8336 F900
G1 X18.0841 Y72.2193
G1 X17.7844 Y71.5884
G1 X17.5181 Y70.9428
G1 X17.2859 Y70.2842
G1 X17.0884 Y69.6143
G1 X16.9262 Y68.9350
G1 X16.7997 Y68.2481
G1 X16.7093 Y67.5556
G1 X16.6552 Y66.8593
G1 X16.6375 Y66.1612
G1 X16.6564 Y65.4630
G1 X16.7117 Y64.7669
G1 X16.8033 Y64.0745
G1 X16.9309 Y63.3879
G1 X17.0943 Y62.7089
G1 X17.2929 Y62.0393
G1 X17.5262 Y61.3811
G1 X17.7936 Y60.7359
G1 X18.0944 Y60.1056
G1 X18.4276 Y59.4918
G1 X18.7925 Y58.8963
G1 X19.1880 Y58.3207
G1 X19.6130 Y57.7666
G1 X20.0664 Y57.2354
G1 X20.5470 Y56.7286
G1 X21.0534 Y56.2476
G1 X21.5842 Y55.7938
G1 X22.1380 Y55.3683
G1 X22.7132 Y54.9723
G1 X23.3084 Y54.6069
G1 X23.9219 Y54.2731
G1 X24.5519 Y53.9718
G1 X25.1969 Y53.7039
G1 X25.8549 Y53.4700
G1 X26.5243 Y53.2708
G1 X27.2032 Y53.1069
G1 X27.8897 Y52.9787
G1 X28.5820 Y52.8865
G1 X29.2781 Y52.8306
G1 X29.9762 Y52.8111
G1 X69.2831
G0 Z0.0000 F480
G1 X74.2331 F900
G0 Z5.5000 F480
G1 Z6.0000 F180
G1 Z8.0000
G1 X299.6957 F900
G0 Z0.0000 F480
G1 X304.6457 F900
G0 Z5.5000 F480
G1 Z6.0000 F180
G1 Z8.0000
G1 X519.6350 F900
G0 Z0.0000 F480
G1 X524.5850 F900
G0 Z5.5000 F480
G1 Z6.0000 F180
G1 Z8.0000
G1 X570.0238 F900
G1 X570.7219 Y52.8306
G1 X571.4180 Y52.8865
G1 X572.1103 Y52.9787
G1 X572.7968 Y53.1069
G1 X573.4757 Y53.2708
G1 X574.1451 Y53.4700
G1 X574.8031 Y53.7039
G1 X575.4481 Y53.9718
G1 X576.0781 Y54.2731
G1 X576.6916 Y54.6069
G1 X577.2868 Y54.9723
G1 X577.8620 Y55.3683
G1 X578.4158 Y55.7938
G1 X578.9466 Y56.2476
G1 X579.4530 Y56.7286
G1 X579.9336 Y57.2354
G1 X580.3870 Y57.7666
G1 X580.8120 Y58.3207
G1 X581.2075 Y58.8963
G1 X581.5724 Y59.4918
G1 X581.9056 Y60.1056
G1 X582.2064 Y60.7359
G1 X582.4738 Y61.3811
G1 X582.7071 Y62.0393
G1 X582.9057 Y62.7089
G1 X583.0691 Y63.3879
G1 X583.1967 Y64.0745
G1 X583.2883 Y64.7669
G1 X583.3436 Y65.4630
G1 X583.3625 Y66.1612
G1 X583.3448 Y66.8593
G1 X583.2907 Y67.5556
G1 X583.2003 Y68.2481
G1 X583.0738 Y68.9350
G1 X582.9116 Y69.6143
G1 X582.7141 Y70.2842
G1 X582.4819 Y70.9428
G1 X582.2156 Y71.5884
G1 X581.9159 Y72.2193
G1 X581.5837 Y72.8336
G1 X557.4449 Y114.6432
G0 Z0.0000 F480
G1 X554.9699 Y118.9301 F900
G0 Z5.5000 F480
G1 Z6.0000 F180
G1 Z8.0000
G1 X449.2582 Y302.0280 F900
G0 Z0.0000 F480
G1 X446.7832 Y306.3148 F900
G0 Z5.5000 F480
G1 Z6.0000 F180
G1 Z8.0000
G1 X334.9033 Y500.0966 F900
G0 Z0.0000 F480
G1 X332.4283 Y504.3834 F900
G0 Z5.5000 F480
G1 Z6.0000 F180
G1 Z8.0000
G1 X311.5600 Y540.5284 F900
G1 X311.1941 Y541.1233
G1 X310.7976 Y541.6982
G1 X310.3716 Y542.2517
G1 X309.9173 Y542.7821
G1 X309.4359 Y543.2881
G1 X308.9287 Y543.7682
G1 X308.3971 Y544.2211
G1 X307.8426 Y544.6457
G1 X307.2667 Y545.0407
G1 X306.6709 Y545.4051
G1 X306.0568 Y545.7378
G1 X305.4263 Y546.0380
G1 X304.7809 Y546.3049
G1 X304.1224 Y546.5376
G1 X303.4527 Y546.7357
G1 X302.7736 Y546.8985
G1 X302.0868 Y547.0255
G1 X301.3944 Y547.1165
G1 X300.6981 Y547.1712
G1 X300.0000 Y547.1895
G1 X299.3019 Y547.1712
G1 X298.6056 Y547.1165
G1 X297.9132 Y547.0255
G1 X297.2264 Y546.8985
G1 X296.5473 Y546.7357
G1 X295.8776 Y546.5376
G1 X295.2191 Y546.3049
G1 X294.5737 Y546.0380
G1 X293.9432 Y545.7378
G1 X293.3291 Y545.4051
G1 X292.7333 Y545.0407
G1 X292.1574 Y544.6457
G1 X291.6029 Y544.2211
G1 X291.0713 Y543.7682
G1 X290.5641 Y543.2881
G1 X290.0827 Y542.7821
G1 X289.6284 Y542.2517
G1 X289.2024 Y541.6982
G1 X288.8059 Y541.1233
G1 X288.4400 Y540.5284
G1 X267.4486 Y504.1701
G0 Z0.0000 F480
G1 X264.9736 Y499.8833 F900
G0 Z5.5000 F480
G1 Z6.0000 F180
G1 Z8.0000
G1 X153.5899 Y306.9612 F900
G0 Z0.0000 F480
G1 X151.1149 Y302.6744 F900
G0 Z5.5000 F480
G1 Z6.0000 F180
G1 Z8.0000
G1 X43.8604 Y116.9041 F900
G0 Z0.0000 F480
G1 X41.3854 Y112.6173 F900
G0 Z-5.0000 F480


(No. 7: Part 1)
G0 X41.3854 Y112.6173 Z-5.0000 F2100
G0 Z-0.5000 F480
G1 Z7.0000 F180
G1 X41.5282 Y112.5346 F900
G1 X18.5603 Y72.7529
G1 X18.2320 Y72.1462
G1 X17.9359 Y71.5231
G1 X17.6728 Y70.8854
G1 X17.4434 Y70.2348
G1 X17.2482 Y69.5731
G1 X17.0880 Y68.9022
G1 X16.9630 Y68.2237
G1 X16.8736 Y67.5397
G1 X16.8201 Y66.8519
G1 X16.8026 Y66.1623
G1 X16.8212 Y65.4727
G1 X16.8757 Y64.7850
G1 X16.9662 Y64.1011
G1 X17.0922 Y63.4228
G1 X17.2536 Y62.7521
G1 X17.4497 Y62.0907
G1 X17.6802 Y61.4405
G1 X17.9443 Y60.8032
G1 X18.2414 Y60.1806
G1 X18.5706 Y59.5744
G1 X18.9310 Y58.9861
G1 X19.3217 Y58.4176
G1 X19.7415 Y57.8702
G1 X20.1894 Y57.3455
G1 X20.6641 Y56.8449
G1 X21.1643 Y56.3698
G1 X21.6886 Y55.9216
G1 X22.2357 Y55.5013
G1 X22.8039 Y55.1102
G1 X23.3919 Y54.7493
G1 X23.9979 Y54.4196
G1 X24.6202 Y54.1221
G1 X25.2573 Y53.8574
G1 X25.9074 Y53.6265
G1 X26.5686 Y53.4298
G1 X27.2392 Y53.2679
G1 X27.9173 Y53.1413
G1 X28.6012 Y53.0504
G1 X29.2888 Y52.9952
G1 X29.9784 Y52.9761
G1 X69.2828
G1 X69.2831 Y52.8111
G0 Z0.0000 F480
G1 X69.2828 Y52.9761 F900
G1 X74.2328
G1 X74.2331 Y52.8111
G1 Z7.0000 F180
G1 X74.2328 Y52.9761 F900
G1 X299.6957
G1 Y52.8111
G0 Z0.0000 F480
G1 Y52.9761 F900
G1 X304.6457
G1 Y52.8111
G1 Z7.0000 F180
G1 Y52.9761 F900
G1 X519.6352
G1 X519.6350 Y52.8111
G0 Z0.0000 F480
G1 X519.6352 Y52.9761 F900
G1 X524.5852
G1 X524.5850 Y52.8111
G1 Z7.0000 F180
G1 X524.5852 Y52.9761 F900
G1 X570.0216
G1 X570.7112 Y52.9952
G1 X571.3988 Y53.0504
G1 X572.0827 Y53.1413
G1 X572.7608 Y53.2679
G1 X573.4314 Y53.4298
G1 X574.0926 Y53.6265
G1 X574.7427 Y53.8574
G1 X575.3798 Y54.1221
G1 X576.0021 Y54.4196
G1 X576.6081 Y54.7493
G1 X577.1961 Y55.1102
G1 X577.7643 Y55.5013
G1 X578.3114 Y55.9216
G1 X578.8357 Y56.3698
G1 X579.3359 Y56.8449
G1 X579.8106 Y57.3455
G1 X580.2585 Y57.8702
G1 X580.6783 Y58.4176
G1 X581.0690 Y58.9861
G1 X581.4294 Y59.5744
G1 X581.7586 Y60.1806
G1 X582.0557 Y60.8032
G1 X582.3198 Y61.4405
G1 X582.5503 Y62.0907
G1 X582.7464 Y62.7521
G1 X582.9078 Y63.4228
G1 X583.0338 Y64.1011
G1 X583.1243 Y64.7850
G1 X583.1788 Y65.4727
G1 X583.1974 Y66.1623
G1 X583.1799 Y66.8519
G1 X583.1264 Y67.5397
G1 X583.0370 Y68.2237
G1 X582.9120 Y68.9022
G1 X582.7518 Y69.5731
G1 X582.5566 Y70.2348
G1 X582.3272 Y70.8854
G1 X582.0641 Y71.5231
G1 X581.7680 Y72.1462
G1 X581.4397 Y72.7529
G1 X557.3021 Y114.5605
G1 X557.4449 Y114.6432
G0 Z0.0000 F480
G1 X557.3021 Y114.5605 F900
G1 X554.8271 Y118.8474
G1 X554.9699 Y118.9301
G1 Z7.0000 F180
G1 X554.8271 Y118.8474 F900
G1 X449.1153 Y301.9455
G1 X449.2582 Y302.0280
G0 Z0.0000 F480
G1 X449.1153 Y301.9455 F900
G1 X446.6403 Y306.2323
G1 X446.7832 Y306.3148
G1 Z7.0000 F180
G1 X446.6403 Y306.2323 F900
G1 X334.7603 Y500.0143
G1 X334.9033 Y500.0966
G0 Z0.0000 F480
G1 X334.7603 Y500.0143 F900
G1 X332.2853 Y504.3011
G1 X332.4283 Y504.3834
G1 Z7.0000 F180
G1 X332.2853 Y504.3011 F900
G1 X311.4181 Y540.4441
G1 X311.0568 Y541.0317
G1 X310.6652 Y541.5997
G1 X310.2445 Y542.1464
G1 X309.7958 Y542.6704
G1 X309.3204 Y543.1702
G1 X308.8194 Y543.6445
G1 X308.2944 Y544.0920
G1 X307.7467 Y544.5114
G1 X307.1778 Y544.9016
G1 X306.5893 Y545.2616
G1 X305.9828 Y545.5903
G1 X305.3599 Y545.8869
G1 X304.7224 Y546.1505
G1 X304.0720 Y546.3805
G1 X303.4105 Y546.5761
G1 X302.7397 Y546.7369
G1 X302.0613 Y546.8624
G1 X301.3774 Y546.9524
G1 X300.6896 Y547.0064
G1 X300.0000 Y547.0244
G1 X299.3104 Y547.0064
G1 X298.6226 Y546.9524
G1 X297.9387 Y546.8624
G1 X297.2603 Y546.7369
G1 X296.5895 Y546.5761
G1 X295.9280 Y546.3805
G1 X295.2776 Y546.1505
G1 X294.6401 Y545.8869
G1 X294.0172 Y545.5903
G1 X293.4107 Y545.2616
G1 X292.8222 Y544.9016
G1 X292.2533 Y544.5114
G1 X291.7056 Y544.0920
G1 X291.1806 Y543.6445
G1 X290.6796 Y543.1702
G1 X290.2042 Y542.6704
G1 X289.7555 Y542.1464
G1 X289.3348 Y541.5997
G1 X288.9432 Y541.0317
G1 X288.5819 Y540.4441
G1 X267.5916 Y504.0879
G1 X267.4486 Y504.1701
G0 Z0.0000 F480
G1 X267.5916 Y504.0879 F900
G1 X265.1166 Y499.8010
G1 X264.9736 Y499.8833
G1 Z7.0000 F180
G1 X265.1166 Y499.8010 F900
G1 X153.7328 Y306.8787
G1 X153.5899 Y306.9612
G0 Z0.0000 F480
G1 X153.7328 Y306.8787 F900
G1 X151.2578 Y302.5919
G1 X151.1149 Y302.6744
G1 Z7.0000 F180
G1 X151.2578 Y302.5919 F900
G1 X44.0032 Y116.8214
G1 X43.8604 Y116.9041
G0 Z0.0000 F480
G1 X44.0032 Y116.8214 F900
G1 X41.5282 Y112.5346
G1 X41.3854 Y112.6173
G1 Z8.0000 F180
G1 X41.5282 Y112.5346 F900
G1 X18.5603 Y72.7529
G1 X18.2320 Y72.1462
G1 X17.9359 Y71.5231
G1 X17.6728 Y70.8854
G1 X17.4434 Y70.2348
G1 X17.2482 Y69.5731
G1 X17.0880 Y68.9022
G1 X16.9630 Y68.2237
G1 X16.8736 Y67.5397
G1 X16.8201 Y66.8519
G1 X16.8026 Y66.1623
G1 X16.8212 Y65.4727
G1 X16.8757 Y64.7850
G1 X16.9662 Y64.1011
G1 X17.0922 Y63.4228
G1 X17.2536 Y62.7521
G1 X17.4497 Y62.0907
G1 X17.6802 Y61.4405
G1 X17.9443 Y60.8032
G1 X18.2414 Y60.1806
G1 X18.5706 Y59.5744
G1 X18.9310 Y58.9861
G1 X19.3217 Y58.4176
G1 X19.7415 Y57.8702
G1 X20.1894 Y57.3455
G1 X20.6641 Y56.8449
G1 X21.1643 Y56.3698
G1 X21.6886 Y55.9216
G1 X22.2357 Y55.5013
G1 X22.8039 Y55.1102
G1 X23.3919 Y54.7493
G1 X23.9979 Y54.4196
G1 X24.6202 Y54.1221
G1 X25.2573 Y53.8574
G1 X25.9074 Y53.6265
G1 X26.5686 Y53.4298
G1 X27.2392 Y53.2679
G1 X27.9173 Y53.1413
G1 X28.6012 Y53.0504
G1 X29.2888 Y52.9952
G1 X29.9784 Y52.9761
G1 X69.2828
G1 X69.2831 Y52.8111
G0 Z0.0000 F480
G1 X74.2331 F900
G1 Z8.0000 F180
G1 X74.2328 Y52.9761 F900
G1 X299.6957
G1 Y52.8111
G0 Z0.0000 F480
G1 X304.6457 F900
G1 Z8.0000 F180
G1 Y52.9761 F900
G1 X519.6352
G1 X519.6350 Y52.8111
G0 Z0.0000 F480
G1 X524.5850 F900
G1 Z8.0000 F180
G1 X524.5852 Y52.9761 F900
G1 X570.0216
G1 X570.7112 Y52.9952
G1 X571.3988 Y53.0504
G1 X572.0827 Y53.1413
G1 X572.7608 Y53.2679
G1 X573.4314 Y53.4298
G1 X574.0926 Y53.6265
G1 X574.7427 Y53.8574
G1 X575.3798 Y54.1221
G1 X576.0021 Y54.4196
G1 X576.6081 Y54.7493
G1 X577.1961 Y55.1102
G1 X577.7643 Y55.5013
G1 X578.3114 Y55.9216
G1 X578.8357 Y56.3698
G1 X579.3359 Y56.8449
G1 X579.8106 Y57.3455
G1 X580.2585 Y57.8702
G1 X580.6783 Y58.4176
G1 X581.0690 Y58.9861
G1 X581.4294 Y59.5744
G1 X581.7586 Y60.1806
G1 X582.0557 Y60.8032
G1 X582.3198 Y61.4405
G1 X582.5503 Y62.0907
G1 X582.7464 Y62.7521
G1 X582.9078 Y63.4228
G1 X583.0338 Y64.1011
G1 X583.1243 Y64.7850
G1 X583.1788 Y65.4727
G1 X583.1974 Y66.1623
G1 X583.1799 Y66.8519
G1 X583.1264 Y67.5397
G1 X583.0370 Y68.2237
G1 X582.9120 Y68.9022
G1 X582.7518 Y69.5731
G1 X582.5566 Y70.2348
G1 X582.3272 Y70.8854
G1 X582.0641 Y71.5231
G1 X581.7680 Y72.1462
G1 X581.4397 Y72.7529
G1 X557.3021 Y114.5605
G1 X557.4449 Y114.6432
G0 Z0.0000 F480
G1 X554.9699 Y118.9301 F900
G1 Z8.0000 F180
G1 X554.8271 Y118.8474 F900
G1 X449.1153 Y301.9455
G1 X449.2582 Y302.0280
G0 Z0.0000 F480
G1 X446.7832 Y306.3148 F900
G1 Z8.0000 F180
G1 X446.6403 Y306.2323 F900
G1 X334.7603 Y500.0143
G1 X334.9033 Y500.0966
G0 Z0.0000 F480
G1 X332.4283 Y504.3834 F900
G1 Z8.0000 F180
G1 X332.2853 Y504.3011 F900
G1 X311.4181 Y540.4441
G1 X311.0568 Y541.0317
G1 X310.6652 Y541.5997
G1 X310.2445 Y542.1464
G1 X309.7958 Y542.6704
G1 X309.3204 Y543.1702
G1 X308.8194 Y543.6445
G1 X308.2944 Y544.0920
G1 X307.7467 Y544.5114
G1 X307.1778 Y544.9016
G1 X306.5893 Y545.2616
G1 X305.9828 Y545.5903
G1 X305.3599 Y545.8869
G1 X304.7224 Y546.1505
G1 X304.0720 Y546.3805
G1 X303.4105 Y546.5761
G1 X302.7397 Y546.7369
G1 X302.0613 Y546.8624
G1 X301.3774 Y546.9524
G1 X300.6896 Y547.0064
G1 X300.0000 Y547.0244
G1 X299.3104 Y547.0064
G1 X298.6226 Y546.9524
G1 X297.9387 Y546.8624
G1 X297.2603 Y546.7369
G1 X296.5895 Y546.5761
G1 X295.9280 Y546.3805
G1 X295.2776 Y546.1505
G1 X294.6401 Y545.8869
G1 X294.0172 Y545.5903
G1 X293.4107 Y545.2616
G1 X292.8222 Y544.9016
G1 X292.2533 Y544.5114
G1 X291.7056 Y544.0920
G1 X291.1806 Y543.6445
G1 X290.6796 Y543.1702
G1 X290.2042 Y542.6704
G1 X289.7555 Y542.1464
G1 X289.3348 Y541.5997
G1 X288.9432 Y541.0317
G1 X288.5819 Y540.4441
G1 X267.5916 Y504.0879
G1 X267.4486 Y504.1701
G0 Z0.0000 F480
G1 X264.9736 Y499.8833 F900
G1 Z8.0000 F180
G1 X265.1166 Y499.8010 F900
G1 X153.7328 Y306.8787
G1 X153.5899 Y306.9612
G0 Z0.0000 F480
G1 X151.1149 Y302.6744 F900
G1 Z8.0000 F180
G1 X151.2578 Y302.5919 F900
G1 X44.0032 Y116.8214
G1 X43.8604 Y116.9041
G0 Z0.0000 F480
G1 X41.3854 Y112.6173 F900
G0 Z-5.0000 F480
G0 X0.0000 Y0.0000 F2100

M05
M30
