:020000041000EA
:1000000000B5324B212058609868022188439860DF
:10001000D860186158612E4B002199600221596106
:100020000121F02299502B49196001219960352056
:1000300000F044F80222904214D00621196600F024
:1000400034F8196E01211966002018661A6600F04E
:100050002CF8196E196E196E052000F02FF8012189
:100060000842F9D1002199601B49196000215960AB
:100070001A491B48016001219960EB211966A021F2
:10008000196600F012F800219960164914480160C1
:100090000121996001BC002800D000471248134993
:1000A000086003C880F30888084703B5996A0420EC
:1000B0000142FBD001200142F8D103BD02B5186610
:1000C0001866FFF7F2FF186E186E02BD00000240BE
:1000D000000000180000070000035F00212200005C
:1000E000F4000018222000A00001001008ED00E03C
:1000F00000000000000000000000000074B24E7A12
:1001000000200420F7010010C3010010C5010010F9
:10011000C1010010C1010010C1010010C101001097
:10012000C1010010C1010010C1010010C701001081
:10013000C1010010C1010010C9010010CB01001065
:10014000CD010010CD010010CD010010CD01001037
:10015000CD010010CD010010CD010010CD01001027
:10016000CD010010CD010010CD010010CD01001017
:10017000CD010010CD010010CD010010CD01001007
:10018000CD010010CD010010CD010010CD010010F7
:10019000CD010010CD010010CD010010CD010010E7
:1001A000CD010010CD010010CD010010CD010010D7
:1001B000CD010010CD010010CD010010CD010010C7
:1001C00000BE00BE00BE00BE00BE00BE00F04BF888
:1001D000103800BEF2EB88717C9D0010A49D0010C9
:1001E0003402001090A31AE700202149086006C8D5
:1001F00081F3088810471F48006800282FD10DA4FC
:100200000ECC002902D000F012F8F9E71A491B4A77
:10021000002000E001C19142FCD1194988471949E9
:1002200088471949884700BEFDE701C901C29A42C3
:10023000FBD37047A49D0010C00000208C0B002051
:1002400070A80010000004200000042070A8001016
:1002500000100420001004200000000070470B482C
:1002600005F03EF80047EFF30580C0B2704700008C
:1002700008ED00E0000000D0900B0020A81E002038
:100280003D320010850E00105D33001057560000FF
:1002900006005250ABB36053409A00100600525013
:1002A000861C0302509A0010060052505422A29D50
:1002B000609A001005005250DE65F46870A80010C6
:1002C000F8B5C046044B10B5002B03D003490448D1
:1002D00000E000BF10BDC046000000006C1B002005
:1002E000C09500100122014B1A707047A01E00201B
:1002F00010B5040001F0F0FA002800D110BD64210F
:100300002000024A01F09AFBF8E7C046F102001013
:1003100010B5040001F0E0FA002800D110BD0A2158
:100320002000024A01F08AFBF8E7C046F102001003
:1003300070B52A4B84B01B78002B4CD0284B196821
:100340000A68530853409808434018094340180A64
:100350004340180C4340DB0706D4224C130FE069DE
:10036000834227D00F2B25D002F03AFA060002F084
:100370005DFC002304000D001B4A12196B419942D9
:1003800014D811D000210291019118493000009138
:1003900002F02AFA164BA0211A7801239340154A3D
:1003A000C9058B5004B070BD9042EBD90122524276
:1003B000D317E7E793039B0FD6D10F4B5204520F8D
:1003C0001A700E4BA2681868920005F00DFF01220A
:1003D0000B4B1A70C8E70B4B1968B1E7991E002048
:1003E00054140020900B0020400D03008D060010D7
:1003F0009C1E00201C040000A21E0020A01B002048
:10040000A41E002058140020F0B5DE4657464E4684
:100410004546E0B501258DB0784805F0BFFFFA22CA
:100420002800774B774CD20077499A665C67096859
:10043000884376490860DA6788229C502A00744B0A
:1004400074481B689A43744B1A6005F0A7FF734801
:10045000734A0368734953401B0C1B040B60036809
:1004600063401B041B0C0B606F4B704C1B68704986
:1004700053401B0C6F4A1B0413606F4B23602068B2
:1004800008F01AFA01218046206808F0F7F96B4B52
:10049000C0B29A4618706A4805F080FF5346226839
:1004A000197808A84B005B18DB00D033D3188022E2
:1004B00080215201134309061960196053462768C9
:1004C0001B788022DEB200239B460793F82352025A
:1004D0005B0204920593C02389461B03102204A9E2
:1004E000069305F081FE434641460233CA011B03D1
:1004F000134308A9102204A8099305F075FEFA23F6
:10050000DB0304935B460022310038000093023382
:10051000039608F049FA4B4B0020FE18731E9E41CB
:100520000636310001F072FD3100012001F06EFD50
:10053000069A454B039E1A40444B31001343380042
:100540004246069304AB08F071FA2B00B3403A68B8
:100550003F4813433B6005F021FF88223D4B520189
:100560001A60012008F0B0FA3B4EC0B23070337808
:100570003A4A3B4FDB0213403A481F4305F00EFF57
:10058000A020C00584465846374A33781168374A58
:100590009B01926863441860596035489A601F61F6
:1005A00005F0FCFE337833489D40334B1D6005F069
:1005B000F5FE32490C2003F065F9314805F0EEFEF6
:1005C00001210C2003F03CF92E4805F0E7FE5346CC
:1005D000226819782C484B005B18DB00D033D31805
:1005E0008022520113434A461A601A6005F0D6FE73
:1005F000FFF79EFE642002F009FAFBE7C0950010A9
:1006000000000540FF030000640005406410054041
:1006100078000540D895001078100540840005400A
:100620000000FF038410054070000540841B00207B
:10063000609700107010054000003050A11E00208F
:10064000E89500100000E0AFFFFF0A3E00000180C7
:10065000F8950010000003409C1E0020FF7FE0FF83
:10066000290006001896001054140020900B00205A
:100670002896001038960010142400503103001002
:1006800054960010789600109096001070B5334A7A
:1006900084B01378DCB2002B41D1314D31482A6847
:1006A00001784B005B18DB00D033D21880235B014C
:1006B0001343802212061A601A602B4B1A78002A04
:1006C00018D10122294C1A70237829680278A020B9
:1006D000C005844608329B01920063448A181A6060
:1006E0002378234A9B0112686344DA6200200021C8
:1006F00004B070BD1C701D4C237829680278A020BE
:10070000C005844608329B01920063448A181A602F
:100710002378184A9B0112686344DA62E6E70023F3
:10072000137002F05DF8060002F080FA0023040066
:100730000D00114A12196B4199420BD808D00021C3
:10074000029101910D493000009102F04DF8CDE782
:100750009042F4D901225242D317F0E7A01E0020A4
:10076000841B0020A11E0020991E00209C1E00203A
:10077000541400205814002050C300008D060010AF
:100780000C4B70B59C68A400200005F0F1FC0A4BEE
:1007900006001860200005F0EBFC084B050018600F
:1007A000200005F0E5FC064A1060002232602A6055
:1007B000026070BD900B0020A01B0020541400208C
:1007C00058140020012270B50D4B0E4D00242A60F4
:1007D0006B6033220C4B0D4EAA60EB600C4A0D4B44
:1007E0002A616B61962205235200AA61EB61210008
:1007F000300004CD013405F0F9FE082CF7D170BDAE
:10080000A0860100900B0020409C0000A0960010E4
:10081000102700008A02000070B50E2001F05CFC79
:100820000F2001F059FC0D2001F056FC0C2001F0C6
:1008300053FC0B2001F050FC102001F04DFCD024A3
:1008400080232406DB01A362802580236D021B0226
:10085000A362042165620D2001F0D8FB04210C2065
:1008600001F0D4FB04210B2001F0D0FB0022012178
:100870000E2001F0E3FB002201210F2001F0DEFB3E
:1008800001220021012001F0D9FB012200210020DA
:1008900001F0D4FB012208210120024B01F0E0FB12
:1008A000A56170BDE502001010B5022213211220CF
:1008B00000F0A0FE064C022220601421152000F05A
:1008C00099FE044B22681860034B18605A6010BDF3
:1008D000C40F0020C00F0020C8140020F8B5274D19
:1008E0000121286800F0E6FF254C0121206800F076
:1008F000E1FF244E3378002B19D1234E2868F1688C
:1009000001F03CF83169286801F042F8F16820688C
:1009100001F034F83169206801F03AF8716828680C
:1009200001F018F87168206801F014F8F8BD337808
:10093000164F013B5B00D95B286801F01FF8337844
:100940002868013B5B00D95B01F022F8337820680E
:10095000013B5B00D95B01F011F833782068013B63
:100960005B00D95B01F014F82868002100F0F2FF69
:100970000021206800F0EEFFD8E7C046C00F00203D
:10098000C40F0020A21E0020900B002050970010E2
:10099000F0B5CE46474680B5012183B0924802F0BB
:1009A00081FEFA21914CC900206800F09FFF0021D0
:1009B000206800F0CFFF0121206800F07BFF0121BB
:1009C000206800F065FF8A4E64213200206801F043
:1009D00035F8D021012209064B689B0B1A42FBD047
:1009E0000021206800F066FFFA20400002F00EF8B7
:1009F0000121206800F05EFF0021206800F048FF20
:100A000032006421206801F019F8D0210122090682
:100A100015004B689B0B1D401A42F9D1002120683C
:100A200000F048FFFA20400001F0F0FF01212068AB
:100A300000F040FF6F48276800F0E0FFFA21030054
:100A4000012238004900009500F0C6FE0021206810
:100A500000F01EFFFA212068490000F047FF664FB2
:100A60000A213A00206800F0E9FFD021012209069E
:100A70004B689B0B1A42FBD10021206800F01AFF43
:100A8000FA20400001F0C2FFFA215C4DC90028683D
:100A900000F02CFF0021286800F05CFF012128688D
:100AA00000F008FF0121286800F0F2FE3200642106
:100AB000286800F0C3FFD021012209064B68DB0B38
:100AC0001A42FBD00021286800F0F4FEFA20400012
:100AD00001F09CFF0121286800F0ECFE002128684D
:100AE00000F0D6FE32006421286800F0A7FFD02174
:100AF0000122090616004B68DB0B1E401A42F9D191
:100B00000021286800F0D6FEFA20400001F07EFFA8
:100B10000121286800F0CEFE2B683648984600F088
:100B20006DFFFA210300012249004046009600F0C3
:100B300053FE0021286800F0ABFEFA212868490026
:100B400000F0D4FE3A000A21286800F077FFD02197
:100B50000122090616004B68DB0B1E401A42F9D130
:100B60000021286800F0A6FEFA20400001F04EFFA8
:100B70000121206800F09EFE2368214F98467B6982
:100B80001C48994600F03AFF0122030049464046BE
:100B9000009600F021FE0121286800F08BFE2B68F2
:100BA00014489846BF6900F029FF0122030039006C
:100BB0004046009600F010FE2068012100F07AFE09
:100BC0002068002100F0D0FE2868012100F072FEAC
:100BD0000021286800F0C8FE02F05AFD03B0C0BC36
:100BE000B946B046F0BDC046409C0000C00F002092
:100BF000F10200100000FA4411030010C40F00209D
:100C0000900B0020F0B5DE4657464E464546E0B50F
:100C100085B0FFF763FE904B1A689A461368190F68
:100C200000D1E6E001215B0300D4E9E0D02380207D
:100C30001B06400298611368DA0C114200D0FBE0F9
:100C40001A041B0DDBB29846844BD70F02931A008F
:100C5000002344461370029B1B78002B00D0B0E0A9
:100C600002F016FD002C00D1E2E0A046BB467C4B12
:100C70007C4E0393012399464346042500240193A7
:100C800068E0DA0D9446072290464746D90A580292
:100C900011401A0A5B09C00D3A403B40072900D1B8
:100CA000B4E08F017F1AFF00791A8F01B8466E4FAA
:100CB0004144B846490441446C4F3F687940090CAF
:100CC0006B4F09043960072A00D1A3E09101891A0A
:100CD000C9008A1A91015218664952008846424456
:100CE00092B2624909684A4012046149120C0A60D2
:100CF000072B00D18CE09A01D21AD200D31A9A01A4
:100D00009B18594A5B04904643445B4A126853401F
:100D10001B0C5A4A1B0413609622634652009445EA
:100D200000D9131C96229BB233605200031C9042E0
:100D300000D9131C9BB20222310073600398002378
:100D400000F0F6FE013402F0A3FC019BE4B204358E
:100D5000A3422ED0029B1B78002B5DD153461B680B
:100D60005B595A085A4091084A4011094A40110AF1
:100D70004A40110C4A404946114282D03B483A4B06
:100D800002683B495A40120C12040A600068394A52
:100D9000013442401204120C0A60374AE4B212686D
:100DA000043553401B0C354A1B041360019BA342BE
:100DB000D0D198465B46002B33D0534600221B68A7
:100DC0001A602A48284B026829495A40120C12041A
:100DD0000A600068274A42401204120C0A60264A40
:100DE000126853401B0C254A1B0413600023029A0F
:100DF000137005B0F0BCBB46B246A946A046F0BD94
:100E0000D02380221B0652025A61F2E7002153E7E9
:100E100000237AE7002264E7019B98465B46002B9B
:100E2000CBD1029B1B78002BCBD102F031FC21E708
:100E3000002F00D10FE7C0E7FFF7AAFDFFF74EFD37
:100E4000FA20400001F0E2FD01210D4802F02AFCE9
:100E500053461B681B68F3E6A01B0020A41E00205D
:100E6000C8140020981B00200000FF0384000540E8
:100E700084100540FF03000070000540701005401D
:100E80008813000010B505F0BDFB304801F0BEFD31
:100E90002F4805F083FAFFF795FC2E4805F07EFAFF
:100EA000FFF76EFC2C4805F079FA2C4801F0AEFDF6
:100EB00032212B4805F09AFB88222A4B52011A60F6
:100EC000FFF7F2FC284805F069FAFFF707FD274C09
:100ED000200005F063FAFFF79FFC2548254B0268C8
:100EE00025495A40120C12040A600068234A424005
:100EF0001204120C0A60224A2248126853401B0C4A
:100F0000214A1B04136005F049FAFFF741FD1F4811
:100F100005F044FAFFF7E2FC200005F03FFA1C4818
:100F200007F0ECFD0D4801F071FD1A4B1A48D96924
:100F300005F05CFB0121094802F0B4FB02F0A8FBBC
:100F4000FFF760FE642001F061FDF7E7B80B0000D9
:100F5000B4960010C4960010D496001088130000B8
:100F6000E896001000000340EC9600100097001077
:100F7000840005400000FF0384100540FF030000CB
:100F8000700005401497001070100540289700105D
:100F900009040010900B00203897001070B5040071
:100FA00008200D0005F0E4F8236845600360206028
:100FB00070BDC0460300006810B5002806D0026866
:100FC00044681A6005F0F2F8200010BD0124644264
:100FD000FAE7C046A022F8B54746CE46114BD205E7
:100FE000D65880B5D650104B0024994600230127CF
:100FF00098460E4DA9443B00A3401E420AD04246EB
:101000002868C3001B18DB004B445A719B6C002BF3
:1010100000D09847013404350F2CECD1C0BCB94640
:10102000B046F8BD0C040000B4FDFFFFF01D002029
:10103000F0B55746DE464E464546E0B5A74FA84CAC
:101040003B7883B0002B00D01BE10822882680204B
:10105000012501212260A34A4004A2510436A35174
:101060000436A3510436A0510436A3510436A351CB
:101070000836A3511836A55149420836A1510C36FD
:10108000A2510436A3510436A3510436A0510436AC
:10109000A3510436A3510836A35118366060A360EB
:1010A000E3606361616322646364A364E064236555
:1010B0006365E365E167E5626567A5510836A1519F
:1010C0000C36A2510436A3510436A3510436A05164
:1010D0000436A3510436A3510836A3511836A5513E
:1010E0000836A1510C36A2510436A3510436A3513F
:1010F0000436A0510436A3510436A3510836A35137
:101100001836A5510836A1510C36A2510436A35108
:101110000436A3510436A0510436A3510436A3511A
:101120000836A3511836A5510836A1510C36A251E4
:101130000436A3510436A3514C36A3510436A351AF
:101140004C3EA051802080002350043023500830B2
:10115000235018302550083021508E2189006250CC
:101160008F229200A3500432A35098469323C13A91
:101170009B003A39E018FF3AFF3905F02FF8434653
:10118000DEB23D70002E00D1A4E0574BE25C082394
:10119000002A00D1A0E0554AA25C002A2ED0032BE1
:1011A00021D0534AA25C002A00D18BE0042B1AD034
:1011B00092229200A25C002A00D185E0052B12D079
:1011C0004C4AA25C002A00D180E0062B0BD04A4A90
:1011D000A25C002A00D17BE0072B04D0474B0727F5
:1011E000E35C002B0BD001235B429946484603B0D9
:1011F000F0BCBB46B246A946A046F0BD022700217E
:101200003F4807F03BFBB9460600431C4BD0002388
:101210009A463B4B01909B46012007F055FC012369
:101220001A0082409846374B05001A600B20364959
:1012300002F028FB01210B2002F002FB91222B007F
:10124000920094464246594692339B00E3185F60F1
:10125000E31963441A70FB00DB19DB00E218116329
:10126000514651632949D563ED020D4001999663BA
:10127000C9030D4309210D43156442460434E2526B
:10128000B4E72368002BAED091229200A25C002A22
:1012900020D0012BA7D0144AA25C002A1CD0022B1C
:1012A00000D078E79FE70121194807F0E7FA082303
:1012B0009C4684446346019301239A46144B0600DE
:1012C0009B46A9E703279AE7042798E7052796E7AF
:1012D000062794E7002792E7012790E79F1E00204A
:1012E000A41B002019801F004502000046020000D8
:1012F00047020000490200004A0200004B020000C1
:101300000000205004240050D50F0010FF7F00FF84
:1013100000003050F0B5CE4600B584B00390039A7B
:10132000774FD3009B18DB00FB181B69002B18D0EC
:10133000039AD3009B18DB00FB189B69002B10D08D
:10134000039AD3009B18DB00FB181B69039A002B40
:1013500000DA9FE0D3009B18DB00FB181B69002B11
:1013600003DC04B080BCB946F0BD039A0026D3006C
:101370009B18DB00FB18DB6A1800994604F0D6FACC
:101380000022604B04F061FA00225F4B04F054FA33
:1013900002000B0000205D4904F057FA04F0DEFA69
:1013A00004F0C0FA039A0400D3009B18DB00FB187A
:1013B00098690D0004F0B6FA22002B00009001910C
:1013C0000020534904F041FA02000B0000980199F3
:1013D00004F044FA22002B0004F02EFA04F0E2FAA2
:1013E00004F035FE04F05AFE02000B0000204949CB
:1013F00004F02BFA0022434B04F015FA00220023DC
:1014000004000D0004F07AFA002804D0200029001E
:1014100004F0A4FA0600B14501D14B465E1E039AC2
:10142000D3009B18DB00FB18D86904F010FE04F011
:1014300035FE02000B000020364904F006FA0022B7
:10144000304B04F0F0F90022002304000D0004F0FA
:1014500055FA00283BD02000290004F07FFA340020
:10146000864237D3864237D8039AD3009B18DB00D5
:10147000FB185A6A01325A62039AD3009B18DB00A8
:10148000FB18DA79DC62640014439A79640014432F
:101490005C6466E7D3009B18DB00FB185A6A511E98
:1014A0005962002A22DD039AD3009B18DB00FB1847
:1014B000D86A039AD3009B18DB00FB18DA79D8624C
:1014C00040009979024352000A435A6449E73400C4
:1014D0000020C7E70400C5E7039B4946D800C018B1
:1014E000C00028303818FFF759FDC5E7039BD80026
:1014F000C018C00028303818FFF75CFDD9E7C04697
:10150000A41B0020000024400000F03F006AF840C7
:101510000000494080842E41F0B55746DE46C500A4
:1015200080B52F4E2B18DB00F318DC6A07008A46C3
:10153000934683B0002C1FD1186A04F088FD04F094
:10154000ADFD02000B000020264904F07EF90022C8
:10155000254B04F068F9002200230090019104F06B
:10156000CDF9002804D00098019904F0F7F904009F
:10157000EB19DB00F318DC625B46EC19E40034196C
:10158000A26B616BA364920000291DD1174BA020B0
:101590009C46C00562448446E36B9B01634419602A
:1015A0005A6052469A60226CED19ED001A612A00C9
:1015B0004432B218DA630120012275196A7103B04E
:1015C000C0BCBB46B246F0BD094BA0219C46C90534
:1015D00062448C46E36B00219B016344DFE7C04615
:1015E000A41B002080842E410000244010002050C5
:1015F00010003050F0B5D6464F464646C0B58AB0CA
:1016000005000E00FFF714FD0700B5426ED9C300B8
:101610006B4C1B18DB00E4186A49206B07F04CF98F
:10162000A36B8022994600230593F82352025B02A4
:1016300002920393C0238246256B02AC1B03102247
:10164000210006A8049304F0CFFD534652460D3303
:10165000D2011B03134306A910222000079304F0B4
:10166000C3FDFA23DB030293574B30000493574B1F
:10167000EB185A1E934106339846190000F0C6FC39
:101680004146701C00F0C2FC0123320098464946D6
:1016900028000093013307F087F9710180264B463B
:1016A0003605B4465B004B44DB00EB18DC331A68AC
:1016B000474802400A4332431A606346059E524639
:1016C00006400E431E43494623002800059607F0B6
:1016D000ADF9434649468B402A6813432B603800D6
:1016E0000AB0E0BCBA46B146A846F0BDC300344CCF
:1016F0001B18DB00E4183749206B07F0DDF8A36BFB
:101700008022994600230593F82352025B0202923D
:101710000393C0238246266B02AC1B0310222100D8
:1017200006A8049304F060FD534652460D33D201DF
:101730001B03134306A910222000079304F054FD55
:10174000FA23DB030293204B280004931F4BF3186A
:101750005A1E934106339846190000F057FC414643
:10176000681C00F053FC01232A00984649463000CB
:101770000093013307F018F9690180254B462D05C8
:10178000AC465B004B44DB00F318DC331A681048AE
:1017900002400A432A431A606346059D52460540AB
:1017A0000D431D43494623003000059507F03EF9DF
:1017B000434649468B403268134333608FE7C04647
:1017C000A41B00209497001000000C400000E0AF24
:1017D0001FFCFFE370970010F0B5DE4657464E46FB
:1017E0004546844610008022E0B5D20583B093427E
:1017F00044D26246013241D06246244CD200A04617
:1018000092466244D200424400945479002C35D16F
:10181000146B966B002921D0320001255F00012353
:10182000103295400C9A9946331D52009B00904609
:101830009B46030000220800414698460196464612
:101840004B463E4376001E4363681D42FCD15B4617
:1018500001321E517F189042F1D1019E01221836AB
:10186000B24063681A42FCD05346009A63449446DF
:101870000022DB00634401205A7100E0002003B025
:10188000F0BCBB46B246A946A046F0BDA41B002052
:1018900010B50C00C200064B1218D2009A18D17174
:1018A000D16A93794900214349001943516410BD1D
:1018B000A41B002010B50C00C200064B1218D20069
:1018C0009A189171D16AD37949001943490021438B
:1018D000516410BDA41B0020C200034B1218D2009B
:1018E0009B1898797047C046A41B0020D0B504000F
:1018F000080004F0ACFB04F0D1FB02000B00002058
:10190000114903F0A2FF0022104B03F08CFF0022CC
:10191000002306000F0003F0F1FF002811D039006A
:10192000300004F01BF84100E200094B1219D2000C
:101930009B18DA79D8620A43997952000A435A64AB
:10194000D0BD00210020EFE780842E41000024401C
:10195000A41B0020C200034B1218D2009B1859612F
:101960007047C046A41B0020C200034B1218D200CF
:101970009B18D9607047C046A41B0020C200034BCF
:101980001218D2009B18D9617047C046A41B0020D2
:10199000F0B5C64680464346DC00154DE318DB0033
:1019A000EB1800B50800196204F051FB04F076FB57
:1019B00002000B0000200F4903F047FF00220E4BEE
:1019C00003F031FF0022002306000F0003F096FF12
:1019D00000280AD03000390003F0C0FF4444E4007E
:1019E0002D19E86280BCB846F0BD0020F6E7C0467D
:1019F000A41B002080842E410000244070B504F018
:101A00004DFB02000B0000200A4903F01EFF0022DC
:101A1000094B03F008FF0022002304000D0003F02F
:101A20006DFF002804D02000290003F097FF70BD4F
:101A30000020FCE780842E4100002440F0B546469B
:101A40004F46D646C500C0B52B18344EDB00F31800
:101A500017005A790400884682B0002A50D11A79BA
:101A60009146002A45D0DA6A9246002A20D1186AA7
:101A700004F0EDFA04F012FB02000B0000202849EC
:101A800003F0E3FE0022274B03F0CDFE00220023EB
:101A90000090019103F032FF002804D000980199D2
:101AA00003F05CFF824652462B19DB00F318DA6222
:101AB0002B19DB00F318996B586B9F648900002881
:101AC00021D1194AA0279446FF056144BC46DA6B30
:101AD0009201624410605160414691601B6C2D1967
:101AE000ED0013612B004433F318D36301237619FF
:101AF0007371484602B0E0BCBA46B146A846F0BD94
:101B000000239946F5E7094AA0209446C0056144A0
:101B10008446DA6B002092016244DBE7A41B0020BC
:101B200080842E41000024401000205010003050CE
:101B3000F0B557464E464546DE46E0B5984613009A
:101B40008BB08C4669460733DB08DB00CB1A00AF4D
:101B50009D46694691463B629300DA1DD208D20049
:101B6000891A8D467962891A8D46396101680200A9
:101B70008A464946F861002900D169E1002561469D
:101B800093464819BB61C9183B6A5D4401269B46D0
:101B9000CA4C04CDD3009B18DB00E31804C8DB68F3
:101BA000D31A5A4253411E408842F2D15A46BB6969
:101BB0003A62002E00D04BE15246D2005244D2008D
:101BC000A2185269BA614A46002A00D1D0E1FD69E3
:101BD0006146AC467A6A634416003A693B62002368
:101BE000DA4693460A00BB604B4628003100944613
:101BF0007B610268D3009B186246DB00E31816681D
:101C0000DB68F51AEA17B3429B41AD1855405246BE
:101C10005B4213705A46156002680D609146D2000F
:101C20004A44D200A218D6600668F2009219D20087
:101C3000A218D66AD3717600334396795B0033439A
:101C400053640268D3009B18DB00E3185B69BA6930
:101C50009A4200D9BB61BB68AB4200D2BD6004238D
:101C60009946033BCC4499460333CA4499463B6AA0
:101C700004300431CB449842BBD17B693221B8682F
:101C8000994603F08BFBF9690A68D3009B18002280
:101C9000DB00E3185B697A617B60002B00D04DE1CB
:101CA000B86803F03FFE7B6AB860F9601D0001234D
:101CB0009B4623002C009A46FE693D60326801CCA9
:101CC000D3009B185A46DB0053441A6108CEDD004E
:101CD000ED18BB69ED00584303F024FEBA68FB68B9
:101CE00003F0B3FD03F05EFE3B6A5544A861B342C6
:101CF000E4D17B6854463D68002B00D02CE17B6921
:101D0000002B00D13CE10023A346BB616C4BBB60C0
:101D100000263C69FD690AE023685344236043467A
:101D2000002B20D10136043504344E452AD07A6A7E
:101D3000B300D1584B009A460F29EDD92868C3004B
:101D40001B18DB005B445A79002A05D11B79002B54
:101D500002D0BA68FFF7E0FB524623689B1A236063
:101D60004346002BDED059462A68D3009B18DB007F
:101D7000CB185B79002BF7D101368B460435043440
:101D80004E45D4D14346002B44D0BB697A69013318
:101D9000BB619A42BCD8052000215C4600F0EEFDF4
:101DA0000023FD690026AA469B4606E04346002B19
:101DB0001FD1013604354E4553D02A68D3009B18F5
:101DC0005A46DB00E3181A613A69B300D15800297A
:101DD000ECD02868C3001B18DB00E3185A79002AEE
:101DE000E4D11B79002BE1D0FFF796FB4346002B93
:101DF000DFD02A68D3009B18DB00E3185B79002B47
:101E0000D7D02A68D3009B18DB00E3185B79002B3E
:101E1000EFD1CEE75846F9690A68D3009B18DB007A
:101E2000C3185B79002BF7D13B6A04318B42F3D1A5
:101E30008346AAE74346002B00D171E001239C466C
:101E40007B69E144994536D10520002100F096FDDB
:101E50000120BD460BB0F0BCBB46B246A946A04629
:101E6000F0BD4346002B0CD1FA691168CB005B181A
:101E7000DB00E3185B79002BF7D13B6A0432934215
:101E8000F3D10021052000F079FD012251463D6A81
:101E9000524201C9C3001B18DB00E3181A618D42CE
:101EA000F7D100239A467B69002BCDD0044B9B468B
:101EB0004B46D1469A460026FD690AE0A41B002045
:101EC000151300104346002B19D101360435564531
:101ED000B0D07A6AB300D1580F29F3D92868C3006B
:101EE0001B18DB00E3185A79002AEBD11B79002B71
:101EF000E8D05A46FFF710FB4346002BE5D02A688E
:101F0000D3009B18DB00E3185B79002BDDD02A6837
:101F1000D3009B18DB00E3185B79002BEFD1D4E7EB
:101F2000F9690A68D3009B18DB00E3185B79002B82
:101F3000F7D13B6A04319942F3D17FE74A68D30075
:101F40009B18DB00E3185B697B60002B00D1A7E6E0
:101F500043087B617860A3E600261C002868210006
:101F600003F01CFA013601C54E45F7D15446C6E6CA
:101F70000022BA60FA690020944663443B6282E61C
:101F80000520002100F0FAFC00237B6108E7C04631
:101F9000D0231B06F0B51E68C64673425E412F2350
:101FA00076429E43164B00249C46164B07270F256E
:101FB000984600B56644E00803003A0008339B00E9
:101FC0009B5922409200D340290019401D4210D055
:101FD0000B0093401A003C300B4B8000C250D023C2
:101FE00042461B061B689B009B58002B01D020001B
:101FF000984701341E2CDED180BCB846F0BDC046E7
:10200000304101400810002000400140094A10B54D
:1020100094464024830063441A68C00062408034C0
:1020200014408022520113431C60034B9C466044C1
:10203000416010BD04C0014000400140074B8000DA
:102040009C4660440368C90092000A435A400C232E
:102050001A4080235B0103431A60704704C00140AB
:1020600070B50600D02000060468F50860424441BF
:102070002F20644284431448844607203040800067
:1020800081402800114E3C3064448000AD008151F5
:102090006419002A12D08022920122431160D021BB
:1020A000090609680A4A89008B500D20094901F088
:1020B000E9FB01210D2001F0C3FB70BDC02292019C
:1020C00022431160EBE7C04630410140004001402F
:1020D00008100020911F00100123D0228340120617
:1020E00093629361094A40219446830063441A68CD
:1020F000C0004A40803111408022520113431960D0
:10210000034B9C46052360444360704704C0014074
:1021100000400140EFF3108072B6034A1368002BB1
:10212000FCD0BFF35F8F70472C0100D0BFF35F8FEF
:102130000022024B1A6080F3108870472C0100D0F7
:10214000F8B5CE464746914680B5EFF3108C72B68F
:10215000104D2B68002BFCD0BFF35F8FCB08C45C05
:10216000C7180720260001230840C6401A00324045
:1021700033420BD183401C433C70BFF35F8F2A6016
:102180008CF31088C0BCB946B046F8BD484601F093
:10219000E7F8C0462C0100D0F8B5CE4647468C463D
:1021A00080B5EFF3108872B6214D2C68002CFCD05E
:1021B000BFF35F8F9A422DD8D408055D0719072415
:1021C0002E001440E640F6071ED507218946063941
:1021D00008E0D408055D07194C462E001440E6407F
:1021E000314211D001329342F3D201204042BFF379
:1021F0005F8F00220E4B1A6088F31088002811DBD5
:10220000C0BCB946B046F8BD0123A3401D43100031
:102210003D70ECE7BFF35F8F00232B6088F31088DD
:10222000012040426346002BEAD0089801F098F85C
:102230002C0100D00021044B044ABFF35F8F02C37E
:102240009342FAD17047C046000100D0800100D00F
:10225000044A1078431CDBB2172B00D910231370EB
:102260007047C0463802002010B5064B064C82B0BD
:102270000100009318221F232000FFF78DFF02B0FA
:1022800010BDC046B89700105C140020024B1868BF
:102290008007C00F7047C04600C00640F8B5040074
:1022A00006200D0001F0E6F9002844D02A4B2B4906
:1022B000E21853425A418023DB039C469205284B87
:1022C00062441A60274B1A6010008B689843FBD158
:1022D000214B254AE31859424B4180215B004900BC
:1022E0000620995201F0C6F92900C00003F056F803
:1022F000C30921D140270121260080256162A36204
:1023000000232C36AD0135432B60062001F0B2F9D5
:102310003900800003F042F86022E36A53400E3235
:102320001A4080235B0133431A60104B2363102350
:102330002B600D3BA364F8BD0D4A934203D90023E3
:102340000C4F0D49D8E77F220240013252089F010D
:102350001900BF181300CFE70080FCBF00C0004089
:1023600000E0004000F000408C1E0020010300004F
:10237000FEFF0000C0FF3F00FFFF000083680B4826
:1023800010B58446614462441201090159189B1832
:102390005C684A680120944201D802D00020C0B293
:1023A00010BD1A680B689A42F9D8F7E7FFFFFF0FD4
:1023B00040BF002000217047F8B5574645464E46BD
:1023C000DE46E0B598460CAB1C780DAB1B780700D9
:1023D00091469A460568002C5AD1AC7B002C3BD024
:1023E000660029683619033E89194B78AB73002BB8
:1023F00000D1EB7300238B704B700B702B4BE218EA
:10240000BB6812019B184A461A6042465A600A9AF3
:102410009A600B9ADA6000238B704B700B706B7BA9
:102420009B46002B27D022006B685946A868984726
:102430005B465B005B442A68033B002812D0584689
:102440009619B070D118D35C002B00D073705B4626
:102450000C706B735C450FD0F0BCBB46B246A9460E
:10246000A046F8BDD3189C709119925D002A00D047
:102470005A705B460B706C734A464346387D00F0D9
:1024800035FC051E0AD10E9B002BE5D01D70E3E73D
:10249000660029683619033E8919AFE75346002BB9
:1024A000F1D12100386800F08DFEECE7FFFFFF0F4F
:1024B000F0B5DE4657464E4645460023E0B58DB0A2
:1024C0000A936A4B8200D75800239B460B9000F07A
:1024D000ADFB02000B007868EFF3108972B64D4631
:1024E00001680029FCD0A946BFF35F8F39684E7B95
:1024F0008C46002E2ED0BC685D49A2467118090199
:102500008A4451460868496804000D00A41A9D4198
:10251000002D5EDD02000B000B9800F0E7FB0023AE
:1025200000229A46002308920993002398467B686C
:10253000BFF35F8F5A461A6089F310884346002B19
:1025400012D10028C3D10DB0F0BCBB46B246A9469B
:10255000A046F0BD002300229A460023089209936A
:10256000002300209846E2E70A9B514618023043B8
:10257000C047069007917A68EFF3108572B654460B
:102580001368002BFCD0A246BFF35F8F0699079A11
:10259000002A3BDB114302D03B69002B52D13B6840
:1025A000D97B002905D01A68480041185218033A0F
:1025B0005670DE73FA68013E935D013393555B46B6
:1025C0003B617B68BFF35F8F5A461A6085F31088C2
:1025D0007DE7002D01D1002C9CD10021604600F048
:1025E00059FD53465C681B680893099453469B68E1
:1025F00098465346DB689A46FB689B19013B1B785B
:102600000A931B0203433B61002090E73B69002BC8
:10261000C5D0089B099C5B1A9441089809991A0037
:102620002300A14219D899421BD000210491013105
:102630000391514601914146380002960091FFF7FF
:10264000BBFEBCE700F0F2FA069A079B12184B415A
:10265000994202D8E9D19042E7D901225242D317D8
:10266000E3E708999142E0D9F7E7C046881B0020CC
:10267000FFFFFF0FF8B557464E464546DE46E0B52C
:102680003E4D824689466A68EFF3108872B6136839
:10269000002BFCD0BFF35F8F2E68B47B002C48D09A
:1026A000670033683F19033FDB195A78B273002A79
:1026B00000D1F273324AA118AA6809015218514692
:1026C0001160494651602F4991600021D160997095
:1026D00059701970737B9B46002B41D022007368A0
:1026E0005946B06898475B465B005B443268033BE1
:1026F00000282CD05846D719B870D118D35C002BBD
:1027000000D07B705B460C7073735C4529D000264B
:10271000EB681B19013B19786B68BFF35F8F0022D0
:102720001A6088F310880020002E0AD10802204386
:1027300007E06B68BFF35F8F1C6088F3108801208F
:102740004042F0BCBB46B246A946A046F8BDD318ED
:102750009C70D119D25D002A00D05A705B460B7074
:10276000747352464B46287D00F0C0FA061ECED048
:102770002100286800F026FDCAE7C0463C02002080
:10278000FFFFFF0FB123001010B5104C6368002B42
:1027900000D010BD23000E4A1021206800F080FBFD
:1027A000032000F037FA032000F00EFB0320094954
:1027B00000F056FAFFF74CFD074B9C46032360449C
:1027C0002375064B80006060DC60E2E73C0200207D
:1027D0007D230010B124001040000034881B00202D
:1027E000004870473C020020F0B557464E4645462B
:1027F000DE46E0B585B0019310AB1B78060003936D
:1028000000239A46984600927268EFF3108B72B6D6
:102810001368002BFCD0BFF35F8F3568AC7B002CB6
:102820006AD067002B683F19033FDB195A78AA73F7
:10283000002A00D1EA73504AA118B268090152185F
:1028400000980199106051600E9991600F99D160C4
:1028500042469A705A701A706B7B9946002B00D1D1
:1028600070E022006B684946A86898474B465B00B9
:102870004B442A68033B00285BD04846D719B87000
:10288000D118D35C002B00D07B704B460C706B735F
:102890004C4558D0F3681B19013B18787368BFF397
:1028A0005F8F42461A608BF310885346002B08D185
:1028B0000002204305B0F0BCBB46B246A946A04684
:1028C000F0BD039B002B54D00E9B00200F9998471E
:1028D00003000B434DD004000D1E16DA0098019939
:1028E00002000B00121BAB4199421CD838D0009259
:1028F0000193039B9A4687E77368BFF35F8F1C6061
:102900008BF3108801204042D4E700F08FF90200D9
:102910000B00A4185D4100940195A94203D8E8D1A9
:1029200000998A42E5D901235B42DC1700930194A8
:10293000DFE7D3189C70D119D25D002A00D05A70FD
:102940004B460B706C73307D009A019B00F0CEF902
:10295000824600289ED02100306800F033FC99E7C1
:1029600000999142C3D901235B42DC170093019483
:10297000BFE700209EE7C046FFFFFF0FF8B5040049
:102980000D0000F053F902000B00A4185D41A942AC
:102990002DD82AD006267642F71736196F41AF4256
:1029A0002CD90026002700F041F932003B00121A12
:1029B0008B41002B07DC04D02900200000F040F9F7
:1029C000F8BD002AF8D030003900FFF753FE002888
:1029D000F2DB39000C4A536A994204D8906AB0423B
:1029E000EAD29942E8D120BFF5E7A042D2D901242A
:1029F0006442E51707267642F717D4E7AF42D2D1F3
:102A0000A642CED8CFE7C04600400540F8B5040046
:102A100000F00CF9FA2206000F002000002300212C
:102A2000920003F0FBFA8019794104000D008F42F7
:102A30002DD82AD006267642F71736196F41AF42B5
:102A40002CD90026002700F0F1F832003B00121AC2
:102A50008B41002B07DC04D02900200000F0F0F8A7
:102A6000F8BD002AF8D030003900FFF703FE002837
:102A7000F2DB39000C4A536A994204D8906AB0429A
:102A8000EAD29942E8D120BFF5E78642D2D90124A3
:102A90006442E51707267642F717D4E7AF42D2D152
:102AA000A642CED8CFE7C04600400540F8B5CE4696
:102AB000474680B505000C00FFF7DCFD031E11DC66
:102AC000244A0020536AA34203D3926A0130AA42E7
:102AD00003D3C0BCB946B046F8BD1B1B5A1E934178
:102AE000D8B2F6E720BF1C4E7168EFF3108772B6BC
:102AF0000A68002AFCD0BFF35F8FDAB29446FF2247
:102B000030681A40417B61450AD00168894651000E
:102B100088464946904441440339897800290FD0BA
:102B2000F1681B0A8A18013A1278DBB29A420CD07B
:102B30007368BFF35F8F00221A6087F31088BFE7C6
:102B400032699342F4D13161F2E7614600F03AFB19
:102B5000EEE7C046004005403C020020F0B5D646F6
:102B60004F464646C0B5EFF305823F231340180099
:102B70001038EFF3108C72B620490A68002AFCD096
:102B8000BFF35F8F0122170087401D4C1600A2463D
:102B900067631C4C2578A0462C00C4402640224286
:102BA00015D05246566A184A8400A258964218D345
:102BB0004246164BBD43E3581570BFF35F8F0022AA
:102BC0000A608CF31088002B06D0984704E0BFF30E
:102BD0005F8F0E608CF31088E0BCBA46B146A84601
:102BE000F0BD0B4A9B00904643441A681A60BFF33D
:102BF0005F8F00230B608CF31088EDE7280100D075
:102C000000400540A31E00207C1E0020441400202C
:102C1000D03F054010B5034B01001800024AFFF7F2
:102C20008FFA10BD9A1E0020D4970010034B596AEA
:102C30000A00986A596A8A42FAD1704700400540F2
:102C4000064A536A9942FCD807D1044B02E05A6AFB
:102C5000914202D19A6A8242F9D3704700400540FE
:102C600070B504000D00EFF3108672B61A4A1368AF
:102C7000002BFCD0BFF35F8F002D1BD0200000F095
:102C8000F9FD164981420AD0200000F0FBFD012128
:102C9000200000F0D5FD0123A340114A1360114B21
:102CA000A400E550BFF35F8F00220B4B1A6086F340
:102CB000108870BD0121A1400A4BA200D5500A4BDB
:102CC00020001A788A4305491A7000F005FE002199
:102CD000200000F0B5FDE5E7280100D05D2B0010D5
:102CE0003860054044140020A31E0020F0B54F4674
:102CF000D6464646C0B507002E4C616A0D00A66A4E
:102D0000616AA942FAD18B4208D805D00120E0BC03
:102D1000BA46B146A846F0BDB242F7D9EFF3108AE1
:102D200072B6254801680029FCD0BFF35F8F0125EA
:102D3000BD4022491F4C8846097889462943C9B2BB
:102D40008C46414660460870391D890065630A510A
:102D50001B49B8004350216A0020294219D0616AFA
:102D60000800A66A616A8142FAD18B4219D801D162
:102D7000B24216D8CC450BD00E4B1F221D625D63AC
:102D800001233A4093400F4A136043464A461A7063
:102D90000120BFF35F8F0022074B1A608AF310886F
:102DA000B5E70020BFF35F8F0022034B1A608AF360
:102DB0001088ACE700400540280100D0A31E002089
:102DC0007C1E002080E200E0EFF3108C72B60A490E
:102DD0000B68002BFCD0BFF35F8F01238340074AB1
:102DE0000748136202789A430270BFF35F8F002393
:102DF0000B608CF310887047280100D0004005401C
:102E0000A31E0020024B9C4661448900016070476C
:102E10004000003410B50400FFF71AFA010020004A
:102E2000FFF7F0FFFF232371BFF35F8F10BDC04694
:102E300010B504000120FFF717FA01002000FFF78A
:102E4000E1FFBFF35F8F10BD70B506000D001400E9
:102E500000291DD0002A12D073688068984762004C
:102E60006B0012195B193168033A033B002808D044
:102E70008A189570C818CB5C002B0BD10470280001
:102E800070BDCB189C7088188A5C002A05D105702B
:102E90002000F5E753700470F1E75A700570F7E70A
:102EA00010B583600023CCB24373013342600473D6
:102EB0008373C4730068421C012C05D90133DBB253
:102EC000137003329C42F9D1FF230B405A00D318F0
:102ED000C01800230338437010BDC04670B505000C
:102EE0000C1E07D0630001681B19033BCB185A78EE
:102EF000002A01D1200070BD500080180338091845
:102F000000204E784870210058702800FFF79CFF81
:102F1000310004002800FFF7E1FF0600002C20D05C
:102F20000028E7D0320021006B68A868984772003B
:102F3000630092191B192968033A033B002808D043
:102F40008A189470C818CB5C002B00D053700670A0
:102F5000D0E7CB189E7088188A5C002A00D05A707F
:102F600004703400C6E7C046F8B557464E4645469D
:102F7000DE464C00E0B5641817000268033C05000B
:102F8000105D13190E009C46002852D0430098464D
:102F90001B18033BD31859788A46002919D1002FF2
:102FA0000CD0EC7B002C50D063001B19D318033BD2
:102FB0005E70EE73434619180339531800229A7055
:102FC000002362465370F0BCBB46B246A946A046F9
:102FD000F8BD490051440339521851788846002100
:102FE000517089465970524601002800FFF72CFFA6
:102FF00043468246002B07D05B0029684344033BCD
:10300000CB185A78002A2CD1514642462800FFF7A7
:103010001BFF0100002F1AD0A4462A68EF7B9444BE
:10302000002F04D07B00DB19D318033B5E70EE73D6
:1030300010E0002FC4D0E97B002910D04B005B18B2
:10304000D318033B5E70EE73BAE7EE73B6E7A4469F
:103050002A6894440029B3D04B009846AAE7EE733F
:10306000AEE7500080180338091848788346484670
:103070004870587041462800FFF7E6FE59468046E2
:103080002800FFF72BFF414602002800FFF7DCFE77
:103090008046B9E7F8B557464E464546DE46E0B5A8
:1030A000467B02687500AD19033D0F00515D531951
:1030B00004009C46002953D04B0098465B18033B04
:1030C000D3185878824600281BD1002F0CD0E57BFE
:1030D000002D51D06B005B19D318033B5E70E67373
:1030E000434658180338131800229A70002362468A
:1030F000300053706173F0BCBB46B246A946A0468F
:10310000F8BD400050440338121850788046002023
:1031100050708146587052462000FFF795FE434696
:103120008246002B07D05B0021684344033BCB1849
:103130005A78002A2CD1514642462000FFF784FEDF
:103140000100002F1AD0AC462268E77B9444002F80
:1031500004D07B00DB19D318033B5E70E67310E0EC
:10316000002FC3D0C07B002810D043001B18D318F9
:10317000033B5E70E673B9E7E673B5E7AC462268D9
:1031800094440028B2D043009846A9E7E673ADE71F
:10319000500080180338091848788346484648701C
:1031A000587041462000FFF74FFE594680462000E8
:1031B000FFF794FE414602002000FFF745FE8046DF
:1031C000B9E7C04670B5050000292CD0437B8B427F
:1031D0002ED04C0000686418033C0419A278002A21
:1031E00021D053009B18033BC25CC6188A4202D10F
:1031F0001BE0002A08D053009B18033BC3185A78E1
:103200008A42F6D162785A70002301222800A37006
:103210006370FFF7A9FE697B02002800FFF714FE28
:103220006873012000E0002070BD63783370EBE725
:1032300001221900FFF798FEF2E7C046F8B52B4AC5
:103240002B4B2C491A602C4A2C4B1A6014008B68AB
:103250009C43FBD12A4D2B4EB54208D2013E761B32
:10326000B60808CD984723000134B342F9D100F0E5
:1032700095F8254A214B1A601E4A9368DB43DB010F
:10328000DC09002BF9D14022204B214D214F9A67B8
:103290005A671A67DA66BD420BD20026013F7F1BD0
:1032A000FF082800FFF7B6FD083533000136BB42A2
:1032B000F7D1194D194EC022B168280002F094FFD1
:1032C000B560FEF7B7FF00F041FCFFF75DFA144D63
:1032D000144EB54208D2013E761BB60808CD984779
:1032E000230001349E42F9D1F8BDC046BFCDFFFF97
:1032F00000E0004000C00040FE7F3C0000F00040C5
:10330000740B0020840B0020FFFFFF0100F0014040
:10331000640B0020740B00200000002000ED00E092
:10332000840B00208C0B0020094A03001068002841
:1033300005D00849C3188B4207D813607047064868
:103340000449C31810608B42F7D901204042F5E7C9
:10335000DC14002000000420A81E002000BEFDE7B1
:103360000FB400B5084883B003F018F8049B002B95
:1033700007D005A91800019101F092FF034803F05E
:103380000DF800BEFDE7C046F8970010B09600109B
:1033900010B50148FFF7E4FF0898001010B50C20A5
:1033A00082B000F06DF9FEF771FF002810D08C4B51
:1033B0008C488C498C4A186059609860D9601861B3
:1033C00059619861D961186259625A6202B010BDA0
:1033D000864CA06700F0F6F90122854B1A60636CF9
:1033E000012BFCD10322834B1A60804A936B012B83
:1033F000FCD1C022804B92011A60804B80491A6038
:1034000010008B689843031EFAD1022401217D4AE3
:103410007D480633009400F0E9F905237B4A012139
:103420007B48009400F0E2F97A4B5A68FF2A02D8F0
:10343000802252005A6080226E4B694C12011A6041
:103440002169002905D0606901F0A8FF0130013829
:10345000FDD1E0226F4B704819680A4002600222D9
:103460001968514001320A40042102609A681142F1
:10347000FCD08021694A09011160802252005A6003
:10348000674B2361674B5968FF2900D85A600322B4
:103490000121574B1A60634A93681942FCD0E0231C
:1034A0001068034060480360126803234A40022109
:1034B00013405C4A036093681942FCD080215B4B47
:1034C0000901196080215A4B490051606361594BD1
:1034D0005A68FF2A00D859608022574B12011A609F
:1034E000E169002905D0606901F058FF0130013819
:1034F000FDD1E0234F4A11680B4050490B608021F9
:103500004F4B090119608021364B49005160E3613E
:103510004C4B5A68FF2A00D8596080224A4B12014E
:103520001A60216A002905D0606901F037FF013077
:103530000138FDD1E023434A11680B4043490B6039
:103540008021434B0901196080235B005360802276
:10355000244BD20223623F4B5968914200D25A60F9
:1035600080223D4B12011A60616A002905D0606912
:1035700001F014FF01300138FDD1E023354A116814
:103580000B4036490B608021354B090119608023BF
:10359000DB025360144B6362324B5A68FF2A02D835
:1035A000802252005A6080222F4B12011A60A169BA
:1035B000002905D0606901F0F1FE01300138FDD12C
:1035C000E023284A11680B4028490B608021284BD2
:1035D0000901196080235B005360154BA361F5E678
:1035E000900C0020006CDC021BB700000080004043
:1035F0003CB0004030B0004000E0004000F000402F
:1036000000C00040002F68590080024000389C1C18
:1036100000C00240308000403090004030A00040A8
:10362000001BB7003C8000403C9000403CA00040A4
:10363000405973075480004054B0004054900040FB
:1036400054A000406080004060B0004060900040A6
:1036500060A000406C8000406CB000406C90004066
:103660006CA000404880004048B0004048900040B6
:1036700048A00040014B8000C0587047900C0020CB
:103680008023024A9B000343D362704700800540B9
:10369000024B1A68024B5A607047C046641B0020F8
:1036A000008005400022184B10B5DA618022174BCC
:1036B000D2051A60164C174A1460002911D0E02276
:1036C000154BD2041A60002810D043011B1A9B002E
:1036D0001818802300015B04984212D30F4B180086
:1036E00006E0E022D2041A600028EED10C4B18004C
:1036F0000C4A13608022044BD2055860064B1A60B6
:1037000010BD0300F4E7C0460080054000B005404E
:10371000FCFF01000820014000A00540FFFFFF0062
:10372000A0860100641B002010B580241B4BE4051B
:103730001C60002821D00123194C1843194BDC616F
:10374000194C44401C62596298628021134BC90590
:103750001960164816490860E021C9041960002A5A
:103760000ED053019B1A9B009A18802312015B0410
:103770009A4210D30F4B1A0004E00A4BD861E4E7D9
:103780000D4B1A000D490B60064B5A6080220C4B02
:10379000D2051A6010BD1300F4E7C04600B0054022
:1037A000D3C007B0008005402D3FF84FFCFF01005B
:1037B00008200140FFFFFF00A0860100641B0020DD
:1037C00000A00540AA23064A1B0113602F230549C8
:1037D000D360054B19605368002BFCDA7047C04674
:1037E0000040024000B0FA000060024070B51D00C9
:1037F00001235B42436000230400836001600C20CE
:10380000160001F0CBFD43011B1A9901C91AC9002A
:1038100009188901300001F0C1FDC023221D9B0160
:1038200013432122A0601A602268002AFCDA049A5D
:103830002D04120315430822E5601A6070BDC046CE
:1038400001238340002904D0034A1360034A136014
:103850007047034A1360FBE780E200E000E100E00C
:1038600080E100E001238340014A13607047C046B5
:1038700000E200E0024B10309B688000C0587047A7
:1038800000ED00E070B50D00EFF3108672B60F4A40
:103890001368002BFCD0BFF35F8F0D4B10309B687B
:1038A00084001B590B4A934203D09D4201D0FFF77D
:1038B0006FFD074B9B681D51BFF35F8FBFF35F8F99
:1038C0000022024B1A6086F3108870BD240100D0DC
:1038D00000ED00E0CD010010F0B5DE4657464E4643
:1038E0004546E0B50C0083B0EFF3108A72B65D4A2E
:1038F0001368002BFCD0BFF35F8F102291468144E8
:103900004A46594B96009B689D59584B98469D4294
:1039100005D0A54216D0564FEB1B2F2B14D9524B76
:103920009B689D51BFF35F8FBFF35F8F00224D4BAC
:103930001A608AF3108803B0F0BCBB46B246A946B1
:10394000A046F0BD1D00EAE7012383409B465A468E
:10395000484B1B681A4000925A46474B1A60BFF307
:103960005F8FFCF780FC0190002801D0814528D1B1
:1039700001232A009A431300DB1B5B41454959434D
:10398000090D8C4691688C4208D161E043001B18F8
:103990009B00FB189968A14216D01A000620105609
:1039A0000028F3DAA14235D0009B002B05D05A46FF
:1039B000324B1A602F4B1A60B1E75A462E4B1A60F1
:1039C000ADE7FFF7E5FCD3E706201856002822DB19
:1039D0004200111889007C188846A1689960E17935
:1039E000D971062161569971002921DBA488F91A41
:1039F0006405241544440919E0240905490D2402ED
:103A00002143998013181E4A9B001178FB18997165
:103A10001070C9E71300019900290CD1FF209071A3
:103A200018489080164A1078987163461370BBE767
:103A3000BD210902E5E7144A1449D21A083A500296
:103A4000400D01439980124952080A43DA80ABE7DE
:103A50000620105613000028BADA019A002AEAD18B
:103A60004546DFE7240100D000ED00E0CD01001065
:103A70006402002000E100E080E100E080E200E07C
:103A80009D1E002000BDFFFF9E02002000F0FFFFF2
:103A900000F8FFFFAAAA0000F8B5012504000543BD
:103AA000FCF7E1FBEFF3108C72B6214A1368002B90
:103AB000FCD0BFF35F8F1F4E2200B7681E49521A19
:103AC0005241214B53431B0D8200B8585BB2A842B0
:103AD0001CD006228A569A421CD012228A569A423A
:103AE00022D01E228A569A4220D02A228A560320A9
:103AF0009A4210D0114A11781370A171BFF35F8FF1
:103B000000220B4B1A608CF31088F8BDB1680C488A
:103B10008850EFE700204200121892008918FF2217
:103B20008A71084A8A80E5E70120F4E70220F2E77B
:103B3000240100D000ED00E0640200209D1E002062
:103B4000CD01001000BDFFFFAAAA0000F0B50022C1
:103B50000324FF27802620003D00094B11009C46CE
:103B60001040C0008540A14361440B680132AB4363
:103B7000350085402B430B60202AECD1F0BDC046B8
:103B800000E400E07047C046F8B557464546DE46BB
:103B90004E46E0B598460A9B06009A460D9B0F00DC
:103BA000934615009B0710D10B9B0C9A93420CD2A5
:103BB00013005C460B9A9D1A5D4422004346013473
:103BC00039002020B047A542F7D10B9C6319002C87
:103BD00009D01D0053462A1B013C185D390043469D
:103BE000B047002CF6D10D9B9B070ED55B46EC1A17
:103BF0000C9BA34209D999462A004346390020204C
:103C00000134B0470135A145F6D82800F0BCBB46C9
:103C1000B246A946A046F8BDF0B54F464646D64640
:103C2000C0B584B098460EAB1B7894469946129B5B
:103C30000D9C109F119E9A0724D4002E6AD1BC427D
:103C400020D201221A409246202C00D1D2E00C9AB8
:103C5000551E302201E0202C30D001342A55A742D5
:103C6000F9D85246002A0DD0B4420BD20C9A551EF8
:103C70003022202C02D126E0202C63D001342A559A
:103C8000B442F9D1DA0634D55A0564D4002C5ED199
:103C90000F9A102A00D197E0022A00D1A8E0302222
:103CA0000C9C227001244A46002A5ED15A0700D497
:103CB00083E02B220C9D2A5501341CE05246002A39
:103CC00002D0202E3ED92024DA0614D55A0512D46B
:103CD000202F00D1A1E0202E3DD120261F2234002C
:103CE0000F9D102D00D18BE0022D52D030250C9F5E
:103CF000BD54202CD7D103930C9B624600930296AF
:103D000043460194FFF740FF04B0E0BCBA46B14619
:103D1000A846F0BD012215001D40AA461A4229D02E
:103D20004A46002A39D10C321A4236D1BC429BD2C3
:103D3000202C00D08BE710221A40202EC3D8002A56
:103D4000A2D1D8E72024DA06D5D55A0503D4A74254
:103D500025D0B44223D00F9A102A25D0022A14D09D
:103D6000202CC8D022000134C0E72D220C9D2A55FA
:103D70000134C0E7BC4200D384E7202C00D066E7C2
:103D800010221A40002AE0D1B5E7202CB3D022003F
:103D9000013462250C9FBD54E2E7013EC6E7621E76
:103DA000012C00D174E79BE79A0616D4202CA2D0F0
:103DB00078220C9D2A550134D2E71A079BD5202280
:103DC0000C9D2A55013496E79A060FD478220C9C54
:103DD000227030226270022465E7202C00D18AE72D
:103DE00058250C9A121915700134B9E75822EEE7DC
:103DF0006222ECE7102255461A40002D9FD1C1E700
:103E0000023C9D0604D478250C9F3D551400A9E77B
:103E100058250C9F3D551400A4E71F2260E7C046BB
:103E200010B5002800D110BD02F060FAFBE7C046D3
:103E30000B0010B5002802D049681B68984710BDD8
:103E4000F0B557464E464546DE46E0B599B0824647
:103E5000894690460893229A239B1000190001F08E
:103E600052FD002800D0CDE0229823990122D94BA1
:103E7000524201F043FD002800D0C3E0229823996C
:103E80000122D54B524201F02BFD002800D0B9E0B1
:103E9000229823990022002301F022FD002800D05F
:103EA000F1E1229E239F8023269ADB001A400D9287
:103EB000269A1A4201D1062324938023269A1B01B5
:103EC0001A403B0093460996334300D0B3E0002AE2
:103ED00000D0C2E1002300240A930B9400230425A0
:103EE0000993259B0024AB4200D95C1B0223269A30
:103EF0001A400C92269A134203D06B426B415B42EC
:103F00001C40099B002B07D00A9A0B9B30003900FC
:103F100001F09BFC06000F00229823990022002349
:103F200001F0DEFC002803D0802109067B181F0069
:103F3000269AAA4B009601971340089E0493249B4F
:103F400003940293424633004946504600F0AAF9D2
:103F50000400002D67D02020269A49460240130015
:103F60005A4253415B42621C18400A9233002200BD
:103F70004530D047099A6F1ED317D4185C40D30F31
:103F80009B46002501E0202D13D008AA94461F234C
:103F9000200063440A2101355E1901F0FFF9303138
:103FA000317020000A2101F0F9F926000400092EE1
:103FB000E9D805230693002304930A3303935B4651
:103FC000089E029310AB0A9A00934946330050466C
:103FD00005970195FFF720FE0C9A0400002A22D0D5
:103FE0004246851A259AAA421DD9B0465746160060
:103FF00022004346494620200135B8470134AE42ED
:10400000F6D810E0269B42460493259B494603932D
:10401000249B50460293229B239C00930194089B6F
:1040200000F040F90400200019B0F0BCBB46B246D5
:10403000A946A046F0BD6A4B78009C46400D6044FE
:1040400001F074FC674A684B01F008FC674A684B52
:1040500001F0F2FB674A3B031B0B1A4304000D00FF
:1040600009981100644B002201F0DDFB634A644BA8
:1040700001F0F4FB02000B002000290001F0DCFB42
:1040800001F06CFC099001F051FC5E4A5E4B0400AB
:104090000D0001F0E3FB00225C4B01F0CDFB01F0D1
:1040A0005DFC5B4A5B4B29000C90200001F0D6FBC5
:1040B00004000C980D0001F039FC574A574B01F0F1
:1040C000CDFB02000B002000290001F0ACFB040036
:1040D0000D0002000B000A940B9501F0BFFB0400D9
:1040E0000D000A980B9902000B0001F0A5FB0022BD
:1040F0000E900F914A4B2000290001F0A6FB0022F0
:10410000484B01F099FB02000B002000290001F050
:104110009CFB0022444B01F08FFB02000B002000AF
:10412000290001F092FB0A9A0B9B0D0080210400EC
:10413000C905002001F077FB02000B0020002900D8
:1041400001F07AFB02000B000E980F9901F07DFB45
:104150000022284B01F070FB344B0C9C9C466444BD
:104160002305002201F07AFB04000D0002000B0081
:10417000300039000A940B9501F0B2FB00285DD1A4
:1041800023002A00C625099963318D42AD41594665
:104190006D420435002900D1A3E6134363D03000FB
:1041A0003900234A234B01F0A1FB002807D000224D
:1041B00030003900204B01F093FB002853D1249BA1
:1041C000002B00D18DE60D9B5A1E9341249AD31AE1
:1041D000249386E6FFFFEF7FFFFFEFFFFFF7FFFF70
:1041E00001FCFFFFFB799F501344D33FB3C8608BA2
:1041F000288AC63F0000F03F0000F83F61436F632C
:10420000A787D23F71A379094F930A400000E03F8E
:104210001655B5BBB16B0240EF39FAFE422EE63FB0
:1042200000002C400000244000001840FF03000064
:104230002D431CEBE2361A3F80842E41099B00225D
:10424000013B09932000164B290001F0FEFA0A00F9
:10425000010003000A910B9294E7002300240A93C3
:104260000B9400230993249A099B9A4214DDD31AD4
:10427000013B24938023269ADB001A430023002568
:10428000269209932DE6802212069446229B1E0058
:10429000239B63441F0006E600232493EAE7C046FD
:1042A00000002440F0B54546DE464E465746E0B590
:1042B00095B08B46904699461E9A1F9B0A9019000E
:1042C0001000209D01F01FFB002800D0B0E11E98D7
:1042D0001F990122C74B524201F002FB002800D077
:1042E00037E11E981F990122C34B524201F006FB91
:1042F000002800D0A7E01E981F990022BF4B01F0B4
:10430000FDFA002800D088E01E981F990022BC4BBF
:1043100001F0E6FA002800D07FE01E981F990022E5
:10432000002301F0DDFA002800D0FAE000230B930F
:104330008023229C229ADB001C401A4200D102E119
:10434000092D00D87EE106A98C462C0017220023F7
:104350003021093C62440133D154EF1A202B00D1A3
:1043600032E1A342F7D10022A44B069207931E9894
:104370001F9901F0F3FA050001F0D8FA02000B00D2
:104380001E981F9901F04FFA069A079B01F066FAF2
:104390000890099101F006FB060001F0C3FA020043
:1043A0000B000898099901F03EFA0022954B0890FD
:1043B000099101F0A3FA002800D1D2E001363000C3
:1043C00001F0B0FA069A079B01F090FA002801D09C
:1043D00000260135AA46002F00D098E0280001F001
:1043E000A5FA02000B001E981F9901F01CFA854BDC
:1043F000002206000F0001F073FA0CAB9A46002869
:1044000045D10022300039007E4B01F077FA0028B8
:104410003DD1EB073BD5013539E0229B4246049361
:10442000219B594603930A981E9B1F9C029500935B
:1044300001944B46FFF704FD15B0F0BCBB46B246F5
:10444000A946A046F0BD229B5B0767D403226E4BB2
:1044500022990192039121990291009342464B4681
:1044600059460A98FFF790FBE6E706AA94461723F9
:10447000280063440A2101341E1900F063FF303123
:10448000280031700A2100F05DFF051E76D0202C37
:10449000EBD10323229A1340012B1DD1219B002B2A
:1044A0001AD00B9B002B00D0BBE0229A0C33134296
:1044B00000D0B6E0219BA34200D887E006AB9C4623
:1044C00017223023624404E02199013413558C42B1
:1044D00059D0202CF8D12024229B01940393219BB6
:1044E00002935346B9E706AA944617230A21634468
:1044F000300001341D1900F051FF303129703000B7
:104500000A21013F00F04AFF092E46D90600202C5F
:10451000E9D155460CAB20249A46B8E704223B4B20
:1045200096E71E9A1F9B0020002101F07CF90123D1
:104530000B938023229C229ADB001E901F911C402B
:104540001A4200D0FCE60022314B06270692079360
:104550000DE7229B0393219B0293042301932D4B90
:104560007BE7002208980999264B01F0B9F9002849
:1045700000D02FE7002E4FD101362BE70323229ADC
:104580001340012B68D0202CA6D00B9B002B1FD0F2
:104590002D235246135501349EE75546202CB9D0A1
:1045A00030223B19002F4BD0172006A901340918DF
:1045B0000A55202CAED09C42F6D10CAA92462E224F
:1045C00051465C1CCA5462E72024CCE6202C83D0E0
:1045D000229B5B0708D4229B1B0700D47CE7202387
:1045E00052461355013477E72B23524613550134B5
:1045F00072E7C046FFFFEFFFFFFFEF7F65CDCD41C4
:1046000065CDCDC10000E03F1C980010149800104B
:1046100080842E4124980010F30700D4DAE6013696
:10462000D8E6219B013B2193A34200D946E7AAE7A4
:10463000229B0393219B029303230193084B0CE7D6
:104640002300BAE7074BEA009B185C681B682F0041
:104650000693079400248AE6219B002B93D020E741
:1046600020980010C8990010F0B54546DE46574620
:104670004E46E0B5A1B01D002A9B90460B93D04A50
:10468000D04B83468A461A60002900D1A4E100235A
:1046900028789946002800D1A6E1CB4B5E460993C5
:1046A000CA4B4C46D34647460D930AE0631C9846D6
:1046B00022003B005946B04744462878002800D1E4
:1046C000CDE001352528F1D108239A46043B9946CF
:1046D000023B9846013B00229C460C942878691CBA
:1046E0000300203BDBB2102B03D8099C9B00E3584E
:1046F0009F460300303B0C9C0A92092B7FD9002374
:1047000098462A2800D1C1E000239A462E2800D1DD
:1047100090E00300683BDBB2122B1ED8AC4A9B0032
:10472000D3589F4663460D001A43D7E743460D0012
:104730001A43D3E74B460D001A43CFE710230D0071
:104740001A43CBE753460D001A43C7E780235B00AB
:104750000A9A68781A430A9201310D0067280AD82C
:104760002428A3D90300253BDBB2422B9ED80D9A07
:104770009B00D3589F4601006939C9B20F2995D8CB
:1047800001238B409C46934B994663464A4613400F
:104790000C9362464B461A4200D05EE20A2900D1D1
:1047A00024E1072982D10B9B02CB9846002900D136
:1047B0009BE121200A9A0243914610AB9C461F229E
:1047C0000F23404662440B959C46A04615000C9B67
:1047D0000A9002E0202B0CD0110064460C4020000F
:1047E0003730092C00D807380133E8540A090F295B
:1047F000F0D80C930A9B44460B9D984685E1002314
:1048000098460A9B45469C4600E00131AB005B1987
:104810005B001D180878303D0300303B092BF4D9AC
:1048200063460A930023A8469A460D0001312E28BC
:1048300000D06EE780200A9AC00002430A9230221C
:104840005242944668780B0084446246092A00D894
:104850002EE12A2800D13DE10D00013159E7DA4669
:10486000A146B346B846C84503D801235B4243443A
:10487000994643464A4651460020D847200021B079
:10488000F0BCBB46B246A946A046F0BD0B9B04CB8C
:104890009046002A04DB68780B930D00013133E762
:1048A0000A9A283802430A92424652426878904651
:1048B0000D000B93013127E7672800D1C7E1472896
:1048C00000D114E2452800D116E20A9A0721049289
:1048D00042460B9B0392073352468B4319000292C8
:1048E0000CC93000009201930B9122003B00594605
:1048F000FFF7A6FA0400E0E680239B0028E768782B
:10490000682800D11BE280230A9A01311A430A92D7
:1049100023E768786C2800D109E280230A9A5B00BB
:104920001A430A92013118E7462800D18AE10A9A0F
:104930000721049242460B9B0392073352468B4356
:10494000190002920CC93000009201930B912200D1
:104950003B005946FFF7A6FC0400AEE6631C9846F0
:1049600022003B0059462520B0474446A5E60B9B54
:1049700004330C93631C99460A9B9A0700D4E7E121
:104980000B9B2200187859463B00B04743464444ED
:10499000012B00D8B8E22B00B84625005F464C46F4
:1049A000994622004346013439002020B047AC42EA
:1049B000F7D12C00BB464D4647460C9B0B937CE63B
:1049C00069460010601B00202C980010BC98001055
:1049D0007098001041900000DC4B28789B46002323
:1049E0009946002800D058E600243CE70B9B02CBF8
:1049F00012930B789C4618005346002B00D09CE085
:104A0000002812D002235B420133994689444A466A
:104A10000B008946110001E08B4203D05A78013324
:104A2000002AF9D149465B1A0C938023DB00994692
:104A30000A9A13400B934B461A4204D00C9B5345E1
:104A400001D953460C93022399460A9A13400A93BC
:104A50004B46134200D1B5E16346002B00D197E1EC
:104A60000B9B002B00D14CE1D1460B1B9A462B002F
:104A7000A1444D462200B9465F469B4609E04B469D
:104A80003900541CB0475346185D002800D158E146
:104A900022009542F3D15B46BB464F46A9461D0016
:104AA0004C460A9B002B00D072E1129B0B9304E64C
:104AB00055460A9AA9004919490001330D1818787A
:104AC000303D010030390929F4D9AA460A921D0067
:104AD000591C1EE60B9BA87804CB0235D143C9179D
:104AE0000A4092460B93691C13E60A9B10211A0098
:104AF0008A43100011310843814680201A00C0000B
:104B000002401100034200D157E64B4608220693AB
:104B10005346059208320392002204930C9B0292A2
:104B2000019318AB2200009359463B003000FFF779
:104B300073F8434604000B93BFE5002800D174E7E7
:104B40005346013B60E7622800D1DFE1582800D1DD
:104B5000ECE10A9980230A00DB001A4010000A00E9
:104B6000194200D1BDE111239A430C920C9A802383
:104B700011009B0019408C461A4200D046E1802368
:104B800011005B00194089460B9904310A911A42C1
:104B900000D08FE213005B0600D59EE113001B06D8
:104BA00000D426E30B9B00229B5ED9175A184A407B
:104BB00092B2D90F0B91002B00D177E2100010AA0E
:104BC000944642461F23129252466344AA461494C6
:104BD0004D460400B946B0461F00139201E0202D57
:104BE0000FD020000A2100F0D9FB01357E193031A9
:104BF000317020000A2100F0D1FB26000400092EAC
:104C0000EDD8129B46469846139B4F46A9465546FB
:104C10009A46149C0C9B0693434605935346049373
:104C20000A2303930B9B02934B46019318AB22007C
:104C3000009359463B003000FEF7EEFF0A9B04004C
:104C40000B933AE520230A9A1A430A926FE68023CF
:104C50000A9A1B011A430A9237E6782800D0AFE17E
:104C60000A9880230200DB001A401100020018425B
:104C700000D1D0E20D239A43100003330A9380231E
:104C800002009B001A409446184200D0ACE18023F9
:104C900002005B001A4091460B9A04320C921842B3
:104CA00000D04AE2430600D493E20B9B1B780893A2
:104CB000002B00D04BE110339843002900D146E18E
:104CC0000023994643460593534604930A9B069056
:104CD0000393002302934B46019318AB22000093E9
:104CE00059463B003000FEF797FF040065E680233D
:104CF0000A9A1B011A430A9220230A9A1A430A921B
:104D0000E3E50B1B9A460C9B99462B005D469B46A0
:104D100022003B002900B04753460134185D0028AB
:104D2000F6D14B460C935B46AB461D00B9E6C0235B
:104D30009B000A9AA8781A430A92E91C0DE5C02341
:104D4000F7E75D46BB464F46ABE6C046853B0010E5
:104D50004346012B00D8D1E0631E4344B9461D00F1
:104D60005F46A2468B4622004B4601343900202084
:104D7000B047AC42F7D15D46BB464F46A1465446CC
:104D80000B9B4A46187859463B004444B04714E60A
:104D90000C9BA146984500D887E64444E41A2B00B2
:104DA000B84625005F464C469946220043460134EA
:104DB00039002020B047AC42F7D12C00BB464D460D
:104DC000474672E60C98804500D81CE243461A1903
:104DD000131A99462B004D46B9465F469B460C91E7
:104DE00022004B46013439002020B047AC42F7D1B5
:104DF00043460C9901330C930B785D469C46BB46A9
:104E00004F466046002800D02AE64EE607220B9B5C
:104E100007339343013294469C4462460B920CCB79
:104E2000D90F0A91110019435FD0D9171191109130
:104E300051400E91119959400F910E980F99109A67
:104E4000119B801A99410E900F9110AA002394464D
:104E500042469946129252461F336344B046AA46D0
:104E60004E461494B9460E9C0F9D1F00139201E00C
:104E7000202E10D0200029000A22002300F0D4FAAE
:104E8000013630322B00BA550D0022000400002BF1
:104E9000EED1092AECD8129B4F46B14646469846B9
:104EA000139B0E940F9555469A46149C0C9B0693A3
:104EB00043460593534604930A2303930A9B0293A4
:104EC0004B46019318AB2200009359463B0030003B
:104ED000FEF7A2FE0400FFF7F0FB0B9B1B781A0005
:104EE00067E610239A430C9240E600239946002877
:104EF000DCD1002200230E920F93A6E70B9B220029
:104F0000187859463B00B0474C4656E50A9880232E
:104F10000200DB001A401100184200D15FE10200DC
:104F20000D239A430B3B10000A93A8E60A988023AE
:104F30000200DB001A4011000200184200D166E1B5
:104F40000D2320209A43033310430A9397E66123ED
:104F5000820600D54123DBB20A3B0B93434610A9DE
:104F60001F228C46129353466244AA461494159706
:104F70004C468046B14617000A9E089D139308E0F0
:104F80003033DBB201343B55B5420ED3202C0CD06C
:104F900005003100280000F001FACBB20929EFD951
:104FA0000B9A94466344DBB2ECE7129B404698466A
:104FB000139B4E465546A1469A46149C159F81E682
:104FC0006F2800D037E10A990C230A009A43802306
:104FD00010000A00DB001A4011000A9A1A4200D0A1
:104FE00021E108230A934AE60B9AFA3BFF3B07327A
:104FF0009A4301339C46944463460B93136852686A
:105000000893134312921A1E05D1002310329946B9
:105010009043002941D16122810600D54122D2B2BC
:105020000A3A0C924246002310A9139252468C462B
:10503000994614921F330A9A6344AA461594179608
:105040004C469046B946089E1F00129D16900AE0F5
:105050003032D2B2002301343A55AB4211D0202C69
:1050600011D006000D00424600233000290000F058
:10507000DBF9D2B2092AEBD90C9B9C466244D2B22E
:10508000E8E7B045EBD9139B55469846149B4F462D
:105090009A46A1461698179E159C4346059353467B
:1050A00004930A9B06900393002308E7002800D08E
:1050B000B0E584E50B9B1B68DA0F1100002B00D1D3
:1050C00094E0DA179818504010AA914642461F23E0
:1050D000129252464B44A046AA4614970400B14689
:1050E00065461F000B91139201E0202D0FD0200088
:1050F0000A2100F053F901357E193031317020005A
:105100000A2100F04BF926000400092EEDD8129B6D
:10511000444698460B9BAC461900139B55464E4699
:105120009A46149F0C9B029106934346059353465F
:1051300004930A230393634677E50B9B1B6808934C
:10514000002B03D110339843002937D16123820605
:1051500000D54123DBB20A3B0B93434610A9894695
:105160001F22129353464A44AA46B14614941597F7
:10517000644680461700089D0A9E139308E030336A
:10518000DBB201343B55B5420ED3202C0CD00500C8
:105190003100280000F002F9CBB20929EFD90B9AAF
:1051A00094466344DBB2ECE7129B40469846139B5F
:1051B00055464E469A46A446159F149C4346059371
:1051C000534604930A9B069003930023029363467D
:1051D00082E5030613D50B9B1B88089368E5020044
:1051E0000C239A430A3B10000A9348E5002899D102
:1051F0006AE70B9B1B68D9175A184A40D9E40B9BE6
:105200001B68089354E5030001330C93F9E5202350
:105210000A9A1A430A920C230A9A00219A430433E9
:1052200010000A932BE50A9B0C9308230A930D2385
:105230000C98984323E510230A9A9A430C92692804
:105240000AD10A9980230A00DB001A4010000A00E4
:10525000194200D18AE486E40A991C230A009A4381
:10526000802310000A00DB001A4011000A9A1A423B
:1052700002D10A230A9302E50A230A93D7E7C0461C
:1052800000B585B0039101210290009303481300FB
:105290004A4202A9FFF7E8F905B000BD313E00100F
:1052A00010B5094A0300146884B0002C08D001220C
:1052B00000910648524203A9A047012004B010BD46
:1052C00001F06CF80020F9E7601B0020213E00107F
:1052D00001480421014B1847B0020020015300107F
:1052E000142310B50100188804331B88984710BD9B
:1052F000162310B50100188802331B88984710BD8B
:10530000F8B54746CE4680B50F1E19D014239946EE
:10531000043304000025012698464B46188843466E
:1053200021681B88984701C4431E984101354042BB
:105330000640AF42F1D13000C0BCB946B046F8BD1E
:105340000126F8E7144A936F9B0815D29066D16640
:10535000002905D0FFE7FFE7FFE7516F106F7047A7
:1053600004B580210906C2175140002800D0C84367
:1053700004F006F9002104BD936F5B08FDD3F0B57E
:10538000946ED56E576F166FFFF7E0FF9466D56683
:1053900057671667F0BD0000000000D0134A936FF6
:1053A0009B0813D210665166002905D0FFE7FFE77E
:1053B000FFE7516F106F704704B5002801D000203F
:1053C000C04304F0DDF8002104BDC046936F5B08C4
:1053D000FDD3F0B5946ED56E576F166FFFF7E2FFF1
:1053E0009466D56657671667F0BD0000000000D0D0
:1053F00094464E4A926F9208624601D230E0C0460F
:10540000F0B54A4EB56F6D08FCD3346E756E776F8C
:10541000366F00F025F89446444A1466556657677F
:1054200016676246F0BDC0469446404A926F9208A5
:10543000624601D258E0C046F0B53C4EB56F6D08EB
:10544000FCD3346E756E776F366F00F04DF894466E
:10545000364A14665566576716676246F0BDC04601
:10546000002B24DB11D000293EDA00B5C9434042AD
:1054700000D1013100F038F8C943404200D1013178
:10548000DB43524200D1013300BD002AEBD100289A
:1054900001D1002905D00020C90FC90701D1C0439F
:1054A000410800B504F064F80022002300BD00B5F7
:1054B00000290ADBDB43524200D1013300F014F82B
:1054C000C943404200D1013100BDC943404200D12F
:1054D0000131DB43524200D1013300F005F8DB43D8
:1054E000524200D1013300BD002923D1002B18D135
:1054F000002A0CD0BC460D4F38667A660021002386
:10550000FFE7FFE7FFE77A6F386F674670470028CD
:1055100001D00748010000B504F02AF8002200235A
:1055200000BD02000B00002000217047000000D0E9
:10553000FFFFFFFF002B00D0BDE0130C26D1002A97
:10554000E7D080B4104F39667A66FFE7FFE730B4E2
:10555000040C7B6F396F1B0423433B66FFE7FFE7B7
:10556000FFE7C04684B27B6F3D6F1B0423433B665D
:10557000FFE7FFE7C04600232C042D0C7A6F386F3D
:1055800000196941B0BC7047000000D0F0B59446E6
:105590000025140E01D112020835140F01D1120199
:1055A0000435940F01D192000235D40F01D152007D
:1055B0000135D40B0134254F7C66254C3C660E0C1E
:1055C00093B2FFE7FFE7FFE73C6F6643360C7703D4
:1055D000BE467343DF0B5B04C01AB941130C73431F
:1055E000DB18C91ACE086643360CB64493B273432F
:1055F0001F0F1B01C01AB941130C73431F0B1B056E
:10560000C01AB941860D8F023E436643360C092D00
:1056100024DB520A7243801A7703460A6643360C2B
:1056200016235B1BDE40DF40BF1964466643821BC6
:105630007046043506330100D940A840C01900D394
:105640000131A24206D20023F0BD0000000000D0CC
:10565000FFFFFFFF121B0130F3D3F1E709277F1B88
:10566000FE406446A2B27243801A00D20139220C75
:105670007243130C1204821A99410B0070460435D0
:1056800013370100F940A840801900D30131002BE5
:1056900002D1A2420AD2F0BD013000D30131121B67
:1056A000FAD2013BF8D1A24200D2F0BD013000D3C2
:1056B0000131121BF7E7F0B51C0C00D080E00CB4F0
:1056C00000251C0A04D11B02160E334312020835B2
:1056D0001C0B04D11B01160F3343120104359C0B24
:1056E00004D19B00960F334392000235DC0B02D1AC
:1056F00092185B4101351C00971864410134464FF4
:105700007C66464C3C660E0CFFE7FFE7FFE7C046B1
:105710003C6F6643360C7703BE4697B27743C01B97
:1057200000D20139C01B00D201399FB27743C91B97
:10573000C91B170C77437E04FF0B801BB941CE08B1
:105740006643360C0C2D33DBB644120B1F053A436F
:105750001B0B97B27743C01B00D201399FB277432E
:10576000C91B170C77433E043F0C801BB941860DC3
:105770008F023E43664329277F1BFE400C3D774640
:10578000AF40BF1930BCA2B2ABB272437343801AB0
:105790009941220C7243130C1204801A99410200A1
:1057A0000B000137001BA941F9D2781E0021F0BD82
:1057B0000C277F1BFE4077467F0BAF40FF19E0E7C9
:1057C00000245D1C07D0144F7D663966FFE7FFE7B4
:1057D000FFE7FFE73C6F95B29EB265436643401B0F
:1057E000B141150C1E0C6543664336042F0C3E4335
:1057F0002D04401BB141994204D202000B0020004D
:105800000021F0BD01D19042F7D3801A99410134B3
:105810009942F2D3F6E70000000000D0FFFFFFFF3F
:1058200048404140484018B4114B5B68FC46019326
:1058300008BD04DF775A001018B40D4B1B68FC46F6
:10584000019308BD00DF815A001018B4084BDB68D3
:10585000FC46019308BD0CDF395D001018B4044B01
:105860009B68FC46019308BD08DFDD5B001000006B
:10587000C00D0020FFB550404240504059404B40C1
:10588000594000E0FFB5154F4C00640D03D0BC42F9
:1058900004D10C0314D80020090D09055C00640D27
:1058A00003D0BC4204D11C030AD800221B0D1B05E7
:1058B00001264B4009D44B4003D58B4200D1824294
:1058C000FFBD9942FCD19042FFBD0B43DB1803435F
:1058D0001343F5D0C9434918FFBD0000FF0700007E
:1058E00000B5FFF7CFFF804100BDC04600B5FFF710
:1058F000C1FF01D9002000BD012000BD00B5FFF7A8
:10590000B9FF804100BD012040054A00121804D8AB
:105910005A00121801D8002070470120704700205B
:10592000704700000021002805D17047C11748408A
:10593000401AFAD0C90713B5064B1B6898470CBC30
:10594000441CA2401005120B0349091B0905194309
:10595000114310BD701E00201F04000010B54C0044
:10596000620D8023D218DB00D21A5B057E2A10DD7F
:105970009E3A13DACC170903490819435242D14021
:10598000640001341532202A05DAD0400843604310
:1059900010BD002010BD0846604310BDC80FC018E0
:1059A000013810BD18B4044B5B6AFC46019308BD76
:1059B00024DF655F00100000C00D0020132370B5C8
:1059C0001D78012D10D00BDD1B48FFF791FC1B4CFF
:1059D00001008022200000F007FC022D28D070BDBD
:1059E000174B164CA364FAE7154B144C2360636005
:1059F000A360E36023616361A361E3612362636287
:105A0000A362E36223636363A363E3632364636466
:105A1000A364E36423656365A365E3652366636646
:105A2000A366E36623676367A367E367A364D6E7B8
:105A3000034BA364D3E7C04653440000C00D0020CD
:105A4000455A001007B5604601880A0A0230DF2A6D
:105A5000FAD1C9B2820804D30288408800041043F6
:105A600000E00068014A5050039007BDC00D0020BF
:105A70000FB403BC0CBCF0B50124E407634000E0A4
:105A8000F0B50C0DCF0F661E3605891B640503D3D8
:105A9000C943404200D30131640D03D0661CF60AAD
:105AA00007D0E41B00207F00791C89078912803C05
:105AB00024031D0DDF0F6E1E36059B1B6D0503D3E2
:105AC000DB43524200D301336D0D03D06E1CF60A46
:105AD00007D0ED1B00227F007B1C9B079B12803DA3
:105AE0002D032F1B661B58D4A446202E46DA2037E0
:105AF0001400BC401D00BD40F24033412A438018D1
:105B00005941CB0F05D0C943C043002264425041E4
:105B1000514162464D0D28D10D0D07D100281FD0EF
:105B2000241940414941013A0D0DF9D0640006D3D2
:105B3000013000D30131002C01D140084000013A6E
:105B40000BD4941CE40A04D112051144DB07194458
:105B5000F0BDD907204B194300E0D9070020F0BD64
:105B60000029DDD1002CDBD1F0BD0132C607400891
:105B7000CD0728434908002EE1D0D9E73C2E29DA89
:105B8000203E40371400BC4000D00124F2401443B2
:105B90001A00BB401C43D317ACE7AC46202F08DAF1
:105BA00020360400B4400D00B540F8403941284388
:105BB000A5E73C2F0CDA203F40360400B44000D06B
:105BC0000124F84004430800B1400C43C117EAE740
:105BD00010001900002494E70000F07FF0B50C0DD0
:105BE000661E3605891BE60A6405640D02D0651C35
:105BF000ED0A04D0002001210905803C2403A446BD
:105C00001C0D671E3F05DB1BE70A6405640D02D00F
:105C1000651CED0A04D0002201231B05803C2403EF
:105C20007740644497B484B296B27443070C7E43C1
:105C3000150C6F4380B26843361802D3012000046C
:105C40003F183004350C00197D41844688B29AB261
:105C500050430C0C62431F0C7C438EB27E4392195E
:105C600002D301263604A4191604170C361867410E
:105C700001BC81B29AB25143040C62431B0C5C43D9
:105C800080B25843121802D30120000424181004D3
:105C9000130C401863412D185E410020474106BC9B
:105CA00088B293B258430C0C6343120C544389B22C
:105CB00051435B1802D301210904641819041A0C1A
:105CC000091862416D1856410020474118BCF9027D
:105CD000720D1143F0026A0D1043ED020A0D03D15B
:105CE0006D1940414941013B124E9B1B7600B34266
:105CF0000ED26D0007D30130002671416646354350
:105D000001D1400840001B05C918E4072144F0BD3B
:105D10000BDA013306D1013004D101314F0D01D02E
:105D20004908F2E7E1070020F0BD01363105002007
:105D3000EBE70000FF030000F0B51C0D671E3F05F8
:105D4000DB1BE70A6405640D02D0661CF60A04D06A
:105D5000002201231B05803C2403D0252D060026AC
:105D6000F6432E661E096E66CE0FF619B44649003C
:105D70004F0D02D07E1CF60A03D000200021403FC8
:105D80003F033E1BB600B444013F7F05C91B4908D1
:105D90002E6F013676089C02950D25437543ED1351
:105DA0007543AD1301356D10F603761B0CB4CC02B0
:105DB000450D2C43A2B2B3B25A43270C7B43350C9A
:105DC0006F43A4B26C431B1902D3012424043F196E
:105DD0001C041D0CA4187D4124196D41009A91B238
:105DE000ACB26143170C7C432B0C5F4392B25A4315
:105DF000A41802D301221204BF182204230C521843
:105E00007B41019C6C431B19520ED9010A4344018A
:105E1000A01A81B2B2B2514303145A43360C7343F1
:105E200087B27743D617D21900277E4136049B19D3
:105E30001704160C7F185E417316ED18F301002647
:105E400080337541A90F06D16400690AE8055B0A31
:105E5000184309D22FE00422944480337541A90AE3
:105E6000A8059B0A184326D3404149412404009ABF
:105E7000019B0D005543641B4343E41A95B286B25F
:105E80007543170C7E43030C5F4392B25A43B61816
:105E900002D301221204BF183204330C52197B4181
:105EA00052429C41002C02D4002201305141400852
:105EB000CA071043490802B06246D7079210084B40
:105EC000D218084B9A4203D212058918C919F0BD9D
:105ED0000020002A01DC3900F0BD01331905F5E787
:105EE000FD030000FE070000624618CA9446002920
:105EF0001ADAC01861415B463B415C46B4405246E9
:105F0000FA40224344464D4662416B4190469946D1
:105F10002B46B3403D41FC401C4352465B46A241E8
:105F2000AB4192469B467047C01AA1414B463B414C
:105F30004C46B4404246FA40224354465D466241D4
:105F40006B4192469B462B46B3403D41FC401C436F
:105F500042464B46A241AB419046994670470020CD
:105F600000217047002200B5203200F004F808003C
:105F700000BD000000220B15F1D410B5944600F0CE
:105F80002FF81414013400DA0021CB17134C2047EA
:105F90006244343A0CD40C2A07DA04009140904051
:105FA00052422032D440214310BDD843D94310BDC2
:105FB000203207D40C469440524220321141D04046
:105FC000204310BD0800C917203203D452422032AA
:105FD000104110BD1800190010BD0000915F0010A5
:105FE0000A0DCC0F531E1B05C91A520503D3C94312
:105FF000404200D30131520D03D0531CDB0A07D0BD
:10600000121B00206400611C89078912803A120368
:10601000014BD21A70470000FF0300005143434375
:10602000C9188C46110C83B24B4310B4040C614365
:1060300092B280B2504362431C041B0C001910BC86
:1060400059411304120CC018514161447047491A58
:10605000002807D108467047C10FC90700D5404244
:10606000002817D0F44603B40B4B1B68984706BCB6
:1060700081409E384042803107D20B0607D049004C
:10608000490AC0051043084360470130F8E7490A50
:106090008902F5E770470000701E0020034BDB6F9C
:1060A000FC4618477CDF416100100000C00E002054
:1060B000132310B512481C78FFF71AF90100012CC0
:1060C0000AD003DD80220F4800F08EF80E48FFF75B
:1060D00007F90E4B186010BD0A4C5422200000F046
:1060E00083F80B4B6365A365E36523666366A3666C
:1060F000E36623676367A367E3672362E361E5E71A
:1061000053460000C00E00204C330000701E0020DB
:106110001561001007B5604601880A0A0230DF2ABF
:10612000FAD1C9B2820804D302884088000410431F
:1061300000E00068014A5050039007BDC00E0020E7
:10614000C30FDB0741000A0E07D0FF2A08D0090958
:10615000054A891819434007704719000020704705
:106160000249C918FAE70000000000380000F07F7B
:1061700070B504000A4E300003F01AFA200002F055
:1061800031FD0500300003F0EBF9002D05D0054B83
:106190002C199C4201D8280070BD0348FDF7E0F897
:1061A000640B002000000420189A001070B5040051
:1061B000054D280003F0FCF9200002F01DFD280029
:1061C00003F0CEF970BDC046640B002001480421E5
:1061D000014B1847C002002001530010014B1B68FF
:1061E00018470000C0020020014B5B681847000000
:1061F000C0020020F0B5C64607000D00160000B52D
:10620000002A32DD00216A1E90466A5C037C4C1C29
:1062100000200A2A0CD0A6421AD043461B5D21005A
:106220000D3B5A4253416A5CDBB24C1C0A2AF2D144
:10623000002BF0D1814203DD091A3B6828189847EA
:1062400002210B483B689847A64207D02000E4E7AC
:10625000864203DD311A3B6828189847AD19013D85
:106260002B780D3B5A4253413B7480BCB846F0BD7D
:10627000909A0010F8B5CE4647460B6806000D0010
:1062800080B5802B07D05A1C2A60ED182E71C0BC37
:10629000B946B046F8BD134B1C68002C1BD0124BFE
:1062A00098460B1D994602E0E468002C13D027683D
:1062B000002FF9D043461B68002B01D09C42F3D13C
:1062C000637C2A68002B09D020004946FFF792FF23
:1062D000E468002CEBD101220023D5E711004846E9
:1062E000B847E1E7D0140020D8140020F0B5CE461E
:1062F000474680B583B06B46DE1CD02330701B064A
:106300001C68234B804601A91800994603F040F908
:10631000071E27D01F4B1C68002C2FD01E4D02E0FB
:10632000E468002C12D02268002AF9D02B68002BD8
:1063300001D09C42F4D1637C002B0FD020000122BD
:106340003100FFF757FFE468002CECD1002F15D186
:10635000404603B0C0BCB946B046F0BD0121300094
:106360009047DDE7019B9C420CD0484603F020F9A2
:10637000084B1C68002C01D00127CFE7484603F0EA
:10638000EFF8E5E7034B1C68002CC7D1E0E7C046F7
:106390006C0B0020D0140020D8140020F0B5DE468D
:1063A00057464E464546E0B585B0070002F00AFF65
:1063B000D0231B061C68404B03AD060029001800C3
:1063C000019303F0E5F88346002860D03B4B1C683E
:1063D0009A46002C57D03A4B98460A23994602E039
:1063E000E468002C24D02268002AF9D043461B68B8
:1063F000002B01D0A342F3D1637C002B2ED03200BE
:1064000039002000FFF7F6FE4B462B70637C2268B4
:10641000002B2CD0237C002B2DD102212948904722
:106420002B780D3B5A4253412374E468002CDAD197
:106430005B46002B27D153461C68002C06D06368AE
:10644000002B1CD09847E468002CF8D1300005B030
:10645000F0BCBB46B246A946A046F0BD31003800AC
:1064600090474B462B70637C2268002BD2D10121D0
:1064700028009047B4E7012128009047D0E7E4685E
:10648000002CDCD1E2E7019803F06AF8D3E7039B24
:106490009C420AD0019803F08BF8084B1C689A467E
:1064A000002CF0D001239B4695E7044B1C689A46CC
:1064B000002C90D1CAE7C0466C0B0020D0140020FD
:1064C000D8140020909A00100D4A1368002B13D0A6
:1064D000834202D109E0984208D01A00DB68002B01
:1064E000F9D1002900D0D06070471A000029FBD1F3
:1064F000DB68D360C160F7E70029F5D01060F3E7EF
:10650000D0140020F0B54646D6464F46D023C0B53D
:106510001B061F68314BA2B004000D00180001A932
:10652000984603F035F8061E23D001268422002168
:1065300001A8FFF753FE2B002200294801A9FEF70E
:106540009FFE019B8146002B1CD1264B1C68002C12
:1065500006D06368002B13D09847E468002CF8D16C
:10656000002E34D1484622B0E0BCBA46B146A84617
:10657000F0BD019B9F42D9D0404603F019F8D4E703
:10658000E468E4E7174B1D689A46002D23D0164FA8
:1065900002E0ED68002D12D02C68002CF9D03B6889
:1065A000002B01D0AB42F4D16B7C019A002B0AD0B6
:1065B000280002A9FFF71EFEED68002DECD153461E
:1065C00001951C68C3E7110002A8A047E1E7404617
:1065D00002F0C6FFC6E70195C2E7C0466C0B00207B
:1065E00075620010D0140020D81400200FB400B53C
:1065F00083B004A901C90191FFF784FF03B008BC6F
:1066000004B0184710B500F045F800F097F910BD38
:10661000F0B5002915DD0E4B0D271A680D4B0E4CF9
:10662000D3185D426B41451820215B001E5F047842
:10663000A64207D093691942FCD101301460A842E8
:10664000F5D1F0BD93691942FCD11760F2E7C0465D
:10665000901E00200080FCBF8C1E002030B505007D
:10666000002912DD00201024094B013D1A689369AE
:106670001C4208D1013093691C42FCD113682B5491
:106680008142F4D130BD0028FCD103204042F9E71B
:10669000901E0020E12110B50B4B0C481B780C4BD1
:1066A00049021B780B4B1860FBF7F8FD0221002014
:1066B000FBF7ACFC02210120FBF7A8FC01210648F6
:1066C000FFF702FF10BDC0469C9D00100040034034
:1066D000989D0010901E0020D00200207047C046F8
:1066E0000022014B1A7070479E1E00204B7900203B
:1066F000FF2B0BD18B79002B08D1CB79012B05D146
:10670000082A03D9024B8A7809301A707047C046AC
:106710009E1E0020012070470120704770B5144A6A
:106720004B79087912781B02034300209A4200D06B
:1067300070BD4B78012B08D0022BF9D100206422C8
:106740000021FCF7F1FF0120F2E7CA788C781202F1
:1067500005001443D20502D5620A93401D00054886
:10676000FEF7BEFD7F210300214028009847C04668
:106770009E1E002055420000012303700048704710
:10678000D49A00104B780A781B0213438A7810B50C
:1067900012041A43CB781B0613439622D20093426D
:1067A00000D010BD0348FEF79BFD00210300080048
:1067B0009847C0465542000070B5184C82B006009C
:1067C0000D00200001A902F0E3FE002808D1D0232B
:1067D0001B06019A1B689A421CD0200002F0E8FEBA
:1067E000002001F0ABFB002807D103256D422000FB
:1067F00002F0B6FE280002B070BD002001F0B8FB28
:106800000028F2D02A003100002001F0BFFB051E55
:10681000EBD0ECE703256D42ECE7C046741E002088
:10682000F0B5DE464E465746C0B5344B82B0814681
:106830000D00180001A99B4602F0AAFE002808D10D
:10684000D0231B06019A1B689A4250D0584602F08A
:10685000AFFE002001F072FB002840D00024002D84
:1068600042DD274B9A4612E04B460020191901F0F1
:1068700017FC060000F0BCFC002001F0C1FBFCF797
:10688000D5F9534618605960A419AC422CDA00209F
:1068900001F022FC2E1B0200B04200DD3200002A73
:1068A000E2D100F0A5FC002001F0AAFB002001F0DD
:1068B00045FB002818D0002001F00EFC0028E4D190
:1068C000FCF7B4F9002753460E4E1A685B6892191C
:1068D0007B41994208D8D8D19042D6D904E0002013
:1068E0000021074B18605960584602F039FE02B08B
:1068F000E0BCBB46B246A946F0BDC046741E0020AF
:10690000B80D002020A107001F2010B5FCF7AAFF3A
:10691000FA200021800010BD10B5074C0021200096
:1069200002F036FE002800D110BD00F061FC20000E
:1069300002F016FEF8E7C046741E002070B51E4B2C
:1069400084B01B7801F094FD1F201C49FCF79AFFCE
:1069500001211F20FCF774FF1948FCF75BFAFBF7D5
:106960003FFF0600FCF762F9FA2204000D00002345
:10697000920012196B41994214D811D00121029151
:10698000002101910F4930000091FBF72DFF040019
:10699000631E9C41E4B2002808D1200004B070BD01
:1069A0009042EBD901225242D317E7E70121064872
:1069B000FFF78AFDF1E7C046A09D0010196900109D
:1069C000741E002009690010E4020020004870478E
:1069D000B89B001000487047649B0010002806D147
:1069E000124B13484380063BFF3B0380704705284A
:1069F00015D8104B8000C0580F490123013804E01E
:106A000001330A800231142B0BD0C25C002AF7D16B
:106A1000C022DBB25B00920005481343E5E700208B
:106A2000E4E7CA2302489B00DFE7C04609040000F0
:106A3000A01400204C9B0010A2140020F0B5982355
:106A400045464E46DE465746414AE0B5D658802474
:106A500035006402883B984685B02540264214D014
:106A60000121392000223B4B25001954597147312F
:106A70005A541A7500200132374901F055F8802226
:106A8000364B92021A65364B9846F3060CD4802397
:106A90005B011E423BD1B54255D105B0F0BCBB46AF
:106AA000B246A946A046F0BD294B9F6D9946002FDE
:106AB00028D02A4B00259A46264B012403960293A0
:106AC00003E064000135202D1BD03C42F9D04B4639
:106AD000DB6D5346682601229C656B085E433423B8
:106AE0009346AA435343F618029B9C4666443000E3
:106AF00000F038FA00281AD1A74301356400002FAE
:106B0000E1D1039E80235B0145461E42C3D0002194
:106B1000144A002011700E4A1D43116001220131F8
:106B200000F090FF80220D4B12031A65B3E75B461D
:106B3000F269317900200093002301F01DF8300044
:106B400000F0E4F9D8E7290007487140FCF708FC99
:106B500000001150E01400200000105000301150CF
:106B600010000100981E0020CC9B001010B50121E0
:106B70000520FCF765FE10BD094B10B50122197008
:106B80003921002307484254427147328354037528
:106B9000002200213430013300F066FA10BDC046F7
:106BA000981E0020E01400208022024B5202DA647A
:106BB0007047C0460020115070B5050000F07EF906
:106BC00005201C49FCF75EFED0221B4C0021200052
:106BD000D200FFF703FB0022184B19491A70194B1A
:106BE00040201960352601231749E3706371E06284
:106BF000E1600A60A3554C36FF36268700262066E2
:106C00002430265411491248A26021612370E28683
:106C100020640260E2633432A3540E4A6164136458
:106C200080239B05D36490230B492800D150FFF7A4
:106C3000BBFF70BD3D6A0010E0140020981E0020CC
:106C400080011050681B002084001050000110507B
:106C50008000105000001150101001000B785B06EE
:106C600002D14B78052B09D0012139200022064B97
:106C70005971195447311A755A547047034B1A7891
:106C8000034B1A60F0E7C046E0140020981E002075
:106C900000001150F8B54746CE46072380B5487925
:106CA0000A790340C8788C7880077F211B02134340
:106CB000820F682021409446914648433422804602
:106CC000E60972433D4D4244AA1867B21471FC4371
:106CD000E40FD4704C424C4156709170547162462E
:106CE000012A62D0402B64D83422682472434C437A
:106CF0001219AA181400604630342070D362CC00F8
:106D0000002F3DDB2E4884466444D460002222607C
:106D1000002942D02B4ACC00944664443422682790
:106D200072434F43D219AA189460274A94461768B1
:106D3000402B00D240233F22FB18134201D0934343
:106D40004033682034224843804672434244AA18A4
:106D50001761624613604A469006A0221B4B12063A
:106D60007B400343134323603423682273434A4325
:106D70009B1801220120EA54C0BCB946B046F8BDB8
:106D8000134884466444D46000222260002904D061
:106D90000E4ACC0094466444C0E734230022734377
:106DA000EB189A600B4A1A61DEE78022D200934208
:106DB0009AD319000848FCF7D3FAC046E014002023
:106DC0008400105004001050681B00200000105078
:106DD0008000105000011050E09B001010B50C0016
:106DE000342011001A00E30958437F231C40173B4D
:106DF0006343C018034BC018012300F035F901208C
:106E000010BDC046E014002070B57F2534206823F3
:106E10000D40CC096B4360430C4EC018301883788A
:106E2000002B04D1427802339B1A094A93668022D0
:106E30000849120100F074F83423682263436A435E
:106E40009B180122F3181A7570BDC046E01400208B
:106E500000201150FFF7FFFF70B57F253420682315
:106E60000D40CC096B4360430B4EC018301883783B
:106E7000002B04D1427802339B1A084A9366002201
:106E8000074900F04DF83423682263436A439B1896
:106E90000022F3181A7570BDE01400200030115064
:106EA000FFF7FFFF034B8000C25810B50248FCF704
:106EB00057FAC046F8020020089C001080220E4BB2
:106EC000520410B51A600D4B0D491A6010008B6802
:106ED0009843FBD10B4C9C2200212000FFF77EF948
:106EE0008022002152010848FFF778F909236367DF
:106EF0000333A36710BDC04600E0004000F000402F
:106F000000C000400000115000001050002300217C
:106F10003222838281548361C3610362836270473A
:106F200010B5C368002901D01C682140002A11D087
:106F30008024E400114322420CD01A6822420BD173
:106F4000074A0A401A60FFE7FFE7FFE7FFE7FFE7AE
:106F5000FFE7C368196010BD81784078FFF7A2FF92
:106F6000FFFBFFFFF0B5C64600B5457D0400002DD0
:106F700000D167E0C368C7781A68C3699205960DA7
:106F8000002F46D1F318C361A169CE1A402E32D822
:106F9000F218521A50424241D0B224222662904640
:106FA000A05499424BD322D0002F26D08023DB005F
:106FB0001E43617901220B005D1EAB4151405B0312
:106FC00033436171002802D08022D2011343E1686B
:106FD0000A6852053BD4204A1A400A60FFE7FFE7DF
:106FE000FFE7FFE7FFE7FFE70025E26813602800FF
:106FF00080BCB846F0BD4026CAE7A16A3200C91875
:107000002069FFF7F1F884231B021E434346E05C2E
:10701000CFE7806A3200C0182169FFF7E5F8E3691D
:10702000E778F318E361002FAED0226A9642ABD224
:10703000A3610023012223622433E254D7E70748E7
:10704000FCF78EF98178064A0648FCF789F9A178A1
:107050006078FFF727FFC046FFFBFFFF549C00103E
:10706000F8020020289C001070B50400002B49D0C5
:10707000437D002B03D000230375322023540023CB
:10708000A261E361151C402A31D80123ADB2521B25
:10709000637553425A41242625230020D2B225622B
:1070A000A162A255E054E378002B22D08023DB00BC
:1070B0001D4361790B00581E83415B031D4301236F
:1070C00059406171002A02D08023DB011D43E26830
:1070D00013685B0519D40F4B2B401360FFE7FFE7E4
:1070E000FFE7FFE7FFE7FFE7E3681D6070BD4025AE
:1070F000CBE72A002069FFF777F884231B02A25D03
:107100001D43D6E7FFF72EFFF0E7A1786078FFF781
:10711000C9FEC046FFFBFFFF024B5878431E984153
:10712000C0B270473C130020024B18784007C00FD4
:107130007047C0463C13002070B537220021244818
:10714000FFF74CF8234C2000FBF764FE224B1C6039
:10715000224C2000183CFBF76BFE200001F078FB6E
:107160001F4B204E204D1C60002E26D02800FFF71C
:1071700003FB1E4B002418602B78002E21D01B4EE1
:107180009C420ED300F0B6FF01342B78E4B2A34248
:10719000F6D20020FFF710FD0020FFF7E7FC0120EA
:1071A00070BDE30032681B1B9B009B58984701345D
:1071B0002B78E4B29C42E3D9EBE700242B78002E35
:1071C000DDD100F097FF2B78002BE2D03368FFDE93
:1071D0003C130020F4120020741300201803002038
:1071E0007813002079670010961E002004100020FC
:1071F000F0B5DE4657464E464546E0B591B001F043
:1072000047F9002800D130E1BA4B0DAF9A46BA4B8E
:10721000544699464D46B94B0393B94B0493B94B29
:1072200002932668B269EFF3108172B61368002BDF
:10723000FCD0BFF35F8FF1613000390001F084F9B9
:10724000B2698046F369BFF35F8F0021116083F359
:107250001088002800D108E17B78082BE1D89B003A
:10726000EB589F467B68002BDBD0B8689847D8E77F
:107270007F223979A24B0A4056009B199846C809CB
:10728000804440460123203046799E43467146792A
:1072900003339E434671002A00D1EDE043469A4AEB
:1072A000DB7C002A06D0994A1278934200D275E11D
:1072B0009B1ADBB2002B00D0D7E0954EBB687A79E1
:1072C0003878B047ADE701218B4659468C4A0020FB
:1072D000137801920B4313703B789A4600F0A8FD97
:1072E00060233A791340602B0ED0402B00D1E0E0B0
:1072F000D206D20E9146012A00D15AE1022A00D1CB
:1073000014E1002A00D1E7E038780021FFF77CFD86
:1073100080213878FFF778FD83E7039B002B00D1AD
:107320007FE700E000BF7CE77A4B002B00D178E7D5
:10733000734B18780007C00F00E000BF71E7734B74
:10734000714A9A4600261B78002A00D1ACE06D4AAB
:1073500090469E4205D30136F6B29E4200D960E7C0
:10736000F9D242461168F200921B92008A18926983
:10737000002AF0D038789047534601361B78F6B291
:107380009E42E6D94DE7049E3B783722002130002B
:107390009946FEF723FF1022FF215F48FEF71EFFEC
:1073A00030001222FF211330FEF718FF00F036FDE7
:1073B000564B554A9A46904600261B78002A6BD0B9
:1073C0009E4248D3484600F0D1FE534601361B7812
:1073D000F6B2B342F4D2514B002B00D121E700E0CA
:1073E00000BF1EE7464E3B783722002130009B4607
:1073F0000196FEF7F3FE1022FF21F01CFEF7EEFED1
:1074000030001222FF211330FEF7E8FE00F006FDE7
:107410003E4B3D4A9A46904600261B78002A31D0C2
:10742000384A90469E420CD3584600F09FFE534681
:1074300001361B78F6B2B342F4D23B79019A9370CD
:10744000EFE643461A68F3009B1B9B00D31858468F
:107450005B689847EBE7029B48461A68F3009B1B62
:107460009B00D3185B689847AFE711B0F0BCBB46F0
:10747000B246A946A046F0BDBB687A79387800F0DC
:10748000EBFCCEE6584600F071FE53461B78002B0D
:10749000D3D043465B68FFDE484600F067FE5346A4
:1074A0001B78002B97D0F4E7002B00D1B9E6936945
:1074B000FFDE1B4B002B00D126E71A48002801D025
:1074C00000F0B6FC50460EA900E000BF80464346DF
:1074D000002B00D0A5E617E7202B00D19CE0002B65
:1074E00000D011E77B79092B00D90DE70E4A9B00EC
:1074F000D3589F4678130020789C001000000000AD
:107500003C1300200410002079670010961E002014
:1075100025830010000000003F1300200000000041
:1075200000000000000000009C9C00107F22397ABF
:107530000A40082A00D9E7E6C8090590002B00D1C7
:1075400089E00023984653000693069B019E9C46C3
:10755000059B66449C46D64A6644F37C002A06D0C6
:10756000D44A1278934200D20BE19B1ADBB2002B73
:1075700000D0FDE0D048D14E00F05AFC5046F368F0
:107580000EA99847002800D1F2E060223B791A4208
:1075900000D046E6002000F04BFC42E6C84AD80086
:1075A0001268C31A9B00D318002B00D15DE75E69F7
:1075B00084E63B7A0F2B00D9A6E6019A9446BC4A92
:1075C0006344DB78002A05D0BA4A1278934263D329
:1075D0009B1ADBB2002B00D096E6B748B74E00F0FE
:1075E00027FC5046F3680EA99847002800D018E6FB
:1075F000602211003B7919401A4200D084E67B7961
:107600000A2B00D080E60CAB9A1C11700123504667
:107610000EA900F0ADFB04E63B7A0F2B00D973E610
:10762000019A9446A24A6344DB78002A06D0A14A14
:107630001278934200D2D0E09B1ADBB2002B00D02C
:1076400062E69D489D4E00F0F3FB5046F3680EA99C
:10765000984780463BE77B791E00012B00D1A4E0D0
:10766000032B00D197E0002B00D04DE653009C4641
:10767000019A069362441300059A50469446634467
:1076800020335B790CAA9B07DB0F023213800EA913
:10769000022300F06DFB58E7894AD9001668CB1A1F
:1076A0009B00F618002E00D12EE6306997E7FB8884
:1076B000012B00D028E60822019950460B7893430D
:1076C0000B700EA900F03EFBABE50220019B197880
:1076D0000CAB9A1C8B0689080140DB0F0B4313800F
:1076E000504602230EA900F043FB9AE5BB79994668
:1076F000019B5B78002B03D14B46002B00D08BE025
:107700004A46019B50460EA95A7000F01BFB88E5C3
:10771000019B0CAA5B7802321370504601230EA91C
:1077200000F026FB7DE5FB88B8791B0A0F2B00D9FA
:10773000EAE5644A9B00D3589F460EA800F07EFB02
:10774000B9795046FFF718FA022201990B781343D2
:107750000B7066E5FB88012B00D0D5E50822019966
:1077600050460B7813430B700EA900F0EBFA58E566
:1077700060223B791A4200D0A9E6002000F058FBB5
:10778000A5E64F4AD9001668CB1A9B00F618002EC2
:10779000EED03069F0E6FB8852000692002B27D02D
:1077A00050460EA900F0CEFACFE6FB8852000692B2
:1077B000002BF5D15046FFF74FFB069A019B9446EC
:1077C000059A634494464946634420335A798A4370
:1077D0005A715A79B2435A71E2E7394AD9001668A8
:1077E000CB1A9B00F618002E00D18DE530692AE7F0
:1077F0005046FFF709FB069A019B9446059A63449D
:1078000094460221634420335A790A4359465A71F7
:107810005A790A435A71C3E7581EC0B2FFF7DAF823
:10782000002800D170E54378022B00D06CE50121DF
:10783000C279019E931152110B400A4012015B0163
:10784000134332782F318A431343337009239B4605
:10785000C37882781B021343C3180993154B8344E2
:107860000593134BA0460A93174B0893144B0B93A5
:107870002B005D469B46099BAB4200D8D1E000231C
:107880006A7807930B2A04D12B780795EB181D0013
:107890005A78042A00D082E0099B00265B1B9BB229
:1078A0000693059B1A780A9B002B1BD125E0C04646
:1078B00079670010961E002079820010049D001048
:1078C00004100020C49C0010918100102900504633
:1078D000069A9847002821D1059B01361A78F6B2FE
:1078E000B2425CD3089B9642F0D20B9B1A68F3001D
:1078F0009B1B9B00D3189B68E8E729005046069A1B
:1079000000F046FC041E0AD1059B44461B785D46E8
:10791000002B00D1F8E40A9B9B68FFDE0400082CD2
:107920003DD9069B9C423AD8AA78019B9B18D978EE
:10793000FF2934D1DE70079B002B12D018009B78F2
:1079400093422CD101796A79914228D1C278012AD7
:1079500007D90199013A0433C818D2B23100FEF7B1
:107960003DFC7F21079133492A0000238C46517842
:10797000052908D190780799014049000691069998
:10798000C00961440E541178CB189BB252189C4226
:10799000EDD8059B2D191B78B34200D36BE7444605
:1079A0005D46B1E4244B002B00D1ADE400E000BF04
:1079B00006000CAA9446022363449846022218004B
:1079C000B11CFEF711FC4346320050461B880EA93D
:1079D00000F0CEF9002800D023E495E4174B002BEB
:1079E00000D191E400E000BF021E00D18CE45046BB
:1079F00013780EA900F0BCF9ECE73989FEF7EEFF29
:107A0000021EF4D180E4FEF7E5FF061ED1D17BE42F
:107A1000FEF7DCFF122302000EA9504600F0A8F981
:107A2000D8E7074B44465D46002B00D168E600E0EE
:107A300000BF65E64F1300200000000000000000BA
:107A40000000000030B585B06B4605000C00981DA5
:107A50000A220021FEF7C2FB6B461D715C71042CEB
:107A60004BD005D8022C30D0032C15D105B030BD39
:107A7000052C11D12A4A1378DB07F7D50421137896
:107A80008B431370274B1C68A269EFF3108172B609
:107A90001368002B09D1FBE7224B1C68A269EFF3A6
:107AA000108172B61368002BFCD0BFF35F8FE161C9
:107AB000200001A900F010FEA269E369BFF35F8F07
:107AC0000021116083F31088D0E70121144B1A784C
:107AD0008A431A701A780331A2431A7000225A702E
:107AE0001A788A431A700F4B1C68A269EFF3108151
:107AF00072B61368002BD8D1FBE7094A1378DB076D
:107B0000B4D5042113780B431370064B1C68A2698B
:107B1000EFF3108172B61368002BC6D1FBE7C046A5
:107B20003C13002078130020002330B585B001AD50
:107B30006B8028700633082202A86B70FEF754FB96
:107B40000C4B1C68A269EFF3108372B61168002910
:107B5000FCD0BFF35F8FE3612900200000F0BCFD83
:107B6000A269E369BFF35F8F0021116083F310887E
:107B700005B030BD78130020F0B5C64600B584B01E
:107B80001D006B4680460F00160000210622981D3E
:107B9000FEF724FB434601AC2370072363700F4BB1
:107BA00065711D682771A660AA69EFF3108372B62C
:107BB00011680029FCD0BFF35F8FEB612100280022
:107BC00000F08AFDAA69EB69BFF35F8F00211160A5
:107BD00083F3108804B080BCB846F0BD7813002051
:107BE000F8B54746D64680B59846089B06000C0077
:107BF000171E9A4621D0002506E0524613702378BE
:107C00000135E418BD4218DA6378052B17D1E17805
:107C10008907890F414512D121003000FFF73AF85A
:107C200000280CD0A378DA09012AE6D1099A013597
:107C300013702378E418BD42E6DB012000E0002049
:107C4000C0BCBA46B046F8BD10B5FFF723F810BD6A
:107C50007F2270B5154B0A4052009C18C909641860
:107C600020346379DB07DD0F002B18D163795B07C4
:107C700001D5280070BD01210D4E4942306801F048
:107C80008FFC6379DB07DD0F002B0AD163795B077B
:107C900008D40422637901251343637102E00025AF
:107CA000E7E70025306801F05BFCE2E73C130020C9
:107CB0007413002070B50C0001210F4D4942286853
:107CC00001F06EFC7F230D4A23405B00E409D318CA
:107CD0001B1920335A790024D20708D45A79520745
:107CE000D40F002A03DA04215A798A435A7128688A
:107CF00001F036FC200070BD741300203C130020FE
:107D000070B57F240E4D0C4064002C19CE09A419C7
:107D100020346579ED0701D5002070BD0126657915
:107D200035436571FFF75AF80028F6D101226379CF
:107D3000934363716379033293436371ECE7C04605
:107D40003C13002070B5094C0600082220000D00ED
:107D5000FEF74AFA00238021E360A3602B7830000D
:107D6000994300220023FFF739F870BDE01200208C
:107D7000F8B5CE4647469046264E80B58146082245
:107D800030000D001F00FEF72FFA4346B3600023BA
:107D9000F381EC79AB7924021C43231CBC4200D94B
:107DA0003B1C9FB2B381002C0ED0002F18D043464D
:107DB000002B2CD03B1C402F1BD89FB233787F2B3D
:107DC0001CD80021144A0FE080212B78002299430F
:107DD00048460023FFF702F8C0BCB946B046F8BDDC
:107DE0007F230022317899433B004846FEF7F6FF97
:107DF000F2E740239FB233787F2BE2D9064C3A005A
:107E000041462000FEF7F0F980212200ECE7002037
:107E1000E2E7C046E0120020FC12002010B5142258
:107E200000210248FEF7DAF910BDC046E01200203A
:107E3000014B18617047C046E012002010B5054C98
:107E4000010008222000FEF7CFF90023A360E360C1
:107E500010BDC046E012002070B5354C1D002378DF
:107E60000600DA09C9098A420CD00020002D00D092
:107E700070BD304B002B03D021003000FEF7EEFE2A
:107E80000120F5E7A0687F2B05D8002833D02A0011
:107E90002949FEF7A9F9E289A1685219E38892B24B
:107EA0004919E281A160934214D03F2D12D9A389D0
:107EB000981A051C80B2402829D82078ADB27F28B6
:107EC00027D800219A4231D01B4A2B003000FEF700
:107ED00085FFCDE72369002B04D0210030009847AF
:107EE00000280AD080212378002299433000002303
:107EF000FEF774FFBCE70020BAE700213000FEF770
:107F000083FF30008021FEF77FFF0120B0E740258E
:107F1000D3E79A4207D0084C2A002000FEF764F904
:107F200080212200D1E780210022CEE70022CCE789
:107F3000E01200205D6C0010FC12002010B504005F
:107F4000FFF7EAF8002801D1002010BDFFF7ECF898
:107F50000028F9D1610009190A01044B521A1201D3
:107F60009B181B7901301840EFE7C0461010002025
:107F700043001B1810B51801C01A034B0001C018AC
:107F800000F0C8FA10BDC0462010002043001818A9
:107F9000F0B50401241A24012600C646174F1036F6
:107FA000F61900B5300092B200F022FB0500300057
:107FB00000F0BCFA3F2803D8280080BCB846F0BDCA
:107FC0003B190020D9789846FFF742FE0028F3D0ED
:107FD000300000F0ABFA3F280AD994239B00E21846
:107FE0004346D219D97800204023FFF789FEE3E702
:107FF00043460020D978FFF75DFEDDE71010002032
:10800000F8B54746CE4680B547003B181C01E41A38
:108010002401224B260098462836464405003000AD
:1080200000F078FA002804D10020C0BCB946B04660
:10803000F8BDA146C1444B4600209978FFF708FEE1
:108040000028F1D0A4239B009C46644444443000A3
:108050004022210000F0CCFA061E14D0FFF75CF895
:10806000002810D0FFF760F800280CD14B46997813
:108070001B79DB0707D533002200FFF741FE0028FC
:10808000D2D03000D1E77F193B01DB1B1B014344F9
:1080900099780020FFF70EFEC6E7C04610100020BA
:1080A00043001B1870B51C01E41A0A4B2401E418A4
:1080B000050092B2200000F051FB0600200000F005
:1080C00029FA3F2801D8300070BD2800FFF798FF3B
:1080D000F9E7C0463810002043001B1810B51801FE
:1080E000C01A034B0001C01800F020FA10BDC046B2
:1080F00038100020B42270B51A4C82B00021200044
:108100009200FEF76BF8FF236371174B8025E38025
:10811000012300262100200023816D0007332373F3
:108120002A0040310096073B103000F0B7F92100DB
:10813000200041312A00FF3101230096283000F051
:10814000ADF990239B00E5182800FAF763FE92230F
:108150009B006562E5182800FAF75CFEE56302B053
:1081600070BDC0461010002000C2FFFF10B5074CC4
:10817000052200212000FEF731F82000103000F029
:1081800067FB2000283000F063FB10BD10100020BA
:10819000F0B54B79060083B0022B02D18B79022B0C
:1081A00003D00025280003B0F0BDCB79062BF8D80A
:1081B0002E4FBB78002BF4D18B7809253B700C78BF
:1081C0000C196378242B0BD1082A02D81FE0AA428D
:1081D0001DD32378E4185D196378ADB2242BF6D053
:1081E000052B30D0042B12D163790A2B0FD1204BF1
:1081F0002778019301330093022202233000E11912
:10820000FFF7EEFC0028CCD00E35ED19ADB2194CBD
:10821000200000F08BF93F28C4D92600103E002032
:10822000F178FFF715FD0028BCD0200000F07EF9A2
:108230003F2816D990239B00E218F17840230020B4
:10824000FFF75EFDAEE721003000FFF7FDFC0028E0
:10825000A7D0A3787B7023785D19E4186378ADB25A
:10826000C0E7F1780020FFF725FD9BE71010002004
:10827000121000202010002060230A78002070B522
:108280001340202B0BD10A4A4B790D7914781B022D
:108290002B439C4203D14B78202B01D0012070BD91
:1082A000044B002BFAD0911DFEF76CFA0120F6E783
:1082B000101000208567001060230A7870B5134005
:1082C00004000020202B12D1144A4B790E79157826
:1082D0001B0233439D420AD14B78212B08D81F2B18
:1082E00005D9072320000632FFF742FD012070BDAB
:1082F000222BFCD1CD788B782D021D4320001571E7
:10830000FFF720FD064B002BF0D001216A0800206A
:108310000A40294000E000BF0120E8E710100020DB
:1083200000000000F0B546464F46D646C0B54B4E5D
:108330001F00F37880460D00B2788B4207D00020F2
:108340008A423CD0E0BCBA46B146A846F0BD002FF8
:108350007BD0434B002B5FD094239B00F418E31990
:108360009A4610239946B1442100484600F0B4F9DA
:108370007379FF2B02D02178994249D001345445BA
:10838000F2D1384B002B04D0484600F0C3F8002847
:108390005FD1484600F0CAF83F2810D94C46103C3F
:1083A0000020E178FFF754FC002808D0484600F090
:1083B000BDF83F2840D80020E178FFF77BFCB37878
:1083C000AB4201D00120BDE7274B002B02D000209B
:1083D00000E000BF0020FFF713FE0028F2D1234C7D
:1083E000200000F097F80028ECD1002FEAD0BF065B
:1083F000E8D1283C4046A178FFF72AFC0028E1D0CC
:10840000002300224046A178FFF77AFC012099E77B
:10841000002000E000BFB1E794239B00F418E319AB
:108420009A4610239946B14421004846013400F091
:1084300053F9A245F8D1A4E7902292004023E178B5
:108440004A440020FFF75CFCB9E710239946B14489
:1084500097E7002000E000BF9BE7C0461010002017
:1084600000000000000000000000000038100020A4
:1084700070B5064D2C78002C01D0200070BDFEF7A1
:108480005BFE0028F9D001232B70F6E7971E002031
:10849000014B18787047C046971E0020F0B5C646BD
:1084A00000B5140006AA1E001378802205000F00F4
:1084B00098461202944229D84069002818D0012118
:1084C000494201F06DF84346AC806400A4B22B72BF
:1084D000631EAB81002368696442EB812F60EE80EC
:1084E0006C812B82002801D001F03AF801200EE0C7
:1084F000AC806400A4B22B72631E6442E8812960E0
:108500002882EE800120AB816C8100E0002080BCDD
:10851000B846F0BD10B5C489018A0200601A80B265
:108520008C4202D25389C01A80B210BD10B5C489E2
:10853000018A8388621A92B28C4202D24189521A0D
:1085400092B2981A80B210BDF8B5040040690E00CE
:10855000002803D00121494201F022F8E189228A52
:108560008FB28D1A93B2ADB2914202D26289AD1A26
:10857000ADB2A288A189AA4205D2B81A88422BDCE2
:1085800080B215002082002D2ED08B4206D9618941
:108590005B189BB29A4203D89B1A9BB29A42FBD9B2
:1085A000E288216853433000C918FDF71DFE0125FC
:1085B00001200126A189228A93B212188A4210DD75
:1085C00062899B18EB189BB260692382002801D056
:1085D00000F0C6FF3000F8BD60891018381A80B26C
:1085E000CFE75B199BB2EFE700200026E3E7C04628
:1085F000F0B5C646050040690F00904600B500285A
:1086000003D00121494200F0CBFFE889298A82B2D8
:10861000461A8BB2B6B2884202D26989761AB6B2CD
:10862000AC88A989B44207D2131B8B4235DC9BB2BC
:1086300026002B822B8A9BB2002E38D04246B045B2
:1086400030D896B28B4205D96A899B189BB201E05B
:108650001B1B9BB29C42FBD9EA8829681000584337
:1086600009189819B046A04224DC38007243FDF77F
:10867000BBFDA9892A8A93B242448A4214DD6A89E1
:108680009B18F3189BB268692B82002801D000F078
:1086900067FF300080BCB846F0BD6B89E318D31A81
:1086A0009BB2C5E7321CCCE79B199BB2EBE70023DA
:1086B0009846DFE7E41AA4B262433800FDF794FD60
:1086C000EA88296810006043341B62433818FDF7BC
:1086D0008BFDA989CEE7C04670B5040040690E0045
:1086E000002803D00121494200F05AFFE289218A83
:1086F00095B2531A9BB2914202D962899B1A9BB2DE
:10870000A2889A4225D0A1892B00A94206D263896A
:10871000EB189BB29A4203D89B1A9BB29A42FBD9A0
:10872000E288206853433100C018FDF75DFDA3893E
:10873000AB4209D90135ADB26069E581002801D0AD
:1087400000F00EFF012070BD6389EB1801339DB26C
:10875000F2E7207A0028D6D1F5E7C046F8B54746BB
:10876000CE46040080B515000F00002A55D04069A0
:10877000002803D00121494200F012FFE689237A44
:10878000208AA188E288B6B280B2002B3BD1331A8E
:108790009BB2864202D260891B1A9BB2CB1A181C6C
:1087A0009BB2AB4250D885B2A846A089330086421E
:1087B00005DD6389F3189BB201E05B1A9BB28B4223
:1087C000FBD2206884461000584360449C46C44451
:1087D0008C4527DC434639005A43FDF705FD4346E7
:1087E000A289F31893421ADD6389F318EB189EB23D
:1087F0006069E681002801D000F0B2FE2800C0BC0C
:10880000B946B046F8BDA8468D42CED96D1A55433B
:1088100088467F19E0810D00C7E70020EFE7AE1919
:10882000B6B2E5E7C91A8BB2994639005A43FDF74B
:10883000DBFC49464246E388521A5A434B432068C0
:10884000F918FDF7D1FCCAE7281C85B2A846ACE7A9
:1088500010B50400406900280DD00121494200F004
:108860009FFE00236069E3812382002801D000F08D
:1088700077FE012010BDE0812082FAE70B4B10B596
:108880009C46604443425841094A840082B00092A9
:1088900008482200E31CF9F77FFC844202DC001B3D
:1088A00002B010BD01204042FAE7C0460000D0AF40
:1088B000209D00109B1E0020F0B5DE4657464E4618
:1088C00045468846E0B583B006000524F9F722FC4A
:1088D00043461F791C57314B8246F3185A42534185
:1088E0009B009C462E4A1300934662469B580122E9
:1088F0009946BA402023013ADB1B002C36DB9C4210
:1089000046DCA2404B46134242D10192002F1CD0BC
:108910004246434652781B7812021A4343469B78DC
:1089200080251B0413434246D078002200061843DA
:10893000AD015300C15AA94200D20919A31812333C
:108940009B0001329951BA42F3D34D46019B6246D6
:108950001D435B4650469D50F9F7E8FB200003B0ED
:10896000F0BCBB46B246A946A046F0BD002B0FDBCB
:108970001100484699401C000191014206D1C5E70B
:10898000150049469D401C00294204D0013BF7D206
:108990000448FAF7E5FC0195B8E7C0460000D0AFFF
:1089A0003C140020449D0010F0B54E464546DE467E
:1089B00057468A464900E0B50E0080465644F60008
:1089C00046448946310009ACDC31257808686C42A0
:1089D0006541844614481E2483466D42A5435D4488
:1089E000052B0CD9A0201F274005D836540104437D
:1089F0000532053B0C603A403560052BF6D84F46F2
:108A00005744FF003800520140449B0613430200C4
:108A1000DC3213606346D83005601360F0BCBB469F
:108A2000B246A946A046F0BD9FE00000F0B5012582
:108A30008D400468AC430460002B30D04D006C18AE
:108A4000E400041926001F68C83637605F68DC340C
:108A500077609F68DB68B76023606B18DB001D00E0
:108A60008024D035451964012C4380252D062560CE
:108A70002560144C0D1D8C40846001242700AF40FC
:108A80003D0008318C401F2106680A4035430560CF
:108A900005682C430460C018D8300260F0BD4D005A
:108AA0006C18E400041926008027C8367F0237605E
:108AB000F8277F027760C027DC343F03B76023606C
:108AC000CBE7C0460101010110B5064B064C82B050
:108AD0000100009300220B232000F9F75DFB02B098
:108AE00010BDC046589D0010941E002003BDC04616
:108AF00010B50400FBF72AF8A04710BD30B5234B92
:108B0000234A87B093423CD3224A99181A00214C39
:108B100000251051FF200024C00013501E4B1F4899
:108B200013501F4B01229B68022003931D4B00949E
:108B300001950593D02304910025012102921B0683
:108B4000002C14D01A6D1042FCD05C6540BF1A6D29
:108B5000114203D120BF1A6D1142FBD09A6DA2427F
:108B60000AD000256C46AA00A458E9E79A6D1A6D50
:108B70001142FBD140BFE5E70135062DF2D107B028
:108B800030BD01235B421A000749C0E700080420FA
:108B900000000420F4070000F18A0010FC07000028
:108BA00000ED00E0ED8A0010F307000010B50100B1
:108BB00000230022002000F033FB10BD70B5074CED
:108BC000074D641BA41005D0013CA300EB58984747
:108BD000002CF9D100F0C2FC70BDC0468C0B002007
:108BE0008C0B002010B5034B0100186800F00EF844
:108BF00010BDC0462003002010B5034B01001868CB
:108C000000F0BEFB10BDC04620030020F0B54E466C
:108C10004546DE465746E0B50D000B35060083B0ED
:108C2000162D21D8102900D99FE000F0A9FA1025AF
:108C300018230221C74FFB181A005C68083A9442B7
:108C400000D1A2E0032263689343E268A168CA608E
:108C500091600121E3185A6830000A435A6000F01D
:108C600097FA2000083083E007239D437DD4A94272
:108C70007BD800F085FAFC235B009D4200D2A2E184
:108C8000690A00D17BE0042900D957E138239846CE
:108C9000A90988443931C800AE4F381844680838EB
:108CA000A0420ED003239C4604E0002ACDDAE468FB
:108CB000A04206D06246636893435A1B0F2AF4DD34
:108CC00041463A003C690832944268D00320636808
:108CD00083439946581B0F2800DD78E17A613A6199
:108CE0000028B6DA80229200934200D3FEE05809B1
:108CF000DA0801238340D2007868D21903439068D0
:108D00007B60E260A0609460C46001208A109040A3
:108D100098424AD8034205D10322914340000431CE
:108D20000342FBD003239846CB009946B944CC4676
:108D30008A466346DB680BE044465A689B46A2437A
:108D4000DB68541B0F2C00DD14E1002C00DB2BE151
:108D50009C45F1D108239B46073BDC449B46DA4403
:108D6000434652461342E4D16BE10C2300203360AA
:108D700003B0F0BCBB46B246A946A046F0BD802079
:108D80003F2340219846800086E7DC680231A342F9
:108D900000D057E73A003C690832944296D101204E
:108DA0007B688A1090409842B4D90322BC686368FB
:108DB00093439A469D4203D85B1B0F2B00DD87E04F
:108DC00023005344644A0193644B90461B68126825
:108DD000EB18013200D149E1614A944663441B0B10
:108DE0001B0300933000009900F0DAF9030081467C
:108DF000013300D106E1019B834200D900E1594BC8
:108E000000989B46844659461B6863440B60019951
:108E10001A00494500D15FE143461B68013300D188
:108E200064E14B4601995B1A9B185A46136007236D
:108E30004A4649461A400192194200D120E18B1A54
:108E40000821894600999944474B49449B1A5B1A6B
:108E50001B051B0D009130001900984600F0A0F989
:108E6000431C00D15EE14B46C01A0300434400930B
:108E70005B465A461B680120434413604A464946F4
:108E8000BA60009A02434A60BC4200D132E15246C5
:108E90000F2A00D830E107210C3A8A43616801406B
:108EA000052011436160A118486088600F2A00D92D
:108EB00043E14A464C4652682C490868984200D221
:108EC0000B602B490868984200D39DE00B609BE043
:108ED0000122290013431143651961603000BD6010
:108EE0006B6000F055F92000083041E75A0A042A67
:108EF00000D87FE0142A00D9D2E010005C325B3049
:108F0000D20008235B429C46BA18944463469A6890
:108F100003239846944500D1ABE0434650689843FC
:108F2000484502D992689445F7D1D3689C467B683E
:108F30006046A260E0608460D460E6E6142970D9DF
:108F4000542900D9B4E06E239846290B88446F3128
:108F5000C800A1E650070020580B00200010002098
:108F60000F100000D00F002008100000F80F0020A4
:108F7000FC0F0020012059468446491905435846F4
:108F8000456085686046EB609D605B46796139614C
:108F9000204308374860CF6030008F609C5000F05D
:108FA000F7F858460830E3E601205A445168014377
:108FB00051605A4692683000D3609A6000F0E8F839
:108FC00058460830D4E62B00E908083332E601237E
:108FD00061191D43656079613961CA608A601A0050
:108FE0004B4602434A60E050300000F0D1F82000C8
:108FF0000830BDE69A09100039323830D20080E7D7
:10900000BC4260D0BC68626803239A43531B9542FC
:1090100002D80F2B00DD5BE7300000F0B9F800202C
:10902000A6E65B23984688445C31C80034E60823F2
:109030005B429C46E1444B469B6801394B4500D05E
:1090400098E043460B42F2D17B6883437B6040004B
:10905000984200D9A9E6002804D1A6E60422944645
:109060004000E2440342F9D051465DE610330093DC
:10907000B8E68010023B8340786803437B6057E783
:10908000009B30004B445B421B051B0D19009846AA
:1090900000F086F8431C00D0E5E600239846E7E69A
:1090A000542A2BD81A0B10006F326E30D20028E7EA
:1090B000AA235B0099422BD8DD3B9846E90B8844F4
:1090C0007831C800E8E52C4B9B461A68009B9C460B
:1090D0005B4662441A609FE6090500D09CE60200E8
:1090E000BC68524401310A436260E5E643464A46A1
:1090F0001A609CE64C46DFE648608DE7AA204000F7
:10910000824224D8DA0B100078327730D200F8E6A9
:109110001A4B994224D87C239846A90C88447D3167
:10912000C800B9E5009A019B94464A46083B63444F
:109130009B1A0093002398469AE6210030000831DC
:1091400000F01EF95B46BC681B686268B4E60B4819
:1091500082420BD89A0C10007D327C30D200D0E6CF
:10916000FE207E237F219846800095E5FE227E200A
:109170009200C6E67B686AE7D00F00205405000025
:1091800010B5024800F0E6F910BDC046CC0F002033
:1091900010B5024800F0E0F910BDC046CC0F002029
:1091A000002370B5064C050008002360FAF7BCF8F0
:1091B000431C00D070BD2368002BFBD02B60F9E767
:1091C000D414002010B583070AD00300032102E065
:1091D00001330B4205D01A78002AF9D1181A10BDB4
:1091E000030019680C4A0D4C8A188A4322420FD199
:1091F0005968094A04338A188A43224208D15968B7
:10920000054A04338A188A432242F1D000E0013330
:109210001A78002AFBD1E1E7FFFEFEFE8080808005
:10922000F0B5D6464F4646469846264BC0B5060092
:10923000186891469A460F0000F08CF9A422224B40
:1092400052001B689D58002D32D053466C68186838
:109250001F2C32DC002E0CD1631C0234A4006B6086
:10926000675100F079F90020E0BCBA46B146A84643
:10927000F0BD49468822A300EB189950C42149004B
:109280008C46AC446146873AA24009689146114336
:10929000624611608421424649005A50022EDBD1B9
:1092A00029004A468D31FF310B6813430B60D3E729
:1092B0001D004D35FF359D50C7E700F04DF90120E9
:1092C0004042D1E7600B0020789D0010034B10B5A1
:1092D000002B02D00248FFF769FC10BD000000001F
:1092E000BD8B0010F8B50C000500FFF749FF204FBB
:1092F000BB685E6803239E431E4B341B9C4664443C
:10930000240B013C113324039C4207DB002128007D
:10931000FFF746FFBB689B19984204D02800FFF76F
:1093200037FF0020F8BD28006142FFF739FF013008
:109330000DD00122361BBB6816430F4A5E601368CE
:1093400028001B1B1360FFF723FF0120EAE7002121
:109350002800FFF725FFBA68831A0F2BDEDD074CC4
:1093600005492468001B086001210B435360D5E7C1
:1093700050070020EF0F0000D00F0020580B0020F6
:10938000F8B5CE46474605000C0080B5002959D0F7
:10939000FFF7F6FE21000839486801230200032484
:1093A0009A438F189C46664E7B68A343B468BC42C0
:1093B00000D172E0FC18A14664467B60044224D1CF
:1093C0000868091A12188868804648464068204094
:1093D000340008348146A04553D04046CC68C46070
:1093E000A0604846002814D1D21801238C18A44646
:1093F000B868544C1343A04200D17DE0FC68C460BF
:10940000A0604B6063461A6007E04846406820420F
:10941000EAD0634613434B603A6080239B009A4234
:1094200014D25009D308012282407068DB009B19D6
:10943000024372609A68CB608A609960D1602800AC
:10944000FFF7A6FEC0BCB946B046F8BD540A042CCE
:109450003CD89409200039343830E40034192368AA
:10946000083C03279C4240D05868B843904202D938
:109470009B689C42F8D1DC68CC608B60A160D960AD
:10948000DDE7002857D1B8689A18FB68C360986078
:10949000634613434B608A50D1E7D31862460242B9
:1094A00006D10A68891A88689B18CA68C2609060E9
:1094B00001221A434A60244AB16012689A42BED817
:1094C000224B28001968FFF70DFFB8E7142C07D9C5
:1094D000542C19D8140B20006F346E30E400BDE713
:1094E00020005C345B30E400B8E701228010824049
:1094F000706802437260BFE7C16081604B60634681
:10950000C86088601A609AE7AA204000844205D8A3
:10951000D40B200078347730E4009FE70C48844275
:1095200005D8940C20007D347C30E40096E7FE24BE
:109530007E20A40092E7634613434B603A607EE7C7
:1095400050070020580700205C0B0020001000206E
:10955000540500007047C0467047C046F8B5C04685
:1095600001B40248844601BC604700BFDD01002011
:1095700001B40248844601BC604700BF05020020D8
:1095800001B40248844601BC604700BF05020020C8
:1095900001B40248844601BC604700BF0D010020B1
:1095A00001B40248844601BC604700BF4D01002061
:1095B00001B40248844601BC604700BFC1000020DE
:1095C000496E697469616C697A696E6720436F726C
:1095D0006520312E2E2E000050574D20636F6E6691
:1095E000696775726564000050494F20616C6C6F4B
:1095F000636174656400000050494F20636C6F63C1
:109600006B656420696E70757420636F6E66696740
:109610007572656400000000444D4120696E6974F4
:1096200069616C697A656400444D4120636F6E66C0
:109630006967757265640000444D4120696E746508
:10964000727275707420636F6E6669677572656497
:1096500000000000444D4120696E7465727275709F
:10966000742068616E646C657220636F6E666967F2
:109670007572656400000000444D4120696E746598
:109680007272757074732073746172746564000013
:109690004649464F20636C656172656400000000B6
:1096A000436F6E6669672061742025643A202558EF
:1096B0000A000000496E697469616C697A696E67B5
:1096C0002E2E2E00436F6E666967206C6F61646595
:1096D000640000004275666665727320696E697485
:1096E00069616C697A65640025640A005374657069
:1096F0007065727320696E7469616C697A65640063
:10970000537465707065727320636F6E66696775F8
:10971000726564004750494F20696E697469616CD5
:10972000697A656400000000537465707065727337
:1097300020686F6D6564000050726F6A6563746FB6
:10974000722025642072656164792E2E2E0A000035
:10975000F401E803D007C40988131027983A0000E1
:109760006897001003FF00002120A12001400000A5
:10977000789700100EFF0000A080416060004160FB
:109780003E606A0001E0470003E0000000E04B009B
:1097900002E000009C9700100EFF0000A0804160D6
:1097A000600041603E606A0002E0470003E00000A4
:1097B00000E04B0001E000004E6F207370696E6C9A
:1097C0006F636B732061726520617661696C6162A1
:1097D0006C650000486172647761726520616C613C
:1097E000726D20256420616C726561647920636C00
:1097F00061696D65640000000A2A2A2A2050414EE2
:109800004943202A2A2A0A0048617264206173733E
:1098100065727400666E692B00000000666E690058
:109820006E616E00666E692D0000000044470010F6
:10983000F2460010F24600103C470010F2460010BD
:10984000F2460010F2460010F2460010F2460010F8
:10985000F2460010F246001034470010F2460010A5
:109860002C470010F2460010F2460010244700106A
:10987000FE4800105A470010F84800105A470010E0
:10988000124900105A4700105A4700105A4700105A
:109890005A4700105A4700105A4700105A47001004
:1098A0004C4700105A4700105A4700105A47001002
:1098B0005A4700105A4700104C4700105C490010EE
:1098C000AC460010AC460010AC460010AC46001090
:1098D000AC460010AC460010AC460010AC46001080
:1098E000AC460010AC460010AC460010AC46001070
:1098F000AC460010AC460010AC460010AC46001060
:10990000AC460010AC460010AC460010AC4600104F
:10991000AC460010AC460010AC460010AC4600103F
:10992000AC460010AC460010AC460010AC4600102F
:10993000AC460010AC460010AC460010B848001011
:1099400028490010B8480010AC460010AC46001082
:10995000AC460010AC460010AC460010AC460010FF
:10996000AC460010AC460010AC460010AC460010EF
:10997000AC460010AC460010AC460010AC460010DF
:10998000AC460010AC460010464B0010AC46001030
:10999000AC460010AC460010AC460010AC460010BF
:1099A000AC460010AC460010AC460010AC460010AF
:1099B000464B00106E490010464B0010B84800108E
:1099C00028490010B8480010000000000000F03FD7
:1099D000000000000000244000000000000059408A
:1099E0000000000000408F40000000000088C340DD
:1099F00000000000006AF8400000000080842E4152
:109A000000000000D01263410000000084D797419D
:109A10000000000065CDCD414F7574206F66206D4C
:109A2000656D6F727900000052656C656173650049
:109A3000626F6F74325F77323571303830000000FA
:109A4000312E312E320000007069636F000000007B
:109A500048616C6C6F7765656E2D4C617365720043
:109A600053657020323620323032320006005250B8
:109A7000D3F07542289A001006005250E182887F88
:109A8000309A001006005250BBFF3CB6489A0010B6
:109A90000D0A00005541525420737464696E000031
:109AA00055415254207374646F757400554152547B
:109AB00020737464696E202F207374646F75740052
:109AC0000600525053B4F4A1AC9A00100800525052
:109AD00092000000DD660010E1660010ED660010E7
:109AE0001D670010156700101967001000000000C6
:109AF00055534220737464696E202F207374646F11
:109B0000757400000600525053B4F4A1F09A00108E
:109B100052617370626572727920506900000000B2
:109B20005069636F0000000030303030303030302A
:109B30003030303000000000426F617264204344D6
:109B400043000000526573657400000000000000CF
:109B5000109B0010209B0010289B0010389B0010C9
:109B6000449B001009025400030100807D080B0093
:109B700002020200000904000001020200040524A0
:109B8000002001052401000104240202052406002E
:109B9000010705810308001009040100020A000002
:109BA000000705020240000007058202400000098C
:109BB00004020000FF00010512010002EF02014053
:109BC0008A2E0A000001010203010000556E68613F
:109BD0006E646C65642049525120307825780A0003
:109BE00049736F6368726F6E6F757320774D61781C
:109BF0005061636B657453697A6520256420746FC6
:109C00006F206C6172676500657020256420257384
:109C10002077617320616C7265616479206176617F
:109C2000696C61626C65000043616E277420636F2C
:109C30006E74696E75652078666572206F6E206936
:109C40006E616374697665206570202564202573D4
:109C5000000000005472616E736665727265642064
:109C60006D6F72652064617461207468616E206537
:109C7000787065637465640022720010E4730010EC
:109C8000867300103E730010287300101A730010C2
:109C9000C67200107072001064720010CA76001054
:109CA000AE7600100873001054770010087300108F
:109CB0003A77001026770010087300101077001014
:109CC000EC76001008730010107A0010067A00106D
:109CD000FA7900100873001008730010DC79001086
:109CE0000873001008730010087300100873001048
:109CF0000873001008730010087300100873001038
:109D0000A4790010F58000106D8100109181001081
:109D1000B982001079820010258300100000000035
:109D20004E6F2050494F207374617465206D6163DC
:109D300068696E65732061726520617661696C6126
:109D4000626C65004E6F2070726F6772616D207378
:109D500070616365000000004E6F20444D41206338
:109D600068616E6E656C73206172652061766169F1
:0C9D70006C61626C65000000280300209C
:109D7C006C9A0010789A001090020010849A0010CF
:109D8C009C020010A8020010B4020010CC9A001023
:089D9C00C09A0010049B0010A6
:109DA40010B502680024EFF3108172B61368002B1B
:109DB400FCD0BFF35F8F03797F2B0BD80368BFF30D
:109DC4005F8F1C6081F3108820BF0268EFF310815D
:109DD40072B6EBE7D0231B061B6803710368BFF35D
:109DE4005F8F00221A6081F3108810BD03000068A1
:109DF400EFF3108C72B60268002AFCD0BFF35F8FB9
:109E040004229A56002A04DB002900D00A600020AC
:109E140004E0D0220120120612681A711B68BFF3F5
:109E24005F8F00221A608CF310887047F0B583B0FE
:109E34000C00070000F058F8FA220023009001916A
:109E440020009200002100F057F8009A019B1400B2
:109E54001D0024184D41AB422CD828D000263A6866
:109E6400EFF3108172B61368002BFCD0BFF35F8F41
:109E74003B797F2B0DD83B68BFF35F8F1E6081F366
:109E840010882000290000F03FF80028E7D00020C7
:109E94000BE0D0231B061B683B713B68BFF35F8F4D
:109EA40000221A6081F31088012003B0F0BD009BEA
:109EB400A342D3D901246442E517CFE70268EFF344
:109EC400108172B61368002BFCD0BFF35F8FFF23A1
:109ED400037140BF0368BFF35F8F00221A6081F3F0
:109EE400108870477047C04601B40248844601BCDC
:109EF400604700BF2D2C001001B40248844601BC09
:109F0400604700BF1D60001001B40248844601BCD4
:109F1400604700BFAD2A001010000000540200206A
:109F240000000000B80C00206014002000000000B5
:109F34000000000070140020000000000000000079
:109F440010000000000000000000010000000000FC
:109F540000000000000002000000000000000000FB
:109F64000000030000000000000000000000FF00EB
:109F74000000000000B5486801318E460047704675
:109F840009380149884700BD993A001000000000D3
:109F9400503300004C3300005433000052330000AF
:109FA4004D5300004D43000053340000433400007F
:109FB40011660010000000005D6600100000000043
:109FC400000100002168001000000000B9670010C3
:109FD4000000000000010000BC9A00109C9A0010D0
:109FE4007C13002010000C000000000000000000A2
:109FF400000000000000000000000000000000005D
:10A0040028030020000000000000000014060020C7
:10A014007C060020E4060020000000000000000090
:10A02400000000000000000000000000000000002C
:10A03400000000000000000000000000000000001C
:10A04400000000000000000000000000000000000C
:10A0540000000000000000000000000000000000FC
:10A0640000000000000000000000000000000000EC
:10A0740000000000000000000000000000000000DC
:10A0840000000000000000000000000000000000CC
:10A0940000000000000000000000000000000000BC
:10A0A40000000000000000000000000000000000AC
:10A0B40001000000000000000E33CDAB34126DE649
:10A0C400ECDE05000B0000000000000000000000B2
:10A0D400000000000000000000000000000000007C
:10A0E400000000000000000000000000000000006C
:10A0F400000000000000000000000000000000005C
:10A10400000000000000000000000000000000004B
:10A11400000000000000000000000000000000003B
:10A12400000000000000000000000000000000002B
:10A13400000000000000000000000000000000001B
:10A14400000000000000000000000000000000000B
:10A1540000000000000000000000000000000000FB
:10A1640000000000000000000000000000000000EB
:10A1740000000000000000000000000000000000DB
:10A1840000000000000000000000000000000000CB
:10A1940000000000000000000000000000000000BB
:10A1A40000000000000000000000000000000000AB
:10A1B400000000000000000000000000000000009B
:10A1C400000000000000000000000000000000008B
:10A1D400000000000000000000000000000000007B
:10A1E400000000000000000000000000000000006B
:10A1F400000000000000000000000000000000005B
:10A20400000000000000000000000000000000004A
:10A21400000000000000000000000000000000003A
:10A22400000000000000000000000000000000002A
:10A23400000000000000000000000000000000001A
:10A24400000000000000000000000000000000000A
:10A2540000000000000000000000000000000000FA
:10A2640000000000000000000000000000000000EA
:10A2740000000000000000000000000000000000DA
:10A2840000000000000000000000000000000000CA
:10A2940000000000000000000000000000000000BA
:10A2A40000000000000000000000000000000000AA
:10A2B400000000000000000000000000000000009A
:10A2C400000000000000000000000000000000008A
:10A2D400000000000000000000000000000000007A
:10A2E400000000000000000000000000000000006A
:10A2F400000000000000000000000000000000005A
:10A304000000000000000000000000000000000049
:10A314000000000000000000000000000000000039
:10A324000000000000000000000000000000000029
:10A334000000000000000000000000000000000019
:10A344000000000000000000000000000000000009
:10A3540000000000000000000000000000000000F9
:10A3640000000000000000000000000000000000E9
:10A3740000000000000000000000000000000000D9
:10A3840000000000000000000000000000000000C9
:10A3940000000000000000000000000000000000B9
:10A3A40000000000000000000000000000000000A9
:10A3B4000000000000000000000000000000000099
:10A3C4000000000000000000000000000000000089
:10A3D4000000000000000000000000000000000079
:10A3E4000000000000000000000000000000000069
:10A3F4000000000000000000000000000000000059
:10A404000000000000000000000000000000000048
:10A414000000000000000000000000000000000038
:10A424000000000000000000000000000000000028
:10A43400000000000000000050070020500700202A
:10A4440058070020580700206007002060070020FC
:10A4540068070020680700207007002070070020AC
:10A46400780700207807002080070020800700205C
:10A47400880700208807002090070020900700200C
:10A484009807002098070020A0070020A0070020BC
:10A49400A8070020A8070020B0070020B00700206C
:10A4A400B8070020B8070020C0070020C00700201C
:10A4B400C8070020C8070020D0070020D0070020CC
:10A4C400D8070020D8070020E0070020E00700207C
:10A4D400E8070020E8070020F0070020F00700202C
:10A4E400F8070020F80700200008002000080020DA
:10A4F4000808002008080020100800201008002088
:10A504001808002018080020200800202008002037
:10A5140028080020280800203008002030080020E7
:10A524003808002038080020400800204008002097
:10A534004808002048080020500800205008002047
:10A5440058080020580800206008002060080020F7
:10A5540068080020680800207008002070080020A7
:10A564007808002078080020800800208008002057
:10A574008808002088080020900800209008002007
:10A584009808002098080020A0080020A0080020B7
:10A59400A8080020A8080020B0080020B008002067
:10A5A400B8080020B8080020C0080020C008002017
:10A5B400C8080020C8080020D0080020D0080020C7
:10A5C400D8080020D8080020E0080020E008002077
:10A5D400E8080020E8080020F0080020F008002027
:10A5E400F8080020F80800200009002000090020D5
:10A5F4000809002008090020100900201009002083
:10A604001809002018090020200900202009002032
:10A6140028090020280900203009002030090020E2
:10A624003809002038090020400900204009002092
:10A634004809002048090020500900205009002042
:10A6440058090020580900206009002060090020F2
:10A6540068090020680900207009002070090020A2
:10A664007809002078090020800900208009002052
:10A674008809002088090020900900209009002002
:10A684009809002098090020A0090020A0090020B2
:10A69400A8090020A8090020B0090020B009002062
:10A6A400B8090020B8090020C0090020C009002012
:10A6B400C8090020C8090020D0090020D0090020C2
:10A6C400D8090020D8090020E0090020E009002072
:10A6D400E8090020E8090020F0090020F009002022
:10A6E400F8090020F8090020000A0020000A0020D0
:10A6F400080A0020080A0020100A0020100A00207E
:10A70400180A0020180A0020200A0020200A00202D
:10A71400280A0020280A0020300A0020300A0020DD
:10A72400380A0020380A0020400A0020400A00208D
:10A73400480A0020480A0020500A0020500A00203D
:10A74400580A0020580A0020600A0020600A0020ED
:10A75400680A0020680A0020700A0020700A00209D
:10A76400780A0020780A0020800A0020800A00204D
:10A77400880A0020880A0020900A0020900A0020FD
:10A78400980A0020980A0020A00A0020A00A0020AD
:10A79400A80A0020A80A0020B00A0020B00A00205D
:10A7A400B80A0020B80A0020C00A0020C00A00200D
:10A7B400C80A0020C80A0020D00A0020D00A0020BD
:10A7C400D80A0020D80A0020E00A0020E00A00206D
:10A7D400E80A0020E80A0020F00A0020F00A00201D
:10A7E400F80A0020F80A0020000B0020000B0020CB
:10A7F400080B0020080B0020100B0020100B002079
:10A80400180B0020180B0020200B0020200B002028
:10A81400280B0020280B0020300B0020300B0020D8
:10A82400380B0020380B0020400B0020400B002088
:10A83400480B0020480B0020FFFFFFFF0000020030
:10A84400C80F00200000000000000000000000000D
:10A8540000000000CD610010D1520010BD5900105D
:0CA86400B1600010CD920010C502001081
:04000005100001E9FD
:00000001FF
