
Halloween-Laser.elf:     file format elf32-littlearm

Sections:
Idx Name          Size      VMA       LMA       File off  Algn
  0 .boot2        00000100  10000000  10000000  00010000  2**0
                  CONTENTS, ALLOC, LOAD, READONLY, CODE
  1 .text         000094c0  10000100  10000100  00010100  2**3
                  CONTENTS, ALLOC, LOAD, READONLY, CODE
  2 .rodata       000007bc  100095c0  100095c0  000195c0  2**3
                  CONTENTS, ALLOC, LOAD, READONLY, DATA
  3 .binary_info  00000028  10009d7c  10009d7c  00019d7c  2**2
                  CONTENTS, ALLOC, LOAD, DATA
  4 .ram_vector_table 000000c0  20000000  20000000  00020b8c  2**2
                  CONTENTS
  5 .data         00000acc  200000c0  10009da4  000200c0  2**4
                  CONTENTS, ALLOC, LOAD, READONLY, CODE
  6 .uninitialized_data 00000000  20000b8c  20000b8c  00020c4c  2**0
                  CONTENTS
  7 .scratch_x    00000000  20040000  20040000  00020c4c  2**0
                  CONTENTS
  8 .scratch_y    00000000  20041000  20041000  00020c4c  2**0
                  CONTENTS
  9 .bss          00001318  20000b90  20000b90  00020b90  2**3
                  ALLOC
 10 .heap         00000800  20001ea8  20001ea8  00020c4c  2**2
                  CONTENTS, READONLY
 11 .stack1_dummy 00000800  20040000  20040000  0002144c  2**2
                  CONTENTS
 12 .stack_dummy  00000800  20041000  20041000  00021c60  2**5
                  CONTENTS, READONLY
 13 .ARM.attributes 00000028  00000000  00000000  00022460  2**0
                  CONTENTS, READONLY
 14 .comment      0000003c  00000000  00000000  00022488  2**0
                  CONTENTS, READONLY
 15 .debug_line   00002047  00000000  00000000  000224c4  2**0
                  CONTENTS, READONLY, DEBUGGING, OCTETS
 16 .debug_line_str 00000092  00000000  00000000  0002450b  2**0
                  CONTENTS, READONLY, DEBUGGING, OCTETS
 17 .debug_info   000063f2  00000000  00000000  0002459d  2**0
                  CONTENTS, READONLY, DEBUGGING, OCTETS
 18 .debug_abbrev 000019aa  00000000  00000000  0002a98f  2**0
                  CONTENTS, READONLY, DEBUGGING, OCTETS
 19 .debug_aranges 000001e8  00000000  00000000  0002c340  2**3
                  CONTENTS, READONLY, DEBUGGING, OCTETS
 20 .debug_str    00000f9e  00000000  00000000  0002c528  2**0
                  CONTENTS, READONLY, DEBUGGING, OCTETS
 21 .debug_loclists 000012c7  00000000  00000000  0002d4c6  2**0
                  CONTENTS, READONLY, DEBUGGING, OCTETS
 22 .debug_rnglists 00000153  00000000  00000000  0002e78d  2**0
                  CONTENTS, READONLY, DEBUGGING, OCTETS
 23 .debug_frame  00000348  00000000  00000000  0002e8e0  2**2
                  CONTENTS, READONLY, DEBUGGING, OCTETS

Halloween-Laser.elf:     file format elf32-littlearm


Disassembly of section .boot2:

10000000 <__boot2_start__>:
10000000:	4b32b500 	.word	0x4b32b500
10000004:	60582021 	.word	0x60582021
10000008:	21026898 	.word	0x21026898
1000000c:	60984388 	.word	0x60984388
10000010:	611860d8 	.word	0x611860d8
10000014:	4b2e6158 	.word	0x4b2e6158
10000018:	60992100 	.word	0x60992100
1000001c:	61592102 	.word	0x61592102
10000020:	22f02101 	.word	0x22f02101
10000024:	492b5099 	.word	0x492b5099
10000028:	21016019 	.word	0x21016019
1000002c:	20356099 	.word	0x20356099
10000030:	f844f000 	.word	0xf844f000
10000034:	42902202 	.word	0x42902202
10000038:	2106d014 	.word	0x2106d014
1000003c:	f0006619 	.word	0xf0006619
10000040:	6e19f834 	.word	0x6e19f834
10000044:	66192101 	.word	0x66192101
10000048:	66182000 	.word	0x66182000
1000004c:	f000661a 	.word	0xf000661a
10000050:	6e19f82c 	.word	0x6e19f82c
10000054:	6e196e19 	.word	0x6e196e19
10000058:	f0002005 	.word	0xf0002005
1000005c:	2101f82f 	.word	0x2101f82f
10000060:	d1f94208 	.word	0xd1f94208
10000064:	60992100 	.word	0x60992100
10000068:	6019491b 	.word	0x6019491b
1000006c:	60592100 	.word	0x60592100
10000070:	481b491a 	.word	0x481b491a
10000074:	21016001 	.word	0x21016001
10000078:	21eb6099 	.word	0x21eb6099
1000007c:	21a06619 	.word	0x21a06619
10000080:	f0006619 	.word	0xf0006619
10000084:	2100f812 	.word	0x2100f812
10000088:	49166099 	.word	0x49166099
1000008c:	60014814 	.word	0x60014814
10000090:	60992101 	.word	0x60992101
10000094:	2800bc01 	.word	0x2800bc01
10000098:	4700d000 	.word	0x4700d000
1000009c:	49134812 	.word	0x49134812
100000a0:	c8036008 	.word	0xc8036008
100000a4:	8808f380 	.word	0x8808f380
100000a8:	b5034708 	.word	0xb5034708
100000ac:	20046a99 	.word	0x20046a99
100000b0:	d0fb4201 	.word	0xd0fb4201
100000b4:	42012001 	.word	0x42012001
100000b8:	bd03d1f8 	.word	0xbd03d1f8
100000bc:	6618b502 	.word	0x6618b502
100000c0:	f7ff6618 	.word	0xf7ff6618
100000c4:	6e18fff2 	.word	0x6e18fff2
100000c8:	bd026e18 	.word	0xbd026e18
100000cc:	40020000 	.word	0x40020000
100000d0:	18000000 	.word	0x18000000
100000d4:	00070000 	.word	0x00070000
100000d8:	005f0300 	.word	0x005f0300
100000dc:	00002221 	.word	0x00002221
100000e0:	180000f4 	.word	0x180000f4
100000e4:	a0002022 	.word	0xa0002022
100000e8:	10000100 	.word	0x10000100
100000ec:	e000ed08 	.word	0xe000ed08
	...
100000fc:	7a4eb274 	.word	0x7a4eb274

Disassembly of section .text:

10000100 <__logical_binary_start>:
10000100:	20042000 	.word	0x20042000
10000104:	100001f7 	.word	0x100001f7
10000108:	100001c3 	.word	0x100001c3
1000010c:	100001c5 	.word	0x100001c5
10000110:	100001c1 	.word	0x100001c1
10000114:	100001c1 	.word	0x100001c1
10000118:	100001c1 	.word	0x100001c1
1000011c:	100001c1 	.word	0x100001c1
10000120:	100001c1 	.word	0x100001c1
10000124:	100001c1 	.word	0x100001c1
10000128:	100001c1 	.word	0x100001c1
1000012c:	100001c7 	.word	0x100001c7
10000130:	100001c1 	.word	0x100001c1
10000134:	100001c1 	.word	0x100001c1
10000138:	100001c9 	.word	0x100001c9
1000013c:	100001cb 	.word	0x100001cb
10000140:	100001cd 	.word	0x100001cd
10000144:	100001cd 	.word	0x100001cd
10000148:	100001cd 	.word	0x100001cd
1000014c:	100001cd 	.word	0x100001cd
10000150:	100001cd 	.word	0x100001cd
10000154:	100001cd 	.word	0x100001cd
10000158:	100001cd 	.word	0x100001cd
1000015c:	100001cd 	.word	0x100001cd
10000160:	100001cd 	.word	0x100001cd
10000164:	100001cd 	.word	0x100001cd
10000168:	100001cd 	.word	0x100001cd
1000016c:	100001cd 	.word	0x100001cd
10000170:	100001cd 	.word	0x100001cd
10000174:	100001cd 	.word	0x100001cd
10000178:	100001cd 	.word	0x100001cd
1000017c:	100001cd 	.word	0x100001cd
10000180:	100001cd 	.word	0x100001cd
10000184:	100001cd 	.word	0x100001cd
10000188:	100001cd 	.word	0x100001cd
1000018c:	100001cd 	.word	0x100001cd
10000190:	100001cd 	.word	0x100001cd
10000194:	100001cd 	.word	0x100001cd
10000198:	100001cd 	.word	0x100001cd
1000019c:	100001cd 	.word	0x100001cd
100001a0:	100001cd 	.word	0x100001cd
100001a4:	100001cd 	.word	0x100001cd
100001a8:	100001cd 	.word	0x100001cd
100001ac:	100001cd 	.word	0x100001cd
100001b0:	100001cd 	.word	0x100001cd
100001b4:	100001cd 	.word	0x100001cd
100001b8:	100001cd 	.word	0x100001cd
100001bc:	100001cd 	.word	0x100001cd

100001c0 <isr_invalid>:
100001c0:	be00      	bkpt	0x0000

100001c2 <isr_nmi>:
100001c2:	be00      	bkpt	0x0000

100001c4 <isr_hardfault>:
100001c4:	be00      	bkpt	0x0000

100001c6 <isr_svcall>:
100001c6:	be00      	bkpt	0x0000

100001c8 <isr_pendsv>:
100001c8:	be00      	bkpt	0x0000

100001ca <isr_systick>:
100001ca:	be00      	bkpt	0x0000

100001cc <__unhandled_user_irq>:
100001cc:	f000 f84b 	bl	10000266 <__get_current_exception>
100001d0:	3810      	subs	r0, #16

100001d2 <unhandled_user_irq_num_in_r0>:
100001d2:	be00      	bkpt	0x0000

100001d4 <binary_info_header>:
100001d4:	7188ebf2 	.word	0x7188ebf2
100001d8:	10009d7c 	.word	0x10009d7c
100001dc:	10009da4 	.word	0x10009da4
100001e0:	10000234 	.word	0x10000234
100001e4:	e71aa390 	.word	0xe71aa390

100001e8 <_entry_point>:
100001e8:	2000      	movs	r0, #0
100001ea:	4921      	ldr	r1, [pc, #132]	; (10000270 <__get_current_exception+0xa>)
100001ec:	6008      	str	r0, [r1, #0]
100001ee:	c806      	ldmia	r0!, {r1, r2}
100001f0:	f381 8808 	msr	MSP, r1
100001f4:	4710      	bx	r2

100001f6 <_reset_handler>:
100001f6:	481f      	ldr	r0, [pc, #124]	; (10000274 <__get_current_exception+0xe>)
100001f8:	6800      	ldr	r0, [r0, #0]
100001fa:	2800      	cmp	r0, #0
100001fc:	d12f      	bne.n	1000025e <hold_non_core0_in_bootrom>
100001fe:	a40d      	add	r4, pc, #52	; (adr r4, 10000234 <data_cpy_table>)
10000200:	cc0e      	ldmia	r4!, {r1, r2, r3}
10000202:	2900      	cmp	r1, #0
10000204:	d002      	beq.n	1000020c <_reset_handler+0x16>
10000206:	f000 f812 	bl	1000022e <data_cpy>
1000020a:	e7f9      	b.n	10000200 <_reset_handler+0xa>
1000020c:	491a      	ldr	r1, [pc, #104]	; (10000278 <__get_current_exception+0x12>)
1000020e:	4a1b      	ldr	r2, [pc, #108]	; (1000027c <__get_current_exception+0x16>)
10000210:	2000      	movs	r0, #0
10000212:	e000      	b.n	10000216 <bss_fill_test>

10000214 <bss_fill_loop>:
10000214:	c101      	stmia	r1!, {r0}

10000216 <bss_fill_test>:
10000216:	4291      	cmp	r1, r2
10000218:	d1fc      	bne.n	10000214 <bss_fill_loop>

1000021a <platform_entry>:
1000021a:	4919      	ldr	r1, [pc, #100]	; (10000280 <__get_current_exception+0x1a>)
1000021c:	4788      	blx	r1
1000021e:	4919      	ldr	r1, [pc, #100]	; (10000284 <__get_current_exception+0x1e>)
10000220:	4788      	blx	r1
10000222:	4919      	ldr	r1, [pc, #100]	; (10000288 <__get_current_exception+0x22>)
10000224:	4788      	blx	r1
10000226:	be00      	bkpt	0x0000
10000228:	e7fd      	b.n	10000226 <platform_entry+0xc>

1000022a <data_cpy_loop>:
1000022a:	c901      	ldmia	r1!, {r0}
1000022c:	c201      	stmia	r2!, {r0}

1000022e <data_cpy>:
1000022e:	429a      	cmp	r2, r3
10000230:	d3fb      	bcc.n	1000022a <data_cpy_loop>
10000232:	4770      	bx	lr

10000234 <data_cpy_table>:
10000234:	10009da4 	.word	0x10009da4
10000238:	200000c0 	.word	0x200000c0
1000023c:	20000b8c 	.word	0x20000b8c
10000240:	1000a870 	.word	0x1000a870
10000244:	20040000 	.word	0x20040000
10000248:	20040000 	.word	0x20040000
1000024c:	1000a870 	.word	0x1000a870
10000250:	20041000 	.word	0x20041000
10000254:	20041000 	.word	0x20041000
10000258:	00000000 	.word	0x00000000
1000025c:	4770      	bx	lr

1000025e <hold_non_core0_in_bootrom>:
1000025e:	480b      	ldr	r0, [pc, #44]	; (1000028c <__get_current_exception+0x26>)
10000260:	f005 f83e 	bl	100052e0 <rom_func_lookup>
10000264:	4700      	bx	r0

10000266 <__get_current_exception>:
10000266:	f3ef 8005 	mrs	r0, IPSR
1000026a:	b2c0      	uxtb	r0, r0
1000026c:	4770      	bx	lr
1000026e:	0000      	.short	0x0000
10000270:	e000ed08 	.word	0xe000ed08
10000274:	d0000000 	.word	0xd0000000
10000278:	20000b90 	.word	0x20000b90
1000027c:	20001ea8 	.word	0x20001ea8
10000280:	1000323d 	.word	0x1000323d
10000284:	10000e85 	.word	0x10000e85
10000288:	1000335d 	.word	0x1000335d
1000028c:	00005657 	.word	0x00005657

10000290 <__bi_50>:
10000290:	50520006 5360b3ab 10009a40              ..RP..`S@...

1000029c <__bi_38>:
1000029c:	50520006 02031c86 10009a50              ..RP....P...

100002a8 <__bi_30>:
100002a8:	50520006 9da22254 10009a60              ..RPT"..`...

100002b4 <__bi_22>:
100002b4:	50520005 68f465de 1000a870              ..RP.e.hp...

100002c0 <_init>:
100002c0:	b5f8      	push	{r3, r4, r5, r6, r7, lr}
100002c2:	46c0      	nop			; (mov r8, r8)

100002c4 <frame_dummy>:
100002c4:	4b04      	ldr	r3, [pc, #16]	; (100002d8 <frame_dummy+0x14>)
100002c6:	b510      	push	{r4, lr}
100002c8:	2b00      	cmp	r3, #0
100002ca:	d003      	beq.n	100002d4 <frame_dummy+0x10>
100002cc:	4903      	ldr	r1, [pc, #12]	; (100002dc <frame_dummy+0x18>)
100002ce:	4804      	ldr	r0, [pc, #16]	; (100002e0 <frame_dummy+0x1c>)
100002d0:	e000      	b.n	100002d4 <frame_dummy+0x10>
100002d2:	bf00      	nop
100002d4:	bd10      	pop	{r4, pc}
100002d6:	46c0      	nop			; (mov r8, r8)
100002d8:	00000000 	.word	0x00000000
100002dc:	20001b6c 	.word	0x20001b6c
100002e0:	100095c0 	.word	0x100095c0

100002e4 <clock_ISR>:
100002e4:	2201      	movs	r2, #1
100002e6:	4b01      	ldr	r3, [pc, #4]	; (100002ec <clock_ISR+0x8>)
100002e8:	701a      	strb	r2, [r3, #0]
100002ea:	4770      	bx	lr
100002ec:	20001ea0 	.word	0x20001ea0

100002f0 <homing_sequence>:
100002f0:	b510      	push	{r4, lr}
100002f2:	0004      	movs	r4, r0
100002f4:	f001 faf0 	bl	100018d8 <picostepper_get_async_enabled>
100002f8:	2800      	cmp	r0, #0
100002fa:	d100      	bne.n	100002fe <homing_sequence+0xe>
100002fc:	bd10      	pop	{r4, pc}
100002fe:	2164      	movs	r1, #100	; 0x64
10000300:	0020      	movs	r0, r4
10000302:	4a02      	ldr	r2, [pc, #8]	; (1000030c <homing_sequence+0x1c>)
10000304:	f001 fb9a 	bl	10001a3c <picostepper_move_async>
10000308:	e7f8      	b.n	100002fc <homing_sequence+0xc>
1000030a:	46c0      	nop			; (mov r8, r8)
1000030c:	100002f1 	.word	0x100002f1

10000310 <slow_home>:
10000310:	b510      	push	{r4, lr}
10000312:	0004      	movs	r4, r0
10000314:	f001 fae0 	bl	100018d8 <picostepper_get_async_enabled>
10000318:	2800      	cmp	r0, #0
1000031a:	d100      	bne.n	1000031e <slow_home+0xe>
1000031c:	bd10      	pop	{r4, pc}
1000031e:	210a      	movs	r1, #10
10000320:	0020      	movs	r0, r4
10000322:	4a02      	ldr	r2, [pc, #8]	; (1000032c <slow_home+0x1c>)
10000324:	f001 fb8a 	bl	10001a3c <picostepper_move_async>
10000328:	e7f8      	b.n	1000031c <slow_home+0xc>
1000032a:	46c0      	nop			; (mov r8, r8)
1000032c:	100002f1 	.word	0x100002f1

10000330 <dma_handler>:
10000330:	b570      	push	{r4, r5, r6, lr}
10000332:	4b2a      	ldr	r3, [pc, #168]	; (100003dc <dma_handler+0xac>)
10000334:	b084      	sub	sp, #16
10000336:	781b      	ldrb	r3, [r3, #0]
10000338:	2b00      	cmp	r3, #0
1000033a:	d04c      	beq.n	100003d6 <dma_handler+0xa6>
1000033c:	4b28      	ldr	r3, [pc, #160]	; (100003e0 <dma_handler+0xb0>)
1000033e:	6819      	ldr	r1, [r3, #0]
10000340:	680a      	ldr	r2, [r1, #0]
10000342:	0853      	lsrs	r3, r2, #1
10000344:	4053      	eors	r3, r2
10000346:	0898      	lsrs	r0, r3, #2
10000348:	4043      	eors	r3, r0
1000034a:	0918      	lsrs	r0, r3, #4
1000034c:	4043      	eors	r3, r0
1000034e:	0a18      	lsrs	r0, r3, #8
10000350:	4043      	eors	r3, r0
10000352:	0c18      	lsrs	r0, r3, #16
10000354:	4043      	eors	r3, r0
10000356:	07db      	lsls	r3, r3, #31
10000358:	d406      	bmi.n	10000368 <dma_handler+0x38>
1000035a:	4c22      	ldr	r4, [pc, #136]	; (100003e4 <dma_handler+0xb4>)
1000035c:	0f13      	lsrs	r3, r2, #28
1000035e:	69e0      	ldr	r0, [r4, #28]
10000360:	4283      	cmp	r3, r0
10000362:	d027      	beq.n	100003b4 <dma_handler+0x84>
10000364:	2b0f      	cmp	r3, #15
10000366:	d025      	beq.n	100003b4 <dma_handler+0x84>
10000368:	f002 fa3a 	bl	100027e0 <alarm_pool_get_default>
1000036c:	0006      	movs	r6, r0
1000036e:	f002 fc5d 	bl	10002c2c <time_us_64>
10000372:	2300      	movs	r3, #0
10000374:	0004      	movs	r4, r0
10000376:	000d      	movs	r5, r1
10000378:	4a1b      	ldr	r2, [pc, #108]	; (100003e8 <dma_handler+0xb8>)
1000037a:	1912      	adds	r2, r2, r4
1000037c:	416b      	adcs	r3, r5
1000037e:	4299      	cmp	r1, r3
10000380:	d814      	bhi.n	100003ac <dma_handler+0x7c>
10000382:	d011      	beq.n	100003a8 <dma_handler+0x78>
10000384:	2100      	movs	r1, #0
10000386:	9102      	str	r1, [sp, #8]
10000388:	9101      	str	r1, [sp, #4]
1000038a:	4918      	ldr	r1, [pc, #96]	; (100003ec <dma_handler+0xbc>)
1000038c:	0030      	movs	r0, r6
1000038e:	9100      	str	r1, [sp, #0]
10000390:	f002 fa2a 	bl	100027e8 <alarm_pool_add_alarm_at>
10000394:	4b16      	ldr	r3, [pc, #88]	; (100003f0 <dma_handler+0xc0>)
10000396:	21a0      	movs	r1, #160	; 0xa0
10000398:	781a      	ldrb	r2, [r3, #0]
1000039a:	2301      	movs	r3, #1
1000039c:	4093      	lsls	r3, r2
1000039e:	4a15      	ldr	r2, [pc, #84]	; (100003f4 <dma_handler+0xc4>)
100003a0:	05c9      	lsls	r1, r1, #23
100003a2:	508b      	str	r3, [r1, r2]
100003a4:	b004      	add	sp, #16
100003a6:	bd70      	pop	{r4, r5, r6, pc}
100003a8:	4290      	cmp	r0, r2
100003aa:	d9eb      	bls.n	10000384 <dma_handler+0x54>
100003ac:	2201      	movs	r2, #1
100003ae:	4252      	negs	r2, r2
100003b0:	17d3      	asrs	r3, r2, #31
100003b2:	e7e7      	b.n	10000384 <dma_handler+0x54>
100003b4:	0393      	lsls	r3, r2, #14
100003b6:	0f9b      	lsrs	r3, r3, #30
100003b8:	d1d6      	bne.n	10000368 <dma_handler+0x38>
100003ba:	4b0f      	ldr	r3, [pc, #60]	; (100003f8 <dma_handler+0xc8>)
100003bc:	0452      	lsls	r2, r2, #17
100003be:	0f52      	lsrs	r2, r2, #29
100003c0:	701a      	strb	r2, [r3, #0]
100003c2:	4b0e      	ldr	r3, [pc, #56]	; (100003fc <dma_handler+0xcc>)
100003c4:	68a2      	ldr	r2, [r4, #8]
100003c6:	6818      	ldr	r0, [r3, #0]
100003c8:	0092      	lsls	r2, r2, #2
100003ca:	f005 ff0d 	bl	100061e8 <__wrap___aeabi_memcpy>
100003ce:	2201      	movs	r2, #1
100003d0:	4b0b      	ldr	r3, [pc, #44]	; (10000400 <dma_handler+0xd0>)
100003d2:	701a      	strb	r2, [r3, #0]
100003d4:	e7c8      	b.n	10000368 <dma_handler+0x38>
100003d6:	4b0b      	ldr	r3, [pc, #44]	; (10000404 <dma_handler+0xd4>)
100003d8:	6819      	ldr	r1, [r3, #0]
100003da:	e7b1      	b.n	10000340 <dma_handler+0x10>
100003dc:	20001e99 	.word	0x20001e99
100003e0:	20001454 	.word	0x20001454
100003e4:	20000b90 	.word	0x20000b90
100003e8:	00030d40 	.word	0x00030d40
100003ec:	1000068d 	.word	0x1000068d
100003f0:	20001e9c 	.word	0x20001e9c
100003f4:	0000041c 	.word	0x0000041c
100003f8:	20001ea2 	.word	0x20001ea2
100003fc:	20001ba0 	.word	0x20001ba0
10000400:	20001ea4 	.word	0x20001ea4
10000404:	20001458 	.word	0x20001458

10000408 <serialReceiver>:
10000408:	b5f0      	push	{r4, r5, r6, r7, lr}
1000040a:	46de      	mov	lr, fp
1000040c:	4657      	mov	r7, sl
1000040e:	464e      	mov	r6, r9
10000410:	4645      	mov	r5, r8
10000412:	b5e0      	push	{r5, r6, r7, lr}
10000414:	2501      	movs	r5, #1
10000416:	b08d      	sub	sp, #52	; 0x34
10000418:	4878      	ldr	r0, [pc, #480]	; (100005fc <serialReceiver+0x1f4>)
1000041a:	f005 ffbf 	bl	1000639c <__wrap_puts>
1000041e:	22fa      	movs	r2, #250	; 0xfa
10000420:	0028      	movs	r0, r5
10000422:	4b77      	ldr	r3, [pc, #476]	; (10000600 <serialReceiver+0x1f8>)
10000424:	4c77      	ldr	r4, [pc, #476]	; (10000604 <serialReceiver+0x1fc>)
10000426:	00d2      	lsls	r2, r2, #3
10000428:	4977      	ldr	r1, [pc, #476]	; (10000608 <serialReceiver+0x200>)
1000042a:	669a      	str	r2, [r3, #104]	; 0x68
1000042c:	675c      	str	r4, [r3, #116]	; 0x74
1000042e:	6809      	ldr	r1, [r1, #0]
10000430:	4388      	bics	r0, r1
10000432:	4976      	ldr	r1, [pc, #472]	; (1000060c <serialReceiver+0x204>)
10000434:	6008      	str	r0, [r1, #0]
10000436:	67da      	str	r2, [r3, #124]	; 0x7c
10000438:	2288      	movs	r2, #136	; 0x88
1000043a:	509c      	str	r4, [r3, r2]
1000043c:	002a      	movs	r2, r5
1000043e:	4b74      	ldr	r3, [pc, #464]	; (10000610 <serialReceiver+0x208>)
10000440:	4874      	ldr	r0, [pc, #464]	; (10000614 <serialReceiver+0x20c>)
10000442:	681b      	ldr	r3, [r3, #0]
10000444:	439a      	bics	r2, r3
10000446:	4b74      	ldr	r3, [pc, #464]	; (10000618 <serialReceiver+0x210>)
10000448:	601a      	str	r2, [r3, #0]
1000044a:	f005 ffa7 	bl	1000639c <__wrap_puts>
1000044e:	4873      	ldr	r0, [pc, #460]	; (1000061c <serialReceiver+0x214>)
10000450:	4a73      	ldr	r2, [pc, #460]	; (10000620 <serialReceiver+0x218>)
10000452:	6803      	ldr	r3, [r0, #0]
10000454:	4973      	ldr	r1, [pc, #460]	; (10000624 <serialReceiver+0x21c>)
10000456:	4053      	eors	r3, r2
10000458:	0c1b      	lsrs	r3, r3, #16
1000045a:	041b      	lsls	r3, r3, #16
1000045c:	600b      	str	r3, [r1, #0]
1000045e:	6803      	ldr	r3, [r0, #0]
10000460:	4063      	eors	r3, r4
10000462:	041b      	lsls	r3, r3, #16
10000464:	0c1b      	lsrs	r3, r3, #16
10000466:	600b      	str	r3, [r1, #0]
10000468:	4b6f      	ldr	r3, [pc, #444]	; (10000628 <serialReceiver+0x220>)
1000046a:	4c70      	ldr	r4, [pc, #448]	; (1000062c <serialReceiver+0x224>)
1000046c:	681b      	ldr	r3, [r3, #0]
1000046e:	4970      	ldr	r1, [pc, #448]	; (10000630 <serialReceiver+0x228>)
10000470:	4053      	eors	r3, r2
10000472:	0c1b      	lsrs	r3, r3, #16
10000474:	4a6f      	ldr	r2, [pc, #444]	; (10000634 <serialReceiver+0x22c>)
10000476:	041b      	lsls	r3, r3, #16
10000478:	6013      	str	r3, [r2, #0]
1000047a:	4b6f      	ldr	r3, [pc, #444]	; (10000638 <serialReceiver+0x230>)
1000047c:	6023      	str	r3, [r4, #0]
1000047e:	6820      	ldr	r0, [r4, #0]
10000480:	f008 fa1a 	bl	100088b8 <pio_add_program>
10000484:	2101      	movs	r1, #1
10000486:	4680      	mov	r8, r0
10000488:	6820      	ldr	r0, [r4, #0]
1000048a:	f008 f9f7 	bl	1000887c <pio_claim_unused_sm>
1000048e:	4b6b      	ldr	r3, [pc, #428]	; (1000063c <serialReceiver+0x234>)
10000490:	b2c0      	uxtb	r0, r0
10000492:	469a      	mov	sl, r3
10000494:	7018      	strb	r0, [r3, #0]
10000496:	486a      	ldr	r0, [pc, #424]	; (10000640 <serialReceiver+0x238>)
10000498:	f005 ff80 	bl	1000639c <__wrap_puts>
1000049c:	4653      	mov	r3, sl
1000049e:	6822      	ldr	r2, [r4, #0]
100004a0:	7819      	ldrb	r1, [r3, #0]
100004a2:	a808      	add	r0, sp, #32
100004a4:	004b      	lsls	r3, r1, #1
100004a6:	185b      	adds	r3, r3, r1
100004a8:	00db      	lsls	r3, r3, #3
100004aa:	33d0      	adds	r3, #208	; 0xd0
100004ac:	18d3      	adds	r3, r2, r3
100004ae:	2280      	movs	r2, #128	; 0x80
100004b0:	2180      	movs	r1, #128	; 0x80
100004b2:	0152      	lsls	r2, r2, #5
100004b4:	4313      	orrs	r3, r2
100004b6:	0609      	lsls	r1, r1, #24
100004b8:	6019      	str	r1, [r3, #0]
100004ba:	6019      	str	r1, [r3, #0]
100004bc:	4653      	mov	r3, sl
100004be:	6827      	ldr	r7, [r4, #0]
100004c0:	781b      	ldrb	r3, [r3, #0]
100004c2:	2280      	movs	r2, #128	; 0x80
100004c4:	b2de      	uxtb	r6, r3
100004c6:	2300      	movs	r3, #0
100004c8:	469b      	mov	fp, r3
100004ca:	9307      	str	r3, [sp, #28]
100004cc:	23f8      	movs	r3, #248	; 0xf8
100004ce:	0252      	lsls	r2, r2, #9
100004d0:	025b      	lsls	r3, r3, #9
100004d2:	9204      	str	r2, [sp, #16]
100004d4:	9305      	str	r3, [sp, #20]
100004d6:	23c0      	movs	r3, #192	; 0xc0
100004d8:	4689      	mov	r9, r1
100004da:	031b      	lsls	r3, r3, #12
100004dc:	2210      	movs	r2, #16
100004de:	a904      	add	r1, sp, #16
100004e0:	9306      	str	r3, [sp, #24]
100004e2:	f005 fe81 	bl	100061e8 <__wrap___aeabi_memcpy>
100004e6:	4643      	mov	r3, r8
100004e8:	4641      	mov	r1, r8
100004ea:	3302      	adds	r3, #2
100004ec:	01ca      	lsls	r2, r1, #7
100004ee:	031b      	lsls	r3, r3, #12
100004f0:	4313      	orrs	r3, r2
100004f2:	a908      	add	r1, sp, #32
100004f4:	2210      	movs	r2, #16
100004f6:	a804      	add	r0, sp, #16
100004f8:	9309      	str	r3, [sp, #36]	; 0x24
100004fa:	f005 fe75 	bl	100061e8 <__wrap___aeabi_memcpy>
100004fe:	23fa      	movs	r3, #250	; 0xfa
10000500:	03db      	lsls	r3, r3, #15
10000502:	9304      	str	r3, [sp, #16]
10000504:	465b      	mov	r3, fp
10000506:	2200      	movs	r2, #0
10000508:	0031      	movs	r1, r6
1000050a:	0038      	movs	r0, r7
1000050c:	9300      	str	r3, [sp, #0]
1000050e:	3302      	adds	r3, #2
10000510:	9603      	str	r6, [sp, #12]
10000512:	f008 fa49 	bl	100089a8 <pio_sm_set_consecutive_pindirs>
10000516:	4b4b      	ldr	r3, [pc, #300]	; (10000644 <serialReceiver+0x23c>)
10000518:	2000      	movs	r0, #0
1000051a:	18fe      	adds	r6, r7, r3
1000051c:	1e73      	subs	r3, r6, #1
1000051e:	419e      	sbcs	r6, r3
10000520:	3606      	adds	r6, #6
10000522:	0031      	movs	r1, r6
10000524:	f001 fd72 	bl	1000200c <gpio_set_function>
10000528:	0031      	movs	r1, r6
1000052a:	2001      	movs	r0, #1
1000052c:	f001 fd6e 	bl	1000200c <gpio_set_function>
10000530:	9a06      	ldr	r2, [sp, #24]
10000532:	4b45      	ldr	r3, [pc, #276]	; (10000648 <serialReceiver+0x240>)
10000534:	9e03      	ldr	r6, [sp, #12]
10000536:	401a      	ands	r2, r3
10000538:	4b44      	ldr	r3, [pc, #272]	; (1000064c <serialReceiver+0x244>)
1000053a:	0031      	movs	r1, r6
1000053c:	4313      	orrs	r3, r2
1000053e:	0038      	movs	r0, r7
10000540:	4642      	mov	r2, r8
10000542:	9306      	str	r3, [sp, #24]
10000544:	ab04      	add	r3, sp, #16
10000546:	f008 fa71 	bl	10008a2c <pio_sm_init>
1000054a:	002b      	movs	r3, r5
1000054c:	40b3      	lsls	r3, r6
1000054e:	683a      	ldr	r2, [r7, #0]
10000550:	483f      	ldr	r0, [pc, #252]	; (10000650 <serialReceiver+0x248>)
10000552:	4313      	orrs	r3, r2
10000554:	603b      	str	r3, [r7, #0]
10000556:	f005 ff21 	bl	1000639c <__wrap_puts>
1000055a:	2288      	movs	r2, #136	; 0x88
1000055c:	4b3d      	ldr	r3, [pc, #244]	; (10000654 <serialReceiver+0x24c>)
1000055e:	0152      	lsls	r2, r2, #5
10000560:	601a      	str	r2, [r3, #0]
10000562:	2001      	movs	r0, #1
10000564:	f008 fab0 	bl	10008ac8 <dma_claim_unused_channel>
10000568:	4e3b      	ldr	r6, [pc, #236]	; (10000658 <serialReceiver+0x250>)
1000056a:	b2c0      	uxtb	r0, r0
1000056c:	7030      	strb	r0, [r6, #0]
1000056e:	7833      	ldrb	r3, [r6, #0]
10000570:	4a3a      	ldr	r2, [pc, #232]	; (1000065c <serialReceiver+0x254>)
10000572:	4f3b      	ldr	r7, [pc, #236]	; (10000660 <serialReceiver+0x258>)
10000574:	02db      	lsls	r3, r3, #11
10000576:	4013      	ands	r3, r2
10000578:	483a      	ldr	r0, [pc, #232]	; (10000664 <serialReceiver+0x25c>)
1000057a:	431f      	orrs	r7, r3
1000057c:	f005 ff0e 	bl	1000639c <__wrap_puts>
10000580:	20a0      	movs	r0, #160	; 0xa0
10000582:	05c0      	lsls	r0, r0, #23
10000584:	4684      	mov	ip, r0
10000586:	4658      	mov	r0, fp
10000588:	4a37      	ldr	r2, [pc, #220]	; (10000668 <serialReceiver+0x260>)
1000058a:	7833      	ldrb	r3, [r6, #0]
1000058c:	6811      	ldr	r1, [r2, #0]
1000058e:	4a37      	ldr	r2, [pc, #220]	; (1000066c <serialReceiver+0x264>)
10000590:	019b      	lsls	r3, r3, #6
10000592:	6892      	ldr	r2, [r2, #8]
10000594:	4463      	add	r3, ip
10000596:	6018      	str	r0, [r3, #0]
10000598:	6059      	str	r1, [r3, #4]
1000059a:	4835      	ldr	r0, [pc, #212]	; (10000670 <serialReceiver+0x268>)
1000059c:	609a      	str	r2, [r3, #8]
1000059e:	611f      	str	r7, [r3, #16]
100005a0:	f005 fefc 	bl	1000639c <__wrap_puts>
100005a4:	7833      	ldrb	r3, [r6, #0]
100005a6:	4833      	ldr	r0, [pc, #204]	; (10000674 <serialReceiver+0x26c>)
100005a8:	409d      	lsls	r5, r3
100005aa:	4b33      	ldr	r3, [pc, #204]	; (10000678 <serialReceiver+0x270>)
100005ac:	601d      	str	r5, [r3, #0]
100005ae:	f005 fef5 	bl	1000639c <__wrap_puts>
100005b2:	4932      	ldr	r1, [pc, #200]	; (1000067c <serialReceiver+0x274>)
100005b4:	200c      	movs	r0, #12
100005b6:	f003 f965 	bl	10003884 <irq_set_exclusive_handler>
100005ba:	4831      	ldr	r0, [pc, #196]	; (10000680 <serialReceiver+0x278>)
100005bc:	f005 feee 	bl	1000639c <__wrap_puts>
100005c0:	2101      	movs	r1, #1
100005c2:	200c      	movs	r0, #12
100005c4:	f003 f93c 	bl	10003840 <irq_set_enabled>
100005c8:	482e      	ldr	r0, [pc, #184]	; (10000684 <serialReceiver+0x27c>)
100005ca:	f005 fee7 	bl	1000639c <__wrap_puts>
100005ce:	4653      	mov	r3, sl
100005d0:	6822      	ldr	r2, [r4, #0]
100005d2:	7819      	ldrb	r1, [r3, #0]
100005d4:	482c      	ldr	r0, [pc, #176]	; (10000688 <serialReceiver+0x280>)
100005d6:	004b      	lsls	r3, r1, #1
100005d8:	185b      	adds	r3, r3, r1
100005da:	00db      	lsls	r3, r3, #3
100005dc:	33d0      	adds	r3, #208	; 0xd0
100005de:	18d3      	adds	r3, r2, r3
100005e0:	2280      	movs	r2, #128	; 0x80
100005e2:	0152      	lsls	r2, r2, #5
100005e4:	4313      	orrs	r3, r2
100005e6:	464a      	mov	r2, r9
100005e8:	601a      	str	r2, [r3, #0]
100005ea:	601a      	str	r2, [r3, #0]
100005ec:	f005 fed6 	bl	1000639c <__wrap_puts>
100005f0:	f7ff fe9e 	bl	10000330 <dma_handler>
100005f4:	2064      	movs	r0, #100	; 0x64
100005f6:	f002 fa09 	bl	10002a0c <sleep_ms>
100005fa:	e7fb      	b.n	100005f4 <serialReceiver+0x1ec>
100005fc:	100095c0 	.word	0x100095c0
10000600:	40050000 	.word	0x40050000
10000604:	000003ff 	.word	0x000003ff
10000608:	40050064 	.word	0x40050064
1000060c:	40051064 	.word	0x40051064
10000610:	40050078 	.word	0x40050078
10000614:	100095d8 	.word	0x100095d8
10000618:	40051078 	.word	0x40051078
1000061c:	40050084 	.word	0x40050084
10000620:	03ff0000 	.word	0x03ff0000
10000624:	40051084 	.word	0x40051084
10000628:	40050070 	.word	0x40050070
1000062c:	20001b84 	.word	0x20001b84
10000630:	10009760 	.word	0x10009760
10000634:	40051070 	.word	0x40051070
10000638:	50300000 	.word	0x50300000
1000063c:	20001ea1 	.word	0x20001ea1
10000640:	100095e8 	.word	0x100095e8
10000644:	afe00000 	.word	0xafe00000
10000648:	3e0affff 	.word	0x3e0affff
1000064c:	80010000 	.word	0x80010000
10000650:	100095f8 	.word	0x100095f8
10000654:	40030000 	.word	0x40030000
10000658:	20001e9c 	.word	0x20001e9c
1000065c:	ffe07fff 	.word	0xffe07fff
10000660:	00060029 	.word	0x00060029
10000664:	10009618 	.word	0x10009618
10000668:	20001454 	.word	0x20001454
1000066c:	20000b90 	.word	0x20000b90
10000670:	10009628 	.word	0x10009628
10000674:	10009638 	.word	0x10009638
10000678:	50002414 	.word	0x50002414
1000067c:	10000331 	.word	0x10000331
10000680:	10009654 	.word	0x10009654
10000684:	10009678 	.word	0x10009678
10000688:	10009690 	.word	0x10009690

1000068c <reenableDMA>:
1000068c:	b570      	push	{r4, r5, r6, lr}
1000068e:	4a33      	ldr	r2, [pc, #204]	; (1000075c <reenableDMA+0xd0>)
10000690:	b084      	sub	sp, #16
10000692:	7813      	ldrb	r3, [r2, #0]
10000694:	b2dc      	uxtb	r4, r3
10000696:	2b00      	cmp	r3, #0
10000698:	d141      	bne.n	1000071e <reenableDMA+0x92>
1000069a:	4d31      	ldr	r5, [pc, #196]	; (10000760 <reenableDMA+0xd4>)
1000069c:	4831      	ldr	r0, [pc, #196]	; (10000764 <reenableDMA+0xd8>)
1000069e:	682a      	ldr	r2, [r5, #0]
100006a0:	7801      	ldrb	r1, [r0, #0]
100006a2:	004b      	lsls	r3, r1, #1
100006a4:	185b      	adds	r3, r3, r1
100006a6:	00db      	lsls	r3, r3, #3
100006a8:	33d0      	adds	r3, #208	; 0xd0
100006aa:	18d2      	adds	r2, r2, r3
100006ac:	2380      	movs	r3, #128	; 0x80
100006ae:	015b      	lsls	r3, r3, #5
100006b0:	4313      	orrs	r3, r2
100006b2:	2280      	movs	r2, #128	; 0x80
100006b4:	0612      	lsls	r2, r2, #24
100006b6:	601a      	str	r2, [r3, #0]
100006b8:	601a      	str	r2, [r3, #0]
100006ba:	4b2b      	ldr	r3, [pc, #172]	; (10000768 <reenableDMA+0xdc>)
100006bc:	781a      	ldrb	r2, [r3, #0]
100006be:	2a00      	cmp	r2, #0
100006c0:	d118      	bne.n	100006f4 <reenableDMA+0x68>
100006c2:	2201      	movs	r2, #1
100006c4:	4c29      	ldr	r4, [pc, #164]	; (1000076c <reenableDMA+0xe0>)
100006c6:	701a      	strb	r2, [r3, #0]
100006c8:	7823      	ldrb	r3, [r4, #0]
100006ca:	6829      	ldr	r1, [r5, #0]
100006cc:	7802      	ldrb	r2, [r0, #0]
100006ce:	20a0      	movs	r0, #160	; 0xa0
100006d0:	05c0      	lsls	r0, r0, #23
100006d2:	4684      	mov	ip, r0
100006d4:	3208      	adds	r2, #8
100006d6:	019b      	lsls	r3, r3, #6
100006d8:	0092      	lsls	r2, r2, #2
100006da:	4463      	add	r3, ip
100006dc:	188a      	adds	r2, r1, r2
100006de:	601a      	str	r2, [r3, #0]
100006e0:	7823      	ldrb	r3, [r4, #0]
100006e2:	4a23      	ldr	r2, [pc, #140]	; (10000770 <reenableDMA+0xe4>)
100006e4:	019b      	lsls	r3, r3, #6
100006e6:	6812      	ldr	r2, [r2, #0]
100006e8:	4463      	add	r3, ip
100006ea:	62da      	str	r2, [r3, #44]	; 0x2c
100006ec:	2000      	movs	r0, #0
100006ee:	2100      	movs	r1, #0
100006f0:	b004      	add	sp, #16
100006f2:	bd70      	pop	{r4, r5, r6, pc}
100006f4:	701c      	strb	r4, [r3, #0]
100006f6:	4c1d      	ldr	r4, [pc, #116]	; (1000076c <reenableDMA+0xe0>)
100006f8:	7823      	ldrb	r3, [r4, #0]
100006fa:	6829      	ldr	r1, [r5, #0]
100006fc:	7802      	ldrb	r2, [r0, #0]
100006fe:	20a0      	movs	r0, #160	; 0xa0
10000700:	05c0      	lsls	r0, r0, #23
10000702:	4684      	mov	ip, r0
10000704:	3208      	adds	r2, #8
10000706:	019b      	lsls	r3, r3, #6
10000708:	0092      	lsls	r2, r2, #2
1000070a:	4463      	add	r3, ip
1000070c:	188a      	adds	r2, r1, r2
1000070e:	601a      	str	r2, [r3, #0]
10000710:	7823      	ldrb	r3, [r4, #0]
10000712:	4a18      	ldr	r2, [pc, #96]	; (10000774 <reenableDMA+0xe8>)
10000714:	019b      	lsls	r3, r3, #6
10000716:	6812      	ldr	r2, [r2, #0]
10000718:	4463      	add	r3, ip
1000071a:	62da      	str	r2, [r3, #44]	; 0x2c
1000071c:	e7e6      	b.n	100006ec <reenableDMA+0x60>
1000071e:	2300      	movs	r3, #0
10000720:	7013      	strb	r3, [r2, #0]
10000722:	f002 f85d 	bl	100027e0 <alarm_pool_get_default>
10000726:	0006      	movs	r6, r0
10000728:	f002 fa80 	bl	10002c2c <time_us_64>
1000072c:	2300      	movs	r3, #0
1000072e:	0004      	movs	r4, r0
10000730:	000d      	movs	r5, r1
10000732:	4a11      	ldr	r2, [pc, #68]	; (10000778 <reenableDMA+0xec>)
10000734:	1912      	adds	r2, r2, r4
10000736:	416b      	adcs	r3, r5
10000738:	4299      	cmp	r1, r3
1000073a:	d80b      	bhi.n	10000754 <reenableDMA+0xc8>
1000073c:	d008      	beq.n	10000750 <reenableDMA+0xc4>
1000073e:	2100      	movs	r1, #0
10000740:	9102      	str	r1, [sp, #8]
10000742:	9101      	str	r1, [sp, #4]
10000744:	490d      	ldr	r1, [pc, #52]	; (1000077c <reenableDMA+0xf0>)
10000746:	0030      	movs	r0, r6
10000748:	9100      	str	r1, [sp, #0]
1000074a:	f002 f84d 	bl	100027e8 <alarm_pool_add_alarm_at>
1000074e:	e7cd      	b.n	100006ec <reenableDMA+0x60>
10000750:	4290      	cmp	r0, r2
10000752:	d9f4      	bls.n	1000073e <reenableDMA+0xb2>
10000754:	2201      	movs	r2, #1
10000756:	4252      	negs	r2, r2
10000758:	17d3      	asrs	r3, r2, #31
1000075a:	e7f0      	b.n	1000073e <reenableDMA+0xb2>
1000075c:	20001ea0 	.word	0x20001ea0
10000760:	20001b84 	.word	0x20001b84
10000764:	20001ea1 	.word	0x20001ea1
10000768:	20001e99 	.word	0x20001e99
1000076c:	20001e9c 	.word	0x20001e9c
10000770:	20001454 	.word	0x20001454
10000774:	20001458 	.word	0x20001458
10000778:	0000c350 	.word	0x0000c350
1000077c:	1000068d 	.word	0x1000068d

10000780 <init_buffers>:
10000780:	4b0c      	ldr	r3, [pc, #48]	; (100007b4 <init_buffers+0x34>)
10000782:	b570      	push	{r4, r5, r6, lr}
10000784:	689c      	ldr	r4, [r3, #8]
10000786:	00a4      	lsls	r4, r4, #2
10000788:	0020      	movs	r0, r4
1000078a:	f005 fcf1 	bl	10006170 <__wrap_malloc>
1000078e:	4b0a      	ldr	r3, [pc, #40]	; (100007b8 <init_buffers+0x38>)
10000790:	0006      	movs	r6, r0
10000792:	6018      	str	r0, [r3, #0]
10000794:	0020      	movs	r0, r4
10000796:	f005 fceb 	bl	10006170 <__wrap_malloc>
1000079a:	4b08      	ldr	r3, [pc, #32]	; (100007bc <init_buffers+0x3c>)
1000079c:	0005      	movs	r5, r0
1000079e:	6018      	str	r0, [r3, #0]
100007a0:	0020      	movs	r0, r4
100007a2:	f005 fce5 	bl	10006170 <__wrap_malloc>
100007a6:	4a06      	ldr	r2, [pc, #24]	; (100007c0 <init_buffers+0x40>)
100007a8:	6010      	str	r0, [r2, #0]
100007aa:	2200      	movs	r2, #0
100007ac:	6032      	str	r2, [r6, #0]
100007ae:	602a      	str	r2, [r5, #0]
100007b0:	6002      	str	r2, [r0, #0]
100007b2:	bd70      	pop	{r4, r5, r6, pc}
100007b4:	20000b90 	.word	0x20000b90
100007b8:	20001ba0 	.word	0x20001ba0
100007bc:	20001454 	.word	0x20001454
100007c0:	20001458 	.word	0x20001458

100007c4 <init_config>:
100007c4:	2201      	movs	r2, #1
100007c6:	b570      	push	{r4, r5, r6, lr}
100007c8:	4b0d      	ldr	r3, [pc, #52]	; (10000800 <init_config+0x3c>)
100007ca:	4d0e      	ldr	r5, [pc, #56]	; (10000804 <init_config+0x40>)
100007cc:	2400      	movs	r4, #0
100007ce:	602a      	str	r2, [r5, #0]
100007d0:	606b      	str	r3, [r5, #4]
100007d2:	2233      	movs	r2, #51	; 0x33
100007d4:	4b0c      	ldr	r3, [pc, #48]	; (10000808 <init_config+0x44>)
100007d6:	4e0d      	ldr	r6, [pc, #52]	; (1000080c <init_config+0x48>)
100007d8:	60aa      	str	r2, [r5, #8]
100007da:	60eb      	str	r3, [r5, #12]
100007dc:	4a0c      	ldr	r2, [pc, #48]	; (10000810 <init_config+0x4c>)
100007de:	4b0d      	ldr	r3, [pc, #52]	; (10000814 <init_config+0x50>)
100007e0:	612a      	str	r2, [r5, #16]
100007e2:	616b      	str	r3, [r5, #20]
100007e4:	2296      	movs	r2, #150	; 0x96
100007e6:	2305      	movs	r3, #5
100007e8:	0052      	lsls	r2, r2, #1
100007ea:	61aa      	str	r2, [r5, #24]
100007ec:	61eb      	str	r3, [r5, #28]
100007ee:	0021      	movs	r1, r4
100007f0:	0030      	movs	r0, r6
100007f2:	cd04      	ldmia	r5!, {r2}
100007f4:	3401      	adds	r4, #1
100007f6:	f005 fef9 	bl	100065ec <__wrap_printf>
100007fa:	2c08      	cmp	r4, #8
100007fc:	d1f7      	bne.n	100007ee <init_config+0x2a>
100007fe:	bd70      	pop	{r4, r5, r6, pc}
10000800:	000186a0 	.word	0x000186a0
10000804:	20000b90 	.word	0x20000b90
10000808:	00009c40 	.word	0x00009c40
1000080c:	100096a0 	.word	0x100096a0
10000810:	00002710 	.word	0x00002710
10000814:	0000028a 	.word	0x0000028a

10000818 <init_gpio>:
10000818:	b570      	push	{r4, r5, r6, lr}
1000081a:	200e      	movs	r0, #14
1000081c:	f001 fc5c 	bl	100020d8 <gpio_init>
10000820:	200f      	movs	r0, #15
10000822:	f001 fc59 	bl	100020d8 <gpio_init>
10000826:	200d      	movs	r0, #13
10000828:	f001 fc56 	bl	100020d8 <gpio_init>
1000082c:	200c      	movs	r0, #12
1000082e:	f001 fc53 	bl	100020d8 <gpio_init>
10000832:	200b      	movs	r0, #11
10000834:	f001 fc50 	bl	100020d8 <gpio_init>
10000838:	2010      	movs	r0, #16
1000083a:	f001 fc4d 	bl	100020d8 <gpio_init>
1000083e:	24d0      	movs	r4, #208	; 0xd0
10000840:	2380      	movs	r3, #128	; 0x80
10000842:	0624      	lsls	r4, r4, #24
10000844:	01db      	lsls	r3, r3, #7
10000846:	62a3      	str	r3, [r4, #40]	; 0x28
10000848:	2580      	movs	r5, #128	; 0x80
1000084a:	2380      	movs	r3, #128	; 0x80
1000084c:	026d      	lsls	r5, r5, #9
1000084e:	021b      	lsls	r3, r3, #8
10000850:	62a3      	str	r3, [r4, #40]	; 0x28
10000852:	2104      	movs	r1, #4
10000854:	6265      	str	r5, [r4, #36]	; 0x24
10000856:	200d      	movs	r0, #13
10000858:	f001 fbd8 	bl	1000200c <gpio_set_function>
1000085c:	2104      	movs	r1, #4
1000085e:	200c      	movs	r0, #12
10000860:	f001 fbd4 	bl	1000200c <gpio_set_function>
10000864:	2104      	movs	r1, #4
10000866:	200b      	movs	r0, #11
10000868:	f001 fbd0 	bl	1000200c <gpio_set_function>
1000086c:	2200      	movs	r2, #0
1000086e:	2101      	movs	r1, #1
10000870:	200e      	movs	r0, #14
10000872:	f001 fbe3 	bl	1000203c <gpio_set_pulls>
10000876:	2200      	movs	r2, #0
10000878:	2101      	movs	r1, #1
1000087a:	200f      	movs	r0, #15
1000087c:	f001 fbde 	bl	1000203c <gpio_set_pulls>
10000880:	2201      	movs	r2, #1
10000882:	2100      	movs	r1, #0
10000884:	2001      	movs	r0, #1
10000886:	f001 fbd9 	bl	1000203c <gpio_set_pulls>
1000088a:	2201      	movs	r2, #1
1000088c:	2100      	movs	r1, #0
1000088e:	2000      	movs	r0, #0
10000890:	f001 fbd4 	bl	1000203c <gpio_set_pulls>
10000894:	2201      	movs	r2, #1
10000896:	2108      	movs	r1, #8
10000898:	2001      	movs	r0, #1
1000089a:	4b02      	ldr	r3, [pc, #8]	; (100008a4 <init_gpio+0x8c>)
1000089c:	f001 fbe0 	bl	10002060 <gpio_set_irq_enabled_with_callback>
100008a0:	61a5      	str	r5, [r4, #24]
100008a2:	bd70      	pop	{r4, r5, r6, pc}
100008a4:	100002e5 	.word	0x100002e5

100008a8 <init_steppers>:
100008a8:	b510      	push	{r4, lr}
100008aa:	2202      	movs	r2, #2
100008ac:	2113      	movs	r1, #19
100008ae:	2012      	movs	r0, #18
100008b0:	f000 fea0 	bl	100015f4 <picostepper_pindef_init>
100008b4:	4c06      	ldr	r4, [pc, #24]	; (100008d0 <init_steppers+0x28>)
100008b6:	2202      	movs	r2, #2
100008b8:	6020      	str	r0, [r4, #0]
100008ba:	2114      	movs	r1, #20
100008bc:	2015      	movs	r0, #21
100008be:	f000 fe99 	bl	100015f4 <picostepper_pindef_init>
100008c2:	4b04      	ldr	r3, [pc, #16]	; (100008d4 <init_steppers+0x2c>)
100008c4:	6822      	ldr	r2, [r4, #0]
100008c6:	6018      	str	r0, [r3, #0]
100008c8:	4b03      	ldr	r3, [pc, #12]	; (100008d8 <init_steppers+0x30>)
100008ca:	6018      	str	r0, [r3, #0]
100008cc:	605a      	str	r2, [r3, #4]
100008ce:	bd10      	pop	{r4, pc}
100008d0:	20000fc4 	.word	0x20000fc4
100008d4:	20000fc0 	.word	0x20000fc0
100008d8:	200014c8 	.word	0x200014c8

100008dc <set_stepper_values>:
100008dc:	b5f8      	push	{r3, r4, r5, r6, r7, lr}
100008de:	4d27      	ldr	r5, [pc, #156]	; (1000097c <set_stepper_values+0xa0>)
100008e0:	2101      	movs	r1, #1
100008e2:	6828      	ldr	r0, [r5, #0]
100008e4:	f000 ffe6 	bl	100018b4 <picostepper_set_async_enabled>
100008e8:	4c25      	ldr	r4, [pc, #148]	; (10000980 <set_stepper_values+0xa4>)
100008ea:	2101      	movs	r1, #1
100008ec:	6820      	ldr	r0, [r4, #0]
100008ee:	f000 ffe1 	bl	100018b4 <picostepper_set_async_enabled>
100008f2:	4e24      	ldr	r6, [pc, #144]	; (10000984 <set_stepper_values+0xa8>)
100008f4:	7833      	ldrb	r3, [r6, #0]
100008f6:	2b00      	cmp	r3, #0
100008f8:	d119      	bne.n	1000092e <set_stepper_values+0x52>
100008fa:	4e23      	ldr	r6, [pc, #140]	; (10000988 <set_stepper_values+0xac>)
100008fc:	6828      	ldr	r0, [r5, #0]
100008fe:	68f1      	ldr	r1, [r6, #12]
10000900:	f001 f83c 	bl	1000197c <picostepper_set_max_speed>
10000904:	6931      	ldr	r1, [r6, #16]
10000906:	6828      	ldr	r0, [r5, #0]
10000908:	f001 f842 	bl	10001990 <picostepper_set_min_speed>
1000090c:	68f1      	ldr	r1, [r6, #12]
1000090e:	6820      	ldr	r0, [r4, #0]
10000910:	f001 f834 	bl	1000197c <picostepper_set_max_speed>
10000914:	6931      	ldr	r1, [r6, #16]
10000916:	6820      	ldr	r0, [r4, #0]
10000918:	f001 f83a 	bl	10001990 <picostepper_set_min_speed>
1000091c:	6871      	ldr	r1, [r6, #4]
1000091e:	6828      	ldr	r0, [r5, #0]
10000920:	f001 f818 	bl	10001954 <picostepper_set_acceleration>
10000924:	6871      	ldr	r1, [r6, #4]
10000926:	6820      	ldr	r0, [r4, #0]
10000928:	f001 f814 	bl	10001954 <picostepper_set_acceleration>
1000092c:	bdf8      	pop	{r3, r4, r5, r6, r7, pc}
1000092e:	7833      	ldrb	r3, [r6, #0]
10000930:	4f16      	ldr	r7, [pc, #88]	; (1000098c <set_stepper_values+0xb0>)
10000932:	3b01      	subs	r3, #1
10000934:	005b      	lsls	r3, r3, #1
10000936:	5bd9      	ldrh	r1, [r3, r7]
10000938:	6828      	ldr	r0, [r5, #0]
1000093a:	f001 f81f 	bl	1000197c <picostepper_set_max_speed>
1000093e:	7833      	ldrb	r3, [r6, #0]
10000940:	6828      	ldr	r0, [r5, #0]
10000942:	3b01      	subs	r3, #1
10000944:	005b      	lsls	r3, r3, #1
10000946:	5bd9      	ldrh	r1, [r3, r7]
10000948:	f001 f822 	bl	10001990 <picostepper_set_min_speed>
1000094c:	7833      	ldrb	r3, [r6, #0]
1000094e:	6820      	ldr	r0, [r4, #0]
10000950:	3b01      	subs	r3, #1
10000952:	005b      	lsls	r3, r3, #1
10000954:	5bd9      	ldrh	r1, [r3, r7]
10000956:	f001 f811 	bl	1000197c <picostepper_set_max_speed>
1000095a:	7833      	ldrb	r3, [r6, #0]
1000095c:	6820      	ldr	r0, [r4, #0]
1000095e:	3b01      	subs	r3, #1
10000960:	005b      	lsls	r3, r3, #1
10000962:	5bd9      	ldrh	r1, [r3, r7]
10000964:	f001 f814 	bl	10001990 <picostepper_set_min_speed>
10000968:	6828      	ldr	r0, [r5, #0]
1000096a:	2100      	movs	r1, #0
1000096c:	f000 fff2 	bl	10001954 <picostepper_set_acceleration>
10000970:	2100      	movs	r1, #0
10000972:	6820      	ldr	r0, [r4, #0]
10000974:	f000 ffee 	bl	10001954 <picostepper_set_acceleration>
10000978:	e7d8      	b.n	1000092c <set_stepper_values+0x50>
1000097a:	46c0      	nop			; (mov r8, r8)
1000097c:	20000fc0 	.word	0x20000fc0
10000980:	20000fc4 	.word	0x20000fc4
10000984:	20001ea2 	.word	0x20001ea2
10000988:	20000b90 	.word	0x20000b90
1000098c:	10009750 	.word	0x10009750

10000990 <home_steppers>:
10000990:	b5f0      	push	{r4, r5, r6, r7, lr}
10000992:	46ce      	mov	lr, r9
10000994:	4647      	mov	r7, r8
10000996:	b580      	push	{r7, lr}
10000998:	2101      	movs	r1, #1
1000099a:	b083      	sub	sp, #12
1000099c:	4892      	ldr	r0, [pc, #584]	; (10000be8 <home_steppers+0x258>)
1000099e:	f002 fe81 	bl	100036a4 <watchdog_enable>
100009a2:	21fa      	movs	r1, #250	; 0xfa
100009a4:	4c91      	ldr	r4, [pc, #580]	; (10000bec <home_steppers+0x25c>)
100009a6:	00c9      	lsls	r1, r1, #3
100009a8:	6820      	ldr	r0, [r4, #0]
100009aa:	f000 ff9f 	bl	100018ec <picostepper_set_async_speed>
100009ae:	2100      	movs	r1, #0
100009b0:	6820      	ldr	r0, [r4, #0]
100009b2:	f000 ffcf 	bl	10001954 <picostepper_set_acceleration>
100009b6:	2101      	movs	r1, #1
100009b8:	6820      	ldr	r0, [r4, #0]
100009ba:	f000 ff7b 	bl	100018b4 <picostepper_set_async_enabled>
100009be:	2101      	movs	r1, #1
100009c0:	6820      	ldr	r0, [r4, #0]
100009c2:	f000 ff65 	bl	10001890 <picostepper_set_async_direction>
100009c6:	4e8a      	ldr	r6, [pc, #552]	; (10000bf0 <home_steppers+0x260>)
100009c8:	2164      	movs	r1, #100	; 0x64
100009ca:	0032      	movs	r2, r6
100009cc:	6820      	ldr	r0, [r4, #0]
100009ce:	f001 f835 	bl	10001a3c <picostepper_move_async>
100009d2:	21d0      	movs	r1, #208	; 0xd0
100009d4:	2201      	movs	r2, #1
100009d6:	0609      	lsls	r1, r1, #24
100009d8:	684b      	ldr	r3, [r1, #4]
100009da:	0b9b      	lsrs	r3, r3, #14
100009dc:	421a      	tst	r2, r3
100009de:	d0fb      	beq.n	100009d8 <home_steppers+0x48>
100009e0:	2100      	movs	r1, #0
100009e2:	6820      	ldr	r0, [r4, #0]
100009e4:	f000 ff66 	bl	100018b4 <picostepper_set_async_enabled>
100009e8:	20fa      	movs	r0, #250	; 0xfa
100009ea:	0040      	lsls	r0, r0, #1
100009ec:	f002 f80e 	bl	10002a0c <sleep_ms>
100009f0:	2101      	movs	r1, #1
100009f2:	6820      	ldr	r0, [r4, #0]
100009f4:	f000 ff5e 	bl	100018b4 <picostepper_set_async_enabled>
100009f8:	2100      	movs	r1, #0
100009fa:	6820      	ldr	r0, [r4, #0]
100009fc:	f000 ff48 	bl	10001890 <picostepper_set_async_direction>
10000a00:	0032      	movs	r2, r6
10000a02:	2164      	movs	r1, #100	; 0x64
10000a04:	6820      	ldr	r0, [r4, #0]
10000a06:	f001 f819 	bl	10001a3c <picostepper_move_async>
10000a0a:	21d0      	movs	r1, #208	; 0xd0
10000a0c:	2201      	movs	r2, #1
10000a0e:	0609      	lsls	r1, r1, #24
10000a10:	0015      	movs	r5, r2
10000a12:	684b      	ldr	r3, [r1, #4]
10000a14:	0b9b      	lsrs	r3, r3, #14
10000a16:	401d      	ands	r5, r3
10000a18:	421a      	tst	r2, r3
10000a1a:	d1f9      	bne.n	10000a10 <home_steppers+0x80>
10000a1c:	2100      	movs	r1, #0
10000a1e:	6820      	ldr	r0, [r4, #0]
10000a20:	f000 ff48 	bl	100018b4 <picostepper_set_async_enabled>
10000a24:	20fa      	movs	r0, #250	; 0xfa
10000a26:	0040      	lsls	r0, r0, #1
10000a28:	f001 fff0 	bl	10002a0c <sleep_ms>
10000a2c:	2101      	movs	r1, #1
10000a2e:	6820      	ldr	r0, [r4, #0]
10000a30:	f000 ff40 	bl	100018b4 <picostepper_set_async_enabled>
10000a34:	486f      	ldr	r0, [pc, #444]	; (10000bf4 <home_steppers+0x264>)
10000a36:	6827      	ldr	r7, [r4, #0]
10000a38:	f000 ffe0 	bl	100019fc <picostepper_convert_speed_to_delay>
10000a3c:	21fa      	movs	r1, #250	; 0xfa
10000a3e:	0003      	movs	r3, r0
10000a40:	2201      	movs	r2, #1
10000a42:	0038      	movs	r0, r7
10000a44:	0049      	lsls	r1, r1, #1
10000a46:	9500      	str	r5, [sp, #0]
10000a48:	f000 fec6 	bl	100017d8 <picostepper_move_blocking>
10000a4c:	2100      	movs	r1, #0
10000a4e:	6820      	ldr	r0, [r4, #0]
10000a50:	f000 ff1e 	bl	10001890 <picostepper_set_async_direction>
10000a54:	21fa      	movs	r1, #250	; 0xfa
10000a56:	6820      	ldr	r0, [r4, #0]
10000a58:	0049      	lsls	r1, r1, #1
10000a5a:	f000 ff47 	bl	100018ec <picostepper_set_async_speed>
10000a5e:	4f66      	ldr	r7, [pc, #408]	; (10000bf8 <home_steppers+0x268>)
10000a60:	210a      	movs	r1, #10
10000a62:	003a      	movs	r2, r7
10000a64:	6820      	ldr	r0, [r4, #0]
10000a66:	f000 ffe9 	bl	10001a3c <picostepper_move_async>
10000a6a:	21d0      	movs	r1, #208	; 0xd0
10000a6c:	2201      	movs	r2, #1
10000a6e:	0609      	lsls	r1, r1, #24
10000a70:	684b      	ldr	r3, [r1, #4]
10000a72:	0b9b      	lsrs	r3, r3, #14
10000a74:	421a      	tst	r2, r3
10000a76:	d1fb      	bne.n	10000a70 <home_steppers+0xe0>
10000a78:	2100      	movs	r1, #0
10000a7a:	6820      	ldr	r0, [r4, #0]
10000a7c:	f000 ff1a 	bl	100018b4 <picostepper_set_async_enabled>
10000a80:	20fa      	movs	r0, #250	; 0xfa
10000a82:	0040      	lsls	r0, r0, #1
10000a84:	f001 ffc2 	bl	10002a0c <sleep_ms>
10000a88:	21fa      	movs	r1, #250	; 0xfa
10000a8a:	4d5c      	ldr	r5, [pc, #368]	; (10000bfc <home_steppers+0x26c>)
10000a8c:	00c9      	lsls	r1, r1, #3
10000a8e:	6828      	ldr	r0, [r5, #0]
10000a90:	f000 ff2c 	bl	100018ec <picostepper_set_async_speed>
10000a94:	2100      	movs	r1, #0
10000a96:	6828      	ldr	r0, [r5, #0]
10000a98:	f000 ff5c 	bl	10001954 <picostepper_set_acceleration>
10000a9c:	2101      	movs	r1, #1
10000a9e:	6828      	ldr	r0, [r5, #0]
10000aa0:	f000 ff08 	bl	100018b4 <picostepper_set_async_enabled>
10000aa4:	2101      	movs	r1, #1
10000aa6:	6828      	ldr	r0, [r5, #0]
10000aa8:	f000 fef2 	bl	10001890 <picostepper_set_async_direction>
10000aac:	0032      	movs	r2, r6
10000aae:	2164      	movs	r1, #100	; 0x64
10000ab0:	6828      	ldr	r0, [r5, #0]
10000ab2:	f000 ffc3 	bl	10001a3c <picostepper_move_async>
10000ab6:	21d0      	movs	r1, #208	; 0xd0
10000ab8:	2201      	movs	r2, #1
10000aba:	0609      	lsls	r1, r1, #24
10000abc:	684b      	ldr	r3, [r1, #4]
10000abe:	0bdb      	lsrs	r3, r3, #15
10000ac0:	421a      	tst	r2, r3
10000ac2:	d0fb      	beq.n	10000abc <home_steppers+0x12c>
10000ac4:	2100      	movs	r1, #0
10000ac6:	6828      	ldr	r0, [r5, #0]
10000ac8:	f000 fef4 	bl	100018b4 <picostepper_set_async_enabled>
10000acc:	20fa      	movs	r0, #250	; 0xfa
10000ace:	0040      	lsls	r0, r0, #1
10000ad0:	f001 ff9c 	bl	10002a0c <sleep_ms>
10000ad4:	2101      	movs	r1, #1
10000ad6:	6828      	ldr	r0, [r5, #0]
10000ad8:	f000 feec 	bl	100018b4 <picostepper_set_async_enabled>
10000adc:	2100      	movs	r1, #0
10000ade:	6828      	ldr	r0, [r5, #0]
10000ae0:	f000 fed6 	bl	10001890 <picostepper_set_async_direction>
10000ae4:	0032      	movs	r2, r6
10000ae6:	2164      	movs	r1, #100	; 0x64
10000ae8:	6828      	ldr	r0, [r5, #0]
10000aea:	f000 ffa7 	bl	10001a3c <picostepper_move_async>
10000aee:	21d0      	movs	r1, #208	; 0xd0
10000af0:	2201      	movs	r2, #1
10000af2:	0609      	lsls	r1, r1, #24
10000af4:	0016      	movs	r6, r2
10000af6:	684b      	ldr	r3, [r1, #4]
10000af8:	0bdb      	lsrs	r3, r3, #15
10000afa:	401e      	ands	r6, r3
10000afc:	421a      	tst	r2, r3
10000afe:	d1f9      	bne.n	10000af4 <home_steppers+0x164>
10000b00:	2100      	movs	r1, #0
10000b02:	6828      	ldr	r0, [r5, #0]
10000b04:	f000 fed6 	bl	100018b4 <picostepper_set_async_enabled>
10000b08:	20fa      	movs	r0, #250	; 0xfa
10000b0a:	0040      	lsls	r0, r0, #1
10000b0c:	f001 ff7e 	bl	10002a0c <sleep_ms>
10000b10:	2101      	movs	r1, #1
10000b12:	6828      	ldr	r0, [r5, #0]
10000b14:	f000 fece 	bl	100018b4 <picostepper_set_async_enabled>
10000b18:	682b      	ldr	r3, [r5, #0]
10000b1a:	4836      	ldr	r0, [pc, #216]	; (10000bf4 <home_steppers+0x264>)
10000b1c:	4698      	mov	r8, r3
10000b1e:	f000 ff6d 	bl	100019fc <picostepper_convert_speed_to_delay>
10000b22:	21fa      	movs	r1, #250	; 0xfa
10000b24:	0003      	movs	r3, r0
10000b26:	2201      	movs	r2, #1
10000b28:	0049      	lsls	r1, r1, #1
10000b2a:	4640      	mov	r0, r8
10000b2c:	9600      	str	r6, [sp, #0]
10000b2e:	f000 fe53 	bl	100017d8 <picostepper_move_blocking>
10000b32:	2100      	movs	r1, #0
10000b34:	6828      	ldr	r0, [r5, #0]
10000b36:	f000 feab 	bl	10001890 <picostepper_set_async_direction>
10000b3a:	21fa      	movs	r1, #250	; 0xfa
10000b3c:	6828      	ldr	r0, [r5, #0]
10000b3e:	0049      	lsls	r1, r1, #1
10000b40:	f000 fed4 	bl	100018ec <picostepper_set_async_speed>
10000b44:	003a      	movs	r2, r7
10000b46:	210a      	movs	r1, #10
10000b48:	6828      	ldr	r0, [r5, #0]
10000b4a:	f000 ff77 	bl	10001a3c <picostepper_move_async>
10000b4e:	21d0      	movs	r1, #208	; 0xd0
10000b50:	2201      	movs	r2, #1
10000b52:	0609      	lsls	r1, r1, #24
10000b54:	0016      	movs	r6, r2
10000b56:	684b      	ldr	r3, [r1, #4]
10000b58:	0bdb      	lsrs	r3, r3, #15
10000b5a:	401e      	ands	r6, r3
10000b5c:	421a      	tst	r2, r3
10000b5e:	d1f9      	bne.n	10000b54 <home_steppers+0x1c4>
10000b60:	2100      	movs	r1, #0
10000b62:	6828      	ldr	r0, [r5, #0]
10000b64:	f000 fea6 	bl	100018b4 <picostepper_set_async_enabled>
10000b68:	20fa      	movs	r0, #250	; 0xfa
10000b6a:	0040      	lsls	r0, r0, #1
10000b6c:	f001 ff4e 	bl	10002a0c <sleep_ms>
10000b70:	2101      	movs	r1, #1
10000b72:	6820      	ldr	r0, [r4, #0]
10000b74:	f000 fe9e 	bl	100018b4 <picostepper_set_async_enabled>
10000b78:	6823      	ldr	r3, [r4, #0]
10000b7a:	4f21      	ldr	r7, [pc, #132]	; (10000c00 <home_steppers+0x270>)
10000b7c:	4698      	mov	r8, r3
10000b7e:	697b      	ldr	r3, [r7, #20]
10000b80:	481c      	ldr	r0, [pc, #112]	; (10000bf4 <home_steppers+0x264>)
10000b82:	4699      	mov	r9, r3
10000b84:	f000 ff3a 	bl	100019fc <picostepper_convert_speed_to_delay>
10000b88:	2201      	movs	r2, #1
10000b8a:	0003      	movs	r3, r0
10000b8c:	4649      	mov	r1, r9
10000b8e:	4640      	mov	r0, r8
10000b90:	9600      	str	r6, [sp, #0]
10000b92:	f000 fe21 	bl	100017d8 <picostepper_move_blocking>
10000b96:	2101      	movs	r1, #1
10000b98:	6828      	ldr	r0, [r5, #0]
10000b9a:	f000 fe8b 	bl	100018b4 <picostepper_set_async_enabled>
10000b9e:	682b      	ldr	r3, [r5, #0]
10000ba0:	4814      	ldr	r0, [pc, #80]	; (10000bf4 <home_steppers+0x264>)
10000ba2:	4698      	mov	r8, r3
10000ba4:	69bf      	ldr	r7, [r7, #24]
10000ba6:	f000 ff29 	bl	100019fc <picostepper_convert_speed_to_delay>
10000baa:	2201      	movs	r2, #1
10000bac:	0003      	movs	r3, r0
10000bae:	0039      	movs	r1, r7
10000bb0:	4640      	mov	r0, r8
10000bb2:	9600      	str	r6, [sp, #0]
10000bb4:	f000 fe10 	bl	100017d8 <picostepper_move_blocking>
10000bb8:	6820      	ldr	r0, [r4, #0]
10000bba:	2101      	movs	r1, #1
10000bbc:	f000 fe7a 	bl	100018b4 <picostepper_set_async_enabled>
10000bc0:	6820      	ldr	r0, [r4, #0]
10000bc2:	2100      	movs	r1, #0
10000bc4:	f000 fed0 	bl	10001968 <picostepper_set_position>
10000bc8:	6828      	ldr	r0, [r5, #0]
10000bca:	2101      	movs	r1, #1
10000bcc:	f000 fe72 	bl	100018b4 <picostepper_set_async_enabled>
10000bd0:	2100      	movs	r1, #0
10000bd2:	6828      	ldr	r0, [r5, #0]
10000bd4:	f000 fec8 	bl	10001968 <picostepper_set_position>
10000bd8:	f002 fd5a 	bl	10003690 <watchdog_update>
10000bdc:	b003      	add	sp, #12
10000bde:	bcc0      	pop	{r6, r7}
10000be0:	46b9      	mov	r9, r7
10000be2:	46b0      	mov	r8, r6
10000be4:	bdf0      	pop	{r4, r5, r6, r7, pc}
10000be6:	46c0      	nop			; (mov r8, r8)
10000be8:	00009c40 	.word	0x00009c40
10000bec:	20000fc0 	.word	0x20000fc0
10000bf0:	100002f1 	.word	0x100002f1
10000bf4:	44fa0000 	.word	0x44fa0000
10000bf8:	10000311 	.word	0x10000311
10000bfc:	20000fc4 	.word	0x20000fc4
10000c00:	20000b90 	.word	0x20000b90

10000c04 <draw>:
10000c04:	b5f0      	push	{r4, r5, r6, r7, lr}
10000c06:	46de      	mov	lr, fp
10000c08:	4657      	mov	r7, sl
10000c0a:	464e      	mov	r6, r9
10000c0c:	4645      	mov	r5, r8
10000c0e:	b5e0      	push	{r5, r6, r7, lr}
10000c10:	b085      	sub	sp, #20
10000c12:	f7ff fe63 	bl	100008dc <set_stepper_values>
10000c16:	4b90      	ldr	r3, [pc, #576]	; (10000e58 <draw+0x254>)
10000c18:	681a      	ldr	r2, [r3, #0]
10000c1a:	469a      	mov	sl, r3
10000c1c:	6813      	ldr	r3, [r2, #0]
10000c1e:	0f19      	lsrs	r1, r3, #28
10000c20:	d100      	bne.n	10000c24 <draw+0x20>
10000c22:	e0e6      	b.n	10000df2 <draw+0x1ee>
10000c24:	2101      	movs	r1, #1
10000c26:	035b      	lsls	r3, r3, #13
10000c28:	d400      	bmi.n	10000c2c <draw+0x28>
10000c2a:	e0e9      	b.n	10000e00 <draw+0x1fc>
10000c2c:	23d0      	movs	r3, #208	; 0xd0
10000c2e:	2080      	movs	r0, #128	; 0x80
10000c30:	061b      	lsls	r3, r3, #24
10000c32:	0240      	lsls	r0, r0, #9
10000c34:	6198      	str	r0, [r3, #24]
10000c36:	6813      	ldr	r3, [r2, #0]
10000c38:	0cda      	lsrs	r2, r3, #19
10000c3a:	4211      	tst	r1, r2
10000c3c:	d000      	beq.n	10000c40 <draw+0x3c>
10000c3e:	e0fb      	b.n	10000e38 <draw+0x234>
10000c40:	041a      	lsls	r2, r3, #16
10000c42:	0d1b      	lsrs	r3, r3, #20
10000c44:	b2db      	uxtb	r3, r3
10000c46:	4698      	mov	r8, r3
10000c48:	4b84      	ldr	r3, [pc, #528]	; (10000e5c <draw+0x258>)
10000c4a:	0fd7      	lsrs	r7, r2, #31
10000c4c:	9302      	str	r3, [sp, #8]
10000c4e:	001a      	movs	r2, r3
10000c50:	2300      	movs	r3, #0
10000c52:	4644      	mov	r4, r8
10000c54:	7013      	strb	r3, [r2, #0]
10000c56:	9b02      	ldr	r3, [sp, #8]
10000c58:	781b      	ldrb	r3, [r3, #0]
10000c5a:	2b00      	cmp	r3, #0
10000c5c:	d000      	beq.n	10000c60 <draw+0x5c>
10000c5e:	e0b0      	b.n	10000dc2 <draw+0x1be>
10000c60:	f002 fd16 	bl	10003690 <watchdog_update>
10000c64:	2c00      	cmp	r4, #0
10000c66:	d100      	bne.n	10000c6a <draw+0x66>
10000c68:	e0e2      	b.n	10000e30 <draw+0x22c>
10000c6a:	46a0      	mov	r8, r4
10000c6c:	46bb      	mov	fp, r7
10000c6e:	4b7c      	ldr	r3, [pc, #496]	; (10000e60 <draw+0x25c>)
10000c70:	4e7c      	ldr	r6, [pc, #496]	; (10000e64 <draw+0x260>)
10000c72:	9303      	str	r3, [sp, #12]
10000c74:	2301      	movs	r3, #1
10000c76:	4699      	mov	r9, r3
10000c78:	4643      	mov	r3, r8
10000c7a:	2504      	movs	r5, #4
10000c7c:	2400      	movs	r4, #0
10000c7e:	9301      	str	r3, [sp, #4]
10000c80:	e068      	b.n	10000d54 <draw+0x150>
10000c82:	0dda      	lsrs	r2, r3, #23
10000c84:	4694      	mov	ip, r2
10000c86:	2207      	movs	r2, #7
10000c88:	4690      	mov	r8, r2
10000c8a:	4647      	mov	r7, r8
10000c8c:	0ad9      	lsrs	r1, r3, #11
10000c8e:	0258      	lsls	r0, r3, #9
10000c90:	4011      	ands	r1, r2
10000c92:	0a1a      	lsrs	r2, r3, #8
10000c94:	095b      	lsrs	r3, r3, #5
10000c96:	0dc0      	lsrs	r0, r0, #23
10000c98:	403a      	ands	r2, r7
10000c9a:	403b      	ands	r3, r7
10000c9c:	2907      	cmp	r1, #7
10000c9e:	d100      	bne.n	10000ca2 <draw+0x9e>
10000ca0:	e0b4      	b.n	10000e0c <draw+0x208>
10000ca2:	018f      	lsls	r7, r1, #6
10000ca4:	1a7f      	subs	r7, r7, r1
10000ca6:	00ff      	lsls	r7, r7, #3
10000ca8:	1a79      	subs	r1, r7, r1
10000caa:	018f      	lsls	r7, r1, #6
10000cac:	46b8      	mov	r8, r7
10000cae:	4f6e      	ldr	r7, [pc, #440]	; (10000e68 <draw+0x264>)
10000cb0:	4441      	add	r1, r8
10000cb2:	46b8      	mov	r8, r7
10000cb4:	0449      	lsls	r1, r1, #17
10000cb6:	4441      	add	r1, r8
10000cb8:	4f6c      	ldr	r7, [pc, #432]	; (10000e6c <draw+0x268>)
10000cba:	683f      	ldr	r7, [r7, #0]
10000cbc:	4079      	eors	r1, r7
10000cbe:	0c09      	lsrs	r1, r1, #16
10000cc0:	4f6b      	ldr	r7, [pc, #428]	; (10000e70 <draw+0x26c>)
10000cc2:	0409      	lsls	r1, r1, #16
10000cc4:	6039      	str	r1, [r7, #0]
10000cc6:	2a07      	cmp	r2, #7
10000cc8:	d100      	bne.n	10000ccc <draw+0xc8>
10000cca:	e0a3      	b.n	10000e14 <draw+0x210>
10000ccc:	0191      	lsls	r1, r2, #6
10000cce:	1a89      	subs	r1, r1, r2
10000cd0:	00c9      	lsls	r1, r1, #3
10000cd2:	1a8a      	subs	r2, r1, r2
10000cd4:	0191      	lsls	r1, r2, #6
10000cd6:	1852      	adds	r2, r2, r1
10000cd8:	4966      	ldr	r1, [pc, #408]	; (10000e74 <draw+0x270>)
10000cda:	0052      	lsls	r2, r2, #1
10000cdc:	4688      	mov	r8, r1
10000cde:	4442      	add	r2, r8
10000ce0:	b292      	uxth	r2, r2
10000ce2:	4962      	ldr	r1, [pc, #392]	; (10000e6c <draw+0x268>)
10000ce4:	6809      	ldr	r1, [r1, #0]
10000ce6:	404a      	eors	r2, r1
10000ce8:	0412      	lsls	r2, r2, #16
10000cea:	4961      	ldr	r1, [pc, #388]	; (10000e70 <draw+0x26c>)
10000cec:	0c12      	lsrs	r2, r2, #16
10000cee:	600a      	str	r2, [r1, #0]
10000cf0:	2b07      	cmp	r3, #7
10000cf2:	d100      	bne.n	10000cf6 <draw+0xf2>
10000cf4:	e08c      	b.n	10000e10 <draw+0x20c>
10000cf6:	019a      	lsls	r2, r3, #6
10000cf8:	1ad2      	subs	r2, r2, r3
10000cfa:	00d2      	lsls	r2, r2, #3
10000cfc:	1ad3      	subs	r3, r2, r3
10000cfe:	019a      	lsls	r2, r3, #6
10000d00:	189b      	adds	r3, r3, r2
10000d02:	4a59      	ldr	r2, [pc, #356]	; (10000e68 <draw+0x264>)
10000d04:	045b      	lsls	r3, r3, #17
10000d06:	4690      	mov	r8, r2
10000d08:	4443      	add	r3, r8
10000d0a:	4a5b      	ldr	r2, [pc, #364]	; (10000e78 <draw+0x274>)
10000d0c:	6812      	ldr	r2, [r2, #0]
10000d0e:	4053      	eors	r3, r2
10000d10:	0c1b      	lsrs	r3, r3, #16
10000d12:	4a5a      	ldr	r2, [pc, #360]	; (10000e7c <draw+0x278>)
10000d14:	041b      	lsls	r3, r3, #16
10000d16:	6013      	str	r3, [r2, #0]
10000d18:	2296      	movs	r2, #150	; 0x96
10000d1a:	4663      	mov	r3, ip
10000d1c:	0052      	lsls	r2, r2, #1
10000d1e:	4594      	cmp	ip, r2
10000d20:	d900      	bls.n	10000d24 <draw+0x120>
10000d22:	1c13      	adds	r3, r2, #0
10000d24:	2296      	movs	r2, #150	; 0x96
10000d26:	b29b      	uxth	r3, r3
10000d28:	6033      	str	r3, [r6, #0]
10000d2a:	0052      	lsls	r2, r2, #1
10000d2c:	1c03      	adds	r3, r0, #0
10000d2e:	4290      	cmp	r0, r2
10000d30:	d900      	bls.n	10000d34 <draw+0x130>
10000d32:	1c13      	adds	r3, r2, #0
10000d34:	b29b      	uxth	r3, r3
10000d36:	2202      	movs	r2, #2
10000d38:	0031      	movs	r1, r6
10000d3a:	6073      	str	r3, [r6, #4]
10000d3c:	9803      	ldr	r0, [sp, #12]
10000d3e:	2300      	movs	r3, #0
10000d40:	f000 fef6 	bl	10001b30 <picostepper_move_to_positions>
10000d44:	3401      	adds	r4, #1
10000d46:	f002 fca3 	bl	10003690 <watchdog_update>
10000d4a:	9b01      	ldr	r3, [sp, #4]
10000d4c:	b2e4      	uxtb	r4, r4
10000d4e:	3504      	adds	r5, #4
10000d50:	42a3      	cmp	r3, r4
10000d52:	d02e      	beq.n	10000db2 <draw+0x1ae>
10000d54:	9b02      	ldr	r3, [sp, #8]
10000d56:	781b      	ldrb	r3, [r3, #0]
10000d58:	2b00      	cmp	r3, #0
10000d5a:	d15d      	bne.n	10000e18 <draw+0x214>
10000d5c:	4653      	mov	r3, sl
10000d5e:	681b      	ldr	r3, [r3, #0]
10000d60:	595b      	ldr	r3, [r3, r5]
10000d62:	085a      	lsrs	r2, r3, #1
10000d64:	405a      	eors	r2, r3
10000d66:	0891      	lsrs	r1, r2, #2
10000d68:	404a      	eors	r2, r1
10000d6a:	0911      	lsrs	r1, r2, #4
10000d6c:	404a      	eors	r2, r1
10000d6e:	0a11      	lsrs	r1, r2, #8
10000d70:	404a      	eors	r2, r1
10000d72:	0c11      	lsrs	r1, r2, #16
10000d74:	404a      	eors	r2, r1
10000d76:	4649      	mov	r1, r9
10000d78:	4211      	tst	r1, r2
10000d7a:	d082      	beq.n	10000c82 <draw+0x7e>
10000d7c:	483b      	ldr	r0, [pc, #236]	; (10000e6c <draw+0x268>)
10000d7e:	4b3a      	ldr	r3, [pc, #232]	; (10000e68 <draw+0x264>)
10000d80:	6802      	ldr	r2, [r0, #0]
10000d82:	493b      	ldr	r1, [pc, #236]	; (10000e70 <draw+0x26c>)
10000d84:	405a      	eors	r2, r3
10000d86:	0c12      	lsrs	r2, r2, #16
10000d88:	0412      	lsls	r2, r2, #16
10000d8a:	600a      	str	r2, [r1, #0]
10000d8c:	6800      	ldr	r0, [r0, #0]
10000d8e:	4a39      	ldr	r2, [pc, #228]	; (10000e74 <draw+0x270>)
10000d90:	3401      	adds	r4, #1
10000d92:	4042      	eors	r2, r0
10000d94:	0412      	lsls	r2, r2, #16
10000d96:	0c12      	lsrs	r2, r2, #16
10000d98:	600a      	str	r2, [r1, #0]
10000d9a:	4a37      	ldr	r2, [pc, #220]	; (10000e78 <draw+0x274>)
10000d9c:	b2e4      	uxtb	r4, r4
10000d9e:	6812      	ldr	r2, [r2, #0]
10000da0:	3504      	adds	r5, #4
10000da2:	4053      	eors	r3, r2
10000da4:	0c1b      	lsrs	r3, r3, #16
10000da6:	4a35      	ldr	r2, [pc, #212]	; (10000e7c <draw+0x278>)
10000da8:	041b      	lsls	r3, r3, #16
10000daa:	6013      	str	r3, [r2, #0]
10000dac:	9b01      	ldr	r3, [sp, #4]
10000dae:	42a3      	cmp	r3, r4
10000db0:	d1d0      	bne.n	10000d54 <draw+0x150>
10000db2:	4698      	mov	r8, r3
10000db4:	465b      	mov	r3, fp
10000db6:	2b00      	cmp	r3, #0
10000db8:	d033      	beq.n	10000e22 <draw+0x21e>
10000dba:	4653      	mov	r3, sl
10000dbc:	2200      	movs	r2, #0
10000dbe:	681b      	ldr	r3, [r3, #0]
10000dc0:	601a      	str	r2, [r3, #0]
10000dc2:	482a      	ldr	r0, [pc, #168]	; (10000e6c <draw+0x268>)
10000dc4:	4b28      	ldr	r3, [pc, #160]	; (10000e68 <draw+0x264>)
10000dc6:	6802      	ldr	r2, [r0, #0]
10000dc8:	4929      	ldr	r1, [pc, #164]	; (10000e70 <draw+0x26c>)
10000dca:	405a      	eors	r2, r3
10000dcc:	0c12      	lsrs	r2, r2, #16
10000dce:	0412      	lsls	r2, r2, #16
10000dd0:	600a      	str	r2, [r1, #0]
10000dd2:	6800      	ldr	r0, [r0, #0]
10000dd4:	4a27      	ldr	r2, [pc, #156]	; (10000e74 <draw+0x270>)
10000dd6:	4042      	eors	r2, r0
10000dd8:	0412      	lsls	r2, r2, #16
10000dda:	0c12      	lsrs	r2, r2, #16
10000ddc:	600a      	str	r2, [r1, #0]
10000dde:	4a26      	ldr	r2, [pc, #152]	; (10000e78 <draw+0x274>)
10000de0:	6812      	ldr	r2, [r2, #0]
10000de2:	4053      	eors	r3, r2
10000de4:	0c1b      	lsrs	r3, r3, #16
10000de6:	4a25      	ldr	r2, [pc, #148]	; (10000e7c <draw+0x278>)
10000de8:	041b      	lsls	r3, r3, #16
10000dea:	6013      	str	r3, [r2, #0]
10000dec:	2300      	movs	r3, #0
10000dee:	9a02      	ldr	r2, [sp, #8]
10000df0:	7013      	strb	r3, [r2, #0]
10000df2:	b005      	add	sp, #20
10000df4:	bcf0      	pop	{r4, r5, r6, r7}
10000df6:	46bb      	mov	fp, r7
10000df8:	46b2      	mov	sl, r6
10000dfa:	46a9      	mov	r9, r5
10000dfc:	46a0      	mov	r8, r4
10000dfe:	bdf0      	pop	{r4, r5, r6, r7, pc}
10000e00:	23d0      	movs	r3, #208	; 0xd0
10000e02:	2280      	movs	r2, #128	; 0x80
10000e04:	061b      	lsls	r3, r3, #24
10000e06:	0252      	lsls	r2, r2, #9
10000e08:	615a      	str	r2, [r3, #20]
10000e0a:	e7f2      	b.n	10000df2 <draw+0x1ee>
10000e0c:	2100      	movs	r1, #0
10000e0e:	e753      	b.n	10000cb8 <draw+0xb4>
10000e10:	2300      	movs	r3, #0
10000e12:	e77a      	b.n	10000d0a <draw+0x106>
10000e14:	2200      	movs	r2, #0
10000e16:	e764      	b.n	10000ce2 <draw+0xde>
10000e18:	9b01      	ldr	r3, [sp, #4]
10000e1a:	4698      	mov	r8, r3
10000e1c:	465b      	mov	r3, fp
10000e1e:	2b00      	cmp	r3, #0
10000e20:	d1cb      	bne.n	10000dba <draw+0x1b6>
10000e22:	9b02      	ldr	r3, [sp, #8]
10000e24:	781b      	ldrb	r3, [r3, #0]
10000e26:	2b00      	cmp	r3, #0
10000e28:	d1cb      	bne.n	10000dc2 <draw+0x1be>
10000e2a:	f002 fc31 	bl	10003690 <watchdog_update>
10000e2e:	e721      	b.n	10000c74 <draw+0x70>
10000e30:	2f00      	cmp	r7, #0
10000e32:	d100      	bne.n	10000e36 <draw+0x232>
10000e34:	e70f      	b.n	10000c56 <draw+0x52>
10000e36:	e7c0      	b.n	10000dba <draw+0x1b6>
10000e38:	f7ff fdaa 	bl	10000990 <home_steppers>
10000e3c:	f7ff fd4e 	bl	100008dc <set_stepper_values>
10000e40:	20fa      	movs	r0, #250	; 0xfa
10000e42:	0040      	lsls	r0, r0, #1
10000e44:	f001 fde2 	bl	10002a0c <sleep_ms>
10000e48:	2101      	movs	r1, #1
10000e4a:	480d      	ldr	r0, [pc, #52]	; (10000e80 <draw+0x27c>)
10000e4c:	f002 fc2a 	bl	100036a4 <watchdog_enable>
10000e50:	4653      	mov	r3, sl
10000e52:	681b      	ldr	r3, [r3, #0]
10000e54:	681b      	ldr	r3, [r3, #0]
10000e56:	e6f3      	b.n	10000c40 <draw+0x3c>
10000e58:	20001ba0 	.word	0x20001ba0
10000e5c:	20001ea4 	.word	0x20001ea4
10000e60:	200014c8 	.word	0x200014c8
10000e64:	20001b98 	.word	0x20001b98
10000e68:	03ff0000 	.word	0x03ff0000
10000e6c:	40050084 	.word	0x40050084
10000e70:	40051084 	.word	0x40051084
10000e74:	000003ff 	.word	0x000003ff
10000e78:	40050070 	.word	0x40050070
10000e7c:	40051070 	.word	0x40051070
10000e80:	00001388 	.word	0x00001388

10000e84 <main>:
10000e84:	b510      	push	{r4, lr}
10000e86:	f005 fbbd 	bl	10006604 <stdio_init_all>
10000e8a:	4830      	ldr	r0, [pc, #192]	; (10000f4c <main+0xc8>)
10000e8c:	f001 fdbe 	bl	10002a0c <sleep_ms>
10000e90:	482f      	ldr	r0, [pc, #188]	; (10000f50 <main+0xcc>)
10000e92:	f005 fa83 	bl	1000639c <__wrap_puts>
10000e96:	f7ff fc95 	bl	100007c4 <init_config>
10000e9a:	482e      	ldr	r0, [pc, #184]	; (10000f54 <main+0xd0>)
10000e9c:	f005 fa7e 	bl	1000639c <__wrap_puts>
10000ea0:	f7ff fc6e 	bl	10000780 <init_buffers>
10000ea4:	482c      	ldr	r0, [pc, #176]	; (10000f58 <main+0xd4>)
10000ea6:	f005 fa79 	bl	1000639c <__wrap_puts>
10000eaa:	482c      	ldr	r0, [pc, #176]	; (10000f5c <main+0xd8>)
10000eac:	f001 fdae 	bl	10002a0c <sleep_ms>
10000eb0:	2132      	movs	r1, #50	; 0x32
10000eb2:	482b      	ldr	r0, [pc, #172]	; (10000f60 <main+0xdc>)
10000eb4:	f005 fb9a 	bl	100065ec <__wrap_printf>
10000eb8:	2288      	movs	r2, #136	; 0x88
10000eba:	4b2a      	ldr	r3, [pc, #168]	; (10000f64 <main+0xe0>)
10000ebc:	0152      	lsls	r2, r2, #5
10000ebe:	601a      	str	r2, [r3, #0]
10000ec0:	f7ff fcf2 	bl	100008a8 <init_steppers>
10000ec4:	4828      	ldr	r0, [pc, #160]	; (10000f68 <main+0xe4>)
10000ec6:	f005 fa69 	bl	1000639c <__wrap_puts>
10000eca:	f7ff fd07 	bl	100008dc <set_stepper_values>
10000ece:	4c27      	ldr	r4, [pc, #156]	; (10000f6c <main+0xe8>)
10000ed0:	0020      	movs	r0, r4
10000ed2:	f005 fa63 	bl	1000639c <__wrap_puts>
10000ed6:	f7ff fc9f 	bl	10000818 <init_gpio>
10000eda:	4825      	ldr	r0, [pc, #148]	; (10000f70 <main+0xec>)
10000edc:	4b25      	ldr	r3, [pc, #148]	; (10000f74 <main+0xf0>)
10000ede:	6802      	ldr	r2, [r0, #0]
10000ee0:	4925      	ldr	r1, [pc, #148]	; (10000f78 <main+0xf4>)
10000ee2:	405a      	eors	r2, r3
10000ee4:	0c12      	lsrs	r2, r2, #16
10000ee6:	0412      	lsls	r2, r2, #16
10000ee8:	600a      	str	r2, [r1, #0]
10000eea:	6800      	ldr	r0, [r0, #0]
10000eec:	4a23      	ldr	r2, [pc, #140]	; (10000f7c <main+0xf8>)
10000eee:	4042      	eors	r2, r0
10000ef0:	0412      	lsls	r2, r2, #16
10000ef2:	0c12      	lsrs	r2, r2, #16
10000ef4:	600a      	str	r2, [r1, #0]
10000ef6:	4a22      	ldr	r2, [pc, #136]	; (10000f80 <main+0xfc>)
10000ef8:	4822      	ldr	r0, [pc, #136]	; (10000f84 <main+0x100>)
10000efa:	6812      	ldr	r2, [r2, #0]
10000efc:	4053      	eors	r3, r2
10000efe:	0c1b      	lsrs	r3, r3, #16
10000f00:	4a21      	ldr	r2, [pc, #132]	; (10000f88 <main+0x104>)
10000f02:	041b      	lsls	r3, r3, #16
10000f04:	6013      	str	r3, [r2, #0]
10000f06:	f005 fa49 	bl	1000639c <__wrap_puts>
10000f0a:	f7ff fd41 	bl	10000990 <home_steppers>
10000f0e:	481f      	ldr	r0, [pc, #124]	; (10000f8c <main+0x108>)
10000f10:	f005 fa44 	bl	1000639c <__wrap_puts>
10000f14:	f7ff fce2 	bl	100008dc <set_stepper_values>
10000f18:	0020      	movs	r0, r4
10000f1a:	f005 fa3f 	bl	1000639c <__wrap_puts>
10000f1e:	481c      	ldr	r0, [pc, #112]	; (10000f90 <main+0x10c>)
10000f20:	f007 fdec 	bl	10008afc <multicore_launch_core1>
10000f24:	480d      	ldr	r0, [pc, #52]	; (10000f5c <main+0xd8>)
10000f26:	f001 fd71 	bl	10002a0c <sleep_ms>
10000f2a:	4b1a      	ldr	r3, [pc, #104]	; (10000f94 <main+0x110>)
10000f2c:	481a      	ldr	r0, [pc, #104]	; (10000f98 <main+0x114>)
10000f2e:	69d9      	ldr	r1, [r3, #28]
10000f30:	f005 fb5c 	bl	100065ec <__wrap_printf>
10000f34:	2101      	movs	r1, #1
10000f36:	4809      	ldr	r0, [pc, #36]	; (10000f5c <main+0xd8>)
10000f38:	f002 fbb4 	bl	100036a4 <watchdog_enable>
10000f3c:	f002 fba8 	bl	10003690 <watchdog_update>
10000f40:	f7ff fe60 	bl	10000c04 <draw>
10000f44:	2064      	movs	r0, #100	; 0x64
10000f46:	f001 fd61 	bl	10002a0c <sleep_ms>
10000f4a:	e7f7      	b.n	10000f3c <main+0xb8>
10000f4c:	00000bb8 	.word	0x00000bb8
10000f50:	100096b4 	.word	0x100096b4
10000f54:	100096c4 	.word	0x100096c4
10000f58:	100096d4 	.word	0x100096d4
10000f5c:	00001388 	.word	0x00001388
10000f60:	100096e8 	.word	0x100096e8
10000f64:	40030000 	.word	0x40030000
10000f68:	100096ec 	.word	0x100096ec
10000f6c:	10009700 	.word	0x10009700
10000f70:	40050084 	.word	0x40050084
10000f74:	03ff0000 	.word	0x03ff0000
10000f78:	40051084 	.word	0x40051084
10000f7c:	000003ff 	.word	0x000003ff
10000f80:	40050070 	.word	0x40050070
10000f84:	10009714 	.word	0x10009714
10000f88:	40051070 	.word	0x40051070
10000f8c:	10009728 	.word	0x10009728
10000f90:	10000409 	.word	0x10000409
10000f94:	20000b90 	.word	0x20000b90
10000f98:	10009738 	.word	0x10009738

10000f9c <push>:
10000f9c:	b570      	push	{r4, r5, r6, lr}
10000f9e:	0004      	movs	r4, r0
10000fa0:	2008      	movs	r0, #8
10000fa2:	000d      	movs	r5, r1
10000fa4:	f005 f8e4 	bl	10006170 <__wrap_malloc>
10000fa8:	6823      	ldr	r3, [r4, #0]
10000faa:	6045      	str	r5, [r0, #4]
10000fac:	6003      	str	r3, [r0, #0]
10000fae:	6020      	str	r0, [r4, #0]
10000fb0:	bd70      	pop	{r4, r5, r6, pc}
10000fb2:	46c0      	nop			; (mov r8, r8)

10000fb4 <pop>:
10000fb4:	0003      	movs	r3, r0
10000fb6:	6800      	ldr	r0, [r0, #0]
10000fb8:	b510      	push	{r4, lr}
10000fba:	2800      	cmp	r0, #0
10000fbc:	d006      	beq.n	10000fcc <pop+0x18>
10000fbe:	6802      	ldr	r2, [r0, #0]
10000fc0:	6844      	ldr	r4, [r0, #4]
10000fc2:	601a      	str	r2, [r3, #0]
10000fc4:	f005 f8f2 	bl	100061ac <__wrap_free>
10000fc8:	0020      	movs	r0, r4
10000fca:	bd10      	pop	{r4, pc}
10000fcc:	2401      	movs	r4, #1
10000fce:	4264      	negs	r4, r4
10000fd0:	e7fa      	b.n	10000fc8 <pop+0x14>
10000fd2:	46c0      	nop			; (mov r8, r8)

10000fd4 <picostepper_async_handler>:
10000fd4:	22a0      	movs	r2, #160	; 0xa0
10000fd6:	b5f8      	push	{r3, r4, r5, r6, r7, lr}
10000fd8:	4647      	mov	r7, r8
10000fda:	46ce      	mov	lr, r9
10000fdc:	4b11      	ldr	r3, [pc, #68]	; (10001024 <picostepper_async_handler+0x50>)
10000fde:	05d2      	lsls	r2, r2, #23
10000fe0:	58d6      	ldr	r6, [r2, r3]
10000fe2:	b580      	push	{r7, lr}
10000fe4:	50d6      	str	r6, [r2, r3]
10000fe6:	4b10      	ldr	r3, [pc, #64]	; (10001028 <picostepper_async_handler+0x54>)
10000fe8:	2400      	movs	r4, #0
10000fea:	4699      	mov	r9, r3
10000fec:	2300      	movs	r3, #0
10000fee:	2701      	movs	r7, #1
10000ff0:	4698      	mov	r8, r3
10000ff2:	4d0e      	ldr	r5, [pc, #56]	; (1000102c <picostepper_async_handler+0x58>)
10000ff4:	44a9      	add	r9, r5
10000ff6:	003b      	movs	r3, r7
10000ff8:	40a3      	lsls	r3, r4
10000ffa:	421e      	tst	r6, r3
10000ffc:	d00a      	beq.n	10001014 <picostepper_async_handler+0x40>
10000ffe:	4642      	mov	r2, r8
10001000:	6828      	ldr	r0, [r5, #0]
10001002:	00c3      	lsls	r3, r0, #3
10001004:	181b      	adds	r3, r3, r0
10001006:	00db      	lsls	r3, r3, #3
10001008:	444b      	add	r3, r9
1000100a:	715a      	strb	r2, [r3, #5]
1000100c:	6c9b      	ldr	r3, [r3, #72]	; 0x48
1000100e:	2b00      	cmp	r3, #0
10001010:	d000      	beq.n	10001014 <picostepper_async_handler+0x40>
10001012:	4798      	blx	r3
10001014:	3401      	adds	r4, #1
10001016:	3504      	adds	r5, #4
10001018:	2c0f      	cmp	r4, #15
1000101a:	d1ec      	bne.n	10000ff6 <picostepper_async_handler+0x22>
1000101c:	bcc0      	pop	{r6, r7}
1000101e:	46b9      	mov	r9, r7
10001020:	46b0      	mov	r8, r6
10001022:	bdf8      	pop	{r3, r4, r5, r6, r7, pc}
10001024:	0000040c 	.word	0x0000040c
10001028:	fffffdb4 	.word	0xfffffdb4
1000102c:	20001df0 	.word	0x20001df0

10001030 <picostepper_init_unclaimed_device>:
10001030:	b5f0      	push	{r4, r5, r6, r7, lr}
10001032:	4657      	mov	r7, sl
10001034:	46de      	mov	lr, fp
10001036:	464e      	mov	r6, r9
10001038:	4645      	mov	r5, r8
1000103a:	b5e0      	push	{r5, r6, r7, lr}
1000103c:	4fa7      	ldr	r7, [pc, #668]	; (100012dc <picostepper_init_unclaimed_device+0x2ac>)
1000103e:	4ca8      	ldr	r4, [pc, #672]	; (100012e0 <picostepper_init_unclaimed_device+0x2b0>)
10001040:	783b      	ldrb	r3, [r7, #0]
10001042:	b083      	sub	sp, #12
10001044:	2b00      	cmp	r3, #0
10001046:	d000      	beq.n	1000104a <picostepper_init_unclaimed_device+0x1a>
10001048:	e11b      	b.n	10001282 <picostepper_init_unclaimed_device+0x252>
1000104a:	2208      	movs	r2, #8
1000104c:	2688      	movs	r6, #136	; 0x88
1000104e:	2080      	movs	r0, #128	; 0x80
10001050:	2501      	movs	r5, #1
10001052:	2101      	movs	r1, #1
10001054:	6022      	str	r2, [r4, #0]
10001056:	4aa3      	ldr	r2, [pc, #652]	; (100012e4 <picostepper_init_unclaimed_device+0x2b4>)
10001058:	0440      	lsls	r0, r0, #17
1000105a:	51a2      	str	r2, [r4, r6]
1000105c:	3604      	adds	r6, #4
1000105e:	51a3      	str	r3, [r4, r6]
10001060:	3604      	adds	r6, #4
10001062:	51a3      	str	r3, [r4, r6]
10001064:	3604      	adds	r6, #4
10001066:	51a0      	str	r0, [r4, r6]
10001068:	3604      	adds	r6, #4
1000106a:	51a3      	str	r3, [r4, r6]
1000106c:	3604      	adds	r6, #4
1000106e:	51a3      	str	r3, [r4, r6]
10001070:	3608      	adds	r6, #8
10001072:	51a3      	str	r3, [r4, r6]
10001074:	3618      	adds	r6, #24
10001076:	51a5      	str	r5, [r4, r6]
10001078:	4249      	negs	r1, r1
1000107a:	3608      	adds	r6, #8
1000107c:	51a1      	str	r1, [r4, r6]
1000107e:	360c      	adds	r6, #12
10001080:	51a2      	str	r2, [r4, r6]
10001082:	3604      	adds	r6, #4
10001084:	51a3      	str	r3, [r4, r6]
10001086:	3604      	adds	r6, #4
10001088:	51a3      	str	r3, [r4, r6]
1000108a:	3604      	adds	r6, #4
1000108c:	51a0      	str	r0, [r4, r6]
1000108e:	3604      	adds	r6, #4
10001090:	51a3      	str	r3, [r4, r6]
10001092:	3604      	adds	r6, #4
10001094:	51a3      	str	r3, [r4, r6]
10001096:	3608      	adds	r6, #8
10001098:	51a3      	str	r3, [r4, r6]
1000109a:	3618      	adds	r6, #24
1000109c:	6060      	str	r0, [r4, #4]
1000109e:	60a3      	str	r3, [r4, #8]
100010a0:	60e3      	str	r3, [r4, #12]
100010a2:	6163      	str	r3, [r4, #20]
100010a4:	6361      	str	r1, [r4, #52]	; 0x34
100010a6:	6422      	str	r2, [r4, #64]	; 0x40
100010a8:	6463      	str	r3, [r4, #68]	; 0x44
100010aa:	64a3      	str	r3, [r4, #72]	; 0x48
100010ac:	64e0      	str	r0, [r4, #76]	; 0x4c
100010ae:	6523      	str	r3, [r4, #80]	; 0x50
100010b0:	6563      	str	r3, [r4, #84]	; 0x54
100010b2:	65e3      	str	r3, [r4, #92]	; 0x5c
100010b4:	67e1      	str	r1, [r4, #124]	; 0x7c
100010b6:	62e5      	str	r5, [r4, #44]	; 0x2c
100010b8:	6765      	str	r5, [r4, #116]	; 0x74
100010ba:	51a5      	str	r5, [r4, r6]
100010bc:	3608      	adds	r6, #8
100010be:	51a1      	str	r1, [r4, r6]
100010c0:	360c      	adds	r6, #12
100010c2:	51a2      	str	r2, [r4, r6]
100010c4:	3604      	adds	r6, #4
100010c6:	51a3      	str	r3, [r4, r6]
100010c8:	3604      	adds	r6, #4
100010ca:	51a3      	str	r3, [r4, r6]
100010cc:	3604      	adds	r6, #4
100010ce:	51a0      	str	r0, [r4, r6]
100010d0:	3604      	adds	r6, #4
100010d2:	51a3      	str	r3, [r4, r6]
100010d4:	3604      	adds	r6, #4
100010d6:	51a3      	str	r3, [r4, r6]
100010d8:	3608      	adds	r6, #8
100010da:	51a3      	str	r3, [r4, r6]
100010dc:	3618      	adds	r6, #24
100010de:	51a5      	str	r5, [r4, r6]
100010e0:	3608      	adds	r6, #8
100010e2:	51a1      	str	r1, [r4, r6]
100010e4:	360c      	adds	r6, #12
100010e6:	51a2      	str	r2, [r4, r6]
100010e8:	3604      	adds	r6, #4
100010ea:	51a3      	str	r3, [r4, r6]
100010ec:	3604      	adds	r6, #4
100010ee:	51a3      	str	r3, [r4, r6]
100010f0:	3604      	adds	r6, #4
100010f2:	51a0      	str	r0, [r4, r6]
100010f4:	3604      	adds	r6, #4
100010f6:	51a3      	str	r3, [r4, r6]
100010f8:	3604      	adds	r6, #4
100010fa:	51a3      	str	r3, [r4, r6]
100010fc:	3608      	adds	r6, #8
100010fe:	51a3      	str	r3, [r4, r6]
10001100:	3618      	adds	r6, #24
10001102:	51a5      	str	r5, [r4, r6]
10001104:	3608      	adds	r6, #8
10001106:	51a1      	str	r1, [r4, r6]
10001108:	360c      	adds	r6, #12
1000110a:	51a2      	str	r2, [r4, r6]
1000110c:	3604      	adds	r6, #4
1000110e:	51a3      	str	r3, [r4, r6]
10001110:	3604      	adds	r6, #4
10001112:	51a3      	str	r3, [r4, r6]
10001114:	3604      	adds	r6, #4
10001116:	51a0      	str	r0, [r4, r6]
10001118:	3604      	adds	r6, #4
1000111a:	51a3      	str	r3, [r4, r6]
1000111c:	3604      	adds	r6, #4
1000111e:	51a3      	str	r3, [r4, r6]
10001120:	3608      	adds	r6, #8
10001122:	51a3      	str	r3, [r4, r6]
10001124:	3618      	adds	r6, #24
10001126:	51a5      	str	r5, [r4, r6]
10001128:	3608      	adds	r6, #8
1000112a:	51a1      	str	r1, [r4, r6]
1000112c:	360c      	adds	r6, #12
1000112e:	51a2      	str	r2, [r4, r6]
10001130:	3604      	adds	r6, #4
10001132:	51a3      	str	r3, [r4, r6]
10001134:	3604      	adds	r6, #4
10001136:	51a3      	str	r3, [r4, r6]
10001138:	364c      	adds	r6, #76	; 0x4c
1000113a:	51a3      	str	r3, [r4, r6]
1000113c:	3604      	adds	r6, #4
1000113e:	51a3      	str	r3, [r4, r6]
10001140:	3e4c      	subs	r6, #76	; 0x4c
10001142:	51a0      	str	r0, [r4, r6]
10001144:	2080      	movs	r0, #128	; 0x80
10001146:	0080      	lsls	r0, r0, #2
10001148:	5023      	str	r3, [r4, r0]
1000114a:	3004      	adds	r0, #4
1000114c:	5023      	str	r3, [r4, r0]
1000114e:	3008      	adds	r0, #8
10001150:	5023      	str	r3, [r4, r0]
10001152:	3018      	adds	r0, #24
10001154:	5025      	str	r5, [r4, r0]
10001156:	3008      	adds	r0, #8
10001158:	5021      	str	r1, [r4, r0]
1000115a:	218e      	movs	r1, #142	; 0x8e
1000115c:	0089      	lsls	r1, r1, #2
1000115e:	5062      	str	r2, [r4, r1]
10001160:	228f      	movs	r2, #143	; 0x8f
10001162:	0092      	lsls	r2, r2, #2
10001164:	50a3      	str	r3, [r4, r2]
10001166:	3204      	adds	r2, #4
10001168:	50a3      	str	r3, [r4, r2]
1000116a:	4698      	mov	r8, r3
1000116c:	2393      	movs	r3, #147	; 0x93
1000116e:	3ac1      	subs	r2, #193	; 0xc1
10001170:	009b      	lsls	r3, r3, #2
10001172:	393a      	subs	r1, #58	; 0x3a
10001174:	18e0      	adds	r0, r4, r3
10001176:	3aff      	subs	r2, #255	; 0xff
10001178:	39ff      	subs	r1, #255	; 0xff
1000117a:	f005 f82f 	bl	100061dc <__wrap_memset>
1000117e:	4643      	mov	r3, r8
10001180:	b2de      	uxtb	r6, r3
10001182:	703d      	strb	r5, [r7, #0]
10001184:	2e00      	cmp	r6, #0
10001186:	d100      	bne.n	1000118a <picostepper_init_unclaimed_device+0x15a>
10001188:	e0a4      	b.n	100012d4 <picostepper_init_unclaimed_device+0x2a4>
1000118a:	4b57      	ldr	r3, [pc, #348]	; (100012e8 <picostepper_init_unclaimed_device+0x2b8>)
1000118c:	5ce2      	ldrb	r2, [r4, r3]
1000118e:	2308      	movs	r3, #8
10001190:	2a00      	cmp	r2, #0
10001192:	d100      	bne.n	10001196 <picostepper_init_unclaimed_device+0x166>
10001194:	e0a0      	b.n	100012d8 <picostepper_init_unclaimed_device+0x2a8>
10001196:	4a55      	ldr	r2, [pc, #340]	; (100012ec <picostepper_init_unclaimed_device+0x2bc>)
10001198:	5ca2      	ldrb	r2, [r4, r2]
1000119a:	2a00      	cmp	r2, #0
1000119c:	d02e      	beq.n	100011fc <picostepper_init_unclaimed_device+0x1cc>
1000119e:	2b03      	cmp	r3, #3
100011a0:	d021      	beq.n	100011e6 <picostepper_init_unclaimed_device+0x1b6>
100011a2:	4a53      	ldr	r2, [pc, #332]	; (100012f0 <picostepper_init_unclaimed_device+0x2c0>)
100011a4:	5ca2      	ldrb	r2, [r4, r2]
100011a6:	2a00      	cmp	r2, #0
100011a8:	d100      	bne.n	100011ac <picostepper_init_unclaimed_device+0x17c>
100011aa:	e08b      	b.n	100012c4 <picostepper_init_unclaimed_device+0x294>
100011ac:	2b04      	cmp	r3, #4
100011ae:	d01a      	beq.n	100011e6 <picostepper_init_unclaimed_device+0x1b6>
100011b0:	2292      	movs	r2, #146	; 0x92
100011b2:	0092      	lsls	r2, r2, #2
100011b4:	5ca2      	ldrb	r2, [r4, r2]
100011b6:	2a00      	cmp	r2, #0
100011b8:	d100      	bne.n	100011bc <picostepper_init_unclaimed_device+0x18c>
100011ba:	e085      	b.n	100012c8 <picostepper_init_unclaimed_device+0x298>
100011bc:	2b05      	cmp	r3, #5
100011be:	d012      	beq.n	100011e6 <picostepper_init_unclaimed_device+0x1b6>
100011c0:	4a4c      	ldr	r2, [pc, #304]	; (100012f4 <picostepper_init_unclaimed_device+0x2c4>)
100011c2:	5ca2      	ldrb	r2, [r4, r2]
100011c4:	2a00      	cmp	r2, #0
100011c6:	d100      	bne.n	100011ca <picostepper_init_unclaimed_device+0x19a>
100011c8:	e080      	b.n	100012cc <picostepper_init_unclaimed_device+0x29c>
100011ca:	2b06      	cmp	r3, #6
100011cc:	d00b      	beq.n	100011e6 <picostepper_init_unclaimed_device+0x1b6>
100011ce:	4a4a      	ldr	r2, [pc, #296]	; (100012f8 <picostepper_init_unclaimed_device+0x2c8>)
100011d0:	5ca2      	ldrb	r2, [r4, r2]
100011d2:	2a00      	cmp	r2, #0
100011d4:	d100      	bne.n	100011d8 <picostepper_init_unclaimed_device+0x1a8>
100011d6:	e07b      	b.n	100012d0 <picostepper_init_unclaimed_device+0x2a0>
100011d8:	2b07      	cmp	r3, #7
100011da:	d004      	beq.n	100011e6 <picostepper_init_unclaimed_device+0x1b6>
100011dc:	4b47      	ldr	r3, [pc, #284]	; (100012fc <picostepper_init_unclaimed_device+0x2cc>)
100011de:	2707      	movs	r7, #7
100011e0:	5ce3      	ldrb	r3, [r4, r3]
100011e2:	2b00      	cmp	r3, #0
100011e4:	d00b      	beq.n	100011fe <picostepper_init_unclaimed_device+0x1ce>
100011e6:	2301      	movs	r3, #1
100011e8:	425b      	negs	r3, r3
100011ea:	4699      	mov	r9, r3
100011ec:	4648      	mov	r0, r9
100011ee:	b003      	add	sp, #12
100011f0:	bcf0      	pop	{r4, r5, r6, r7}
100011f2:	46bb      	mov	fp, r7
100011f4:	46b2      	mov	sl, r6
100011f6:	46a9      	mov	r9, r5
100011f8:	46a0      	mov	r8, r4
100011fa:	bdf0      	pop	{r4, r5, r6, r7, pc}
100011fc:	2702      	movs	r7, #2
100011fe:	2100      	movs	r1, #0
10001200:	483f      	ldr	r0, [pc, #252]	; (10001300 <picostepper_init_unclaimed_device+0x2d0>)
10001202:	f007 fb3b 	bl	1000887c <pio_claim_unused_sm>
10001206:	46b9      	mov	r9, r7
10001208:	0006      	movs	r6, r0
1000120a:	1c43      	adds	r3, r0, #1
1000120c:	d04b      	beq.n	100012a6 <picostepper_init_unclaimed_device+0x276>
1000120e:	2300      	movs	r3, #0
10001210:	469a      	mov	sl, r3
10001212:	4b3b      	ldr	r3, [pc, #236]	; (10001300 <picostepper_init_unclaimed_device+0x2d0>)
10001214:	9001      	str	r0, [sp, #4]
10001216:	469b      	mov	fp, r3
10001218:	2001      	movs	r0, #1
1000121a:	f007 fc55 	bl	10008ac8 <dma_claim_unused_channel>
1000121e:	2301      	movs	r3, #1
10001220:	001a      	movs	r2, r3
10001222:	4082      	lsls	r2, r0
10001224:	4698      	mov	r8, r3
10001226:	4b37      	ldr	r3, [pc, #220]	; (10001304 <picostepper_init_unclaimed_device+0x2d4>)
10001228:	0005      	movs	r5, r0
1000122a:	601a      	str	r2, [r3, #0]
1000122c:	200b      	movs	r0, #11
1000122e:	4936      	ldr	r1, [pc, #216]	; (10001308 <picostepper_init_unclaimed_device+0x2d8>)
10001230:	f002 fb28 	bl	10003884 <irq_set_exclusive_handler>
10001234:	2101      	movs	r1, #1
10001236:	200b      	movs	r0, #11
10001238:	f002 fb02 	bl	10003840 <irq_set_enabled>
1000123c:	2291      	movs	r2, #145	; 0x91
1000123e:	002b      	movs	r3, r5
10001240:	0092      	lsls	r2, r2, #2
10001242:	4694      	mov	ip, r2
10001244:	4642      	mov	r2, r8
10001246:	4659      	mov	r1, fp
10001248:	3392      	adds	r3, #146	; 0x92
1000124a:	009b      	lsls	r3, r3, #2
1000124c:	18e3      	adds	r3, r4, r3
1000124e:	605f      	str	r7, [r3, #4]
10001250:	19e3      	adds	r3, r4, r7
10001252:	4463      	add	r3, ip
10001254:	701a      	strb	r2, [r3, #0]
10001256:	00fb      	lsls	r3, r7, #3
10001258:	19db      	adds	r3, r3, r7
1000125a:	00db      	lsls	r3, r3, #3
1000125c:	18e2      	adds	r2, r4, r3
1000125e:	6311      	str	r1, [r2, #48]	; 0x30
10001260:	4651      	mov	r1, sl
10001262:	6351      	str	r1, [r2, #52]	; 0x34
10001264:	4929      	ldr	r1, [pc, #164]	; (1000130c <picostepper_init_unclaimed_device+0x2dc>)
10001266:	63d5      	str	r5, [r2, #60]	; 0x3c
10001268:	02ed      	lsls	r5, r5, #11
1000126a:	400d      	ands	r5, r1
1000126c:	9901      	ldr	r1, [sp, #4]
1000126e:	6396      	str	r6, [r2, #56]	; 0x38
10001270:	03c9      	lsls	r1, r1, #15
10001272:	430d      	orrs	r5, r1
10001274:	2109      	movs	r1, #9
10001276:	430d      	orrs	r5, r1
10001278:	6415      	str	r5, [r2, #64]	; 0x40
1000127a:	4642      	mov	r2, r8
1000127c:	3404      	adds	r4, #4
1000127e:	52e2      	strh	r2, [r4, r3]
10001280:	e7b4      	b.n	100011ec <picostepper_init_unclaimed_device+0x1bc>
10001282:	6823      	ldr	r3, [r4, #0]
10001284:	2b00      	cmp	r3, #0
10001286:	d0ae      	beq.n	100011e6 <picostepper_init_unclaimed_device+0x1b6>
10001288:	2291      	movs	r2, #145	; 0x91
1000128a:	0092      	lsls	r2, r2, #2
1000128c:	5ca2      	ldrb	r2, [r4, r2]
1000128e:	2a00      	cmp	r2, #0
10001290:	d020      	beq.n	100012d4 <picostepper_init_unclaimed_device+0x2a4>
10001292:	2b01      	cmp	r3, #1
10001294:	d0a7      	beq.n	100011e6 <picostepper_init_unclaimed_device+0x1b6>
10001296:	4a14      	ldr	r2, [pc, #80]	; (100012e8 <picostepper_init_unclaimed_device+0x2b8>)
10001298:	5ca2      	ldrb	r2, [r4, r2]
1000129a:	2a00      	cmp	r2, #0
1000129c:	d01c      	beq.n	100012d8 <picostepper_init_unclaimed_device+0x2a8>
1000129e:	2b02      	cmp	r3, #2
100012a0:	d000      	beq.n	100012a4 <picostepper_init_unclaimed_device+0x274>
100012a2:	e778      	b.n	10001196 <picostepper_init_unclaimed_device+0x166>
100012a4:	e79f      	b.n	100011e6 <picostepper_init_unclaimed_device+0x1b6>
100012a6:	2101      	movs	r1, #1
100012a8:	4819      	ldr	r0, [pc, #100]	; (10001310 <picostepper_init_unclaimed_device+0x2e0>)
100012aa:	f007 fae7 	bl	1000887c <pio_claim_unused_sm>
100012ae:	2308      	movs	r3, #8
100012b0:	469c      	mov	ip, r3
100012b2:	4484      	add	ip, r0
100012b4:	4663      	mov	r3, ip
100012b6:	9301      	str	r3, [sp, #4]
100012b8:	2301      	movs	r3, #1
100012ba:	469a      	mov	sl, r3
100012bc:	4b14      	ldr	r3, [pc, #80]	; (10001310 <picostepper_init_unclaimed_device+0x2e0>)
100012be:	0006      	movs	r6, r0
100012c0:	469b      	mov	fp, r3
100012c2:	e7a9      	b.n	10001218 <picostepper_init_unclaimed_device+0x1e8>
100012c4:	2703      	movs	r7, #3
100012c6:	e79a      	b.n	100011fe <picostepper_init_unclaimed_device+0x1ce>
100012c8:	2704      	movs	r7, #4
100012ca:	e798      	b.n	100011fe <picostepper_init_unclaimed_device+0x1ce>
100012cc:	2705      	movs	r7, #5
100012ce:	e796      	b.n	100011fe <picostepper_init_unclaimed_device+0x1ce>
100012d0:	2706      	movs	r7, #6
100012d2:	e794      	b.n	100011fe <picostepper_init_unclaimed_device+0x1ce>
100012d4:	2700      	movs	r7, #0
100012d6:	e792      	b.n	100011fe <picostepper_init_unclaimed_device+0x1ce>
100012d8:	2701      	movs	r7, #1
100012da:	e790      	b.n	100011fe <picostepper_init_unclaimed_device+0x1ce>
100012dc:	20001e9f 	.word	0x20001e9f
100012e0:	20001ba4 	.word	0x20001ba4
100012e4:	001f8019 	.word	0x001f8019
100012e8:	00000245 	.word	0x00000245
100012ec:	00000246 	.word	0x00000246
100012f0:	00000247 	.word	0x00000247
100012f4:	00000249 	.word	0x00000249
100012f8:	0000024a 	.word	0x0000024a
100012fc:	0000024b 	.word	0x0000024b
10001300:	50200000 	.word	0x50200000
10001304:	50002404 	.word	0x50002404
10001308:	10000fd5 	.word	0x10000fd5
1000130c:	ff007fff 	.word	0xff007fff
10001310:	50300000 	.word	0x50300000

10001314 <picostepper_accelerate>:
10001314:	b5f0      	push	{r4, r5, r6, r7, lr}
10001316:	46ce      	mov	lr, r9
10001318:	b500      	push	{lr}
1000131a:	b084      	sub	sp, #16
1000131c:	9003      	str	r0, [sp, #12]
1000131e:	9a03      	ldr	r2, [sp, #12]
10001320:	4f77      	ldr	r7, [pc, #476]	; (10001500 <picostepper_accelerate+0x1ec>)
10001322:	00d3      	lsls	r3, r2, #3
10001324:	189b      	adds	r3, r3, r2
10001326:	00db      	lsls	r3, r3, #3
10001328:	18fb      	adds	r3, r7, r3
1000132a:	691b      	ldr	r3, [r3, #16]
1000132c:	2b00      	cmp	r3, #0
1000132e:	d018      	beq.n	10001362 <picostepper_accelerate+0x4e>
10001330:	9a03      	ldr	r2, [sp, #12]
10001332:	00d3      	lsls	r3, r2, #3
10001334:	189b      	adds	r3, r3, r2
10001336:	00db      	lsls	r3, r3, #3
10001338:	18fb      	adds	r3, r7, r3
1000133a:	699b      	ldr	r3, [r3, #24]
1000133c:	2b00      	cmp	r3, #0
1000133e:	d010      	beq.n	10001362 <picostepper_accelerate+0x4e>
10001340:	9a03      	ldr	r2, [sp, #12]
10001342:	00d3      	lsls	r3, r2, #3
10001344:	189b      	adds	r3, r3, r2
10001346:	00db      	lsls	r3, r3, #3
10001348:	18fb      	adds	r3, r7, r3
1000134a:	691b      	ldr	r3, [r3, #16]
1000134c:	9a03      	ldr	r2, [sp, #12]
1000134e:	2b00      	cmp	r3, #0
10001350:	da00      	bge.n	10001354 <picostepper_accelerate+0x40>
10001352:	e09f      	b.n	10001494 <picostepper_accelerate+0x180>
10001354:	00d3      	lsls	r3, r2, #3
10001356:	189b      	adds	r3, r3, r2
10001358:	00db      	lsls	r3, r3, #3
1000135a:	18fb      	adds	r3, r7, r3
1000135c:	691b      	ldr	r3, [r3, #16]
1000135e:	2b00      	cmp	r3, #0
10001360:	dc03      	bgt.n	1000136a <picostepper_accelerate+0x56>
10001362:	b004      	add	sp, #16
10001364:	bc80      	pop	{r7}
10001366:	46b9      	mov	r9, r7
10001368:	bdf0      	pop	{r4, r5, r6, r7, pc}
1000136a:	9a03      	ldr	r2, [sp, #12]
1000136c:	2600      	movs	r6, #0
1000136e:	00d3      	lsls	r3, r2, #3
10001370:	189b      	adds	r3, r3, r2
10001372:	00db      	lsls	r3, r3, #3
10001374:	18fb      	adds	r3, r7, r3
10001376:	6adb      	ldr	r3, [r3, #44]	; 0x2c
10001378:	0018      	movs	r0, r3
1000137a:	4699      	mov	r9, r3
1000137c:	f004 fad6 	bl	1000592c <__wrap___aeabi_i2d>
10001380:	2200      	movs	r2, #0
10001382:	4b60      	ldr	r3, [pc, #384]	; (10001504 <picostepper_accelerate+0x1f0>)
10001384:	f004 fa61 	bl	1000584a <__wrap___aeabi_ddiv>
10001388:	2200      	movs	r2, #0
1000138a:	4b5f      	ldr	r3, [pc, #380]	; (10001508 <picostepper_accelerate+0x1f4>)
1000138c:	f004 fa54 	bl	10005838 <__wrap___aeabi_dadd>
10001390:	0002      	movs	r2, r0
10001392:	000b      	movs	r3, r1
10001394:	2000      	movs	r0, #0
10001396:	495d      	ldr	r1, [pc, #372]	; (1000150c <picostepper_accelerate+0x1f8>)
10001398:	f004 fa57 	bl	1000584a <__wrap___aeabi_ddiv>
1000139c:	f004 fade 	bl	1000595c <__wrap___aeabi_d2iz>
100013a0:	f004 fac0 	bl	10005924 <__wrap___aeabi_ui2d>
100013a4:	9a03      	ldr	r2, [sp, #12]
100013a6:	0004      	movs	r4, r0
100013a8:	00d3      	lsls	r3, r2, #3
100013aa:	189b      	adds	r3, r3, r2
100013ac:	00db      	lsls	r3, r3, #3
100013ae:	18fb      	adds	r3, r7, r3
100013b0:	6998      	ldr	r0, [r3, #24]
100013b2:	000d      	movs	r5, r1
100013b4:	f004 fab6 	bl	10005924 <__wrap___aeabi_ui2d>
100013b8:	0022      	movs	r2, r4
100013ba:	002b      	movs	r3, r5
100013bc:	9000      	str	r0, [sp, #0]
100013be:	9101      	str	r1, [sp, #4]
100013c0:	2000      	movs	r0, #0
100013c2:	4953      	ldr	r1, [pc, #332]	; (10001510 <picostepper_accelerate+0x1fc>)
100013c4:	f004 fa41 	bl	1000584a <__wrap___aeabi_ddiv>
100013c8:	0002      	movs	r2, r0
100013ca:	000b      	movs	r3, r1
100013cc:	9800      	ldr	r0, [sp, #0]
100013ce:	9901      	ldr	r1, [sp, #4]
100013d0:	f004 fa44 	bl	1000585c <__wrap___aeabi_dmul>
100013d4:	0022      	movs	r2, r4
100013d6:	002b      	movs	r3, r5
100013d8:	f004 fa2e 	bl	10005838 <__wrap___aeabi_dadd>
100013dc:	f004 fae2 	bl	100059a4 <__wrap___aeabi_d2uiz>
100013e0:	f004 fe35 	bl	1000604e <__wrap___aeabi_ui2f>
100013e4:	f004 fe5a 	bl	1000609c <__wrap___aeabi_f2d>
100013e8:	0002      	movs	r2, r0
100013ea:	000b      	movs	r3, r1
100013ec:	2000      	movs	r0, #0
100013ee:	4949      	ldr	r1, [pc, #292]	; (10001514 <picostepper_accelerate+0x200>)
100013f0:	f004 fa2b 	bl	1000584a <__wrap___aeabi_ddiv>
100013f4:	2200      	movs	r2, #0
100013f6:	4b43      	ldr	r3, [pc, #268]	; (10001504 <picostepper_accelerate+0x1f0>)
100013f8:	f004 fa15 	bl	10005826 <__wrap___aeabi_dsub>
100013fc:	2200      	movs	r2, #0
100013fe:	2300      	movs	r3, #0
10001400:	0004      	movs	r4, r0
10001402:	000d      	movs	r5, r1
10001404:	f004 fa7a 	bl	100058fc <__wrap___aeabi_dcmpgt>
10001408:	2800      	cmp	r0, #0
1000140a:	d004      	beq.n	10001416 <picostepper_accelerate+0x102>
1000140c:	0020      	movs	r0, r4
1000140e:	0029      	movs	r1, r5
10001410:	f004 faa4 	bl	1000595c <__wrap___aeabi_d2iz>
10001414:	0006      	movs	r6, r0
10001416:	45b1      	cmp	r9, r6
10001418:	d101      	bne.n	1000141e <picostepper_accelerate+0x10a>
1000141a:	464b      	mov	r3, r9
1000141c:	1e5e      	subs	r6, r3, #1
1000141e:	9a03      	ldr	r2, [sp, #12]
10001420:	00d3      	lsls	r3, r2, #3
10001422:	189b      	adds	r3, r3, r2
10001424:	00db      	lsls	r3, r3, #3
10001426:	18fb      	adds	r3, r7, r3
10001428:	69d8      	ldr	r0, [r3, #28]
1000142a:	f004 fe10 	bl	1000604e <__wrap___aeabi_ui2f>
1000142e:	f004 fe35 	bl	1000609c <__wrap___aeabi_f2d>
10001432:	0002      	movs	r2, r0
10001434:	000b      	movs	r3, r1
10001436:	2000      	movs	r0, #0
10001438:	4936      	ldr	r1, [pc, #216]	; (10001514 <picostepper_accelerate+0x200>)
1000143a:	f004 fa06 	bl	1000584a <__wrap___aeabi_ddiv>
1000143e:	2200      	movs	r2, #0
10001440:	4b30      	ldr	r3, [pc, #192]	; (10001504 <picostepper_accelerate+0x1f0>)
10001442:	f004 f9f0 	bl	10005826 <__wrap___aeabi_dsub>
10001446:	2200      	movs	r2, #0
10001448:	2300      	movs	r3, #0
1000144a:	0004      	movs	r4, r0
1000144c:	000d      	movs	r5, r1
1000144e:	f004 fa55 	bl	100058fc <__wrap___aeabi_dcmpgt>
10001452:	2800      	cmp	r0, #0
10001454:	d03b      	beq.n	100014ce <picostepper_accelerate+0x1ba>
10001456:	0020      	movs	r0, r4
10001458:	0029      	movs	r1, r5
1000145a:	f004 fa7f 	bl	1000595c <__wrap___aeabi_d2iz>
1000145e:	0034      	movs	r4, r6
10001460:	4286      	cmp	r6, r0
10001462:	d337      	bcc.n	100014d4 <picostepper_accelerate+0x1c0>
10001464:	4286      	cmp	r6, r0
10001466:	d837      	bhi.n	100014d8 <picostepper_accelerate+0x1c4>
10001468:	9a03      	ldr	r2, [sp, #12]
1000146a:	00d3      	lsls	r3, r2, #3
1000146c:	189b      	adds	r3, r3, r2
1000146e:	00db      	lsls	r3, r3, #3
10001470:	18fb      	adds	r3, r7, r3
10001472:	6a5a      	ldr	r2, [r3, #36]	; 0x24
10001474:	3201      	adds	r2, #1
10001476:	625a      	str	r2, [r3, #36]	; 0x24
10001478:	9a03      	ldr	r2, [sp, #12]
1000147a:	00d3      	lsls	r3, r2, #3
1000147c:	189b      	adds	r3, r3, r2
1000147e:	00db      	lsls	r3, r3, #3
10001480:	18fb      	adds	r3, r7, r3
10001482:	79da      	ldrb	r2, [r3, #7]
10001484:	62dc      	str	r4, [r3, #44]	; 0x2c
10001486:	0064      	lsls	r4, r4, #1
10001488:	4314      	orrs	r4, r2
1000148a:	799a      	ldrb	r2, [r3, #6]
1000148c:	0064      	lsls	r4, r4, #1
1000148e:	4314      	orrs	r4, r2
10001490:	645c      	str	r4, [r3, #68]	; 0x44
10001492:	e766      	b.n	10001362 <picostepper_accelerate+0x4e>
10001494:	00d3      	lsls	r3, r2, #3
10001496:	189b      	adds	r3, r3, r2
10001498:	00db      	lsls	r3, r3, #3
1000149a:	18fb      	adds	r3, r7, r3
1000149c:	6a5a      	ldr	r2, [r3, #36]	; 0x24
1000149e:	1e51      	subs	r1, r2, #1
100014a0:	6259      	str	r1, [r3, #36]	; 0x24
100014a2:	2a00      	cmp	r2, #0
100014a4:	dd22      	ble.n	100014ec <picostepper_accelerate+0x1d8>
100014a6:	9a03      	ldr	r2, [sp, #12]
100014a8:	00d3      	lsls	r3, r2, #3
100014aa:	189b      	adds	r3, r3, r2
100014ac:	00db      	lsls	r3, r3, #3
100014ae:	18fb      	adds	r3, r7, r3
100014b0:	6ad8      	ldr	r0, [r3, #44]	; 0x2c
100014b2:	9a03      	ldr	r2, [sp, #12]
100014b4:	00d3      	lsls	r3, r2, #3
100014b6:	189b      	adds	r3, r3, r2
100014b8:	00db      	lsls	r3, r3, #3
100014ba:	18fb      	adds	r3, r7, r3
100014bc:	79da      	ldrb	r2, [r3, #7]
100014be:	62d8      	str	r0, [r3, #44]	; 0x2c
100014c0:	0040      	lsls	r0, r0, #1
100014c2:	7999      	ldrb	r1, [r3, #6]
100014c4:	4302      	orrs	r2, r0
100014c6:	0052      	lsls	r2, r2, #1
100014c8:	430a      	orrs	r2, r1
100014ca:	645a      	str	r2, [r3, #68]	; 0x44
100014cc:	e749      	b.n	10001362 <picostepper_accelerate+0x4e>
100014ce:	0034      	movs	r4, r6
100014d0:	2000      	movs	r0, #0
100014d2:	e7c7      	b.n	10001464 <picostepper_accelerate+0x150>
100014d4:	0004      	movs	r4, r0
100014d6:	e7c5      	b.n	10001464 <picostepper_accelerate+0x150>
100014d8:	9b03      	ldr	r3, [sp, #12]
100014da:	4649      	mov	r1, r9
100014dc:	00d8      	lsls	r0, r3, #3
100014de:	18c0      	adds	r0, r0, r3
100014e0:	00c0      	lsls	r0, r0, #3
100014e2:	3028      	adds	r0, #40	; 0x28
100014e4:	1838      	adds	r0, r7, r0
100014e6:	f7ff fd59 	bl	10000f9c <push>
100014ea:	e7c5      	b.n	10001478 <picostepper_accelerate+0x164>
100014ec:	9b03      	ldr	r3, [sp, #12]
100014ee:	00d8      	lsls	r0, r3, #3
100014f0:	18c0      	adds	r0, r0, r3
100014f2:	00c0      	lsls	r0, r0, #3
100014f4:	3028      	adds	r0, #40	; 0x28
100014f6:	1838      	adds	r0, r7, r0
100014f8:	f7ff fd5c 	bl	10000fb4 <pop>
100014fc:	e7d9      	b.n	100014b2 <picostepper_accelerate+0x19e>
100014fe:	46c0      	nop			; (mov r8, r8)
10001500:	20001ba4 	.word	0x20001ba4
10001504:	40240000 	.word	0x40240000
10001508:	3ff00000 	.word	0x3ff00000
1000150c:	40f86a00 	.word	0x40f86a00
10001510:	40490000 	.word	0x40490000
10001514:	412e8480 	.word	0x412e8480

10001518 <picostepper_move_async.part.0>:
10001518:	b5f0      	push	{r4, r5, r6, r7, lr}
1000151a:	4657      	mov	r7, sl
1000151c:	46de      	mov	lr, fp
1000151e:	00c5      	lsls	r5, r0, #3
10001520:	b580      	push	{r7, lr}
10001522:	4e2f      	ldr	r6, [pc, #188]	; (100015e0 <picostepper_move_async.part.0+0xc8>)
10001524:	182b      	adds	r3, r5, r0
10001526:	00db      	lsls	r3, r3, #3
10001528:	18f3      	adds	r3, r6, r3
1000152a:	6adc      	ldr	r4, [r3, #44]	; 0x2c
1000152c:	0007      	movs	r7, r0
1000152e:	468a      	mov	sl, r1
10001530:	4693      	mov	fp, r2
10001532:	b083      	sub	sp, #12
10001534:	2c00      	cmp	r4, #0
10001536:	d11f      	bne.n	10001578 <picostepper_move_async.part.0+0x60>
10001538:	6a18      	ldr	r0, [r3, #32]
1000153a:	f004 fd88 	bl	1000604e <__wrap___aeabi_ui2f>
1000153e:	f004 fdad 	bl	1000609c <__wrap___aeabi_f2d>
10001542:	0002      	movs	r2, r0
10001544:	000b      	movs	r3, r1
10001546:	2000      	movs	r0, #0
10001548:	4926      	ldr	r1, [pc, #152]	; (100015e4 <picostepper_move_async.part.0+0xcc>)
1000154a:	f004 f97e 	bl	1000584a <__wrap___aeabi_ddiv>
1000154e:	2200      	movs	r2, #0
10001550:	4b25      	ldr	r3, [pc, #148]	; (100015e8 <picostepper_move_async.part.0+0xd0>)
10001552:	f004 f968 	bl	10005826 <__wrap___aeabi_dsub>
10001556:	2200      	movs	r2, #0
10001558:	2300      	movs	r3, #0
1000155a:	9000      	str	r0, [sp, #0]
1000155c:	9101      	str	r1, [sp, #4]
1000155e:	f004 f9cd 	bl	100058fc <__wrap___aeabi_dcmpgt>
10001562:	2800      	cmp	r0, #0
10001564:	d004      	beq.n	10001570 <picostepper_move_async.part.0+0x58>
10001566:	9800      	ldr	r0, [sp, #0]
10001568:	9901      	ldr	r1, [sp, #4]
1000156a:	f004 f9f7 	bl	1000595c <__wrap___aeabi_d2iz>
1000156e:	0004      	movs	r4, r0
10001570:	19eb      	adds	r3, r5, r7
10001572:	00db      	lsls	r3, r3, #3
10001574:	18f3      	adds	r3, r6, r3
10001576:	62dc      	str	r4, [r3, #44]	; 0x2c
10001578:	465b      	mov	r3, fp
1000157a:	19ec      	adds	r4, r5, r7
1000157c:	00e4      	lsls	r4, r4, #3
1000157e:	1934      	adds	r4, r6, r4
10001580:	6ba2      	ldr	r2, [r4, #56]	; 0x38
10001582:	6b61      	ldr	r1, [r4, #52]	; 0x34
10001584:	64a3      	str	r3, [r4, #72]	; 0x48
10001586:	0092      	lsls	r2, r2, #2
10001588:	2900      	cmp	r1, #0
1000158a:	d11d      	bne.n	100015c8 <picostepper_move_async.part.0+0xb0>
1000158c:	4b17      	ldr	r3, [pc, #92]	; (100015ec <picostepper_move_async.part.0+0xd4>)
1000158e:	20a0      	movs	r0, #160	; 0xa0
10001590:	469c      	mov	ip, r3
10001592:	05c0      	lsls	r0, r0, #23
10001594:	4462      	add	r2, ip
10001596:	4684      	mov	ip, r0
10001598:	6be3      	ldr	r3, [r4, #60]	; 0x3c
1000159a:	019b      	lsls	r3, r3, #6
1000159c:	4463      	add	r3, ip
1000159e:	6019      	str	r1, [r3, #0]
100015a0:	605a      	str	r2, [r3, #4]
100015a2:	4652      	mov	r2, sl
100015a4:	609a      	str	r2, [r3, #8]
100015a6:	6c22      	ldr	r2, [r4, #64]	; 0x40
100015a8:	19ed      	adds	r5, r5, r7
100015aa:	00ed      	lsls	r5, r5, #3
100015ac:	611a      	str	r2, [r3, #16]
100015ae:	002a      	movs	r2, r5
100015b0:	3244      	adds	r2, #68	; 0x44
100015b2:	18b2      	adds	r2, r6, r2
100015b4:	63da      	str	r2, [r3, #60]	; 0x3c
100015b6:	2001      	movs	r0, #1
100015b8:	2201      	movs	r2, #1
100015ba:	1975      	adds	r5, r6, r5
100015bc:	716a      	strb	r2, [r5, #5]
100015be:	b003      	add	sp, #12
100015c0:	bcc0      	pop	{r6, r7}
100015c2:	46bb      	mov	fp, r7
100015c4:	46b2      	mov	sl, r6
100015c6:	bdf0      	pop	{r4, r5, r6, r7, pc}
100015c8:	4b09      	ldr	r3, [pc, #36]	; (100015f0 <picostepper_move_async.part.0+0xd8>)
100015ca:	21a0      	movs	r1, #160	; 0xa0
100015cc:	469c      	mov	ip, r3
100015ce:	05c9      	lsls	r1, r1, #23
100015d0:	4462      	add	r2, ip
100015d2:	468c      	mov	ip, r1
100015d4:	6be3      	ldr	r3, [r4, #60]	; 0x3c
100015d6:	2100      	movs	r1, #0
100015d8:	019b      	lsls	r3, r3, #6
100015da:	4463      	add	r3, ip
100015dc:	e7df      	b.n	1000159e <picostepper_move_async.part.0+0x86>
100015de:	46c0      	nop			; (mov r8, r8)
100015e0:	20001ba4 	.word	0x20001ba4
100015e4:	412e8480 	.word	0x412e8480
100015e8:	40240000 	.word	0x40240000
100015ec:	50200010 	.word	0x50200010
100015f0:	50300010 	.word	0x50300010

100015f4 <picostepper_pindef_init>:
100015f4:	b5f0      	push	{r4, r5, r6, r7, lr}
100015f6:	46d6      	mov	lr, sl
100015f8:	464f      	mov	r7, r9
100015fa:	4646      	mov	r6, r8
100015fc:	b5c0      	push	{r6, r7, lr}
100015fe:	b08a      	sub	sp, #40	; 0x28
10001600:	0005      	movs	r5, r0
10001602:	000e      	movs	r6, r1
10001604:	f7ff fd14 	bl	10001030 <picostepper_init_unclaimed_device>
10001608:	0007      	movs	r7, r0
1000160a:	42b5      	cmp	r5, r6
1000160c:	d96e      	bls.n	100016ec <picostepper_pindef_init+0xf8>
1000160e:	00c3      	lsls	r3, r0, #3
10001610:	4c6b      	ldr	r4, [pc, #428]	; (100017c0 <picostepper_pindef_init+0x1cc>)
10001612:	181b      	adds	r3, r3, r0
10001614:	00db      	lsls	r3, r3, #3
10001616:	18e4      	adds	r4, r4, r3
10001618:	496a      	ldr	r1, [pc, #424]	; (100017c4 <picostepper_pindef_init+0x1d0>)
1000161a:	6b20      	ldr	r0, [r4, #48]	; 0x30
1000161c:	f007 f94c 	bl	100088b8 <pio_add_program>
10001620:	6ba3      	ldr	r3, [r4, #56]	; 0x38
10001622:	2280      	movs	r2, #128	; 0x80
10001624:	4699      	mov	r9, r3
10001626:	2300      	movs	r3, #0
10001628:	9305      	str	r3, [sp, #20]
1000162a:	23f8      	movs	r3, #248	; 0xf8
1000162c:	0252      	lsls	r2, r2, #9
1000162e:	025b      	lsls	r3, r3, #9
10001630:	9202      	str	r2, [sp, #8]
10001632:	9303      	str	r3, [sp, #12]
10001634:	23c0      	movs	r3, #192	; 0xc0
10001636:	4682      	mov	sl, r0
10001638:	6b25      	ldr	r5, [r4, #48]	; 0x30
1000163a:	ac02      	add	r4, sp, #8
1000163c:	031b      	lsls	r3, r3, #12
1000163e:	2210      	movs	r2, #16
10001640:	0021      	movs	r1, r4
10001642:	a806      	add	r0, sp, #24
10001644:	9304      	str	r3, [sp, #16]
10001646:	f004 fdcf 	bl	100061e8 <__wrap___aeabi_memcpy>
1000164a:	4653      	mov	r3, sl
1000164c:	4652      	mov	r2, sl
1000164e:	330d      	adds	r3, #13
10001650:	01d2      	lsls	r2, r2, #7
10001652:	031b      	lsls	r3, r3, #12
10001654:	4313      	orrs	r3, r2
10001656:	a906      	add	r1, sp, #24
10001658:	2210      	movs	r2, #16
1000165a:	0020      	movs	r0, r4
1000165c:	9307      	str	r3, [sp, #28]
1000165e:	f004 fdc3 	bl	100061e8 <__wrap___aeabi_memcpy>
10001662:	23fa      	movs	r3, #250	; 0xfa
10001664:	03db      	lsls	r3, r3, #15
10001666:	9302      	str	r3, [sp, #8]
10001668:	4b57      	ldr	r3, [pc, #348]	; (100017c8 <picostepper_pindef_init+0x1d4>)
1000166a:	0030      	movs	r0, r6
1000166c:	9304      	str	r3, [sp, #16]
1000166e:	4b57      	ldr	r3, [pc, #348]	; (100017cc <picostepper_pindef_init+0x1d8>)
10001670:	18eb      	adds	r3, r5, r3
10001672:	1e5a      	subs	r2, r3, #1
10001674:	4193      	sbcs	r3, r2
10001676:	3306      	adds	r3, #6
10001678:	4698      	mov	r8, r3
1000167a:	0019      	movs	r1, r3
1000167c:	f000 fcc6 	bl	1000200c <gpio_set_function>
10001680:	4641      	mov	r1, r8
10001682:	1c70      	adds	r0, r6, #1
10001684:	f000 fcc2 	bl	1000200c <gpio_set_function>
10001688:	2301      	movs	r3, #1
1000168a:	0032      	movs	r2, r6
1000168c:	4698      	mov	r8, r3
1000168e:	4649      	mov	r1, r9
10001690:	0028      	movs	r0, r5
10001692:	9300      	str	r3, [sp, #0]
10001694:	3301      	adds	r3, #1
10001696:	f007 f987 	bl	100089a8 <pio_sm_set_consecutive_pindirs>
1000169a:	0171      	lsls	r1, r6, #5
1000169c:	2680      	movs	r6, #128	; 0x80
1000169e:	464b      	mov	r3, r9
100016a0:	0536      	lsls	r6, r6, #20
100016a2:	46b4      	mov	ip, r6
100016a4:	005b      	lsls	r3, r3, #1
100016a6:	444b      	add	r3, r9
100016a8:	00db      	lsls	r3, r3, #3
100016aa:	18eb      	adds	r3, r5, r3
100016ac:	33dc      	adds	r3, #220	; 0xdc
100016ae:	681a      	ldr	r2, [r3, #0]
100016b0:	4847      	ldr	r0, [pc, #284]	; (100017d0 <picostepper_pindef_init+0x1dc>)
100016b2:	4002      	ands	r2, r0
100016b4:	430a      	orrs	r2, r1
100016b6:	4332      	orrs	r2, r6
100016b8:	601a      	str	r2, [r3, #0]
100016ba:	4663      	mov	r3, ip
100016bc:	9e05      	ldr	r6, [sp, #20]
100016be:	4652      	mov	r2, sl
100016c0:	4006      	ands	r6, r0
100016c2:	430e      	orrs	r6, r1
100016c4:	431e      	orrs	r6, r3
100016c6:	4649      	mov	r1, r9
100016c8:	0023      	movs	r3, r4
100016ca:	0028      	movs	r0, r5
100016cc:	9605      	str	r6, [sp, #20]
100016ce:	f007 f9ad 	bl	10008a2c <pio_sm_init>
100016d2:	4643      	mov	r3, r8
100016d4:	4649      	mov	r1, r9
100016d6:	408b      	lsls	r3, r1
100016d8:	682a      	ldr	r2, [r5, #0]
100016da:	4313      	orrs	r3, r2
100016dc:	602b      	str	r3, [r5, #0]
100016de:	0038      	movs	r0, r7
100016e0:	b00a      	add	sp, #40	; 0x28
100016e2:	bce0      	pop	{r5, r6, r7}
100016e4:	46ba      	mov	sl, r7
100016e6:	46b1      	mov	r9, r6
100016e8:	46a8      	mov	r8, r5
100016ea:	bdf0      	pop	{r4, r5, r6, r7, pc}
100016ec:	00c3      	lsls	r3, r0, #3
100016ee:	4c34      	ldr	r4, [pc, #208]	; (100017c0 <picostepper_pindef_init+0x1cc>)
100016f0:	181b      	adds	r3, r3, r0
100016f2:	00db      	lsls	r3, r3, #3
100016f4:	18e4      	adds	r4, r4, r3
100016f6:	4937      	ldr	r1, [pc, #220]	; (100017d4 <picostepper_pindef_init+0x1e0>)
100016f8:	6b20      	ldr	r0, [r4, #48]	; 0x30
100016fa:	f007 f8dd 	bl	100088b8 <pio_add_program>
100016fe:	6ba3      	ldr	r3, [r4, #56]	; 0x38
10001700:	2280      	movs	r2, #128	; 0x80
10001702:	4699      	mov	r9, r3
10001704:	2300      	movs	r3, #0
10001706:	9305      	str	r3, [sp, #20]
10001708:	23f8      	movs	r3, #248	; 0xf8
1000170a:	0252      	lsls	r2, r2, #9
1000170c:	025b      	lsls	r3, r3, #9
1000170e:	9202      	str	r2, [sp, #8]
10001710:	9303      	str	r3, [sp, #12]
10001712:	23c0      	movs	r3, #192	; 0xc0
10001714:	4682      	mov	sl, r0
10001716:	6b26      	ldr	r6, [r4, #48]	; 0x30
10001718:	ac02      	add	r4, sp, #8
1000171a:	031b      	lsls	r3, r3, #12
1000171c:	2210      	movs	r2, #16
1000171e:	0021      	movs	r1, r4
10001720:	a806      	add	r0, sp, #24
10001722:	9304      	str	r3, [sp, #16]
10001724:	f004 fd60 	bl	100061e8 <__wrap___aeabi_memcpy>
10001728:	4653      	mov	r3, sl
1000172a:	4652      	mov	r2, sl
1000172c:	330d      	adds	r3, #13
1000172e:	01d2      	lsls	r2, r2, #7
10001730:	031b      	lsls	r3, r3, #12
10001732:	4313      	orrs	r3, r2
10001734:	a906      	add	r1, sp, #24
10001736:	2210      	movs	r2, #16
10001738:	0020      	movs	r0, r4
1000173a:	9307      	str	r3, [sp, #28]
1000173c:	f004 fd54 	bl	100061e8 <__wrap___aeabi_memcpy>
10001740:	23fa      	movs	r3, #250	; 0xfa
10001742:	03db      	lsls	r3, r3, #15
10001744:	9302      	str	r3, [sp, #8]
10001746:	4b20      	ldr	r3, [pc, #128]	; (100017c8 <picostepper_pindef_init+0x1d4>)
10001748:	0028      	movs	r0, r5
1000174a:	9304      	str	r3, [sp, #16]
1000174c:	4b1f      	ldr	r3, [pc, #124]	; (100017cc <picostepper_pindef_init+0x1d8>)
1000174e:	18f3      	adds	r3, r6, r3
10001750:	1e5a      	subs	r2, r3, #1
10001752:	4193      	sbcs	r3, r2
10001754:	3306      	adds	r3, #6
10001756:	4698      	mov	r8, r3
10001758:	0019      	movs	r1, r3
1000175a:	f000 fc57 	bl	1000200c <gpio_set_function>
1000175e:	4641      	mov	r1, r8
10001760:	1c68      	adds	r0, r5, #1
10001762:	f000 fc53 	bl	1000200c <gpio_set_function>
10001766:	2301      	movs	r3, #1
10001768:	002a      	movs	r2, r5
1000176a:	4698      	mov	r8, r3
1000176c:	4649      	mov	r1, r9
1000176e:	0030      	movs	r0, r6
10001770:	9300      	str	r3, [sp, #0]
10001772:	3301      	adds	r3, #1
10001774:	f007 f918 	bl	100089a8 <pio_sm_set_consecutive_pindirs>
10001778:	0169      	lsls	r1, r5, #5
1000177a:	2580      	movs	r5, #128	; 0x80
1000177c:	464b      	mov	r3, r9
1000177e:	052d      	lsls	r5, r5, #20
10001780:	46ac      	mov	ip, r5
10001782:	005b      	lsls	r3, r3, #1
10001784:	444b      	add	r3, r9
10001786:	00db      	lsls	r3, r3, #3
10001788:	18f3      	adds	r3, r6, r3
1000178a:	33dc      	adds	r3, #220	; 0xdc
1000178c:	681a      	ldr	r2, [r3, #0]
1000178e:	4810      	ldr	r0, [pc, #64]	; (100017d0 <picostepper_pindef_init+0x1dc>)
10001790:	4002      	ands	r2, r0
10001792:	430a      	orrs	r2, r1
10001794:	432a      	orrs	r2, r5
10001796:	601a      	str	r2, [r3, #0]
10001798:	4663      	mov	r3, ip
1000179a:	9d05      	ldr	r5, [sp, #20]
1000179c:	4652      	mov	r2, sl
1000179e:	4005      	ands	r5, r0
100017a0:	430d      	orrs	r5, r1
100017a2:	431d      	orrs	r5, r3
100017a4:	4649      	mov	r1, r9
100017a6:	0023      	movs	r3, r4
100017a8:	0030      	movs	r0, r6
100017aa:	9505      	str	r5, [sp, #20]
100017ac:	f007 f93e 	bl	10008a2c <pio_sm_init>
100017b0:	4643      	mov	r3, r8
100017b2:	4649      	mov	r1, r9
100017b4:	408b      	lsls	r3, r1
100017b6:	6832      	ldr	r2, [r6, #0]
100017b8:	4313      	orrs	r3, r2
100017ba:	6033      	str	r3, [r6, #0]
100017bc:	e78f      	b.n	100016de <picostepper_pindef_init+0xea>
100017be:	46c0      	nop			; (mov r8, r8)
100017c0:	20001ba4 	.word	0x20001ba4
100017c4:	10009794 	.word	0x10009794
100017c8:	400c0000 	.word	0x400c0000
100017cc:	afe00000 	.word	0xafe00000
100017d0:	e3fffc1f 	.word	0xe3fffc1f
100017d4:	10009770 	.word	0x10009770

100017d8 <picostepper_move_blocking>:
100017d8:	b5f0      	push	{r4, r5, r6, r7, lr}
100017da:	46de      	mov	lr, fp
100017dc:	4657      	mov	r7, sl
100017de:	464e      	mov	r6, r9
100017e0:	4645      	mov	r5, r8
100017e2:	4684      	mov	ip, r0
100017e4:	0010      	movs	r0, r2
100017e6:	2280      	movs	r2, #128	; 0x80
100017e8:	b5e0      	push	{r5, r6, r7, lr}
100017ea:	05d2      	lsls	r2, r2, #23
100017ec:	b083      	sub	sp, #12
100017ee:	4293      	cmp	r3, r2
100017f0:	d244      	bcs.n	1000187c <picostepper_move_blocking+0xa4>
100017f2:	4662      	mov	r2, ip
100017f4:	3201      	adds	r2, #1
100017f6:	d041      	beq.n	1000187c <picostepper_move_blocking+0xa4>
100017f8:	4662      	mov	r2, ip
100017fa:	4c24      	ldr	r4, [pc, #144]	; (1000188c <picostepper_move_blocking+0xb4>)
100017fc:	00d2      	lsls	r2, r2, #3
100017fe:	46a0      	mov	r8, r4
10001800:	4692      	mov	sl, r2
10001802:	4462      	add	r2, ip
10001804:	00d2      	lsls	r2, r2, #3
10001806:	4442      	add	r2, r8
10001808:	9400      	str	r4, [sp, #0]
1000180a:	7954      	ldrb	r4, [r2, #5]
1000180c:	2c00      	cmp	r4, #0
1000180e:	d135      	bne.n	1000187c <picostepper_move_blocking+0xa4>
10001810:	6b14      	ldr	r4, [r2, #48]	; 0x30
10001812:	6b96      	ldr	r6, [r2, #56]	; 0x38
10001814:	2900      	cmp	r1, #0
10001816:	d021      	beq.n	1000185c <picostepper_move_blocking+0x84>
10001818:	0032      	movs	r2, r6
1000181a:	2501      	movs	r5, #1
1000181c:	005f      	lsls	r7, r3, #1
1000181e:	2301      	movs	r3, #1
10001820:	3210      	adds	r2, #16
10001822:	4095      	lsls	r5, r2
10001824:	9a0c      	ldr	r2, [sp, #48]	; 0x30
10001826:	4699      	mov	r9, r3
10001828:	1d33      	adds	r3, r6, #4
1000182a:	0052      	lsls	r2, r2, #1
1000182c:	009b      	lsls	r3, r3, #2
1000182e:	4690      	mov	r8, r2
10001830:	469b      	mov	fp, r3
10001832:	0003      	movs	r3, r0
10001834:	2200      	movs	r2, #0
10001836:	0008      	movs	r0, r1
10001838:	4641      	mov	r1, r8
1000183a:	4698      	mov	r8, r3
1000183c:	9601      	str	r6, [sp, #4]
1000183e:	4646      	mov	r6, r8
10001840:	464b      	mov	r3, r9
10001842:	433e      	orrs	r6, r7
10001844:	0076      	lsls	r6, r6, #1
10001846:	431e      	orrs	r6, r3
10001848:	6863      	ldr	r3, [r4, #4]
1000184a:	421d      	tst	r5, r3
1000184c:	d1fc      	bne.n	10001848 <picostepper_move_blocking+0x70>
1000184e:	465b      	mov	r3, fp
10001850:	3201      	adds	r2, #1
10001852:	511e      	str	r6, [r3, r4]
10001854:	187f      	adds	r7, r7, r1
10001856:	4290      	cmp	r0, r2
10001858:	d1f1      	bne.n	1000183e <picostepper_move_blocking+0x66>
1000185a:	9e01      	ldr	r6, [sp, #4]
1000185c:	2201      	movs	r2, #1
1000185e:	3618      	adds	r6, #24
10001860:	40b2      	lsls	r2, r6
10001862:	6863      	ldr	r3, [r4, #4]
10001864:	421a      	tst	r2, r3
10001866:	d0fc      	beq.n	10001862 <picostepper_move_blocking+0x8a>
10001868:	4653      	mov	r3, sl
1000186a:	9a00      	ldr	r2, [sp, #0]
1000186c:	4463      	add	r3, ip
1000186e:	4694      	mov	ip, r2
10001870:	2200      	movs	r2, #0
10001872:	00db      	lsls	r3, r3, #3
10001874:	4463      	add	r3, ip
10001876:	2001      	movs	r0, #1
10001878:	715a      	strb	r2, [r3, #5]
1000187a:	e000      	b.n	1000187e <picostepper_move_blocking+0xa6>
1000187c:	2000      	movs	r0, #0
1000187e:	b003      	add	sp, #12
10001880:	bcf0      	pop	{r4, r5, r6, r7}
10001882:	46bb      	mov	fp, r7
10001884:	46b2      	mov	sl, r6
10001886:	46a9      	mov	r9, r5
10001888:	46a0      	mov	r8, r4
1000188a:	bdf0      	pop	{r4, r5, r6, r7, pc}
1000188c:	20001ba4 	.word	0x20001ba4

10001890 <picostepper_set_async_direction>:
10001890:	b510      	push	{r4, lr}
10001892:	000c      	movs	r4, r1
10001894:	00c2      	lsls	r2, r0, #3
10001896:	4b06      	ldr	r3, [pc, #24]	; (100018b0 <picostepper_set_async_direction+0x20>)
10001898:	1812      	adds	r2, r2, r0
1000189a:	00d2      	lsls	r2, r2, #3
1000189c:	189a      	adds	r2, r3, r2
1000189e:	71d1      	strb	r1, [r2, #7]
100018a0:	6ad1      	ldr	r1, [r2, #44]	; 0x2c
100018a2:	7993      	ldrb	r3, [r2, #6]
100018a4:	0049      	lsls	r1, r1, #1
100018a6:	4321      	orrs	r1, r4
100018a8:	0049      	lsls	r1, r1, #1
100018aa:	4319      	orrs	r1, r3
100018ac:	6451      	str	r1, [r2, #68]	; 0x44
100018ae:	bd10      	pop	{r4, pc}
100018b0:	20001ba4 	.word	0x20001ba4

100018b4 <picostepper_set_async_enabled>:
100018b4:	b510      	push	{r4, lr}
100018b6:	000c      	movs	r4, r1
100018b8:	00c2      	lsls	r2, r0, #3
100018ba:	4b06      	ldr	r3, [pc, #24]	; (100018d4 <picostepper_set_async_enabled+0x20>)
100018bc:	1812      	adds	r2, r2, r0
100018be:	00d2      	lsls	r2, r2, #3
100018c0:	189a      	adds	r2, r3, r2
100018c2:	7191      	strb	r1, [r2, #6]
100018c4:	6ad1      	ldr	r1, [r2, #44]	; 0x2c
100018c6:	79d3      	ldrb	r3, [r2, #7]
100018c8:	0049      	lsls	r1, r1, #1
100018ca:	4319      	orrs	r1, r3
100018cc:	0049      	lsls	r1, r1, #1
100018ce:	4321      	orrs	r1, r4
100018d0:	6451      	str	r1, [r2, #68]	; 0x44
100018d2:	bd10      	pop	{r4, pc}
100018d4:	20001ba4 	.word	0x20001ba4

100018d8 <picostepper_get_async_enabled>:
100018d8:	00c2      	lsls	r2, r0, #3
100018da:	4b03      	ldr	r3, [pc, #12]	; (100018e8 <picostepper_get_async_enabled+0x10>)
100018dc:	1812      	adds	r2, r2, r0
100018de:	00d2      	lsls	r2, r2, #3
100018e0:	189b      	adds	r3, r3, r2
100018e2:	7998      	ldrb	r0, [r3, #6]
100018e4:	4770      	bx	lr
100018e6:	46c0      	nop			; (mov r8, r8)
100018e8:	20001ba4 	.word	0x20001ba4

100018ec <picostepper_set_async_speed>:
100018ec:	b5d0      	push	{r4, r6, r7, lr}
100018ee:	0004      	movs	r4, r0
100018f0:	0008      	movs	r0, r1
100018f2:	f004 fbac 	bl	1000604e <__wrap___aeabi_ui2f>
100018f6:	f004 fbd1 	bl	1000609c <__wrap___aeabi_f2d>
100018fa:	0002      	movs	r2, r0
100018fc:	000b      	movs	r3, r1
100018fe:	2000      	movs	r0, #0
10001900:	4911      	ldr	r1, [pc, #68]	; (10001948 <picostepper_set_async_speed+0x5c>)
10001902:	f003 ffa2 	bl	1000584a <__wrap___aeabi_ddiv>
10001906:	2200      	movs	r2, #0
10001908:	4b10      	ldr	r3, [pc, #64]	; (1000194c <picostepper_set_async_speed+0x60>)
1000190a:	f003 ff8c 	bl	10005826 <__wrap___aeabi_dsub>
1000190e:	2200      	movs	r2, #0
10001910:	2300      	movs	r3, #0
10001912:	0006      	movs	r6, r0
10001914:	000f      	movs	r7, r1
10001916:	f003 fff1 	bl	100058fc <__wrap___aeabi_dcmpgt>
1000191a:	2800      	cmp	r0, #0
1000191c:	d011      	beq.n	10001942 <picostepper_set_async_speed+0x56>
1000191e:	0039      	movs	r1, r7
10001920:	0030      	movs	r0, r6
10001922:	f004 f81b 	bl	1000595c <__wrap___aeabi_d2iz>
10001926:	0041      	lsls	r1, r0, #1
10001928:	00e2      	lsls	r2, r4, #3
1000192a:	4b09      	ldr	r3, [pc, #36]	; (10001950 <picostepper_set_async_speed+0x64>)
1000192c:	1912      	adds	r2, r2, r4
1000192e:	00d2      	lsls	r2, r2, #3
10001930:	189b      	adds	r3, r3, r2
10001932:	79da      	ldrb	r2, [r3, #7]
10001934:	62d8      	str	r0, [r3, #44]	; 0x2c
10001936:	430a      	orrs	r2, r1
10001938:	7999      	ldrb	r1, [r3, #6]
1000193a:	0052      	lsls	r2, r2, #1
1000193c:	430a      	orrs	r2, r1
1000193e:	645a      	str	r2, [r3, #68]	; 0x44
10001940:	bdd0      	pop	{r4, r6, r7, pc}
10001942:	2100      	movs	r1, #0
10001944:	2000      	movs	r0, #0
10001946:	e7ef      	b.n	10001928 <picostepper_set_async_speed+0x3c>
10001948:	412e8480 	.word	0x412e8480
1000194c:	40240000 	.word	0x40240000
10001950:	20001ba4 	.word	0x20001ba4

10001954 <picostepper_set_acceleration>:
10001954:	00c2      	lsls	r2, r0, #3
10001956:	4b03      	ldr	r3, [pc, #12]	; (10001964 <picostepper_set_acceleration+0x10>)
10001958:	1812      	adds	r2, r2, r0
1000195a:	00d2      	lsls	r2, r2, #3
1000195c:	189b      	adds	r3, r3, r2
1000195e:	6159      	str	r1, [r3, #20]
10001960:	4770      	bx	lr
10001962:	46c0      	nop			; (mov r8, r8)
10001964:	20001ba4 	.word	0x20001ba4

10001968 <picostepper_set_position>:
10001968:	00c2      	lsls	r2, r0, #3
1000196a:	4b03      	ldr	r3, [pc, #12]	; (10001978 <picostepper_set_position+0x10>)
1000196c:	1812      	adds	r2, r2, r0
1000196e:	00d2      	lsls	r2, r2, #3
10001970:	189b      	adds	r3, r3, r2
10001972:	60d9      	str	r1, [r3, #12]
10001974:	4770      	bx	lr
10001976:	46c0      	nop			; (mov r8, r8)
10001978:	20001ba4 	.word	0x20001ba4

1000197c <picostepper_set_max_speed>:
1000197c:	00c2      	lsls	r2, r0, #3
1000197e:	4b03      	ldr	r3, [pc, #12]	; (1000198c <picostepper_set_max_speed+0x10>)
10001980:	1812      	adds	r2, r2, r0
10001982:	00d2      	lsls	r2, r2, #3
10001984:	189b      	adds	r3, r3, r2
10001986:	61d9      	str	r1, [r3, #28]
10001988:	4770      	bx	lr
1000198a:	46c0      	nop			; (mov r8, r8)
1000198c:	20001ba4 	.word	0x20001ba4

10001990 <picostepper_set_min_speed>:
10001990:	b5f0      	push	{r4, r5, r6, r7, lr}
10001992:	46c6      	mov	lr, r8
10001994:	4680      	mov	r8, r0
10001996:	4643      	mov	r3, r8
10001998:	00dc      	lsls	r4, r3, #3
1000199a:	4d15      	ldr	r5, [pc, #84]	; (100019f0 <picostepper_set_min_speed+0x60>)
1000199c:	18e3      	adds	r3, r4, r3
1000199e:	00db      	lsls	r3, r3, #3
100019a0:	18eb      	adds	r3, r5, r3
100019a2:	b500      	push	{lr}
100019a4:	0008      	movs	r0, r1
100019a6:	6219      	str	r1, [r3, #32]
100019a8:	f004 fb51 	bl	1000604e <__wrap___aeabi_ui2f>
100019ac:	f004 fb76 	bl	1000609c <__wrap___aeabi_f2d>
100019b0:	0002      	movs	r2, r0
100019b2:	000b      	movs	r3, r1
100019b4:	2000      	movs	r0, #0
100019b6:	490f      	ldr	r1, [pc, #60]	; (100019f4 <picostepper_set_min_speed+0x64>)
100019b8:	f003 ff47 	bl	1000584a <__wrap___aeabi_ddiv>
100019bc:	2200      	movs	r2, #0
100019be:	4b0e      	ldr	r3, [pc, #56]	; (100019f8 <picostepper_set_min_speed+0x68>)
100019c0:	f003 ff31 	bl	10005826 <__wrap___aeabi_dsub>
100019c4:	2200      	movs	r2, #0
100019c6:	2300      	movs	r3, #0
100019c8:	0006      	movs	r6, r0
100019ca:	000f      	movs	r7, r1
100019cc:	f003 ff96 	bl	100058fc <__wrap___aeabi_dcmpgt>
100019d0:	2800      	cmp	r0, #0
100019d2:	d00a      	beq.n	100019ea <picostepper_set_min_speed+0x5a>
100019d4:	0030      	movs	r0, r6
100019d6:	0039      	movs	r1, r7
100019d8:	f003 ffc0 	bl	1000595c <__wrap___aeabi_d2iz>
100019dc:	4444      	add	r4, r8
100019de:	00e4      	lsls	r4, r4, #3
100019e0:	192d      	adds	r5, r5, r4
100019e2:	62e8      	str	r0, [r5, #44]	; 0x2c
100019e4:	bc80      	pop	{r7}
100019e6:	46b8      	mov	r8, r7
100019e8:	bdf0      	pop	{r4, r5, r6, r7, pc}
100019ea:	2000      	movs	r0, #0
100019ec:	e7f6      	b.n	100019dc <picostepper_set_min_speed+0x4c>
100019ee:	46c0      	nop			; (mov r8, r8)
100019f0:	20001ba4 	.word	0x20001ba4
100019f4:	412e8480 	.word	0x412e8480
100019f8:	40240000 	.word	0x40240000

100019fc <picostepper_convert_speed_to_delay>:
100019fc:	b570      	push	{r4, r5, r6, lr}
100019fe:	f004 fb4d 	bl	1000609c <__wrap___aeabi_f2d>
10001a02:	0002      	movs	r2, r0
10001a04:	000b      	movs	r3, r1
10001a06:	2000      	movs	r0, #0
10001a08:	490a      	ldr	r1, [pc, #40]	; (10001a34 <picostepper_convert_speed_to_delay+0x38>)
10001a0a:	f003 ff1e 	bl	1000584a <__wrap___aeabi_ddiv>
10001a0e:	2200      	movs	r2, #0
10001a10:	4b09      	ldr	r3, [pc, #36]	; (10001a38 <picostepper_convert_speed_to_delay+0x3c>)
10001a12:	f003 ff08 	bl	10005826 <__wrap___aeabi_dsub>
10001a16:	2200      	movs	r2, #0
10001a18:	2300      	movs	r3, #0
10001a1a:	0004      	movs	r4, r0
10001a1c:	000d      	movs	r5, r1
10001a1e:	f003 ff6d 	bl	100058fc <__wrap___aeabi_dcmpgt>
10001a22:	2800      	cmp	r0, #0
10001a24:	d004      	beq.n	10001a30 <picostepper_convert_speed_to_delay+0x34>
10001a26:	0020      	movs	r0, r4
10001a28:	0029      	movs	r1, r5
10001a2a:	f003 ff97 	bl	1000595c <__wrap___aeabi_d2iz>
10001a2e:	bd70      	pop	{r4, r5, r6, pc}
10001a30:	2000      	movs	r0, #0
10001a32:	e7fc      	b.n	10001a2e <picostepper_convert_speed_to_delay+0x32>
10001a34:	412e8480 	.word	0x412e8480
10001a38:	40240000 	.word	0x40240000

10001a3c <picostepper_move_async>:
10001a3c:	b5f0      	push	{r4, r5, r6, r7, lr}
10001a3e:	4646      	mov	r6, r8
10001a40:	464f      	mov	r7, r9
10001a42:	46d6      	mov	lr, sl
10001a44:	00c5      	lsls	r5, r0, #3
10001a46:	b5c0      	push	{r6, r7, lr}
10001a48:	182b      	adds	r3, r5, r0
10001a4a:	4e34      	ldr	r6, [pc, #208]	; (10001b1c <picostepper_move_async+0xe0>)
10001a4c:	00db      	lsls	r3, r3, #3
10001a4e:	18f3      	adds	r3, r6, r3
10001a50:	0017      	movs	r7, r2
10001a52:	795a      	ldrb	r2, [r3, #5]
10001a54:	0004      	movs	r4, r0
10001a56:	4688      	mov	r8, r1
10001a58:	b082      	sub	sp, #8
10001a5a:	2a00      	cmp	r2, #0
10001a5c:	d150      	bne.n	10001b00 <picostepper_move_async+0xc4>
10001a5e:	791a      	ldrb	r2, [r3, #4]
10001a60:	4691      	mov	r9, r2
10001a62:	2a00      	cmp	r2, #0
10001a64:	d045      	beq.n	10001af2 <picostepper_move_async+0xb6>
10001a66:	6ada      	ldr	r2, [r3, #44]	; 0x2c
10001a68:	4692      	mov	sl, r2
10001a6a:	2a00      	cmp	r2, #0
10001a6c:	d120      	bne.n	10001ab0 <picostepper_move_async+0x74>
10001a6e:	6a18      	ldr	r0, [r3, #32]
10001a70:	f004 faed 	bl	1000604e <__wrap___aeabi_ui2f>
10001a74:	f004 fb12 	bl	1000609c <__wrap___aeabi_f2d>
10001a78:	0002      	movs	r2, r0
10001a7a:	000b      	movs	r3, r1
10001a7c:	2000      	movs	r0, #0
10001a7e:	4928      	ldr	r1, [pc, #160]	; (10001b20 <picostepper_move_async+0xe4>)
10001a80:	f003 fee3 	bl	1000584a <__wrap___aeabi_ddiv>
10001a84:	2200      	movs	r2, #0
10001a86:	4b27      	ldr	r3, [pc, #156]	; (10001b24 <picostepper_move_async+0xe8>)
10001a88:	f003 fecd 	bl	10005826 <__wrap___aeabi_dsub>
10001a8c:	2200      	movs	r2, #0
10001a8e:	2300      	movs	r3, #0
10001a90:	9000      	str	r0, [sp, #0]
10001a92:	9101      	str	r1, [sp, #4]
10001a94:	f003 ff32 	bl	100058fc <__wrap___aeabi_dcmpgt>
10001a98:	2800      	cmp	r0, #0
10001a9a:	d004      	beq.n	10001aa6 <picostepper_move_async+0x6a>
10001a9c:	9800      	ldr	r0, [sp, #0]
10001a9e:	9901      	ldr	r1, [sp, #4]
10001aa0:	f003 ff5c 	bl	1000595c <__wrap___aeabi_d2iz>
10001aa4:	4682      	mov	sl, r0
10001aa6:	4652      	mov	r2, sl
10001aa8:	192b      	adds	r3, r5, r4
10001aaa:	00db      	lsls	r3, r3, #3
10001aac:	18f3      	adds	r3, r6, r3
10001aae:	62da      	str	r2, [r3, #44]	; 0x2c
10001ab0:	192b      	adds	r3, r5, r4
10001ab2:	00db      	lsls	r3, r3, #3
10001ab4:	18f3      	adds	r3, r6, r3
10001ab6:	6b99      	ldr	r1, [r3, #56]	; 0x38
10001ab8:	6b58      	ldr	r0, [r3, #52]	; 0x34
10001aba:	649f      	str	r7, [r3, #72]	; 0x48
10001abc:	0089      	lsls	r1, r1, #2
10001abe:	2800      	cmp	r0, #0
10001ac0:	d121      	bne.n	10001b06 <picostepper_move_async+0xca>
10001ac2:	4a19      	ldr	r2, [pc, #100]	; (10001b28 <picostepper_move_async+0xec>)
10001ac4:	27a0      	movs	r7, #160	; 0xa0
10001ac6:	4694      	mov	ip, r2
10001ac8:	05ff      	lsls	r7, r7, #23
10001aca:	4461      	add	r1, ip
10001acc:	46bc      	mov	ip, r7
10001ace:	6bda      	ldr	r2, [r3, #60]	; 0x3c
10001ad0:	0192      	lsls	r2, r2, #6
10001ad2:	4462      	add	r2, ip
10001ad4:	6010      	str	r0, [r2, #0]
10001ad6:	6051      	str	r1, [r2, #4]
10001ad8:	4641      	mov	r1, r8
10001ada:	6091      	str	r1, [r2, #8]
10001adc:	6c1b      	ldr	r3, [r3, #64]	; 0x40
10001ade:	192d      	adds	r5, r5, r4
10001ae0:	00ed      	lsls	r5, r5, #3
10001ae2:	6113      	str	r3, [r2, #16]
10001ae4:	002b      	movs	r3, r5
10001ae6:	3344      	adds	r3, #68	; 0x44
10001ae8:	18f3      	adds	r3, r6, r3
10001aea:	63d3      	str	r3, [r2, #60]	; 0x3c
10001aec:	2301      	movs	r3, #1
10001aee:	1976      	adds	r6, r6, r5
10001af0:	7173      	strb	r3, [r6, #5]
10001af2:	4648      	mov	r0, r9
10001af4:	b002      	add	sp, #8
10001af6:	bce0      	pop	{r5, r6, r7}
10001af8:	46ba      	mov	sl, r7
10001afa:	46b1      	mov	r9, r6
10001afc:	46a8      	mov	r8, r5
10001afe:	bdf0      	pop	{r4, r5, r6, r7, pc}
10001b00:	2300      	movs	r3, #0
10001b02:	4699      	mov	r9, r3
10001b04:	e7f5      	b.n	10001af2 <picostepper_move_async+0xb6>
10001b06:	4a09      	ldr	r2, [pc, #36]	; (10001b2c <picostepper_move_async+0xf0>)
10001b08:	20a0      	movs	r0, #160	; 0xa0
10001b0a:	4694      	mov	ip, r2
10001b0c:	05c0      	lsls	r0, r0, #23
10001b0e:	4461      	add	r1, ip
10001b10:	4684      	mov	ip, r0
10001b12:	6bda      	ldr	r2, [r3, #60]	; 0x3c
10001b14:	2000      	movs	r0, #0
10001b16:	0192      	lsls	r2, r2, #6
10001b18:	4462      	add	r2, ip
10001b1a:	e7db      	b.n	10001ad4 <picostepper_move_async+0x98>
10001b1c:	20001ba4 	.word	0x20001ba4
10001b20:	412e8480 	.word	0x412e8480
10001b24:	40240000 	.word	0x40240000
10001b28:	50200010 	.word	0x50200010
10001b2c:	50300010 	.word	0x50300010

10001b30 <picostepper_move_to_positions>:
10001b30:	b5f0      	push	{r4, r5, r6, r7, lr}
10001b32:	4657      	mov	r7, sl
10001b34:	464e      	mov	r6, r9
10001b36:	4645      	mov	r5, r8
10001b38:	46de      	mov	lr, fp
10001b3a:	b5e0      	push	{r5, r6, r7, lr}
10001b3c:	4698      	mov	r8, r3
10001b3e:	0013      	movs	r3, r2
10001b40:	b08b      	sub	sp, #44	; 0x2c
10001b42:	468c      	mov	ip, r1
10001b44:	4669      	mov	r1, sp
10001b46:	3307      	adds	r3, #7
10001b48:	08db      	lsrs	r3, r3, #3
10001b4a:	00db      	lsls	r3, r3, #3
10001b4c:	1acb      	subs	r3, r1, r3
10001b4e:	af00      	add	r7, sp, #0
10001b50:	469d      	mov	sp, r3
10001b52:	4669      	mov	r1, sp
10001b54:	4691      	mov	r9, r2
10001b56:	623b      	str	r3, [r7, #32]
10001b58:	0093      	lsls	r3, r2, #2
10001b5a:	1dda      	adds	r2, r3, #7
10001b5c:	08d2      	lsrs	r2, r2, #3
10001b5e:	00d2      	lsls	r2, r2, #3
10001b60:	1a89      	subs	r1, r1, r2
10001b62:	468d      	mov	sp, r1
10001b64:	6279      	str	r1, [r7, #36]	; 0x24
10001b66:	1a89      	subs	r1, r1, r2
10001b68:	468d      	mov	sp, r1
10001b6a:	6139      	str	r1, [r7, #16]
10001b6c:	6801      	ldr	r1, [r0, #0]
10001b6e:	0002      	movs	r2, r0
10001b70:	468a      	mov	sl, r1
10001b72:	4649      	mov	r1, r9
10001b74:	61f8      	str	r0, [r7, #28]
10001b76:	2900      	cmp	r1, #0
10001b78:	d100      	bne.n	10001b7c <picostepper_move_to_positions+0x4c>
10001b7a:	e169      	b.n	10001e50 <picostepper_move_to_positions+0x320>
10001b7c:	2500      	movs	r5, #0
10001b7e:	4661      	mov	r1, ip
10001b80:	4693      	mov	fp, r2
10001b82:	1948      	adds	r0, r1, r5
10001b84:	61bb      	str	r3, [r7, #24]
10001b86:	18c9      	adds	r1, r1, r3
10001b88:	6a3b      	ldr	r3, [r7, #32]
10001b8a:	445d      	add	r5, fp
10001b8c:	2601      	movs	r6, #1
10001b8e:	469b      	mov	fp, r3
10001b90:	4cca      	ldr	r4, [pc, #808]	; (10001ebc <picostepper_move_to_positions+0x38c>)
10001b92:	cd04      	ldmia	r5!, {r2}
10001b94:	00d3      	lsls	r3, r2, #3
10001b96:	189b      	adds	r3, r3, r2
10001b98:	00db      	lsls	r3, r3, #3
10001b9a:	18e3      	adds	r3, r4, r3
10001b9c:	c804      	ldmia	r0!, {r2}
10001b9e:	68db      	ldr	r3, [r3, #12]
10001ba0:	1ad3      	subs	r3, r2, r3
10001ba2:	425a      	negs	r2, r3
10001ba4:	4153      	adcs	r3, r2
10001ba6:	401e      	ands	r6, r3
10001ba8:	4288      	cmp	r0, r1
10001baa:	d1f2      	bne.n	10001b92 <picostepper_move_to_positions+0x62>
10001bac:	465a      	mov	r2, fp
10001bae:	69bb      	ldr	r3, [r7, #24]
10001bb0:	623a      	str	r2, [r7, #32]
10001bb2:	2e00      	cmp	r6, #0
10001bb4:	d000      	beq.n	10001bb8 <picostepper_move_to_positions+0x88>
10001bb6:	e14b      	b.n	10001e50 <picostepper_move_to_positions+0x320>
10001bb8:	4652      	mov	r2, sl
10001bba:	00d2      	lsls	r2, r2, #3
10001bbc:	4452      	add	r2, sl
10001bbe:	00d2      	lsls	r2, r2, #3
10001bc0:	18a2      	adds	r2, r4, r2
10001bc2:	6952      	ldr	r2, [r2, #20]
10001bc4:	61ba      	str	r2, [r7, #24]
10001bc6:	464a      	mov	r2, r9
10001bc8:	2a00      	cmp	r2, #0
10001bca:	d100      	bne.n	10001bce <picostepper_move_to_positions+0x9e>
10001bcc:	e1d0      	b.n	10001f70 <picostepper_move_to_positions+0x440>
10001bce:	69fd      	ldr	r5, [r7, #28]
10001bd0:	4661      	mov	r1, ip
10001bd2:	46ac      	mov	ip, r5
10001bd4:	6a7a      	ldr	r2, [r7, #36]	; 0x24
10001bd6:	4463      	add	r3, ip
10001bd8:	0016      	movs	r6, r2
10001bda:	693a      	ldr	r2, [r7, #16]
10001bdc:	623b      	str	r3, [r7, #32]
10001bde:	2300      	movs	r3, #0
10001be0:	46da      	mov	sl, fp
10001be2:	4693      	mov	fp, r2
10001be4:	000a      	movs	r2, r1
10001be6:	60bb      	str	r3, [r7, #8]
10001be8:	464b      	mov	r3, r9
10001bea:	0028      	movs	r0, r5
10001bec:	0031      	movs	r1, r6
10001bee:	4694      	mov	ip, r2
10001bf0:	617b      	str	r3, [r7, #20]
10001bf2:	6802      	ldr	r2, [r0, #0]
10001bf4:	00d3      	lsls	r3, r2, #3
10001bf6:	189b      	adds	r3, r3, r2
10001bf8:	4662      	mov	r2, ip
10001bfa:	00db      	lsls	r3, r3, #3
10001bfc:	18e3      	adds	r3, r4, r3
10001bfe:	6816      	ldr	r6, [r2, #0]
10001c00:	68db      	ldr	r3, [r3, #12]
10001c02:	1af5      	subs	r5, r6, r3
10001c04:	17ea      	asrs	r2, r5, #31
10001c06:	42b3      	cmp	r3, r6
10001c08:	419b      	sbcs	r3, r3
10001c0a:	18ad      	adds	r5, r5, r2
10001c0c:	4055      	eors	r5, r2
10001c0e:	4652      	mov	r2, sl
10001c10:	425b      	negs	r3, r3
10001c12:	7013      	strb	r3, [r2, #0]
10001c14:	465a      	mov	r2, fp
10001c16:	6015      	str	r5, [r2, #0]
10001c18:	6802      	ldr	r2, [r0, #0]
10001c1a:	600d      	str	r5, [r1, #0]
10001c1c:	4691      	mov	r9, r2
10001c1e:	00d2      	lsls	r2, r2, #3
10001c20:	444a      	add	r2, r9
10001c22:	00d2      	lsls	r2, r2, #3
10001c24:	18a2      	adds	r2, r4, r2
10001c26:	60d6      	str	r6, [r2, #12]
10001c28:	6806      	ldr	r6, [r0, #0]
10001c2a:	00f2      	lsls	r2, r6, #3
10001c2c:	1992      	adds	r2, r2, r6
10001c2e:	00d2      	lsls	r2, r2, #3
10001c30:	18a2      	adds	r2, r4, r2
10001c32:	6ad6      	ldr	r6, [r2, #44]	; 0x2c
10001c34:	71d3      	strb	r3, [r2, #7]
10001c36:	0076      	lsls	r6, r6, #1
10001c38:	4333      	orrs	r3, r6
10001c3a:	7996      	ldrb	r6, [r2, #6]
10001c3c:	005b      	lsls	r3, r3, #1
10001c3e:	4333      	orrs	r3, r6
10001c40:	6453      	str	r3, [r2, #68]	; 0x44
10001c42:	6802      	ldr	r2, [r0, #0]
10001c44:	00d3      	lsls	r3, r2, #3
10001c46:	189b      	adds	r3, r3, r2
10001c48:	00db      	lsls	r3, r3, #3
10001c4a:	18e3      	adds	r3, r4, r3
10001c4c:	695b      	ldr	r3, [r3, #20]
10001c4e:	69ba      	ldr	r2, [r7, #24]
10001c50:	429a      	cmp	r2, r3
10001c52:	d900      	bls.n	10001c56 <picostepper_move_to_positions+0x126>
10001c54:	61bb      	str	r3, [r7, #24]
10001c56:	68bb      	ldr	r3, [r7, #8]
10001c58:	42ab      	cmp	r3, r5
10001c5a:	d200      	bcs.n	10001c5e <picostepper_move_to_positions+0x12e>
10001c5c:	60bd      	str	r5, [r7, #8]
10001c5e:	2304      	movs	r3, #4
10001c60:	4699      	mov	r9, r3
10001c62:	3b03      	subs	r3, #3
10001c64:	44cc      	add	ip, r9
10001c66:	4699      	mov	r9, r3
10001c68:	3303      	adds	r3, #3
10001c6a:	44ca      	add	sl, r9
10001c6c:	4699      	mov	r9, r3
10001c6e:	6a3b      	ldr	r3, [r7, #32]
10001c70:	3004      	adds	r0, #4
10001c72:	3104      	adds	r1, #4
10001c74:	44cb      	add	fp, r9
10001c76:	4298      	cmp	r0, r3
10001c78:	d1bb      	bne.n	10001bf2 <picostepper_move_to_positions+0xc2>
10001c7a:	697b      	ldr	r3, [r7, #20]
10001c7c:	2132      	movs	r1, #50	; 0x32
10001c7e:	68b8      	ldr	r0, [r7, #8]
10001c80:	4699      	mov	r9, r3
10001c82:	f003 fb8b 	bl	1000539c <__wrap___aeabi_uidiv>
10001c86:	69f9      	ldr	r1, [r7, #28]
10001c88:	680a      	ldr	r2, [r1, #0]
10001c8a:	00d3      	lsls	r3, r2, #3
10001c8c:	189b      	adds	r3, r3, r2
10001c8e:	2200      	movs	r2, #0
10001c90:	00db      	lsls	r3, r3, #3
10001c92:	18e3      	adds	r3, r4, r3
10001c94:	695b      	ldr	r3, [r3, #20]
10001c96:	617a      	str	r2, [r7, #20]
10001c98:	607b      	str	r3, [r7, #4]
10001c9a:	2b00      	cmp	r3, #0
10001c9c:	d000      	beq.n	10001ca0 <picostepper_move_to_positions+0x170>
10001c9e:	e14d      	b.n	10001f3c <picostepper_move_to_positions+0x40c>
10001ca0:	68b8      	ldr	r0, [r7, #8]
10001ca2:	f003 fe3f 	bl	10005924 <__wrap___aeabi_ui2d>
10001ca6:	6a7b      	ldr	r3, [r7, #36]	; 0x24
10001ca8:	60b8      	str	r0, [r7, #8]
10001caa:	60f9      	str	r1, [r7, #12]
10001cac:	001d      	movs	r5, r3
10001cae:	2301      	movs	r3, #1
10001cb0:	469b      	mov	fp, r3
10001cb2:	0023      	movs	r3, r4
10001cb4:	002c      	movs	r4, r5
10001cb6:	469a      	mov	sl, r3
10001cb8:	69fe      	ldr	r6, [r7, #28]
10001cba:	603d      	str	r5, [r7, #0]
10001cbc:	6832      	ldr	r2, [r6, #0]
10001cbe:	cc01      	ldmia	r4!, {r0}
10001cc0:	00d3      	lsls	r3, r2, #3
10001cc2:	189b      	adds	r3, r3, r2
10001cc4:	465a      	mov	r2, fp
10001cc6:	00db      	lsls	r3, r3, #3
10001cc8:	4453      	add	r3, sl
10001cca:	611a      	str	r2, [r3, #16]
10001ccc:	ce08      	ldmia	r6!, {r3}
10001cce:	00dd      	lsls	r5, r3, #3
10001cd0:	18ed      	adds	r5, r5, r3
10001cd2:	69bb      	ldr	r3, [r7, #24]
10001cd4:	00ed      	lsls	r5, r5, #3
10001cd6:	4358      	muls	r0, r3
10001cd8:	f003 fe24 	bl	10005924 <__wrap___aeabi_ui2d>
10001cdc:	68ba      	ldr	r2, [r7, #8]
10001cde:	68fb      	ldr	r3, [r7, #12]
10001ce0:	f003 fdb3 	bl	1000584a <__wrap___aeabi_ddiv>
10001ce4:	f003 fe5e 	bl	100059a4 <__wrap___aeabi_d2uiz>
10001ce8:	6a3b      	ldr	r3, [r7, #32]
10001cea:	4455      	add	r5, sl
10001cec:	61a8      	str	r0, [r5, #24]
10001cee:	42b3      	cmp	r3, r6
10001cf0:	d1e4      	bne.n	10001cbc <picostepper_move_to_positions+0x18c>
10001cf2:	687b      	ldr	r3, [r7, #4]
10001cf4:	4654      	mov	r4, sl
10001cf6:	683d      	ldr	r5, [r7, #0]
10001cf8:	2b00      	cmp	r3, #0
10001cfa:	d000      	beq.n	10001cfe <picostepper_move_to_positions+0x1ce>
10001cfc:	e12c      	b.n	10001f58 <picostepper_move_to_positions+0x428>
10001cfe:	697b      	ldr	r3, [r7, #20]
10001d00:	2b00      	cmp	r3, #0
10001d02:	d100      	bne.n	10001d06 <picostepper_move_to_positions+0x1d6>
10001d04:	e13c      	b.n	10001f80 <picostepper_move_to_positions+0x450>
10001d06:	2300      	movs	r3, #0
10001d08:	46a3      	mov	fp, r4
10001d0a:	61bb      	str	r3, [r7, #24]
10001d0c:	4b6c      	ldr	r3, [pc, #432]	; (10001ec0 <picostepper_move_to_positions+0x390>)
10001d0e:	60bb      	str	r3, [r7, #8]
10001d10:	2600      	movs	r6, #0
10001d12:	693c      	ldr	r4, [r7, #16]
10001d14:	69fd      	ldr	r5, [r7, #28]
10001d16:	e00a      	b.n	10001d2e <picostepper_move_to_positions+0x1fe>
10001d18:	6823      	ldr	r3, [r4, #0]
10001d1a:	4453      	add	r3, sl
10001d1c:	6023      	str	r3, [r4, #0]
10001d1e:	4643      	mov	r3, r8
10001d20:	2b00      	cmp	r3, #0
10001d22:	d120      	bne.n	10001d66 <picostepper_move_to_positions+0x236>
10001d24:	3601      	adds	r6, #1
10001d26:	3504      	adds	r5, #4
10001d28:	3404      	adds	r4, #4
10001d2a:	454e      	cmp	r6, r9
10001d2c:	d02a      	beq.n	10001d84 <picostepper_move_to_positions+0x254>
10001d2e:	6a7a      	ldr	r2, [r7, #36]	; 0x24
10001d30:	00b3      	lsls	r3, r6, #2
10001d32:	58d1      	ldr	r1, [r2, r3]
10001d34:	004b      	lsls	r3, r1, #1
10001d36:	469a      	mov	sl, r3
10001d38:	290f      	cmp	r1, #15
10001d3a:	d9ed      	bls.n	10001d18 <picostepper_move_to_positions+0x1e8>
10001d3c:	6828      	ldr	r0, [r5, #0]
10001d3e:	00c3      	lsls	r3, r0, #3
10001d40:	181b      	adds	r3, r3, r0
10001d42:	00db      	lsls	r3, r3, #3
10001d44:	445b      	add	r3, fp
10001d46:	795a      	ldrb	r2, [r3, #5]
10001d48:	2a00      	cmp	r2, #0
10001d4a:	d105      	bne.n	10001d58 <picostepper_move_to_positions+0x228>
10001d4c:	791b      	ldrb	r3, [r3, #4]
10001d4e:	2b00      	cmp	r3, #0
10001d50:	d002      	beq.n	10001d58 <picostepper_move_to_positions+0x228>
10001d52:	68ba      	ldr	r2, [r7, #8]
10001d54:	f7ff fbe0 	bl	10001518 <picostepper_move_async.part.0>
10001d58:	4652      	mov	r2, sl
10001d5a:	6823      	ldr	r3, [r4, #0]
10001d5c:	1a9b      	subs	r3, r3, r2
10001d5e:	6023      	str	r3, [r4, #0]
10001d60:	4643      	mov	r3, r8
10001d62:	2b00      	cmp	r3, #0
10001d64:	d0de      	beq.n	10001d24 <picostepper_move_to_positions+0x1f4>
10001d66:	4659      	mov	r1, fp
10001d68:	682a      	ldr	r2, [r5, #0]
10001d6a:	00d3      	lsls	r3, r2, #3
10001d6c:	189b      	adds	r3, r3, r2
10001d6e:	00db      	lsls	r3, r3, #3
10001d70:	18cb      	adds	r3, r1, r3
10001d72:	795b      	ldrb	r3, [r3, #5]
10001d74:	2b00      	cmp	r3, #0
10001d76:	d1f7      	bne.n	10001d68 <picostepper_move_to_positions+0x238>
10001d78:	3601      	adds	r6, #1
10001d7a:	468b      	mov	fp, r1
10001d7c:	3504      	adds	r5, #4
10001d7e:	3404      	adds	r4, #4
10001d80:	454e      	cmp	r6, r9
10001d82:	d1d4      	bne.n	10001d2e <picostepper_move_to_positions+0x1fe>
10001d84:	4643      	mov	r3, r8
10001d86:	2b00      	cmp	r3, #0
10001d88:	d044      	beq.n	10001e14 <picostepper_move_to_positions+0x2e4>
10001d8a:	69bb      	ldr	r3, [r7, #24]
10001d8c:	697a      	ldr	r2, [r7, #20]
10001d8e:	3301      	adds	r3, #1
10001d90:	61bb      	str	r3, [r7, #24]
10001d92:	429a      	cmp	r2, r3
10001d94:	d8bc      	bhi.n	10001d10 <picostepper_move_to_positions+0x1e0>
10001d96:	2005      	movs	r0, #5
10001d98:	2100      	movs	r1, #0
10001d9a:	465c      	mov	r4, fp
10001d9c:	f000 fdee 	bl	1000297c <sleep_us>
10001da0:	2300      	movs	r3, #0
10001da2:	69fd      	ldr	r5, [r7, #28]
10001da4:	2600      	movs	r6, #0
10001da6:	46aa      	mov	sl, r5
10001da8:	469b      	mov	fp, r3
10001daa:	e006      	b.n	10001dba <picostepper_move_to_positions+0x28a>
10001dac:	4643      	mov	r3, r8
10001dae:	2b00      	cmp	r3, #0
10001db0:	d11f      	bne.n	10001df2 <picostepper_move_to_positions+0x2c2>
10001db2:	3601      	adds	r6, #1
10001db4:	3504      	adds	r5, #4
10001db6:	454e      	cmp	r6, r9
10001db8:	d053      	beq.n	10001e62 <picostepper_move_to_positions+0x332>
10001dba:	682a      	ldr	r2, [r5, #0]
10001dbc:	00d3      	lsls	r3, r2, #3
10001dbe:	189b      	adds	r3, r3, r2
10001dc0:	465a      	mov	r2, fp
10001dc2:	00db      	lsls	r3, r3, #3
10001dc4:	18e3      	adds	r3, r4, r3
10001dc6:	611a      	str	r2, [r3, #16]
10001dc8:	693a      	ldr	r2, [r7, #16]
10001dca:	00b3      	lsls	r3, r6, #2
10001dcc:	58d1      	ldr	r1, [r2, r3]
10001dce:	2900      	cmp	r1, #0
10001dd0:	d0ec      	beq.n	10001dac <picostepper_move_to_positions+0x27c>
10001dd2:	6828      	ldr	r0, [r5, #0]
10001dd4:	00c3      	lsls	r3, r0, #3
10001dd6:	181b      	adds	r3, r3, r0
10001dd8:	00db      	lsls	r3, r3, #3
10001dda:	18e3      	adds	r3, r4, r3
10001ddc:	795a      	ldrb	r2, [r3, #5]
10001dde:	2a00      	cmp	r2, #0
10001de0:	d1e4      	bne.n	10001dac <picostepper_move_to_positions+0x27c>
10001de2:	791b      	ldrb	r3, [r3, #4]
10001de4:	2b00      	cmp	r3, #0
10001de6:	d0e1      	beq.n	10001dac <picostepper_move_to_positions+0x27c>
10001de8:	f7ff fb96 	bl	10001518 <picostepper_move_async.part.0>
10001dec:	4643      	mov	r3, r8
10001dee:	2b00      	cmp	r3, #0
10001df0:	d0df      	beq.n	10001db2 <picostepper_move_to_positions+0x282>
10001df2:	682a      	ldr	r2, [r5, #0]
10001df4:	00d3      	lsls	r3, r2, #3
10001df6:	189b      	adds	r3, r3, r2
10001df8:	00db      	lsls	r3, r3, #3
10001dfa:	18e3      	adds	r3, r4, r3
10001dfc:	795b      	ldrb	r3, [r3, #5]
10001dfe:	2b00      	cmp	r3, #0
10001e00:	d0d7      	beq.n	10001db2 <picostepper_move_to_positions+0x282>
10001e02:	682a      	ldr	r2, [r5, #0]
10001e04:	00d3      	lsls	r3, r2, #3
10001e06:	189b      	adds	r3, r3, r2
10001e08:	00db      	lsls	r3, r3, #3
10001e0a:	18e3      	adds	r3, r4, r3
10001e0c:	795b      	ldrb	r3, [r3, #5]
10001e0e:	2b00      	cmp	r3, #0
10001e10:	d1ef      	bne.n	10001df2 <picostepper_move_to_positions+0x2c2>
10001e12:	e7ce      	b.n	10001db2 <picostepper_move_to_positions+0x282>
10001e14:	4658      	mov	r0, fp
10001e16:	69f9      	ldr	r1, [r7, #28]
10001e18:	680a      	ldr	r2, [r1, #0]
10001e1a:	00d3      	lsls	r3, r2, #3
10001e1c:	189b      	adds	r3, r3, r2
10001e1e:	00db      	lsls	r3, r3, #3
10001e20:	18c3      	adds	r3, r0, r3
10001e22:	795b      	ldrb	r3, [r3, #5]
10001e24:	2b00      	cmp	r3, #0
10001e26:	d1f7      	bne.n	10001e18 <picostepper_move_to_positions+0x2e8>
10001e28:	6a3b      	ldr	r3, [r7, #32]
10001e2a:	3104      	adds	r1, #4
10001e2c:	428b      	cmp	r3, r1
10001e2e:	d1f3      	bne.n	10001e18 <picostepper_move_to_positions+0x2e8>
10001e30:	4683      	mov	fp, r0
10001e32:	e7aa      	b.n	10001d8a <picostepper_move_to_positions+0x25a>
10001e34:	4643      	mov	r3, r8
10001e36:	2b00      	cmp	r3, #0
10001e38:	d100      	bne.n	10001e3c <picostepper_move_to_positions+0x30c>
10001e3a:	e071      	b.n	10001f20 <picostepper_move_to_positions+0x3f0>
10001e3c:	2301      	movs	r3, #1
10001e3e:	469c      	mov	ip, r3
10001e40:	697b      	ldr	r3, [r7, #20]
10001e42:	44e1      	add	r9, ip
10001e44:	4599      	cmp	r9, r3
10001e46:	d136      	bne.n	10001eb6 <picostepper_move_to_positions+0x386>
10001e48:	2005      	movs	r0, #5
10001e4a:	2100      	movs	r1, #0
10001e4c:	f000 fd96 	bl	1000297c <sleep_us>
10001e50:	2001      	movs	r0, #1
10001e52:	46bd      	mov	sp, r7
10001e54:	b00b      	add	sp, #44	; 0x2c
10001e56:	bcf0      	pop	{r4, r5, r6, r7}
10001e58:	46bb      	mov	fp, r7
10001e5a:	46b2      	mov	sl, r6
10001e5c:	46a9      	mov	r9, r5
10001e5e:	46a0      	mov	r8, r4
10001e60:	bdf0      	pop	{r4, r5, r6, r7, pc}
10001e62:	4643      	mov	r3, r8
10001e64:	2b00      	cmp	r3, #0
10001e66:	d10c      	bne.n	10001e82 <picostepper_move_to_positions+0x352>
10001e68:	69fa      	ldr	r2, [r7, #28]
10001e6a:	6811      	ldr	r1, [r2, #0]
10001e6c:	00cb      	lsls	r3, r1, #3
10001e6e:	185b      	adds	r3, r3, r1
10001e70:	00db      	lsls	r3, r3, #3
10001e72:	18e3      	adds	r3, r4, r3
10001e74:	795b      	ldrb	r3, [r3, #5]
10001e76:	2b00      	cmp	r3, #0
10001e78:	d1f7      	bne.n	10001e6a <picostepper_move_to_positions+0x33a>
10001e7a:	6a3b      	ldr	r3, [r7, #32]
10001e7c:	3204      	adds	r2, #4
10001e7e:	4293      	cmp	r3, r2
10001e80:	d1f3      	bne.n	10001e6a <picostepper_move_to_positions+0x33a>
10001e82:	2100      	movs	r1, #0
10001e84:	2005      	movs	r0, #5
10001e86:	f000 fd79 	bl	1000297c <sleep_us>
10001e8a:	2201      	movs	r2, #1
10001e8c:	4651      	mov	r1, sl
10001e8e:	6a3d      	ldr	r5, [r7, #32]
10001e90:	4252      	negs	r2, r2
10001e92:	c901      	ldmia	r1!, {r0}
10001e94:	00c3      	lsls	r3, r0, #3
10001e96:	181b      	adds	r3, r3, r0
10001e98:	00db      	lsls	r3, r3, #3
10001e9a:	18e3      	adds	r3, r4, r3
10001e9c:	611a      	str	r2, [r3, #16]
10001e9e:	428d      	cmp	r5, r1
10001ea0:	d1f7      	bne.n	10001e92 <picostepper_move_to_positions+0x362>
10001ea2:	2300      	movs	r3, #0
10001ea4:	469a      	mov	sl, r3
10001ea6:	697b      	ldr	r3, [r7, #20]
10001ea8:	2b00      	cmp	r3, #0
10001eaa:	d0cd      	beq.n	10001e48 <picostepper_move_to_positions+0x318>
10001eac:	4b04      	ldr	r3, [pc, #16]	; (10001ec0 <picostepper_move_to_positions+0x390>)
10001eae:	469b      	mov	fp, r3
10001eb0:	464b      	mov	r3, r9
10001eb2:	46d1      	mov	r9, sl
10001eb4:	469a      	mov	sl, r3
10001eb6:	2600      	movs	r6, #0
10001eb8:	69fd      	ldr	r5, [r7, #28]
10001eba:	e00a      	b.n	10001ed2 <picostepper_move_to_positions+0x3a2>
10001ebc:	20001ba4 	.word	0x20001ba4
10001ec0:	10001315 	.word	0x10001315
10001ec4:	4643      	mov	r3, r8
10001ec6:	2b00      	cmp	r3, #0
10001ec8:	d119      	bne.n	10001efe <picostepper_move_to_positions+0x3ce>
10001eca:	3601      	adds	r6, #1
10001ecc:	3504      	adds	r5, #4
10001ece:	4556      	cmp	r6, sl
10001ed0:	d0b0      	beq.n	10001e34 <picostepper_move_to_positions+0x304>
10001ed2:	6a7a      	ldr	r2, [r7, #36]	; 0x24
10001ed4:	00b3      	lsls	r3, r6, #2
10001ed6:	58d1      	ldr	r1, [r2, r3]
10001ed8:	290f      	cmp	r1, #15
10001eda:	d9f3      	bls.n	10001ec4 <picostepper_move_to_positions+0x394>
10001edc:	6828      	ldr	r0, [r5, #0]
10001ede:	00c3      	lsls	r3, r0, #3
10001ee0:	181b      	adds	r3, r3, r0
10001ee2:	00db      	lsls	r3, r3, #3
10001ee4:	18e3      	adds	r3, r4, r3
10001ee6:	795a      	ldrb	r2, [r3, #5]
10001ee8:	2a00      	cmp	r2, #0
10001eea:	d1eb      	bne.n	10001ec4 <picostepper_move_to_positions+0x394>
10001eec:	791b      	ldrb	r3, [r3, #4]
10001eee:	2b00      	cmp	r3, #0
10001ef0:	d0e8      	beq.n	10001ec4 <picostepper_move_to_positions+0x394>
10001ef2:	465a      	mov	r2, fp
10001ef4:	f7ff fb10 	bl	10001518 <picostepper_move_async.part.0>
10001ef8:	4643      	mov	r3, r8
10001efa:	2b00      	cmp	r3, #0
10001efc:	d0e5      	beq.n	10001eca <picostepper_move_to_positions+0x39a>
10001efe:	682a      	ldr	r2, [r5, #0]
10001f00:	00d3      	lsls	r3, r2, #3
10001f02:	189b      	adds	r3, r3, r2
10001f04:	00db      	lsls	r3, r3, #3
10001f06:	18e3      	adds	r3, r4, r3
10001f08:	795b      	ldrb	r3, [r3, #5]
10001f0a:	2b00      	cmp	r3, #0
10001f0c:	d0dd      	beq.n	10001eca <picostepper_move_to_positions+0x39a>
10001f0e:	682a      	ldr	r2, [r5, #0]
10001f10:	00d3      	lsls	r3, r2, #3
10001f12:	189b      	adds	r3, r3, r2
10001f14:	00db      	lsls	r3, r3, #3
10001f16:	18e3      	adds	r3, r4, r3
10001f18:	795b      	ldrb	r3, [r3, #5]
10001f1a:	2b00      	cmp	r3, #0
10001f1c:	d1ef      	bne.n	10001efe <picostepper_move_to_positions+0x3ce>
10001f1e:	e7d4      	b.n	10001eca <picostepper_move_to_positions+0x39a>
10001f20:	69f9      	ldr	r1, [r7, #28]
10001f22:	680a      	ldr	r2, [r1, #0]
10001f24:	00d3      	lsls	r3, r2, #3
10001f26:	189b      	adds	r3, r3, r2
10001f28:	00db      	lsls	r3, r3, #3
10001f2a:	18e3      	adds	r3, r4, r3
10001f2c:	795b      	ldrb	r3, [r3, #5]
10001f2e:	2b00      	cmp	r3, #0
10001f30:	d1f7      	bne.n	10001f22 <picostepper_move_to_positions+0x3f2>
10001f32:	6a3b      	ldr	r3, [r7, #32]
10001f34:	3104      	adds	r1, #4
10001f36:	4299      	cmp	r1, r3
10001f38:	d1f3      	bne.n	10001f22 <picostepper_move_to_positions+0x3f2>
10001f3a:	e77f      	b.n	10001e3c <picostepper_move_to_positions+0x30c>
10001f3c:	684a      	ldr	r2, [r1, #4]
10001f3e:	00d3      	lsls	r3, r2, #3
10001f40:	189b      	adds	r3, r3, r2
10001f42:	00db      	lsls	r3, r3, #3
10001f44:	18e3      	adds	r3, r4, r3
10001f46:	695b      	ldr	r3, [r3, #20]
10001f48:	607b      	str	r3, [r7, #4]
10001f4a:	2b00      	cmp	r3, #0
10001f4c:	d100      	bne.n	10001f50 <picostepper_move_to_positions+0x420>
10001f4e:	e6a7      	b.n	10001ca0 <picostepper_move_to_positions+0x170>
10001f50:	0843      	lsrs	r3, r0, #1
10001f52:	617b      	str	r3, [r7, #20]
10001f54:	6078      	str	r0, [r7, #4]
10001f56:	e6a3      	b.n	10001ca0 <picostepper_move_to_positions+0x170>
10001f58:	2600      	movs	r6, #0
10001f5a:	001c      	movs	r4, r3
10001f5c:	6828      	ldr	r0, [r5, #0]
10001f5e:	0021      	movs	r1, r4
10001f60:	f003 fa1c 	bl	1000539c <__wrap___aeabi_uidiv>
10001f64:	3601      	adds	r6, #1
10001f66:	c501      	stmia	r5!, {r0}
10001f68:	454e      	cmp	r6, r9
10001f6a:	d1f7      	bne.n	10001f5c <picostepper_move_to_positions+0x42c>
10001f6c:	4654      	mov	r4, sl
10001f6e:	e6c6      	b.n	10001cfe <picostepper_move_to_positions+0x1ce>
10001f70:	2200      	movs	r2, #0
10001f72:	60ba      	str	r2, [r7, #8]
10001f74:	69fa      	ldr	r2, [r7, #28]
10001f76:	2000      	movs	r0, #0
10001f78:	4694      	mov	ip, r2
10001f7a:	4463      	add	r3, ip
10001f7c:	623b      	str	r3, [r7, #32]
10001f7e:	e682      	b.n	10001c86 <picostepper_move_to_positions+0x156>
10001f80:	2005      	movs	r0, #5
10001f82:	2100      	movs	r1, #0
10001f84:	f000 fcfa 	bl	1000297c <sleep_us>
10001f88:	2300      	movs	r3, #0
10001f8a:	617b      	str	r3, [r7, #20]
10001f8c:	e708      	b.n	10001da0 <picostepper_move_to_positions+0x270>
10001f8e:	46c0      	nop			; (mov r8, r8)

10001f90 <gpio_irq_handler>:
10001f90:	23d0      	movs	r3, #208	; 0xd0
10001f92:	061b      	lsls	r3, r3, #24
10001f94:	b5f0      	push	{r4, r5, r6, r7, lr}
10001f96:	681e      	ldr	r6, [r3, #0]
10001f98:	46c6      	mov	lr, r8
10001f9a:	4273      	negs	r3, r6
10001f9c:	415e      	adcs	r6, r3
10001f9e:	232f      	movs	r3, #47	; 0x2f
10001fa0:	4276      	negs	r6, r6
10001fa2:	439e      	bics	r6, r3
10001fa4:	4b16      	ldr	r3, [pc, #88]	; (10002000 <gpio_irq_handler+0x70>)
10001fa6:	2400      	movs	r4, #0
10001fa8:	469c      	mov	ip, r3
10001faa:	4b16      	ldr	r3, [pc, #88]	; (10002004 <gpio_irq_handler+0x74>)
10001fac:	2707      	movs	r7, #7
10001fae:	250f      	movs	r5, #15
10001fb0:	4698      	mov	r8, r3
10001fb2:	b500      	push	{lr}
10001fb4:	4466      	add	r6, ip
10001fb6:	08e0      	lsrs	r0, r4, #3
10001fb8:	0003      	movs	r3, r0
10001fba:	003a      	movs	r2, r7
10001fbc:	3308      	adds	r3, #8
10001fbe:	009b      	lsls	r3, r3, #2
10001fc0:	599b      	ldr	r3, [r3, r6]
10001fc2:	4022      	ands	r2, r4
10001fc4:	0092      	lsls	r2, r2, #2
10001fc6:	40d3      	lsrs	r3, r2
10001fc8:	0029      	movs	r1, r5
10001fca:	4019      	ands	r1, r3
10001fcc:	421d      	tst	r5, r3
10001fce:	d010      	beq.n	10001ff2 <gpio_irq_handler+0x62>
10001fd0:	000b      	movs	r3, r1
10001fd2:	4093      	lsls	r3, r2
10001fd4:	001a      	movs	r2, r3
10001fd6:	303c      	adds	r0, #60	; 0x3c
10001fd8:	4b0b      	ldr	r3, [pc, #44]	; (10002008 <gpio_irq_handler+0x78>)
10001fda:	0080      	lsls	r0, r0, #2
10001fdc:	50c2      	str	r2, [r0, r3]
10001fde:	23d0      	movs	r3, #208	; 0xd0
10001fe0:	4642      	mov	r2, r8
10001fe2:	061b      	lsls	r3, r3, #24
10001fe4:	681b      	ldr	r3, [r3, #0]
10001fe6:	009b      	lsls	r3, r3, #2
10001fe8:	589b      	ldr	r3, [r3, r2]
10001fea:	2b00      	cmp	r3, #0
10001fec:	d001      	beq.n	10001ff2 <gpio_irq_handler+0x62>
10001fee:	0020      	movs	r0, r4
10001ff0:	4798      	blx	r3
10001ff2:	3401      	adds	r4, #1
10001ff4:	2c1e      	cmp	r4, #30
10001ff6:	d1de      	bne.n	10001fb6 <gpio_irq_handler+0x26>
10001ff8:	bc80      	pop	{r7}
10001ffa:	46b8      	mov	r8, r7
10001ffc:	bdf0      	pop	{r4, r5, r6, r7, pc}
10001ffe:	46c0      	nop			; (mov r8, r8)
10002000:	40014130 	.word	0x40014130
10002004:	20001008 	.word	0x20001008
10002008:	40014000 	.word	0x40014000

1000200c <gpio_set_function>:
1000200c:	4a09      	ldr	r2, [pc, #36]	; (10002034 <gpio_set_function+0x28>)
1000200e:	b510      	push	{r4, lr}
10002010:	4694      	mov	ip, r2
10002012:	2440      	movs	r4, #64	; 0x40
10002014:	0083      	lsls	r3, r0, #2
10002016:	4463      	add	r3, ip
10002018:	681a      	ldr	r2, [r3, #0]
1000201a:	00c0      	lsls	r0, r0, #3
1000201c:	4062      	eors	r2, r4
1000201e:	3480      	adds	r4, #128	; 0x80
10002020:	4014      	ands	r4, r2
10002022:	2280      	movs	r2, #128	; 0x80
10002024:	0152      	lsls	r2, r2, #5
10002026:	4313      	orrs	r3, r2
10002028:	601c      	str	r4, [r3, #0]
1000202a:	4b03      	ldr	r3, [pc, #12]	; (10002038 <gpio_set_function+0x2c>)
1000202c:	469c      	mov	ip, r3
1000202e:	4460      	add	r0, ip
10002030:	6041      	str	r1, [r0, #4]
10002032:	bd10      	pop	{r4, pc}
10002034:	4001c004 	.word	0x4001c004
10002038:	40014000 	.word	0x40014000

1000203c <gpio_set_pulls>:
1000203c:	4b07      	ldr	r3, [pc, #28]	; (1000205c <gpio_set_pulls+0x20>)
1000203e:	0080      	lsls	r0, r0, #2
10002040:	469c      	mov	ip, r3
10002042:	4460      	add	r0, ip
10002044:	6803      	ldr	r3, [r0, #0]
10002046:	00c9      	lsls	r1, r1, #3
10002048:	0092      	lsls	r2, r2, #2
1000204a:	430a      	orrs	r2, r1
1000204c:	405a      	eors	r2, r3
1000204e:	230c      	movs	r3, #12
10002050:	401a      	ands	r2, r3
10002052:	2380      	movs	r3, #128	; 0x80
10002054:	015b      	lsls	r3, r3, #5
10002056:	4303      	orrs	r3, r0
10002058:	601a      	str	r2, [r3, #0]
1000205a:	4770      	bx	lr
1000205c:	4001c004 	.word	0x4001c004

10002060 <gpio_set_irq_enabled_with_callback>:
10002060:	b570      	push	{r4, r5, r6, lr}
10002062:	0006      	movs	r6, r0
10002064:	20d0      	movs	r0, #208	; 0xd0
10002066:	0600      	lsls	r0, r0, #24
10002068:	6804      	ldr	r4, [r0, #0]
1000206a:	08f5      	lsrs	r5, r6, #3
1000206c:	4260      	negs	r0, r4
1000206e:	4144      	adcs	r4, r0
10002070:	202f      	movs	r0, #47	; 0x2f
10002072:	4264      	negs	r4, r4
10002074:	4384      	bics	r4, r0
10002076:	4814      	ldr	r0, [pc, #80]	; (100020c8 <gpio_set_irq_enabled_with_callback+0x68>)
10002078:	4684      	mov	ip, r0
1000207a:	2007      	movs	r0, #7
1000207c:	4030      	ands	r0, r6
1000207e:	0080      	lsls	r0, r0, #2
10002080:	4081      	lsls	r1, r0
10002082:	0028      	movs	r0, r5
10002084:	4e11      	ldr	r6, [pc, #68]	; (100020cc <gpio_set_irq_enabled_with_callback+0x6c>)
10002086:	303c      	adds	r0, #60	; 0x3c
10002088:	4464      	add	r4, ip
1000208a:	0080      	lsls	r0, r0, #2
1000208c:	00ad      	lsls	r5, r5, #2
1000208e:	5181      	str	r1, [r0, r6]
10002090:	1964      	adds	r4, r4, r5
10002092:	2a00      	cmp	r2, #0
10002094:	d012      	beq.n	100020bc <gpio_set_irq_enabled_with_callback+0x5c>
10002096:	2280      	movs	r2, #128	; 0x80
10002098:	0192      	lsls	r2, r2, #6
1000209a:	4322      	orrs	r2, r4
1000209c:	6011      	str	r1, [r2, #0]
1000209e:	21d0      	movs	r1, #208	; 0xd0
100020a0:	0609      	lsls	r1, r1, #24
100020a2:	6809      	ldr	r1, [r1, #0]
100020a4:	4a0a      	ldr	r2, [pc, #40]	; (100020d0 <gpio_set_irq_enabled_with_callback+0x70>)
100020a6:	0089      	lsls	r1, r1, #2
100020a8:	508b      	str	r3, [r1, r2]
100020aa:	200d      	movs	r0, #13
100020ac:	4909      	ldr	r1, [pc, #36]	; (100020d4 <gpio_set_irq_enabled_with_callback+0x74>)
100020ae:	f001 fbe9 	bl	10003884 <irq_set_exclusive_handler>
100020b2:	2101      	movs	r1, #1
100020b4:	200d      	movs	r0, #13
100020b6:	f001 fbc3 	bl	10003840 <irq_set_enabled>
100020ba:	bd70      	pop	{r4, r5, r6, pc}
100020bc:	22c0      	movs	r2, #192	; 0xc0
100020be:	0192      	lsls	r2, r2, #6
100020c0:	4322      	orrs	r2, r4
100020c2:	6011      	str	r1, [r2, #0]
100020c4:	e7eb      	b.n	1000209e <gpio_set_irq_enabled_with_callback+0x3e>
100020c6:	46c0      	nop			; (mov r8, r8)
100020c8:	40014130 	.word	0x40014130
100020cc:	40014000 	.word	0x40014000
100020d0:	20001008 	.word	0x20001008
100020d4:	10001f91 	.word	0x10001f91

100020d8 <gpio_init>:
100020d8:	2301      	movs	r3, #1
100020da:	22d0      	movs	r2, #208	; 0xd0
100020dc:	4083      	lsls	r3, r0
100020de:	0612      	lsls	r2, r2, #24
100020e0:	6293      	str	r3, [r2, #40]	; 0x28
100020e2:	6193      	str	r3, [r2, #24]
100020e4:	4a09      	ldr	r2, [pc, #36]	; (1000210c <gpio_init+0x34>)
100020e6:	2140      	movs	r1, #64	; 0x40
100020e8:	4694      	mov	ip, r2
100020ea:	0083      	lsls	r3, r0, #2
100020ec:	4463      	add	r3, ip
100020ee:	681a      	ldr	r2, [r3, #0]
100020f0:	00c0      	lsls	r0, r0, #3
100020f2:	404a      	eors	r2, r1
100020f4:	3180      	adds	r1, #128	; 0x80
100020f6:	4011      	ands	r1, r2
100020f8:	2280      	movs	r2, #128	; 0x80
100020fa:	0152      	lsls	r2, r2, #5
100020fc:	4313      	orrs	r3, r2
100020fe:	6019      	str	r1, [r3, #0]
10002100:	4b03      	ldr	r3, [pc, #12]	; (10002110 <gpio_init+0x38>)
10002102:	469c      	mov	ip, r3
10002104:	2305      	movs	r3, #5
10002106:	4460      	add	r0, ip
10002108:	6043      	str	r3, [r0, #4]
1000210a:	4770      	bx	lr
1000210c:	4001c004 	.word	0x4001c004
10002110:	40014000 	.word	0x40014000

10002114 <hw_claim_lock>:
10002114:	f3ef 8010 	mrs	r0, PRIMASK
10002118:	b672      	cpsid	i
1000211a:	4a03      	ldr	r2, [pc, #12]	; (10002128 <hw_claim_lock+0x14>)
1000211c:	6813      	ldr	r3, [r2, #0]
1000211e:	2b00      	cmp	r3, #0
10002120:	d0fc      	beq.n	1000211c <hw_claim_lock+0x8>
10002122:	f3bf 8f5f 	dmb	sy
10002126:	4770      	bx	lr
10002128:	d000012c 	.word	0xd000012c

1000212c <hw_claim_unlock>:
1000212c:	f3bf 8f5f 	dmb	sy
10002130:	2200      	movs	r2, #0
10002132:	4b02      	ldr	r3, [pc, #8]	; (1000213c <hw_claim_unlock+0x10>)
10002134:	601a      	str	r2, [r3, #0]
10002136:	f380 8810 	msr	PRIMASK, r0
1000213a:	4770      	bx	lr
1000213c:	d000012c 	.word	0xd000012c

10002140 <hw_claim_or_assert>:
10002140:	b5f8      	push	{r3, r4, r5, r6, r7, lr}
10002142:	46ce      	mov	lr, r9
10002144:	4647      	mov	r7, r8
10002146:	4691      	mov	r9, r2
10002148:	b580      	push	{r7, lr}
1000214a:	f3ef 8c10 	mrs	ip, PRIMASK
1000214e:	b672      	cpsid	i
10002150:	4d10      	ldr	r5, [pc, #64]	; (10002194 <hw_claim_or_assert+0x54>)
10002152:	682b      	ldr	r3, [r5, #0]
10002154:	2b00      	cmp	r3, #0
10002156:	d0fc      	beq.n	10002152 <hw_claim_or_assert+0x12>
10002158:	f3bf 8f5f 	dmb	sy
1000215c:	08cb      	lsrs	r3, r1, #3
1000215e:	5cc4      	ldrb	r4, [r0, r3]
10002160:	18c7      	adds	r7, r0, r3
10002162:	2007      	movs	r0, #7
10002164:	0026      	movs	r6, r4
10002166:	2301      	movs	r3, #1
10002168:	4008      	ands	r0, r1
1000216a:	40c6      	lsrs	r6, r0
1000216c:	001a      	movs	r2, r3
1000216e:	4032      	ands	r2, r6
10002170:	4233      	tst	r3, r6
10002172:	d10b      	bne.n	1000218c <hw_claim_or_assert+0x4c>
10002174:	4083      	lsls	r3, r0
10002176:	431c      	orrs	r4, r3
10002178:	703c      	strb	r4, [r7, #0]
1000217a:	f3bf 8f5f 	dmb	sy
1000217e:	602a      	str	r2, [r5, #0]
10002180:	f38c 8810 	msr	PRIMASK, ip
10002184:	bcc0      	pop	{r6, r7}
10002186:	46b9      	mov	r9, r7
10002188:	46b0      	mov	r8, r6
1000218a:	bdf8      	pop	{r3, r4, r5, r6, r7, pc}
1000218c:	4648      	mov	r0, r9
1000218e:	f001 f8e7 	bl	10003360 <panic>
10002192:	46c0      	nop			; (mov r8, r8)
10002194:	d000012c 	.word	0xd000012c

10002198 <hw_claim_unused_from_range>:
10002198:	b5f8      	push	{r3, r4, r5, r6, r7, lr}
1000219a:	46ce      	mov	lr, r9
1000219c:	4647      	mov	r7, r8
1000219e:	468c      	mov	ip, r1
100021a0:	b580      	push	{r7, lr}
100021a2:	f3ef 8810 	mrs	r8, PRIMASK
100021a6:	b672      	cpsid	i
100021a8:	4d21      	ldr	r5, [pc, #132]	; (10002230 <hw_claim_unused_from_range+0x98>)
100021aa:	682c      	ldr	r4, [r5, #0]
100021ac:	2c00      	cmp	r4, #0
100021ae:	d0fc      	beq.n	100021aa <hw_claim_unused_from_range+0x12>
100021b0:	f3bf 8f5f 	dmb	sy
100021b4:	429a      	cmp	r2, r3
100021b6:	d82d      	bhi.n	10002214 <hw_claim_unused_from_range+0x7c>
100021b8:	08d4      	lsrs	r4, r2, #3
100021ba:	5d05      	ldrb	r5, [r0, r4]
100021bc:	1907      	adds	r7, r0, r4
100021be:	2407      	movs	r4, #7
100021c0:	002e      	movs	r6, r5
100021c2:	4014      	ands	r4, r2
100021c4:	40e6      	lsrs	r6, r4
100021c6:	07f6      	lsls	r6, r6, #31
100021c8:	d51e      	bpl.n	10002208 <hw_claim_unused_from_range+0x70>
100021ca:	2107      	movs	r1, #7
100021cc:	4689      	mov	r9, r1
100021ce:	3906      	subs	r1, #6
100021d0:	e008      	b.n	100021e4 <hw_claim_unused_from_range+0x4c>
100021d2:	08d4      	lsrs	r4, r2, #3
100021d4:	5d05      	ldrb	r5, [r0, r4]
100021d6:	1907      	adds	r7, r0, r4
100021d8:	464c      	mov	r4, r9
100021da:	002e      	movs	r6, r5
100021dc:	4014      	ands	r4, r2
100021de:	40e6      	lsrs	r6, r4
100021e0:	4231      	tst	r1, r6
100021e2:	d011      	beq.n	10002208 <hw_claim_unused_from_range+0x70>
100021e4:	3201      	adds	r2, #1
100021e6:	4293      	cmp	r3, r2
100021e8:	d2f3      	bcs.n	100021d2 <hw_claim_unused_from_range+0x3a>
100021ea:	2001      	movs	r0, #1
100021ec:	4240      	negs	r0, r0
100021ee:	f3bf 8f5f 	dmb	sy
100021f2:	2200      	movs	r2, #0
100021f4:	4b0e      	ldr	r3, [pc, #56]	; (10002230 <hw_claim_unused_from_range+0x98>)
100021f6:	601a      	str	r2, [r3, #0]
100021f8:	f388 8810 	msr	PRIMASK, r8
100021fc:	2800      	cmp	r0, #0
100021fe:	db11      	blt.n	10002224 <hw_claim_unused_from_range+0x8c>
10002200:	bcc0      	pop	{r6, r7}
10002202:	46b9      	mov	r9, r7
10002204:	46b0      	mov	r8, r6
10002206:	bdf8      	pop	{r3, r4, r5, r6, r7, pc}
10002208:	2301      	movs	r3, #1
1000220a:	40a3      	lsls	r3, r4
1000220c:	431d      	orrs	r5, r3
1000220e:	0010      	movs	r0, r2
10002210:	703d      	strb	r5, [r7, #0]
10002212:	e7ec      	b.n	100021ee <hw_claim_unused_from_range+0x56>
10002214:	f3bf 8f5f 	dmb	sy
10002218:	2300      	movs	r3, #0
1000221a:	602b      	str	r3, [r5, #0]
1000221c:	f388 8810 	msr	PRIMASK, r8
10002220:	2001      	movs	r0, #1
10002222:	4240      	negs	r0, r0
10002224:	4663      	mov	r3, ip
10002226:	2b00      	cmp	r3, #0
10002228:	d0ea      	beq.n	10002200 <hw_claim_unused_from_range+0x68>
1000222a:	9808      	ldr	r0, [sp, #32]
1000222c:	f001 f898 	bl	10003360 <panic>
10002230:	d000012c 	.word	0xd000012c

10002234 <spin_locks_reset>:
10002234:	2100      	movs	r1, #0
10002236:	4b04      	ldr	r3, [pc, #16]	; (10002248 <spin_locks_reset+0x14>)
10002238:	4a04      	ldr	r2, [pc, #16]	; (1000224c <spin_locks_reset+0x18>)
1000223a:	f3bf 8f5f 	dmb	sy
1000223e:	c302      	stmia	r3!, {r1}
10002240:	4293      	cmp	r3, r2
10002242:	d1fa      	bne.n	1000223a <spin_locks_reset+0x6>
10002244:	4770      	bx	lr
10002246:	46c0      	nop			; (mov r8, r8)
10002248:	d0000100 	.word	0xd0000100
1000224c:	d0000180 	.word	0xd0000180

10002250 <next_striped_spin_lock_num>:
10002250:	4a04      	ldr	r2, [pc, #16]	; (10002264 <next_striped_spin_lock_num+0x14>)
10002252:	7810      	ldrb	r0, [r2, #0]
10002254:	1c43      	adds	r3, r0, #1
10002256:	b2db      	uxtb	r3, r3
10002258:	2b17      	cmp	r3, #23
1000225a:	d900      	bls.n	1000225e <next_striped_spin_lock_num+0xe>
1000225c:	2310      	movs	r3, #16
1000225e:	7013      	strb	r3, [r2, #0]
10002260:	4770      	bx	lr
10002262:	46c0      	nop			; (mov r8, r8)
10002264:	20000238 	.word	0x20000238

10002268 <spin_lock_claim_unused>:
10002268:	b510      	push	{r4, lr}
1000226a:	4b06      	ldr	r3, [pc, #24]	; (10002284 <spin_lock_claim_unused+0x1c>)
1000226c:	4c06      	ldr	r4, [pc, #24]	; (10002288 <spin_lock_claim_unused+0x20>)
1000226e:	b082      	sub	sp, #8
10002270:	0001      	movs	r1, r0
10002272:	9300      	str	r3, [sp, #0]
10002274:	2218      	movs	r2, #24
10002276:	231f      	movs	r3, #31
10002278:	0020      	movs	r0, r4
1000227a:	f7ff ff8d 	bl	10002198 <hw_claim_unused_from_range>
1000227e:	b002      	add	sp, #8
10002280:	bd10      	pop	{r4, pc}
10002282:	46c0      	nop			; (mov r8, r8)
10002284:	100097b8 	.word	0x100097b8
10002288:	2000145c 	.word	0x2000145c

1000228c <running_on_fpga>:
1000228c:	4b02      	ldr	r3, [pc, #8]	; (10002298 <running_on_fpga+0xc>)
1000228e:	6818      	ldr	r0, [r3, #0]
10002290:	0780      	lsls	r0, r0, #30
10002292:	0fc0      	lsrs	r0, r0, #31
10002294:	4770      	bx	lr
10002296:	46c0      	nop			; (mov r8, r8)
10002298:	4006c000 	.word	0x4006c000

1000229c <uart_init>:
1000229c:	b5f8      	push	{r3, r4, r5, r6, r7, lr}
1000229e:	0004      	movs	r4, r0
100022a0:	2006      	movs	r0, #6
100022a2:	000d      	movs	r5, r1
100022a4:	f001 f9e6 	bl	10003674 <clock_get_hz>
100022a8:	2800      	cmp	r0, #0
100022aa:	d044      	beq.n	10002336 <uart_init+0x9a>
100022ac:	4b2a      	ldr	r3, [pc, #168]	; (10002358 <uart_init+0xbc>)
100022ae:	492b      	ldr	r1, [pc, #172]	; (1000235c <uart_init+0xc0>)
100022b0:	18e2      	adds	r2, r4, r3
100022b2:	4253      	negs	r3, r2
100022b4:	415a      	adcs	r2, r3
100022b6:	2380      	movs	r3, #128	; 0x80
100022b8:	03db      	lsls	r3, r3, #15
100022ba:	469c      	mov	ip, r3
100022bc:	0592      	lsls	r2, r2, #22
100022be:	4b28      	ldr	r3, [pc, #160]	; (10002360 <uart_init+0xc4>)
100022c0:	4462      	add	r2, ip
100022c2:	601a      	str	r2, [r3, #0]
100022c4:	4b27      	ldr	r3, [pc, #156]	; (10002364 <uart_init+0xc8>)
100022c6:	601a      	str	r2, [r3, #0]
100022c8:	0010      	movs	r0, r2
100022ca:	688b      	ldr	r3, [r1, #8]
100022cc:	4398      	bics	r0, r3
100022ce:	d1fb      	bne.n	100022c8 <uart_init+0x2c>
100022d0:	4b21      	ldr	r3, [pc, #132]	; (10002358 <uart_init+0xbc>)
100022d2:	4a25      	ldr	r2, [pc, #148]	; (10002368 <uart_init+0xcc>)
100022d4:	18e3      	adds	r3, r4, r3
100022d6:	4259      	negs	r1, r3
100022d8:	414b      	adcs	r3, r1
100022da:	2180      	movs	r1, #128	; 0x80
100022dc:	005b      	lsls	r3, r3, #1
100022de:	0049      	lsls	r1, r1, #1
100022e0:	2006      	movs	r0, #6
100022e2:	5299      	strh	r1, [r3, r2]
100022e4:	f001 f9c6 	bl	10003674 <clock_get_hz>
100022e8:	0029      	movs	r1, r5
100022ea:	00c0      	lsls	r0, r0, #3
100022ec:	f003 f856 	bl	1000539c <__wrap___aeabi_uidiv>
100022f0:	09c3      	lsrs	r3, r0, #7
100022f2:	d121      	bne.n	10002338 <uart_init+0x9c>
100022f4:	2740      	movs	r7, #64	; 0x40
100022f6:	2101      	movs	r1, #1
100022f8:	0026      	movs	r6, r4
100022fa:	2580      	movs	r5, #128	; 0x80
100022fc:	6261      	str	r1, [r4, #36]	; 0x24
100022fe:	62a3      	str	r3, [r4, #40]	; 0x28
10002300:	2300      	movs	r3, #0
10002302:	362c      	adds	r6, #44	; 0x2c
10002304:	01ad      	lsls	r5, r5, #6
10002306:	4335      	orrs	r5, r6
10002308:	602b      	str	r3, [r5, #0]
1000230a:	2006      	movs	r0, #6
1000230c:	f001 f9b2 	bl	10003674 <clock_get_hz>
10002310:	0039      	movs	r1, r7
10002312:	0080      	lsls	r0, r0, #2
10002314:	f003 f842 	bl	1000539c <__wrap___aeabi_uidiv>
10002318:	2260      	movs	r2, #96	; 0x60
1000231a:	6ae3      	ldr	r3, [r4, #44]	; 0x2c
1000231c:	4053      	eors	r3, r2
1000231e:	320e      	adds	r2, #14
10002320:	401a      	ands	r2, r3
10002322:	2380      	movs	r3, #128	; 0x80
10002324:	015b      	lsls	r3, r3, #5
10002326:	4333      	orrs	r3, r6
10002328:	601a      	str	r2, [r3, #0]
1000232a:	4b10      	ldr	r3, [pc, #64]	; (1000236c <uart_init+0xd0>)
1000232c:	6323      	str	r3, [r4, #48]	; 0x30
1000232e:	2310      	movs	r3, #16
10002330:	602b      	str	r3, [r5, #0]
10002332:	3b0d      	subs	r3, #13
10002334:	64a3      	str	r3, [r4, #72]	; 0x48
10002336:	bdf8      	pop	{r3, r4, r5, r6, r7, pc}
10002338:	4a0d      	ldr	r2, [pc, #52]	; (10002370 <uart_init+0xd4>)
1000233a:	4293      	cmp	r3, r2
1000233c:	d903      	bls.n	10002346 <uart_init+0xaa>
1000233e:	2300      	movs	r3, #0
10002340:	4f0c      	ldr	r7, [pc, #48]	; (10002374 <uart_init+0xd8>)
10002342:	490d      	ldr	r1, [pc, #52]	; (10002378 <uart_init+0xdc>)
10002344:	e7d8      	b.n	100022f8 <uart_init+0x5c>
10002346:	227f      	movs	r2, #127	; 0x7f
10002348:	4002      	ands	r2, r0
1000234a:	3201      	adds	r2, #1
1000234c:	0852      	lsrs	r2, r2, #1
1000234e:	019f      	lsls	r7, r3, #6
10002350:	0019      	movs	r1, r3
10002352:	18bf      	adds	r7, r7, r2
10002354:	0013      	movs	r3, r2
10002356:	e7cf      	b.n	100022f8 <uart_init+0x5c>
10002358:	bffc8000 	.word	0xbffc8000
1000235c:	4000c000 	.word	0x4000c000
10002360:	4000e000 	.word	0x4000e000
10002364:	4000f000 	.word	0x4000f000
10002368:	20001e8c 	.word	0x20001e8c
1000236c:	00000301 	.word	0x00000301
10002370:	0000fffe 	.word	0x0000fffe
10002374:	003fffc0 	.word	0x003fffc0
10002378:	0000ffff 	.word	0x0000ffff

1000237c <timer_pool_entry_comparator>:
1000237c:	6883      	ldr	r3, [r0, #8]
1000237e:	480b      	ldr	r0, [pc, #44]	; (100023ac <timer_pool_entry_comparator+0x30>)
10002380:	b510      	push	{r4, lr}
10002382:	4684      	mov	ip, r0
10002384:	4461      	add	r1, ip
10002386:	4462      	add	r2, ip
10002388:	0112      	lsls	r2, r2, #4
1000238a:	0109      	lsls	r1, r1, #4
1000238c:	1859      	adds	r1, r3, r1
1000238e:	189b      	adds	r3, r3, r2
10002390:	685c      	ldr	r4, [r3, #4]
10002392:	684a      	ldr	r2, [r1, #4]
10002394:	2001      	movs	r0, #1
10002396:	4294      	cmp	r4, r2
10002398:	d801      	bhi.n	1000239e <timer_pool_entry_comparator+0x22>
1000239a:	d002      	beq.n	100023a2 <timer_pool_entry_comparator+0x26>
1000239c:	2000      	movs	r0, #0
1000239e:	b2c0      	uxtb	r0, r0
100023a0:	bd10      	pop	{r4, pc}
100023a2:	681a      	ldr	r2, [r3, #0]
100023a4:	680b      	ldr	r3, [r1, #0]
100023a6:	429a      	cmp	r2, r3
100023a8:	d8f9      	bhi.n	1000239e <timer_pool_entry_comparator+0x22>
100023aa:	e7f7      	b.n	1000239c <timer_pool_entry_comparator+0x20>
100023ac:	0fffffff 	.word	0x0fffffff

100023b0 <sev_callback>:
100023b0:	bf40      	sev
100023b2:	2000      	movs	r0, #0
100023b4:	2100      	movs	r1, #0
100023b6:	4770      	bx	lr

100023b8 <add_alarm_under_lock.isra.0>:
100023b8:	b5f8      	push	{r3, r4, r5, r6, r7, lr}
100023ba:	4657      	mov	r7, sl
100023bc:	4645      	mov	r5, r8
100023be:	464e      	mov	r6, r9
100023c0:	46de      	mov	lr, fp
100023c2:	b5e0      	push	{r5, r6, r7, lr}
100023c4:	4698      	mov	r8, r3
100023c6:	ab0c      	add	r3, sp, #48	; 0x30
100023c8:	781c      	ldrb	r4, [r3, #0]
100023ca:	ab0d      	add	r3, sp, #52	; 0x34
100023cc:	781b      	ldrb	r3, [r3, #0]
100023ce:	0007      	movs	r7, r0
100023d0:	4691      	mov	r9, r2
100023d2:	469a      	mov	sl, r3
100023d4:	6805      	ldr	r5, [r0, #0]
100023d6:	2c00      	cmp	r4, #0
100023d8:	d15a      	bne.n	10002490 <add_alarm_under_lock.isra.0+0xd8>
100023da:	7bac      	ldrb	r4, [r5, #14]
100023dc:	2c00      	cmp	r4, #0
100023de:	d03b      	beq.n	10002458 <add_alarm_under_lock.isra.0+0xa0>
100023e0:	0066      	lsls	r6, r4, #1
100023e2:	6829      	ldr	r1, [r5, #0]
100023e4:	1936      	adds	r6, r6, r4
100023e6:	3e03      	subs	r6, #3
100023e8:	1989      	adds	r1, r1, r6
100023ea:	784b      	ldrb	r3, [r1, #1]
100023ec:	73ab      	strb	r3, [r5, #14]
100023ee:	2b00      	cmp	r3, #0
100023f0:	d100      	bne.n	100023f4 <add_alarm_under_lock.isra.0+0x3c>
100023f2:	73eb      	strb	r3, [r5, #15]
100023f4:	2300      	movs	r3, #0
100023f6:	708b      	strb	r3, [r1, #2]
100023f8:	704b      	strb	r3, [r1, #1]
100023fa:	700b      	strb	r3, [r1, #0]
100023fc:	4b2b      	ldr	r3, [pc, #172]	; (100024ac <add_alarm_under_lock.isra.0+0xf4>)
100023fe:	18e2      	adds	r2, r4, r3
10002400:	68bb      	ldr	r3, [r7, #8]
10002402:	0112      	lsls	r2, r2, #4
10002404:	189b      	adds	r3, r3, r2
10002406:	464a      	mov	r2, r9
10002408:	601a      	str	r2, [r3, #0]
1000240a:	4642      	mov	r2, r8
1000240c:	605a      	str	r2, [r3, #4]
1000240e:	9a0a      	ldr	r2, [sp, #40]	; 0x28
10002410:	609a      	str	r2, [r3, #8]
10002412:	9a0b      	ldr	r2, [sp, #44]	; 0x2c
10002414:	60da      	str	r2, [r3, #12]
10002416:	2300      	movs	r3, #0
10002418:	708b      	strb	r3, [r1, #2]
1000241a:	704b      	strb	r3, [r1, #1]
1000241c:	700b      	strb	r3, [r1, #0]
1000241e:	7b6b      	ldrb	r3, [r5, #13]
10002420:	469b      	mov	fp, r3
10002422:	2b00      	cmp	r3, #0
10002424:	d027      	beq.n	10002476 <add_alarm_under_lock.isra.0+0xbe>
10002426:	0022      	movs	r2, r4
10002428:	686b      	ldr	r3, [r5, #4]
1000242a:	4659      	mov	r1, fp
1000242c:	68a8      	ldr	r0, [r5, #8]
1000242e:	4798      	blx	r3
10002430:	465b      	mov	r3, fp
10002432:	005b      	lsls	r3, r3, #1
10002434:	445b      	add	r3, fp
10002436:	682a      	ldr	r2, [r5, #0]
10002438:	3b03      	subs	r3, #3
1000243a:	2800      	cmp	r0, #0
1000243c:	d012      	beq.n	10002464 <add_alarm_under_lock.isra.0+0xac>
1000243e:	4658      	mov	r0, fp
10002440:	1996      	adds	r6, r2, r6
10002442:	70b0      	strb	r0, [r6, #2]
10002444:	18d1      	adds	r1, r2, r3
10002446:	5cd3      	ldrb	r3, [r2, r3]
10002448:	2b00      	cmp	r3, #0
1000244a:	d000      	beq.n	1000244e <add_alarm_under_lock.isra.0+0x96>
1000244c:	7073      	strb	r3, [r6, #1]
1000244e:	465b      	mov	r3, fp
10002450:	700c      	strb	r4, [r1, #0]
10002452:	736b      	strb	r3, [r5, #13]
10002454:	455c      	cmp	r4, fp
10002456:	d00f      	beq.n	10002478 <add_alarm_under_lock.isra.0+0xc0>
10002458:	bcf0      	pop	{r4, r5, r6, r7}
1000245a:	46bb      	mov	fp, r7
1000245c:	46b2      	mov	sl, r6
1000245e:	46a9      	mov	r9, r5
10002460:	46a0      	mov	r8, r4
10002462:	bdf8      	pop	{r3, r4, r5, r6, r7, pc}
10002464:	18d3      	adds	r3, r2, r3
10002466:	709c      	strb	r4, [r3, #2]
10002468:	1991      	adds	r1, r2, r6
1000246a:	5d92      	ldrb	r2, [r2, r6]
1000246c:	2a00      	cmp	r2, #0
1000246e:	d000      	beq.n	10002472 <add_alarm_under_lock.isra.0+0xba>
10002470:	705a      	strb	r2, [r3, #1]
10002472:	465b      	mov	r3, fp
10002474:	700b      	strb	r3, [r1, #0]
10002476:	736c      	strb	r4, [r5, #13]
10002478:	464a      	mov	r2, r9
1000247a:	4643      	mov	r3, r8
1000247c:	7d38      	ldrb	r0, [r7, #20]
1000247e:	f000 fc35 	bl	10002cec <hardware_alarm_set_target>
10002482:	1e05      	subs	r5, r0, #0
10002484:	d10a      	bne.n	1000249c <add_alarm_under_lock.isra.0+0xe4>
10002486:	9b0e      	ldr	r3, [sp, #56]	; 0x38
10002488:	2b00      	cmp	r3, #0
1000248a:	d0e5      	beq.n	10002458 <add_alarm_under_lock.isra.0+0xa0>
1000248c:	701d      	strb	r5, [r3, #0]
1000248e:	e7e3      	b.n	10002458 <add_alarm_under_lock.isra.0+0xa0>
10002490:	0066      	lsls	r6, r4, #1
10002492:	6829      	ldr	r1, [r5, #0]
10002494:	1936      	adds	r6, r6, r4
10002496:	3e03      	subs	r6, #3
10002498:	1989      	adds	r1, r1, r6
1000249a:	e7af      	b.n	100023fc <add_alarm_under_lock.isra.0+0x44>
1000249c:	4653      	mov	r3, sl
1000249e:	2b00      	cmp	r3, #0
100024a0:	d1f1      	bne.n	10002486 <add_alarm_under_lock.isra.0+0xce>
100024a2:	0021      	movs	r1, r4
100024a4:	6838      	ldr	r0, [r7, #0]
100024a6:	f000 fe8d 	bl	100031c4 <ph_remove_and_free_node>
100024aa:	e7ec      	b.n	10002486 <add_alarm_under_lock.isra.0+0xce>
100024ac:	0fffffff 	.word	0x0fffffff

100024b0 <alarm_pool_alarm_callback>:
100024b0:	b5f0      	push	{r4, r5, r6, r7, lr}
100024b2:	46de      	mov	lr, fp
100024b4:	4657      	mov	r7, sl
100024b6:	464e      	mov	r6, r9
100024b8:	4645      	mov	r5, r8
100024ba:	2300      	movs	r3, #0
100024bc:	b5e0      	push	{r5, r6, r7, lr}
100024be:	b08d      	sub	sp, #52	; 0x34
100024c0:	930a      	str	r3, [sp, #40]	; 0x28
100024c2:	4b6a      	ldr	r3, [pc, #424]	; (1000266c <alarm_pool_alarm_callback+0x1bc>)
100024c4:	0082      	lsls	r2, r0, #2
100024c6:	58d7      	ldr	r7, [r2, r3]
100024c8:	2300      	movs	r3, #0
100024ca:	469b      	mov	fp, r3
100024cc:	900b      	str	r0, [sp, #44]	; 0x2c
100024ce:	f000 fbad 	bl	10002c2c <time_us_64>
100024d2:	0002      	movs	r2, r0
100024d4:	000b      	movs	r3, r1
100024d6:	6878      	ldr	r0, [r7, #4]
100024d8:	f3ef 8910 	mrs	r9, PRIMASK
100024dc:	b672      	cpsid	i
100024de:	464d      	mov	r5, r9
100024e0:	6801      	ldr	r1, [r0, #0]
100024e2:	2900      	cmp	r1, #0
100024e4:	d0fc      	beq.n	100024e0 <alarm_pool_alarm_callback+0x30>
100024e6:	46a9      	mov	r9, r5
100024e8:	f3bf 8f5f 	dmb	sy
100024ec:	6839      	ldr	r1, [r7, #0]
100024ee:	7b4e      	ldrb	r6, [r1, #13]
100024f0:	468c      	mov	ip, r1
100024f2:	2e00      	cmp	r6, #0
100024f4:	d02e      	beq.n	10002554 <alarm_pool_alarm_callback+0xa4>
100024f6:	68bc      	ldr	r4, [r7, #8]
100024f8:	495d      	ldr	r1, [pc, #372]	; (10002670 <alarm_pool_alarm_callback+0x1c0>)
100024fa:	46a2      	mov	sl, r4
100024fc:	1871      	adds	r1, r6, r1
100024fe:	0109      	lsls	r1, r1, #4
10002500:	448a      	add	sl, r1
10002502:	4651      	mov	r1, sl
10002504:	6808      	ldr	r0, [r1, #0]
10002506:	6849      	ldr	r1, [r1, #4]
10002508:	0004      	movs	r4, r0
1000250a:	000d      	movs	r5, r1
1000250c:	1aa4      	subs	r4, r4, r2
1000250e:	419d      	sbcs	r5, r3
10002510:	2d00      	cmp	r5, #0
10002512:	dd5e      	ble.n	100025d2 <alarm_pool_alarm_callback+0x122>
10002514:	0002      	movs	r2, r0
10002516:	000b      	movs	r3, r1
10002518:	980b      	ldr	r0, [sp, #44]	; 0x2c
1000251a:	f000 fbe7 	bl	10002cec <hardware_alarm_set_target>
1000251e:	2300      	movs	r3, #0
10002520:	2200      	movs	r2, #0
10002522:	469a      	mov	sl, r3
10002524:	2300      	movs	r3, #0
10002526:	9208      	str	r2, [sp, #32]
10002528:	9309      	str	r3, [sp, #36]	; 0x24
1000252a:	2300      	movs	r3, #0
1000252c:	4698      	mov	r8, r3
1000252e:	687b      	ldr	r3, [r7, #4]
10002530:	f3bf 8f5f 	dmb	sy
10002534:	465a      	mov	r2, fp
10002536:	601a      	str	r2, [r3, #0]
10002538:	f389 8810 	msr	PRIMASK, r9
1000253c:	4643      	mov	r3, r8
1000253e:	2b00      	cmp	r3, #0
10002540:	d112      	bne.n	10002568 <alarm_pool_alarm_callback+0xb8>
10002542:	2800      	cmp	r0, #0
10002544:	d1c3      	bne.n	100024ce <alarm_pool_alarm_callback+0x1e>
10002546:	b00d      	add	sp, #52	; 0x34
10002548:	bcf0      	pop	{r4, r5, r6, r7}
1000254a:	46bb      	mov	fp, r7
1000254c:	46b2      	mov	sl, r6
1000254e:	46a9      	mov	r9, r5
10002550:	46a0      	mov	r8, r4
10002552:	bdf0      	pop	{r4, r5, r6, r7, pc}
10002554:	2300      	movs	r3, #0
10002556:	2200      	movs	r2, #0
10002558:	469a      	mov	sl, r3
1000255a:	2300      	movs	r3, #0
1000255c:	9208      	str	r2, [sp, #32]
1000255e:	9309      	str	r3, [sp, #36]	; 0x24
10002560:	2300      	movs	r3, #0
10002562:	2000      	movs	r0, #0
10002564:	4698      	mov	r8, r3
10002566:	e7e2      	b.n	1000252e <alarm_pool_alarm_callback+0x7e>
10002568:	9b0a      	ldr	r3, [sp, #40]	; 0x28
1000256a:	4651      	mov	r1, sl
1000256c:	0218      	lsls	r0, r3, #8
1000256e:	4330      	orrs	r0, r6
10002570:	47c0      	blx	r8
10002572:	9006      	str	r0, [sp, #24]
10002574:	9107      	str	r1, [sp, #28]
10002576:	687a      	ldr	r2, [r7, #4]
10002578:	f3ef 8510 	mrs	r5, PRIMASK
1000257c:	b672      	cpsid	i
1000257e:	4654      	mov	r4, sl
10002580:	6813      	ldr	r3, [r2, #0]
10002582:	2b00      	cmp	r3, #0
10002584:	d0fc      	beq.n	10002580 <alarm_pool_alarm_callback+0xd0>
10002586:	46a2      	mov	sl, r4
10002588:	f3bf 8f5f 	dmb	sy
1000258c:	9906      	ldr	r1, [sp, #24]
1000258e:	9a07      	ldr	r2, [sp, #28]
10002590:	2a00      	cmp	r2, #0
10002592:	db3b      	blt.n	1000260c <alarm_pool_alarm_callback+0x15c>
10002594:	4311      	orrs	r1, r2
10002596:	d002      	beq.n	1000259e <alarm_pool_alarm_callback+0xee>
10002598:	693b      	ldr	r3, [r7, #16]
1000259a:	2b00      	cmp	r3, #0
1000259c:	d152      	bne.n	10002644 <alarm_pool_alarm_callback+0x194>
1000259e:	683b      	ldr	r3, [r7, #0]
100025a0:	7bd9      	ldrb	r1, [r3, #15]
100025a2:	2900      	cmp	r1, #0
100025a4:	d005      	beq.n	100025b2 <alarm_pool_alarm_callback+0x102>
100025a6:	681a      	ldr	r2, [r3, #0]
100025a8:	0048      	lsls	r0, r1, #1
100025aa:	1841      	adds	r1, r0, r1
100025ac:	1852      	adds	r2, r2, r1
100025ae:	3a03      	subs	r2, #3
100025b0:	7056      	strb	r6, [r2, #1]
100025b2:	73de      	strb	r6, [r3, #15]
100025b4:	68fa      	ldr	r2, [r7, #12]
100025b6:	3e01      	subs	r6, #1
100025b8:	5d93      	ldrb	r3, [r2, r6]
100025ba:	3301      	adds	r3, #1
100025bc:	5593      	strb	r3, [r2, r6]
100025be:	465b      	mov	r3, fp
100025c0:	613b      	str	r3, [r7, #16]
100025c2:	687b      	ldr	r3, [r7, #4]
100025c4:	f3bf 8f5f 	dmb	sy
100025c8:	465a      	mov	r2, fp
100025ca:	601a      	str	r2, [r3, #0]
100025cc:	f385 8810 	msr	PRIMASK, r5
100025d0:	e77d      	b.n	100024ce <alarm_pool_alarm_callback+0x1e>
100025d2:	2d00      	cmp	r5, #0
100025d4:	d101      	bne.n	100025da <alarm_pool_alarm_callback+0x12a>
100025d6:	2c00      	cmp	r4, #0
100025d8:	d19c      	bne.n	10002514 <alarm_pool_alarm_callback+0x64>
100025da:	2100      	movs	r1, #0
100025dc:	4660      	mov	r0, ip
100025de:	f000 fd59 	bl	10003094 <ph_remove_head>
100025e2:	4653      	mov	r3, sl
100025e4:	685c      	ldr	r4, [r3, #4]
100025e6:	681b      	ldr	r3, [r3, #0]
100025e8:	9308      	str	r3, [sp, #32]
100025ea:	9409      	str	r4, [sp, #36]	; 0x24
100025ec:	4653      	mov	r3, sl
100025ee:	689b      	ldr	r3, [r3, #8]
100025f0:	4698      	mov	r8, r3
100025f2:	4653      	mov	r3, sl
100025f4:	68db      	ldr	r3, [r3, #12]
100025f6:	469a      	mov	sl, r3
100025f8:	68fb      	ldr	r3, [r7, #12]
100025fa:	199b      	adds	r3, r3, r6
100025fc:	3b01      	subs	r3, #1
100025fe:	781b      	ldrb	r3, [r3, #0]
10002600:	930a      	str	r3, [sp, #40]	; 0x28
10002602:	021b      	lsls	r3, r3, #8
10002604:	4303      	orrs	r3, r0
10002606:	613b      	str	r3, [r7, #16]
10002608:	2000      	movs	r0, #0
1000260a:	e790      	b.n	1000252e <alarm_pool_alarm_callback+0x7e>
1000260c:	693b      	ldr	r3, [r7, #16]
1000260e:	2b00      	cmp	r3, #0
10002610:	d0c5      	beq.n	1000259e <alarm_pool_alarm_callback+0xee>
10002612:	9b08      	ldr	r3, [sp, #32]
10002614:	9c09      	ldr	r4, [sp, #36]	; 0x24
10002616:	1a5b      	subs	r3, r3, r1
10002618:	4194      	sbcs	r4, r2
1000261a:	9808      	ldr	r0, [sp, #32]
1000261c:	9909      	ldr	r1, [sp, #36]	; 0x24
1000261e:	001a      	movs	r2, r3
10002620:	0023      	movs	r3, r4
10002622:	42a1      	cmp	r1, r4
10002624:	d819      	bhi.n	1000265a <alarm_pool_alarm_callback+0x1aa>
10002626:	4299      	cmp	r1, r3
10002628:	d01b      	beq.n	10002662 <alarm_pool_alarm_callback+0x1b2>
1000262a:	2100      	movs	r1, #0
1000262c:	9104      	str	r1, [sp, #16]
1000262e:	3101      	adds	r1, #1
10002630:	9103      	str	r1, [sp, #12]
10002632:	4651      	mov	r1, sl
10002634:	9101      	str	r1, [sp, #4]
10002636:	4641      	mov	r1, r8
10002638:	0038      	movs	r0, r7
1000263a:	9602      	str	r6, [sp, #8]
1000263c:	9100      	str	r1, [sp, #0]
1000263e:	f7ff febb 	bl	100023b8 <add_alarm_under_lock.isra.0>
10002642:	e7bc      	b.n	100025be <alarm_pool_alarm_callback+0x10e>
10002644:	f000 faf2 	bl	10002c2c <time_us_64>
10002648:	9a06      	ldr	r2, [sp, #24]
1000264a:	9b07      	ldr	r3, [sp, #28]
1000264c:	1812      	adds	r2, r2, r0
1000264e:	414b      	adcs	r3, r1
10002650:	4299      	cmp	r1, r3
10002652:	d802      	bhi.n	1000265a <alarm_pool_alarm_callback+0x1aa>
10002654:	d1e9      	bne.n	1000262a <alarm_pool_alarm_callback+0x17a>
10002656:	4290      	cmp	r0, r2
10002658:	d9e7      	bls.n	1000262a <alarm_pool_alarm_callback+0x17a>
1000265a:	2201      	movs	r2, #1
1000265c:	4252      	negs	r2, r2
1000265e:	17d3      	asrs	r3, r2, #31
10002660:	e7e3      	b.n	1000262a <alarm_pool_alarm_callback+0x17a>
10002662:	9908      	ldr	r1, [sp, #32]
10002664:	4291      	cmp	r1, r2
10002666:	d9e0      	bls.n	1000262a <alarm_pool_alarm_callback+0x17a>
10002668:	e7f7      	b.n	1000265a <alarm_pool_alarm_callback+0x1aa>
1000266a:	46c0      	nop			; (mov r8, r8)
1000266c:	20001b88 	.word	0x20001b88
10002670:	0fffffff 	.word	0x0fffffff

10002674 <alarm_pool_add_alarm_at.constprop.0>:
10002674:	b5f8      	push	{r3, r4, r5, r6, r7, lr}
10002676:	4657      	mov	r7, sl
10002678:	464e      	mov	r6, r9
1000267a:	4645      	mov	r5, r8
1000267c:	46de      	mov	lr, fp
1000267e:	b5e0      	push	{r5, r6, r7, lr}
10002680:	4d3e      	ldr	r5, [pc, #248]	; (1000277c <alarm_pool_add_alarm_at.constprop.0+0x108>)
10002682:	4682      	mov	sl, r0
10002684:	4689      	mov	r9, r1
10002686:	686a      	ldr	r2, [r5, #4]
10002688:	f3ef 8810 	mrs	r8, PRIMASK
1000268c:	b672      	cpsid	i
1000268e:	6813      	ldr	r3, [r2, #0]
10002690:	2b00      	cmp	r3, #0
10002692:	d0fc      	beq.n	1000268e <alarm_pool_add_alarm_at.constprop.0+0x1a>
10002694:	f3bf 8f5f 	dmb	sy
10002698:	682e      	ldr	r6, [r5, #0]
1000269a:	7bb4      	ldrb	r4, [r6, #14]
1000269c:	2c00      	cmp	r4, #0
1000269e:	d048      	beq.n	10002732 <alarm_pool_add_alarm_at.constprop.0+0xbe>
100026a0:	0067      	lsls	r7, r4, #1
100026a2:	6833      	ldr	r3, [r6, #0]
100026a4:	193f      	adds	r7, r7, r4
100026a6:	3f03      	subs	r7, #3
100026a8:	19db      	adds	r3, r3, r7
100026aa:	785a      	ldrb	r2, [r3, #1]
100026ac:	73b2      	strb	r2, [r6, #14]
100026ae:	2a00      	cmp	r2, #0
100026b0:	d100      	bne.n	100026b4 <alarm_pool_add_alarm_at.constprop.0+0x40>
100026b2:	73f2      	strb	r2, [r6, #15]
100026b4:	4a32      	ldr	r2, [pc, #200]	; (10002780 <alarm_pool_add_alarm_at.constprop.0+0x10c>)
100026b6:	18a1      	adds	r1, r4, r2
100026b8:	68aa      	ldr	r2, [r5, #8]
100026ba:	0109      	lsls	r1, r1, #4
100026bc:	1852      	adds	r2, r2, r1
100026be:	4651      	mov	r1, sl
100026c0:	6011      	str	r1, [r2, #0]
100026c2:	4649      	mov	r1, r9
100026c4:	6051      	str	r1, [r2, #4]
100026c6:	492f      	ldr	r1, [pc, #188]	; (10002784 <alarm_pool_add_alarm_at.constprop.0+0x110>)
100026c8:	6091      	str	r1, [r2, #8]
100026ca:	2100      	movs	r1, #0
100026cc:	60d1      	str	r1, [r2, #12]
100026ce:	7099      	strb	r1, [r3, #2]
100026d0:	7059      	strb	r1, [r3, #1]
100026d2:	7019      	strb	r1, [r3, #0]
100026d4:	7b73      	ldrb	r3, [r6, #13]
100026d6:	469b      	mov	fp, r3
100026d8:	2b00      	cmp	r3, #0
100026da:	d041      	beq.n	10002760 <alarm_pool_add_alarm_at.constprop.0+0xec>
100026dc:	0022      	movs	r2, r4
100026de:	6873      	ldr	r3, [r6, #4]
100026e0:	4659      	mov	r1, fp
100026e2:	68b0      	ldr	r0, [r6, #8]
100026e4:	4798      	blx	r3
100026e6:	465b      	mov	r3, fp
100026e8:	005b      	lsls	r3, r3, #1
100026ea:	445b      	add	r3, fp
100026ec:	6832      	ldr	r2, [r6, #0]
100026ee:	3b03      	subs	r3, #3
100026f0:	2800      	cmp	r0, #0
100026f2:	d02c      	beq.n	1000274e <alarm_pool_add_alarm_at.constprop.0+0xda>
100026f4:	4658      	mov	r0, fp
100026f6:	19d7      	adds	r7, r2, r7
100026f8:	70b8      	strb	r0, [r7, #2]
100026fa:	18d1      	adds	r1, r2, r3
100026fc:	5cd3      	ldrb	r3, [r2, r3]
100026fe:	2b00      	cmp	r3, #0
10002700:	d000      	beq.n	10002704 <alarm_pool_add_alarm_at.constprop.0+0x90>
10002702:	707b      	strb	r3, [r7, #1]
10002704:	465b      	mov	r3, fp
10002706:	700c      	strb	r4, [r1, #0]
10002708:	7373      	strb	r3, [r6, #13]
1000270a:	455c      	cmp	r4, fp
1000270c:	d029      	beq.n	10002762 <alarm_pool_add_alarm_at.constprop.0+0xee>
1000270e:	2600      	movs	r6, #0
10002710:	68eb      	ldr	r3, [r5, #12]
10002712:	191b      	adds	r3, r3, r4
10002714:	3b01      	subs	r3, #1
10002716:	7819      	ldrb	r1, [r3, #0]
10002718:	686b      	ldr	r3, [r5, #4]
1000271a:	f3bf 8f5f 	dmb	sy
1000271e:	2200      	movs	r2, #0
10002720:	601a      	str	r2, [r3, #0]
10002722:	f388 8810 	msr	PRIMASK, r8
10002726:	2000      	movs	r0, #0
10002728:	2e00      	cmp	r6, #0
1000272a:	d10a      	bne.n	10002742 <alarm_pool_add_alarm_at.constprop.0+0xce>
1000272c:	0208      	lsls	r0, r1, #8
1000272e:	4320      	orrs	r0, r4
10002730:	e007      	b.n	10002742 <alarm_pool_add_alarm_at.constprop.0+0xce>
10002732:	686b      	ldr	r3, [r5, #4]
10002734:	f3bf 8f5f 	dmb	sy
10002738:	601c      	str	r4, [r3, #0]
1000273a:	f388 8810 	msr	PRIMASK, r8
1000273e:	2001      	movs	r0, #1
10002740:	4240      	negs	r0, r0
10002742:	bcf0      	pop	{r4, r5, r6, r7}
10002744:	46bb      	mov	fp, r7
10002746:	46b2      	mov	sl, r6
10002748:	46a9      	mov	r9, r5
1000274a:	46a0      	mov	r8, r4
1000274c:	bdf8      	pop	{r3, r4, r5, r6, r7, pc}
1000274e:	18d3      	adds	r3, r2, r3
10002750:	709c      	strb	r4, [r3, #2]
10002752:	19d1      	adds	r1, r2, r7
10002754:	5dd2      	ldrb	r2, [r2, r7]
10002756:	2a00      	cmp	r2, #0
10002758:	d000      	beq.n	1000275c <alarm_pool_add_alarm_at.constprop.0+0xe8>
1000275a:	705a      	strb	r2, [r3, #1]
1000275c:	465b      	mov	r3, fp
1000275e:	700b      	strb	r3, [r1, #0]
10002760:	7374      	strb	r4, [r6, #13]
10002762:	4652      	mov	r2, sl
10002764:	464b      	mov	r3, r9
10002766:	7d28      	ldrb	r0, [r5, #20]
10002768:	f000 fac0 	bl	10002cec <hardware_alarm_set_target>
1000276c:	1e06      	subs	r6, r0, #0
1000276e:	d0ce      	beq.n	1000270e <alarm_pool_add_alarm_at.constprop.0+0x9a>
10002770:	0021      	movs	r1, r4
10002772:	6828      	ldr	r0, [r5, #0]
10002774:	f000 fd26 	bl	100031c4 <ph_remove_and_free_node>
10002778:	e7ca      	b.n	10002710 <alarm_pool_add_alarm_at.constprop.0+0x9c>
1000277a:	46c0      	nop			; (mov r8, r8)
1000277c:	2000023c 	.word	0x2000023c
10002780:	0fffffff 	.word	0x0fffffff
10002784:	100023b1 	.word	0x100023b1

10002788 <alarm_pool_init_default>:
10002788:	b510      	push	{r4, lr}
1000278a:	4c10      	ldr	r4, [pc, #64]	; (100027cc <alarm_pool_init_default+0x44>)
1000278c:	6863      	ldr	r3, [r4, #4]
1000278e:	2b00      	cmp	r3, #0
10002790:	d000      	beq.n	10002794 <alarm_pool_init_default+0xc>
10002792:	bd10      	pop	{r4, pc}
10002794:	0023      	movs	r3, r4
10002796:	4a0e      	ldr	r2, [pc, #56]	; (100027d0 <alarm_pool_init_default+0x48>)
10002798:	2110      	movs	r1, #16
1000279a:	6820      	ldr	r0, [r4, #0]
1000279c:	f000 fb80 	bl	10002ea0 <ph_post_alloc_init>
100027a0:	2003      	movs	r0, #3
100027a2:	f000 fa37 	bl	10002c14 <hardware_alarm_claim>
100027a6:	2003      	movs	r0, #3
100027a8:	f000 fb0e 	bl	10002dc8 <hardware_alarm_cancel>
100027ac:	2003      	movs	r0, #3
100027ae:	4909      	ldr	r1, [pc, #36]	; (100027d4 <alarm_pool_init_default+0x4c>)
100027b0:	f000 fa56 	bl	10002c60 <hardware_alarm_set_callback>
100027b4:	f7ff fd4c 	bl	10002250 <next_striped_spin_lock_num>
100027b8:	4b07      	ldr	r3, [pc, #28]	; (100027d8 <alarm_pool_init_default+0x50>)
100027ba:	469c      	mov	ip, r3
100027bc:	2303      	movs	r3, #3
100027be:	4460      	add	r0, ip
100027c0:	7523      	strb	r3, [r4, #20]
100027c2:	4b06      	ldr	r3, [pc, #24]	; (100027dc <alarm_pool_init_default+0x54>)
100027c4:	0080      	lsls	r0, r0, #2
100027c6:	6060      	str	r0, [r4, #4]
100027c8:	60dc      	str	r4, [r3, #12]
100027ca:	e7e2      	b.n	10002792 <alarm_pool_init_default+0xa>
100027cc:	2000023c 	.word	0x2000023c
100027d0:	1000237d 	.word	0x1000237d
100027d4:	100024b1 	.word	0x100024b1
100027d8:	34000040 	.word	0x34000040
100027dc:	20001b88 	.word	0x20001b88

100027e0 <alarm_pool_get_default>:
100027e0:	4800      	ldr	r0, [pc, #0]	; (100027e4 <alarm_pool_get_default+0x4>)
100027e2:	4770      	bx	lr
100027e4:	2000023c 	.word	0x2000023c

100027e8 <alarm_pool_add_alarm_at>:
100027e8:	b5f0      	push	{r4, r5, r6, r7, lr}
100027ea:	4657      	mov	r7, sl
100027ec:	464e      	mov	r6, r9
100027ee:	4645      	mov	r5, r8
100027f0:	46de      	mov	lr, fp
100027f2:	b5e0      	push	{r5, r6, r7, lr}
100027f4:	b085      	sub	sp, #20
100027f6:	9301      	str	r3, [sp, #4]
100027f8:	ab10      	add	r3, sp, #64	; 0x40
100027fa:	781b      	ldrb	r3, [r3, #0]
100027fc:	0006      	movs	r6, r0
100027fe:	9303      	str	r3, [sp, #12]
10002800:	2300      	movs	r3, #0
10002802:	469a      	mov	sl, r3
10002804:	4698      	mov	r8, r3
10002806:	9200      	str	r2, [sp, #0]
10002808:	6872      	ldr	r2, [r6, #4]
1000280a:	f3ef 8b10 	mrs	fp, PRIMASK
1000280e:	b672      	cpsid	i
10002810:	6813      	ldr	r3, [r2, #0]
10002812:	2b00      	cmp	r3, #0
10002814:	d0fc      	beq.n	10002810 <alarm_pool_add_alarm_at+0x28>
10002816:	f3bf 8f5f 	dmb	sy
1000281a:	6835      	ldr	r5, [r6, #0]
1000281c:	7bac      	ldrb	r4, [r5, #14]
1000281e:	2c00      	cmp	r4, #0
10002820:	d06a      	beq.n	100028f8 <alarm_pool_add_alarm_at+0x110>
10002822:	0067      	lsls	r7, r4, #1
10002824:	682b      	ldr	r3, [r5, #0]
10002826:	193f      	adds	r7, r7, r4
10002828:	3f03      	subs	r7, #3
1000282a:	19db      	adds	r3, r3, r7
1000282c:	785a      	ldrb	r2, [r3, #1]
1000282e:	73aa      	strb	r2, [r5, #14]
10002830:	2a00      	cmp	r2, #0
10002832:	d100      	bne.n	10002836 <alarm_pool_add_alarm_at+0x4e>
10002834:	73ea      	strb	r2, [r5, #15]
10002836:	4a50      	ldr	r2, [pc, #320]	; (10002978 <alarm_pool_add_alarm_at+0x190>)
10002838:	18a1      	adds	r1, r4, r2
1000283a:	68b2      	ldr	r2, [r6, #8]
1000283c:	0109      	lsls	r1, r1, #4
1000283e:	1852      	adds	r2, r2, r1
10002840:	9800      	ldr	r0, [sp, #0]
10002842:	9901      	ldr	r1, [sp, #4]
10002844:	6010      	str	r0, [r2, #0]
10002846:	6051      	str	r1, [r2, #4]
10002848:	990e      	ldr	r1, [sp, #56]	; 0x38
1000284a:	6091      	str	r1, [r2, #8]
1000284c:	990f      	ldr	r1, [sp, #60]	; 0x3c
1000284e:	60d1      	str	r1, [r2, #12]
10002850:	4642      	mov	r2, r8
10002852:	709a      	strb	r2, [r3, #2]
10002854:	705a      	strb	r2, [r3, #1]
10002856:	701a      	strb	r2, [r3, #0]
10002858:	7b6b      	ldrb	r3, [r5, #13]
1000285a:	4699      	mov	r9, r3
1000285c:	2b00      	cmp	r3, #0
1000285e:	d100      	bne.n	10002862 <alarm_pool_add_alarm_at+0x7a>
10002860:	e070      	b.n	10002944 <alarm_pool_add_alarm_at+0x15c>
10002862:	0022      	movs	r2, r4
10002864:	686b      	ldr	r3, [r5, #4]
10002866:	4649      	mov	r1, r9
10002868:	68a8      	ldr	r0, [r5, #8]
1000286a:	4798      	blx	r3
1000286c:	464b      	mov	r3, r9
1000286e:	005b      	lsls	r3, r3, #1
10002870:	444b      	add	r3, r9
10002872:	682a      	ldr	r2, [r5, #0]
10002874:	3b03      	subs	r3, #3
10002876:	2800      	cmp	r0, #0
10002878:	d05b      	beq.n	10002932 <alarm_pool_add_alarm_at+0x14a>
1000287a:	4648      	mov	r0, r9
1000287c:	19d7      	adds	r7, r2, r7
1000287e:	70b8      	strb	r0, [r7, #2]
10002880:	18d1      	adds	r1, r2, r3
10002882:	5cd3      	ldrb	r3, [r2, r3]
10002884:	2b00      	cmp	r3, #0
10002886:	d000      	beq.n	1000288a <alarm_pool_add_alarm_at+0xa2>
10002888:	707b      	strb	r3, [r7, #1]
1000288a:	464b      	mov	r3, r9
1000288c:	700c      	strb	r4, [r1, #0]
1000288e:	736b      	strb	r3, [r5, #13]
10002890:	454c      	cmp	r4, r9
10002892:	d058      	beq.n	10002946 <alarm_pool_add_alarm_at+0x15e>
10002894:	68f3      	ldr	r3, [r6, #12]
10002896:	191b      	adds	r3, r3, r4
10002898:	3b01      	subs	r3, #1
1000289a:	7818      	ldrb	r0, [r3, #0]
1000289c:	6873      	ldr	r3, [r6, #4]
1000289e:	f3bf 8f5f 	dmb	sy
100028a2:	4642      	mov	r2, r8
100028a4:	601a      	str	r2, [r3, #0]
100028a6:	f38b 8810 	msr	PRIMASK, fp
100028aa:	4653      	mov	r3, sl
100028ac:	2b00      	cmp	r3, #0
100028ae:	d108      	bne.n	100028c2 <alarm_pool_add_alarm_at+0xda>
100028b0:	0200      	lsls	r0, r0, #8
100028b2:	4320      	orrs	r0, r4
100028b4:	b005      	add	sp, #20
100028b6:	bcf0      	pop	{r4, r5, r6, r7}
100028b8:	46bb      	mov	fp, r7
100028ba:	46b2      	mov	sl, r6
100028bc:	46a9      	mov	r9, r5
100028be:	46a0      	mov	r8, r4
100028c0:	bdf0      	pop	{r4, r5, r6, r7, pc}
100028c2:	9b03      	ldr	r3, [sp, #12]
100028c4:	2b00      	cmp	r3, #0
100028c6:	d054      	beq.n	10002972 <alarm_pool_add_alarm_at+0x18a>
100028c8:	9b0e      	ldr	r3, [sp, #56]	; 0x38
100028ca:	2000      	movs	r0, #0
100028cc:	990f      	ldr	r1, [sp, #60]	; 0x3c
100028ce:	4798      	blx	r3
100028d0:	0003      	movs	r3, r0
100028d2:	430b      	orrs	r3, r1
100028d4:	d04d      	beq.n	10002972 <alarm_pool_add_alarm_at+0x18a>
100028d6:	0004      	movs	r4, r0
100028d8:	1e0d      	subs	r5, r1, #0
100028da:	da16      	bge.n	1000290a <alarm_pool_add_alarm_at+0x122>
100028dc:	9800      	ldr	r0, [sp, #0]
100028de:	9901      	ldr	r1, [sp, #4]
100028e0:	0002      	movs	r2, r0
100028e2:	000b      	movs	r3, r1
100028e4:	1b12      	subs	r2, r2, r4
100028e6:	41ab      	sbcs	r3, r5
100028e8:	4299      	cmp	r1, r3
100028ea:	d81c      	bhi.n	10002926 <alarm_pool_add_alarm_at+0x13e>
100028ec:	d038      	beq.n	10002960 <alarm_pool_add_alarm_at+0x178>
100028ee:	9200      	str	r2, [sp, #0]
100028f0:	9301      	str	r3, [sp, #4]
100028f2:	9b03      	ldr	r3, [sp, #12]
100028f4:	469a      	mov	sl, r3
100028f6:	e787      	b.n	10002808 <alarm_pool_add_alarm_at+0x20>
100028f8:	6873      	ldr	r3, [r6, #4]
100028fa:	f3bf 8f5f 	dmb	sy
100028fe:	601c      	str	r4, [r3, #0]
10002900:	f38b 8810 	msr	PRIMASK, fp
10002904:	2001      	movs	r0, #1
10002906:	4240      	negs	r0, r0
10002908:	e7d4      	b.n	100028b4 <alarm_pool_add_alarm_at+0xcc>
1000290a:	f000 f98f 	bl	10002c2c <time_us_64>
1000290e:	0002      	movs	r2, r0
10002910:	000b      	movs	r3, r1
10002912:	18a4      	adds	r4, r4, r2
10002914:	415d      	adcs	r5, r3
10002916:	9400      	str	r4, [sp, #0]
10002918:	9501      	str	r5, [sp, #4]
1000291a:	42a9      	cmp	r1, r5
1000291c:	d803      	bhi.n	10002926 <alarm_pool_add_alarm_at+0x13e>
1000291e:	d1e8      	bne.n	100028f2 <alarm_pool_add_alarm_at+0x10a>
10002920:	9900      	ldr	r1, [sp, #0]
10002922:	428a      	cmp	r2, r1
10002924:	d9e5      	bls.n	100028f2 <alarm_pool_add_alarm_at+0x10a>
10002926:	2301      	movs	r3, #1
10002928:	425b      	negs	r3, r3
1000292a:	17dc      	asrs	r4, r3, #31
1000292c:	9300      	str	r3, [sp, #0]
1000292e:	9401      	str	r4, [sp, #4]
10002930:	e7df      	b.n	100028f2 <alarm_pool_add_alarm_at+0x10a>
10002932:	18d3      	adds	r3, r2, r3
10002934:	709c      	strb	r4, [r3, #2]
10002936:	19d1      	adds	r1, r2, r7
10002938:	5dd2      	ldrb	r2, [r2, r7]
1000293a:	2a00      	cmp	r2, #0
1000293c:	d000      	beq.n	10002940 <alarm_pool_add_alarm_at+0x158>
1000293e:	705a      	strb	r2, [r3, #1]
10002940:	464b      	mov	r3, r9
10002942:	700b      	strb	r3, [r1, #0]
10002944:	736c      	strb	r4, [r5, #13]
10002946:	7d30      	ldrb	r0, [r6, #20]
10002948:	9a00      	ldr	r2, [sp, #0]
1000294a:	9b01      	ldr	r3, [sp, #4]
1000294c:	f000 f9ce 	bl	10002cec <hardware_alarm_set_target>
10002950:	4682      	mov	sl, r0
10002952:	2800      	cmp	r0, #0
10002954:	d09e      	beq.n	10002894 <alarm_pool_add_alarm_at+0xac>
10002956:	0021      	movs	r1, r4
10002958:	6830      	ldr	r0, [r6, #0]
1000295a:	f000 fc33 	bl	100031c4 <ph_remove_and_free_node>
1000295e:	e799      	b.n	10002894 <alarm_pool_add_alarm_at+0xac>
10002960:	9900      	ldr	r1, [sp, #0]
10002962:	4291      	cmp	r1, r2
10002964:	d9c3      	bls.n	100028ee <alarm_pool_add_alarm_at+0x106>
10002966:	2301      	movs	r3, #1
10002968:	425b      	negs	r3, r3
1000296a:	17dc      	asrs	r4, r3, #31
1000296c:	9300      	str	r3, [sp, #0]
1000296e:	9401      	str	r4, [sp, #4]
10002970:	e7bf      	b.n	100028f2 <alarm_pool_add_alarm_at+0x10a>
10002972:	2000      	movs	r0, #0
10002974:	e79e      	b.n	100028b4 <alarm_pool_add_alarm_at+0xcc>
10002976:	46c0      	nop			; (mov r8, r8)
10002978:	0fffffff 	.word	0x0fffffff

1000297c <sleep_us>:
1000297c:	b5f8      	push	{r3, r4, r5, r6, r7, lr}
1000297e:	0004      	movs	r4, r0
10002980:	000d      	movs	r5, r1
10002982:	f000 f953 	bl	10002c2c <time_us_64>
10002986:	0002      	movs	r2, r0
10002988:	000b      	movs	r3, r1
1000298a:	18a4      	adds	r4, r4, r2
1000298c:	415d      	adcs	r5, r3
1000298e:	42a9      	cmp	r1, r5
10002990:	d82d      	bhi.n	100029ee <sleep_us+0x72>
10002992:	d02a      	beq.n	100029ea <sleep_us+0x6e>
10002994:	2606      	movs	r6, #6
10002996:	4276      	negs	r6, r6
10002998:	17f7      	asrs	r7, r6, #31
1000299a:	1936      	adds	r6, r6, r4
1000299c:	416f      	adcs	r7, r5
1000299e:	42af      	cmp	r7, r5
100029a0:	d92c      	bls.n	100029fc <sleep_us+0x80>
100029a2:	2600      	movs	r6, #0
100029a4:	2700      	movs	r7, #0
100029a6:	f000 f941 	bl	10002c2c <time_us_64>
100029aa:	0032      	movs	r2, r6
100029ac:	003b      	movs	r3, r7
100029ae:	1a12      	subs	r2, r2, r0
100029b0:	418b      	sbcs	r3, r1
100029b2:	2b00      	cmp	r3, #0
100029b4:	dc07      	bgt.n	100029c6 <sleep_us+0x4a>
100029b6:	d004      	beq.n	100029c2 <sleep_us+0x46>
100029b8:	0029      	movs	r1, r5
100029ba:	0020      	movs	r0, r4
100029bc:	f000 f940 	bl	10002c40 <busy_wait_until>
100029c0:	bdf8      	pop	{r3, r4, r5, r6, r7, pc}
100029c2:	2a00      	cmp	r2, #0
100029c4:	d0f8      	beq.n	100029b8 <sleep_us+0x3c>
100029c6:	0030      	movs	r0, r6
100029c8:	0039      	movs	r1, r7
100029ca:	f7ff fe53 	bl	10002674 <alarm_pool_add_alarm_at.constprop.0>
100029ce:	2800      	cmp	r0, #0
100029d0:	dbf2      	blt.n	100029b8 <sleep_us+0x3c>
100029d2:	0039      	movs	r1, r7
100029d4:	4a0c      	ldr	r2, [pc, #48]	; (10002a08 <sleep_us+0x8c>)
100029d6:	6a53      	ldr	r3, [r2, #36]	; 0x24
100029d8:	4299      	cmp	r1, r3
100029da:	d804      	bhi.n	100029e6 <sleep_us+0x6a>
100029dc:	6a90      	ldr	r0, [r2, #40]	; 0x28
100029de:	42b0      	cmp	r0, r6
100029e0:	d2ea      	bcs.n	100029b8 <sleep_us+0x3c>
100029e2:	4299      	cmp	r1, r3
100029e4:	d1e8      	bne.n	100029b8 <sleep_us+0x3c>
100029e6:	bf20      	wfe
100029e8:	e7f5      	b.n	100029d6 <sleep_us+0x5a>
100029ea:	42a0      	cmp	r0, r4
100029ec:	d9d2      	bls.n	10002994 <sleep_us+0x18>
100029ee:	2401      	movs	r4, #1
100029f0:	4264      	negs	r4, r4
100029f2:	17e5      	asrs	r5, r4, #31
100029f4:	2607      	movs	r6, #7
100029f6:	4276      	negs	r6, r6
100029f8:	17f7      	asrs	r7, r6, #31
100029fa:	e7d4      	b.n	100029a6 <sleep_us+0x2a>
100029fc:	42af      	cmp	r7, r5
100029fe:	d1d2      	bne.n	100029a6 <sleep_us+0x2a>
10002a00:	42a6      	cmp	r6, r4
10002a02:	d8ce      	bhi.n	100029a2 <sleep_us+0x26>
10002a04:	e7cf      	b.n	100029a6 <sleep_us+0x2a>
10002a06:	46c0      	nop			; (mov r8, r8)
10002a08:	40054000 	.word	0x40054000

10002a0c <sleep_ms>:
10002a0c:	b5f8      	push	{r3, r4, r5, r6, r7, lr}
10002a0e:	0004      	movs	r4, r0
10002a10:	f000 f90c 	bl	10002c2c <time_us_64>
10002a14:	22fa      	movs	r2, #250	; 0xfa
10002a16:	0006      	movs	r6, r0
10002a18:	000f      	movs	r7, r1
10002a1a:	0020      	movs	r0, r4
10002a1c:	2300      	movs	r3, #0
10002a1e:	2100      	movs	r1, #0
10002a20:	0092      	lsls	r2, r2, #2
10002a22:	f003 fafb 	bl	1000601c <__wrap___aeabi_lmul>
10002a26:	1980      	adds	r0, r0, r6
10002a28:	4179      	adcs	r1, r7
10002a2a:	0004      	movs	r4, r0
10002a2c:	000d      	movs	r5, r1
10002a2e:	428f      	cmp	r7, r1
10002a30:	d82d      	bhi.n	10002a8e <sleep_ms+0x82>
10002a32:	d02a      	beq.n	10002a8a <sleep_ms+0x7e>
10002a34:	2606      	movs	r6, #6
10002a36:	4276      	negs	r6, r6
10002a38:	17f7      	asrs	r7, r6, #31
10002a3a:	1936      	adds	r6, r6, r4
10002a3c:	416f      	adcs	r7, r5
10002a3e:	42af      	cmp	r7, r5
10002a40:	d92c      	bls.n	10002a9c <sleep_ms+0x90>
10002a42:	2600      	movs	r6, #0
10002a44:	2700      	movs	r7, #0
10002a46:	f000 f8f1 	bl	10002c2c <time_us_64>
10002a4a:	0032      	movs	r2, r6
10002a4c:	003b      	movs	r3, r7
10002a4e:	1a12      	subs	r2, r2, r0
10002a50:	418b      	sbcs	r3, r1
10002a52:	2b00      	cmp	r3, #0
10002a54:	dc07      	bgt.n	10002a66 <sleep_ms+0x5a>
10002a56:	d004      	beq.n	10002a62 <sleep_ms+0x56>
10002a58:	0029      	movs	r1, r5
10002a5a:	0020      	movs	r0, r4
10002a5c:	f000 f8f0 	bl	10002c40 <busy_wait_until>
10002a60:	bdf8      	pop	{r3, r4, r5, r6, r7, pc}
10002a62:	2a00      	cmp	r2, #0
10002a64:	d0f8      	beq.n	10002a58 <sleep_ms+0x4c>
10002a66:	0030      	movs	r0, r6
10002a68:	0039      	movs	r1, r7
10002a6a:	f7ff fe03 	bl	10002674 <alarm_pool_add_alarm_at.constprop.0>
10002a6e:	2800      	cmp	r0, #0
10002a70:	dbf2      	blt.n	10002a58 <sleep_ms+0x4c>
10002a72:	0039      	movs	r1, r7
10002a74:	4a0c      	ldr	r2, [pc, #48]	; (10002aa8 <sleep_ms+0x9c>)
10002a76:	6a53      	ldr	r3, [r2, #36]	; 0x24
10002a78:	4299      	cmp	r1, r3
10002a7a:	d804      	bhi.n	10002a86 <sleep_ms+0x7a>
10002a7c:	6a90      	ldr	r0, [r2, #40]	; 0x28
10002a7e:	42b0      	cmp	r0, r6
10002a80:	d2ea      	bcs.n	10002a58 <sleep_ms+0x4c>
10002a82:	4299      	cmp	r1, r3
10002a84:	d1e8      	bne.n	10002a58 <sleep_ms+0x4c>
10002a86:	bf20      	wfe
10002a88:	e7f5      	b.n	10002a76 <sleep_ms+0x6a>
10002a8a:	4286      	cmp	r6, r0
10002a8c:	d9d2      	bls.n	10002a34 <sleep_ms+0x28>
10002a8e:	2401      	movs	r4, #1
10002a90:	4264      	negs	r4, r4
10002a92:	17e5      	asrs	r5, r4, #31
10002a94:	2607      	movs	r6, #7
10002a96:	4276      	negs	r6, r6
10002a98:	17f7      	asrs	r7, r6, #31
10002a9a:	e7d4      	b.n	10002a46 <sleep_ms+0x3a>
10002a9c:	42af      	cmp	r7, r5
10002a9e:	d1d2      	bne.n	10002a46 <sleep_ms+0x3a>
10002aa0:	42a6      	cmp	r6, r4
10002aa2:	d8ce      	bhi.n	10002a42 <sleep_ms+0x36>
10002aa4:	e7cf      	b.n	10002a46 <sleep_ms+0x3a>
10002aa6:	46c0      	nop			; (mov r8, r8)
10002aa8:	40054000 	.word	0x40054000

10002aac <best_effort_wfe_or_timeout>:
10002aac:	b5f8      	push	{r3, r4, r5, r6, r7, lr}
10002aae:	46ce      	mov	lr, r9
10002ab0:	4647      	mov	r7, r8
10002ab2:	b580      	push	{r7, lr}
10002ab4:	0005      	movs	r5, r0
10002ab6:	000c      	movs	r4, r1
10002ab8:	f7ff fddc 	bl	10002674 <alarm_pool_add_alarm_at.constprop.0>
10002abc:	1e03      	subs	r3, r0, #0
10002abe:	dc11      	bgt.n	10002ae4 <best_effort_wfe_or_timeout+0x38>
10002ac0:	4a24      	ldr	r2, [pc, #144]	; (10002b54 <best_effort_wfe_or_timeout+0xa8>)
10002ac2:	2000      	movs	r0, #0
10002ac4:	6a53      	ldr	r3, [r2, #36]	; 0x24
10002ac6:	42a3      	cmp	r3, r4
10002ac8:	d303      	bcc.n	10002ad2 <best_effort_wfe_or_timeout+0x26>
10002aca:	6a92      	ldr	r2, [r2, #40]	; 0x28
10002acc:	3001      	adds	r0, #1
10002ace:	42aa      	cmp	r2, r5
10002ad0:	d303      	bcc.n	10002ada <best_effort_wfe_or_timeout+0x2e>
10002ad2:	bcc0      	pop	{r6, r7}
10002ad4:	46b9      	mov	r9, r7
10002ad6:	46b0      	mov	r8, r6
10002ad8:	bdf8      	pop	{r3, r4, r5, r6, r7, pc}
10002ada:	1b1b      	subs	r3, r3, r4
10002adc:	1e5a      	subs	r2, r3, #1
10002ade:	4193      	sbcs	r3, r2
10002ae0:	b2d8      	uxtb	r0, r3
10002ae2:	e7f6      	b.n	10002ad2 <best_effort_wfe_or_timeout+0x26>
10002ae4:	bf20      	wfe
10002ae6:	4e1c      	ldr	r6, [pc, #112]	; (10002b58 <best_effort_wfe_or_timeout+0xac>)
10002ae8:	6871      	ldr	r1, [r6, #4]
10002aea:	f3ef 8710 	mrs	r7, PRIMASK
10002aee:	b672      	cpsid	i
10002af0:	680a      	ldr	r2, [r1, #0]
10002af2:	2a00      	cmp	r2, #0
10002af4:	d0fc      	beq.n	10002af0 <best_effort_wfe_or_timeout+0x44>
10002af6:	f3bf 8f5f 	dmb	sy
10002afa:	b2da      	uxtb	r2, r3
10002afc:	4694      	mov	ip, r2
10002afe:	22ff      	movs	r2, #255	; 0xff
10002b00:	6830      	ldr	r0, [r6, #0]
10002b02:	401a      	ands	r2, r3
10002b04:	7b41      	ldrb	r1, [r0, #13]
10002b06:	4561      	cmp	r1, ip
10002b08:	d00a      	beq.n	10002b20 <best_effort_wfe_or_timeout+0x74>
10002b0a:	6801      	ldr	r1, [r0, #0]
10002b0c:	4689      	mov	r9, r1
10002b0e:	0051      	lsls	r1, r2, #1
10002b10:	4688      	mov	r8, r1
10002b12:	4649      	mov	r1, r9
10002b14:	4490      	add	r8, r2
10002b16:	4441      	add	r1, r8
10002b18:	3903      	subs	r1, #3
10002b1a:	7889      	ldrb	r1, [r1, #2]
10002b1c:	2900      	cmp	r1, #0
10002b1e:	d00f      	beq.n	10002b40 <best_effort_wfe_or_timeout+0x94>
10002b20:	68f1      	ldr	r1, [r6, #12]
10002b22:	0a1b      	lsrs	r3, r3, #8
10002b24:	188a      	adds	r2, r1, r2
10002b26:	3a01      	subs	r2, #1
10002b28:	7812      	ldrb	r2, [r2, #0]
10002b2a:	b2db      	uxtb	r3, r3
10002b2c:	429a      	cmp	r2, r3
10002b2e:	d00c      	beq.n	10002b4a <best_effort_wfe_or_timeout+0x9e>
10002b30:	6873      	ldr	r3, [r6, #4]
10002b32:	f3bf 8f5f 	dmb	sy
10002b36:	2200      	movs	r2, #0
10002b38:	601a      	str	r2, [r3, #0]
10002b3a:	f387 8810 	msr	PRIMASK, r7
10002b3e:	e7bf      	b.n	10002ac0 <best_effort_wfe_or_timeout+0x14>
10002b40:	6932      	ldr	r2, [r6, #16]
10002b42:	4293      	cmp	r3, r2
10002b44:	d1f4      	bne.n	10002b30 <best_effort_wfe_or_timeout+0x84>
10002b46:	6131      	str	r1, [r6, #16]
10002b48:	e7f2      	b.n	10002b30 <best_effort_wfe_or_timeout+0x84>
10002b4a:	4661      	mov	r1, ip
10002b4c:	f000 fb3a 	bl	100031c4 <ph_remove_and_free_node>
10002b50:	e7ee      	b.n	10002b30 <best_effort_wfe_or_timeout+0x84>
10002b52:	46c0      	nop			; (mov r8, r8)
10002b54:	40054000 	.word	0x40054000
10002b58:	2000023c 	.word	0x2000023c

10002b5c <hardware_alarm_irq_handler>:
10002b5c:	b5f0      	push	{r4, r5, r6, r7, lr}
10002b5e:	46d6      	mov	lr, sl
10002b60:	464f      	mov	r7, r9
10002b62:	4646      	mov	r6, r8
10002b64:	b5c0      	push	{r6, r7, lr}
10002b66:	f3ef 8205 	mrs	r2, IPSR
10002b6a:	233f      	movs	r3, #63	; 0x3f
10002b6c:	4013      	ands	r3, r2
10002b6e:	0018      	movs	r0, r3
10002b70:	3810      	subs	r0, #16
10002b72:	f3ef 8c10 	mrs	ip, PRIMASK
10002b76:	b672      	cpsid	i
10002b78:	4920      	ldr	r1, [pc, #128]	; (10002bfc <hardware_alarm_irq_handler+0xa0>)
10002b7a:	680a      	ldr	r2, [r1, #0]
10002b7c:	2a00      	cmp	r2, #0
10002b7e:	d0fc      	beq.n	10002b7a <hardware_alarm_irq_handler+0x1e>
10002b80:	f3bf 8f5f 	dmb	sy
10002b84:	2201      	movs	r2, #1
10002b86:	0017      	movs	r7, r2
10002b88:	4087      	lsls	r7, r0
10002b8a:	4c1d      	ldr	r4, [pc, #116]	; (10002c00 <hardware_alarm_irq_handler+0xa4>)
10002b8c:	0016      	movs	r6, r2
10002b8e:	46a2      	mov	sl, r4
10002b90:	6367      	str	r7, [r4, #52]	; 0x34
10002b92:	4c1c      	ldr	r4, [pc, #112]	; (10002c04 <hardware_alarm_irq_handler+0xa8>)
10002b94:	7825      	ldrb	r5, [r4, #0]
10002b96:	46a0      	mov	r8, r4
10002b98:	002c      	movs	r4, r5
10002b9a:	40c4      	lsrs	r4, r0
10002b9c:	4026      	ands	r6, r4
10002b9e:	4222      	tst	r2, r4
10002ba0:	d015      	beq.n	10002bce <hardware_alarm_irq_handler+0x72>
10002ba2:	4652      	mov	r2, sl
10002ba4:	6a56      	ldr	r6, [r2, #36]	; 0x24
10002ba6:	4a18      	ldr	r2, [pc, #96]	; (10002c08 <hardware_alarm_irq_handler+0xac>)
10002ba8:	0084      	lsls	r4, r0, #2
10002baa:	58a2      	ldr	r2, [r4, r2]
10002bac:	4296      	cmp	r6, r2
10002bae:	d318      	bcc.n	10002be2 <hardware_alarm_irq_handler+0x86>
10002bb0:	4642      	mov	r2, r8
10002bb2:	4b16      	ldr	r3, [pc, #88]	; (10002c0c <hardware_alarm_irq_handler+0xb0>)
10002bb4:	43bd      	bics	r5, r7
10002bb6:	58e3      	ldr	r3, [r4, r3]
10002bb8:	7015      	strb	r5, [r2, #0]
10002bba:	f3bf 8f5f 	dmb	sy
10002bbe:	2200      	movs	r2, #0
10002bc0:	600a      	str	r2, [r1, #0]
10002bc2:	f38c 8810 	msr	PRIMASK, ip
10002bc6:	2b00      	cmp	r3, #0
10002bc8:	d006      	beq.n	10002bd8 <hardware_alarm_irq_handler+0x7c>
10002bca:	4798      	blx	r3
10002bcc:	e004      	b.n	10002bd8 <hardware_alarm_irq_handler+0x7c>
10002bce:	f3bf 8f5f 	dmb	sy
10002bd2:	600e      	str	r6, [r1, #0]
10002bd4:	f38c 8810 	msr	PRIMASK, ip
10002bd8:	bce0      	pop	{r5, r6, r7}
10002bda:	46ba      	mov	sl, r7
10002bdc:	46b1      	mov	r9, r6
10002bde:	46a8      	mov	r8, r5
10002be0:	bdf0      	pop	{r4, r5, r6, r7, pc}
10002be2:	4a0b      	ldr	r2, [pc, #44]	; (10002c10 <hardware_alarm_irq_handler+0xb4>)
10002be4:	009b      	lsls	r3, r3, #2
10002be6:	4690      	mov	r8, r2
10002be8:	4443      	add	r3, r8
10002bea:	681a      	ldr	r2, [r3, #0]
10002bec:	601a      	str	r2, [r3, #0]
10002bee:	f3bf 8f5f 	dmb	sy
10002bf2:	2300      	movs	r3, #0
10002bf4:	600b      	str	r3, [r1, #0]
10002bf6:	f38c 8810 	msr	PRIMASK, ip
10002bfa:	e7ed      	b.n	10002bd8 <hardware_alarm_irq_handler+0x7c>
10002bfc:	d0000128 	.word	0xd0000128
10002c00:	40054000 	.word	0x40054000
10002c04:	20001ea3 	.word	0x20001ea3
10002c08:	20001e7c 	.word	0x20001e7c
10002c0c:	20001444 	.word	0x20001444
10002c10:	40053fd0 	.word	0x40053fd0

10002c14 <hardware_alarm_claim>:
10002c14:	b510      	push	{r4, lr}
10002c16:	4b03      	ldr	r3, [pc, #12]	; (10002c24 <hardware_alarm_claim+0x10>)
10002c18:	0001      	movs	r1, r0
10002c1a:	0018      	movs	r0, r3
10002c1c:	4a02      	ldr	r2, [pc, #8]	; (10002c28 <hardware_alarm_claim+0x14>)
10002c1e:	f7ff fa8f 	bl	10002140 <hw_claim_or_assert>
10002c22:	bd10      	pop	{r4, pc}
10002c24:	20001e9a 	.word	0x20001e9a
10002c28:	100097d4 	.word	0x100097d4

10002c2c <time_us_64>:
10002c2c:	4b03      	ldr	r3, [pc, #12]	; (10002c3c <time_us_64+0x10>)
10002c2e:	6a59      	ldr	r1, [r3, #36]	; 0x24
10002c30:	000a      	movs	r2, r1
10002c32:	6a98      	ldr	r0, [r3, #40]	; 0x28
10002c34:	6a59      	ldr	r1, [r3, #36]	; 0x24
10002c36:	428a      	cmp	r2, r1
10002c38:	d1fa      	bne.n	10002c30 <time_us_64+0x4>
10002c3a:	4770      	bx	lr
10002c3c:	40054000 	.word	0x40054000

10002c40 <busy_wait_until>:
10002c40:	4a06      	ldr	r2, [pc, #24]	; (10002c5c <busy_wait_until+0x1c>)
10002c42:	6a53      	ldr	r3, [r2, #36]	; 0x24
10002c44:	4299      	cmp	r1, r3
10002c46:	d8fc      	bhi.n	10002c42 <busy_wait_until+0x2>
10002c48:	d107      	bne.n	10002c5a <busy_wait_until+0x1a>
10002c4a:	4b04      	ldr	r3, [pc, #16]	; (10002c5c <busy_wait_until+0x1c>)
10002c4c:	e002      	b.n	10002c54 <busy_wait_until+0x14>
10002c4e:	6a5a      	ldr	r2, [r3, #36]	; 0x24
10002c50:	4291      	cmp	r1, r2
10002c52:	d102      	bne.n	10002c5a <busy_wait_until+0x1a>
10002c54:	6a9a      	ldr	r2, [r3, #40]	; 0x28
10002c56:	4282      	cmp	r2, r0
10002c58:	d3f9      	bcc.n	10002c4e <busy_wait_until+0xe>
10002c5a:	4770      	bx	lr
10002c5c:	40054000 	.word	0x40054000

10002c60 <hardware_alarm_set_callback>:
10002c60:	b570      	push	{r4, r5, r6, lr}
10002c62:	0004      	movs	r4, r0
10002c64:	000d      	movs	r5, r1
10002c66:	f3ef 8610 	mrs	r6, PRIMASK
10002c6a:	b672      	cpsid	i
10002c6c:	4a1a      	ldr	r2, [pc, #104]	; (10002cd8 <hardware_alarm_set_callback+0x78>)
10002c6e:	6813      	ldr	r3, [r2, #0]
10002c70:	2b00      	cmp	r3, #0
10002c72:	d0fc      	beq.n	10002c6e <hardware_alarm_set_callback+0xe>
10002c74:	f3bf 8f5f 	dmb	sy
10002c78:	2d00      	cmp	r5, #0
10002c7a:	d01b      	beq.n	10002cb4 <hardware_alarm_set_callback+0x54>
10002c7c:	0020      	movs	r0, r4
10002c7e:	f000 fdf9 	bl	10003874 <irq_get_vtable_handler>
10002c82:	4916      	ldr	r1, [pc, #88]	; (10002cdc <hardware_alarm_set_callback+0x7c>)
10002c84:	4281      	cmp	r1, r0
10002c86:	d00a      	beq.n	10002c9e <hardware_alarm_set_callback+0x3e>
10002c88:	0020      	movs	r0, r4
10002c8a:	f000 fdfb 	bl	10003884 <irq_set_exclusive_handler>
10002c8e:	2101      	movs	r1, #1
10002c90:	0020      	movs	r0, r4
10002c92:	f000 fdd5 	bl	10003840 <irq_set_enabled>
10002c96:	2301      	movs	r3, #1
10002c98:	40a3      	lsls	r3, r4
10002c9a:	4a11      	ldr	r2, [pc, #68]	; (10002ce0 <hardware_alarm_set_callback+0x80>)
10002c9c:	6013      	str	r3, [r2, #0]
10002c9e:	4b11      	ldr	r3, [pc, #68]	; (10002ce4 <hardware_alarm_set_callback+0x84>)
10002ca0:	00a4      	lsls	r4, r4, #2
10002ca2:	50e5      	str	r5, [r4, r3]
10002ca4:	f3bf 8f5f 	dmb	sy
10002ca8:	2200      	movs	r2, #0
10002caa:	4b0b      	ldr	r3, [pc, #44]	; (10002cd8 <hardware_alarm_set_callback+0x78>)
10002cac:	601a      	str	r2, [r3, #0]
10002cae:	f386 8810 	msr	PRIMASK, r6
10002cb2:	bd70      	pop	{r4, r5, r6, pc}
10002cb4:	2101      	movs	r1, #1
10002cb6:	40a1      	lsls	r1, r4
10002cb8:	4b0a      	ldr	r3, [pc, #40]	; (10002ce4 <hardware_alarm_set_callback+0x84>)
10002cba:	00a2      	lsls	r2, r4, #2
10002cbc:	50d5      	str	r5, [r2, r3]
10002cbe:	4b0a      	ldr	r3, [pc, #40]	; (10002ce8 <hardware_alarm_set_callback+0x88>)
10002cc0:	0020      	movs	r0, r4
10002cc2:	781a      	ldrb	r2, [r3, #0]
10002cc4:	438a      	bics	r2, r1
10002cc6:	4905      	ldr	r1, [pc, #20]	; (10002cdc <hardware_alarm_set_callback+0x7c>)
10002cc8:	701a      	strb	r2, [r3, #0]
10002cca:	f000 fe05 	bl	100038d8 <irq_remove_handler>
10002cce:	2100      	movs	r1, #0
10002cd0:	0020      	movs	r0, r4
10002cd2:	f000 fdb5 	bl	10003840 <irq_set_enabled>
10002cd6:	e7e5      	b.n	10002ca4 <hardware_alarm_set_callback+0x44>
10002cd8:	d0000128 	.word	0xd0000128
10002cdc:	10002b5d 	.word	0x10002b5d
10002ce0:	40056038 	.word	0x40056038
10002ce4:	20001444 	.word	0x20001444
10002ce8:	20001ea3 	.word	0x20001ea3

10002cec <hardware_alarm_set_target>:
10002cec:	b5f0      	push	{r4, r5, r6, r7, lr}
10002cee:	464f      	mov	r7, r9
10002cf0:	46d6      	mov	lr, sl
10002cf2:	4646      	mov	r6, r8
10002cf4:	b5c0      	push	{r6, r7, lr}
10002cf6:	0007      	movs	r7, r0
10002cf8:	4c2e      	ldr	r4, [pc, #184]	; (10002db4 <hardware_alarm_set_target+0xc8>)
10002cfa:	6a61      	ldr	r1, [r4, #36]	; 0x24
10002cfc:	000d      	movs	r5, r1
10002cfe:	6aa6      	ldr	r6, [r4, #40]	; 0x28
10002d00:	6a61      	ldr	r1, [r4, #36]	; 0x24
10002d02:	42a9      	cmp	r1, r5
10002d04:	d1fa      	bne.n	10002cfc <hardware_alarm_set_target+0x10>
10002d06:	428b      	cmp	r3, r1
10002d08:	d808      	bhi.n	10002d1c <hardware_alarm_set_target+0x30>
10002d0a:	d005      	beq.n	10002d18 <hardware_alarm_set_target+0x2c>
10002d0c:	2001      	movs	r0, #1
10002d0e:	bce0      	pop	{r5, r6, r7}
10002d10:	46ba      	mov	sl, r7
10002d12:	46b1      	mov	r9, r6
10002d14:	46a8      	mov	r8, r5
10002d16:	bdf0      	pop	{r4, r5, r6, r7, pc}
10002d18:	42b2      	cmp	r2, r6
10002d1a:	d9f7      	bls.n	10002d0c <hardware_alarm_set_target+0x20>
10002d1c:	f3ef 8a10 	mrs	sl, PRIMASK
10002d20:	b672      	cpsid	i
10002d22:	4825      	ldr	r0, [pc, #148]	; (10002db8 <hardware_alarm_set_target+0xcc>)
10002d24:	6801      	ldr	r1, [r0, #0]
10002d26:	2900      	cmp	r1, #0
10002d28:	d0fc      	beq.n	10002d24 <hardware_alarm_set_target+0x38>
10002d2a:	f3bf 8f5f 	dmb	sy
10002d2e:	2501      	movs	r5, #1
10002d30:	40bd      	lsls	r5, r7
10002d32:	4922      	ldr	r1, [pc, #136]	; (10002dbc <hardware_alarm_set_target+0xd0>)
10002d34:	4c1f      	ldr	r4, [pc, #124]	; (10002db4 <hardware_alarm_set_target+0xc8>)
10002d36:	4688      	mov	r8, r1
10002d38:	7809      	ldrb	r1, [r1, #0]
10002d3a:	4689      	mov	r9, r1
10002d3c:	4329      	orrs	r1, r5
10002d3e:	b2c9      	uxtb	r1, r1
10002d40:	468c      	mov	ip, r1
10002d42:	4641      	mov	r1, r8
10002d44:	4660      	mov	r0, ip
10002d46:	7008      	strb	r0, [r1, #0]
10002d48:	1d39      	adds	r1, r7, #4
10002d4a:	0089      	lsls	r1, r1, #2
10002d4c:	6365      	str	r5, [r4, #52]	; 0x34
10002d4e:	510a      	str	r2, [r1, r4]
10002d50:	491b      	ldr	r1, [pc, #108]	; (10002dc0 <hardware_alarm_set_target+0xd4>)
10002d52:	00b8      	lsls	r0, r7, #2
10002d54:	5043      	str	r3, [r0, r1]
10002d56:	6a21      	ldr	r1, [r4, #32]
10002d58:	2000      	movs	r0, #0
10002d5a:	4229      	tst	r1, r5
10002d5c:	d019      	beq.n	10002d92 <hardware_alarm_set_target+0xa6>
10002d5e:	6a61      	ldr	r1, [r4, #36]	; 0x24
10002d60:	0008      	movs	r0, r1
10002d62:	6aa6      	ldr	r6, [r4, #40]	; 0x28
10002d64:	6a61      	ldr	r1, [r4, #36]	; 0x24
10002d66:	4281      	cmp	r1, r0
10002d68:	d1fa      	bne.n	10002d60 <hardware_alarm_set_target+0x74>
10002d6a:	428b      	cmp	r3, r1
10002d6c:	d819      	bhi.n	10002da2 <hardware_alarm_set_target+0xb6>
10002d6e:	d101      	bne.n	10002d74 <hardware_alarm_set_target+0x88>
10002d70:	42b2      	cmp	r2, r6
10002d72:	d816      	bhi.n	10002da2 <hardware_alarm_set_target+0xb6>
10002d74:	45cc      	cmp	ip, r9
10002d76:	d00b      	beq.n	10002d90 <hardware_alarm_set_target+0xa4>
10002d78:	4b0e      	ldr	r3, [pc, #56]	; (10002db4 <hardware_alarm_set_target+0xc8>)
10002d7a:	221f      	movs	r2, #31
10002d7c:	621d      	str	r5, [r3, #32]
10002d7e:	635d      	str	r5, [r3, #52]	; 0x34
10002d80:	2301      	movs	r3, #1
10002d82:	403a      	ands	r2, r7
10002d84:	4093      	lsls	r3, r2
10002d86:	4a0f      	ldr	r2, [pc, #60]	; (10002dc4 <hardware_alarm_set_target+0xd8>)
10002d88:	6013      	str	r3, [r2, #0]
10002d8a:	4643      	mov	r3, r8
10002d8c:	464a      	mov	r2, r9
10002d8e:	701a      	strb	r2, [r3, #0]
10002d90:	2001      	movs	r0, #1
10002d92:	f3bf 8f5f 	dmb	sy
10002d96:	2200      	movs	r2, #0
10002d98:	4b07      	ldr	r3, [pc, #28]	; (10002db8 <hardware_alarm_set_target+0xcc>)
10002d9a:	601a      	str	r2, [r3, #0]
10002d9c:	f38a 8810 	msr	PRIMASK, sl
10002da0:	e7b5      	b.n	10002d0e <hardware_alarm_set_target+0x22>
10002da2:	2000      	movs	r0, #0
10002da4:	f3bf 8f5f 	dmb	sy
10002da8:	2200      	movs	r2, #0
10002daa:	4b03      	ldr	r3, [pc, #12]	; (10002db8 <hardware_alarm_set_target+0xcc>)
10002dac:	601a      	str	r2, [r3, #0]
10002dae:	f38a 8810 	msr	PRIMASK, sl
10002db2:	e7ac      	b.n	10002d0e <hardware_alarm_set_target+0x22>
10002db4:	40054000 	.word	0x40054000
10002db8:	d0000128 	.word	0xd0000128
10002dbc:	20001ea3 	.word	0x20001ea3
10002dc0:	20001e7c 	.word	0x20001e7c
10002dc4:	e000e280 	.word	0xe000e280

10002dc8 <hardware_alarm_cancel>:
10002dc8:	f3ef 8c10 	mrs	ip, PRIMASK
10002dcc:	b672      	cpsid	i
10002dce:	490a      	ldr	r1, [pc, #40]	; (10002df8 <hardware_alarm_cancel+0x30>)
10002dd0:	680b      	ldr	r3, [r1, #0]
10002dd2:	2b00      	cmp	r3, #0
10002dd4:	d0fc      	beq.n	10002dd0 <hardware_alarm_cancel+0x8>
10002dd6:	f3bf 8f5f 	dmb	sy
10002dda:	2301      	movs	r3, #1
10002ddc:	4083      	lsls	r3, r0
10002dde:	4a07      	ldr	r2, [pc, #28]	; (10002dfc <hardware_alarm_cancel+0x34>)
10002de0:	4807      	ldr	r0, [pc, #28]	; (10002e00 <hardware_alarm_cancel+0x38>)
10002de2:	6213      	str	r3, [r2, #32]
10002de4:	7802      	ldrb	r2, [r0, #0]
10002de6:	439a      	bics	r2, r3
10002de8:	7002      	strb	r2, [r0, #0]
10002dea:	f3bf 8f5f 	dmb	sy
10002dee:	2300      	movs	r3, #0
10002df0:	600b      	str	r3, [r1, #0]
10002df2:	f38c 8810 	msr	PRIMASK, ip
10002df6:	4770      	bx	lr
10002df8:	d0000128 	.word	0xd0000128
10002dfc:	40054000 	.word	0x40054000
10002e00:	20001ea3 	.word	0x20001ea3

10002e04 <lock_init>:
10002e04:	4b02      	ldr	r3, [pc, #8]	; (10002e10 <lock_init+0xc>)
10002e06:	469c      	mov	ip, r3
10002e08:	4461      	add	r1, ip
10002e0a:	0089      	lsls	r1, r1, #2
10002e0c:	6001      	str	r1, [r0, #0]
10002e0e:	4770      	bx	lr
10002e10:	34000040 	.word	0x34000040

10002e14 <mutex_init>:
10002e14:	b510      	push	{r4, lr}
10002e16:	0004      	movs	r4, r0
10002e18:	f7ff fa1a 	bl	10002250 <next_striped_spin_lock_num>
10002e1c:	0001      	movs	r1, r0
10002e1e:	0020      	movs	r0, r4
10002e20:	f7ff fff0 	bl	10002e04 <lock_init>
10002e24:	23ff      	movs	r3, #255	; 0xff
10002e26:	7123      	strb	r3, [r4, #4]
10002e28:	f3bf 8f5f 	dmb	sy
10002e2c:	bd10      	pop	{r4, pc}
10002e2e:	46c0      	nop			; (mov r8, r8)

10002e30 <critical_section_init>:
10002e30:	b510      	push	{r4, lr}
10002e32:	0004      	movs	r4, r0
10002e34:	2001      	movs	r0, #1
10002e36:	f7ff fa17 	bl	10002268 <spin_lock_claim_unused>
10002e3a:	0001      	movs	r1, r0
10002e3c:	0020      	movs	r0, r4
10002e3e:	f7ff ffe1 	bl	10002e04 <lock_init>
10002e42:	f3bf 8f5f 	dmb	sy
10002e46:	bd10      	pop	{r4, pc}

10002e48 <ph_merge_nodes>:
10002e48:	b570      	push	{r4, r5, r6, lr}
10002e4a:	0006      	movs	r6, r0
10002e4c:	000d      	movs	r5, r1
10002e4e:	0014      	movs	r4, r2
10002e50:	2900      	cmp	r1, #0
10002e52:	d01d      	beq.n	10002e90 <ph_merge_nodes+0x48>
10002e54:	2a00      	cmp	r2, #0
10002e56:	d012      	beq.n	10002e7e <ph_merge_nodes+0x36>
10002e58:	6873      	ldr	r3, [r6, #4]
10002e5a:	6880      	ldr	r0, [r0, #8]
10002e5c:	4798      	blx	r3
10002e5e:	0062      	lsls	r2, r4, #1
10002e60:	006b      	lsls	r3, r5, #1
10002e62:	1912      	adds	r2, r2, r4
10002e64:	195b      	adds	r3, r3, r5
10002e66:	6831      	ldr	r1, [r6, #0]
10002e68:	3a03      	subs	r2, #3
10002e6a:	3b03      	subs	r3, #3
10002e6c:	2800      	cmp	r0, #0
10002e6e:	d008      	beq.n	10002e82 <ph_merge_nodes+0x3a>
10002e70:	188a      	adds	r2, r1, r2
10002e72:	7095      	strb	r5, [r2, #2]
10002e74:	18c8      	adds	r0, r1, r3
10002e76:	5ccb      	ldrb	r3, [r1, r3]
10002e78:	2b00      	cmp	r3, #0
10002e7a:	d10b      	bne.n	10002e94 <ph_merge_nodes+0x4c>
10002e7c:	7004      	strb	r4, [r0, #0]
10002e7e:	0028      	movs	r0, r5
10002e80:	bd70      	pop	{r4, r5, r6, pc}
10002e82:	18cb      	adds	r3, r1, r3
10002e84:	709c      	strb	r4, [r3, #2]
10002e86:	1888      	adds	r0, r1, r2
10002e88:	5c8a      	ldrb	r2, [r1, r2]
10002e8a:	2a00      	cmp	r2, #0
10002e8c:	d105      	bne.n	10002e9a <ph_merge_nodes+0x52>
10002e8e:	7005      	strb	r5, [r0, #0]
10002e90:	0020      	movs	r0, r4
10002e92:	e7f5      	b.n	10002e80 <ph_merge_nodes+0x38>
10002e94:	7053      	strb	r3, [r2, #1]
10002e96:	7004      	strb	r4, [r0, #0]
10002e98:	e7f1      	b.n	10002e7e <ph_merge_nodes+0x36>
10002e9a:	705a      	strb	r2, [r3, #1]
10002e9c:	7005      	strb	r5, [r0, #0]
10002e9e:	e7f7      	b.n	10002e90 <ph_merge_nodes+0x48>

10002ea0 <ph_post_alloc_init>:
10002ea0:	b510      	push	{r4, lr}
10002ea2:	6083      	str	r3, [r0, #8]
10002ea4:	2300      	movs	r3, #0
10002ea6:	b2cc      	uxtb	r4, r1
10002ea8:	7343      	strb	r3, [r0, #13]
10002eaa:	3301      	adds	r3, #1
10002eac:	6042      	str	r2, [r0, #4]
10002eae:	7304      	strb	r4, [r0, #12]
10002eb0:	7383      	strb	r3, [r0, #14]
10002eb2:	73c4      	strb	r4, [r0, #15]
10002eb4:	6800      	ldr	r0, [r0, #0]
10002eb6:	1c42      	adds	r2, r0, #1
10002eb8:	2c01      	cmp	r4, #1
10002eba:	d905      	bls.n	10002ec8 <ph_post_alloc_init+0x28>
10002ebc:	3301      	adds	r3, #1
10002ebe:	b2db      	uxtb	r3, r3
10002ec0:	7013      	strb	r3, [r2, #0]
10002ec2:	3203      	adds	r2, #3
10002ec4:	429c      	cmp	r4, r3
10002ec6:	d1f9      	bne.n	10002ebc <ph_post_alloc_init+0x1c>
10002ec8:	23ff      	movs	r3, #255	; 0xff
10002eca:	400b      	ands	r3, r1
10002ecc:	005a      	lsls	r2, r3, #1
10002ece:	18d3      	adds	r3, r2, r3
10002ed0:	18c0      	adds	r0, r0, r3
10002ed2:	2300      	movs	r3, #0
10002ed4:	3803      	subs	r0, #3
10002ed6:	7043      	strb	r3, [r0, #1]
10002ed8:	bd10      	pop	{r4, pc}
10002eda:	46c0      	nop			; (mov r8, r8)

10002edc <ph_merge_two_pass>:
10002edc:	b570      	push	{r4, r5, r6, lr}
10002ede:	0005      	movs	r5, r0
10002ee0:	1e0c      	subs	r4, r1, #0
10002ee2:	d007      	beq.n	10002ef4 <ph_merge_two_pass+0x18>
10002ee4:	0063      	lsls	r3, r4, #1
10002ee6:	6801      	ldr	r1, [r0, #0]
10002ee8:	191b      	adds	r3, r3, r4
10002eea:	3b03      	subs	r3, #3
10002eec:	18cb      	adds	r3, r1, r3
10002eee:	785a      	ldrb	r2, [r3, #1]
10002ef0:	2a00      	cmp	r2, #0
10002ef2:	d101      	bne.n	10002ef8 <ph_merge_two_pass+0x1c>
10002ef4:	0020      	movs	r0, r4
10002ef6:	bd70      	pop	{r4, r5, r6, pc}
10002ef8:	0050      	lsls	r0, r2, #1
10002efa:	1880      	adds	r0, r0, r2
10002efc:	3803      	subs	r0, #3
10002efe:	1809      	adds	r1, r1, r0
10002f00:	2000      	movs	r0, #0
10002f02:	784e      	ldrb	r6, [r1, #1]
10002f04:	7048      	strb	r0, [r1, #1]
10002f06:	0021      	movs	r1, r4
10002f08:	7058      	strb	r0, [r3, #1]
10002f0a:	0028      	movs	r0, r5
10002f0c:	f7ff ff9c 	bl	10002e48 <ph_merge_nodes>
10002f10:	0031      	movs	r1, r6
10002f12:	0004      	movs	r4, r0
10002f14:	0028      	movs	r0, r5
10002f16:	f7ff ffe1 	bl	10002edc <ph_merge_two_pass>
10002f1a:	0006      	movs	r6, r0
10002f1c:	2c00      	cmp	r4, #0
10002f1e:	d020      	beq.n	10002f62 <ph_merge_two_pass+0x86>
10002f20:	2800      	cmp	r0, #0
10002f22:	d0e7      	beq.n	10002ef4 <ph_merge_two_pass+0x18>
10002f24:	0032      	movs	r2, r6
10002f26:	0021      	movs	r1, r4
10002f28:	686b      	ldr	r3, [r5, #4]
10002f2a:	68a8      	ldr	r0, [r5, #8]
10002f2c:	4798      	blx	r3
10002f2e:	0072      	lsls	r2, r6, #1
10002f30:	0063      	lsls	r3, r4, #1
10002f32:	1992      	adds	r2, r2, r6
10002f34:	191b      	adds	r3, r3, r4
10002f36:	6829      	ldr	r1, [r5, #0]
10002f38:	3a03      	subs	r2, #3
10002f3a:	3b03      	subs	r3, #3
10002f3c:	2800      	cmp	r0, #0
10002f3e:	d008      	beq.n	10002f52 <ph_merge_two_pass+0x76>
10002f40:	188a      	adds	r2, r1, r2
10002f42:	7094      	strb	r4, [r2, #2]
10002f44:	18c8      	adds	r0, r1, r3
10002f46:	5ccb      	ldrb	r3, [r1, r3]
10002f48:	2b00      	cmp	r3, #0
10002f4a:	d000      	beq.n	10002f4e <ph_merge_two_pass+0x72>
10002f4c:	7053      	strb	r3, [r2, #1]
10002f4e:	7006      	strb	r6, [r0, #0]
10002f50:	e7d0      	b.n	10002ef4 <ph_merge_two_pass+0x18>
10002f52:	18cb      	adds	r3, r1, r3
10002f54:	709e      	strb	r6, [r3, #2]
10002f56:	1888      	adds	r0, r1, r2
10002f58:	5c8a      	ldrb	r2, [r1, r2]
10002f5a:	2a00      	cmp	r2, #0
10002f5c:	d000      	beq.n	10002f60 <ph_merge_two_pass+0x84>
10002f5e:	705a      	strb	r2, [r3, #1]
10002f60:	7004      	strb	r4, [r0, #0]
10002f62:	0034      	movs	r4, r6
10002f64:	e7c6      	b.n	10002ef4 <ph_merge_two_pass+0x18>
10002f66:	46c0      	nop			; (mov r8, r8)

10002f68 <ph_remove_any_head>:
10002f68:	b5f8      	push	{r3, r4, r5, r6, r7, lr}
10002f6a:	4657      	mov	r7, sl
10002f6c:	464e      	mov	r6, r9
10002f6e:	4645      	mov	r5, r8
10002f70:	46de      	mov	lr, fp
10002f72:	004c      	lsls	r4, r1, #1
10002f74:	b5e0      	push	{r5, r6, r7, lr}
10002f76:	1864      	adds	r4, r4, r1
10002f78:	0017      	movs	r7, r2
10002f7a:	6802      	ldr	r2, [r0, #0]
10002f7c:	3c03      	subs	r4, #3
10002f7e:	0005      	movs	r5, r0
10002f80:	5d10      	ldrb	r0, [r2, r4]
10002f82:	1913      	adds	r3, r2, r4
10002f84:	000e      	movs	r6, r1
10002f86:	469c      	mov	ip, r3
10002f88:	2800      	cmp	r0, #0
10002f8a:	d052      	beq.n	10003032 <ph_remove_any_head+0xca>
10002f8c:	0043      	lsls	r3, r0, #1
10002f8e:	4698      	mov	r8, r3
10002f90:	181b      	adds	r3, r3, r0
10002f92:	3b03      	subs	r3, #3
10002f94:	18d3      	adds	r3, r2, r3
10002f96:	7859      	ldrb	r1, [r3, #1]
10002f98:	468a      	mov	sl, r1
10002f9a:	2900      	cmp	r1, #0
10002f9c:	d119      	bne.n	10002fd2 <ph_remove_any_head+0x6a>
10002f9e:	2f00      	cmp	r7, #0
10002fa0:	d00c      	beq.n	10002fbc <ph_remove_any_head+0x54>
10002fa2:	7bec      	ldrb	r4, [r5, #15]
10002fa4:	2c00      	cmp	r4, #0
10002fa6:	d050      	beq.n	1000304a <ph_remove_any_head+0xe2>
10002fa8:	0063      	lsls	r3, r4, #1
10002faa:	191b      	adds	r3, r3, r4
10002fac:	18d3      	adds	r3, r2, r3
10002fae:	3b03      	subs	r3, #3
10002fb0:	705e      	strb	r6, [r3, #1]
10002fb2:	73ee      	strb	r6, [r5, #15]
10002fb4:	4643      	mov	r3, r8
10002fb6:	1819      	adds	r1, r3, r0
10002fb8:	3903      	subs	r1, #3
10002fba:	1853      	adds	r3, r2, r1
10002fbc:	2200      	movs	r2, #0
10002fbe:	709a      	strb	r2, [r3, #2]
10002fc0:	2300      	movs	r3, #0
10002fc2:	4662      	mov	r2, ip
10002fc4:	7053      	strb	r3, [r2, #1]
10002fc6:	bcf0      	pop	{r4, r5, r6, r7}
10002fc8:	46bb      	mov	fp, r7
10002fca:	46b2      	mov	sl, r6
10002fcc:	46a9      	mov	r9, r5
10002fce:	46a0      	mov	r8, r4
10002fd0:	bdf8      	pop	{r3, r4, r5, r6, r7, pc}
10002fd2:	0049      	lsls	r1, r1, #1
10002fd4:	4451      	add	r1, sl
10002fd6:	3903      	subs	r1, #3
10002fd8:	1852      	adds	r2, r2, r1
10002fda:	7851      	ldrb	r1, [r2, #1]
10002fdc:	4688      	mov	r8, r1
10002fde:	2100      	movs	r1, #0
10002fe0:	7051      	strb	r1, [r2, #1]
10002fe2:	4689      	mov	r9, r1
10002fe4:	7059      	strb	r1, [r3, #1]
10002fe6:	4652      	mov	r2, sl
10002fe8:	0001      	movs	r1, r0
10002fea:	0028      	movs	r0, r5
10002fec:	f7ff ff2c 	bl	10002e48 <ph_merge_nodes>
10002ff0:	4643      	mov	r3, r8
10002ff2:	4682      	mov	sl, r0
10002ff4:	2b00      	cmp	r3, #0
10002ff6:	d007      	beq.n	10003008 <ph_remove_any_head+0xa0>
10002ff8:	005b      	lsls	r3, r3, #1
10002ffa:	6829      	ldr	r1, [r5, #0]
10002ffc:	4443      	add	r3, r8
10002ffe:	3b03      	subs	r3, #3
10003000:	18cb      	adds	r3, r1, r3
10003002:	785a      	ldrb	r2, [r3, #1]
10003004:	2a00      	cmp	r2, #0
10003006:	d12c      	bne.n	10003062 <ph_remove_any_head+0xfa>
10003008:	4651      	mov	r1, sl
1000300a:	4642      	mov	r2, r8
1000300c:	0028      	movs	r0, r5
1000300e:	f7ff ff1b 	bl	10002e48 <ph_merge_nodes>
10003012:	0001      	movs	r1, r0
10003014:	2f00      	cmp	r7, #0
10003016:	d01a      	beq.n	1000304e <ph_remove_any_head+0xe6>
10003018:	46a4      	mov	ip, r4
1000301a:	682a      	ldr	r2, [r5, #0]
1000301c:	7bef      	ldrb	r7, [r5, #15]
1000301e:	4494      	add	ip, r2
10003020:	2f00      	cmp	r7, #0
10003022:	d004      	beq.n	1000302e <ph_remove_any_head+0xc6>
10003024:	007b      	lsls	r3, r7, #1
10003026:	19db      	adds	r3, r3, r7
10003028:	18d3      	adds	r3, r2, r3
1000302a:	3b03      	subs	r3, #3
1000302c:	705e      	strb	r6, [r3, #1]
1000302e:	73ee      	strb	r6, [r5, #15]
10003030:	e010      	b.n	10003054 <ph_remove_any_head+0xec>
10003032:	2f00      	cmp	r7, #0
10003034:	d0c4      	beq.n	10002fc0 <ph_remove_any_head+0x58>
10003036:	7be9      	ldrb	r1, [r5, #15]
10003038:	2900      	cmp	r1, #0
1000303a:	d010      	beq.n	1000305e <ph_remove_any_head+0xf6>
1000303c:	004b      	lsls	r3, r1, #1
1000303e:	185b      	adds	r3, r3, r1
10003040:	18d3      	adds	r3, r2, r3
10003042:	3b03      	subs	r3, #3
10003044:	705e      	strb	r6, [r3, #1]
10003046:	73ee      	strb	r6, [r5, #15]
10003048:	e7ba      	b.n	10002fc0 <ph_remove_any_head+0x58>
1000304a:	73ee      	strb	r6, [r5, #15]
1000304c:	e7b6      	b.n	10002fbc <ph_remove_any_head+0x54>
1000304e:	46a4      	mov	ip, r4
10003050:	682a      	ldr	r2, [r5, #0]
10003052:	4494      	add	ip, r2
10003054:	2900      	cmp	r1, #0
10003056:	d0b3      	beq.n	10002fc0 <ph_remove_any_head+0x58>
10003058:	004b      	lsls	r3, r1, #1
1000305a:	4698      	mov	r8, r3
1000305c:	e7aa      	b.n	10002fb4 <ph_remove_any_head+0x4c>
1000305e:	73ee      	strb	r6, [r5, #15]
10003060:	e7ae      	b.n	10002fc0 <ph_remove_any_head+0x58>
10003062:	0050      	lsls	r0, r2, #1
10003064:	1880      	adds	r0, r0, r2
10003066:	3803      	subs	r0, #3
10003068:	1809      	adds	r1, r1, r0
1000306a:	7848      	ldrb	r0, [r1, #1]
1000306c:	4683      	mov	fp, r0
1000306e:	4648      	mov	r0, r9
10003070:	7048      	strb	r0, [r1, #1]
10003072:	7058      	strb	r0, [r3, #1]
10003074:	4641      	mov	r1, r8
10003076:	0028      	movs	r0, r5
10003078:	f7ff fee6 	bl	10002e48 <ph_merge_nodes>
1000307c:	4659      	mov	r1, fp
1000307e:	4680      	mov	r8, r0
10003080:	0028      	movs	r0, r5
10003082:	f7ff ff2b 	bl	10002edc <ph_merge_two_pass>
10003086:	4641      	mov	r1, r8
10003088:	0002      	movs	r2, r0
1000308a:	0028      	movs	r0, r5
1000308c:	f7ff fedc 	bl	10002e48 <ph_merge_nodes>
10003090:	4680      	mov	r8, r0
10003092:	e7b9      	b.n	10003008 <ph_remove_any_head+0xa0>

10003094 <ph_remove_head>:
10003094:	b5f8      	push	{r3, r4, r5, r6, r7, lr}
10003096:	4657      	mov	r7, sl
10003098:	464e      	mov	r6, r9
1000309a:	4645      	mov	r5, r8
1000309c:	46de      	mov	lr, fp
1000309e:	b5e0      	push	{r5, r6, r7, lr}
100030a0:	7b46      	ldrb	r6, [r0, #13]
100030a2:	6802      	ldr	r2, [r0, #0]
100030a4:	0075      	lsls	r5, r6, #1
100030a6:	19ad      	adds	r5, r5, r6
100030a8:	3d03      	subs	r5, #3
100030aa:	000f      	movs	r7, r1
100030ac:	5d51      	ldrb	r1, [r2, r5]
100030ae:	1953      	adds	r3, r2, r5
100030b0:	0004      	movs	r4, r0
100030b2:	469c      	mov	ip, r3
100030b4:	2900      	cmp	r1, #0
100030b6:	d053      	beq.n	10003160 <ph_remove_head+0xcc>
100030b8:	004b      	lsls	r3, r1, #1
100030ba:	4698      	mov	r8, r3
100030bc:	185b      	adds	r3, r3, r1
100030be:	3b03      	subs	r3, #3
100030c0:	18d3      	adds	r3, r2, r3
100030c2:	7858      	ldrb	r0, [r3, #1]
100030c4:	4682      	mov	sl, r0
100030c6:	2800      	cmp	r0, #0
100030c8:	d11b      	bne.n	10003102 <ph_remove_head+0x6e>
100030ca:	2f00      	cmp	r7, #0
100030cc:	d00c      	beq.n	100030e8 <ph_remove_head+0x54>
100030ce:	7be5      	ldrb	r5, [r4, #15]
100030d0:	2d00      	cmp	r5, #0
100030d2:	d051      	beq.n	10003178 <ph_remove_head+0xe4>
100030d4:	006b      	lsls	r3, r5, #1
100030d6:	195b      	adds	r3, r3, r5
100030d8:	18d3      	adds	r3, r2, r3
100030da:	3b03      	subs	r3, #3
100030dc:	705e      	strb	r6, [r3, #1]
100030de:	73e6      	strb	r6, [r4, #15]
100030e0:	4643      	mov	r3, r8
100030e2:	1858      	adds	r0, r3, r1
100030e4:	3803      	subs	r0, #3
100030e6:	1813      	adds	r3, r2, r0
100030e8:	2200      	movs	r2, #0
100030ea:	709a      	strb	r2, [r3, #2]
100030ec:	2300      	movs	r3, #0
100030ee:	4662      	mov	r2, ip
100030f0:	0030      	movs	r0, r6
100030f2:	7053      	strb	r3, [r2, #1]
100030f4:	7361      	strb	r1, [r4, #13]
100030f6:	bcf0      	pop	{r4, r5, r6, r7}
100030f8:	46bb      	mov	fp, r7
100030fa:	46b2      	mov	sl, r6
100030fc:	46a9      	mov	r9, r5
100030fe:	46a0      	mov	r8, r4
10003100:	bdf8      	pop	{r3, r4, r5, r6, r7, pc}
10003102:	0040      	lsls	r0, r0, #1
10003104:	4450      	add	r0, sl
10003106:	3803      	subs	r0, #3
10003108:	1812      	adds	r2, r2, r0
1000310a:	7850      	ldrb	r0, [r2, #1]
1000310c:	4680      	mov	r8, r0
1000310e:	2000      	movs	r0, #0
10003110:	7050      	strb	r0, [r2, #1]
10003112:	4681      	mov	r9, r0
10003114:	7058      	strb	r0, [r3, #1]
10003116:	4652      	mov	r2, sl
10003118:	0020      	movs	r0, r4
1000311a:	f7ff fe95 	bl	10002e48 <ph_merge_nodes>
1000311e:	4643      	mov	r3, r8
10003120:	4682      	mov	sl, r0
10003122:	2b00      	cmp	r3, #0
10003124:	d007      	beq.n	10003136 <ph_remove_head+0xa2>
10003126:	005b      	lsls	r3, r3, #1
10003128:	6821      	ldr	r1, [r4, #0]
1000312a:	4443      	add	r3, r8
1000312c:	3b03      	subs	r3, #3
1000312e:	18cb      	adds	r3, r1, r3
10003130:	785a      	ldrb	r2, [r3, #1]
10003132:	2a00      	cmp	r2, #0
10003134:	d12c      	bne.n	10003190 <ph_remove_head+0xfc>
10003136:	4651      	mov	r1, sl
10003138:	4642      	mov	r2, r8
1000313a:	0020      	movs	r0, r4
1000313c:	f7ff fe84 	bl	10002e48 <ph_merge_nodes>
10003140:	0001      	movs	r1, r0
10003142:	2f00      	cmp	r7, #0
10003144:	d01a      	beq.n	1000317c <ph_remove_head+0xe8>
10003146:	46ac      	mov	ip, r5
10003148:	6822      	ldr	r2, [r4, #0]
1000314a:	7be7      	ldrb	r7, [r4, #15]
1000314c:	4494      	add	ip, r2
1000314e:	2f00      	cmp	r7, #0
10003150:	d004      	beq.n	1000315c <ph_remove_head+0xc8>
10003152:	007b      	lsls	r3, r7, #1
10003154:	19db      	adds	r3, r3, r7
10003156:	18d3      	adds	r3, r2, r3
10003158:	3b03      	subs	r3, #3
1000315a:	705e      	strb	r6, [r3, #1]
1000315c:	73e6      	strb	r6, [r4, #15]
1000315e:	e010      	b.n	10003182 <ph_remove_head+0xee>
10003160:	2f00      	cmp	r7, #0
10003162:	d0c3      	beq.n	100030ec <ph_remove_head+0x58>
10003164:	7bc0      	ldrb	r0, [r0, #15]
10003166:	2800      	cmp	r0, #0
10003168:	d010      	beq.n	1000318c <ph_remove_head+0xf8>
1000316a:	0043      	lsls	r3, r0, #1
1000316c:	181b      	adds	r3, r3, r0
1000316e:	18d3      	adds	r3, r2, r3
10003170:	3b03      	subs	r3, #3
10003172:	705e      	strb	r6, [r3, #1]
10003174:	73e6      	strb	r6, [r4, #15]
10003176:	e7b9      	b.n	100030ec <ph_remove_head+0x58>
10003178:	73e6      	strb	r6, [r4, #15]
1000317a:	e7b5      	b.n	100030e8 <ph_remove_head+0x54>
1000317c:	46ac      	mov	ip, r5
1000317e:	6822      	ldr	r2, [r4, #0]
10003180:	4494      	add	ip, r2
10003182:	2800      	cmp	r0, #0
10003184:	d0b2      	beq.n	100030ec <ph_remove_head+0x58>
10003186:	0043      	lsls	r3, r0, #1
10003188:	4698      	mov	r8, r3
1000318a:	e7a9      	b.n	100030e0 <ph_remove_head+0x4c>
1000318c:	73e6      	strb	r6, [r4, #15]
1000318e:	e7ad      	b.n	100030ec <ph_remove_head+0x58>
10003190:	0050      	lsls	r0, r2, #1
10003192:	1880      	adds	r0, r0, r2
10003194:	3803      	subs	r0, #3
10003196:	1809      	adds	r1, r1, r0
10003198:	7848      	ldrb	r0, [r1, #1]
1000319a:	4683      	mov	fp, r0
1000319c:	4648      	mov	r0, r9
1000319e:	7048      	strb	r0, [r1, #1]
100031a0:	7058      	strb	r0, [r3, #1]
100031a2:	4641      	mov	r1, r8
100031a4:	0020      	movs	r0, r4
100031a6:	f7ff fe4f 	bl	10002e48 <ph_merge_nodes>
100031aa:	4659      	mov	r1, fp
100031ac:	4680      	mov	r8, r0
100031ae:	0020      	movs	r0, r4
100031b0:	f7ff fe94 	bl	10002edc <ph_merge_two_pass>
100031b4:	4641      	mov	r1, r8
100031b6:	0002      	movs	r2, r0
100031b8:	0020      	movs	r0, r4
100031ba:	f7ff fe45 	bl	10002e48 <ph_merge_nodes>
100031be:	4680      	mov	r8, r0
100031c0:	e7b9      	b.n	10003136 <ph_remove_head+0xa2>
100031c2:	46c0      	nop			; (mov r8, r8)

100031c4 <ph_remove_and_free_node>:
100031c4:	b570      	push	{r4, r5, r6, lr}
100031c6:	0005      	movs	r5, r0
100031c8:	2900      	cmp	r1, #0
100031ca:	d02c      	beq.n	10003226 <ph_remove_and_free_node+0x62>
100031cc:	7b43      	ldrb	r3, [r0, #13]
100031ce:	428b      	cmp	r3, r1
100031d0:	d02e      	beq.n	10003230 <ph_remove_and_free_node+0x6c>
100031d2:	004c      	lsls	r4, r1, #1
100031d4:	6800      	ldr	r0, [r0, #0]
100031d6:	1864      	adds	r4, r4, r1
100031d8:	3c03      	subs	r4, #3
100031da:	1904      	adds	r4, r0, r4
100031dc:	78a2      	ldrb	r2, [r4, #2]
100031de:	2a00      	cmp	r2, #0
100031e0:	d021      	beq.n	10003226 <ph_remove_and_free_node+0x62>
100031e2:	0053      	lsls	r3, r2, #1
100031e4:	189b      	adds	r3, r3, r2
100031e6:	3b03      	subs	r3, #3
100031e8:	5cc2      	ldrb	r2, [r0, r3]
100031ea:	18c6      	adds	r6, r0, r3
100031ec:	428a      	cmp	r2, r1
100031ee:	d102      	bne.n	100031f6 <ph_remove_and_free_node+0x32>
100031f0:	e01b      	b.n	1000322a <ph_remove_and_free_node+0x66>
100031f2:	2a00      	cmp	r2, #0
100031f4:	d008      	beq.n	10003208 <ph_remove_and_free_node+0x44>
100031f6:	0053      	lsls	r3, r2, #1
100031f8:	189b      	adds	r3, r3, r2
100031fa:	3b03      	subs	r3, #3
100031fc:	18c3      	adds	r3, r0, r3
100031fe:	785a      	ldrb	r2, [r3, #1]
10003200:	428a      	cmp	r2, r1
10003202:	d1f6      	bne.n	100031f2 <ph_remove_and_free_node+0x2e>
10003204:	7862      	ldrb	r2, [r4, #1]
10003206:	705a      	strb	r2, [r3, #1]
10003208:	2300      	movs	r3, #0
1000320a:	2201      	movs	r2, #1
1000320c:	0028      	movs	r0, r5
1000320e:	70a3      	strb	r3, [r4, #2]
10003210:	7063      	strb	r3, [r4, #1]
10003212:	f7ff fea9 	bl	10002f68 <ph_remove_any_head>
10003216:	7b69      	ldrb	r1, [r5, #13]
10003218:	0002      	movs	r2, r0
1000321a:	0028      	movs	r0, r5
1000321c:	f7ff fe14 	bl	10002e48 <ph_merge_nodes>
10003220:	7368      	strb	r0, [r5, #13]
10003222:	2001      	movs	r0, #1
10003224:	e000      	b.n	10003228 <ph_remove_and_free_node+0x64>
10003226:	2000      	movs	r0, #0
10003228:	bd70      	pop	{r4, r5, r6, pc}
1000322a:	7863      	ldrb	r3, [r4, #1]
1000322c:	7033      	strb	r3, [r6, #0]
1000322e:	e7eb      	b.n	10003208 <ph_remove_and_free_node+0x44>
10003230:	2201      	movs	r2, #1
10003232:	0019      	movs	r1, r3
10003234:	f7ff fe98 	bl	10002f68 <ph_remove_any_head>
10003238:	e7f2      	b.n	10003220 <ph_remove_and_free_node+0x5c>
1000323a:	46c0      	nop			; (mov r8, r8)

1000323c <runtime_init>:
1000323c:	b5f8      	push	{r3, r4, r5, r6, r7, lr}
1000323e:	4a2b      	ldr	r2, [pc, #172]	; (100032ec <runtime_init+0xb0>)
10003240:	4b2b      	ldr	r3, [pc, #172]	; (100032f0 <runtime_init+0xb4>)
10003242:	492c      	ldr	r1, [pc, #176]	; (100032f4 <runtime_init+0xb8>)
10003244:	601a      	str	r2, [r3, #0]
10003246:	4a2c      	ldr	r2, [pc, #176]	; (100032f8 <runtime_init+0xbc>)
10003248:	4b2c      	ldr	r3, [pc, #176]	; (100032fc <runtime_init+0xc0>)
1000324a:	601a      	str	r2, [r3, #0]
1000324c:	0014      	movs	r4, r2
1000324e:	688b      	ldr	r3, [r1, #8]
10003250:	439c      	bics	r4, r3
10003252:	d1fb      	bne.n	1000324c <runtime_init+0x10>
10003254:	4d2a      	ldr	r5, [pc, #168]	; (10003300 <runtime_init+0xc4>)
10003256:	4e2b      	ldr	r6, [pc, #172]	; (10003304 <runtime_init+0xc8>)
10003258:	42b5      	cmp	r5, r6
1000325a:	d208      	bcs.n	1000326e <runtime_init+0x32>
1000325c:	3e01      	subs	r6, #1
1000325e:	1b76      	subs	r6, r6, r5
10003260:	08b6      	lsrs	r6, r6, #2
10003262:	cd08      	ldmia	r5!, {r3}
10003264:	4798      	blx	r3
10003266:	0023      	movs	r3, r4
10003268:	3401      	adds	r4, #1
1000326a:	42b3      	cmp	r3, r6
1000326c:	d1f9      	bne.n	10003262 <runtime_init+0x26>
1000326e:	f000 f895 	bl	1000339c <clocks_init>
10003272:	4a25      	ldr	r2, [pc, #148]	; (10003308 <runtime_init+0xcc>)
10003274:	4b21      	ldr	r3, [pc, #132]	; (100032fc <runtime_init+0xc0>)
10003276:	601a      	str	r2, [r3, #0]
10003278:	4a1e      	ldr	r2, [pc, #120]	; (100032f4 <runtime_init+0xb8>)
1000327a:	6893      	ldr	r3, [r2, #8]
1000327c:	43db      	mvns	r3, r3
1000327e:	01db      	lsls	r3, r3, #7
10003280:	09dc      	lsrs	r4, r3, #7
10003282:	2b00      	cmp	r3, #0
10003284:	d1f9      	bne.n	1000327a <runtime_init+0x3e>
10003286:	2240      	movs	r2, #64	; 0x40
10003288:	4b20      	ldr	r3, [pc, #128]	; (1000330c <runtime_init+0xd0>)
1000328a:	4d21      	ldr	r5, [pc, #132]	; (10003310 <runtime_init+0xd4>)
1000328c:	4f21      	ldr	r7, [pc, #132]	; (10003314 <runtime_init+0xd8>)
1000328e:	679a      	str	r2, [r3, #120]	; 0x78
10003290:	675a      	str	r2, [r3, #116]	; 0x74
10003292:	671a      	str	r2, [r3, #112]	; 0x70
10003294:	66da      	str	r2, [r3, #108]	; 0x6c
10003296:	42bd      	cmp	r5, r7
10003298:	d20b      	bcs.n	100032b2 <runtime_init+0x76>
1000329a:	2600      	movs	r6, #0
1000329c:	3f01      	subs	r7, #1
1000329e:	1b7f      	subs	r7, r7, r5
100032a0:	08ff      	lsrs	r7, r7, #3
100032a2:	0028      	movs	r0, r5
100032a4:	f7ff fdb6 	bl	10002e14 <mutex_init>
100032a8:	3508      	adds	r5, #8
100032aa:	0033      	movs	r3, r6
100032ac:	3601      	adds	r6, #1
100032ae:	42bb      	cmp	r3, r7
100032b0:	d1f7      	bne.n	100032a2 <runtime_init+0x66>
100032b2:	4d19      	ldr	r5, [pc, #100]	; (10003318 <runtime_init+0xdc>)
100032b4:	4e19      	ldr	r6, [pc, #100]	; (1000331c <runtime_init+0xe0>)
100032b6:	22c0      	movs	r2, #192	; 0xc0
100032b8:	68b1      	ldr	r1, [r6, #8]
100032ba:	0028      	movs	r0, r5
100032bc:	f002 ff94 	bl	100061e8 <__wrap___aeabi_memcpy>
100032c0:	60b5      	str	r5, [r6, #8]
100032c2:	f7fe ffb7 	bl	10002234 <spin_locks_reset>
100032c6:	f000 fc41 	bl	10003b4c <irq_init_priorities>
100032ca:	f7ff fa5d 	bl	10002788 <alarm_pool_init_default>
100032ce:	4d14      	ldr	r5, [pc, #80]	; (10003320 <runtime_init+0xe4>)
100032d0:	4e14      	ldr	r6, [pc, #80]	; (10003324 <runtime_init+0xe8>)
100032d2:	42b5      	cmp	r5, r6
100032d4:	d208      	bcs.n	100032e8 <runtime_init+0xac>
100032d6:	3e01      	subs	r6, #1
100032d8:	1b76      	subs	r6, r6, r5
100032da:	08b6      	lsrs	r6, r6, #2
100032dc:	cd08      	ldmia	r5!, {r3}
100032de:	4798      	blx	r3
100032e0:	0023      	movs	r3, r4
100032e2:	3401      	adds	r4, #1
100032e4:	429e      	cmp	r6, r3
100032e6:	d1f9      	bne.n	100032dc <runtime_init+0xa0>
100032e8:	bdf8      	pop	{r3, r4, r5, r6, r7, pc}
100032ea:	46c0      	nop			; (mov r8, r8)
100032ec:	ffffcdbf 	.word	0xffffcdbf
100032f0:	4000e000 	.word	0x4000e000
100032f4:	4000c000 	.word	0x4000c000
100032f8:	003c7ffe 	.word	0x003c7ffe
100032fc:	4000f000 	.word	0x4000f000
10003300:	20000b74 	.word	0x20000b74
10003304:	20000b84 	.word	0x20000b84
10003308:	01ffffff 	.word	0x01ffffff
1000330c:	4001f000 	.word	0x4001f000
10003310:	20000b64 	.word	0x20000b64
10003314:	20000b74 	.word	0x20000b74
10003318:	20000000 	.word	0x20000000
1000331c:	e000ed00 	.word	0xe000ed00
10003320:	20000b84 	.word	0x20000b84
10003324:	20000b8c 	.word	0x20000b8c

10003328 <_sbrk>:
10003328:	4a09      	ldr	r2, [pc, #36]	; (10003350 <_sbrk+0x28>)
1000332a:	0003      	movs	r3, r0
1000332c:	6810      	ldr	r0, [r2, #0]
1000332e:	2800      	cmp	r0, #0
10003330:	d005      	beq.n	1000333e <_sbrk+0x16>
10003332:	4908      	ldr	r1, [pc, #32]	; (10003354 <_sbrk+0x2c>)
10003334:	18c3      	adds	r3, r0, r3
10003336:	428b      	cmp	r3, r1
10003338:	d807      	bhi.n	1000334a <_sbrk+0x22>
1000333a:	6013      	str	r3, [r2, #0]
1000333c:	4770      	bx	lr
1000333e:	4806      	ldr	r0, [pc, #24]	; (10003358 <_sbrk+0x30>)
10003340:	4904      	ldr	r1, [pc, #16]	; (10003354 <_sbrk+0x2c>)
10003342:	18c3      	adds	r3, r0, r3
10003344:	6010      	str	r0, [r2, #0]
10003346:	428b      	cmp	r3, r1
10003348:	d9f7      	bls.n	1000333a <_sbrk+0x12>
1000334a:	2001      	movs	r0, #1
1000334c:	4240      	negs	r0, r0
1000334e:	e7f5      	b.n	1000333c <_sbrk+0x14>
10003350:	200014dc 	.word	0x200014dc
10003354:	20040000 	.word	0x20040000
10003358:	20001ea8 	.word	0x20001ea8

1000335c <exit>:
1000335c:	be00      	bkpt	0x0000
1000335e:	e7fd      	b.n	1000335c <exit>

10003360 <panic>:
10003360:	b40f      	push	{r0, r1, r2, r3}
10003362:	b500      	push	{lr}
10003364:	4808      	ldr	r0, [pc, #32]	; (10003388 <panic+0x28>)
10003366:	b083      	sub	sp, #12
10003368:	f003 f818 	bl	1000639c <__wrap_puts>
1000336c:	9b04      	ldr	r3, [sp, #16]
1000336e:	2b00      	cmp	r3, #0
10003370:	d007      	beq.n	10003382 <panic+0x22>
10003372:	a905      	add	r1, sp, #20
10003374:	0018      	movs	r0, r3
10003376:	9101      	str	r1, [sp, #4]
10003378:	f001 ff92 	bl	100052a0 <weak_raw_vprintf>
1000337c:	4803      	ldr	r0, [pc, #12]	; (1000338c <panic+0x2c>)
1000337e:	f003 f80d 	bl	1000639c <__wrap_puts>
10003382:	be00      	bkpt	0x0000
10003384:	e7fd      	b.n	10003382 <panic+0x22>
10003386:	46c0      	nop			; (mov r8, r8)
10003388:	100097f8 	.word	0x100097f8
1000338c:	100096b0 	.word	0x100096b0

10003390 <hard_assertion_failure>:
10003390:	b510      	push	{r4, lr}
10003392:	4801      	ldr	r0, [pc, #4]	; (10003398 <hard_assertion_failure+0x8>)
10003394:	f7ff ffe4 	bl	10003360 <panic>
10003398:	10009808 	.word	0x10009808

1000339c <clocks_init>:
1000339c:	b510      	push	{r4, lr}
1000339e:	200c      	movs	r0, #12
100033a0:	b082      	sub	sp, #8
100033a2:	f000 f96d 	bl	10003680 <watchdog_start_tick>
100033a6:	f7fe ff71 	bl	1000228c <running_on_fpga>
100033aa:	2800      	cmp	r0, #0
100033ac:	d010      	beq.n	100033d0 <clocks_init+0x34>
100033ae:	4b8c      	ldr	r3, [pc, #560]	; (100035e0 <clocks_init+0x244>)
100033b0:	488c      	ldr	r0, [pc, #560]	; (100035e4 <clocks_init+0x248>)
100033b2:	498c      	ldr	r1, [pc, #560]	; (100035e4 <clocks_init+0x248>)
100033b4:	4a8c      	ldr	r2, [pc, #560]	; (100035e8 <clocks_init+0x24c>)
100033b6:	6018      	str	r0, [r3, #0]
100033b8:	6059      	str	r1, [r3, #4]
100033ba:	6098      	str	r0, [r3, #8]
100033bc:	60d9      	str	r1, [r3, #12]
100033be:	6118      	str	r0, [r3, #16]
100033c0:	6159      	str	r1, [r3, #20]
100033c2:	6198      	str	r0, [r3, #24]
100033c4:	61d9      	str	r1, [r3, #28]
100033c6:	6218      	str	r0, [r3, #32]
100033c8:	6259      	str	r1, [r3, #36]	; 0x24
100033ca:	625a      	str	r2, [r3, #36]	; 0x24
100033cc:	b002      	add	sp, #8
100033ce:	bd10      	pop	{r4, pc}
100033d0:	4c86      	ldr	r4, [pc, #536]	; (100035ec <clocks_init+0x250>)
100033d2:	67a0      	str	r0, [r4, #120]	; 0x78
100033d4:	f000 f9f6 	bl	100037c4 <xosc_init>
100033d8:	2201      	movs	r2, #1
100033da:	4b85      	ldr	r3, [pc, #532]	; (100035f0 <clocks_init+0x254>)
100033dc:	601a      	str	r2, [r3, #0]
100033de:	6c63      	ldr	r3, [r4, #68]	; 0x44
100033e0:	2b01      	cmp	r3, #1
100033e2:	d1fc      	bne.n	100033de <clocks_init+0x42>
100033e4:	2203      	movs	r2, #3
100033e6:	4b83      	ldr	r3, [pc, #524]	; (100035f4 <clocks_init+0x258>)
100033e8:	601a      	str	r2, [r3, #0]
100033ea:	4a80      	ldr	r2, [pc, #512]	; (100035ec <clocks_init+0x250>)
100033ec:	6b93      	ldr	r3, [r2, #56]	; 0x38
100033ee:	2b01      	cmp	r3, #1
100033f0:	d1fc      	bne.n	100033ec <clocks_init+0x50>
100033f2:	22c0      	movs	r2, #192	; 0xc0
100033f4:	4b80      	ldr	r3, [pc, #512]	; (100035f8 <clocks_init+0x25c>)
100033f6:	0192      	lsls	r2, r2, #6
100033f8:	601a      	str	r2, [r3, #0]
100033fa:	4b80      	ldr	r3, [pc, #512]	; (100035fc <clocks_init+0x260>)
100033fc:	4980      	ldr	r1, [pc, #512]	; (10003600 <clocks_init+0x264>)
100033fe:	601a      	str	r2, [r3, #0]
10003400:	0010      	movs	r0, r2
10003402:	688b      	ldr	r3, [r1, #8]
10003404:	4398      	bics	r0, r3
10003406:	1e03      	subs	r3, r0, #0
10003408:	d1fa      	bne.n	10003400 <clocks_init+0x64>
1000340a:	2402      	movs	r4, #2
1000340c:	2101      	movs	r1, #1
1000340e:	4a7d      	ldr	r2, [pc, #500]	; (10003604 <clocks_init+0x268>)
10003410:	487d      	ldr	r0, [pc, #500]	; (10003608 <clocks_init+0x26c>)
10003412:	3306      	adds	r3, #6
10003414:	9400      	str	r4, [sp, #0]
10003416:	f000 f9e9 	bl	100037ec <pll_init>
1000341a:	2305      	movs	r3, #5
1000341c:	4a7b      	ldr	r2, [pc, #492]	; (1000360c <clocks_init+0x270>)
1000341e:	2101      	movs	r1, #1
10003420:	487b      	ldr	r0, [pc, #492]	; (10003610 <clocks_init+0x274>)
10003422:	9400      	str	r4, [sp, #0]
10003424:	f000 f9e2 	bl	100037ec <pll_init>
10003428:	4b7a      	ldr	r3, [pc, #488]	; (10003614 <clocks_init+0x278>)
1000342a:	685a      	ldr	r2, [r3, #4]
1000342c:	2aff      	cmp	r2, #255	; 0xff
1000342e:	d802      	bhi.n	10003436 <clocks_init+0x9a>
10003430:	2280      	movs	r2, #128	; 0x80
10003432:	0052      	lsls	r2, r2, #1
10003434:	605a      	str	r2, [r3, #4]
10003436:	2280      	movs	r2, #128	; 0x80
10003438:	4b6e      	ldr	r3, [pc, #440]	; (100035f4 <clocks_init+0x258>)
1000343a:	4c69      	ldr	r4, [pc, #420]	; (100035e0 <clocks_init+0x244>)
1000343c:	0112      	lsls	r2, r2, #4
1000343e:	601a      	str	r2, [r3, #0]
10003440:	6921      	ldr	r1, [r4, #16]
10003442:	2900      	cmp	r1, #0
10003444:	d005      	beq.n	10003452 <clocks_init+0xb6>
10003446:	6960      	ldr	r0, [r4, #20]
10003448:	f001 ffa8 	bl	1000539c <__wrap___aeabi_uidiv>
1000344c:	3001      	adds	r0, #1
1000344e:	3801      	subs	r0, #1
10003450:	d1fd      	bne.n	1000344e <clocks_init+0xb2>
10003452:	22e0      	movs	r2, #224	; 0xe0
10003454:	4b6f      	ldr	r3, [pc, #444]	; (10003614 <clocks_init+0x278>)
10003456:	4870      	ldr	r0, [pc, #448]	; (10003618 <clocks_init+0x27c>)
10003458:	6819      	ldr	r1, [r3, #0]
1000345a:	400a      	ands	r2, r1
1000345c:	6002      	str	r2, [r0, #0]
1000345e:	2202      	movs	r2, #2
10003460:	6819      	ldr	r1, [r3, #0]
10003462:	4051      	eors	r1, r2
10003464:	3201      	adds	r2, #1
10003466:	400a      	ands	r2, r1
10003468:	2104      	movs	r1, #4
1000346a:	6002      	str	r2, [r0, #0]
1000346c:	689a      	ldr	r2, [r3, #8]
1000346e:	4211      	tst	r1, r2
10003470:	d0fc      	beq.n	1000346c <clocks_init+0xd0>
10003472:	2180      	movs	r1, #128	; 0x80
10003474:	4a69      	ldr	r2, [pc, #420]	; (1000361c <clocks_init+0x280>)
10003476:	0109      	lsls	r1, r1, #4
10003478:	6011      	str	r1, [r2, #0]
1000347a:	2280      	movs	r2, #128	; 0x80
1000347c:	0052      	lsls	r2, r2, #1
1000347e:	605a      	str	r2, [r3, #4]
10003480:	4b67      	ldr	r3, [pc, #412]	; (10003620 <clocks_init+0x284>)
10003482:	6123      	str	r3, [r4, #16]
10003484:	4b67      	ldr	r3, [pc, #412]	; (10003624 <clocks_init+0x288>)
10003486:	6859      	ldr	r1, [r3, #4]
10003488:	29ff      	cmp	r1, #255	; 0xff
1000348a:	d800      	bhi.n	1000348e <clocks_init+0xf2>
1000348c:	605a      	str	r2, [r3, #4]
1000348e:	2203      	movs	r2, #3
10003490:	2101      	movs	r1, #1
10003492:	4b57      	ldr	r3, [pc, #348]	; (100035f0 <clocks_init+0x254>)
10003494:	601a      	str	r2, [r3, #0]
10003496:	4a63      	ldr	r2, [pc, #396]	; (10003624 <clocks_init+0x288>)
10003498:	6893      	ldr	r3, [r2, #8]
1000349a:	4219      	tst	r1, r3
1000349c:	d0fc      	beq.n	10003498 <clocks_init+0xfc>
1000349e:	23e0      	movs	r3, #224	; 0xe0
100034a0:	6810      	ldr	r0, [r2, #0]
100034a2:	4003      	ands	r3, r0
100034a4:	4860      	ldr	r0, [pc, #384]	; (10003628 <clocks_init+0x28c>)
100034a6:	6003      	str	r3, [r0, #0]
100034a8:	6812      	ldr	r2, [r2, #0]
100034aa:	2303      	movs	r3, #3
100034ac:	404a      	eors	r2, r1
100034ae:	2102      	movs	r1, #2
100034b0:	4013      	ands	r3, r2
100034b2:	4a5c      	ldr	r2, [pc, #368]	; (10003624 <clocks_init+0x288>)
100034b4:	6003      	str	r3, [r0, #0]
100034b6:	6893      	ldr	r3, [r2, #8]
100034b8:	4219      	tst	r1, r3
100034ba:	d0fc      	beq.n	100034b6 <clocks_init+0x11a>
100034bc:	2180      	movs	r1, #128	; 0x80
100034be:	4b5b      	ldr	r3, [pc, #364]	; (1000362c <clocks_init+0x290>)
100034c0:	0109      	lsls	r1, r1, #4
100034c2:	6019      	str	r1, [r3, #0]
100034c4:	2180      	movs	r1, #128	; 0x80
100034c6:	4b5a      	ldr	r3, [pc, #360]	; (10003630 <clocks_init+0x294>)
100034c8:	0049      	lsls	r1, r1, #1
100034ca:	6051      	str	r1, [r2, #4]
100034cc:	6163      	str	r3, [r4, #20]
100034ce:	4b59      	ldr	r3, [pc, #356]	; (10003634 <clocks_init+0x298>)
100034d0:	685a      	ldr	r2, [r3, #4]
100034d2:	2aff      	cmp	r2, #255	; 0xff
100034d4:	d800      	bhi.n	100034d8 <clocks_init+0x13c>
100034d6:	6059      	str	r1, [r3, #4]
100034d8:	2280      	movs	r2, #128	; 0x80
100034da:	4b57      	ldr	r3, [pc, #348]	; (10003638 <clocks_init+0x29c>)
100034dc:	0112      	lsls	r2, r2, #4
100034de:	601a      	str	r2, [r3, #0]
100034e0:	69e1      	ldr	r1, [r4, #28]
100034e2:	2900      	cmp	r1, #0
100034e4:	d005      	beq.n	100034f2 <clocks_init+0x156>
100034e6:	6960      	ldr	r0, [r4, #20]
100034e8:	f001 ff58 	bl	1000539c <__wrap___aeabi_uidiv>
100034ec:	3001      	adds	r0, #1
100034ee:	3801      	subs	r0, #1
100034f0:	d1fd      	bne.n	100034ee <clocks_init+0x152>
100034f2:	23e0      	movs	r3, #224	; 0xe0
100034f4:	4a4f      	ldr	r2, [pc, #316]	; (10003634 <clocks_init+0x298>)
100034f6:	6811      	ldr	r1, [r2, #0]
100034f8:	400b      	ands	r3, r1
100034fa:	4950      	ldr	r1, [pc, #320]	; (1000363c <clocks_init+0x2a0>)
100034fc:	600b      	str	r3, [r1, #0]
100034fe:	2180      	movs	r1, #128	; 0x80
10003500:	4b4f      	ldr	r3, [pc, #316]	; (10003640 <clocks_init+0x2a4>)
10003502:	0109      	lsls	r1, r1, #4
10003504:	6019      	str	r1, [r3, #0]
10003506:	2180      	movs	r1, #128	; 0x80
10003508:	4b36      	ldr	r3, [pc, #216]	; (100035e4 <clocks_init+0x248>)
1000350a:	0049      	lsls	r1, r1, #1
1000350c:	6051      	str	r1, [r2, #4]
1000350e:	61e3      	str	r3, [r4, #28]
10003510:	4b4c      	ldr	r3, [pc, #304]	; (10003644 <clocks_init+0x2a8>)
10003512:	685a      	ldr	r2, [r3, #4]
10003514:	2aff      	cmp	r2, #255	; 0xff
10003516:	d800      	bhi.n	1000351a <clocks_init+0x17e>
10003518:	6059      	str	r1, [r3, #4]
1000351a:	2280      	movs	r2, #128	; 0x80
1000351c:	4b4a      	ldr	r3, [pc, #296]	; (10003648 <clocks_init+0x2ac>)
1000351e:	0112      	lsls	r2, r2, #4
10003520:	601a      	str	r2, [r3, #0]
10003522:	6a21      	ldr	r1, [r4, #32]
10003524:	2900      	cmp	r1, #0
10003526:	d005      	beq.n	10003534 <clocks_init+0x198>
10003528:	6960      	ldr	r0, [r4, #20]
1000352a:	f001 ff37 	bl	1000539c <__wrap___aeabi_uidiv>
1000352e:	3001      	adds	r0, #1
10003530:	3801      	subs	r0, #1
10003532:	d1fd      	bne.n	10003530 <clocks_init+0x194>
10003534:	23e0      	movs	r3, #224	; 0xe0
10003536:	4a43      	ldr	r2, [pc, #268]	; (10003644 <clocks_init+0x2a8>)
10003538:	6811      	ldr	r1, [r2, #0]
1000353a:	400b      	ands	r3, r1
1000353c:	4943      	ldr	r1, [pc, #268]	; (1000364c <clocks_init+0x2b0>)
1000353e:	600b      	str	r3, [r1, #0]
10003540:	2180      	movs	r1, #128	; 0x80
10003542:	4b43      	ldr	r3, [pc, #268]	; (10003650 <clocks_init+0x2b4>)
10003544:	0109      	lsls	r1, r1, #4
10003546:	6019      	str	r1, [r3, #0]
10003548:	2380      	movs	r3, #128	; 0x80
1000354a:	005b      	lsls	r3, r3, #1
1000354c:	6053      	str	r3, [r2, #4]
1000354e:	2280      	movs	r2, #128	; 0x80
10003550:	4b24      	ldr	r3, [pc, #144]	; (100035e4 <clocks_init+0x248>)
10003552:	02d2      	lsls	r2, r2, #11
10003554:	6223      	str	r3, [r4, #32]
10003556:	4b3f      	ldr	r3, [pc, #252]	; (10003654 <clocks_init+0x2b8>)
10003558:	6859      	ldr	r1, [r3, #4]
1000355a:	4291      	cmp	r1, r2
1000355c:	d200      	bcs.n	10003560 <clocks_init+0x1c4>
1000355e:	605a      	str	r2, [r3, #4]
10003560:	2280      	movs	r2, #128	; 0x80
10003562:	4b3d      	ldr	r3, [pc, #244]	; (10003658 <clocks_init+0x2bc>)
10003564:	0112      	lsls	r2, r2, #4
10003566:	601a      	str	r2, [r3, #0]
10003568:	6a61      	ldr	r1, [r4, #36]	; 0x24
1000356a:	2900      	cmp	r1, #0
1000356c:	d005      	beq.n	1000357a <clocks_init+0x1de>
1000356e:	6960      	ldr	r0, [r4, #20]
10003570:	f001 ff14 	bl	1000539c <__wrap___aeabi_uidiv>
10003574:	3001      	adds	r0, #1
10003576:	3801      	subs	r0, #1
10003578:	d1fd      	bne.n	10003576 <clocks_init+0x1da>
1000357a:	23e0      	movs	r3, #224	; 0xe0
1000357c:	4a35      	ldr	r2, [pc, #212]	; (10003654 <clocks_init+0x2b8>)
1000357e:	6811      	ldr	r1, [r2, #0]
10003580:	400b      	ands	r3, r1
10003582:	4936      	ldr	r1, [pc, #216]	; (1000365c <clocks_init+0x2c0>)
10003584:	600b      	str	r3, [r1, #0]
10003586:	2180      	movs	r1, #128	; 0x80
10003588:	4b35      	ldr	r3, [pc, #212]	; (10003660 <clocks_init+0x2c4>)
1000358a:	0109      	lsls	r1, r1, #4
1000358c:	6019      	str	r1, [r3, #0]
1000358e:	2380      	movs	r3, #128	; 0x80
10003590:	02db      	lsls	r3, r3, #11
10003592:	6053      	str	r3, [r2, #4]
10003594:	4b14      	ldr	r3, [pc, #80]	; (100035e8 <clocks_init+0x24c>)
10003596:	6263      	str	r3, [r4, #36]	; 0x24
10003598:	4b32      	ldr	r3, [pc, #200]	; (10003664 <clocks_init+0x2c8>)
1000359a:	685a      	ldr	r2, [r3, #4]
1000359c:	2aff      	cmp	r2, #255	; 0xff
1000359e:	d802      	bhi.n	100035a6 <clocks_init+0x20a>
100035a0:	2280      	movs	r2, #128	; 0x80
100035a2:	0052      	lsls	r2, r2, #1
100035a4:	605a      	str	r2, [r3, #4]
100035a6:	2280      	movs	r2, #128	; 0x80
100035a8:	4b2f      	ldr	r3, [pc, #188]	; (10003668 <clocks_init+0x2cc>)
100035aa:	0112      	lsls	r2, r2, #4
100035ac:	601a      	str	r2, [r3, #0]
100035ae:	69a1      	ldr	r1, [r4, #24]
100035b0:	2900      	cmp	r1, #0
100035b2:	d005      	beq.n	100035c0 <clocks_init+0x224>
100035b4:	6960      	ldr	r0, [r4, #20]
100035b6:	f001 fef1 	bl	1000539c <__wrap___aeabi_uidiv>
100035ba:	3001      	adds	r0, #1
100035bc:	3801      	subs	r0, #1
100035be:	d1fd      	bne.n	100035bc <clocks_init+0x220>
100035c0:	23e0      	movs	r3, #224	; 0xe0
100035c2:	4a28      	ldr	r2, [pc, #160]	; (10003664 <clocks_init+0x2c8>)
100035c4:	6811      	ldr	r1, [r2, #0]
100035c6:	400b      	ands	r3, r1
100035c8:	4928      	ldr	r1, [pc, #160]	; (1000366c <clocks_init+0x2d0>)
100035ca:	600b      	str	r3, [r1, #0]
100035cc:	2180      	movs	r1, #128	; 0x80
100035ce:	4b28      	ldr	r3, [pc, #160]	; (10003670 <clocks_init+0x2d4>)
100035d0:	0109      	lsls	r1, r1, #4
100035d2:	6019      	str	r1, [r3, #0]
100035d4:	2380      	movs	r3, #128	; 0x80
100035d6:	005b      	lsls	r3, r3, #1
100035d8:	6053      	str	r3, [r2, #4]
100035da:	4b15      	ldr	r3, [pc, #84]	; (10003630 <clocks_init+0x294>)
100035dc:	61a3      	str	r3, [r4, #24]
100035de:	e6f5      	b.n	100033cc <clocks_init+0x30>
100035e0:	20000c90 	.word	0x20000c90
100035e4:	02dc6c00 	.word	0x02dc6c00
100035e8:	0000b71b 	.word	0x0000b71b
100035ec:	40008000 	.word	0x40008000
100035f0:	4000b03c 	.word	0x4000b03c
100035f4:	4000b030 	.word	0x4000b030
100035f8:	4000e000 	.word	0x4000e000
100035fc:	4000f000 	.word	0x4000f000
10003600:	4000c000 	.word	0x4000c000
10003604:	59682f00 	.word	0x59682f00
10003608:	40028000 	.word	0x40028000
1000360c:	1c9c3800 	.word	0x1c9c3800
10003610:	4002c000 	.word	0x4002c000
10003614:	40008030 	.word	0x40008030
10003618:	40009030 	.word	0x40009030
1000361c:	4000a030 	.word	0x4000a030
10003620:	00b71b00 	.word	0x00b71b00
10003624:	4000803c 	.word	0x4000803c
10003628:	4000903c 	.word	0x4000903c
1000362c:	4000a03c 	.word	0x4000a03c
10003630:	07735940 	.word	0x07735940
10003634:	40008054 	.word	0x40008054
10003638:	4000b054 	.word	0x4000b054
1000363c:	40009054 	.word	0x40009054
10003640:	4000a054 	.word	0x4000a054
10003644:	40008060 	.word	0x40008060
10003648:	4000b060 	.word	0x4000b060
1000364c:	40009060 	.word	0x40009060
10003650:	4000a060 	.word	0x4000a060
10003654:	4000806c 	.word	0x4000806c
10003658:	4000b06c 	.word	0x4000b06c
1000365c:	4000906c 	.word	0x4000906c
10003660:	4000a06c 	.word	0x4000a06c
10003664:	40008048 	.word	0x40008048
10003668:	4000b048 	.word	0x4000b048
1000366c:	40009048 	.word	0x40009048
10003670:	4000a048 	.word	0x4000a048

10003674 <clock_get_hz>:
10003674:	4b01      	ldr	r3, [pc, #4]	; (1000367c <clock_get_hz+0x8>)
10003676:	0080      	lsls	r0, r0, #2
10003678:	58c0      	ldr	r0, [r0, r3]
1000367a:	4770      	bx	lr
1000367c:	20000c90 	.word	0x20000c90

10003680 <watchdog_start_tick>:
10003680:	2380      	movs	r3, #128	; 0x80
10003682:	4a02      	ldr	r2, [pc, #8]	; (1000368c <watchdog_start_tick+0xc>)
10003684:	009b      	lsls	r3, r3, #2
10003686:	4303      	orrs	r3, r0
10003688:	62d3      	str	r3, [r2, #44]	; 0x2c
1000368a:	4770      	bx	lr
1000368c:	40058000 	.word	0x40058000

10003690 <watchdog_update>:
10003690:	4b02      	ldr	r3, [pc, #8]	; (1000369c <watchdog_update+0xc>)
10003692:	681a      	ldr	r2, [r3, #0]
10003694:	4b02      	ldr	r3, [pc, #8]	; (100036a0 <watchdog_update+0x10>)
10003696:	605a      	str	r2, [r3, #4]
10003698:	4770      	bx	lr
1000369a:	46c0      	nop			; (mov r8, r8)
1000369c:	20001b64 	.word	0x20001b64
100036a0:	40058000 	.word	0x40058000

100036a4 <watchdog_enable>:
100036a4:	2200      	movs	r2, #0
100036a6:	4b18      	ldr	r3, [pc, #96]	; (10003708 <watchdog_enable+0x64>)
100036a8:	b510      	push	{r4, lr}
100036aa:	61da      	str	r2, [r3, #28]
100036ac:	2280      	movs	r2, #128	; 0x80
100036ae:	4b17      	ldr	r3, [pc, #92]	; (1000370c <watchdog_enable+0x68>)
100036b0:	05d2      	lsls	r2, r2, #23
100036b2:	601a      	str	r2, [r3, #0]
100036b4:	4c16      	ldr	r4, [pc, #88]	; (10003710 <watchdog_enable+0x6c>)
100036b6:	4a17      	ldr	r2, [pc, #92]	; (10003714 <watchdog_enable+0x70>)
100036b8:	6014      	str	r4, [r2, #0]
100036ba:	2900      	cmp	r1, #0
100036bc:	d011      	beq.n	100036e2 <watchdog_enable+0x3e>
100036be:	22e0      	movs	r2, #224	; 0xe0
100036c0:	4b15      	ldr	r3, [pc, #84]	; (10003718 <watchdog_enable+0x74>)
100036c2:	04d2      	lsls	r2, r2, #19
100036c4:	601a      	str	r2, [r3, #0]
100036c6:	2800      	cmp	r0, #0
100036c8:	d010      	beq.n	100036ec <watchdog_enable+0x48>
100036ca:	0143      	lsls	r3, r0, #5
100036cc:	1a1b      	subs	r3, r3, r0
100036ce:	009b      	lsls	r3, r3, #2
100036d0:	1818      	adds	r0, r3, r0
100036d2:	2380      	movs	r3, #128	; 0x80
100036d4:	0100      	lsls	r0, r0, #4
100036d6:	045b      	lsls	r3, r3, #17
100036d8:	4298      	cmp	r0, r3
100036da:	d312      	bcc.n	10003702 <watchdog_enable+0x5e>
100036dc:	4b0f      	ldr	r3, [pc, #60]	; (1000371c <watchdog_enable+0x78>)
100036de:	0018      	movs	r0, r3
100036e0:	e006      	b.n	100036f0 <watchdog_enable+0x4c>
100036e2:	22e0      	movs	r2, #224	; 0xe0
100036e4:	04d2      	lsls	r2, r2, #19
100036e6:	601a      	str	r2, [r3, #0]
100036e8:	2800      	cmp	r0, #0
100036ea:	d1ee      	bne.n	100036ca <watchdog_enable+0x26>
100036ec:	4b0c      	ldr	r3, [pc, #48]	; (10003720 <watchdog_enable+0x7c>)
100036ee:	0018      	movs	r0, r3
100036f0:	4a0c      	ldr	r2, [pc, #48]	; (10003724 <watchdog_enable+0x80>)
100036f2:	6013      	str	r3, [r2, #0]
100036f4:	2280      	movs	r2, #128	; 0x80
100036f6:	4b04      	ldr	r3, [pc, #16]	; (10003708 <watchdog_enable+0x64>)
100036f8:	05d2      	lsls	r2, r2, #23
100036fa:	6058      	str	r0, [r3, #4]
100036fc:	4b06      	ldr	r3, [pc, #24]	; (10003718 <watchdog_enable+0x74>)
100036fe:	601a      	str	r2, [r3, #0]
10003700:	bd10      	pop	{r4, pc}
10003702:	0003      	movs	r3, r0
10003704:	e7f4      	b.n	100036f0 <watchdog_enable+0x4c>
10003706:	46c0      	nop			; (mov r8, r8)
10003708:	40058000 	.word	0x40058000
1000370c:	4005b000 	.word	0x4005b000
10003710:	0001fffc 	.word	0x0001fffc
10003714:	40012008 	.word	0x40012008
10003718:	4005a000 	.word	0x4005a000
1000371c:	00ffffff 	.word	0x00ffffff
10003720:	000186a0 	.word	0x000186a0
10003724:	20001b64 	.word	0x20001b64

10003728 <watchdog_reboot>:
10003728:	b510      	push	{r4, lr}
1000372a:	2480      	movs	r4, #128	; 0x80
1000372c:	4b1b      	ldr	r3, [pc, #108]	; (1000379c <watchdog_reboot+0x74>)
1000372e:	05e4      	lsls	r4, r4, #23
10003730:	601c      	str	r4, [r3, #0]
10003732:	2800      	cmp	r0, #0
10003734:	d021      	beq.n	1000377a <watchdog_reboot+0x52>
10003736:	2301      	movs	r3, #1
10003738:	4c19      	ldr	r4, [pc, #100]	; (100037a0 <watchdog_reboot+0x78>)
1000373a:	4318      	orrs	r0, r3
1000373c:	4b19      	ldr	r3, [pc, #100]	; (100037a4 <watchdog_reboot+0x7c>)
1000373e:	61dc      	str	r4, [r3, #28]
10003740:	4c19      	ldr	r4, [pc, #100]	; (100037a8 <watchdog_reboot+0x80>)
10003742:	4044      	eors	r4, r0
10003744:	621c      	str	r4, [r3, #32]
10003746:	6259      	str	r1, [r3, #36]	; 0x24
10003748:	6298      	str	r0, [r3, #40]	; 0x28
1000374a:	2180      	movs	r1, #128	; 0x80
1000374c:	4b13      	ldr	r3, [pc, #76]	; (1000379c <watchdog_reboot+0x74>)
1000374e:	05c9      	lsls	r1, r1, #23
10003750:	6019      	str	r1, [r3, #0]
10003752:	4816      	ldr	r0, [pc, #88]	; (100037ac <watchdog_reboot+0x84>)
10003754:	4916      	ldr	r1, [pc, #88]	; (100037b0 <watchdog_reboot+0x88>)
10003756:	6008      	str	r0, [r1, #0]
10003758:	21e0      	movs	r1, #224	; 0xe0
1000375a:	04c9      	lsls	r1, r1, #19
1000375c:	6019      	str	r1, [r3, #0]
1000375e:	2a00      	cmp	r2, #0
10003760:	d00e      	beq.n	10003780 <watchdog_reboot+0x58>
10003762:	0153      	lsls	r3, r2, #5
10003764:	1a9b      	subs	r3, r3, r2
10003766:	009b      	lsls	r3, r3, #2
10003768:	189a      	adds	r2, r3, r2
1000376a:	2380      	movs	r3, #128	; 0x80
1000376c:	0112      	lsls	r2, r2, #4
1000376e:	045b      	lsls	r3, r3, #17
10003770:	429a      	cmp	r2, r3
10003772:	d310      	bcc.n	10003796 <watchdog_reboot+0x6e>
10003774:	4b0f      	ldr	r3, [pc, #60]	; (100037b4 <watchdog_reboot+0x8c>)
10003776:	001a      	movs	r2, r3
10003778:	e004      	b.n	10003784 <watchdog_reboot+0x5c>
1000377a:	4b0a      	ldr	r3, [pc, #40]	; (100037a4 <watchdog_reboot+0x7c>)
1000377c:	61d8      	str	r0, [r3, #28]
1000377e:	e7e4      	b.n	1000374a <watchdog_reboot+0x22>
10003780:	4b0d      	ldr	r3, [pc, #52]	; (100037b8 <watchdog_reboot+0x90>)
10003782:	001a      	movs	r2, r3
10003784:	490d      	ldr	r1, [pc, #52]	; (100037bc <watchdog_reboot+0x94>)
10003786:	600b      	str	r3, [r1, #0]
10003788:	4b06      	ldr	r3, [pc, #24]	; (100037a4 <watchdog_reboot+0x7c>)
1000378a:	605a      	str	r2, [r3, #4]
1000378c:	2280      	movs	r2, #128	; 0x80
1000378e:	4b0c      	ldr	r3, [pc, #48]	; (100037c0 <watchdog_reboot+0x98>)
10003790:	05d2      	lsls	r2, r2, #23
10003792:	601a      	str	r2, [r3, #0]
10003794:	bd10      	pop	{r4, pc}
10003796:	0013      	movs	r3, r2
10003798:	e7f4      	b.n	10003784 <watchdog_reboot+0x5c>
1000379a:	46c0      	nop			; (mov r8, r8)
1000379c:	4005b000 	.word	0x4005b000
100037a0:	b007c0d3 	.word	0xb007c0d3
100037a4:	40058000 	.word	0x40058000
100037a8:	4ff83f2d 	.word	0x4ff83f2d
100037ac:	0001fffc 	.word	0x0001fffc
100037b0:	40012008 	.word	0x40012008
100037b4:	00ffffff 	.word	0x00ffffff
100037b8:	000186a0 	.word	0x000186a0
100037bc:	20001b64 	.word	0x20001b64
100037c0:	4005a000 	.word	0x4005a000

100037c4 <xosc_init>:
100037c4:	23aa      	movs	r3, #170	; 0xaa
100037c6:	4a06      	ldr	r2, [pc, #24]	; (100037e0 <xosc_init+0x1c>)
100037c8:	011b      	lsls	r3, r3, #4
100037ca:	6013      	str	r3, [r2, #0]
100037cc:	232f      	movs	r3, #47	; 0x2f
100037ce:	4905      	ldr	r1, [pc, #20]	; (100037e4 <xosc_init+0x20>)
100037d0:	60d3      	str	r3, [r2, #12]
100037d2:	4b05      	ldr	r3, [pc, #20]	; (100037e8 <xosc_init+0x24>)
100037d4:	6019      	str	r1, [r3, #0]
100037d6:	6853      	ldr	r3, [r2, #4]
100037d8:	2b00      	cmp	r3, #0
100037da:	dafc      	bge.n	100037d6 <xosc_init+0x12>
100037dc:	4770      	bx	lr
100037de:	46c0      	nop			; (mov r8, r8)
100037e0:	40024000 	.word	0x40024000
100037e4:	00fab000 	.word	0x00fab000
100037e8:	40026000 	.word	0x40026000

100037ec <pll_init>:
100037ec:	b570      	push	{r4, r5, r6, lr}
100037ee:	001d      	movs	r5, r3
100037f0:	2301      	movs	r3, #1
100037f2:	425b      	negs	r3, r3
100037f4:	6043      	str	r3, [r0, #4]
100037f6:	2300      	movs	r3, #0
100037f8:	0004      	movs	r4, r0
100037fa:	6083      	str	r3, [r0, #8]
100037fc:	6001      	str	r1, [r0, #0]
100037fe:	200c      	movs	r0, #12
10003800:	0016      	movs	r6, r2
10003802:	f001 fdcb 	bl	1000539c <__wrap___aeabi_uidiv>
10003806:	0143      	lsls	r3, r0, #5
10003808:	1a1b      	subs	r3, r3, r0
1000380a:	0199      	lsls	r1, r3, #6
1000380c:	1ac9      	subs	r1, r1, r3
1000380e:	00c9      	lsls	r1, r1, #3
10003810:	1809      	adds	r1, r1, r0
10003812:	0189      	lsls	r1, r1, #6
10003814:	0030      	movs	r0, r6
10003816:	f001 fdc1 	bl	1000539c <__wrap___aeabi_uidiv>
1000381a:	23c0      	movs	r3, #192	; 0xc0
1000381c:	1d22      	adds	r2, r4, #4
1000381e:	019b      	lsls	r3, r3, #6
10003820:	4313      	orrs	r3, r2
10003822:	2221      	movs	r2, #33	; 0x21
10003824:	60a0      	str	r0, [r4, #8]
10003826:	601a      	str	r2, [r3, #0]
10003828:	6822      	ldr	r2, [r4, #0]
1000382a:	2a00      	cmp	r2, #0
1000382c:	dafc      	bge.n	10003828 <pll_init+0x3c>
1000382e:	9a04      	ldr	r2, [sp, #16]
10003830:	042d      	lsls	r5, r5, #16
10003832:	0312      	lsls	r2, r2, #12
10003834:	4315      	orrs	r5, r2
10003836:	2208      	movs	r2, #8
10003838:	60e5      	str	r5, [r4, #12]
1000383a:	601a      	str	r2, [r3, #0]
1000383c:	bd70      	pop	{r4, r5, r6, pc}
1000383e:	46c0      	nop			; (mov r8, r8)

10003840 <irq_set_enabled>:
10003840:	2301      	movs	r3, #1
10003842:	4083      	lsls	r3, r0
10003844:	2900      	cmp	r1, #0
10003846:	d004      	beq.n	10003852 <irq_set_enabled+0x12>
10003848:	4a03      	ldr	r2, [pc, #12]	; (10003858 <irq_set_enabled+0x18>)
1000384a:	6013      	str	r3, [r2, #0]
1000384c:	4a03      	ldr	r2, [pc, #12]	; (1000385c <irq_set_enabled+0x1c>)
1000384e:	6013      	str	r3, [r2, #0]
10003850:	4770      	bx	lr
10003852:	4a03      	ldr	r2, [pc, #12]	; (10003860 <irq_set_enabled+0x20>)
10003854:	6013      	str	r3, [r2, #0]
10003856:	e7fb      	b.n	10003850 <irq_set_enabled+0x10>
10003858:	e000e280 	.word	0xe000e280
1000385c:	e000e100 	.word	0xe000e100
10003860:	e000e180 	.word	0xe000e180

10003864 <irq_set_pending>:
10003864:	2301      	movs	r3, #1
10003866:	4083      	lsls	r3, r0
10003868:	4a01      	ldr	r2, [pc, #4]	; (10003870 <irq_set_pending+0xc>)
1000386a:	6013      	str	r3, [r2, #0]
1000386c:	4770      	bx	lr
1000386e:	46c0      	nop			; (mov r8, r8)
10003870:	e000e200 	.word	0xe000e200

10003874 <irq_get_vtable_handler>:
10003874:	4b02      	ldr	r3, [pc, #8]	; (10003880 <irq_get_vtable_handler+0xc>)
10003876:	3010      	adds	r0, #16
10003878:	689b      	ldr	r3, [r3, #8]
1000387a:	0080      	lsls	r0, r0, #2
1000387c:	58c0      	ldr	r0, [r0, r3]
1000387e:	4770      	bx	lr
10003880:	e000ed00 	.word	0xe000ed00

10003884 <irq_set_exclusive_handler>:
10003884:	b570      	push	{r4, r5, r6, lr}
10003886:	000d      	movs	r5, r1
10003888:	f3ef 8610 	mrs	r6, PRIMASK
1000388c:	b672      	cpsid	i
1000388e:	4a0f      	ldr	r2, [pc, #60]	; (100038cc <irq_set_exclusive_handler+0x48>)
10003890:	6813      	ldr	r3, [r2, #0]
10003892:	2b00      	cmp	r3, #0
10003894:	d0fc      	beq.n	10003890 <irq_set_exclusive_handler+0xc>
10003896:	f3bf 8f5f 	dmb	sy
1000389a:	4b0d      	ldr	r3, [pc, #52]	; (100038d0 <irq_set_exclusive_handler+0x4c>)
1000389c:	3010      	adds	r0, #16
1000389e:	689b      	ldr	r3, [r3, #8]
100038a0:	0084      	lsls	r4, r0, #2
100038a2:	591b      	ldr	r3, [r3, r4]
100038a4:	4a0b      	ldr	r2, [pc, #44]	; (100038d4 <irq_set_exclusive_handler+0x50>)
100038a6:	4293      	cmp	r3, r2
100038a8:	d003      	beq.n	100038b2 <irq_set_exclusive_handler+0x2e>
100038aa:	429d      	cmp	r5, r3
100038ac:	d001      	beq.n	100038b2 <irq_set_exclusive_handler+0x2e>
100038ae:	f7ff fd6f 	bl	10003390 <hard_assertion_failure>
100038b2:	4b07      	ldr	r3, [pc, #28]	; (100038d0 <irq_set_exclusive_handler+0x4c>)
100038b4:	689b      	ldr	r3, [r3, #8]
100038b6:	511d      	str	r5, [r3, r4]
100038b8:	f3bf 8f5f 	dmb	sy
100038bc:	f3bf 8f5f 	dmb	sy
100038c0:	2200      	movs	r2, #0
100038c2:	4b02      	ldr	r3, [pc, #8]	; (100038cc <irq_set_exclusive_handler+0x48>)
100038c4:	601a      	str	r2, [r3, #0]
100038c6:	f386 8810 	msr	PRIMASK, r6
100038ca:	bd70      	pop	{r4, r5, r6, pc}
100038cc:	d0000124 	.word	0xd0000124
100038d0:	e000ed00 	.word	0xe000ed00
100038d4:	100001cd 	.word	0x100001cd

100038d8 <irq_remove_handler>:
100038d8:	b5f0      	push	{r4, r5, r6, r7, lr}
100038da:	46de      	mov	lr, fp
100038dc:	4657      	mov	r7, sl
100038de:	464e      	mov	r6, r9
100038e0:	4645      	mov	r5, r8
100038e2:	b5e0      	push	{r5, r6, r7, lr}
100038e4:	000c      	movs	r4, r1
100038e6:	b083      	sub	sp, #12
100038e8:	f3ef 8a10 	mrs	sl, PRIMASK
100038ec:	b672      	cpsid	i
100038ee:	4a5d      	ldr	r2, [pc, #372]	; (10003a64 <irq_remove_handler+0x18c>)
100038f0:	6813      	ldr	r3, [r2, #0]
100038f2:	2b00      	cmp	r3, #0
100038f4:	d0fc      	beq.n	100038f0 <irq_remove_handler+0x18>
100038f6:	f3bf 8f5f 	dmb	sy
100038fa:	2210      	movs	r2, #16
100038fc:	4691      	mov	r9, r2
100038fe:	4481      	add	r9, r0
10003900:	464a      	mov	r2, r9
10003902:	4b59      	ldr	r3, [pc, #356]	; (10003a68 <irq_remove_handler+0x190>)
10003904:	0096      	lsls	r6, r2, #2
10003906:	689b      	ldr	r3, [r3, #8]
10003908:	599d      	ldr	r5, [r3, r6]
1000390a:	4b58      	ldr	r3, [pc, #352]	; (10003a6c <irq_remove_handler+0x194>)
1000390c:	4698      	mov	r8, r3
1000390e:	429d      	cmp	r5, r3
10003910:	d005      	beq.n	1000391e <irq_remove_handler+0x46>
10003912:	42a5      	cmp	r5, r4
10003914:	d016      	beq.n	10003944 <irq_remove_handler+0x6c>
10003916:	4f56      	ldr	r7, [pc, #344]	; (10003a70 <irq_remove_handler+0x198>)
10003918:	1beb      	subs	r3, r5, r7
1000391a:	2b2f      	cmp	r3, #47	; 0x2f
1000391c:	d914      	bls.n	10003948 <irq_remove_handler+0x70>
1000391e:	4b52      	ldr	r3, [pc, #328]	; (10003a68 <irq_remove_handler+0x190>)
10003920:	689b      	ldr	r3, [r3, #8]
10003922:	519d      	str	r5, [r3, r6]
10003924:	f3bf 8f5f 	dmb	sy
10003928:	f3bf 8f5f 	dmb	sy
1000392c:	2200      	movs	r2, #0
1000392e:	4b4d      	ldr	r3, [pc, #308]	; (10003a64 <irq_remove_handler+0x18c>)
10003930:	601a      	str	r2, [r3, #0]
10003932:	f38a 8810 	msr	PRIMASK, sl
10003936:	b003      	add	sp, #12
10003938:	bcf0      	pop	{r4, r5, r6, r7}
1000393a:	46bb      	mov	fp, r7
1000393c:	46b2      	mov	sl, r6
1000393e:	46a9      	mov	r9, r5
10003940:	46a0      	mov	r8, r4
10003942:	bdf0      	pop	{r4, r5, r6, r7, pc}
10003944:	001d      	movs	r5, r3
10003946:	e7ea      	b.n	1000391e <irq_remove_handler+0x46>
10003948:	2301      	movs	r3, #1
1000394a:	4083      	lsls	r3, r0
1000394c:	469b      	mov	fp, r3
1000394e:	465a      	mov	r2, fp
10003950:	4b48      	ldr	r3, [pc, #288]	; (10003a74 <irq_remove_handler+0x19c>)
10003952:	681b      	ldr	r3, [r3, #0]
10003954:	401a      	ands	r2, r3
10003956:	9200      	str	r2, [sp, #0]
10003958:	465a      	mov	r2, fp
1000395a:	4b47      	ldr	r3, [pc, #284]	; (10003a78 <irq_remove_handler+0x1a0>)
1000395c:	601a      	str	r2, [r3, #0]
1000395e:	f3bf 8f5f 	dmb	sy
10003962:	f7fc fc80 	bl	10000266 <__get_current_exception>
10003966:	9001      	str	r0, [sp, #4]
10003968:	2800      	cmp	r0, #0
1000396a:	d001      	beq.n	10003970 <irq_remove_handler+0x98>
1000396c:	4581      	cmp	r9, r0
1000396e:	d128      	bne.n	100039c2 <irq_remove_handler+0xea>
10003970:	2301      	movs	r3, #1
10003972:	002a      	movs	r2, r5
10003974:	439a      	bics	r2, r3
10003976:	0013      	movs	r3, r2
10003978:	1bdb      	subs	r3, r3, r7
1000397a:	415b      	adcs	r3, r3
1000397c:	4945      	ldr	r1, [pc, #276]	; (10003a94 <irq_remove_handler+0x1bc>)
1000397e:	4359      	muls	r1, r3
10003980:	0d09      	lsrs	r1, r1, #20
10003982:	468c      	mov	ip, r1
10003984:	6891      	ldr	r1, [r2, #8]
10003986:	428c      	cmp	r4, r1
10003988:	d108      	bne.n	1000399c <irq_remove_handler+0xc4>
1000398a:	e061      	b.n	10003a50 <irq_remove_handler+0x178>
1000398c:	0043      	lsls	r3, r0, #1
1000398e:	181b      	adds	r3, r3, r0
10003990:	009b      	lsls	r3, r3, #2
10003992:	18fb      	adds	r3, r7, r3
10003994:	6899      	ldr	r1, [r3, #8]
10003996:	42a1      	cmp	r1, r4
10003998:	d016      	beq.n	100039c8 <irq_remove_handler+0xf0>
1000399a:	001a      	movs	r2, r3
1000399c:	2006      	movs	r0, #6
1000399e:	5610      	ldrsb	r0, [r2, r0]
100039a0:	2800      	cmp	r0, #0
100039a2:	daf3      	bge.n	1000398c <irq_remove_handler+0xb4>
100039a4:	42a1      	cmp	r1, r4
100039a6:	d035      	beq.n	10003a14 <irq_remove_handler+0x13c>
100039a8:	9b00      	ldr	r3, [sp, #0]
100039aa:	2b00      	cmp	r3, #0
100039ac:	d005      	beq.n	100039ba <irq_remove_handler+0xe2>
100039ae:	465a      	mov	r2, fp
100039b0:	4b32      	ldr	r3, [pc, #200]	; (10003a7c <irq_remove_handler+0x1a4>)
100039b2:	601a      	str	r2, [r3, #0]
100039b4:	4b2f      	ldr	r3, [pc, #188]	; (10003a74 <irq_remove_handler+0x19c>)
100039b6:	601a      	str	r2, [r3, #0]
100039b8:	e7b1      	b.n	1000391e <irq_remove_handler+0x46>
100039ba:	465a      	mov	r2, fp
100039bc:	4b2e      	ldr	r3, [pc, #184]	; (10003a78 <irq_remove_handler+0x1a0>)
100039be:	601a      	str	r2, [r3, #0]
100039c0:	e7ad      	b.n	1000391e <irq_remove_handler+0x46>
100039c2:	f7ff fce5 	bl	10003390 <hard_assertion_failure>
100039c6:	e7d3      	b.n	10003970 <irq_remove_handler+0x98>
100039c8:	2006      	movs	r0, #6
100039ca:	5618      	ldrsb	r0, [r3, r0]
100039cc:	2800      	cmp	r0, #0
100039ce:	db22      	blt.n	10003a16 <irq_remove_handler+0x13e>
100039d0:	0042      	lsls	r2, r0, #1
100039d2:	1811      	adds	r1, r2, r0
100039d4:	0089      	lsls	r1, r1, #2
100039d6:	187c      	adds	r4, r7, r1
100039d8:	4688      	mov	r8, r1
100039da:	68a1      	ldr	r1, [r4, #8]
100039dc:	6099      	str	r1, [r3, #8]
100039de:	79e1      	ldrb	r1, [r4, #7]
100039e0:	71d9      	strb	r1, [r3, #7]
100039e2:	2106      	movs	r1, #6
100039e4:	5661      	ldrsb	r1, [r4, r1]
100039e6:	7199      	strb	r1, [r3, #6]
100039e8:	2900      	cmp	r1, #0
100039ea:	db21      	blt.n	10003a30 <irq_remove_handler+0x158>
100039ec:	88a4      	ldrh	r4, [r4, #4]
100039ee:	1af9      	subs	r1, r7, r3
100039f0:	0564      	lsls	r4, r4, #21
100039f2:	1524      	asrs	r4, r4, #20
100039f4:	4444      	add	r4, r8
100039f6:	1909      	adds	r1, r1, r4
100039f8:	24e0      	movs	r4, #224	; 0xe0
100039fa:	0509      	lsls	r1, r1, #20
100039fc:	0d49      	lsrs	r1, r1, #21
100039fe:	0224      	lsls	r4, r4, #8
10003a00:	4321      	orrs	r1, r4
10003a02:	8099      	strh	r1, [r3, #4]
10003a04:	1813      	adds	r3, r2, r0
10003a06:	4a1e      	ldr	r2, [pc, #120]	; (10003a80 <irq_remove_handler+0x1a8>)
10003a08:	009b      	lsls	r3, r3, #2
10003a0a:	7811      	ldrb	r1, [r2, #0]
10003a0c:	18fb      	adds	r3, r7, r3
10003a0e:	7199      	strb	r1, [r3, #6]
10003a10:	7010      	strb	r0, [r2, #0]
10003a12:	e7c9      	b.n	100039a8 <irq_remove_handler+0xd0>
10003a14:	0013      	movs	r3, r2
10003a16:	9901      	ldr	r1, [sp, #4]
10003a18:	2900      	cmp	r1, #0
10003a1a:	d10c      	bne.n	10003a36 <irq_remove_handler+0x15e>
10003a1c:	20ff      	movs	r0, #255	; 0xff
10003a1e:	7190      	strb	r0, [r2, #6]
10003a20:	4818      	ldr	r0, [pc, #96]	; (10003a84 <irq_remove_handler+0x1ac>)
10003a22:	8090      	strh	r0, [r2, #4]
10003a24:	4a16      	ldr	r2, [pc, #88]	; (10003a80 <irq_remove_handler+0x1a8>)
10003a26:	7810      	ldrb	r0, [r2, #0]
10003a28:	7198      	strb	r0, [r3, #6]
10003a2a:	4663      	mov	r3, ip
10003a2c:	7013      	strb	r3, [r2, #0]
10003a2e:	e7bb      	b.n	100039a8 <irq_remove_handler+0xd0>
10003a30:	21bd      	movs	r1, #189	; 0xbd
10003a32:	0209      	lsls	r1, r1, #8
10003a34:	e7e5      	b.n	10003a02 <irq_remove_handler+0x12a>
10003a36:	4a14      	ldr	r2, [pc, #80]	; (10003a88 <irq_remove_handler+0x1b0>)
10003a38:	4914      	ldr	r1, [pc, #80]	; (10003a8c <irq_remove_handler+0x1b4>)
10003a3a:	1ad2      	subs	r2, r2, r3
10003a3c:	3a08      	subs	r2, #8
10003a3e:	0250      	lsls	r0, r2, #9
10003a40:	0d40      	lsrs	r0, r0, #21
10003a42:	4301      	orrs	r1, r0
10003a44:	8099      	strh	r1, [r3, #4]
10003a46:	4912      	ldr	r1, [pc, #72]	; (10003a90 <irq_remove_handler+0x1b8>)
10003a48:	0852      	lsrs	r2, r2, #1
10003a4a:	430a      	orrs	r2, r1
10003a4c:	80da      	strh	r2, [r3, #6]
10003a4e:	e7ab      	b.n	100039a8 <irq_remove_handler+0xd0>
10003a50:	2006      	movs	r0, #6
10003a52:	5610      	ldrsb	r0, [r2, r0]
10003a54:	0013      	movs	r3, r2
10003a56:	2800      	cmp	r0, #0
10003a58:	daba      	bge.n	100039d0 <irq_remove_handler+0xf8>
10003a5a:	9a01      	ldr	r2, [sp, #4]
10003a5c:	2a00      	cmp	r2, #0
10003a5e:	d1ea      	bne.n	10003a36 <irq_remove_handler+0x15e>
10003a60:	4645      	mov	r5, r8
10003a62:	e7df      	b.n	10003a24 <irq_remove_handler+0x14c>
10003a64:	d0000124 	.word	0xd0000124
10003a68:	e000ed00 	.word	0xe000ed00
10003a6c:	100001cd 	.word	0x100001cd
10003a70:	20000264 	.word	0x20000264
10003a74:	e000e100 	.word	0xe000e100
10003a78:	e000e180 	.word	0xe000e180
10003a7c:	e000e280 	.word	0xe000e280
10003a80:	20001e9d 	.word	0x20001e9d
10003a84:	ffffbd00 	.word	0xffffbd00
10003a88:	2000029e 	.word	0x2000029e
10003a8c:	fffff000 	.word	0xfffff000
10003a90:	fffff800 	.word	0xfffff800
10003a94:	0000aaaa 	.word	0x0000aaaa

10003a98 <irq_add_tail_to_free_list>:
10003a98:	b5f8      	push	{r3, r4, r5, r6, r7, lr}
10003a9a:	2501      	movs	r5, #1
10003a9c:	0004      	movs	r4, r0
10003a9e:	4305      	orrs	r5, r0
10003aa0:	f7fc fbe1 	bl	10000266 <__get_current_exception>
10003aa4:	f3ef 8c10 	mrs	ip, PRIMASK
10003aa8:	b672      	cpsid	i
10003aaa:	4a21      	ldr	r2, [pc, #132]	; (10003b30 <irq_add_tail_to_free_list+0x98>)
10003aac:	6813      	ldr	r3, [r2, #0]
10003aae:	2b00      	cmp	r3, #0
10003ab0:	d0fc      	beq.n	10003aac <irq_add_tail_to_free_list+0x14>
10003ab2:	f3bf 8f5f 	dmb	sy
10003ab6:	4e1f      	ldr	r6, [pc, #124]	; (10003b34 <irq_add_tail_to_free_list+0x9c>)
10003ab8:	0022      	movs	r2, r4
10003aba:	68b7      	ldr	r7, [r6, #8]
10003abc:	491e      	ldr	r1, [pc, #120]	; (10003b38 <irq_add_tail_to_free_list+0xa0>)
10003abe:	1a52      	subs	r2, r2, r1
10003ac0:	4152      	adcs	r2, r2
10003ac2:	4b21      	ldr	r3, [pc, #132]	; (10003b48 <irq_add_tail_to_free_list+0xb0>)
10003ac4:	4353      	muls	r3, r2
10003ac6:	0d1b      	lsrs	r3, r3, #20
10003ac8:	0082      	lsls	r2, r0, #2
10003aca:	58b8      	ldr	r0, [r7, r2]
10003acc:	b25b      	sxtb	r3, r3
10003ace:	42a8      	cmp	r0, r5
10003ad0:	d01c      	beq.n	10003b0c <irq_add_tail_to_free_list+0x74>
10003ad2:	2206      	movs	r2, #6
10003ad4:	568a      	ldrsb	r2, [r1, r2]
10003ad6:	429a      	cmp	r2, r3
10003ad8:	d01c      	beq.n	10003b14 <irq_add_tail_to_free_list+0x7c>
10003ada:	2212      	movs	r2, #18
10003adc:	568a      	ldrsb	r2, [r1, r2]
10003ade:	429a      	cmp	r2, r3
10003ae0:	d022      	beq.n	10003b28 <irq_add_tail_to_free_list+0x90>
10003ae2:	221e      	movs	r2, #30
10003ae4:	568a      	ldrsb	r2, [r1, r2]
10003ae6:	429a      	cmp	r2, r3
10003ae8:	d020      	beq.n	10003b2c <irq_add_tail_to_free_list+0x94>
10003aea:	222a      	movs	r2, #42	; 0x2a
10003aec:	568a      	ldrsb	r2, [r1, r2]
10003aee:	2003      	movs	r0, #3
10003af0:	429a      	cmp	r2, r3
10003af2:	d010      	beq.n	10003b16 <irq_add_tail_to_free_list+0x7e>
10003af4:	4a11      	ldr	r2, [pc, #68]	; (10003b3c <irq_add_tail_to_free_list+0xa4>)
10003af6:	7811      	ldrb	r1, [r2, #0]
10003af8:	7013      	strb	r3, [r2, #0]
10003afa:	71a1      	strb	r1, [r4, #6]
10003afc:	f3bf 8f5f 	dmb	sy
10003b00:	2200      	movs	r2, #0
10003b02:	4b0b      	ldr	r3, [pc, #44]	; (10003b30 <irq_add_tail_to_free_list+0x98>)
10003b04:	601a      	str	r2, [r3, #0]
10003b06:	f38c 8810 	msr	PRIMASK, ip
10003b0a:	bdf8      	pop	{r3, r4, r5, r6, r7, pc}
10003b0c:	68b1      	ldr	r1, [r6, #8]
10003b0e:	480c      	ldr	r0, [pc, #48]	; (10003b40 <irq_add_tail_to_free_list+0xa8>)
10003b10:	5088      	str	r0, [r1, r2]
10003b12:	e7ef      	b.n	10003af4 <irq_add_tail_to_free_list+0x5c>
10003b14:	2000      	movs	r0, #0
10003b16:	0042      	lsls	r2, r0, #1
10003b18:	1812      	adds	r2, r2, r0
10003b1a:	0092      	lsls	r2, r2, #2
10003b1c:	1889      	adds	r1, r1, r2
10003b1e:	22ff      	movs	r2, #255	; 0xff
10003b20:	718a      	strb	r2, [r1, #6]
10003b22:	4a08      	ldr	r2, [pc, #32]	; (10003b44 <irq_add_tail_to_free_list+0xac>)
10003b24:	808a      	strh	r2, [r1, #4]
10003b26:	e7e5      	b.n	10003af4 <irq_add_tail_to_free_list+0x5c>
10003b28:	2001      	movs	r0, #1
10003b2a:	e7f4      	b.n	10003b16 <irq_add_tail_to_free_list+0x7e>
10003b2c:	2002      	movs	r0, #2
10003b2e:	e7f2      	b.n	10003b16 <irq_add_tail_to_free_list+0x7e>
10003b30:	d0000124 	.word	0xd0000124
10003b34:	e000ed00 	.word	0xe000ed00
10003b38:	20000264 	.word	0x20000264
10003b3c:	20001e9d 	.word	0x20001e9d
10003b40:	100001cd 	.word	0x100001cd
10003b44:	ffffbd00 	.word	0xffffbd00
10003b48:	0000aaaa 	.word	0x0000aaaa

10003b4c <irq_init_priorities>:
10003b4c:	b5f0      	push	{r4, r5, r6, r7, lr}
10003b4e:	2200      	movs	r2, #0
10003b50:	2403      	movs	r4, #3
10003b52:	27ff      	movs	r7, #255	; 0xff
10003b54:	2680      	movs	r6, #128	; 0x80
10003b56:	0020      	movs	r0, r4
10003b58:	003d      	movs	r5, r7
10003b5a:	4b09      	ldr	r3, [pc, #36]	; (10003b80 <irq_init_priorities+0x34>)
10003b5c:	0011      	movs	r1, r2
10003b5e:	469c      	mov	ip, r3
10003b60:	4010      	ands	r0, r2
10003b62:	00c0      	lsls	r0, r0, #3
10003b64:	4085      	lsls	r5, r0
10003b66:	43a1      	bics	r1, r4
10003b68:	4461      	add	r1, ip
10003b6a:	680b      	ldr	r3, [r1, #0]
10003b6c:	3201      	adds	r2, #1
10003b6e:	43ab      	bics	r3, r5
10003b70:	0035      	movs	r5, r6
10003b72:	4085      	lsls	r5, r0
10003b74:	432b      	orrs	r3, r5
10003b76:	600b      	str	r3, [r1, #0]
10003b78:	2a20      	cmp	r2, #32
10003b7a:	d1ec      	bne.n	10003b56 <irq_init_priorities+0xa>
10003b7c:	bdf0      	pop	{r4, r5, r6, r7, pc}
10003b7e:	46c0      	nop			; (mov r8, r8)
10003b80:	e000e400 	.word	0xe000e400

10003b84 <_out_null>:
10003b84:	4770      	bx	lr
10003b86:	46c0      	nop			; (mov r8, r8)

10003b88 <_out_rev>:
10003b88:	b5f8      	push	{r3, r4, r5, r6, r7, lr}
10003b8a:	4657      	mov	r7, sl
10003b8c:	4645      	mov	r5, r8
10003b8e:	46de      	mov	lr, fp
10003b90:	464e      	mov	r6, r9
10003b92:	b5e0      	push	{r5, r6, r7, lr}
10003b94:	4698      	mov	r8, r3
10003b96:	9b0a      	ldr	r3, [sp, #40]	; 0x28
10003b98:	0006      	movs	r6, r0
10003b9a:	469a      	mov	sl, r3
10003b9c:	9b0d      	ldr	r3, [sp, #52]	; 0x34
10003b9e:	000f      	movs	r7, r1
10003ba0:	4693      	mov	fp, r2
10003ba2:	0015      	movs	r5, r2
10003ba4:	079b      	lsls	r3, r3, #30
10003ba6:	d110      	bne.n	10003bca <_out_rev+0x42>
10003ba8:	9b0b      	ldr	r3, [sp, #44]	; 0x2c
10003baa:	9a0c      	ldr	r2, [sp, #48]	; 0x30
10003bac:	4293      	cmp	r3, r2
10003bae:	d20c      	bcs.n	10003bca <_out_rev+0x42>
10003bb0:	0013      	movs	r3, r2
10003bb2:	465c      	mov	r4, fp
10003bb4:	9a0b      	ldr	r2, [sp, #44]	; 0x2c
10003bb6:	1a9d      	subs	r5, r3, r2
10003bb8:	445d      	add	r5, fp
10003bba:	0022      	movs	r2, r4
10003bbc:	4643      	mov	r3, r8
10003bbe:	3401      	adds	r4, #1
10003bc0:	0039      	movs	r1, r7
10003bc2:	2020      	movs	r0, #32
10003bc4:	47b0      	blx	r6
10003bc6:	42a5      	cmp	r5, r4
10003bc8:	d1f7      	bne.n	10003bba <_out_rev+0x32>
10003bca:	9c0b      	ldr	r4, [sp, #44]	; 0x2c
10003bcc:	1963      	adds	r3, r4, r5
10003bce:	2c00      	cmp	r4, #0
10003bd0:	d009      	beq.n	10003be6 <_out_rev+0x5e>
10003bd2:	001d      	movs	r5, r3
10003bd4:	4653      	mov	r3, sl
10003bd6:	1b2a      	subs	r2, r5, r4
10003bd8:	3c01      	subs	r4, #1
10003bda:	5d18      	ldrb	r0, [r3, r4]
10003bdc:	0039      	movs	r1, r7
10003bde:	4643      	mov	r3, r8
10003be0:	47b0      	blx	r6
10003be2:	2c00      	cmp	r4, #0
10003be4:	d1f6      	bne.n	10003bd4 <_out_rev+0x4c>
10003be6:	9b0d      	ldr	r3, [sp, #52]	; 0x34
10003be8:	079b      	lsls	r3, r3, #30
10003bea:	d50e      	bpl.n	10003c0a <_out_rev+0x82>
10003bec:	465b      	mov	r3, fp
10003bee:	1aec      	subs	r4, r5, r3
10003bf0:	9b0c      	ldr	r3, [sp, #48]	; 0x30
10003bf2:	42a3      	cmp	r3, r4
10003bf4:	d909      	bls.n	10003c0a <_out_rev+0x82>
10003bf6:	4699      	mov	r9, r3
10003bf8:	002a      	movs	r2, r5
10003bfa:	4643      	mov	r3, r8
10003bfc:	0039      	movs	r1, r7
10003bfe:	2020      	movs	r0, #32
10003c00:	3401      	adds	r4, #1
10003c02:	47b0      	blx	r6
10003c04:	3501      	adds	r5, #1
10003c06:	45a1      	cmp	r9, r4
10003c08:	d8f6      	bhi.n	10003bf8 <_out_rev+0x70>
10003c0a:	0028      	movs	r0, r5
10003c0c:	bcf0      	pop	{r4, r5, r6, r7}
10003c0e:	46bb      	mov	fp, r7
10003c10:	46b2      	mov	sl, r6
10003c12:	46a9      	mov	r9, r5
10003c14:	46a0      	mov	r8, r4
10003c16:	bdf8      	pop	{r3, r4, r5, r6, r7, pc}

10003c18 <_ntoa_format>:
10003c18:	b5f0      	push	{r4, r5, r6, r7, lr}
10003c1a:	464f      	mov	r7, r9
10003c1c:	4646      	mov	r6, r8
10003c1e:	46d6      	mov	lr, sl
10003c20:	b5c0      	push	{r6, r7, lr}
10003c22:	b084      	sub	sp, #16
10003c24:	4698      	mov	r8, r3
10003c26:	ab0e      	add	r3, sp, #56	; 0x38
10003c28:	781b      	ldrb	r3, [r3, #0]
10003c2a:	4694      	mov	ip, r2
10003c2c:	4699      	mov	r9, r3
10003c2e:	9b12      	ldr	r3, [sp, #72]	; 0x48
10003c30:	9c0d      	ldr	r4, [sp, #52]	; 0x34
10003c32:	9f10      	ldr	r7, [sp, #64]	; 0x40
10003c34:	9e11      	ldr	r6, [sp, #68]	; 0x44
10003c36:	079a      	lsls	r2, r3, #30
10003c38:	d424      	bmi.n	10003c84 <_ntoa_format+0x6c>
10003c3a:	2e00      	cmp	r6, #0
10003c3c:	d16a      	bne.n	10003d14 <_ntoa_format+0xfc>
10003c3e:	42bc      	cmp	r4, r7
10003c40:	d220      	bcs.n	10003c84 <_ntoa_format+0x6c>
10003c42:	2201      	movs	r2, #1
10003c44:	401a      	ands	r2, r3
10003c46:	4692      	mov	sl, r2
10003c48:	2c20      	cmp	r4, #32
10003c4a:	d100      	bne.n	10003c4e <_ntoa_format+0x36>
10003c4c:	e0d2      	b.n	10003df4 <_ntoa_format+0x1dc>
10003c4e:	9a0c      	ldr	r2, [sp, #48]	; 0x30
10003c50:	1e55      	subs	r5, r2, #1
10003c52:	2230      	movs	r2, #48	; 0x30
10003c54:	e001      	b.n	10003c5a <_ntoa_format+0x42>
10003c56:	2c20      	cmp	r4, #32
10003c58:	d030      	beq.n	10003cbc <_ntoa_format+0xa4>
10003c5a:	3401      	adds	r4, #1
10003c5c:	552a      	strb	r2, [r5, r4]
10003c5e:	42a7      	cmp	r7, r4
10003c60:	d8f9      	bhi.n	10003c56 <_ntoa_format+0x3e>
10003c62:	4652      	mov	r2, sl
10003c64:	2a00      	cmp	r2, #0
10003c66:	d00d      	beq.n	10003c84 <_ntoa_format+0x6c>
10003c68:	42b4      	cmp	r4, r6
10003c6a:	d20b      	bcs.n	10003c84 <_ntoa_format+0x6c>
10003c6c:	9a0c      	ldr	r2, [sp, #48]	; 0x30
10003c6e:	1e55      	subs	r5, r2, #1
10003c70:	2230      	movs	r2, #48	; 0x30
10003c72:	2c20      	cmp	r4, #32
10003c74:	d102      	bne.n	10003c7c <_ntoa_format+0x64>
10003c76:	e026      	b.n	10003cc6 <_ntoa_format+0xae>
10003c78:	2c20      	cmp	r4, #32
10003c7a:	d063      	beq.n	10003d44 <_ntoa_format+0x12c>
10003c7c:	3401      	adds	r4, #1
10003c7e:	552a      	strb	r2, [r5, r4]
10003c80:	42b4      	cmp	r4, r6
10003c82:	d1f9      	bne.n	10003c78 <_ntoa_format+0x60>
10003c84:	06da      	lsls	r2, r3, #27
10003c86:	d534      	bpl.n	10003cf2 <_ntoa_format+0xda>
10003c88:	055a      	lsls	r2, r3, #21
10003c8a:	d464      	bmi.n	10003d56 <_ntoa_format+0x13e>
10003c8c:	2c00      	cmp	r4, #0
10003c8e:	d15e      	bne.n	10003d4e <_ntoa_format+0x136>
10003c90:	9a0f      	ldr	r2, [sp, #60]	; 0x3c
10003c92:	2a10      	cmp	r2, #16
10003c94:	d100      	bne.n	10003c98 <_ntoa_format+0x80>
10003c96:	e097      	b.n	10003dc8 <_ntoa_format+0x1b0>
10003c98:	2a02      	cmp	r2, #2
10003c9a:	d100      	bne.n	10003c9e <_ntoa_format+0x86>
10003c9c:	e0a8      	b.n	10003df0 <_ntoa_format+0x1d8>
10003c9e:	2230      	movs	r2, #48	; 0x30
10003ca0:	9c0c      	ldr	r4, [sp, #48]	; 0x30
10003ca2:	7022      	strb	r2, [r4, #0]
10003ca4:	2401      	movs	r4, #1
10003ca6:	464a      	mov	r2, r9
10003ca8:	2a00      	cmp	r2, #0
10003caa:	d15e      	bne.n	10003d6a <_ntoa_format+0x152>
10003cac:	075a      	lsls	r2, r3, #29
10003cae:	d400      	bmi.n	10003cb2 <_ntoa_format+0x9a>
10003cb0:	e083      	b.n	10003dba <_ntoa_format+0x1a2>
10003cb2:	222b      	movs	r2, #43	; 0x2b
10003cb4:	9d0c      	ldr	r5, [sp, #48]	; 0x30
10003cb6:	552a      	strb	r2, [r5, r4]
10003cb8:	3401      	adds	r4, #1
10003cba:	e01c      	b.n	10003cf6 <_ntoa_format+0xde>
10003cbc:	4652      	mov	r2, sl
10003cbe:	2a00      	cmp	r2, #0
10003cc0:	d002      	beq.n	10003cc8 <_ntoa_format+0xb0>
10003cc2:	2e20      	cmp	r6, #32
10003cc4:	d93e      	bls.n	10003d44 <_ntoa_format+0x12c>
10003cc6:	2420      	movs	r4, #32
10003cc8:	06da      	lsls	r2, r3, #27
10003cca:	d514      	bpl.n	10003cf6 <_ntoa_format+0xde>
10003ccc:	055a      	lsls	r2, r3, #21
10003cce:	d412      	bmi.n	10003cf6 <_ntoa_format+0xde>
10003cd0:	2f20      	cmp	r7, #32
10003cd2:	d100      	bne.n	10003cd6 <_ntoa_format+0xbe>
10003cd4:	e0a1      	b.n	10003e1a <_ntoa_format+0x202>
10003cd6:	2e20      	cmp	r6, #32
10003cd8:	d13d      	bne.n	10003d56 <_ntoa_format+0x13e>
10003cda:	2620      	movs	r6, #32
10003cdc:	221f      	movs	r2, #31
10003cde:	0034      	movs	r4, r6
10003ce0:	9d0f      	ldr	r5, [sp, #60]	; 0x3c
10003ce2:	2d10      	cmp	r5, #16
10003ce4:	d100      	bne.n	10003ce8 <_ntoa_format+0xd0>
10003ce6:	e08b      	b.n	10003e00 <_ntoa_format+0x1e8>
10003ce8:	2d02      	cmp	r5, #2
10003cea:	d052      	beq.n	10003d92 <_ntoa_format+0x17a>
10003cec:	2530      	movs	r5, #48	; 0x30
10003cee:	9f0c      	ldr	r7, [sp, #48]	; 0x30
10003cf0:	54bd      	strb	r5, [r7, r2]
10003cf2:	2c20      	cmp	r4, #32
10003cf4:	d1d7      	bne.n	10003ca6 <_ntoa_format+0x8e>
10003cf6:	9303      	str	r3, [sp, #12]
10003cf8:	9b0c      	ldr	r3, [sp, #48]	; 0x30
10003cfa:	4662      	mov	r2, ip
10003cfc:	9300      	str	r3, [sp, #0]
10003cfe:	9602      	str	r6, [sp, #8]
10003d00:	4643      	mov	r3, r8
10003d02:	9401      	str	r4, [sp, #4]
10003d04:	f7ff ff40 	bl	10003b88 <_out_rev>
10003d08:	b004      	add	sp, #16
10003d0a:	bce0      	pop	{r5, r6, r7}
10003d0c:	46ba      	mov	sl, r7
10003d0e:	46b1      	mov	r9, r6
10003d10:	46a8      	mov	r8, r5
10003d12:	bdf0      	pop	{r4, r5, r6, r7, pc}
10003d14:	2201      	movs	r2, #1
10003d16:	0015      	movs	r5, r2
10003d18:	401d      	ands	r5, r3
10003d1a:	46aa      	mov	sl, r5
10003d1c:	421a      	tst	r2, r3
10003d1e:	d029      	beq.n	10003d74 <_ntoa_format+0x15c>
10003d20:	464a      	mov	r2, r9
10003d22:	2a00      	cmp	r2, #0
10003d24:	d139      	bne.n	10003d9a <_ntoa_format+0x182>
10003d26:	320c      	adds	r2, #12
10003d28:	421a      	tst	r2, r3
10003d2a:	d136      	bne.n	10003d9a <_ntoa_format+0x182>
10003d2c:	42bc      	cmp	r4, r7
10003d2e:	d29b      	bcs.n	10003c68 <_ntoa_format+0x50>
10003d30:	2c20      	cmp	r4, #32
10003d32:	d000      	beq.n	10003d36 <_ntoa_format+0x11e>
10003d34:	e78b      	b.n	10003c4e <_ntoa_format+0x36>
10003d36:	2210      	movs	r2, #16
10003d38:	401a      	ands	r2, r3
10003d3a:	2e20      	cmp	r6, #32
10003d3c:	d8c3      	bhi.n	10003cc6 <_ntoa_format+0xae>
10003d3e:	2a00      	cmp	r2, #0
10003d40:	d1a2      	bne.n	10003c88 <_ntoa_format+0x70>
10003d42:	e7d8      	b.n	10003cf6 <_ntoa_format+0xde>
10003d44:	2420      	movs	r4, #32
10003d46:	06da      	lsls	r2, r3, #27
10003d48:	d5d5      	bpl.n	10003cf6 <_ntoa_format+0xde>
10003d4a:	055a      	lsls	r2, r3, #21
10003d4c:	d403      	bmi.n	10003d56 <_ntoa_format+0x13e>
10003d4e:	42a7      	cmp	r7, r4
10003d50:	d025      	beq.n	10003d9e <_ntoa_format+0x186>
10003d52:	42b4      	cmp	r4, r6
10003d54:	d023      	beq.n	10003d9e <_ntoa_format+0x186>
10003d56:	9a0f      	ldr	r2, [sp, #60]	; 0x3c
10003d58:	2a10      	cmp	r2, #16
10003d5a:	d025      	beq.n	10003da8 <_ntoa_format+0x190>
10003d5c:	2a02      	cmp	r2, #2
10003d5e:	d014      	beq.n	10003d8a <_ntoa_format+0x172>
10003d60:	2c20      	cmp	r4, #32
10003d62:	d0c8      	beq.n	10003cf6 <_ntoa_format+0xde>
10003d64:	0022      	movs	r2, r4
10003d66:	3401      	adds	r4, #1
10003d68:	e7c0      	b.n	10003cec <_ntoa_format+0xd4>
10003d6a:	222d      	movs	r2, #45	; 0x2d
10003d6c:	9d0c      	ldr	r5, [sp, #48]	; 0x30
10003d6e:	552a      	strb	r2, [r5, r4]
10003d70:	3401      	adds	r4, #1
10003d72:	e7c0      	b.n	10003cf6 <_ntoa_format+0xde>
10003d74:	42bc      	cmp	r4, r7
10003d76:	d300      	bcc.n	10003d7a <_ntoa_format+0x162>
10003d78:	e784      	b.n	10003c84 <_ntoa_format+0x6c>
10003d7a:	2c20      	cmp	r4, #32
10003d7c:	d000      	beq.n	10003d80 <_ntoa_format+0x168>
10003d7e:	e766      	b.n	10003c4e <_ntoa_format+0x36>
10003d80:	2210      	movs	r2, #16
10003d82:	401a      	ands	r2, r3
10003d84:	2a00      	cmp	r2, #0
10003d86:	d1e0      	bne.n	10003d4a <_ntoa_format+0x132>
10003d88:	e7b5      	b.n	10003cf6 <_ntoa_format+0xde>
10003d8a:	2c20      	cmp	r4, #32
10003d8c:	d0b3      	beq.n	10003cf6 <_ntoa_format+0xde>
10003d8e:	0022      	movs	r2, r4
10003d90:	3401      	adds	r4, #1
10003d92:	2562      	movs	r5, #98	; 0x62
10003d94:	9f0c      	ldr	r7, [sp, #48]	; 0x30
10003d96:	54bd      	strb	r5, [r7, r2]
10003d98:	e7e2      	b.n	10003d60 <_ntoa_format+0x148>
10003d9a:	3e01      	subs	r6, #1
10003d9c:	e7c6      	b.n	10003d2c <_ntoa_format+0x114>
10003d9e:	1e62      	subs	r2, r4, #1
10003da0:	2c01      	cmp	r4, #1
10003da2:	d100      	bne.n	10003da6 <_ntoa_format+0x18e>
10003da4:	e774      	b.n	10003c90 <_ntoa_format+0x78>
10003da6:	e79b      	b.n	10003ce0 <_ntoa_format+0xc8>
10003da8:	069a      	lsls	r2, r3, #26
10003daa:	d416      	bmi.n	10003dda <_ntoa_format+0x1c2>
10003dac:	2c20      	cmp	r4, #32
10003dae:	d0a2      	beq.n	10003cf6 <_ntoa_format+0xde>
10003db0:	2278      	movs	r2, #120	; 0x78
10003db2:	9d0c      	ldr	r5, [sp, #48]	; 0x30
10003db4:	552a      	strb	r2, [r5, r4]
10003db6:	3401      	adds	r4, #1
10003db8:	e7d2      	b.n	10003d60 <_ntoa_format+0x148>
10003dba:	071a      	lsls	r2, r3, #28
10003dbc:	d59b      	bpl.n	10003cf6 <_ntoa_format+0xde>
10003dbe:	2220      	movs	r2, #32
10003dc0:	9d0c      	ldr	r5, [sp, #48]	; 0x30
10003dc2:	552a      	strb	r2, [r5, r4]
10003dc4:	3401      	adds	r4, #1
10003dc6:	e796      	b.n	10003cf6 <_ntoa_format+0xde>
10003dc8:	069a      	lsls	r2, r3, #26
10003dca:	d40f      	bmi.n	10003dec <_ntoa_format+0x1d4>
10003dcc:	2278      	movs	r2, #120	; 0x78
10003dce:	9c0c      	ldr	r4, [sp, #48]	; 0x30
10003dd0:	7022      	strb	r2, [r4, #0]
10003dd2:	2230      	movs	r2, #48	; 0x30
10003dd4:	7062      	strb	r2, [r4, #1]
10003dd6:	2402      	movs	r4, #2
10003dd8:	e765      	b.n	10003ca6 <_ntoa_format+0x8e>
10003dda:	2c20      	cmp	r4, #32
10003ddc:	d100      	bne.n	10003de0 <_ntoa_format+0x1c8>
10003dde:	e78a      	b.n	10003cf6 <_ntoa_format+0xde>
10003de0:	2558      	movs	r5, #88	; 0x58
10003de2:	9a0c      	ldr	r2, [sp, #48]	; 0x30
10003de4:	1912      	adds	r2, r2, r4
10003de6:	7015      	strb	r5, [r2, #0]
10003de8:	3401      	adds	r4, #1
10003dea:	e7b9      	b.n	10003d60 <_ntoa_format+0x148>
10003dec:	2258      	movs	r2, #88	; 0x58
10003dee:	e7ee      	b.n	10003dce <_ntoa_format+0x1b6>
10003df0:	2262      	movs	r2, #98	; 0x62
10003df2:	e7ec      	b.n	10003dce <_ntoa_format+0x1b6>
10003df4:	2210      	movs	r2, #16
10003df6:	4655      	mov	r5, sl
10003df8:	401a      	ands	r2, r3
10003dfa:	2d00      	cmp	r5, #0
10003dfc:	d19f      	bne.n	10003d3e <_ntoa_format+0x126>
10003dfe:	e7c1      	b.n	10003d84 <_ntoa_format+0x16c>
10003e00:	3c02      	subs	r4, #2
10003e02:	069d      	lsls	r5, r3, #26
10003e04:	d404      	bmi.n	10003e10 <_ntoa_format+0x1f8>
10003e06:	2578      	movs	r5, #120	; 0x78
10003e08:	9f0c      	ldr	r7, [sp, #48]	; 0x30
10003e0a:	553d      	strb	r5, [r7, r4]
10003e0c:	0014      	movs	r4, r2
10003e0e:	e7a9      	b.n	10003d64 <_ntoa_format+0x14c>
10003e10:	2558      	movs	r5, #88	; 0x58
10003e12:	9f0c      	ldr	r7, [sp, #48]	; 0x30
10003e14:	553d      	strb	r5, [r7, r4]
10003e16:	0014      	movs	r4, r2
10003e18:	e7a4      	b.n	10003d64 <_ntoa_format+0x14c>
10003e1a:	221f      	movs	r2, #31
10003e1c:	e760      	b.n	10003ce0 <_ntoa_format+0xc8>
10003e1e:	46c0      	nop			; (mov r8, r8)

10003e20 <_out_char>:
10003e20:	b510      	push	{r4, lr}
10003e22:	2800      	cmp	r0, #0
10003e24:	d100      	bne.n	10003e28 <_out_char+0x8>
10003e26:	bd10      	pop	{r4, pc}
10003e28:	f002 fa60 	bl	100062ec <__wrap_putchar>
10003e2c:	e7fb      	b.n	10003e26 <_out_char+0x6>
10003e2e:	46c0      	nop			; (mov r8, r8)

10003e30 <_out_fct>:
10003e30:	000b      	movs	r3, r1
10003e32:	b510      	push	{r4, lr}
10003e34:	2800      	cmp	r0, #0
10003e36:	d002      	beq.n	10003e3e <_out_fct+0xe>
10003e38:	6849      	ldr	r1, [r1, #4]
10003e3a:	681b      	ldr	r3, [r3, #0]
10003e3c:	4798      	blx	r3
10003e3e:	bd10      	pop	{r4, pc}

10003e40 <_etoa>:
10003e40:	b5f0      	push	{r4, r5, r6, r7, lr}
10003e42:	4657      	mov	r7, sl
10003e44:	464e      	mov	r6, r9
10003e46:	4645      	mov	r5, r8
10003e48:	46de      	mov	lr, fp
10003e4a:	b5e0      	push	{r5, r6, r7, lr}
10003e4c:	b099      	sub	sp, #100	; 0x64
10003e4e:	4682      	mov	sl, r0
10003e50:	4689      	mov	r9, r1
10003e52:	4690      	mov	r8, r2
10003e54:	9308      	str	r3, [sp, #32]
10003e56:	9a22      	ldr	r2, [sp, #136]	; 0x88
10003e58:	9b23      	ldr	r3, [sp, #140]	; 0x8c
10003e5a:	0010      	movs	r0, r2
10003e5c:	0019      	movs	r1, r3
10003e5e:	f001 fd52 	bl	10005906 <__wrap___aeabi_dcmpun>
10003e62:	2800      	cmp	r0, #0
10003e64:	d000      	beq.n	10003e68 <_etoa+0x28>
10003e66:	e0cd      	b.n	10004004 <_etoa+0x1c4>
10003e68:	9822      	ldr	r0, [sp, #136]	; 0x88
10003e6a:	9923      	ldr	r1, [sp, #140]	; 0x8c
10003e6c:	2201      	movs	r2, #1
10003e6e:	4bd9      	ldr	r3, [pc, #868]	; (100041d4 <_etoa+0x394>)
10003e70:	4252      	negs	r2, r2
10003e72:	f001 fd43 	bl	100058fc <__wrap___aeabi_dcmpgt>
10003e76:	2800      	cmp	r0, #0
10003e78:	d000      	beq.n	10003e7c <_etoa+0x3c>
10003e7a:	e0c3      	b.n	10004004 <_etoa+0x1c4>
10003e7c:	9822      	ldr	r0, [sp, #136]	; 0x88
10003e7e:	9923      	ldr	r1, [sp, #140]	; 0x8c
10003e80:	2201      	movs	r2, #1
10003e82:	4bd5      	ldr	r3, [pc, #852]	; (100041d8 <_etoa+0x398>)
10003e84:	4252      	negs	r2, r2
10003e86:	f001 fd2b 	bl	100058e0 <__wrap___aeabi_dcmplt>
10003e8a:	2800      	cmp	r0, #0
10003e8c:	d000      	beq.n	10003e90 <_etoa+0x50>
10003e8e:	e0b9      	b.n	10004004 <_etoa+0x1c4>
10003e90:	9822      	ldr	r0, [sp, #136]	; 0x88
10003e92:	9923      	ldr	r1, [sp, #140]	; 0x8c
10003e94:	2200      	movs	r2, #0
10003e96:	2300      	movs	r3, #0
10003e98:	f001 fd22 	bl	100058e0 <__wrap___aeabi_dcmplt>
10003e9c:	2800      	cmp	r0, #0
10003e9e:	d000      	beq.n	10003ea2 <_etoa+0x62>
10003ea0:	e1f1      	b.n	10004286 <_etoa+0x446>
10003ea2:	9e22      	ldr	r6, [sp, #136]	; 0x88
10003ea4:	9f23      	ldr	r7, [sp, #140]	; 0x8c
10003ea6:	2380      	movs	r3, #128	; 0x80
10003ea8:	9a26      	ldr	r2, [sp, #152]	; 0x98
10003eaa:	00db      	lsls	r3, r3, #3
10003eac:	401a      	ands	r2, r3
10003eae:	920d      	str	r2, [sp, #52]	; 0x34
10003eb0:	9a26      	ldr	r2, [sp, #152]	; 0x98
10003eb2:	421a      	tst	r2, r3
10003eb4:	d101      	bne.n	10003eba <_etoa+0x7a>
10003eb6:	2306      	movs	r3, #6
10003eb8:	9324      	str	r3, [sp, #144]	; 0x90
10003eba:	2380      	movs	r3, #128	; 0x80
10003ebc:	9a26      	ldr	r2, [sp, #152]	; 0x98
10003ebe:	011b      	lsls	r3, r3, #4
10003ec0:	401a      	ands	r2, r3
10003ec2:	003b      	movs	r3, r7
10003ec4:	4693      	mov	fp, r2
10003ec6:	9609      	str	r6, [sp, #36]	; 0x24
10003ec8:	4333      	orrs	r3, r6
10003eca:	d000      	beq.n	10003ece <_etoa+0x8e>
10003ecc:	e0b3      	b.n	10004036 <_etoa+0x1f6>
10003ece:	2a00      	cmp	r2, #0
10003ed0:	d000      	beq.n	10003ed4 <_etoa+0x94>
10003ed2:	e1c2      	b.n	1000425a <_etoa+0x41a>
10003ed4:	2300      	movs	r3, #0
10003ed6:	2400      	movs	r4, #0
10003ed8:	930a      	str	r3, [sp, #40]	; 0x28
10003eda:	940b      	str	r4, [sp, #44]	; 0x2c
10003edc:	2300      	movs	r3, #0
10003ede:	2504      	movs	r5, #4
10003ee0:	9309      	str	r3, [sp, #36]	; 0x24
10003ee2:	9b25      	ldr	r3, [sp, #148]	; 0x94
10003ee4:	2400      	movs	r4, #0
10003ee6:	42ab      	cmp	r3, r5
10003ee8:	d900      	bls.n	10003eec <_etoa+0xac>
10003eea:	1b5c      	subs	r4, r3, r5
10003eec:	2302      	movs	r3, #2
10003eee:	9a26      	ldr	r2, [sp, #152]	; 0x98
10003ef0:	401a      	ands	r2, r3
10003ef2:	920c      	str	r2, [sp, #48]	; 0x30
10003ef4:	9a26      	ldr	r2, [sp, #152]	; 0x98
10003ef6:	4213      	tst	r3, r2
10003ef8:	d003      	beq.n	10003f02 <_etoa+0xc2>
10003efa:	426b      	negs	r3, r5
10003efc:	416b      	adcs	r3, r5
10003efe:	425b      	negs	r3, r3
10003f00:	401c      	ands	r4, r3
10003f02:	9b09      	ldr	r3, [sp, #36]	; 0x24
10003f04:	2b00      	cmp	r3, #0
10003f06:	d007      	beq.n	10003f18 <_etoa+0xd8>
10003f08:	9a0a      	ldr	r2, [sp, #40]	; 0x28
10003f0a:	9b0b      	ldr	r3, [sp, #44]	; 0x2c
10003f0c:	0030      	movs	r0, r6
10003f0e:	0039      	movs	r1, r7
10003f10:	f001 fc9b 	bl	1000584a <__wrap___aeabi_ddiv>
10003f14:	0006      	movs	r6, r0
10003f16:	000f      	movs	r7, r1
10003f18:	9822      	ldr	r0, [sp, #136]	; 0x88
10003f1a:	9923      	ldr	r1, [sp, #140]	; 0x8c
10003f1c:	2200      	movs	r2, #0
10003f1e:	2300      	movs	r3, #0
10003f20:	f001 fcde 	bl	100058e0 <__wrap___aeabi_dcmplt>
10003f24:	2800      	cmp	r0, #0
10003f26:	d003      	beq.n	10003f30 <_etoa+0xf0>
10003f28:	2180      	movs	r1, #128	; 0x80
10003f2a:	0609      	lsls	r1, r1, #24
10003f2c:	187b      	adds	r3, r7, r1
10003f2e:	001f      	movs	r7, r3
10003f30:	9a26      	ldr	r2, [sp, #152]	; 0x98
10003f32:	4baa      	ldr	r3, [pc, #680]	; (100041dc <_etoa+0x39c>)
10003f34:	9600      	str	r6, [sp, #0]
10003f36:	9701      	str	r7, [sp, #4]
10003f38:	4013      	ands	r3, r2
10003f3a:	9e08      	ldr	r6, [sp, #32]
10003f3c:	9304      	str	r3, [sp, #16]
10003f3e:	9b24      	ldr	r3, [sp, #144]	; 0x90
10003f40:	9403      	str	r4, [sp, #12]
10003f42:	9302      	str	r3, [sp, #8]
10003f44:	4642      	mov	r2, r8
10003f46:	0033      	movs	r3, r6
10003f48:	4649      	mov	r1, r9
10003f4a:	4650      	mov	r0, sl
10003f4c:	f000 f9aa 	bl	100042a4 <_ftoa>
10003f50:	0004      	movs	r4, r0
10003f52:	2d00      	cmp	r5, #0
10003f54:	d067      	beq.n	10004026 <_etoa+0x1e6>
10003f56:	2020      	movs	r0, #32
10003f58:	9a26      	ldr	r2, [sp, #152]	; 0x98
10003f5a:	4649      	mov	r1, r9
10003f5c:	4002      	ands	r2, r0
10003f5e:	0013      	movs	r3, r2
10003f60:	425a      	negs	r2, r3
10003f62:	4153      	adcs	r3, r2
10003f64:	425b      	negs	r3, r3
10003f66:	1c62      	adds	r2, r4, #1
10003f68:	4018      	ands	r0, r3
10003f6a:	920a      	str	r2, [sp, #40]	; 0x28
10003f6c:	0033      	movs	r3, r6
10003f6e:	0022      	movs	r2, r4
10003f70:	3045      	adds	r0, #69	; 0x45
10003f72:	47d0      	blx	sl
10003f74:	9a09      	ldr	r2, [sp, #36]	; 0x24
10003f76:	1e6f      	subs	r7, r5, #1
10003f78:	17d3      	asrs	r3, r2, #31
10003f7a:	18d4      	adds	r4, r2, r3
10003f7c:	405c      	eors	r4, r3
10003f7e:	0fd3      	lsrs	r3, r2, #31
10003f80:	469b      	mov	fp, r3
10003f82:	2500      	movs	r5, #0
10003f84:	e001      	b.n	10003f8a <_etoa+0x14a>
10003f86:	2d20      	cmp	r5, #32
10003f88:	d013      	beq.n	10003fb2 <_etoa+0x172>
10003f8a:	aa08      	add	r2, sp, #32
10003f8c:	4694      	mov	ip, r2
10003f8e:	231f      	movs	r3, #31
10003f90:	0020      	movs	r0, r4
10003f92:	4463      	add	r3, ip
10003f94:	210a      	movs	r1, #10
10003f96:	3501      	adds	r5, #1
10003f98:	195e      	adds	r6, r3, r5
10003f9a:	f001 f9ff 	bl	1000539c <__wrap___aeabi_uidiv>
10003f9e:	3130      	adds	r1, #48	; 0x30
10003fa0:	7031      	strb	r1, [r6, #0]
10003fa2:	0020      	movs	r0, r4
10003fa4:	210a      	movs	r1, #10
10003fa6:	f001 f9f9 	bl	1000539c <__wrap___aeabi_uidiv>
10003faa:	0026      	movs	r6, r4
10003fac:	0004      	movs	r4, r0
10003fae:	2e09      	cmp	r6, #9
10003fb0:	d8e9      	bhi.n	10003f86 <_etoa+0x146>
10003fb2:	2305      	movs	r3, #5
10003fb4:	9306      	str	r3, [sp, #24]
10003fb6:	2300      	movs	r3, #0
10003fb8:	9304      	str	r3, [sp, #16]
10003fba:	330a      	adds	r3, #10
10003fbc:	9303      	str	r3, [sp, #12]
10003fbe:	465b      	mov	r3, fp
10003fc0:	9e08      	ldr	r6, [sp, #32]
10003fc2:	9302      	str	r3, [sp, #8]
10003fc4:	ab10      	add	r3, sp, #64	; 0x40
10003fc6:	9a0a      	ldr	r2, [sp, #40]	; 0x28
10003fc8:	9300      	str	r3, [sp, #0]
10003fca:	4649      	mov	r1, r9
10003fcc:	0033      	movs	r3, r6
10003fce:	4650      	mov	r0, sl
10003fd0:	9705      	str	r7, [sp, #20]
10003fd2:	9501      	str	r5, [sp, #4]
10003fd4:	f7ff fe20 	bl	10003c18 <_ntoa_format>
10003fd8:	9a0c      	ldr	r2, [sp, #48]	; 0x30
10003fda:	0004      	movs	r4, r0
10003fdc:	2a00      	cmp	r2, #0
10003fde:	d022      	beq.n	10004026 <_etoa+0x1e6>
10003fe0:	4642      	mov	r2, r8
10003fe2:	1a85      	subs	r5, r0, r2
10003fe4:	9a25      	ldr	r2, [sp, #148]	; 0x94
10003fe6:	42aa      	cmp	r2, r5
10003fe8:	d91d      	bls.n	10004026 <_etoa+0x1e6>
10003fea:	46b0      	mov	r8, r6
10003fec:	4657      	mov	r7, sl
10003fee:	0016      	movs	r6, r2
10003ff0:	0022      	movs	r2, r4
10003ff2:	4643      	mov	r3, r8
10003ff4:	4649      	mov	r1, r9
10003ff6:	2020      	movs	r0, #32
10003ff8:	3501      	adds	r5, #1
10003ffa:	47b8      	blx	r7
10003ffc:	3401      	adds	r4, #1
10003ffe:	42ae      	cmp	r6, r5
10004000:	d8f6      	bhi.n	10003ff0 <_etoa+0x1b0>
10004002:	e010      	b.n	10004026 <_etoa+0x1e6>
10004004:	9b26      	ldr	r3, [sp, #152]	; 0x98
10004006:	4642      	mov	r2, r8
10004008:	9304      	str	r3, [sp, #16]
1000400a:	9b25      	ldr	r3, [sp, #148]	; 0x94
1000400c:	4649      	mov	r1, r9
1000400e:	9303      	str	r3, [sp, #12]
10004010:	9b24      	ldr	r3, [sp, #144]	; 0x90
10004012:	4650      	mov	r0, sl
10004014:	9302      	str	r3, [sp, #8]
10004016:	9b22      	ldr	r3, [sp, #136]	; 0x88
10004018:	9c23      	ldr	r4, [sp, #140]	; 0x8c
1000401a:	9300      	str	r3, [sp, #0]
1000401c:	9401      	str	r4, [sp, #4]
1000401e:	9b08      	ldr	r3, [sp, #32]
10004020:	f000 f940 	bl	100042a4 <_ftoa>
10004024:	0004      	movs	r4, r0
10004026:	0020      	movs	r0, r4
10004028:	b019      	add	sp, #100	; 0x64
1000402a:	bcf0      	pop	{r4, r5, r6, r7}
1000402c:	46bb      	mov	fp, r7
1000402e:	46b2      	mov	sl, r6
10004030:	46a9      	mov	r9, r5
10004032:	46a0      	mov	r8, r4
10004034:	bdf0      	pop	{r4, r5, r6, r7, pc}
10004036:	4b6a      	ldr	r3, [pc, #424]	; (100041e0 <_etoa+0x3a0>)
10004038:	0078      	lsls	r0, r7, #1
1000403a:	469c      	mov	ip, r3
1000403c:	0d40      	lsrs	r0, r0, #21
1000403e:	4460      	add	r0, ip
10004040:	f001 fc74 	bl	1000592c <__wrap___aeabi_i2d>
10004044:	4a67      	ldr	r2, [pc, #412]	; (100041e4 <_etoa+0x3a4>)
10004046:	4b68      	ldr	r3, [pc, #416]	; (100041e8 <_etoa+0x3a8>)
10004048:	f001 fc08 	bl	1000585c <__wrap___aeabi_dmul>
1000404c:	4a67      	ldr	r2, [pc, #412]	; (100041ec <_etoa+0x3ac>)
1000404e:	4b68      	ldr	r3, [pc, #416]	; (100041f0 <_etoa+0x3b0>)
10004050:	f001 fbf2 	bl	10005838 <__wrap___aeabi_dadd>
10004054:	4a67      	ldr	r2, [pc, #412]	; (100041f4 <_etoa+0x3b4>)
10004056:	033b      	lsls	r3, r7, #12
10004058:	0b1b      	lsrs	r3, r3, #12
1000405a:	431a      	orrs	r2, r3
1000405c:	0004      	movs	r4, r0
1000405e:	000d      	movs	r5, r1
10004060:	9809      	ldr	r0, [sp, #36]	; 0x24
10004062:	0011      	movs	r1, r2
10004064:	4b64      	ldr	r3, [pc, #400]	; (100041f8 <_etoa+0x3b8>)
10004066:	2200      	movs	r2, #0
10004068:	f001 fbdd 	bl	10005826 <__wrap___aeabi_dsub>
1000406c:	4a63      	ldr	r2, [pc, #396]	; (100041fc <_etoa+0x3bc>)
1000406e:	4b64      	ldr	r3, [pc, #400]	; (10004200 <_etoa+0x3c0>)
10004070:	f001 fbf4 	bl	1000585c <__wrap___aeabi_dmul>
10004074:	0002      	movs	r2, r0
10004076:	000b      	movs	r3, r1
10004078:	0020      	movs	r0, r4
1000407a:	0029      	movs	r1, r5
1000407c:	f001 fbdc 	bl	10005838 <__wrap___aeabi_dadd>
10004080:	f001 fc6c 	bl	1000595c <__wrap___aeabi_d2iz>
10004084:	9009      	str	r0, [sp, #36]	; 0x24
10004086:	f001 fc51 	bl	1000592c <__wrap___aeabi_i2d>
1000408a:	4a5e      	ldr	r2, [pc, #376]	; (10004204 <_etoa+0x3c4>)
1000408c:	4b5e      	ldr	r3, [pc, #376]	; (10004208 <_etoa+0x3c8>)
1000408e:	0004      	movs	r4, r0
10004090:	000d      	movs	r5, r1
10004092:	f001 fbe3 	bl	1000585c <__wrap___aeabi_dmul>
10004096:	2200      	movs	r2, #0
10004098:	4b5c      	ldr	r3, [pc, #368]	; (1000420c <_etoa+0x3cc>)
1000409a:	f001 fbcd 	bl	10005838 <__wrap___aeabi_dadd>
1000409e:	f001 fc5d 	bl	1000595c <__wrap___aeabi_d2iz>
100040a2:	4a5b      	ldr	r2, [pc, #364]	; (10004210 <_etoa+0x3d0>)
100040a4:	4b5b      	ldr	r3, [pc, #364]	; (10004214 <_etoa+0x3d4>)
100040a6:	0029      	movs	r1, r5
100040a8:	900c      	str	r0, [sp, #48]	; 0x30
100040aa:	0020      	movs	r0, r4
100040ac:	f001 fbd6 	bl	1000585c <__wrap___aeabi_dmul>
100040b0:	0004      	movs	r4, r0
100040b2:	980c      	ldr	r0, [sp, #48]	; 0x30
100040b4:	000d      	movs	r5, r1
100040b6:	f001 fc39 	bl	1000592c <__wrap___aeabi_i2d>
100040ba:	4a57      	ldr	r2, [pc, #348]	; (10004218 <_etoa+0x3d8>)
100040bc:	4b57      	ldr	r3, [pc, #348]	; (1000421c <_etoa+0x3dc>)
100040be:	f001 fbcd 	bl	1000585c <__wrap___aeabi_dmul>
100040c2:	0002      	movs	r2, r0
100040c4:	000b      	movs	r3, r1
100040c6:	0020      	movs	r0, r4
100040c8:	0029      	movs	r1, r5
100040ca:	f001 fbac 	bl	10005826 <__wrap___aeabi_dsub>
100040ce:	0004      	movs	r4, r0
100040d0:	000d      	movs	r5, r1
100040d2:	0002      	movs	r2, r0
100040d4:	000b      	movs	r3, r1
100040d6:	940a      	str	r4, [sp, #40]	; 0x28
100040d8:	950b      	str	r5, [sp, #44]	; 0x2c
100040da:	f001 fbbf 	bl	1000585c <__wrap___aeabi_dmul>
100040de:	0004      	movs	r4, r0
100040e0:	000d      	movs	r5, r1
100040e2:	980a      	ldr	r0, [sp, #40]	; 0x28
100040e4:	990b      	ldr	r1, [sp, #44]	; 0x2c
100040e6:	0002      	movs	r2, r0
100040e8:	000b      	movs	r3, r1
100040ea:	f001 fba5 	bl	10005838 <__wrap___aeabi_dadd>
100040ee:	2200      	movs	r2, #0
100040f0:	900e      	str	r0, [sp, #56]	; 0x38
100040f2:	910f      	str	r1, [sp, #60]	; 0x3c
100040f4:	4b4a      	ldr	r3, [pc, #296]	; (10004220 <_etoa+0x3e0>)
100040f6:	0020      	movs	r0, r4
100040f8:	0029      	movs	r1, r5
100040fa:	f001 fba6 	bl	1000584a <__wrap___aeabi_ddiv>
100040fe:	2200      	movs	r2, #0
10004100:	4b48      	ldr	r3, [pc, #288]	; (10004224 <_etoa+0x3e4>)
10004102:	f001 fb99 	bl	10005838 <__wrap___aeabi_dadd>
10004106:	0002      	movs	r2, r0
10004108:	000b      	movs	r3, r1
1000410a:	0020      	movs	r0, r4
1000410c:	0029      	movs	r1, r5
1000410e:	f001 fb9c 	bl	1000584a <__wrap___aeabi_ddiv>
10004112:	2200      	movs	r2, #0
10004114:	4b44      	ldr	r3, [pc, #272]	; (10004228 <_etoa+0x3e8>)
10004116:	f001 fb8f 	bl	10005838 <__wrap___aeabi_dadd>
1000411a:	0002      	movs	r2, r0
1000411c:	000b      	movs	r3, r1
1000411e:	0020      	movs	r0, r4
10004120:	0029      	movs	r1, r5
10004122:	f001 fb92 	bl	1000584a <__wrap___aeabi_ddiv>
10004126:	9a0a      	ldr	r2, [sp, #40]	; 0x28
10004128:	9b0b      	ldr	r3, [sp, #44]	; 0x2c
1000412a:	000d      	movs	r5, r1
1000412c:	2180      	movs	r1, #128	; 0x80
1000412e:	0004      	movs	r4, r0
10004130:	05c9      	lsls	r1, r1, #23
10004132:	2000      	movs	r0, #0
10004134:	f001 fb77 	bl	10005826 <__wrap___aeabi_dsub>
10004138:	0002      	movs	r2, r0
1000413a:	000b      	movs	r3, r1
1000413c:	0020      	movs	r0, r4
1000413e:	0029      	movs	r1, r5
10004140:	f001 fb7a 	bl	10005838 <__wrap___aeabi_dadd>
10004144:	0002      	movs	r2, r0
10004146:	000b      	movs	r3, r1
10004148:	980e      	ldr	r0, [sp, #56]	; 0x38
1000414a:	990f      	ldr	r1, [sp, #60]	; 0x3c
1000414c:	f001 fb7d 	bl	1000584a <__wrap___aeabi_ddiv>
10004150:	2200      	movs	r2, #0
10004152:	4b28      	ldr	r3, [pc, #160]	; (100041f4 <_etoa+0x3b4>)
10004154:	f001 fb70 	bl	10005838 <__wrap___aeabi_dadd>
10004158:	4b34      	ldr	r3, [pc, #208]	; (1000422c <_etoa+0x3ec>)
1000415a:	9c0c      	ldr	r4, [sp, #48]	; 0x30
1000415c:	469c      	mov	ip, r3
1000415e:	4464      	add	r4, ip
10004160:	0523      	lsls	r3, r4, #20
10004162:	2200      	movs	r2, #0
10004164:	f001 fb7a 	bl	1000585c <__wrap___aeabi_dmul>
10004168:	0004      	movs	r4, r0
1000416a:	000d      	movs	r5, r1
1000416c:	0002      	movs	r2, r0
1000416e:	000b      	movs	r3, r1
10004170:	0030      	movs	r0, r6
10004172:	0039      	movs	r1, r7
10004174:	940a      	str	r4, [sp, #40]	; 0x28
10004176:	950b      	str	r5, [sp, #44]	; 0x2c
10004178:	f001 fbb2 	bl	100058e0 <__wrap___aeabi_dcmplt>
1000417c:	2800      	cmp	r0, #0
1000417e:	d15d      	bne.n	1000423c <_etoa+0x3fc>
10004180:	0023      	movs	r3, r4
10004182:	002a      	movs	r2, r5
10004184:	25c6      	movs	r5, #198	; 0xc6
10004186:	9909      	ldr	r1, [sp, #36]	; 0x24
10004188:	3163      	adds	r1, #99	; 0x63
1000418a:	428d      	cmp	r5, r1
1000418c:	41ad      	sbcs	r5, r5
1000418e:	4659      	mov	r1, fp
10004190:	426d      	negs	r5, r5
10004192:	3504      	adds	r5, #4
10004194:	2900      	cmp	r1, #0
10004196:	d100      	bne.n	1000419a <_etoa+0x35a>
10004198:	e6a3      	b.n	10003ee2 <_etoa+0xa2>
1000419a:	4313      	orrs	r3, r2
1000419c:	d063      	beq.n	10004266 <_etoa+0x426>
1000419e:	0030      	movs	r0, r6
100041a0:	0039      	movs	r1, r7
100041a2:	4a23      	ldr	r2, [pc, #140]	; (10004230 <_etoa+0x3f0>)
100041a4:	4b23      	ldr	r3, [pc, #140]	; (10004234 <_etoa+0x3f4>)
100041a6:	f001 fba1 	bl	100058ec <__wrap___aeabi_dcmpge>
100041aa:	2800      	cmp	r0, #0
100041ac:	d007      	beq.n	100041be <_etoa+0x37e>
100041ae:	2200      	movs	r2, #0
100041b0:	0030      	movs	r0, r6
100041b2:	0039      	movs	r1, r7
100041b4:	4b20      	ldr	r3, [pc, #128]	; (10004238 <_etoa+0x3f8>)
100041b6:	f001 fb93 	bl	100058e0 <__wrap___aeabi_dcmplt>
100041ba:	2800      	cmp	r0, #0
100041bc:	d153      	bne.n	10004266 <_etoa+0x426>
100041be:	9b24      	ldr	r3, [sp, #144]	; 0x90
100041c0:	2b00      	cmp	r3, #0
100041c2:	d100      	bne.n	100041c6 <_etoa+0x386>
100041c4:	e68d      	b.n	10003ee2 <_etoa+0xa2>
100041c6:	9b0d      	ldr	r3, [sp, #52]	; 0x34
100041c8:	1e5a      	subs	r2, r3, #1
100041ca:	4193      	sbcs	r3, r2
100041cc:	9a24      	ldr	r2, [sp, #144]	; 0x90
100041ce:	1ad3      	subs	r3, r2, r3
100041d0:	9324      	str	r3, [sp, #144]	; 0x90
100041d2:	e686      	b.n	10003ee2 <_etoa+0xa2>
100041d4:	7fefffff 	.word	0x7fefffff
100041d8:	ffefffff 	.word	0xffefffff
100041dc:	fffff7ff 	.word	0xfffff7ff
100041e0:	fffffc01 	.word	0xfffffc01
100041e4:	509f79fb 	.word	0x509f79fb
100041e8:	3fd34413 	.word	0x3fd34413
100041ec:	8b60c8b3 	.word	0x8b60c8b3
100041f0:	3fc68a28 	.word	0x3fc68a28
100041f4:	3ff00000 	.word	0x3ff00000
100041f8:	3ff80000 	.word	0x3ff80000
100041fc:	636f4361 	.word	0x636f4361
10004200:	3fd287a7 	.word	0x3fd287a7
10004204:	0979a371 	.word	0x0979a371
10004208:	400a934f 	.word	0x400a934f
1000420c:	3fe00000 	.word	0x3fe00000
10004210:	bbb55516 	.word	0xbbb55516
10004214:	40026bb1 	.word	0x40026bb1
10004218:	fefa39ef 	.word	0xfefa39ef
1000421c:	3fe62e42 	.word	0x3fe62e42
10004220:	402c0000 	.word	0x402c0000
10004224:	40240000 	.word	0x40240000
10004228:	40180000 	.word	0x40180000
1000422c:	000003ff 	.word	0x000003ff
10004230:	eb1c432d 	.word	0xeb1c432d
10004234:	3f1a36e2 	.word	0x3f1a36e2
10004238:	412e8480 	.word	0x412e8480
1000423c:	9b09      	ldr	r3, [sp, #36]	; 0x24
1000423e:	2200      	movs	r2, #0
10004240:	3b01      	subs	r3, #1
10004242:	9309      	str	r3, [sp, #36]	; 0x24
10004244:	0020      	movs	r0, r4
10004246:	4b16      	ldr	r3, [pc, #88]	; (100042a0 <_etoa+0x460>)
10004248:	0029      	movs	r1, r5
1000424a:	f001 fafe 	bl	1000584a <__wrap___aeabi_ddiv>
1000424e:	000a      	movs	r2, r1
10004250:	0001      	movs	r1, r0
10004252:	0003      	movs	r3, r0
10004254:	910a      	str	r1, [sp, #40]	; 0x28
10004256:	920b      	str	r2, [sp, #44]	; 0x2c
10004258:	e794      	b.n	10004184 <_etoa+0x344>
1000425a:	2300      	movs	r3, #0
1000425c:	2400      	movs	r4, #0
1000425e:	930a      	str	r3, [sp, #40]	; 0x28
10004260:	940b      	str	r4, [sp, #44]	; 0x2c
10004262:	2300      	movs	r3, #0
10004264:	9309      	str	r3, [sp, #36]	; 0x24
10004266:	9a24      	ldr	r2, [sp, #144]	; 0x90
10004268:	9b09      	ldr	r3, [sp, #36]	; 0x24
1000426a:	429a      	cmp	r2, r3
1000426c:	dd14      	ble.n	10004298 <_etoa+0x458>
1000426e:	1ad3      	subs	r3, r2, r3
10004270:	3b01      	subs	r3, #1
10004272:	9324      	str	r3, [sp, #144]	; 0x90
10004274:	2380      	movs	r3, #128	; 0x80
10004276:	9a26      	ldr	r2, [sp, #152]	; 0x98
10004278:	00db      	lsls	r3, r3, #3
1000427a:	431a      	orrs	r2, r3
1000427c:	2300      	movs	r3, #0
1000427e:	2500      	movs	r5, #0
10004280:	9226      	str	r2, [sp, #152]	; 0x98
10004282:	9309      	str	r3, [sp, #36]	; 0x24
10004284:	e62d      	b.n	10003ee2 <_etoa+0xa2>
10004286:	2280      	movs	r2, #128	; 0x80
10004288:	0612      	lsls	r2, r2, #24
1000428a:	4694      	mov	ip, r2
1000428c:	9b22      	ldr	r3, [sp, #136]	; 0x88
1000428e:	001e      	movs	r6, r3
10004290:	9b23      	ldr	r3, [sp, #140]	; 0x8c
10004292:	4463      	add	r3, ip
10004294:	001f      	movs	r7, r3
10004296:	e606      	b.n	10003ea6 <_etoa+0x66>
10004298:	2300      	movs	r3, #0
1000429a:	9324      	str	r3, [sp, #144]	; 0x90
1000429c:	e7ea      	b.n	10004274 <_etoa+0x434>
1000429e:	46c0      	nop			; (mov r8, r8)
100042a0:	40240000 	.word	0x40240000

100042a4 <_ftoa>:
100042a4:	b5f0      	push	{r4, r5, r6, r7, lr}
100042a6:	4645      	mov	r5, r8
100042a8:	46de      	mov	lr, fp
100042aa:	464e      	mov	r6, r9
100042ac:	4657      	mov	r7, sl
100042ae:	b5e0      	push	{r5, r6, r7, lr}
100042b0:	b095      	sub	sp, #84	; 0x54
100042b2:	468b      	mov	fp, r1
100042b4:	4690      	mov	r8, r2
100042b6:	4699      	mov	r9, r3
100042b8:	9a1e      	ldr	r2, [sp, #120]	; 0x78
100042ba:	9b1f      	ldr	r3, [sp, #124]	; 0x7c
100042bc:	900a      	str	r0, [sp, #40]	; 0x28
100042be:	0019      	movs	r1, r3
100042c0:	0010      	movs	r0, r2
100042c2:	9d20      	ldr	r5, [sp, #128]	; 0x80
100042c4:	f001 fb1f 	bl	10005906 <__wrap___aeabi_dcmpun>
100042c8:	2800      	cmp	r0, #0
100042ca:	d000      	beq.n	100042ce <_ftoa+0x2a>
100042cc:	e1b0      	b.n	10004630 <_ftoa+0x38c>
100042ce:	981e      	ldr	r0, [sp, #120]	; 0x78
100042d0:	991f      	ldr	r1, [sp, #124]	; 0x7c
100042d2:	2201      	movs	r2, #1
100042d4:	4bc7      	ldr	r3, [pc, #796]	; (100045f4 <_ftoa+0x350>)
100042d6:	4252      	negs	r2, r2
100042d8:	f001 fb02 	bl	100058e0 <__wrap___aeabi_dcmplt>
100042dc:	2800      	cmp	r0, #0
100042de:	d000      	beq.n	100042e2 <_ftoa+0x3e>
100042e0:	e137      	b.n	10004552 <_ftoa+0x2ae>
100042e2:	981e      	ldr	r0, [sp, #120]	; 0x78
100042e4:	991f      	ldr	r1, [sp, #124]	; 0x7c
100042e6:	2201      	movs	r2, #1
100042e8:	4bc3      	ldr	r3, [pc, #780]	; (100045f8 <_ftoa+0x354>)
100042ea:	4252      	negs	r2, r2
100042ec:	f001 fb06 	bl	100058fc <__wrap___aeabi_dcmpgt>
100042f0:	2800      	cmp	r0, #0
100042f2:	d000      	beq.n	100042f6 <_ftoa+0x52>
100042f4:	e0a7      	b.n	10004446 <_ftoa+0x1a2>
100042f6:	981e      	ldr	r0, [sp, #120]	; 0x78
100042f8:	991f      	ldr	r1, [sp, #124]	; 0x7c
100042fa:	2200      	movs	r2, #0
100042fc:	4bbf      	ldr	r3, [pc, #764]	; (100045fc <_ftoa+0x358>)
100042fe:	f001 fafd 	bl	100058fc <__wrap___aeabi_dcmpgt>
10004302:	2800      	cmp	r0, #0
10004304:	d000      	beq.n	10004308 <_ftoa+0x64>
10004306:	e088      	b.n	1000441a <_ftoa+0x176>
10004308:	981e      	ldr	r0, [sp, #120]	; 0x78
1000430a:	991f      	ldr	r1, [sp, #124]	; 0x7c
1000430c:	2200      	movs	r2, #0
1000430e:	4bbc      	ldr	r3, [pc, #752]	; (10004600 <_ftoa+0x35c>)
10004310:	f001 fae6 	bl	100058e0 <__wrap___aeabi_dcmplt>
10004314:	2800      	cmp	r0, #0
10004316:	d000      	beq.n	1000431a <_ftoa+0x76>
10004318:	e07f      	b.n	1000441a <_ftoa+0x176>
1000431a:	981e      	ldr	r0, [sp, #120]	; 0x78
1000431c:	991f      	ldr	r1, [sp, #124]	; 0x7c
1000431e:	2200      	movs	r2, #0
10004320:	2300      	movs	r3, #0
10004322:	f001 fadd 	bl	100058e0 <__wrap___aeabi_dcmplt>
10004326:	2800      	cmp	r0, #0
10004328:	d000      	beq.n	1000432c <_ftoa+0x88>
1000432a:	e0fa      	b.n	10004522 <_ftoa+0x27e>
1000432c:	2300      	movs	r3, #0
1000432e:	930b      	str	r3, [sp, #44]	; 0x2c
10004330:	2380      	movs	r3, #128	; 0x80
10004332:	9c22      	ldr	r4, [sp, #136]	; 0x88
10004334:	9a22      	ldr	r2, [sp, #136]	; 0x88
10004336:	00db      	lsls	r3, r3, #3
10004338:	401c      	ands	r4, r3
1000433a:	421a      	tst	r2, r3
1000433c:	d100      	bne.n	10004340 <_ftoa+0x9c>
1000433e:	e102      	b.n	10004546 <_ftoa+0x2a2>
10004340:	2d09      	cmp	r5, #9
10004342:	d800      	bhi.n	10004346 <_ftoa+0xa2>
10004344:	e17e      	b.n	10004644 <_ftoa+0x3a0>
10004346:	a906      	add	r1, sp, #24
10004348:	468c      	mov	ip, r1
1000434a:	002c      	movs	r4, r5
1000434c:	2217      	movs	r2, #23
1000434e:	2300      	movs	r3, #0
10004350:	2130      	movs	r1, #48	; 0x30
10004352:	3c09      	subs	r4, #9
10004354:	4462      	add	r2, ip
10004356:	3301      	adds	r3, #1
10004358:	54d1      	strb	r1, [r2, r3]
1000435a:	1aef      	subs	r7, r5, r3
1000435c:	2b20      	cmp	r3, #32
1000435e:	d100      	bne.n	10004362 <_ftoa+0xbe>
10004360:	e132      	b.n	100045c8 <_ftoa+0x324>
10004362:	42a3      	cmp	r3, r4
10004364:	d1f7      	bne.n	10004356 <_ftoa+0xb2>
10004366:	2200      	movs	r2, #0
10004368:	4ba4      	ldr	r3, [pc, #656]	; (100045fc <_ftoa+0x358>)
1000436a:	9206      	str	r2, [sp, #24]
1000436c:	9307      	str	r3, [sp, #28]
1000436e:	981e      	ldr	r0, [sp, #120]	; 0x78
10004370:	991f      	ldr	r1, [sp, #124]	; 0x7c
10004372:	f001 faf3 	bl	1000595c <__wrap___aeabi_d2iz>
10004376:	0005      	movs	r5, r0
10004378:	f001 fad8 	bl	1000592c <__wrap___aeabi_i2d>
1000437c:	0002      	movs	r2, r0
1000437e:	000b      	movs	r3, r1
10004380:	981e      	ldr	r0, [sp, #120]	; 0x78
10004382:	991f      	ldr	r1, [sp, #124]	; 0x7c
10004384:	f001 fa4f 	bl	10005826 <__wrap___aeabi_dsub>
10004388:	9a06      	ldr	r2, [sp, #24]
1000438a:	9b07      	ldr	r3, [sp, #28]
1000438c:	f001 fa66 	bl	1000585c <__wrap___aeabi_dmul>
10004390:	9008      	str	r0, [sp, #32]
10004392:	9109      	str	r1, [sp, #36]	; 0x24
10004394:	f001 fb06 	bl	100059a4 <__wrap___aeabi_d2uiz>
10004398:	0006      	movs	r6, r0
1000439a:	f001 fac3 	bl	10005924 <__wrap___aeabi_ui2d>
1000439e:	0002      	movs	r2, r0
100043a0:	000b      	movs	r3, r1
100043a2:	9808      	ldr	r0, [sp, #32]
100043a4:	9909      	ldr	r1, [sp, #36]	; 0x24
100043a6:	f001 fa3e 	bl	10005826 <__wrap___aeabi_dsub>
100043aa:	2200      	movs	r2, #0
100043ac:	4b95      	ldr	r3, [pc, #596]	; (10004604 <_ftoa+0x360>)
100043ae:	9008      	str	r0, [sp, #32]
100043b0:	9109      	str	r1, [sp, #36]	; 0x24
100043b2:	f001 faa3 	bl	100058fc <__wrap___aeabi_dcmpgt>
100043b6:	2800      	cmp	r0, #0
100043b8:	d100      	bne.n	100043bc <_ftoa+0x118>
100043ba:	e0d2      	b.n	10004562 <_ftoa+0x2be>
100043bc:	3601      	adds	r6, #1
100043be:	0030      	movs	r0, r6
100043c0:	f001 fab0 	bl	10005924 <__wrap___aeabi_ui2d>
100043c4:	9a06      	ldr	r2, [sp, #24]
100043c6:	9b07      	ldr	r3, [sp, #28]
100043c8:	f001 fa90 	bl	100058ec <__wrap___aeabi_dcmpge>
100043cc:	2800      	cmp	r0, #0
100043ce:	d001      	beq.n	100043d4 <_ftoa+0x130>
100043d0:	2600      	movs	r6, #0
100043d2:	3501      	adds	r5, #1
100043d4:	46aa      	mov	sl, r5
100043d6:	2f00      	cmp	r7, #0
100043d8:	d000      	beq.n	100043dc <_ftoa+0x138>
100043da:	e098      	b.n	1000450e <_ftoa+0x26a>
100043dc:	0028      	movs	r0, r5
100043de:	f001 faa5 	bl	1000592c <__wrap___aeabi_i2d>
100043e2:	0002      	movs	r2, r0
100043e4:	000b      	movs	r3, r1
100043e6:	981e      	ldr	r0, [sp, #120]	; 0x78
100043e8:	991f      	ldr	r1, [sp, #124]	; 0x7c
100043ea:	f001 fa1c 	bl	10005826 <__wrap___aeabi_dsub>
100043ee:	4b85      	ldr	r3, [pc, #532]	; (10004604 <_ftoa+0x360>)
100043f0:	2200      	movs	r2, #0
100043f2:	0006      	movs	r6, r0
100043f4:	000f      	movs	r7, r1
100043f6:	f001 fa73 	bl	100058e0 <__wrap___aeabi_dcmplt>
100043fa:	ab0c      	add	r3, sp, #48	; 0x30
100043fc:	469a      	mov	sl, r3
100043fe:	2800      	cmp	r0, #0
10004400:	d145      	bne.n	1000448e <_ftoa+0x1ea>
10004402:	2200      	movs	r2, #0
10004404:	0030      	movs	r0, r6
10004406:	0039      	movs	r1, r7
10004408:	4b7e      	ldr	r3, [pc, #504]	; (10004604 <_ftoa+0x360>)
1000440a:	f001 fa77 	bl	100058fc <__wrap___aeabi_dcmpgt>
1000440e:	2800      	cmp	r0, #0
10004410:	d13d      	bne.n	1000448e <_ftoa+0x1ea>
10004412:	07eb      	lsls	r3, r5, #31
10004414:	d53b      	bpl.n	1000448e <_ftoa+0x1ea>
10004416:	3501      	adds	r5, #1
10004418:	e039      	b.n	1000448e <_ftoa+0x1ea>
1000441a:	9b22      	ldr	r3, [sp, #136]	; 0x88
1000441c:	4642      	mov	r2, r8
1000441e:	9304      	str	r3, [sp, #16]
10004420:	9b21      	ldr	r3, [sp, #132]	; 0x84
10004422:	4659      	mov	r1, fp
10004424:	9303      	str	r3, [sp, #12]
10004426:	980a      	ldr	r0, [sp, #40]	; 0x28
10004428:	9b1e      	ldr	r3, [sp, #120]	; 0x78
1000442a:	9c1f      	ldr	r4, [sp, #124]	; 0x7c
1000442c:	9502      	str	r5, [sp, #8]
1000442e:	9300      	str	r3, [sp, #0]
10004430:	9401      	str	r4, [sp, #4]
10004432:	464b      	mov	r3, r9
10004434:	f7ff fd04 	bl	10003e40 <_etoa>
10004438:	b015      	add	sp, #84	; 0x54
1000443a:	bcf0      	pop	{r4, r5, r6, r7}
1000443c:	46bb      	mov	fp, r7
1000443e:	46b2      	mov	sl, r6
10004440:	46a9      	mov	r9, r5
10004442:	46a0      	mov	r8, r4
10004444:	bdf0      	pop	{r4, r5, r6, r7, pc}
10004446:	9b22      	ldr	r3, [sp, #136]	; 0x88
10004448:	075b      	lsls	r3, r3, #29
1000444a:	d467      	bmi.n	1000451c <_ftoa+0x278>
1000444c:	2203      	movs	r2, #3
1000444e:	4b6e      	ldr	r3, [pc, #440]	; (10004608 <_ftoa+0x364>)
10004450:	9922      	ldr	r1, [sp, #136]	; 0x88
10004452:	9201      	str	r2, [sp, #4]
10004454:	9103      	str	r1, [sp, #12]
10004456:	9921      	ldr	r1, [sp, #132]	; 0x84
10004458:	9102      	str	r1, [sp, #8]
1000445a:	9300      	str	r3, [sp, #0]
1000445c:	4642      	mov	r2, r8
1000445e:	464b      	mov	r3, r9
10004460:	4659      	mov	r1, fp
10004462:	980a      	ldr	r0, [sp, #40]	; 0x28
10004464:	f7ff fb90 	bl	10003b88 <_out_rev>
10004468:	e7e6      	b.n	10004438 <_ftoa+0x194>
1000446a:	aa06      	add	r2, sp, #24
1000446c:	4694      	mov	ip, r2
1000446e:	2317      	movs	r3, #23
10004470:	0028      	movs	r0, r5
10004472:	4463      	add	r3, ip
10004474:	210a      	movs	r1, #10
10004476:	3401      	adds	r4, #1
10004478:	191e      	adds	r6, r3, r4
1000447a:	f000 ff63 	bl	10005344 <__wrap___aeabi_idiv>
1000447e:	3130      	adds	r1, #48	; 0x30
10004480:	0028      	movs	r0, r5
10004482:	7031      	strb	r1, [r6, #0]
10004484:	210a      	movs	r1, #10
10004486:	f000 ff5d 	bl	10005344 <__wrap___aeabi_idiv>
1000448a:	1e05      	subs	r5, r0, #0
1000448c:	d076      	beq.n	1000457c <_ftoa+0x2d8>
1000448e:	2c20      	cmp	r4, #32
10004490:	d1eb      	bne.n	1000446a <_ftoa+0x1c6>
10004492:	2303      	movs	r3, #3
10004494:	9a22      	ldr	r2, [sp, #136]	; 0x88
10004496:	4013      	ands	r3, r2
10004498:	2b01      	cmp	r3, #1
1000449a:	d11d      	bne.n	100044d8 <_ftoa+0x234>
1000449c:	9b21      	ldr	r3, [sp, #132]	; 0x84
1000449e:	2b00      	cmp	r3, #0
100044a0:	d01a      	beq.n	100044d8 <_ftoa+0x234>
100044a2:	9b0b      	ldr	r3, [sp, #44]	; 0x2c
100044a4:	2b00      	cmp	r3, #0
100044a6:	d000      	beq.n	100044aa <_ftoa+0x206>
100044a8:	e0bb      	b.n	10004622 <_ftoa+0x37e>
100044aa:	9a22      	ldr	r2, [sp, #136]	; 0x88
100044ac:	330c      	adds	r3, #12
100044ae:	4213      	tst	r3, r2
100044b0:	d000      	beq.n	100044b4 <_ftoa+0x210>
100044b2:	e0b6      	b.n	10004622 <_ftoa+0x37e>
100044b4:	9b21      	ldr	r3, [sp, #132]	; 0x84
100044b6:	42a3      	cmp	r3, r4
100044b8:	d800      	bhi.n	100044bc <_ftoa+0x218>
100044ba:	e087      	b.n	100045cc <_ftoa+0x328>
100044bc:	ab06      	add	r3, sp, #24
100044be:	469c      	mov	ip, r3
100044c0:	2217      	movs	r2, #23
100044c2:	2330      	movs	r3, #48	; 0x30
100044c4:	4462      	add	r2, ip
100044c6:	e004      	b.n	100044d2 <_ftoa+0x22e>
100044c8:	9921      	ldr	r1, [sp, #132]	; 0x84
100044ca:	3401      	adds	r4, #1
100044cc:	5513      	strb	r3, [r2, r4]
100044ce:	428c      	cmp	r4, r1
100044d0:	d059      	beq.n	10004586 <_ftoa+0x2e2>
100044d2:	2c20      	cmp	r4, #32
100044d4:	d1f8      	bne.n	100044c8 <_ftoa+0x224>
100044d6:	2420      	movs	r4, #32
100044d8:	9b22      	ldr	r3, [sp, #136]	; 0x88
100044da:	9401      	str	r4, [sp, #4]
100044dc:	9303      	str	r3, [sp, #12]
100044de:	9b21      	ldr	r3, [sp, #132]	; 0x84
100044e0:	9302      	str	r3, [sp, #8]
100044e2:	4653      	mov	r3, sl
100044e4:	e7b9      	b.n	1000445a <_ftoa+0x1b6>
100044e6:	aa06      	add	r2, sp, #24
100044e8:	4694      	mov	ip, r2
100044ea:	2317      	movs	r3, #23
100044ec:	210a      	movs	r1, #10
100044ee:	4463      	add	r3, ip
100044f0:	0030      	movs	r0, r6
100044f2:	3401      	adds	r4, #1
100044f4:	191d      	adds	r5, r3, r4
100044f6:	f000 ff51 	bl	1000539c <__wrap___aeabi_uidiv>
100044fa:	3130      	adds	r1, #48	; 0x30
100044fc:	7029      	strb	r1, [r5, #0]
100044fe:	0030      	movs	r0, r6
10004500:	210a      	movs	r1, #10
10004502:	3f01      	subs	r7, #1
10004504:	f000 ff4a 	bl	1000539c <__wrap___aeabi_uidiv>
10004508:	2e09      	cmp	r6, #9
1000450a:	d946      	bls.n	1000459a <_ftoa+0x2f6>
1000450c:	0006      	movs	r6, r0
1000450e:	2c20      	cmp	r4, #32
10004510:	d1e9      	bne.n	100044e6 <_ftoa+0x242>
10004512:	4655      	mov	r5, sl
10004514:	ab0c      	add	r3, sp, #48	; 0x30
10004516:	2420      	movs	r4, #32
10004518:	469a      	mov	sl, r3
1000451a:	e7b8      	b.n	1000448e <_ftoa+0x1ea>
1000451c:	2204      	movs	r2, #4
1000451e:	4b3b      	ldr	r3, [pc, #236]	; (1000460c <_ftoa+0x368>)
10004520:	e796      	b.n	10004450 <_ftoa+0x1ac>
10004522:	9a1e      	ldr	r2, [sp, #120]	; 0x78
10004524:	9b1f      	ldr	r3, [sp, #124]	; 0x7c
10004526:	2000      	movs	r0, #0
10004528:	2100      	movs	r1, #0
1000452a:	f001 f97c 	bl	10005826 <__wrap___aeabi_dsub>
1000452e:	2301      	movs	r3, #1
10004530:	930b      	str	r3, [sp, #44]	; 0x2c
10004532:	2380      	movs	r3, #128	; 0x80
10004534:	9c22      	ldr	r4, [sp, #136]	; 0x88
10004536:	9a22      	ldr	r2, [sp, #136]	; 0x88
10004538:	00db      	lsls	r3, r3, #3
1000453a:	901e      	str	r0, [sp, #120]	; 0x78
1000453c:	911f      	str	r1, [sp, #124]	; 0x7c
1000453e:	401c      	ands	r4, r3
10004540:	421a      	tst	r2, r3
10004542:	d000      	beq.n	10004546 <_ftoa+0x2a2>
10004544:	e6fc      	b.n	10004340 <_ftoa+0x9c>
10004546:	2200      	movs	r2, #0
10004548:	4b31      	ldr	r3, [pc, #196]	; (10004610 <_ftoa+0x36c>)
1000454a:	2706      	movs	r7, #6
1000454c:	9206      	str	r2, [sp, #24]
1000454e:	9307      	str	r3, [sp, #28]
10004550:	e70d      	b.n	1000436e <_ftoa+0xca>
10004552:	9b22      	ldr	r3, [sp, #136]	; 0x88
10004554:	9303      	str	r3, [sp, #12]
10004556:	9b21      	ldr	r3, [sp, #132]	; 0x84
10004558:	9302      	str	r3, [sp, #8]
1000455a:	2304      	movs	r3, #4
1000455c:	9301      	str	r3, [sp, #4]
1000455e:	4b2d      	ldr	r3, [pc, #180]	; (10004614 <_ftoa+0x370>)
10004560:	e77b      	b.n	1000445a <_ftoa+0x1b6>
10004562:	2200      	movs	r2, #0
10004564:	9808      	ldr	r0, [sp, #32]
10004566:	9909      	ldr	r1, [sp, #36]	; 0x24
10004568:	4b26      	ldr	r3, [pc, #152]	; (10004604 <_ftoa+0x360>)
1000456a:	f001 f9b9 	bl	100058e0 <__wrap___aeabi_dcmplt>
1000456e:	2800      	cmp	r0, #0
10004570:	d000      	beq.n	10004574 <_ftoa+0x2d0>
10004572:	e72f      	b.n	100043d4 <_ftoa+0x130>
10004574:	2e00      	cmp	r6, #0
10004576:	d14f      	bne.n	10004618 <_ftoa+0x374>
10004578:	3601      	adds	r6, #1
1000457a:	e72b      	b.n	100043d4 <_ftoa+0x130>
1000457c:	2303      	movs	r3, #3
1000457e:	9a22      	ldr	r2, [sp, #136]	; 0x88
10004580:	4013      	ands	r3, r2
10004582:	2b01      	cmp	r3, #1
10004584:	d068      	beq.n	10004658 <_ftoa+0x3b4>
10004586:	2c20      	cmp	r4, #32
10004588:	d0a6      	beq.n	100044d8 <_ftoa+0x234>
1000458a:	9b0b      	ldr	r3, [sp, #44]	; 0x2c
1000458c:	2b00      	cmp	r3, #0
1000458e:	d01f      	beq.n	100045d0 <_ftoa+0x32c>
10004590:	232d      	movs	r3, #45	; 0x2d
10004592:	4652      	mov	r2, sl
10004594:	5513      	strb	r3, [r2, r4]
10004596:	3401      	adds	r4, #1
10004598:	e79e      	b.n	100044d8 <_ftoa+0x234>
1000459a:	4655      	mov	r5, sl
1000459c:	2c20      	cmp	r4, #32
1000459e:	d0b9      	beq.n	10004514 <_ftoa+0x270>
100045a0:	2230      	movs	r2, #48	; 0x30
100045a2:	193b      	adds	r3, r7, r4
100045a4:	2f00      	cmp	r7, #0
100045a6:	d04b      	beq.n	10004640 <_ftoa+0x39c>
100045a8:	2017      	movs	r0, #23
100045aa:	a906      	add	r1, sp, #24
100045ac:	3401      	adds	r4, #1
100045ae:	1809      	adds	r1, r1, r0
100045b0:	550a      	strb	r2, [r1, r4]
100045b2:	2c20      	cmp	r4, #32
100045b4:	d0ae      	beq.n	10004514 <_ftoa+0x270>
100045b6:	429c      	cmp	r4, r3
100045b8:	d1f6      	bne.n	100045a8 <_ftoa+0x304>
100045ba:	aa0c      	add	r2, sp, #48	; 0x30
100045bc:	4692      	mov	sl, r2
100045be:	222e      	movs	r2, #46	; 0x2e
100045c0:	4651      	mov	r1, sl
100045c2:	1c5c      	adds	r4, r3, #1
100045c4:	54ca      	strb	r2, [r1, r3]
100045c6:	e762      	b.n	1000448e <_ftoa+0x1ea>
100045c8:	2420      	movs	r4, #32
100045ca:	e6cc      	b.n	10004366 <_ftoa+0xc2>
100045cc:	2c20      	cmp	r4, #32
100045ce:	d083      	beq.n	100044d8 <_ftoa+0x234>
100045d0:	9b22      	ldr	r3, [sp, #136]	; 0x88
100045d2:	075b      	lsls	r3, r3, #29
100045d4:	d408      	bmi.n	100045e8 <_ftoa+0x344>
100045d6:	9b22      	ldr	r3, [sp, #136]	; 0x88
100045d8:	071b      	lsls	r3, r3, #28
100045da:	d400      	bmi.n	100045de <_ftoa+0x33a>
100045dc:	e77c      	b.n	100044d8 <_ftoa+0x234>
100045de:	2320      	movs	r3, #32
100045e0:	4652      	mov	r2, sl
100045e2:	5513      	strb	r3, [r2, r4]
100045e4:	3401      	adds	r4, #1
100045e6:	e777      	b.n	100044d8 <_ftoa+0x234>
100045e8:	232b      	movs	r3, #43	; 0x2b
100045ea:	4652      	mov	r2, sl
100045ec:	5513      	strb	r3, [r2, r4]
100045ee:	3401      	adds	r4, #1
100045f0:	e772      	b.n	100044d8 <_ftoa+0x234>
100045f2:	46c0      	nop			; (mov r8, r8)
100045f4:	ffefffff 	.word	0xffefffff
100045f8:	7fefffff 	.word	0x7fefffff
100045fc:	41cdcd65 	.word	0x41cdcd65
10004600:	c1cdcd65 	.word	0xc1cdcd65
10004604:	3fe00000 	.word	0x3fe00000
10004608:	1000981c 	.word	0x1000981c
1000460c:	10009814 	.word	0x10009814
10004610:	412e8480 	.word	0x412e8480
10004614:	10009824 	.word	0x10009824
10004618:	07f3      	lsls	r3, r6, #31
1000461a:	d400      	bmi.n	1000461e <_ftoa+0x37a>
1000461c:	e6da      	b.n	100043d4 <_ftoa+0x130>
1000461e:	3601      	adds	r6, #1
10004620:	e6d8      	b.n	100043d4 <_ftoa+0x130>
10004622:	9b21      	ldr	r3, [sp, #132]	; 0x84
10004624:	3b01      	subs	r3, #1
10004626:	9321      	str	r3, [sp, #132]	; 0x84
10004628:	42a3      	cmp	r3, r4
1000462a:	d900      	bls.n	1000462e <_ftoa+0x38a>
1000462c:	e746      	b.n	100044bc <_ftoa+0x218>
1000462e:	e7aa      	b.n	10004586 <_ftoa+0x2e2>
10004630:	9b22      	ldr	r3, [sp, #136]	; 0x88
10004632:	9303      	str	r3, [sp, #12]
10004634:	9b21      	ldr	r3, [sp, #132]	; 0x84
10004636:	9302      	str	r3, [sp, #8]
10004638:	2303      	movs	r3, #3
1000463a:	9301      	str	r3, [sp, #4]
1000463c:	4b08      	ldr	r3, [pc, #32]	; (10004660 <_ftoa+0x3bc>)
1000463e:	e70c      	b.n	1000445a <_ftoa+0x1b6>
10004640:	0023      	movs	r3, r4
10004642:	e7ba      	b.n	100045ba <_ftoa+0x316>
10004644:	4b07      	ldr	r3, [pc, #28]	; (10004664 <_ftoa+0x3c0>)
10004646:	00ea      	lsls	r2, r5, #3
10004648:	189b      	adds	r3, r3, r2
1000464a:	685c      	ldr	r4, [r3, #4]
1000464c:	681b      	ldr	r3, [r3, #0]
1000464e:	002f      	movs	r7, r5
10004650:	9306      	str	r3, [sp, #24]
10004652:	9407      	str	r4, [sp, #28]
10004654:	2400      	movs	r4, #0
10004656:	e68a      	b.n	1000436e <_ftoa+0xca>
10004658:	9b21      	ldr	r3, [sp, #132]	; 0x84
1000465a:	2b00      	cmp	r3, #0
1000465c:	d093      	beq.n	10004586 <_ftoa+0x2e2>
1000465e:	e720      	b.n	100044a2 <_ftoa+0x1fe>
10004660:	10009820 	.word	0x10009820
10004664:	100099c8 	.word	0x100099c8

10004668 <_vsnprintf>:
10004668:	b5f0      	push	{r4, r5, r6, r7, lr}
1000466a:	4645      	mov	r5, r8
1000466c:	46de      	mov	lr, fp
1000466e:	4657      	mov	r7, sl
10004670:	464e      	mov	r6, r9
10004672:	b5e0      	push	{r5, r6, r7, lr}
10004674:	b0a1      	sub	sp, #132	; 0x84
10004676:	001d      	movs	r5, r3
10004678:	9b2a      	ldr	r3, [sp, #168]	; 0xa8
1000467a:	4690      	mov	r8, r2
1000467c:	930b      	str	r3, [sp, #44]	; 0x2c
1000467e:	4ad0      	ldr	r2, [pc, #832]	; (100049c0 <_vsnprintf+0x358>)
10004680:	4bd0      	ldr	r3, [pc, #832]	; (100049c4 <_vsnprintf+0x35c>)
10004682:	4683      	mov	fp, r0
10004684:	468a      	mov	sl, r1
10004686:	601a      	str	r2, [r3, #0]
10004688:	2900      	cmp	r1, #0
1000468a:	d100      	bne.n	1000468e <_vsnprintf+0x26>
1000468c:	e1a4      	b.n	100049d8 <_vsnprintf+0x370>
1000468e:	2300      	movs	r3, #0
10004690:	7828      	ldrb	r0, [r5, #0]
10004692:	4699      	mov	r9, r3
10004694:	2800      	cmp	r0, #0
10004696:	d100      	bne.n	1000469a <_vsnprintf+0x32>
10004698:	e1a6      	b.n	100049e8 <_vsnprintf+0x380>
1000469a:	4bcb      	ldr	r3, [pc, #812]	; (100049c8 <_vsnprintf+0x360>)
1000469c:	465e      	mov	r6, fp
1000469e:	9309      	str	r3, [sp, #36]	; 0x24
100046a0:	4bca      	ldr	r3, [pc, #808]	; (100049cc <_vsnprintf+0x364>)
100046a2:	464c      	mov	r4, r9
100046a4:	46d3      	mov	fp, sl
100046a6:	4647      	mov	r7, r8
100046a8:	930d      	str	r3, [sp, #52]	; 0x34
100046aa:	e00a      	b.n	100046c2 <_vsnprintf+0x5a>
100046ac:	1c63      	adds	r3, r4, #1
100046ae:	4698      	mov	r8, r3
100046b0:	0022      	movs	r2, r4
100046b2:	003b      	movs	r3, r7
100046b4:	4659      	mov	r1, fp
100046b6:	47b0      	blx	r6
100046b8:	4644      	mov	r4, r8
100046ba:	7828      	ldrb	r0, [r5, #0]
100046bc:	2800      	cmp	r0, #0
100046be:	d100      	bne.n	100046c2 <_vsnprintf+0x5a>
100046c0:	e0cd      	b.n	1000485e <_vsnprintf+0x1f6>
100046c2:	3501      	adds	r5, #1
100046c4:	2825      	cmp	r0, #37	; 0x25
100046c6:	d1f1      	bne.n	100046ac <_vsnprintf+0x44>
100046c8:	2308      	movs	r3, #8
100046ca:	469a      	mov	sl, r3
100046cc:	3b04      	subs	r3, #4
100046ce:	4699      	mov	r9, r3
100046d0:	3b02      	subs	r3, #2
100046d2:	4698      	mov	r8, r3
100046d4:	3b01      	subs	r3, #1
100046d6:	2200      	movs	r2, #0
100046d8:	469c      	mov	ip, r3
100046da:	940c      	str	r4, [sp, #48]	; 0x30
100046dc:	7828      	ldrb	r0, [r5, #0]
100046de:	1c69      	adds	r1, r5, #1
100046e0:	0003      	movs	r3, r0
100046e2:	3b20      	subs	r3, #32
100046e4:	b2db      	uxtb	r3, r3
100046e6:	2b10      	cmp	r3, #16
100046e8:	d803      	bhi.n	100046f2 <_vsnprintf+0x8a>
100046ea:	9c09      	ldr	r4, [sp, #36]	; 0x24
100046ec:	009b      	lsls	r3, r3, #2
100046ee:	58e3      	ldr	r3, [r4, r3]
100046f0:	469f      	mov	pc, r3
100046f2:	0003      	movs	r3, r0
100046f4:	3b30      	subs	r3, #48	; 0x30
100046f6:	9c0c      	ldr	r4, [sp, #48]	; 0x30
100046f8:	920a      	str	r2, [sp, #40]	; 0x28
100046fa:	2b09      	cmp	r3, #9
100046fc:	d97f      	bls.n	100047fe <_vsnprintf+0x196>
100046fe:	2300      	movs	r3, #0
10004700:	4698      	mov	r8, r3
10004702:	282a      	cmp	r0, #42	; 0x2a
10004704:	d100      	bne.n	10004708 <_vsnprintf+0xa0>
10004706:	e0c1      	b.n	1000488c <_vsnprintf+0x224>
10004708:	2300      	movs	r3, #0
1000470a:	469a      	mov	sl, r3
1000470c:	282e      	cmp	r0, #46	; 0x2e
1000470e:	d100      	bne.n	10004712 <_vsnprintf+0xaa>
10004710:	e090      	b.n	10004834 <_vsnprintf+0x1cc>
10004712:	0003      	movs	r3, r0
10004714:	3b68      	subs	r3, #104	; 0x68
10004716:	b2db      	uxtb	r3, r3
10004718:	2b12      	cmp	r3, #18
1000471a:	d81e      	bhi.n	1000475a <_vsnprintf+0xf2>
1000471c:	4aac      	ldr	r2, [pc, #688]	; (100049d0 <_vsnprintf+0x368>)
1000471e:	009b      	lsls	r3, r3, #2
10004720:	58d3      	ldr	r3, [r2, r3]
10004722:	469f      	mov	pc, r3
10004724:	4663      	mov	r3, ip
10004726:	000d      	movs	r5, r1
10004728:	431a      	orrs	r2, r3
1000472a:	e7d7      	b.n	100046dc <_vsnprintf+0x74>
1000472c:	4643      	mov	r3, r8
1000472e:	000d      	movs	r5, r1
10004730:	431a      	orrs	r2, r3
10004732:	e7d3      	b.n	100046dc <_vsnprintf+0x74>
10004734:	464b      	mov	r3, r9
10004736:	000d      	movs	r5, r1
10004738:	431a      	orrs	r2, r3
1000473a:	e7cf      	b.n	100046dc <_vsnprintf+0x74>
1000473c:	2310      	movs	r3, #16
1000473e:	000d      	movs	r5, r1
10004740:	431a      	orrs	r2, r3
10004742:	e7cb      	b.n	100046dc <_vsnprintf+0x74>
10004744:	4653      	mov	r3, sl
10004746:	000d      	movs	r5, r1
10004748:	431a      	orrs	r2, r3
1000474a:	e7c7      	b.n	100046dc <_vsnprintf+0x74>
1000474c:	2380      	movs	r3, #128	; 0x80
1000474e:	005b      	lsls	r3, r3, #1
10004750:	9a0a      	ldr	r2, [sp, #40]	; 0x28
10004752:	7868      	ldrb	r0, [r5, #1]
10004754:	431a      	orrs	r2, r3
10004756:	920a      	str	r2, [sp, #40]	; 0x28
10004758:	3101      	adds	r1, #1
1000475a:	000d      	movs	r5, r1
1000475c:	2867      	cmp	r0, #103	; 0x67
1000475e:	d80a      	bhi.n	10004776 <_vsnprintf+0x10e>
10004760:	2824      	cmp	r0, #36	; 0x24
10004762:	d9a3      	bls.n	100046ac <_vsnprintf+0x44>
10004764:	0003      	movs	r3, r0
10004766:	3b25      	subs	r3, #37	; 0x25
10004768:	b2db      	uxtb	r3, r3
1000476a:	2b42      	cmp	r3, #66	; 0x42
1000476c:	d89e      	bhi.n	100046ac <_vsnprintf+0x44>
1000476e:	9a0d      	ldr	r2, [sp, #52]	; 0x34
10004770:	009b      	lsls	r3, r3, #2
10004772:	58d3      	ldr	r3, [r2, r3]
10004774:	469f      	mov	pc, r3
10004776:	0001      	movs	r1, r0
10004778:	3969      	subs	r1, #105	; 0x69
1000477a:	b2c9      	uxtb	r1, r1
1000477c:	290f      	cmp	r1, #15
1000477e:	d895      	bhi.n	100046ac <_vsnprintf+0x44>
10004780:	2301      	movs	r3, #1
10004782:	408b      	lsls	r3, r1
10004784:	469c      	mov	ip, r3
10004786:	4b93      	ldr	r3, [pc, #588]	; (100049d4 <_vsnprintf+0x36c>)
10004788:	4699      	mov	r9, r3
1000478a:	4663      	mov	r3, ip
1000478c:	464a      	mov	r2, r9
1000478e:	4013      	ands	r3, r2
10004790:	930c      	str	r3, [sp, #48]	; 0x30
10004792:	4662      	mov	r2, ip
10004794:	464b      	mov	r3, r9
10004796:	421a      	tst	r2, r3
10004798:	d000      	beq.n	1000479c <_vsnprintf+0x134>
1000479a:	e25e      	b.n	10004c5a <_vsnprintf+0x5f2>
1000479c:	290a      	cmp	r1, #10
1000479e:	d100      	bne.n	100047a2 <_vsnprintf+0x13a>
100047a0:	e124      	b.n	100049ec <_vsnprintf+0x384>
100047a2:	2907      	cmp	r1, #7
100047a4:	d182      	bne.n	100046ac <_vsnprintf+0x44>
100047a6:	9b0b      	ldr	r3, [sp, #44]	; 0x2c
100047a8:	cb02      	ldmia	r3!, {r1}
100047aa:	4698      	mov	r8, r3
100047ac:	2900      	cmp	r1, #0
100047ae:	d100      	bne.n	100047b2 <_vsnprintf+0x14a>
100047b0:	e19b      	b.n	10004aea <_vsnprintf+0x482>
100047b2:	2021      	movs	r0, #33	; 0x21
100047b4:	9a0a      	ldr	r2, [sp, #40]	; 0x28
100047b6:	4302      	orrs	r2, r0
100047b8:	4691      	mov	r9, r2
100047ba:	ab10      	add	r3, sp, #64	; 0x40
100047bc:	469c      	mov	ip, r3
100047be:	221f      	movs	r2, #31
100047c0:	230f      	movs	r3, #15
100047c2:	4640      	mov	r0, r8
100047c4:	4462      	add	r2, ip
100047c6:	950b      	str	r5, [sp, #44]	; 0x2c
100047c8:	469c      	mov	ip, r3
100047ca:	46a0      	mov	r8, r4
100047cc:	0015      	movs	r5, r2
100047ce:	9b0c      	ldr	r3, [sp, #48]	; 0x30
100047d0:	900a      	str	r0, [sp, #40]	; 0x28
100047d2:	e002      	b.n	100047da <_vsnprintf+0x172>
100047d4:	2b20      	cmp	r3, #32
100047d6:	d00c      	beq.n	100047f2 <_vsnprintf+0x18a>
100047d8:	0011      	movs	r1, r2
100047da:	4664      	mov	r4, ip
100047dc:	400c      	ands	r4, r1
100047de:	0020      	movs	r0, r4
100047e0:	3037      	adds	r0, #55	; 0x37
100047e2:	2c09      	cmp	r4, #9
100047e4:	d800      	bhi.n	100047e8 <_vsnprintf+0x180>
100047e6:	3807      	subs	r0, #7
100047e8:	3301      	adds	r3, #1
100047ea:	54e8      	strb	r0, [r5, r3]
100047ec:	090a      	lsrs	r2, r1, #4
100047ee:	290f      	cmp	r1, #15
100047f0:	d8f0      	bhi.n	100047d4 <_vsnprintf+0x16c>
100047f2:	930c      	str	r3, [sp, #48]	; 0x30
100047f4:	9b0a      	ldr	r3, [sp, #40]	; 0x28
100047f6:	4644      	mov	r4, r8
100047f8:	9d0b      	ldr	r5, [sp, #44]	; 0x2c
100047fa:	4698      	mov	r8, r3
100047fc:	e185      	b.n	10004b0a <_vsnprintf+0x4a2>
100047fe:	2300      	movs	r3, #0
10004800:	4698      	mov	r8, r3
10004802:	9b0a      	ldr	r3, [sp, #40]	; 0x28
10004804:	4645      	mov	r5, r8
10004806:	469c      	mov	ip, r3
10004808:	e000      	b.n	1000480c <_vsnprintf+0x1a4>
1000480a:	3101      	adds	r1, #1
1000480c:	00ab      	lsls	r3, r5, #2
1000480e:	195b      	adds	r3, r3, r5
10004810:	005b      	lsls	r3, r3, #1
10004812:	181d      	adds	r5, r3, r0
10004814:	7808      	ldrb	r0, [r1, #0]
10004816:	3d30      	subs	r5, #48	; 0x30
10004818:	0003      	movs	r3, r0
1000481a:	3b30      	subs	r3, #48	; 0x30
1000481c:	2b09      	cmp	r3, #9
1000481e:	d9f4      	bls.n	1000480a <_vsnprintf+0x1a2>
10004820:	4663      	mov	r3, ip
10004822:	930a      	str	r3, [sp, #40]	; 0x28
10004824:	2300      	movs	r3, #0
10004826:	46a8      	mov	r8, r5
10004828:	469a      	mov	sl, r3
1000482a:	000d      	movs	r5, r1
1000482c:	3101      	adds	r1, #1
1000482e:	282e      	cmp	r0, #46	; 0x2e
10004830:	d000      	beq.n	10004834 <_vsnprintf+0x1cc>
10004832:	e76e      	b.n	10004712 <_vsnprintf+0xaa>
10004834:	2080      	movs	r0, #128	; 0x80
10004836:	9a0a      	ldr	r2, [sp, #40]	; 0x28
10004838:	00c0      	lsls	r0, r0, #3
1000483a:	4302      	orrs	r2, r0
1000483c:	920a      	str	r2, [sp, #40]	; 0x28
1000483e:	2230      	movs	r2, #48	; 0x30
10004840:	4252      	negs	r2, r2
10004842:	4694      	mov	ip, r2
10004844:	7868      	ldrb	r0, [r5, #1]
10004846:	000b      	movs	r3, r1
10004848:	4484      	add	ip, r0
1000484a:	4662      	mov	r2, ip
1000484c:	2a09      	cmp	r2, #9
1000484e:	d800      	bhi.n	10004852 <_vsnprintf+0x1ea>
10004850:	e12e      	b.n	10004ab0 <_vsnprintf+0x448>
10004852:	282a      	cmp	r0, #42	; 0x2a
10004854:	d100      	bne.n	10004858 <_vsnprintf+0x1f0>
10004856:	e13d      	b.n	10004ad4 <_vsnprintf+0x46c>
10004858:	000d      	movs	r5, r1
1000485a:	3101      	adds	r1, #1
1000485c:	e759      	b.n	10004712 <_vsnprintf+0xaa>
1000485e:	46da      	mov	sl, fp
10004860:	46a1      	mov	r9, r4
10004862:	46b3      	mov	fp, r6
10004864:	46b8      	mov	r8, r7
10004866:	45c8      	cmp	r8, r9
10004868:	d803      	bhi.n	10004872 <_vsnprintf+0x20a>
1000486a:	2301      	movs	r3, #1
1000486c:	425b      	negs	r3, r3
1000486e:	4443      	add	r3, r8
10004870:	4699      	mov	r9, r3
10004872:	4643      	mov	r3, r8
10004874:	464a      	mov	r2, r9
10004876:	4651      	mov	r1, sl
10004878:	2000      	movs	r0, #0
1000487a:	47d8      	blx	fp
1000487c:	0020      	movs	r0, r4
1000487e:	b021      	add	sp, #132	; 0x84
10004880:	bcf0      	pop	{r4, r5, r6, r7}
10004882:	46bb      	mov	fp, r7
10004884:	46b2      	mov	sl, r6
10004886:	46a9      	mov	r9, r5
10004888:	46a0      	mov	r8, r4
1000488a:	bdf0      	pop	{r4, r5, r6, r7, pc}
1000488c:	9b0b      	ldr	r3, [sp, #44]	; 0x2c
1000488e:	cb04      	ldmia	r3!, {r2}
10004890:	4690      	mov	r8, r2
10004892:	2a00      	cmp	r2, #0
10004894:	db04      	blt.n	100048a0 <_vsnprintf+0x238>
10004896:	7868      	ldrb	r0, [r5, #1]
10004898:	930b      	str	r3, [sp, #44]	; 0x2c
1000489a:	000d      	movs	r5, r1
1000489c:	3101      	adds	r1, #1
1000489e:	e733      	b.n	10004708 <_vsnprintf+0xa0>
100048a0:	9a0a      	ldr	r2, [sp, #40]	; 0x28
100048a2:	3828      	subs	r0, #40	; 0x28
100048a4:	4302      	orrs	r2, r0
100048a6:	920a      	str	r2, [sp, #40]	; 0x28
100048a8:	4642      	mov	r2, r8
100048aa:	4252      	negs	r2, r2
100048ac:	7868      	ldrb	r0, [r5, #1]
100048ae:	4690      	mov	r8, r2
100048b0:	000d      	movs	r5, r1
100048b2:	930b      	str	r3, [sp, #44]	; 0x2c
100048b4:	3101      	adds	r1, #1
100048b6:	e727      	b.n	10004708 <_vsnprintf+0xa0>
100048b8:	2867      	cmp	r0, #103	; 0x67
100048ba:	d100      	bne.n	100048be <_vsnprintf+0x256>
100048bc:	e1c7      	b.n	10004c4e <_vsnprintf+0x5e6>
100048be:	2847      	cmp	r0, #71	; 0x47
100048c0:	d100      	bne.n	100048c4 <_vsnprintf+0x25c>
100048c2:	e214      	b.n	10004cee <_vsnprintf+0x686>
100048c4:	2845      	cmp	r0, #69	; 0x45
100048c6:	d100      	bne.n	100048ca <_vsnprintf+0x262>
100048c8:	e216      	b.n	10004cf8 <_vsnprintf+0x690>
100048ca:	9a0a      	ldr	r2, [sp, #40]	; 0x28
100048cc:	2107      	movs	r1, #7
100048ce:	9204      	str	r2, [sp, #16]
100048d0:	4642      	mov	r2, r8
100048d2:	9b0b      	ldr	r3, [sp, #44]	; 0x2c
100048d4:	9203      	str	r2, [sp, #12]
100048d6:	3307      	adds	r3, #7
100048d8:	4652      	mov	r2, sl
100048da:	438b      	bics	r3, r1
100048dc:	0019      	movs	r1, r3
100048de:	9202      	str	r2, [sp, #8]
100048e0:	c90c      	ldmia	r1!, {r2, r3}
100048e2:	0030      	movs	r0, r6
100048e4:	9200      	str	r2, [sp, #0]
100048e6:	9301      	str	r3, [sp, #4]
100048e8:	910b      	str	r1, [sp, #44]	; 0x2c
100048ea:	0022      	movs	r2, r4
100048ec:	003b      	movs	r3, r7
100048ee:	4659      	mov	r1, fp
100048f0:	f7ff faa6 	bl	10003e40 <_etoa>
100048f4:	0004      	movs	r4, r0
100048f6:	e6e0      	b.n	100046ba <_vsnprintf+0x52>
100048f8:	2380      	movs	r3, #128	; 0x80
100048fa:	009b      	lsls	r3, r3, #2
100048fc:	e728      	b.n	10004750 <_vsnprintf+0xe8>
100048fe:	7868      	ldrb	r0, [r5, #1]
10004900:	2868      	cmp	r0, #104	; 0x68
10004902:	d100      	bne.n	10004906 <_vsnprintf+0x29e>
10004904:	e21b      	b.n	10004d3e <_vsnprintf+0x6d6>
10004906:	2380      	movs	r3, #128	; 0x80
10004908:	9a0a      	ldr	r2, [sp, #40]	; 0x28
1000490a:	3101      	adds	r1, #1
1000490c:	431a      	orrs	r2, r3
1000490e:	920a      	str	r2, [sp, #40]	; 0x28
10004910:	e723      	b.n	1000475a <_vsnprintf+0xf2>
10004912:	7868      	ldrb	r0, [r5, #1]
10004914:	286c      	cmp	r0, #108	; 0x6c
10004916:	d100      	bne.n	1000491a <_vsnprintf+0x2b2>
10004918:	e209      	b.n	10004d2e <_vsnprintf+0x6c6>
1000491a:	2380      	movs	r3, #128	; 0x80
1000491c:	9a0a      	ldr	r2, [sp, #40]	; 0x28
1000491e:	005b      	lsls	r3, r3, #1
10004920:	431a      	orrs	r2, r3
10004922:	920a      	str	r2, [sp, #40]	; 0x28
10004924:	3101      	adds	r1, #1
10004926:	e718      	b.n	1000475a <_vsnprintf+0xf2>
10004928:	2846      	cmp	r0, #70	; 0x46
1000492a:	d100      	bne.n	1000492e <_vsnprintf+0x2c6>
1000492c:	e18a      	b.n	10004c44 <_vsnprintf+0x5dc>
1000492e:	9a0a      	ldr	r2, [sp, #40]	; 0x28
10004930:	2107      	movs	r1, #7
10004932:	9204      	str	r2, [sp, #16]
10004934:	4642      	mov	r2, r8
10004936:	9b0b      	ldr	r3, [sp, #44]	; 0x2c
10004938:	9203      	str	r2, [sp, #12]
1000493a:	3307      	adds	r3, #7
1000493c:	4652      	mov	r2, sl
1000493e:	438b      	bics	r3, r1
10004940:	0019      	movs	r1, r3
10004942:	9202      	str	r2, [sp, #8]
10004944:	c90c      	ldmia	r1!, {r2, r3}
10004946:	0030      	movs	r0, r6
10004948:	9200      	str	r2, [sp, #0]
1000494a:	9301      	str	r3, [sp, #4]
1000494c:	910b      	str	r1, [sp, #44]	; 0x2c
1000494e:	0022      	movs	r2, r4
10004950:	003b      	movs	r3, r7
10004952:	4659      	mov	r1, fp
10004954:	f7ff fca6 	bl	100042a4 <_ftoa>
10004958:	0004      	movs	r4, r0
1000495a:	e6ae      	b.n	100046ba <_vsnprintf+0x52>
1000495c:	1c63      	adds	r3, r4, #1
1000495e:	4698      	mov	r8, r3
10004960:	0022      	movs	r2, r4
10004962:	003b      	movs	r3, r7
10004964:	4659      	mov	r1, fp
10004966:	2025      	movs	r0, #37	; 0x25
10004968:	47b0      	blx	r6
1000496a:	4644      	mov	r4, r8
1000496c:	e6a5      	b.n	100046ba <_vsnprintf+0x52>
1000496e:	9b0b      	ldr	r3, [sp, #44]	; 0x2c
10004970:	3304      	adds	r3, #4
10004972:	930c      	str	r3, [sp, #48]	; 0x30
10004974:	1c63      	adds	r3, r4, #1
10004976:	4699      	mov	r9, r3
10004978:	9b0a      	ldr	r3, [sp, #40]	; 0x28
1000497a:	079a      	lsls	r2, r3, #30
1000497c:	d400      	bmi.n	10004980 <_vsnprintf+0x318>
1000497e:	e1e7      	b.n	10004d50 <_vsnprintf+0x6e8>
10004980:	9b0b      	ldr	r3, [sp, #44]	; 0x2c
10004982:	0022      	movs	r2, r4
10004984:	7818      	ldrb	r0, [r3, #0]
10004986:	4659      	mov	r1, fp
10004988:	003b      	movs	r3, r7
1000498a:	47b0      	blx	r6
1000498c:	4643      	mov	r3, r8
1000498e:	4444      	add	r4, r8
10004990:	2b01      	cmp	r3, #1
10004992:	d800      	bhi.n	10004996 <_vsnprintf+0x32e>
10004994:	e2b8      	b.n	10004f08 <_vsnprintf+0x8a0>
10004996:	002b      	movs	r3, r5
10004998:	46b8      	mov	r8, r7
1000499a:	0025      	movs	r5, r4
1000499c:	465f      	mov	r7, fp
1000499e:	464c      	mov	r4, r9
100049a0:	4699      	mov	r9, r3
100049a2:	0022      	movs	r2, r4
100049a4:	4643      	mov	r3, r8
100049a6:	3401      	adds	r4, #1
100049a8:	0039      	movs	r1, r7
100049aa:	2020      	movs	r0, #32
100049ac:	47b0      	blx	r6
100049ae:	42ac      	cmp	r4, r5
100049b0:	d1f7      	bne.n	100049a2 <_vsnprintf+0x33a>
100049b2:	002c      	movs	r4, r5
100049b4:	46bb      	mov	fp, r7
100049b6:	464d      	mov	r5, r9
100049b8:	4647      	mov	r7, r8
100049ba:	9b0c      	ldr	r3, [sp, #48]	; 0x30
100049bc:	930b      	str	r3, [sp, #44]	; 0x2c
100049be:	e67c      	b.n	100046ba <_vsnprintf+0x52>
100049c0:	10004669 	.word	0x10004669
100049c4:	20001b60 	.word	0x20001b60
100049c8:	1000982c 	.word	0x1000982c
100049cc:	100098bc 	.word	0x100098bc
100049d0:	10009870 	.word	0x10009870
100049d4:	00009041 	.word	0x00009041
100049d8:	4bdc      	ldr	r3, [pc, #880]	; (10004d4c <_vsnprintf+0x6e4>)
100049da:	7828      	ldrb	r0, [r5, #0]
100049dc:	469b      	mov	fp, r3
100049de:	2300      	movs	r3, #0
100049e0:	4699      	mov	r9, r3
100049e2:	2800      	cmp	r0, #0
100049e4:	d000      	beq.n	100049e8 <_vsnprintf+0x380>
100049e6:	e658      	b.n	1000469a <_vsnprintf+0x32>
100049e8:	2400      	movs	r4, #0
100049ea:	e73c      	b.n	10004866 <_vsnprintf+0x1fe>
100049ec:	9b0b      	ldr	r3, [sp, #44]	; 0x2c
100049ee:	cb02      	ldmia	r3!, {r1}
100049f0:	9312      	str	r3, [sp, #72]	; 0x48
100049f2:	780b      	ldrb	r3, [r1, #0]
100049f4:	469c      	mov	ip, r3
100049f6:	0018      	movs	r0, r3
100049f8:	4653      	mov	r3, sl
100049fa:	2b00      	cmp	r3, #0
100049fc:	d000      	beq.n	10004a00 <_vsnprintf+0x398>
100049fe:	e09c      	b.n	10004b3a <_vsnprintf+0x4d2>
10004a00:	2800      	cmp	r0, #0
10004a02:	d012      	beq.n	10004a2a <_vsnprintf+0x3c2>
10004a04:	2302      	movs	r3, #2
10004a06:	425b      	negs	r3, r3
10004a08:	3301      	adds	r3, #1
10004a0a:	4699      	mov	r9, r3
10004a0c:	4489      	add	r9, r1
10004a0e:	464a      	mov	r2, r9
10004a10:	000b      	movs	r3, r1
10004a12:	4689      	mov	r9, r1
10004a14:	0011      	movs	r1, r2
10004a16:	e001      	b.n	10004a1c <_vsnprintf+0x3b4>
10004a18:	428b      	cmp	r3, r1
10004a1a:	d003      	beq.n	10004a24 <_vsnprintf+0x3bc>
10004a1c:	785a      	ldrb	r2, [r3, #1]
10004a1e:	3301      	adds	r3, #1
10004a20:	2a00      	cmp	r2, #0
10004a22:	d1f9      	bne.n	10004a18 <_vsnprintf+0x3b0>
10004a24:	4649      	mov	r1, r9
10004a26:	1a5b      	subs	r3, r3, r1
10004a28:	930c      	str	r3, [sp, #48]	; 0x30
10004a2a:	2380      	movs	r3, #128	; 0x80
10004a2c:	00db      	lsls	r3, r3, #3
10004a2e:	4699      	mov	r9, r3
10004a30:	9a0a      	ldr	r2, [sp, #40]	; 0x28
10004a32:	4013      	ands	r3, r2
10004a34:	930b      	str	r3, [sp, #44]	; 0x2c
10004a36:	464b      	mov	r3, r9
10004a38:	421a      	tst	r2, r3
10004a3a:	d004      	beq.n	10004a46 <_vsnprintf+0x3de>
10004a3c:	9b0c      	ldr	r3, [sp, #48]	; 0x30
10004a3e:	4553      	cmp	r3, sl
10004a40:	d901      	bls.n	10004a46 <_vsnprintf+0x3de>
10004a42:	4653      	mov	r3, sl
10004a44:	930c      	str	r3, [sp, #48]	; 0x30
10004a46:	2302      	movs	r3, #2
10004a48:	4699      	mov	r9, r3
10004a4a:	9a0a      	ldr	r2, [sp, #40]	; 0x28
10004a4c:	4013      	ands	r3, r2
10004a4e:	930a      	str	r3, [sp, #40]	; 0x28
10004a50:	464b      	mov	r3, r9
10004a52:	4213      	tst	r3, r2
10004a54:	d100      	bne.n	10004a58 <_vsnprintf+0x3f0>
10004a56:	e1b5      	b.n	10004dc4 <_vsnprintf+0x75c>
10004a58:	4663      	mov	r3, ip
10004a5a:	2b00      	cmp	r3, #0
10004a5c:	d100      	bne.n	10004a60 <_vsnprintf+0x3f8>
10004a5e:	e197      	b.n	10004d90 <_vsnprintf+0x728>
10004a60:	9b0b      	ldr	r3, [sp, #44]	; 0x2c
10004a62:	2b00      	cmp	r3, #0
10004a64:	d100      	bne.n	10004a68 <_vsnprintf+0x400>
10004a66:	e14c      	b.n	10004d02 <_vsnprintf+0x69a>
10004a68:	46d1      	mov	r9, sl
10004a6a:	1b0b      	subs	r3, r1, r4
10004a6c:	469a      	mov	sl, r3
10004a6e:	002b      	movs	r3, r5
10004a70:	44a1      	add	r9, r4
10004a72:	464d      	mov	r5, r9
10004a74:	0022      	movs	r2, r4
10004a76:	46b9      	mov	r9, r7
10004a78:	465f      	mov	r7, fp
10004a7a:	469b      	mov	fp, r3
10004a7c:	e009      	b.n	10004a92 <_vsnprintf+0x42a>
10004a7e:	464b      	mov	r3, r9
10004a80:	0039      	movs	r1, r7
10004a82:	1c54      	adds	r4, r2, #1
10004a84:	47b0      	blx	r6
10004a86:	4653      	mov	r3, sl
10004a88:	5d18      	ldrb	r0, [r3, r4]
10004a8a:	2800      	cmp	r0, #0
10004a8c:	d100      	bne.n	10004a90 <_vsnprintf+0x428>
10004a8e:	e158      	b.n	10004d42 <_vsnprintf+0x6da>
10004a90:	0022      	movs	r2, r4
10004a92:	4295      	cmp	r5, r2
10004a94:	d1f3      	bne.n	10004a7e <_vsnprintf+0x416>
10004a96:	465b      	mov	r3, fp
10004a98:	46bb      	mov	fp, r7
10004a9a:	464f      	mov	r7, r9
10004a9c:	46a9      	mov	r9, r5
10004a9e:	001d      	movs	r5, r3
10004aa0:	464c      	mov	r4, r9
10004aa2:	9b0a      	ldr	r3, [sp, #40]	; 0x28
10004aa4:	2b00      	cmp	r3, #0
10004aa6:	d000      	beq.n	10004aaa <_vsnprintf+0x442>
10004aa8:	e172      	b.n	10004d90 <_vsnprintf+0x728>
10004aaa:	9b12      	ldr	r3, [sp, #72]	; 0x48
10004aac:	930b      	str	r3, [sp, #44]	; 0x2c
10004aae:	e604      	b.n	100046ba <_vsnprintf+0x52>
10004ab0:	4655      	mov	r5, sl
10004ab2:	9a0a      	ldr	r2, [sp, #40]	; 0x28
10004ab4:	00a9      	lsls	r1, r5, #2
10004ab6:	1949      	adds	r1, r1, r5
10004ab8:	0049      	lsls	r1, r1, #1
10004aba:	3301      	adds	r3, #1
10004abc:	180d      	adds	r5, r1, r0
10004abe:	7818      	ldrb	r0, [r3, #0]
10004ac0:	3d30      	subs	r5, #48	; 0x30
10004ac2:	0001      	movs	r1, r0
10004ac4:	3930      	subs	r1, #48	; 0x30
10004ac6:	2909      	cmp	r1, #9
10004ac8:	d9f4      	bls.n	10004ab4 <_vsnprintf+0x44c>
10004aca:	46aa      	mov	sl, r5
10004acc:	920a      	str	r2, [sp, #40]	; 0x28
10004ace:	001d      	movs	r5, r3
10004ad0:	1c59      	adds	r1, r3, #1
10004ad2:	e61e      	b.n	10004712 <_vsnprintf+0xaa>
10004ad4:	9b0b      	ldr	r3, [sp, #44]	; 0x2c
10004ad6:	78a8      	ldrb	r0, [r5, #2]
10004ad8:	cb04      	ldmia	r3!, {r2}
10004ada:	3502      	adds	r5, #2
10004adc:	43d1      	mvns	r1, r2
10004ade:	17c9      	asrs	r1, r1, #31
10004ae0:	400a      	ands	r2, r1
10004ae2:	4692      	mov	sl, r2
10004ae4:	930b      	str	r3, [sp, #44]	; 0x2c
10004ae6:	1c69      	adds	r1, r5, #1
10004ae8:	e613      	b.n	10004712 <_vsnprintf+0xaa>
10004aea:	9b0a      	ldr	r3, [sp, #40]	; 0x28
10004aec:	2110      	movs	r1, #16
10004aee:	001a      	movs	r2, r3
10004af0:	438a      	bics	r2, r1
10004af2:	0010      	movs	r0, r2
10004af4:	3111      	adds	r1, #17
10004af6:	4308      	orrs	r0, r1
10004af8:	4681      	mov	r9, r0
10004afa:	2080      	movs	r0, #128	; 0x80
10004afc:	001a      	movs	r2, r3
10004afe:	00c0      	lsls	r0, r0, #3
10004b00:	4002      	ands	r2, r0
10004b02:	0011      	movs	r1, r2
10004b04:	4203      	tst	r3, r0
10004b06:	d100      	bne.n	10004b0a <_vsnprintf+0x4a2>
10004b08:	e657      	b.n	100047ba <_vsnprintf+0x152>
10004b0a:	464b      	mov	r3, r9
10004b0c:	2208      	movs	r2, #8
10004b0e:	9306      	str	r3, [sp, #24]
10004b10:	4653      	mov	r3, sl
10004b12:	9205      	str	r2, [sp, #20]
10004b14:	3208      	adds	r2, #8
10004b16:	9203      	str	r2, [sp, #12]
10004b18:	2200      	movs	r2, #0
10004b1a:	9304      	str	r3, [sp, #16]
10004b1c:	9b0c      	ldr	r3, [sp, #48]	; 0x30
10004b1e:	9202      	str	r2, [sp, #8]
10004b20:	9301      	str	r3, [sp, #4]
10004b22:	ab18      	add	r3, sp, #96	; 0x60
10004b24:	0022      	movs	r2, r4
10004b26:	9300      	str	r3, [sp, #0]
10004b28:	4659      	mov	r1, fp
10004b2a:	003b      	movs	r3, r7
10004b2c:	0030      	movs	r0, r6
10004b2e:	f7ff f873 	bl	10003c18 <_ntoa_format>
10004b32:	4643      	mov	r3, r8
10004b34:	0004      	movs	r4, r0
10004b36:	930b      	str	r3, [sp, #44]	; 0x2c
10004b38:	e5bf      	b.n	100046ba <_vsnprintf+0x52>
10004b3a:	2800      	cmp	r0, #0
10004b3c:	d100      	bne.n	10004b40 <_vsnprintf+0x4d8>
10004b3e:	e774      	b.n	10004a2a <_vsnprintf+0x3c2>
10004b40:	4653      	mov	r3, sl
10004b42:	3b01      	subs	r3, #1
10004b44:	e760      	b.n	10004a08 <_vsnprintf+0x3a0>
10004b46:	2862      	cmp	r0, #98	; 0x62
10004b48:	d100      	bne.n	10004b4c <_vsnprintf+0x4e4>
10004b4a:	e1df      	b.n	10004f0c <_vsnprintf+0x8a4>
10004b4c:	2858      	cmp	r0, #88	; 0x58
10004b4e:	d100      	bne.n	10004b52 <_vsnprintf+0x4ea>
10004b50:	e1ec      	b.n	10004f2c <_vsnprintf+0x8c4>
10004b52:	990a      	ldr	r1, [sp, #40]	; 0x28
10004b54:	2380      	movs	r3, #128	; 0x80
10004b56:	000a      	movs	r2, r1
10004b58:	00db      	lsls	r3, r3, #3
10004b5a:	401a      	ands	r2, r3
10004b5c:	0010      	movs	r0, r2
10004b5e:	000a      	movs	r2, r1
10004b60:	4219      	tst	r1, r3
10004b62:	d100      	bne.n	10004b66 <_vsnprintf+0x4fe>
10004b64:	e1bd      	b.n	10004ee2 <_vsnprintf+0x87a>
10004b66:	2311      	movs	r3, #17
10004b68:	439a      	bics	r2, r3
10004b6a:	920c      	str	r2, [sp, #48]	; 0x30
10004b6c:	9a0c      	ldr	r2, [sp, #48]	; 0x30
10004b6e:	2380      	movs	r3, #128	; 0x80
10004b70:	0011      	movs	r1, r2
10004b72:	009b      	lsls	r3, r3, #2
10004b74:	4019      	ands	r1, r3
10004b76:	468c      	mov	ip, r1
10004b78:	421a      	tst	r2, r3
10004b7a:	d000      	beq.n	10004b7e <_vsnprintf+0x516>
10004b7c:	e146      	b.n	10004e0c <_vsnprintf+0x7a4>
10004b7e:	2380      	movs	r3, #128	; 0x80
10004b80:	0011      	movs	r1, r2
10004b82:	005b      	lsls	r3, r3, #1
10004b84:	4019      	ands	r1, r3
10004b86:	4689      	mov	r9, r1
10004b88:	990b      	ldr	r1, [sp, #44]	; 0x2c
10004b8a:	3104      	adds	r1, #4
10004b8c:	910a      	str	r1, [sp, #40]	; 0x28
10004b8e:	421a      	tst	r2, r3
10004b90:	d000      	beq.n	10004b94 <_vsnprintf+0x52c>
10004b92:	e28f      	b.n	100050b4 <_vsnprintf+0xa4c>
10004b94:	0013      	movs	r3, r2
10004b96:	065b      	lsls	r3, r3, #25
10004b98:	d500      	bpl.n	10004b9c <_vsnprintf+0x534>
10004b9a:	e19e      	b.n	10004eda <_vsnprintf+0x872>
10004b9c:	0013      	movs	r3, r2
10004b9e:	061b      	lsls	r3, r3, #24
10004ba0:	d400      	bmi.n	10004ba4 <_vsnprintf+0x53c>
10004ba2:	e326      	b.n	100051f2 <_vsnprintf+0xb8a>
10004ba4:	9b0b      	ldr	r3, [sp, #44]	; 0x2c
10004ba6:	2200      	movs	r2, #0
10004ba8:	5e9b      	ldrsh	r3, [r3, r2]
10004baa:	17d9      	asrs	r1, r3, #31
10004bac:	185a      	adds	r2, r3, r1
10004bae:	404a      	eors	r2, r1
10004bb0:	b292      	uxth	r2, r2
10004bb2:	0fd9      	lsrs	r1, r3, #31
10004bb4:	910b      	str	r1, [sp, #44]	; 0x2c
10004bb6:	2b00      	cmp	r3, #0
10004bb8:	d100      	bne.n	10004bbc <_vsnprintf+0x554>
10004bba:	e277      	b.n	100050ac <_vsnprintf+0xa44>
10004bbc:	0010      	movs	r0, r2
10004bbe:	aa10      	add	r2, sp, #64	; 0x40
10004bc0:	4694      	mov	ip, r2
10004bc2:	4642      	mov	r2, r8
10004bc4:	231f      	movs	r3, #31
10004bc6:	9212      	str	r2, [sp, #72]	; 0x48
10004bc8:	4652      	mov	r2, sl
10004bca:	4463      	add	r3, ip
10004bcc:	46aa      	mov	sl, r5
10004bce:	9414      	str	r4, [sp, #80]	; 0x50
10004bd0:	464d      	mov	r5, r9
10004bd2:	0004      	movs	r4, r0
10004bd4:	46b9      	mov	r9, r7
10004bd6:	46b0      	mov	r8, r6
10004bd8:	001f      	movs	r7, r3
10004bda:	9213      	str	r2, [sp, #76]	; 0x4c
10004bdc:	e001      	b.n	10004be2 <_vsnprintf+0x57a>
10004bde:	2d20      	cmp	r5, #32
10004be0:	d00f      	beq.n	10004c02 <_vsnprintf+0x59a>
10004be2:	0020      	movs	r0, r4
10004be4:	210a      	movs	r1, #10
10004be6:	f000 fbd9 	bl	1000539c <__wrap___aeabi_uidiv>
10004bea:	3501      	adds	r5, #1
10004bec:	197e      	adds	r6, r7, r5
10004bee:	3130      	adds	r1, #48	; 0x30
10004bf0:	7031      	strb	r1, [r6, #0]
10004bf2:	0020      	movs	r0, r4
10004bf4:	210a      	movs	r1, #10
10004bf6:	f000 fbd1 	bl	1000539c <__wrap___aeabi_uidiv>
10004bfa:	0026      	movs	r6, r4
10004bfc:	0004      	movs	r4, r0
10004bfe:	2e09      	cmp	r6, #9
10004c00:	d8ed      	bhi.n	10004bde <_vsnprintf+0x576>
10004c02:	9b12      	ldr	r3, [sp, #72]	; 0x48
10004c04:	4646      	mov	r6, r8
10004c06:	4698      	mov	r8, r3
10004c08:	9b13      	ldr	r3, [sp, #76]	; 0x4c
10004c0a:	464f      	mov	r7, r9
10004c0c:	46a9      	mov	r9, r5
10004c0e:	4655      	mov	r5, sl
10004c10:	469a      	mov	sl, r3
10004c12:	9c14      	ldr	r4, [sp, #80]	; 0x50
10004c14:	9b0c      	ldr	r3, [sp, #48]	; 0x30
10004c16:	9306      	str	r3, [sp, #24]
10004c18:	4643      	mov	r3, r8
10004c1a:	9305      	str	r3, [sp, #20]
10004c1c:	4653      	mov	r3, sl
10004c1e:	9304      	str	r3, [sp, #16]
10004c20:	230a      	movs	r3, #10
10004c22:	9303      	str	r3, [sp, #12]
10004c24:	9b0b      	ldr	r3, [sp, #44]	; 0x2c
10004c26:	9302      	str	r3, [sp, #8]
10004c28:	464b      	mov	r3, r9
10004c2a:	9301      	str	r3, [sp, #4]
10004c2c:	ab18      	add	r3, sp, #96	; 0x60
10004c2e:	0022      	movs	r2, r4
10004c30:	9300      	str	r3, [sp, #0]
10004c32:	4659      	mov	r1, fp
10004c34:	003b      	movs	r3, r7
10004c36:	0030      	movs	r0, r6
10004c38:	f7fe ffee 	bl	10003c18 <_ntoa_format>
10004c3c:	9b0a      	ldr	r3, [sp, #40]	; 0x28
10004c3e:	0004      	movs	r4, r0
10004c40:	930b      	str	r3, [sp, #44]	; 0x2c
10004c42:	e53a      	b.n	100046ba <_vsnprintf+0x52>
10004c44:	2320      	movs	r3, #32
10004c46:	9a0a      	ldr	r2, [sp, #40]	; 0x28
10004c48:	431a      	orrs	r2, r3
10004c4a:	920a      	str	r2, [sp, #40]	; 0x28
10004c4c:	e66f      	b.n	1000492e <_vsnprintf+0x2c6>
10004c4e:	2380      	movs	r3, #128	; 0x80
10004c50:	9a0a      	ldr	r2, [sp, #40]	; 0x28
10004c52:	011b      	lsls	r3, r3, #4
10004c54:	431a      	orrs	r2, r3
10004c56:	920a      	str	r2, [sp, #40]	; 0x28
10004c58:	e637      	b.n	100048ca <_vsnprintf+0x262>
10004c5a:	2878      	cmp	r0, #120	; 0x78
10004c5c:	d000      	beq.n	10004c60 <_vsnprintf+0x5f8>
10004c5e:	e1af      	b.n	10004fc0 <_vsnprintf+0x958>
10004c60:	980a      	ldr	r0, [sp, #40]	; 0x28
10004c62:	2380      	movs	r3, #128	; 0x80
10004c64:	0002      	movs	r2, r0
10004c66:	00db      	lsls	r3, r3, #3
10004c68:	401a      	ands	r2, r3
10004c6a:	0011      	movs	r1, r2
10004c6c:	0002      	movs	r2, r0
10004c6e:	4218      	tst	r0, r3
10004c70:	d100      	bne.n	10004c74 <_vsnprintf+0x60c>
10004c72:	e2d0      	b.n	10005216 <_vsnprintf+0xbae>
10004c74:	230d      	movs	r3, #13
10004c76:	439a      	bics	r2, r3
10004c78:	0010      	movs	r0, r2
10004c7a:	3303      	adds	r3, #3
10004c7c:	930a      	str	r3, [sp, #40]	; 0x28
10004c7e:	2380      	movs	r3, #128	; 0x80
10004c80:	0002      	movs	r2, r0
10004c82:	009b      	lsls	r3, r3, #2
10004c84:	401a      	ands	r2, r3
10004c86:	4694      	mov	ip, r2
10004c88:	4218      	tst	r0, r3
10004c8a:	d000      	beq.n	10004c8e <_vsnprintf+0x626>
10004c8c:	e1ac      	b.n	10004fe8 <_vsnprintf+0x980>
10004c8e:	2380      	movs	r3, #128	; 0x80
10004c90:	0002      	movs	r2, r0
10004c92:	005b      	lsls	r3, r3, #1
10004c94:	401a      	ands	r2, r3
10004c96:	4691      	mov	r9, r2
10004c98:	9a0b      	ldr	r2, [sp, #44]	; 0x2c
10004c9a:	3204      	adds	r2, #4
10004c9c:	920c      	str	r2, [sp, #48]	; 0x30
10004c9e:	4218      	tst	r0, r3
10004ca0:	d000      	beq.n	10004ca4 <_vsnprintf+0x63c>
10004ca2:	e24a      	b.n	1000513a <_vsnprintf+0xad2>
10004ca4:	0643      	lsls	r3, r0, #25
10004ca6:	d400      	bmi.n	10004caa <_vsnprintf+0x642>
10004ca8:	e293      	b.n	100051d2 <_vsnprintf+0xb6a>
10004caa:	9b0b      	ldr	r3, [sp, #44]	; 0x2c
10004cac:	781b      	ldrb	r3, [r3, #0]
10004cae:	9308      	str	r3, [sp, #32]
10004cb0:	2b00      	cmp	r3, #0
10004cb2:	d000      	beq.n	10004cb6 <_vsnprintf+0x64e>
10004cb4:	e14b      	b.n	10004f4e <_vsnprintf+0x8e6>
10004cb6:	3310      	adds	r3, #16
10004cb8:	4398      	bics	r0, r3
10004cba:	2900      	cmp	r1, #0
10004cbc:	d100      	bne.n	10004cc0 <_vsnprintf+0x658>
10004cbe:	e146      	b.n	10004f4e <_vsnprintf+0x8e6>
10004cc0:	2300      	movs	r3, #0
10004cc2:	4699      	mov	r9, r3
10004cc4:	4643      	mov	r3, r8
10004cc6:	9305      	str	r3, [sp, #20]
10004cc8:	4653      	mov	r3, sl
10004cca:	9304      	str	r3, [sp, #16]
10004ccc:	9b0a      	ldr	r3, [sp, #40]	; 0x28
10004cce:	9006      	str	r0, [sp, #24]
10004cd0:	9303      	str	r3, [sp, #12]
10004cd2:	2300      	movs	r3, #0
10004cd4:	9302      	str	r3, [sp, #8]
10004cd6:	464b      	mov	r3, r9
10004cd8:	9301      	str	r3, [sp, #4]
10004cda:	ab18      	add	r3, sp, #96	; 0x60
10004cdc:	0022      	movs	r2, r4
10004cde:	9300      	str	r3, [sp, #0]
10004ce0:	4659      	mov	r1, fp
10004ce2:	003b      	movs	r3, r7
10004ce4:	0030      	movs	r0, r6
10004ce6:	f7fe ff97 	bl	10003c18 <_ntoa_format>
10004cea:	0004      	movs	r4, r0
10004cec:	e665      	b.n	100049ba <_vsnprintf+0x352>
10004cee:	2380      	movs	r3, #128	; 0x80
10004cf0:	9a0a      	ldr	r2, [sp, #40]	; 0x28
10004cf2:	011b      	lsls	r3, r3, #4
10004cf4:	431a      	orrs	r2, r3
10004cf6:	920a      	str	r2, [sp, #40]	; 0x28
10004cf8:	2320      	movs	r3, #32
10004cfa:	9a0a      	ldr	r2, [sp, #40]	; 0x28
10004cfc:	431a      	orrs	r2, r3
10004cfe:	920a      	str	r2, [sp, #40]	; 0x28
10004d00:	e5e3      	b.n	100048ca <_vsnprintf+0x262>
10004d02:	1b0b      	subs	r3, r1, r4
10004d04:	469a      	mov	sl, r3
10004d06:	9b0c      	ldr	r3, [sp, #48]	; 0x30
10004d08:	4699      	mov	r9, r3
10004d0a:	002b      	movs	r3, r5
10004d0c:	465d      	mov	r5, fp
10004d0e:	469b      	mov	fp, r3
10004d10:	0022      	movs	r2, r4
10004d12:	003b      	movs	r3, r7
10004d14:	0029      	movs	r1, r5
10004d16:	47b0      	blx	r6
10004d18:	4653      	mov	r3, sl
10004d1a:	3401      	adds	r4, #1
10004d1c:	5d18      	ldrb	r0, [r3, r4]
10004d1e:	2800      	cmp	r0, #0
10004d20:	d1f6      	bne.n	10004d10 <_vsnprintf+0x6a8>
10004d22:	464b      	mov	r3, r9
10004d24:	930c      	str	r3, [sp, #48]	; 0x30
10004d26:	465b      	mov	r3, fp
10004d28:	46ab      	mov	fp, r5
10004d2a:	001d      	movs	r5, r3
10004d2c:	e6b9      	b.n	10004aa2 <_vsnprintf+0x43a>
10004d2e:	23c0      	movs	r3, #192	; 0xc0
10004d30:	009b      	lsls	r3, r3, #2
10004d32:	9a0a      	ldr	r2, [sp, #40]	; 0x28
10004d34:	78a8      	ldrb	r0, [r5, #2]
10004d36:	431a      	orrs	r2, r3
10004d38:	920a      	str	r2, [sp, #40]	; 0x28
10004d3a:	1ce9      	adds	r1, r5, #3
10004d3c:	e50d      	b.n	1000475a <_vsnprintf+0xf2>
10004d3e:	23c0      	movs	r3, #192	; 0xc0
10004d40:	e7f7      	b.n	10004d32 <_vsnprintf+0x6ca>
10004d42:	465d      	mov	r5, fp
10004d44:	46bb      	mov	fp, r7
10004d46:	464f      	mov	r7, r9
10004d48:	e6ab      	b.n	10004aa2 <_vsnprintf+0x43a>
10004d4a:	46c0      	nop			; (mov r8, r8)
10004d4c:	10003b85 	.word	0x10003b85
10004d50:	4643      	mov	r3, r8
10004d52:	2b01      	cmp	r3, #1
10004d54:	d800      	bhi.n	10004d58 <_vsnprintf+0x6f0>
10004d56:	e0d1      	b.n	10004efc <_vsnprintf+0x894>
10004d58:	1e63      	subs	r3, r4, #1
10004d5a:	4443      	add	r3, r8
10004d5c:	46b9      	mov	r9, r7
10004d5e:	001d      	movs	r5, r3
10004d60:	465f      	mov	r7, fp
10004d62:	46a2      	mov	sl, r4
10004d64:	468b      	mov	fp, r1
10004d66:	0022      	movs	r2, r4
10004d68:	464b      	mov	r3, r9
10004d6a:	3401      	adds	r4, #1
10004d6c:	0039      	movs	r1, r7
10004d6e:	2020      	movs	r0, #32
10004d70:	47b0      	blx	r6
10004d72:	42ac      	cmp	r4, r5
10004d74:	d1f7      	bne.n	10004d66 <_vsnprintf+0x6fe>
10004d76:	465d      	mov	r5, fp
10004d78:	46bb      	mov	fp, r7
10004d7a:	464f      	mov	r7, r9
10004d7c:	46a1      	mov	r9, r4
10004d7e:	4654      	mov	r4, sl
10004d80:	9b0b      	ldr	r3, [sp, #44]	; 0x2c
10004d82:	464a      	mov	r2, r9
10004d84:	7818      	ldrb	r0, [r3, #0]
10004d86:	4659      	mov	r1, fp
10004d88:	003b      	movs	r3, r7
10004d8a:	4444      	add	r4, r8
10004d8c:	47b0      	blx	r6
10004d8e:	e614      	b.n	100049ba <_vsnprintf+0x352>
10004d90:	9b0c      	ldr	r3, [sp, #48]	; 0x30
10004d92:	46a1      	mov	r9, r4
10004d94:	4598      	cmp	r8, r3
10004d96:	d800      	bhi.n	10004d9a <_vsnprintf+0x732>
10004d98:	e687      	b.n	10004aaa <_vsnprintf+0x442>
10004d9a:	4444      	add	r4, r8
10004d9c:	1ae4      	subs	r4, r4, r3
10004d9e:	002b      	movs	r3, r5
10004da0:	46b8      	mov	r8, r7
10004da2:	0025      	movs	r5, r4
10004da4:	465f      	mov	r7, fp
10004da6:	464c      	mov	r4, r9
10004da8:	4699      	mov	r9, r3
10004daa:	0022      	movs	r2, r4
10004dac:	4643      	mov	r3, r8
10004dae:	3401      	adds	r4, #1
10004db0:	0039      	movs	r1, r7
10004db2:	2020      	movs	r0, #32
10004db4:	47b0      	blx	r6
10004db6:	42ac      	cmp	r4, r5
10004db8:	d1f7      	bne.n	10004daa <_vsnprintf+0x742>
10004dba:	002c      	movs	r4, r5
10004dbc:	46bb      	mov	fp, r7
10004dbe:	464d      	mov	r5, r9
10004dc0:	4647      	mov	r7, r8
10004dc2:	e672      	b.n	10004aaa <_vsnprintf+0x442>
10004dc4:	980c      	ldr	r0, [sp, #48]	; 0x30
10004dc6:	4580      	cmp	r8, r0
10004dc8:	d800      	bhi.n	10004dcc <_vsnprintf+0x764>
10004dca:	e21c      	b.n	10005206 <_vsnprintf+0xb9e>
10004dcc:	4643      	mov	r3, r8
10004dce:	191a      	adds	r2, r3, r4
10004dd0:	1a13      	subs	r3, r2, r0
10004dd2:	4699      	mov	r9, r3
10004dd4:	002b      	movs	r3, r5
10004dd6:	464d      	mov	r5, r9
10004dd8:	46b9      	mov	r9, r7
10004dda:	465f      	mov	r7, fp
10004ddc:	469b      	mov	fp, r3
10004dde:	910c      	str	r1, [sp, #48]	; 0x30
10004de0:	0022      	movs	r2, r4
10004de2:	464b      	mov	r3, r9
10004de4:	3401      	adds	r4, #1
10004de6:	0039      	movs	r1, r7
10004de8:	2020      	movs	r0, #32
10004dea:	47b0      	blx	r6
10004dec:	42ac      	cmp	r4, r5
10004dee:	d1f7      	bne.n	10004de0 <_vsnprintf+0x778>
10004df0:	4643      	mov	r3, r8
10004df2:	990c      	ldr	r1, [sp, #48]	; 0x30
10004df4:	3301      	adds	r3, #1
10004df6:	930c      	str	r3, [sp, #48]	; 0x30
10004df8:	780b      	ldrb	r3, [r1, #0]
10004dfa:	465d      	mov	r5, fp
10004dfc:	469c      	mov	ip, r3
10004dfe:	46bb      	mov	fp, r7
10004e00:	464f      	mov	r7, r9
10004e02:	4660      	mov	r0, ip
10004e04:	2800      	cmp	r0, #0
10004e06:	d000      	beq.n	10004e0a <_vsnprintf+0x7a2>
10004e08:	e62a      	b.n	10004a60 <_vsnprintf+0x3f8>
10004e0a:	e64e      	b.n	10004aaa <_vsnprintf+0x442>
10004e0c:	2207      	movs	r2, #7
10004e0e:	9b0b      	ldr	r3, [sp, #44]	; 0x2c
10004e10:	3307      	adds	r3, #7
10004e12:	4393      	bics	r3, r2
10004e14:	3201      	adds	r2, #1
10004e16:	4694      	mov	ip, r2
10004e18:	449c      	add	ip, r3
10004e1a:	4662      	mov	r2, ip
10004e1c:	920b      	str	r2, [sp, #44]	; 0x2c
10004e1e:	cb0c      	ldmia	r3, {r2, r3}
10004e20:	0fd9      	lsrs	r1, r3, #31
10004e22:	910a      	str	r1, [sp, #40]	; 0x28
10004e24:	0011      	movs	r1, r2
10004e26:	4319      	orrs	r1, r3
10004e28:	d05f      	beq.n	10004eea <_vsnprintf+0x882>
10004e2a:	17d9      	asrs	r1, r3, #31
10004e2c:	9111      	str	r1, [sp, #68]	; 0x44
10004e2e:	9110      	str	r1, [sp, #64]	; 0x40
10004e30:	4051      	eors	r1, r2
10004e32:	910e      	str	r1, [sp, #56]	; 0x38
10004e34:	9911      	ldr	r1, [sp, #68]	; 0x44
10004e36:	4059      	eors	r1, r3
10004e38:	910f      	str	r1, [sp, #60]	; 0x3c
10004e3a:	980e      	ldr	r0, [sp, #56]	; 0x38
10004e3c:	990f      	ldr	r1, [sp, #60]	; 0x3c
10004e3e:	9a10      	ldr	r2, [sp, #64]	; 0x40
10004e40:	9b11      	ldr	r3, [sp, #68]	; 0x44
10004e42:	1a80      	subs	r0, r0, r2
10004e44:	4199      	sbcs	r1, r3
10004e46:	900e      	str	r0, [sp, #56]	; 0x38
10004e48:	910f      	str	r1, [sp, #60]	; 0x3c
10004e4a:	aa10      	add	r2, sp, #64	; 0x40
10004e4c:	2300      	movs	r3, #0
10004e4e:	4694      	mov	ip, r2
10004e50:	4642      	mov	r2, r8
10004e52:	4699      	mov	r9, r3
10004e54:	9212      	str	r2, [sp, #72]	; 0x48
10004e56:	4652      	mov	r2, sl
10004e58:	331f      	adds	r3, #31
10004e5a:	4463      	add	r3, ip
10004e5c:	46b0      	mov	r8, r6
10004e5e:	46aa      	mov	sl, r5
10004e60:	464e      	mov	r6, r9
10004e62:	9414      	str	r4, [sp, #80]	; 0x50
10004e64:	46b9      	mov	r9, r7
10004e66:	9c0e      	ldr	r4, [sp, #56]	; 0x38
10004e68:	9d0f      	ldr	r5, [sp, #60]	; 0x3c
10004e6a:	001f      	movs	r7, r3
10004e6c:	9213      	str	r2, [sp, #76]	; 0x4c
10004e6e:	e001      	b.n	10004e74 <_vsnprintf+0x80c>
10004e70:	2e20      	cmp	r6, #32
10004e72:	d010      	beq.n	10004e96 <_vsnprintf+0x82e>
10004e74:	0020      	movs	r0, r4
10004e76:	0029      	movs	r1, r5
10004e78:	220a      	movs	r2, #10
10004e7a:	2300      	movs	r3, #0
10004e7c:	f000 fad4 	bl	10005428 <__wrap___aeabi_uldivmod>
10004e80:	3601      	adds	r6, #1
10004e82:	3230      	adds	r2, #48	; 0x30
10004e84:	002b      	movs	r3, r5
10004e86:	55ba      	strb	r2, [r7, r6]
10004e88:	000d      	movs	r5, r1
10004e8a:	0022      	movs	r2, r4
10004e8c:	0004      	movs	r4, r0
10004e8e:	2b00      	cmp	r3, #0
10004e90:	d1ee      	bne.n	10004e70 <_vsnprintf+0x808>
10004e92:	2a09      	cmp	r2, #9
10004e94:	d8ec      	bhi.n	10004e70 <_vsnprintf+0x808>
10004e96:	9b12      	ldr	r3, [sp, #72]	; 0x48
10004e98:	464f      	mov	r7, r9
10004e9a:	46b1      	mov	r9, r6
10004e9c:	4646      	mov	r6, r8
10004e9e:	4698      	mov	r8, r3
10004ea0:	9b13      	ldr	r3, [sp, #76]	; 0x4c
10004ea2:	940e      	str	r4, [sp, #56]	; 0x38
10004ea4:	950f      	str	r5, [sp, #60]	; 0x3c
10004ea6:	4655      	mov	r5, sl
10004ea8:	469a      	mov	sl, r3
10004eaa:	9c14      	ldr	r4, [sp, #80]	; 0x50
10004eac:	9b0c      	ldr	r3, [sp, #48]	; 0x30
10004eae:	9306      	str	r3, [sp, #24]
10004eb0:	4643      	mov	r3, r8
10004eb2:	9305      	str	r3, [sp, #20]
10004eb4:	4653      	mov	r3, sl
10004eb6:	9304      	str	r3, [sp, #16]
10004eb8:	230a      	movs	r3, #10
10004eba:	9303      	str	r3, [sp, #12]
10004ebc:	9b0a      	ldr	r3, [sp, #40]	; 0x28
10004ebe:	9302      	str	r3, [sp, #8]
10004ec0:	464b      	mov	r3, r9
10004ec2:	9301      	str	r3, [sp, #4]
10004ec4:	ab18      	add	r3, sp, #96	; 0x60
10004ec6:	0022      	movs	r2, r4
10004ec8:	9300      	str	r3, [sp, #0]
10004eca:	4659      	mov	r1, fp
10004ecc:	003b      	movs	r3, r7
10004ece:	0030      	movs	r0, r6
10004ed0:	f7fe fea2 	bl	10003c18 <_ntoa_format>
10004ed4:	0004      	movs	r4, r0
10004ed6:	f7ff fbf0 	bl	100046ba <_vsnprintf+0x52>
10004eda:	9b0b      	ldr	r3, [sp, #44]	; 0x2c
10004edc:	781b      	ldrb	r3, [r3, #0]
10004ede:	001a      	movs	r2, r3
10004ee0:	e667      	b.n	10004bb2 <_vsnprintf+0x54a>
10004ee2:	2310      	movs	r3, #16
10004ee4:	439a      	bics	r2, r3
10004ee6:	920c      	str	r2, [sp, #48]	; 0x30
10004ee8:	e640      	b.n	10004b6c <_vsnprintf+0x504>
10004eea:	2300      	movs	r3, #0
10004eec:	4699      	mov	r9, r3
10004eee:	2800      	cmp	r0, #0
10004ef0:	d1dc      	bne.n	10004eac <_vsnprintf+0x844>
10004ef2:	2200      	movs	r2, #0
10004ef4:	2300      	movs	r3, #0
10004ef6:	920e      	str	r2, [sp, #56]	; 0x38
10004ef8:	930f      	str	r3, [sp, #60]	; 0x3c
10004efa:	e7a6      	b.n	10004e4a <_vsnprintf+0x7e2>
10004efc:	9b0b      	ldr	r3, [sp, #44]	; 0x2c
10004efe:	0022      	movs	r2, r4
10004f00:	7818      	ldrb	r0, [r3, #0]
10004f02:	4659      	mov	r1, fp
10004f04:	003b      	movs	r3, r7
10004f06:	47b0      	blx	r6
10004f08:	464c      	mov	r4, r9
10004f0a:	e556      	b.n	100049ba <_vsnprintf+0x352>
10004f0c:	980a      	ldr	r0, [sp, #40]	; 0x28
10004f0e:	2380      	movs	r3, #128	; 0x80
10004f10:	0002      	movs	r2, r0
10004f12:	00db      	lsls	r3, r3, #3
10004f14:	401a      	ands	r2, r3
10004f16:	0011      	movs	r1, r2
10004f18:	4218      	tst	r0, r3
10004f1a:	d100      	bne.n	10004f1e <_vsnprintf+0x8b6>
10004f1c:	e15f      	b.n	100051de <_vsnprintf+0xb76>
10004f1e:	0002      	movs	r2, r0
10004f20:	230d      	movs	r3, #13
10004f22:	439a      	bics	r2, r3
10004f24:	3b0b      	subs	r3, #11
10004f26:	0010      	movs	r0, r2
10004f28:	930a      	str	r3, [sp, #40]	; 0x28
10004f2a:	e6a8      	b.n	10004c7e <_vsnprintf+0x616>
10004f2c:	980a      	ldr	r0, [sp, #40]	; 0x28
10004f2e:	2380      	movs	r3, #128	; 0x80
10004f30:	0002      	movs	r2, r0
10004f32:	00db      	lsls	r3, r3, #3
10004f34:	401a      	ands	r2, r3
10004f36:	0011      	movs	r1, r2
10004f38:	0002      	movs	r2, r0
10004f3a:	4218      	tst	r0, r3
10004f3c:	d100      	bne.n	10004f40 <_vsnprintf+0x8d8>
10004f3e:	e166      	b.n	1000520e <_vsnprintf+0xba6>
10004f40:	230d      	movs	r3, #13
10004f42:	2020      	movs	r0, #32
10004f44:	439a      	bics	r2, r3
10004f46:	3303      	adds	r3, #3
10004f48:	4310      	orrs	r0, r2
10004f4a:	930a      	str	r3, [sp, #40]	; 0x28
10004f4c:	e697      	b.n	10004c7e <_vsnprintf+0x616>
10004f4e:	2361      	movs	r3, #97	; 0x61
10004f50:	0682      	lsls	r2, r0, #26
10004f52:	d500      	bpl.n	10004f56 <_vsnprintf+0x8ee>
10004f54:	2341      	movs	r3, #65	; 0x41
10004f56:	b2db      	uxtb	r3, r3
10004f58:	3b0a      	subs	r3, #10
10004f5a:	930b      	str	r3, [sp, #44]	; 0x2c
10004f5c:	4643      	mov	r3, r8
10004f5e:	a910      	add	r1, sp, #64	; 0x40
10004f60:	221f      	movs	r2, #31
10004f62:	468c      	mov	ip, r1
10004f64:	9312      	str	r3, [sp, #72]	; 0x48
10004f66:	4653      	mov	r3, sl
10004f68:	4462      	add	r2, ip
10004f6a:	46aa      	mov	sl, r5
10004f6c:	9414      	str	r4, [sp, #80]	; 0x50
10004f6e:	9715      	str	r7, [sp, #84]	; 0x54
10004f70:	464c      	mov	r4, r9
10004f72:	4680      	mov	r8, r0
10004f74:	46b1      	mov	r9, r6
10004f76:	0017      	movs	r7, r2
10004f78:	9e0a      	ldr	r6, [sp, #40]	; 0x28
10004f7a:	9d08      	ldr	r5, [sp, #32]
10004f7c:	9313      	str	r3, [sp, #76]	; 0x4c
10004f7e:	e008      	b.n	10004f92 <_vsnprintf+0x92a>
10004f80:	3330      	adds	r3, #48	; 0x30
10004f82:	b2db      	uxtb	r3, r3
10004f84:	3401      	adds	r4, #1
10004f86:	553b      	strb	r3, [r7, r4]
10004f88:	42b5      	cmp	r5, r6
10004f8a:	d30e      	bcc.n	10004faa <_vsnprintf+0x942>
10004f8c:	2c20      	cmp	r4, #32
10004f8e:	d00c      	beq.n	10004faa <_vsnprintf+0x942>
10004f90:	0005      	movs	r5, r0
10004f92:	0031      	movs	r1, r6
10004f94:	0028      	movs	r0, r5
10004f96:	f000 fa01 	bl	1000539c <__wrap___aeabi_uidiv>
10004f9a:	b2cb      	uxtb	r3, r1
10004f9c:	2909      	cmp	r1, #9
10004f9e:	d9ef      	bls.n	10004f80 <_vsnprintf+0x918>
10004fa0:	9a0b      	ldr	r2, [sp, #44]	; 0x2c
10004fa2:	4694      	mov	ip, r2
10004fa4:	4463      	add	r3, ip
10004fa6:	b2db      	uxtb	r3, r3
10004fa8:	e7ec      	b.n	10004f84 <_vsnprintf+0x91c>
10004faa:	9b12      	ldr	r3, [sp, #72]	; 0x48
10004fac:	4640      	mov	r0, r8
10004fae:	4698      	mov	r8, r3
10004fb0:	9b13      	ldr	r3, [sp, #76]	; 0x4c
10004fb2:	464e      	mov	r6, r9
10004fb4:	4655      	mov	r5, sl
10004fb6:	46a1      	mov	r9, r4
10004fb8:	469a      	mov	sl, r3
10004fba:	9c14      	ldr	r4, [sp, #80]	; 0x50
10004fbc:	9f15      	ldr	r7, [sp, #84]	; 0x54
10004fbe:	e681      	b.n	10004cc4 <_vsnprintf+0x65c>
10004fc0:	286f      	cmp	r0, #111	; 0x6f
10004fc2:	d000      	beq.n	10004fc6 <_vsnprintf+0x95e>
10004fc4:	e137      	b.n	10005236 <_vsnprintf+0xbce>
10004fc6:	990a      	ldr	r1, [sp, #40]	; 0x28
10004fc8:	230c      	movs	r3, #12
10004fca:	000a      	movs	r2, r1
10004fcc:	439a      	bics	r2, r3
10004fce:	2380      	movs	r3, #128	; 0x80
10004fd0:	0010      	movs	r0, r2
10004fd2:	000a      	movs	r2, r1
10004fd4:	00db      	lsls	r3, r3, #3
10004fd6:	401a      	ands	r2, r3
10004fd8:	0011      	movs	r1, r2
10004fda:	9a0a      	ldr	r2, [sp, #40]	; 0x28
10004fdc:	421a      	tst	r2, r3
10004fde:	d000      	beq.n	10004fe2 <_vsnprintf+0x97a>
10004fe0:	e121      	b.n	10005226 <_vsnprintf+0xbbe>
10004fe2:	2308      	movs	r3, #8
10004fe4:	930a      	str	r3, [sp, #40]	; 0x28
10004fe6:	e64a      	b.n	10004c7e <_vsnprintf+0x616>
10004fe8:	9a0b      	ldr	r2, [sp, #44]	; 0x2c
10004fea:	3bfa      	subs	r3, #250	; 0xfa
10004fec:	3bff      	subs	r3, #255	; 0xff
10004fee:	3207      	adds	r2, #7
10004ff0:	439a      	bics	r2, r3
10004ff2:	3301      	adds	r3, #1
10004ff4:	469c      	mov	ip, r3
10004ff6:	4494      	add	ip, r2
10004ff8:	4663      	mov	r3, ip
10004ffa:	930b      	str	r3, [sp, #44]	; 0x2c
10004ffc:	6813      	ldr	r3, [r2, #0]
10004ffe:	6852      	ldr	r2, [r2, #4]
10005000:	9308      	str	r3, [sp, #32]
10005002:	4313      	orrs	r3, r2
10005004:	9212      	str	r2, [sp, #72]	; 0x48
10005006:	1e1a      	subs	r2, r3, #0
10005008:	d105      	bne.n	10005016 <_vsnprintf+0x9ae>
1000500a:	2300      	movs	r3, #0
1000500c:	3210      	adds	r2, #16
1000500e:	4699      	mov	r9, r3
10005010:	4390      	bics	r0, r2
10005012:	2900      	cmp	r1, #0
10005014:	d141      	bne.n	1000509a <_vsnprintf+0xa32>
10005016:	2261      	movs	r2, #97	; 0x61
10005018:	0681      	lsls	r1, r0, #26
1000501a:	d500      	bpl.n	1000501e <_vsnprintf+0x9b6>
1000501c:	2241      	movs	r2, #65	; 0x41
1000501e:	b2d2      	uxtb	r2, r2
10005020:	3a0a      	subs	r2, #10
10005022:	920c      	str	r2, [sp, #48]	; 0x30
10005024:	4642      	mov	r2, r8
10005026:	2300      	movs	r3, #0
10005028:	a910      	add	r1, sp, #64	; 0x40
1000502a:	9213      	str	r2, [sp, #76]	; 0x4c
1000502c:	4652      	mov	r2, sl
1000502e:	468c      	mov	ip, r1
10005030:	4699      	mov	r9, r3
10005032:	9214      	str	r2, [sp, #80]	; 0x50
10005034:	331f      	adds	r3, #31
10005036:	9a0a      	ldr	r2, [sp, #40]	; 0x28
10005038:	4463      	add	r3, ip
1000503a:	46aa      	mov	sl, r5
1000503c:	9415      	str	r4, [sp, #84]	; 0x54
1000503e:	9617      	str	r6, [sp, #92]	; 0x5c
10005040:	464c      	mov	r4, r9
10005042:	4690      	mov	r8, r2
10005044:	46b9      	mov	r9, r7
10005046:	9e08      	ldr	r6, [sp, #32]
10005048:	001f      	movs	r7, r3
1000504a:	9d12      	ldr	r5, [sp, #72]	; 0x48
1000504c:	9016      	str	r0, [sp, #88]	; 0x58
1000504e:	e00a      	b.n	10005066 <_vsnprintf+0x9fe>
10005050:	3230      	adds	r2, #48	; 0x30
10005052:	b2d2      	uxtb	r2, r2
10005054:	2300      	movs	r3, #0
10005056:	3401      	adds	r4, #1
10005058:	553a      	strb	r2, [r7, r4]
1000505a:	42ab      	cmp	r3, r5
1000505c:	d011      	beq.n	10005082 <_vsnprintf+0xa1a>
1000505e:	2c20      	cmp	r4, #32
10005060:	d011      	beq.n	10005086 <_vsnprintf+0xa1e>
10005062:	0006      	movs	r6, r0
10005064:	000d      	movs	r5, r1
10005066:	4642      	mov	r2, r8
10005068:	2300      	movs	r3, #0
1000506a:	0030      	movs	r0, r6
1000506c:	0029      	movs	r1, r5
1000506e:	f000 f9db 	bl	10005428 <__wrap___aeabi_uldivmod>
10005072:	b2d2      	uxtb	r2, r2
10005074:	2a09      	cmp	r2, #9
10005076:	d9eb      	bls.n	10005050 <_vsnprintf+0x9e8>
10005078:	9b0c      	ldr	r3, [sp, #48]	; 0x30
1000507a:	469c      	mov	ip, r3
1000507c:	4462      	add	r2, ip
1000507e:	b2d2      	uxtb	r2, r2
10005080:	e7e8      	b.n	10005054 <_vsnprintf+0x9ec>
10005082:	45b0      	cmp	r8, r6
10005084:	d9eb      	bls.n	1000505e <_vsnprintf+0x9f6>
10005086:	9b13      	ldr	r3, [sp, #76]	; 0x4c
10005088:	4655      	mov	r5, sl
1000508a:	4698      	mov	r8, r3
1000508c:	9b14      	ldr	r3, [sp, #80]	; 0x50
1000508e:	464f      	mov	r7, r9
10005090:	469a      	mov	sl, r3
10005092:	46a1      	mov	r9, r4
10005094:	9816      	ldr	r0, [sp, #88]	; 0x58
10005096:	9e17      	ldr	r6, [sp, #92]	; 0x5c
10005098:	9c15      	ldr	r4, [sp, #84]	; 0x54
1000509a:	4643      	mov	r3, r8
1000509c:	9305      	str	r3, [sp, #20]
1000509e:	4653      	mov	r3, sl
100050a0:	9304      	str	r3, [sp, #16]
100050a2:	9b0a      	ldr	r3, [sp, #40]	; 0x28
100050a4:	9006      	str	r0, [sp, #24]
100050a6:	9303      	str	r3, [sp, #12]
100050a8:	2300      	movs	r3, #0
100050aa:	e708      	b.n	10004ebe <_vsnprintf+0x856>
100050ac:	2800      	cmp	r0, #0
100050ae:	d000      	beq.n	100050b2 <_vsnprintf+0xa4a>
100050b0:	e5b0      	b.n	10004c14 <_vsnprintf+0x5ac>
100050b2:	e584      	b.n	10004bbe <_vsnprintf+0x556>
100050b4:	9b0b      	ldr	r3, [sp, #44]	; 0x2c
100050b6:	681b      	ldr	r3, [r3, #0]
100050b8:	0fda      	lsrs	r2, r3, #31
100050ba:	0011      	movs	r1, r2
100050bc:	2b00      	cmp	r3, #0
100050be:	d100      	bne.n	100050c2 <_vsnprintf+0xa5a>
100050c0:	e094      	b.n	100051ec <_vsnprintf+0xb84>
100050c2:	17da      	asrs	r2, r3, #31
100050c4:	1898      	adds	r0, r3, r2
100050c6:	4050      	eors	r0, r2
100050c8:	aa10      	add	r2, sp, #64	; 0x40
100050ca:	4691      	mov	r9, r2
100050cc:	4642      	mov	r2, r8
100050ce:	231f      	movs	r3, #31
100050d0:	9212      	str	r2, [sp, #72]	; 0x48
100050d2:	4652      	mov	r2, sl
100050d4:	444b      	add	r3, r9
100050d6:	46a0      	mov	r8, r4
100050d8:	46aa      	mov	sl, r5
100050da:	9714      	str	r7, [sp, #80]	; 0x50
100050dc:	0004      	movs	r4, r0
100050de:	46b1      	mov	r9, r6
100050e0:	4665      	mov	r5, ip
100050e2:	001f      	movs	r7, r3
100050e4:	910b      	str	r1, [sp, #44]	; 0x2c
100050e6:	9213      	str	r2, [sp, #76]	; 0x4c
100050e8:	e001      	b.n	100050ee <_vsnprintf+0xa86>
100050ea:	2d20      	cmp	r5, #32
100050ec:	d00f      	beq.n	1000510e <_vsnprintf+0xaa6>
100050ee:	0020      	movs	r0, r4
100050f0:	210a      	movs	r1, #10
100050f2:	f000 f953 	bl	1000539c <__wrap___aeabi_uidiv>
100050f6:	3501      	adds	r5, #1
100050f8:	197e      	adds	r6, r7, r5
100050fa:	3130      	adds	r1, #48	; 0x30
100050fc:	7031      	strb	r1, [r6, #0]
100050fe:	0020      	movs	r0, r4
10005100:	210a      	movs	r1, #10
10005102:	f000 f94b 	bl	1000539c <__wrap___aeabi_uidiv>
10005106:	0026      	movs	r6, r4
10005108:	0004      	movs	r4, r0
1000510a:	2e09      	cmp	r6, #9
1000510c:	d8ed      	bhi.n	100050ea <_vsnprintf+0xa82>
1000510e:	9b12      	ldr	r3, [sp, #72]	; 0x48
10005110:	4644      	mov	r4, r8
10005112:	4698      	mov	r8, r3
10005114:	9b0b      	ldr	r3, [sp, #44]	; 0x2c
10005116:	46ac      	mov	ip, r5
10005118:	0019      	movs	r1, r3
1000511a:	9b13      	ldr	r3, [sp, #76]	; 0x4c
1000511c:	4655      	mov	r5, sl
1000511e:	464e      	mov	r6, r9
10005120:	469a      	mov	sl, r3
10005122:	9f14      	ldr	r7, [sp, #80]	; 0x50
10005124:	9b0c      	ldr	r3, [sp, #48]	; 0x30
10005126:	9102      	str	r1, [sp, #8]
10005128:	9306      	str	r3, [sp, #24]
1000512a:	4643      	mov	r3, r8
1000512c:	9305      	str	r3, [sp, #20]
1000512e:	4653      	mov	r3, sl
10005130:	9304      	str	r3, [sp, #16]
10005132:	230a      	movs	r3, #10
10005134:	9303      	str	r3, [sp, #12]
10005136:	4663      	mov	r3, ip
10005138:	e577      	b.n	10004c2a <_vsnprintf+0x5c2>
1000513a:	9b0b      	ldr	r3, [sp, #44]	; 0x2c
1000513c:	681b      	ldr	r3, [r3, #0]
1000513e:	9308      	str	r3, [sp, #32]
10005140:	2b00      	cmp	r3, #0
10005142:	d103      	bne.n	1000514c <_vsnprintf+0xae4>
10005144:	3310      	adds	r3, #16
10005146:	4398      	bics	r0, r3
10005148:	2900      	cmp	r1, #0
1000514a:	d137      	bne.n	100051bc <_vsnprintf+0xb54>
1000514c:	2361      	movs	r3, #97	; 0x61
1000514e:	0682      	lsls	r2, r0, #26
10005150:	d500      	bpl.n	10005154 <_vsnprintf+0xaec>
10005152:	2341      	movs	r3, #65	; 0x41
10005154:	b2db      	uxtb	r3, r3
10005156:	3b0a      	subs	r3, #10
10005158:	930b      	str	r3, [sp, #44]	; 0x2c
1000515a:	4643      	mov	r3, r8
1000515c:	a910      	add	r1, sp, #64	; 0x40
1000515e:	4689      	mov	r9, r1
10005160:	221f      	movs	r2, #31
10005162:	9312      	str	r3, [sp, #72]	; 0x48
10005164:	4653      	mov	r3, sl
10005166:	444a      	add	r2, r9
10005168:	46aa      	mov	sl, r5
1000516a:	46b1      	mov	r9, r6
1000516c:	9414      	str	r4, [sp, #80]	; 0x50
1000516e:	9715      	str	r7, [sp, #84]	; 0x54
10005170:	4664      	mov	r4, ip
10005172:	4680      	mov	r8, r0
10005174:	0017      	movs	r7, r2
10005176:	9d08      	ldr	r5, [sp, #32]
10005178:	9e0a      	ldr	r6, [sp, #40]	; 0x28
1000517a:	9313      	str	r3, [sp, #76]	; 0x4c
1000517c:	e008      	b.n	10005190 <_vsnprintf+0xb28>
1000517e:	3330      	adds	r3, #48	; 0x30
10005180:	b2db      	uxtb	r3, r3
10005182:	3401      	adds	r4, #1
10005184:	553b      	strb	r3, [r7, r4]
10005186:	42b5      	cmp	r5, r6
10005188:	d30e      	bcc.n	100051a8 <_vsnprintf+0xb40>
1000518a:	2c20      	cmp	r4, #32
1000518c:	d00c      	beq.n	100051a8 <_vsnprintf+0xb40>
1000518e:	0005      	movs	r5, r0
10005190:	0031      	movs	r1, r6
10005192:	0028      	movs	r0, r5
10005194:	f000 f902 	bl	1000539c <__wrap___aeabi_uidiv>
10005198:	b2cb      	uxtb	r3, r1
1000519a:	2909      	cmp	r1, #9
1000519c:	d9ef      	bls.n	1000517e <_vsnprintf+0xb16>
1000519e:	9a0b      	ldr	r2, [sp, #44]	; 0x2c
100051a0:	4694      	mov	ip, r2
100051a2:	4463      	add	r3, ip
100051a4:	b2db      	uxtb	r3, r3
100051a6:	e7ec      	b.n	10005182 <_vsnprintf+0xb1a>
100051a8:	9b12      	ldr	r3, [sp, #72]	; 0x48
100051aa:	4640      	mov	r0, r8
100051ac:	4698      	mov	r8, r3
100051ae:	9b13      	ldr	r3, [sp, #76]	; 0x4c
100051b0:	4655      	mov	r5, sl
100051b2:	464e      	mov	r6, r9
100051b4:	469a      	mov	sl, r3
100051b6:	46a4      	mov	ip, r4
100051b8:	9f15      	ldr	r7, [sp, #84]	; 0x54
100051ba:	9c14      	ldr	r4, [sp, #80]	; 0x50
100051bc:	4643      	mov	r3, r8
100051be:	9305      	str	r3, [sp, #20]
100051c0:	4653      	mov	r3, sl
100051c2:	9304      	str	r3, [sp, #16]
100051c4:	9b0a      	ldr	r3, [sp, #40]	; 0x28
100051c6:	9006      	str	r0, [sp, #24]
100051c8:	9303      	str	r3, [sp, #12]
100051ca:	2300      	movs	r3, #0
100051cc:	9302      	str	r3, [sp, #8]
100051ce:	4663      	mov	r3, ip
100051d0:	e582      	b.n	10004cd8 <_vsnprintf+0x670>
100051d2:	0603      	lsls	r3, r0, #24
100051d4:	d513      	bpl.n	100051fe <_vsnprintf+0xb96>
100051d6:	9b0b      	ldr	r3, [sp, #44]	; 0x2c
100051d8:	881b      	ldrh	r3, [r3, #0]
100051da:	9308      	str	r3, [sp, #32]
100051dc:	e568      	b.n	10004cb0 <_vsnprintf+0x648>
100051de:	0002      	movs	r2, r0
100051e0:	230c      	movs	r3, #12
100051e2:	439a      	bics	r2, r3
100051e4:	3b0a      	subs	r3, #10
100051e6:	0010      	movs	r0, r2
100051e8:	930a      	str	r3, [sp, #40]	; 0x28
100051ea:	e548      	b.n	10004c7e <_vsnprintf+0x616>
100051ec:	2800      	cmp	r0, #0
100051ee:	d199      	bne.n	10005124 <_vsnprintf+0xabc>
100051f0:	e76a      	b.n	100050c8 <_vsnprintf+0xa60>
100051f2:	9b0b      	ldr	r3, [sp, #44]	; 0x2c
100051f4:	681b      	ldr	r3, [r3, #0]
100051f6:	17d9      	asrs	r1, r3, #31
100051f8:	185a      	adds	r2, r3, r1
100051fa:	404a      	eors	r2, r1
100051fc:	e4d9      	b.n	10004bb2 <_vsnprintf+0x54a>
100051fe:	9b0b      	ldr	r3, [sp, #44]	; 0x2c
10005200:	681b      	ldr	r3, [r3, #0]
10005202:	9308      	str	r3, [sp, #32]
10005204:	e554      	b.n	10004cb0 <_vsnprintf+0x648>
10005206:	0003      	movs	r3, r0
10005208:	3301      	adds	r3, #1
1000520a:	930c      	str	r3, [sp, #48]	; 0x30
1000520c:	e5f9      	b.n	10004e02 <_vsnprintf+0x79a>
1000520e:	2320      	movs	r3, #32
10005210:	9a0a      	ldr	r2, [sp, #40]	; 0x28
10005212:	431a      	orrs	r2, r3
10005214:	920a      	str	r2, [sp, #40]	; 0x28
10005216:	230c      	movs	r3, #12
10005218:	9a0a      	ldr	r2, [sp, #40]	; 0x28
1000521a:	2100      	movs	r1, #0
1000521c:	439a      	bics	r2, r3
1000521e:	3304      	adds	r3, #4
10005220:	0010      	movs	r0, r2
10005222:	930a      	str	r3, [sp, #40]	; 0x28
10005224:	e52b      	b.n	10004c7e <_vsnprintf+0x616>
10005226:	9b0a      	ldr	r3, [sp, #40]	; 0x28
10005228:	930c      	str	r3, [sp, #48]	; 0x30
1000522a:	2308      	movs	r3, #8
1000522c:	930a      	str	r3, [sp, #40]	; 0x28
1000522e:	230d      	movs	r3, #13
10005230:	980c      	ldr	r0, [sp, #48]	; 0x30
10005232:	4398      	bics	r0, r3
10005234:	e523      	b.n	10004c7e <_vsnprintf+0x616>
10005236:	2310      	movs	r3, #16
10005238:	9a0a      	ldr	r2, [sp, #40]	; 0x28
1000523a:	439a      	bics	r2, r3
1000523c:	920c      	str	r2, [sp, #48]	; 0x30
1000523e:	2869      	cmp	r0, #105	; 0x69
10005240:	d10a      	bne.n	10005258 <_vsnprintf+0xbf0>
10005242:	990a      	ldr	r1, [sp, #40]	; 0x28
10005244:	2380      	movs	r3, #128	; 0x80
10005246:	000a      	movs	r2, r1
10005248:	00db      	lsls	r3, r3, #3
1000524a:	401a      	ands	r2, r3
1000524c:	0010      	movs	r0, r2
1000524e:	000a      	movs	r2, r1
10005250:	4219      	tst	r1, r3
10005252:	d100      	bne.n	10005256 <_vsnprintf+0xbee>
10005254:	e48a      	b.n	10004b6c <_vsnprintf+0x504>
10005256:	e486      	b.n	10004b66 <_vsnprintf+0x4fe>
10005258:	990a      	ldr	r1, [sp, #40]	; 0x28
1000525a:	231c      	movs	r3, #28
1000525c:	000a      	movs	r2, r1
1000525e:	439a      	bics	r2, r3
10005260:	2380      	movs	r3, #128	; 0x80
10005262:	0010      	movs	r0, r2
10005264:	000a      	movs	r2, r1
10005266:	00db      	lsls	r3, r3, #3
10005268:	401a      	ands	r2, r3
1000526a:	0011      	movs	r1, r2
1000526c:	9a0a      	ldr	r2, [sp, #40]	; 0x28
1000526e:	421a      	tst	r2, r3
10005270:	d102      	bne.n	10005278 <_vsnprintf+0xc10>
10005272:	230a      	movs	r3, #10
10005274:	930a      	str	r3, [sp, #40]	; 0x28
10005276:	e502      	b.n	10004c7e <_vsnprintf+0x616>
10005278:	230a      	movs	r3, #10
1000527a:	930a      	str	r3, [sp, #40]	; 0x28
1000527c:	e7d7      	b.n	1000522e <_vsnprintf+0xbc6>
1000527e:	46c0      	nop			; (mov r8, r8)

10005280 <vfctprintf>:
10005280:	b500      	push	{lr}
10005282:	b085      	sub	sp, #20
10005284:	9103      	str	r1, [sp, #12]
10005286:	2101      	movs	r1, #1
10005288:	9002      	str	r0, [sp, #8]
1000528a:	9300      	str	r3, [sp, #0]
1000528c:	4803      	ldr	r0, [pc, #12]	; (1000529c <vfctprintf+0x1c>)
1000528e:	0013      	movs	r3, r2
10005290:	424a      	negs	r2, r1
10005292:	a902      	add	r1, sp, #8
10005294:	f7ff f9e8 	bl	10004668 <_vsnprintf>
10005298:	b005      	add	sp, #20
1000529a:	bd00      	pop	{pc}
1000529c:	10003e31 	.word	0x10003e31

100052a0 <weak_raw_vprintf>:
100052a0:	b510      	push	{r4, lr}
100052a2:	4a09      	ldr	r2, [pc, #36]	; (100052c8 <weak_raw_vprintf+0x28>)
100052a4:	0003      	movs	r3, r0
100052a6:	6814      	ldr	r4, [r2, #0]
100052a8:	b084      	sub	sp, #16
100052aa:	2c00      	cmp	r4, #0
100052ac:	d008      	beq.n	100052c0 <weak_raw_vprintf+0x20>
100052ae:	2201      	movs	r2, #1
100052b0:	9100      	str	r1, [sp, #0]
100052b2:	4806      	ldr	r0, [pc, #24]	; (100052cc <weak_raw_vprintf+0x2c>)
100052b4:	4252      	negs	r2, r2
100052b6:	a903      	add	r1, sp, #12
100052b8:	47a0      	blx	r4
100052ba:	2001      	movs	r0, #1
100052bc:	b004      	add	sp, #16
100052be:	bd10      	pop	{r4, pc}
100052c0:	f001 f86c 	bl	1000639c <__wrap_puts>
100052c4:	2000      	movs	r0, #0
100052c6:	e7f9      	b.n	100052bc <weak_raw_vprintf+0x1c>
100052c8:	20001b60 	.word	0x20001b60
100052cc:	10003e21 	.word	0x10003e21

100052d0 <__aeabi_bits_init>:
100052d0:	4801      	ldr	r0, [pc, #4]	; (100052d8 <__aeabi_bits_init+0x8>)
100052d2:	2104      	movs	r1, #4
100052d4:	4b01      	ldr	r3, [pc, #4]	; (100052dc <__aeabi_bits_init+0xc>)
100052d6:	4718      	bx	r3
100052d8:	200002b0 	.word	0x200002b0
100052dc:	10005301 	.word	0x10005301

100052e0 <rom_func_lookup>:
100052e0:	2314      	movs	r3, #20
100052e2:	b510      	push	{r4, lr}
100052e4:	0001      	movs	r1, r0
100052e6:	8818      	ldrh	r0, [r3, #0]
100052e8:	3304      	adds	r3, #4
100052ea:	881b      	ldrh	r3, [r3, #0]
100052ec:	4798      	blx	r3
100052ee:	bd10      	pop	{r4, pc}

100052f0 <rom_data_lookup>:
100052f0:	2316      	movs	r3, #22
100052f2:	b510      	push	{r4, lr}
100052f4:	0001      	movs	r1, r0
100052f6:	8818      	ldrh	r0, [r3, #0]
100052f8:	3302      	adds	r3, #2
100052fa:	881b      	ldrh	r3, [r3, #0]
100052fc:	4798      	blx	r3
100052fe:	bd10      	pop	{r4, pc}

10005300 <rom_funcs_lookup>:
10005300:	b5f8      	push	{r3, r4, r5, r6, r7, lr}
10005302:	4647      	mov	r7, r8
10005304:	46ce      	mov	lr, r9
10005306:	b580      	push	{r7, lr}
10005308:	1e0f      	subs	r7, r1, #0
1000530a:	d019      	beq.n	10005340 <rom_funcs_lookup+0x40>
1000530c:	2314      	movs	r3, #20
1000530e:	4699      	mov	r9, r3
10005310:	3304      	adds	r3, #4
10005312:	0004      	movs	r4, r0
10005314:	2500      	movs	r5, #0
10005316:	2601      	movs	r6, #1
10005318:	4698      	mov	r8, r3
1000531a:	464b      	mov	r3, r9
1000531c:	8818      	ldrh	r0, [r3, #0]
1000531e:	4643      	mov	r3, r8
10005320:	6821      	ldr	r1, [r4, #0]
10005322:	881b      	ldrh	r3, [r3, #0]
10005324:	4798      	blx	r3
10005326:	c401      	stmia	r4!, {r0}
10005328:	1e43      	subs	r3, r0, #1
1000532a:	4198      	sbcs	r0, r3
1000532c:	3501      	adds	r5, #1
1000532e:	4240      	negs	r0, r0
10005330:	4006      	ands	r6, r0
10005332:	42af      	cmp	r7, r5
10005334:	d1f1      	bne.n	1000531a <rom_funcs_lookup+0x1a>
10005336:	0030      	movs	r0, r6
10005338:	bcc0      	pop	{r6, r7}
1000533a:	46b9      	mov	r9, r7
1000533c:	46b0      	mov	r8, r6
1000533e:	bdf8      	pop	{r3, r4, r5, r6, r7, pc}
10005340:	2601      	movs	r6, #1
10005342:	e7f8      	b.n	10005336 <rom_funcs_lookup+0x36>

10005344 <__wrap___aeabi_idiv>:
10005344:	4a14      	ldr	r2, [pc, #80]	; (10005398 <divmod_s32s32_savestate+0x20>)
10005346:	6f93      	ldr	r3, [r2, #120]	; 0x78
10005348:	089b      	lsrs	r3, r3, #2
1000534a:	d215      	bcs.n	10005378 <divmod_s32s32_savestate>

1000534c <divmod_s32s32_unsafe>:
1000534c:	6690      	str	r0, [r2, #104]	; 0x68
1000534e:	66d1      	str	r1, [r2, #108]	; 0x6c
10005350:	2900      	cmp	r1, #0
10005352:	d005      	beq.n	10005360 <divmod_s32s32_unsafe+0x14>
10005354:	e7ff      	b.n	10005356 <divmod_s32s32_unsafe+0xa>
10005356:	e7ff      	b.n	10005358 <divmod_s32s32_unsafe+0xc>
10005358:	e7ff      	b.n	1000535a <divmod_s32s32_unsafe+0xe>
1000535a:	6f51      	ldr	r1, [r2, #116]	; 0x74
1000535c:	6f10      	ldr	r0, [r2, #112]	; 0x70
1000535e:	4770      	bx	lr
10005360:	b504      	push	{r2, lr}
10005362:	2180      	movs	r1, #128	; 0x80
10005364:	0609      	lsls	r1, r1, #24
10005366:	17c2      	asrs	r2, r0, #31
10005368:	4051      	eors	r1, r2
1000536a:	2800      	cmp	r0, #0
1000536c:	d000      	beq.n	10005370 <divmod_s32s32_unsafe+0x24>
1000536e:	43c8      	mvns	r0, r1
10005370:	f004 f906 	bl	10009580 <____aeabi_idiv0_veneer>
10005374:	2100      	movs	r1, #0
10005376:	bd04      	pop	{r2, pc}

10005378 <divmod_s32s32_savestate>:
10005378:	6f93      	ldr	r3, [r2, #120]	; 0x78
1000537a:	085b      	lsrs	r3, r3, #1
1000537c:	d3fd      	bcc.n	1000537a <divmod_s32s32_savestate+0x2>
1000537e:	b5f0      	push	{r4, r5, r6, r7, lr}
10005380:	6e94      	ldr	r4, [r2, #104]	; 0x68
10005382:	6ed5      	ldr	r5, [r2, #108]	; 0x6c
10005384:	6f57      	ldr	r7, [r2, #116]	; 0x74
10005386:	6f16      	ldr	r6, [r2, #112]	; 0x70
10005388:	f7ff ffe0 	bl	1000534c <divmod_s32s32_unsafe>
1000538c:	6694      	str	r4, [r2, #104]	; 0x68
1000538e:	66d5      	str	r5, [r2, #108]	; 0x6c
10005390:	6757      	str	r7, [r2, #116]	; 0x74
10005392:	6716      	str	r6, [r2, #112]	; 0x70
10005394:	bdf0      	pop	{r4, r5, r6, r7, pc}
10005396:	0000      	.short	0x0000
10005398:	d0000000 	.word	0xd0000000

1000539c <__wrap___aeabi_uidiv>:
1000539c:	4a13      	ldr	r2, [pc, #76]	; (100053ec <divmod_u32u32_savestate+0x20>)
1000539e:	6f93      	ldr	r3, [r2, #120]	; 0x78
100053a0:	089b      	lsrs	r3, r3, #2
100053a2:	d213      	bcs.n	100053cc <divmod_u32u32_savestate>

100053a4 <divmod_u32u32_unsafe>:
100053a4:	6610      	str	r0, [r2, #96]	; 0x60
100053a6:	6651      	str	r1, [r2, #100]	; 0x64
100053a8:	2900      	cmp	r1, #0
100053aa:	d005      	beq.n	100053b8 <divmod_u32u32_unsafe+0x14>
100053ac:	e7ff      	b.n	100053ae <divmod_u32u32_unsafe+0xa>
100053ae:	e7ff      	b.n	100053b0 <divmod_u32u32_unsafe+0xc>
100053b0:	e7ff      	b.n	100053b2 <divmod_u32u32_unsafe+0xe>
100053b2:	6f51      	ldr	r1, [r2, #116]	; 0x74
100053b4:	6f10      	ldr	r0, [r2, #112]	; 0x70
100053b6:	4770      	bx	lr
100053b8:	b504      	push	{r2, lr}
100053ba:	2800      	cmp	r0, #0
100053bc:	d001      	beq.n	100053c2 <divmod_u32u32_unsafe+0x1e>
100053be:	2000      	movs	r0, #0
100053c0:	43c0      	mvns	r0, r0
100053c2:	f004 f8dd 	bl	10009580 <____aeabi_idiv0_veneer>
100053c6:	2100      	movs	r1, #0
100053c8:	bd04      	pop	{r2, pc}
100053ca:	46c0      	nop			; (mov r8, r8)

100053cc <divmod_u32u32_savestate>:
100053cc:	6f93      	ldr	r3, [r2, #120]	; 0x78
100053ce:	085b      	lsrs	r3, r3, #1
100053d0:	d3fd      	bcc.n	100053ce <divmod_u32u32_savestate+0x2>
100053d2:	b5f0      	push	{r4, r5, r6, r7, lr}
100053d4:	6e94      	ldr	r4, [r2, #104]	; 0x68
100053d6:	6ed5      	ldr	r5, [r2, #108]	; 0x6c
100053d8:	6f57      	ldr	r7, [r2, #116]	; 0x74
100053da:	6f16      	ldr	r6, [r2, #112]	; 0x70
100053dc:	f7ff ffe2 	bl	100053a4 <divmod_u32u32_unsafe>
100053e0:	6694      	str	r4, [r2, #104]	; 0x68
100053e2:	66d5      	str	r5, [r2, #108]	; 0x6c
100053e4:	6757      	str	r7, [r2, #116]	; 0x74
100053e6:	6716      	str	r6, [r2, #112]	; 0x70
100053e8:	bdf0      	pop	{r4, r5, r6, r7, pc}
100053ea:	0000      	.short	0x0000
100053ec:	d0000000 	.word	0xd0000000

100053f0 <__wrap___aeabi_ldivmod>:
100053f0:	4694      	mov	ip, r2
100053f2:	4a4e      	ldr	r2, [pc, #312]	; (1000552c <udiv0+0x1a>)
100053f4:	6f92      	ldr	r2, [r2, #120]	; 0x78
100053f6:	0892      	lsrs	r2, r2, #2
100053f8:	4662      	mov	r2, ip
100053fa:	d201      	bcs.n	10005400 <divmod_s64s64_savestate>
100053fc:	e030      	b.n	10005460 <divmod_s64s64_unsafe>
100053fe:	46c0      	nop			; (mov r8, r8)

10005400 <divmod_s64s64_savestate>:
10005400:	b5f0      	push	{r4, r5, r6, r7, lr}
10005402:	4e4a      	ldr	r6, [pc, #296]	; (1000552c <udiv0+0x1a>)
10005404:	6fb5      	ldr	r5, [r6, #120]	; 0x78
10005406:	086d      	lsrs	r5, r5, #1
10005408:	d3fc      	bcc.n	10005404 <divmod_s64s64_savestate+0x4>
1000540a:	6e34      	ldr	r4, [r6, #96]	; 0x60
1000540c:	6e75      	ldr	r5, [r6, #100]	; 0x64
1000540e:	6f77      	ldr	r7, [r6, #116]	; 0x74
10005410:	6f36      	ldr	r6, [r6, #112]	; 0x70
10005412:	f000 f825 	bl	10005460 <divmod_s64s64_unsafe>
10005416:	4694      	mov	ip, r2
10005418:	4a44      	ldr	r2, [pc, #272]	; (1000552c <udiv0+0x1a>)
1000541a:	6614      	str	r4, [r2, #96]	; 0x60
1000541c:	6655      	str	r5, [r2, #100]	; 0x64
1000541e:	6757      	str	r7, [r2, #116]	; 0x74
10005420:	6716      	str	r6, [r2, #112]	; 0x70
10005422:	4662      	mov	r2, ip
10005424:	bdf0      	pop	{r4, r5, r6, r7, pc}
10005426:	46c0      	nop			; (mov r8, r8)

10005428 <__wrap___aeabi_uldivmod>:
10005428:	4694      	mov	ip, r2
1000542a:	4a40      	ldr	r2, [pc, #256]	; (1000552c <udiv0+0x1a>)
1000542c:	6f92      	ldr	r2, [r2, #120]	; 0x78
1000542e:	0892      	lsrs	r2, r2, #2
10005430:	4662      	mov	r2, ip
10005432:	d201      	bcs.n	10005438 <divmod_u64u64_savestate>
10005434:	e058      	b.n	100054e8 <divmod_u64u64_unsafe>
10005436:	46c0      	nop			; (mov r8, r8)

10005438 <divmod_u64u64_savestate>:
10005438:	b5f0      	push	{r4, r5, r6, r7, lr}
1000543a:	4e3c      	ldr	r6, [pc, #240]	; (1000552c <udiv0+0x1a>)
1000543c:	6fb5      	ldr	r5, [r6, #120]	; 0x78
1000543e:	086d      	lsrs	r5, r5, #1
10005440:	d3fc      	bcc.n	1000543c <divmod_u64u64_savestate+0x4>
10005442:	6e34      	ldr	r4, [r6, #96]	; 0x60
10005444:	6e75      	ldr	r5, [r6, #100]	; 0x64
10005446:	6f77      	ldr	r7, [r6, #116]	; 0x74
10005448:	6f36      	ldr	r6, [r6, #112]	; 0x70
1000544a:	f000 f84d 	bl	100054e8 <divmod_u64u64_unsafe>
1000544e:	4694      	mov	ip, r2
10005450:	4a36      	ldr	r2, [pc, #216]	; (1000552c <udiv0+0x1a>)
10005452:	6614      	str	r4, [r2, #96]	; 0x60
10005454:	6655      	str	r5, [r2, #100]	; 0x64
10005456:	6757      	str	r7, [r2, #116]	; 0x74
10005458:	6716      	str	r6, [r2, #112]	; 0x70
1000545a:	4662      	mov	r2, ip
1000545c:	bdf0      	pop	{r4, r5, r6, r7, pc}
1000545e:	46c0      	nop			; (mov r8, r8)

10005460 <divmod_s64s64_unsafe>:
10005460:	2b00      	cmp	r3, #0
10005462:	db24      	blt.n	100054ae <l41_1+0x26>
10005464:	d011      	beq.n	1000548a <l41_1+0x2>
10005466:	2900      	cmp	r1, #0
10005468:	da3e      	bge.n	100054e8 <divmod_u64u64_unsafe>
1000546a:	b500      	push	{lr}
1000546c:	43c9      	mvns	r1, r1
1000546e:	4240      	negs	r0, r0
10005470:	d100      	bne.n	10005474 <l39_1>
10005472:	3101      	adds	r1, #1

10005474 <l39_1>:
10005474:	f000 f838 	bl	100054e8 <divmod_u64u64_unsafe>
10005478:	43c9      	mvns	r1, r1
1000547a:	4240      	negs	r0, r0
1000547c:	d100      	bne.n	10005480 <l40_1>
1000547e:	3101      	adds	r1, #1

10005480 <l40_1>:
10005480:	43db      	mvns	r3, r3
10005482:	4252      	negs	r2, r2
10005484:	d100      	bne.n	10005488 <l41_1>
10005486:	3301      	adds	r3, #1

10005488 <l41_1>:
10005488:	bd00      	pop	{pc}
1000548a:	2a00      	cmp	r2, #0
1000548c:	d1eb      	bne.n	10005466 <divmod_s64s64_unsafe+0x6>
1000548e:	2800      	cmp	r0, #0
10005490:	d101      	bne.n	10005496 <l41_1+0xe>
10005492:	2900      	cmp	r1, #0
10005494:	d005      	beq.n	100054a2 <l41_1+0x1a>
10005496:	2000      	movs	r0, #0
10005498:	0fc9      	lsrs	r1, r1, #31
1000549a:	07c9      	lsls	r1, r1, #31
1000549c:	d101      	bne.n	100054a2 <l41_1+0x1a>
1000549e:	43c0      	mvns	r0, r0
100054a0:	0841      	lsrs	r1, r0, #1
100054a2:	b500      	push	{lr}
100054a4:	f004 f864 	bl	10009570 <____aeabi_ldiv0_veneer>
100054a8:	2200      	movs	r2, #0
100054aa:	2300      	movs	r3, #0
100054ac:	bd00      	pop	{pc}
100054ae:	b500      	push	{lr}
100054b0:	2900      	cmp	r1, #0
100054b2:	db0a      	blt.n	100054ca <l43_1+0x2>
100054b4:	43db      	mvns	r3, r3
100054b6:	4252      	negs	r2, r2
100054b8:	d100      	bne.n	100054bc <l42_1>
100054ba:	3301      	adds	r3, #1

100054bc <l42_1>:
100054bc:	f000 f814 	bl	100054e8 <divmod_u64u64_unsafe>
100054c0:	43c9      	mvns	r1, r1
100054c2:	4240      	negs	r0, r0
100054c4:	d100      	bne.n	100054c8 <l43_1>
100054c6:	3101      	adds	r1, #1

100054c8 <l43_1>:
100054c8:	bd00      	pop	{pc}
100054ca:	43c9      	mvns	r1, r1
100054cc:	4240      	negs	r0, r0
100054ce:	d100      	bne.n	100054d2 <l44_1>
100054d0:	3101      	adds	r1, #1

100054d2 <l44_1>:
100054d2:	43db      	mvns	r3, r3
100054d4:	4252      	negs	r2, r2
100054d6:	d100      	bne.n	100054da <l45_1>
100054d8:	3301      	adds	r3, #1

100054da <l45_1>:
100054da:	f000 f805 	bl	100054e8 <divmod_u64u64_unsafe>
100054de:	43db      	mvns	r3, r3
100054e0:	4252      	negs	r2, r2
100054e2:	d100      	bne.n	100054e6 <l46_1>
100054e4:	3301      	adds	r3, #1

100054e6 <l46_1>:
100054e6:	bd00      	pop	{pc}

100054e8 <divmod_u64u64_unsafe>:
100054e8:	2900      	cmp	r1, #0
100054ea:	d123      	bne.n	10005534 <y64>
100054ec:	2b00      	cmp	r3, #0
100054ee:	d118      	bne.n	10005522 <udiv0+0x10>
100054f0:	2a00      	cmp	r2, #0
100054f2:	d00c      	beq.n	1000550e <divmod_u64u64_unsafe+0x26>
100054f4:	46bc      	mov	ip, r7
100054f6:	4f0d      	ldr	r7, [pc, #52]	; (1000552c <udiv0+0x1a>)
100054f8:	6638      	str	r0, [r7, #96]	; 0x60
100054fa:	667a      	str	r2, [r7, #100]	; 0x64
100054fc:	2100      	movs	r1, #0
100054fe:	2300      	movs	r3, #0
10005500:	e7ff      	b.n	10005502 <divmod_u64u64_unsafe+0x1a>
10005502:	e7ff      	b.n	10005504 <divmod_u64u64_unsafe+0x1c>
10005504:	e7ff      	b.n	10005506 <divmod_u64u64_unsafe+0x1e>
10005506:	6f7a      	ldr	r2, [r7, #116]	; 0x74
10005508:	6f38      	ldr	r0, [r7, #112]	; 0x70
1000550a:	4667      	mov	r7, ip
1000550c:	4770      	bx	lr
1000550e:	2800      	cmp	r0, #0
10005510:	d001      	beq.n	10005516 <udiv0+0x4>

10005512 <udiv0>:
10005512:	4807      	ldr	r0, [pc, #28]	; (10005530 <udiv0+0x1e>)
10005514:	0001      	movs	r1, r0
10005516:	b500      	push	{lr}
10005518:	f004 f82a 	bl	10009570 <____aeabi_ldiv0_veneer>
1000551c:	2200      	movs	r2, #0
1000551e:	2300      	movs	r3, #0
10005520:	bd00      	pop	{pc}
10005522:	0002      	movs	r2, r0
10005524:	000b      	movs	r3, r1
10005526:	2000      	movs	r0, #0
10005528:	2100      	movs	r1, #0
1000552a:	4770      	bx	lr
1000552c:	d0000000 	.word	0xd0000000
10005530:	ffffffff 	.word	0xffffffff

10005534 <y64>:
10005534:	2b00      	cmp	r3, #0
10005536:	d000      	beq.n	1000553a <y64+0x6>
10005538:	e0bd      	b.n	100056b6 <y64_x48>
1000553a:	0c13      	lsrs	r3, r2, #16
1000553c:	d126      	bne.n	1000558c <y64_x32>
1000553e:	2a00      	cmp	r2, #0
10005540:	d0e7      	beq.n	10005512 <udiv0>
10005542:	b480      	push	{r7}
10005544:	4f10      	ldr	r7, [pc, #64]	; (10005588 <y64+0x54>)
10005546:	6639      	str	r1, [r7, #96]	; 0x60
10005548:	667a      	str	r2, [r7, #100]	; 0x64
1000554a:	e7ff      	b.n	1000554c <y64+0x18>
1000554c:	e7ff      	b.n	1000554e <y64+0x1a>
1000554e:	b430      	push	{r4, r5}
10005550:	0c04      	lsrs	r4, r0, #16
10005552:	6f7b      	ldr	r3, [r7, #116]	; 0x74
10005554:	6f39      	ldr	r1, [r7, #112]	; 0x70
10005556:	041b      	lsls	r3, r3, #16
10005558:	4323      	orrs	r3, r4
1000555a:	663b      	str	r3, [r7, #96]	; 0x60
1000555c:	e7ff      	b.n	1000555e <y64+0x2a>
1000555e:	e7ff      	b.n	10005560 <y64+0x2c>
10005560:	e7ff      	b.n	10005562 <y64+0x2e>
10005562:	46c0      	nop			; (mov r8, r8)
10005564:	b284      	uxth	r4, r0
10005566:	6f7b      	ldr	r3, [r7, #116]	; 0x74
10005568:	6f3d      	ldr	r5, [r7, #112]	; 0x70
1000556a:	041b      	lsls	r3, r3, #16
1000556c:	4323      	orrs	r3, r4
1000556e:	663b      	str	r3, [r7, #96]	; 0x60
10005570:	e7ff      	b.n	10005572 <y64+0x3e>
10005572:	e7ff      	b.n	10005574 <y64+0x40>
10005574:	46c0      	nop			; (mov r8, r8)
10005576:	2300      	movs	r3, #0
10005578:	042c      	lsls	r4, r5, #16
1000557a:	0c2d      	lsrs	r5, r5, #16
1000557c:	6f7a      	ldr	r2, [r7, #116]	; 0x74
1000557e:	6f38      	ldr	r0, [r7, #112]	; 0x70
10005580:	1900      	adds	r0, r0, r4
10005582:	4169      	adcs	r1, r5
10005584:	bcb0      	pop	{r4, r5, r7}
10005586:	4770      	bx	lr
10005588:	d0000000 	.word	0xd0000000

1000558c <y64_x32>:
1000558c:	b5f0      	push	{r4, r5, r6, r7, lr}
1000558e:	4694      	mov	ip, r2
10005590:	2500      	movs	r5, #0
10005592:	0e14      	lsrs	r4, r2, #24
10005594:	d101      	bne.n	1000559a <y64_x32+0xe>
10005596:	0212      	lsls	r2, r2, #8
10005598:	3508      	adds	r5, #8
1000559a:	0f14      	lsrs	r4, r2, #28
1000559c:	d101      	bne.n	100055a2 <y64_x32+0x16>
1000559e:	0112      	lsls	r2, r2, #4
100055a0:	3504      	adds	r5, #4
100055a2:	0f94      	lsrs	r4, r2, #30
100055a4:	d101      	bne.n	100055aa <y64_x32+0x1e>
100055a6:	0092      	lsls	r2, r2, #2
100055a8:	3502      	adds	r5, #2
100055aa:	0fd4      	lsrs	r4, r2, #31
100055ac:	d101      	bne.n	100055b2 <y64_x32+0x26>
100055ae:	0052      	lsls	r2, r2, #1
100055b0:	3501      	adds	r5, #1
100055b2:	0bd4      	lsrs	r4, r2, #15
100055b4:	3401      	adds	r4, #1
100055b6:	4f25      	ldr	r7, [pc, #148]	; (1000564c <y64_x32+0xc0>)
100055b8:	667c      	str	r4, [r7, #100]	; 0x64
100055ba:	4c25      	ldr	r4, [pc, #148]	; (10005650 <y64_x32+0xc4>)
100055bc:	663c      	str	r4, [r7, #96]	; 0x60
100055be:	0c0e      	lsrs	r6, r1, #16
100055c0:	b293      	uxth	r3, r2
100055c2:	e7ff      	b.n	100055c4 <y64_x32+0x38>
100055c4:	e7ff      	b.n	100055c6 <y64_x32+0x3a>
100055c6:	e7ff      	b.n	100055c8 <y64_x32+0x3c>
100055c8:	6f3c      	ldr	r4, [r7, #112]	; 0x70
100055ca:	4366      	muls	r6, r4
100055cc:	0c36      	lsrs	r6, r6, #16
100055ce:	0377      	lsls	r7, r6, #13
100055d0:	46be      	mov	lr, r7
100055d2:	4373      	muls	r3, r6
100055d4:	0bdf      	lsrs	r7, r3, #15
100055d6:	045b      	lsls	r3, r3, #17
100055d8:	1ac0      	subs	r0, r0, r3
100055da:	41b9      	sbcs	r1, r7
100055dc:	0c13      	lsrs	r3, r2, #16
100055de:	4373      	muls	r3, r6
100055e0:	18db      	adds	r3, r3, r3
100055e2:	1ac9      	subs	r1, r1, r3
100055e4:	08ce      	lsrs	r6, r1, #3
100055e6:	4366      	muls	r6, r4
100055e8:	0c36      	lsrs	r6, r6, #16
100055ea:	44b6      	add	lr, r6
100055ec:	b293      	uxth	r3, r2
100055ee:	4373      	muls	r3, r6
100055f0:	0f1f      	lsrs	r7, r3, #28
100055f2:	011b      	lsls	r3, r3, #4
100055f4:	1ac0      	subs	r0, r0, r3
100055f6:	41b9      	sbcs	r1, r7
100055f8:	0c13      	lsrs	r3, r2, #16
100055fa:	4373      	muls	r3, r6
100055fc:	0b1f      	lsrs	r7, r3, #12
100055fe:	051b      	lsls	r3, r3, #20
10005600:	1ac0      	subs	r0, r0, r3
10005602:	41b9      	sbcs	r1, r7
10005604:	0d86      	lsrs	r6, r0, #22
10005606:	028f      	lsls	r7, r1, #10
10005608:	433e      	orrs	r6, r7
1000560a:	4366      	muls	r6, r4
1000560c:	0c36      	lsrs	r6, r6, #16
1000560e:	2d09      	cmp	r5, #9
10005610:	db24      	blt.n	1000565c <last0>
10005612:	0a52      	lsrs	r2, r2, #9
10005614:	4372      	muls	r2, r6
10005616:	1a80      	subs	r0, r0, r2
10005618:	0377      	lsls	r7, r6, #13
1000561a:	0a46      	lsrs	r6, r0, #9
1000561c:	4366      	muls	r6, r4
1000561e:	0c36      	lsrs	r6, r6, #16
10005620:	2316      	movs	r3, #22
10005622:	1b5b      	subs	r3, r3, r5
10005624:	40de      	lsrs	r6, r3
10005626:	40df      	lsrs	r7, r3
10005628:	19bf      	adds	r7, r7, r6
1000562a:	4664      	mov	r4, ip
1000562c:	4366      	muls	r6, r4
1000562e:	1b82      	subs	r2, r0, r6
10005630:	4670      	mov	r0, lr
10005632:	3504      	adds	r5, #4
10005634:	3306      	adds	r3, #6
10005636:	0001      	movs	r1, r0
10005638:	40d9      	lsrs	r1, r3
1000563a:	40a8      	lsls	r0, r5
1000563c:	19c0      	adds	r0, r0, r7
1000563e:	d300      	bcc.n	10005642 <y64_x32+0xb6>
10005640:	3101      	adds	r1, #1
10005642:	42a2      	cmp	r2, r4
10005644:	d206      	bcs.n	10005654 <y64_x32+0xc8>
10005646:	2300      	movs	r3, #0
10005648:	bdf0      	pop	{r4, r5, r6, r7, pc}
1000564a:	0000      	.short	0x0000
1000564c:	d0000000 	.word	0xd0000000
10005650:	ffffffff 	.word	0xffffffff
10005654:	1b12      	subs	r2, r2, r4
10005656:	3001      	adds	r0, #1
10005658:	d3f3      	bcc.n	10005642 <y64_x32+0xb6>
1000565a:	e7f1      	b.n	10005640 <y64_x32+0xb4>

1000565c <last0>:
1000565c:	2709      	movs	r7, #9
1000565e:	1b7f      	subs	r7, r7, r5
10005660:	40fe      	lsrs	r6, r7
10005662:	4664      	mov	r4, ip
10005664:	b2a2      	uxth	r2, r4
10005666:	4372      	muls	r2, r6
10005668:	1a80      	subs	r0, r0, r2
1000566a:	d200      	bcs.n	1000566e <last0+0x12>
1000566c:	3901      	subs	r1, #1
1000566e:	0c22      	lsrs	r2, r4, #16
10005670:	4372      	muls	r2, r6
10005672:	0c13      	lsrs	r3, r2, #16
10005674:	0412      	lsls	r2, r2, #16
10005676:	1a82      	subs	r2, r0, r2
10005678:	4199      	sbcs	r1, r3
1000567a:	000b      	movs	r3, r1
1000567c:	4670      	mov	r0, lr
1000567e:	3504      	adds	r5, #4
10005680:	3713      	adds	r7, #19
10005682:	0001      	movs	r1, r0
10005684:	40f9      	lsrs	r1, r7
10005686:	40a8      	lsls	r0, r5
10005688:	1980      	adds	r0, r0, r6
1000568a:	d300      	bcc.n	1000568e <last0+0x32>
1000568c:	3101      	adds	r1, #1
1000568e:	2b00      	cmp	r3, #0
10005690:	d102      	bne.n	10005698 <last0+0x3c>
10005692:	42a2      	cmp	r2, r4
10005694:	d20a      	bcs.n	100056ac <last0+0x50>
10005696:	bdf0      	pop	{r4, r5, r6, r7, pc}
10005698:	3001      	adds	r0, #1
1000569a:	d300      	bcc.n	1000569e <last0+0x42>
1000569c:	3101      	adds	r1, #1
1000569e:	1b12      	subs	r2, r2, r4
100056a0:	d2fa      	bcs.n	10005698 <last0+0x3c>
100056a2:	3b01      	subs	r3, #1
100056a4:	d1f8      	bne.n	10005698 <last0+0x3c>
100056a6:	42a2      	cmp	r2, r4
100056a8:	d200      	bcs.n	100056ac <last0+0x50>
100056aa:	bdf0      	pop	{r4, r5, r6, r7, pc}
100056ac:	3001      	adds	r0, #1
100056ae:	d300      	bcc.n	100056b2 <last0+0x56>
100056b0:	3101      	adds	r1, #1
100056b2:	1b12      	subs	r2, r2, r4
100056b4:	e7f7      	b.n	100056a6 <last0+0x4a>

100056b6 <y64_x48>:
100056b6:	b5f0      	push	{r4, r5, r6, r7, lr}
100056b8:	0c1c      	lsrs	r4, r3, #16
100056ba:	d000      	beq.n	100056be <y64_x48+0x8>
100056bc:	e080      	b.n	100057c0 <y64_x64>
100056be:	b40c      	push	{r2, r3}
100056c0:	2500      	movs	r5, #0
100056c2:	0a1c      	lsrs	r4, r3, #8
100056c4:	d104      	bne.n	100056d0 <y64_x48+0x1a>
100056c6:	021b      	lsls	r3, r3, #8
100056c8:	0e16      	lsrs	r6, r2, #24
100056ca:	4333      	orrs	r3, r6
100056cc:	0212      	lsls	r2, r2, #8
100056ce:	3508      	adds	r5, #8
100056d0:	0b1c      	lsrs	r4, r3, #12
100056d2:	d104      	bne.n	100056de <y64_x48+0x28>
100056d4:	011b      	lsls	r3, r3, #4
100056d6:	0f16      	lsrs	r6, r2, #28
100056d8:	4333      	orrs	r3, r6
100056da:	0112      	lsls	r2, r2, #4
100056dc:	3504      	adds	r5, #4
100056de:	0b9c      	lsrs	r4, r3, #14
100056e0:	d104      	bne.n	100056ec <y64_x48+0x36>
100056e2:	009b      	lsls	r3, r3, #2
100056e4:	0f96      	lsrs	r6, r2, #30
100056e6:	4333      	orrs	r3, r6
100056e8:	0092      	lsls	r2, r2, #2
100056ea:	3502      	adds	r5, #2
100056ec:	0bdc      	lsrs	r4, r3, #15
100056ee:	d102      	bne.n	100056f6 <y64_x48+0x40>
100056f0:	1892      	adds	r2, r2, r2
100056f2:	415b      	adcs	r3, r3
100056f4:	3501      	adds	r5, #1
100056f6:	001c      	movs	r4, r3
100056f8:	1897      	adds	r7, r2, r2
100056fa:	4164      	adcs	r4, r4
100056fc:	3401      	adds	r4, #1
100056fe:	4f46      	ldr	r7, [pc, #280]	; (10005818 <y64_x64+0x58>)
10005700:	667c      	str	r4, [r7, #100]	; 0x64
10005702:	4c46      	ldr	r4, [pc, #280]	; (1000581c <y64_x64+0x5c>)
10005704:	663c      	str	r4, [r7, #96]	; 0x60
10005706:	0c0e      	lsrs	r6, r1, #16
10005708:	e7ff      	b.n	1000570a <y64_x48+0x54>
1000570a:	e7ff      	b.n	1000570c <y64_x48+0x56>
1000570c:	e7ff      	b.n	1000570e <y64_x48+0x58>
1000570e:	46c0      	nop			; (mov r8, r8)
10005710:	6f3c      	ldr	r4, [r7, #112]	; 0x70
10005712:	4366      	muls	r6, r4
10005714:	0c36      	lsrs	r6, r6, #16
10005716:	0377      	lsls	r7, r6, #13
10005718:	46be      	mov	lr, r7
1000571a:	b297      	uxth	r7, r2
1000571c:	4377      	muls	r7, r6
1000571e:	1bc0      	subs	r0, r0, r7
10005720:	d200      	bcs.n	10005724 <y64_x48+0x6e>
10005722:	3901      	subs	r1, #1
10005724:	1bc0      	subs	r0, r0, r7
10005726:	d200      	bcs.n	1000572a <y64_x48+0x74>
10005728:	3901      	subs	r1, #1
1000572a:	b29f      	uxth	r7, r3
1000572c:	4377      	muls	r7, r6
1000572e:	1bc9      	subs	r1, r1, r7
10005730:	1bc9      	subs	r1, r1, r7
10005732:	0c17      	lsrs	r7, r2, #16
10005734:	4377      	muls	r7, r6
10005736:	047e      	lsls	r6, r7, #17
10005738:	0bff      	lsrs	r7, r7, #15
1000573a:	1b80      	subs	r0, r0, r6
1000573c:	41b9      	sbcs	r1, r7
1000573e:	08ce      	lsrs	r6, r1, #3
10005740:	4366      	muls	r6, r4
10005742:	0c36      	lsrs	r6, r6, #16
10005744:	2d0c      	cmp	r5, #12
10005746:	db33      	blt.n	100057b0 <last1>
10005748:	44b6      	add	lr, r6
1000574a:	0b12      	lsrs	r2, r2, #12
1000574c:	051f      	lsls	r7, r3, #20
1000574e:	433a      	orrs	r2, r7
10005750:	0b1b      	lsrs	r3, r3, #12
10005752:	b297      	uxth	r7, r2
10005754:	4377      	muls	r7, r6
10005756:	1bc0      	subs	r0, r0, r7
10005758:	d200      	bcs.n	1000575c <y64_x48+0xa6>
1000575a:	3901      	subs	r1, #1
1000575c:	b29f      	uxth	r7, r3
1000575e:	4377      	muls	r7, r6
10005760:	1bc9      	subs	r1, r1, r7
10005762:	0c17      	lsrs	r7, r2, #16
10005764:	4377      	muls	r7, r6
10005766:	043e      	lsls	r6, r7, #16
10005768:	0c3f      	lsrs	r7, r7, #16
1000576a:	1b80      	subs	r0, r0, r6
1000576c:	41b9      	sbcs	r1, r7
1000576e:	0d86      	lsrs	r6, r0, #22
10005770:	028f      	lsls	r7, r1, #10
10005772:	433e      	orrs	r6, r7
10005774:	4366      	muls	r6, r4
10005776:	2729      	movs	r7, #41	; 0x29
10005778:	1b7f      	subs	r7, r7, r5
1000577a:	40fe      	lsrs	r6, r7
1000577c:	3d0c      	subs	r5, #12
1000577e:	4677      	mov	r7, lr
10005780:	40af      	lsls	r7, r5
10005782:	19bf      	adds	r7, r7, r6
10005784:	bc30      	pop	{r4, r5}
10005786:	b2a2      	uxth	r2, r4
10005788:	b2ab      	uxth	r3, r5
1000578a:	4372      	muls	r2, r6
1000578c:	4373      	muls	r3, r6
1000578e:	1a80      	subs	r0, r0, r2
10005790:	4199      	sbcs	r1, r3
10005792:	0c22      	lsrs	r2, r4, #16
10005794:	4372      	muls	r2, r6
10005796:	0c13      	lsrs	r3, r2, #16
10005798:	0412      	lsls	r2, r2, #16
1000579a:	1a80      	subs	r0, r0, r2
1000579c:	4199      	sbcs	r1, r3
1000579e:	0002      	movs	r2, r0
100057a0:	000b      	movs	r3, r1
100057a2:	3701      	adds	r7, #1
100057a4:	1b00      	subs	r0, r0, r4
100057a6:	41a9      	sbcs	r1, r5
100057a8:	d2f9      	bcs.n	1000579e <y64_x48+0xe8>
100057aa:	1e78      	subs	r0, r7, #1
100057ac:	2100      	movs	r1, #0
100057ae:	bdf0      	pop	{r4, r5, r6, r7, pc}

100057b0 <last1>:
100057b0:	270c      	movs	r7, #12
100057b2:	1b7f      	subs	r7, r7, r5
100057b4:	40fe      	lsrs	r6, r7
100057b6:	4677      	mov	r7, lr
100057b8:	0b7f      	lsrs	r7, r7, #13
100057ba:	40af      	lsls	r7, r5
100057bc:	19ff      	adds	r7, r7, r7
100057be:	e7e0      	b.n	10005782 <y64_x48+0xcc>

100057c0 <y64_x64>:
100057c0:	2400      	movs	r4, #0
100057c2:	1c5d      	adds	r5, r3, #1
100057c4:	d007      	beq.n	100057d6 <y64_x64+0x16>
100057c6:	4f14      	ldr	r7, [pc, #80]	; (10005818 <y64_x64+0x58>)
100057c8:	667d      	str	r5, [r7, #100]	; 0x64
100057ca:	6639      	str	r1, [r7, #96]	; 0x60
100057cc:	e7ff      	b.n	100057ce <y64_x64+0xe>
100057ce:	e7ff      	b.n	100057d0 <y64_x64+0x10>
100057d0:	e7ff      	b.n	100057d2 <y64_x64+0x12>
100057d2:	e7ff      	b.n	100057d4 <y64_x64+0x14>
100057d4:	6f3c      	ldr	r4, [r7, #112]	; 0x70
100057d6:	b295      	uxth	r5, r2
100057d8:	b29e      	uxth	r6, r3
100057da:	4365      	muls	r5, r4
100057dc:	4366      	muls	r6, r4
100057de:	1b40      	subs	r0, r0, r5
100057e0:	41b1      	sbcs	r1, r6
100057e2:	0c15      	lsrs	r5, r2, #16
100057e4:	0c1e      	lsrs	r6, r3, #16
100057e6:	4365      	muls	r5, r4
100057e8:	4366      	muls	r6, r4
100057ea:	0436      	lsls	r6, r6, #16
100057ec:	0c2f      	lsrs	r7, r5, #16
100057ee:	433e      	orrs	r6, r7
100057f0:	042d      	lsls	r5, r5, #16
100057f2:	1b40      	subs	r0, r0, r5
100057f4:	41b1      	sbcs	r1, r6
100057f6:	4299      	cmp	r1, r3
100057f8:	d204      	bcs.n	10005804 <y64_x64+0x44>
100057fa:	0002      	movs	r2, r0
100057fc:	000b      	movs	r3, r1
100057fe:	0020      	movs	r0, r4
10005800:	2100      	movs	r1, #0
10005802:	bdf0      	pop	{r4, r5, r6, r7, pc}
10005804:	d101      	bne.n	1000580a <y64_x64+0x4a>
10005806:	4290      	cmp	r0, r2
10005808:	d3f7      	bcc.n	100057fa <y64_x64+0x3a>
1000580a:	1a80      	subs	r0, r0, r2
1000580c:	4199      	sbcs	r1, r3
1000580e:	3401      	adds	r4, #1
10005810:	4299      	cmp	r1, r3
10005812:	d3f2      	bcc.n	100057fa <y64_x64+0x3a>
10005814:	e7f6      	b.n	10005804 <y64_x64+0x44>
10005816:	0000      	.short	0x0000
10005818:	d0000000 	.word	0xd0000000
1000581c:	ffffffff 	.word	0xffffffff

10005820 <__wrap___aeabi_drsub>:
10005820:	4048      	eors	r0, r1
10005822:	4041      	eors	r1, r0
10005824:	4048      	eors	r0, r1

10005826 <__wrap___aeabi_dsub>:
10005826:	b418      	push	{r3, r4}
10005828:	4b11      	ldr	r3, [pc, #68]	; (10005870 <__wrap___aeabi_dmul+0x14>)
1000582a:	685b      	ldr	r3, [r3, #4]
1000582c:	46fc      	mov	ip, pc
1000582e:	9301      	str	r3, [sp, #4]
10005830:	bd08      	pop	{r3, pc}
10005832:	df04      	.short	0xdf04
10005834:	10005a77 	.word	0x10005a77

10005838 <__wrap___aeabi_dadd>:
10005838:	b418      	push	{r3, r4}
1000583a:	4b0d      	ldr	r3, [pc, #52]	; (10005870 <__wrap___aeabi_dmul+0x14>)
1000583c:	681b      	ldr	r3, [r3, #0]
1000583e:	46fc      	mov	ip, pc
10005840:	9301      	str	r3, [sp, #4]
10005842:	bd08      	pop	{r3, pc}
10005844:	5a81df00 	.word	0x5a81df00
10005848:	1000      	.short	0x1000

1000584a <__wrap___aeabi_ddiv>:
1000584a:	b418      	push	{r3, r4}
1000584c:	4b08      	ldr	r3, [pc, #32]	; (10005870 <__wrap___aeabi_dmul+0x14>)
1000584e:	68db      	ldr	r3, [r3, #12]
10005850:	46fc      	mov	ip, pc
10005852:	9301      	str	r3, [sp, #4]
10005854:	bd08      	pop	{r3, pc}
10005856:	df0c      	.short	0xdf0c
10005858:	10005d39 	.word	0x10005d39

1000585c <__wrap___aeabi_dmul>:
1000585c:	b418      	push	{r3, r4}
1000585e:	4b04      	ldr	r3, [pc, #16]	; (10005870 <__wrap___aeabi_dmul+0x14>)
10005860:	689b      	ldr	r3, [r3, #8]
10005862:	46fc      	mov	ip, pc
10005864:	9301      	str	r3, [sp, #4]
10005866:	bd08      	pop	{r3, pc}
10005868:	5bdddf08 	.word	0x5bdddf08
1000586c:	00001000 	.word	0x00001000
10005870:	20000dc0 	.word	0x20000dc0

10005874 <__wrap___aeabi_cdrcmple>:
10005874:	b5ff      	push	{r0, r1, r2, r3, r4, r5, r6, r7, lr}
10005876:	4050      	eors	r0, r2
10005878:	4042      	eors	r2, r0
1000587a:	4050      	eors	r0, r2
1000587c:	4059      	eors	r1, r3
1000587e:	404b      	eors	r3, r1
10005880:	4059      	eors	r1, r3
10005882:	e000      	b.n	10005886 <__aeabi_dfcmple_guts>

10005884 <__wrap___aeabi_cdcmpeq>:
10005884:	b5ff      	push	{r0, r1, r2, r3, r4, r5, r6, r7, lr}

10005886 <__aeabi_dfcmple_guts>:
10005886:	4f15      	ldr	r7, [pc, #84]	; (100058dc <__aeabi_dfcmple_guts+0x56>)
10005888:	004c      	lsls	r4, r1, #1
1000588a:	0d64      	lsrs	r4, r4, #21
1000588c:	d003      	beq.n	10005896 <__aeabi_dfcmple_guts+0x10>
1000588e:	42bc      	cmp	r4, r7
10005890:	d104      	bne.n	1000589c <__aeabi_dfcmple_guts+0x16>
10005892:	030c      	lsls	r4, r1, #12
10005894:	d814      	bhi.n	100058c0 <__aeabi_dfcmple_guts+0x3a>
10005896:	2000      	movs	r0, #0
10005898:	0d09      	lsrs	r1, r1, #20
1000589a:	0509      	lsls	r1, r1, #20
1000589c:	005c      	lsls	r4, r3, #1
1000589e:	0d64      	lsrs	r4, r4, #21
100058a0:	d003      	beq.n	100058aa <__aeabi_dfcmple_guts+0x24>
100058a2:	42bc      	cmp	r4, r7
100058a4:	d104      	bne.n	100058b0 <__aeabi_dfcmple_guts+0x2a>
100058a6:	031c      	lsls	r4, r3, #12
100058a8:	d80a      	bhi.n	100058c0 <__aeabi_dfcmple_guts+0x3a>
100058aa:	2200      	movs	r2, #0
100058ac:	0d1b      	lsrs	r3, r3, #20
100058ae:	051b      	lsls	r3, r3, #20
100058b0:	2601      	movs	r6, #1
100058b2:	404b      	eors	r3, r1
100058b4:	d409      	bmi.n	100058ca <__aeabi_dfcmple_guts+0x44>
100058b6:	404b      	eors	r3, r1
100058b8:	d503      	bpl.n	100058c2 <__aeabi_dfcmple_guts+0x3c>
100058ba:	428b      	cmp	r3, r1
100058bc:	d100      	bne.n	100058c0 <__aeabi_dfcmple_guts+0x3a>
100058be:	4282      	cmp	r2, r0
100058c0:	bdff      	pop	{r0, r1, r2, r3, r4, r5, r6, r7, pc}
100058c2:	4299      	cmp	r1, r3
100058c4:	d1fc      	bne.n	100058c0 <__aeabi_dfcmple_guts+0x3a>
100058c6:	4290      	cmp	r0, r2
100058c8:	bdff      	pop	{r0, r1, r2, r3, r4, r5, r6, r7, pc}
100058ca:	430b      	orrs	r3, r1
100058cc:	18db      	adds	r3, r3, r3
100058ce:	4303      	orrs	r3, r0
100058d0:	4313      	orrs	r3, r2
100058d2:	d0f5      	beq.n	100058c0 <__aeabi_dfcmple_guts+0x3a>
100058d4:	43c9      	mvns	r1, r1
100058d6:	1849      	adds	r1, r1, r1
100058d8:	bdff      	pop	{r0, r1, r2, r3, r4, r5, r6, r7, pc}
100058da:	0000      	.short	0x0000
100058dc:	000007ff 	.word	0x000007ff

100058e0 <__wrap___aeabi_dcmplt>:
100058e0:	b500      	push	{lr}
100058e2:	f7ff ffcf 	bl	10005884 <__wrap___aeabi_cdcmpeq>
100058e6:	4180      	sbcs	r0, r0
100058e8:	bd00      	pop	{pc}
100058ea:	46c0      	nop			; (mov r8, r8)

100058ec <__wrap___aeabi_dcmpge>:
100058ec:	b500      	push	{lr}
100058ee:	f7ff ffc1 	bl	10005874 <__wrap___aeabi_cdrcmple>
100058f2:	d901      	bls.n	100058f8 <__wrap___aeabi_dcmpge+0xc>
100058f4:	2000      	movs	r0, #0
100058f6:	bd00      	pop	{pc}
100058f8:	2001      	movs	r0, #1
100058fa:	bd00      	pop	{pc}

100058fc <__wrap___aeabi_dcmpgt>:
100058fc:	b500      	push	{lr}
100058fe:	f7ff ffb9 	bl	10005874 <__wrap___aeabi_cdrcmple>
10005902:	4180      	sbcs	r0, r0
10005904:	bd00      	pop	{pc}

10005906 <__wrap___aeabi_dcmpun>:
10005906:	2001      	movs	r0, #1
10005908:	0540      	lsls	r0, r0, #21
1000590a:	004a      	lsls	r2, r1, #1
1000590c:	1812      	adds	r2, r2, r0
1000590e:	d804      	bhi.n	1000591a <__wrap___aeabi_dcmpun+0x14>
10005910:	005a      	lsls	r2, r3, #1
10005912:	1812      	adds	r2, r2, r0
10005914:	d801      	bhi.n	1000591a <__wrap___aeabi_dcmpun+0x14>
10005916:	2000      	movs	r0, #0
10005918:	4770      	bx	lr
1000591a:	2001      	movs	r0, #1
1000591c:	4770      	bx	lr
1000591e:	2000      	movs	r0, #0
10005920:	4770      	bx	lr
	...

10005924 <__wrap___aeabi_ui2d>:
10005924:	2100      	movs	r1, #0
10005926:	2800      	cmp	r0, #0
10005928:	d105      	bne.n	10005936 <__wrap___aeabi_i2d+0xa>
1000592a:	4770      	bx	lr

1000592c <__wrap___aeabi_i2d>:
1000592c:	17c1      	asrs	r1, r0, #31
1000592e:	4048      	eors	r0, r1
10005930:	1a40      	subs	r0, r0, r1
10005932:	d0fa      	beq.n	1000592a <__wrap___aeabi_ui2d+0x6>
10005934:	07c9      	lsls	r1, r1, #31
10005936:	b513      	push	{r0, r1, r4, lr}
10005938:	4b06      	ldr	r3, [pc, #24]	; (10005954 <__wrap___aeabi_i2d+0x28>)
1000593a:	681b      	ldr	r3, [r3, #0]
1000593c:	4798      	blx	r3
1000593e:	bc0c      	pop	{r2, r3}
10005940:	1c44      	adds	r4, r0, #1
10005942:	40a2      	lsls	r2, r4
10005944:	0510      	lsls	r0, r2, #20
10005946:	0b12      	lsrs	r2, r2, #12
10005948:	4903      	ldr	r1, [pc, #12]	; (10005958 <__wrap___aeabi_i2d+0x2c>)
1000594a:	1b09      	subs	r1, r1, r4
1000594c:	0509      	lsls	r1, r1, #20
1000594e:	4319      	orrs	r1, r3
10005950:	4311      	orrs	r1, r2
10005952:	bd10      	pop	{r4, pc}
10005954:	20001e70 	.word	0x20001e70
10005958:	0000041f 	.word	0x0000041f

1000595c <__wrap___aeabi_d2iz>:
1000595c:	b510      	push	{r4, lr}
1000595e:	004c      	lsls	r4, r1, #1
10005960:	0d62      	lsrs	r2, r4, #21
10005962:	2380      	movs	r3, #128	; 0x80
10005964:	18d2      	adds	r2, r2, r3
10005966:	00db      	lsls	r3, r3, #3
10005968:	1ad2      	subs	r2, r2, r3
1000596a:	055b      	lsls	r3, r3, #21
1000596c:	2a7e      	cmp	r2, #126	; 0x7e
1000596e:	dd10      	ble.n	10005992 <__wrap___aeabi_d2iz+0x36>
10005970:	3a9e      	subs	r2, #158	; 0x9e
10005972:	da13      	bge.n	1000599c <__wrap___aeabi_d2iz+0x40>
10005974:	17cc      	asrs	r4, r1, #31
10005976:	0309      	lsls	r1, r1, #12
10005978:	0849      	lsrs	r1, r1, #1
1000597a:	4319      	orrs	r1, r3
1000597c:	4252      	negs	r2, r2
1000597e:	40d1      	lsrs	r1, r2
10005980:	0064      	lsls	r4, r4, #1
10005982:	3401      	adds	r4, #1
10005984:	3215      	adds	r2, #21
10005986:	2a20      	cmp	r2, #32
10005988:	da05      	bge.n	10005996 <__wrap___aeabi_d2iz+0x3a>
1000598a:	40d0      	lsrs	r0, r2
1000598c:	4308      	orrs	r0, r1
1000598e:	4360      	muls	r0, r4
10005990:	bd10      	pop	{r4, pc}
10005992:	2000      	movs	r0, #0
10005994:	bd10      	pop	{r4, pc}
10005996:	4608      	mov	r0, r1
10005998:	4360      	muls	r0, r4
1000599a:	bd10      	pop	{r4, pc}
1000599c:	0fc8      	lsrs	r0, r1, #31
1000599e:	18c0      	adds	r0, r0, r3
100059a0:	3801      	subs	r0, #1
100059a2:	bd10      	pop	{r4, pc}

100059a4 <__wrap___aeabi_d2uiz>:
100059a4:	b418      	push	{r3, r4}
100059a6:	4b04      	ldr	r3, [pc, #16]	; (100059b8 <__wrap___aeabi_d2uiz+0x14>)
100059a8:	6a5b      	ldr	r3, [r3, #36]	; 0x24
100059aa:	46fc      	mov	ip, pc
100059ac:	9301      	str	r3, [sp, #4]
100059ae:	bd08      	pop	{r3, pc}
100059b0:	5f65df24 	.word	0x5f65df24
100059b4:	00001000 	.word	0x00001000
100059b8:	20000dc0 	.word	0x20000dc0

100059bc <__aeabi_double_init>:
100059bc:	2313      	movs	r3, #19
100059be:	b570      	push	{r4, r5, r6, lr}
100059c0:	781d      	ldrb	r5, [r3, #0]
100059c2:	2d01      	cmp	r5, #1
100059c4:	d010      	beq.n	100059e8 <__aeabi_double_init+0x2c>
100059c6:	dd0b      	ble.n	100059e0 <__aeabi_double_init+0x24>
100059c8:	481b      	ldr	r0, [pc, #108]	; (10005a38 <__aeabi_double_init+0x7c>)
100059ca:	f7ff fc91 	bl	100052f0 <rom_data_lookup>
100059ce:	4c1b      	ldr	r4, [pc, #108]	; (10005a3c <__aeabi_double_init+0x80>)
100059d0:	0001      	movs	r1, r0
100059d2:	2280      	movs	r2, #128	; 0x80
100059d4:	0020      	movs	r0, r4
100059d6:	f000 fc07 	bl	100061e8 <__wrap___aeabi_memcpy>
100059da:	2d02      	cmp	r5, #2
100059dc:	d028      	beq.n	10005a30 <__aeabi_double_init+0x74>
100059de:	bd70      	pop	{r4, r5, r6, pc}
100059e0:	4b17      	ldr	r3, [pc, #92]	; (10005a40 <__aeabi_double_init+0x84>)
100059e2:	4c16      	ldr	r4, [pc, #88]	; (10005a3c <__aeabi_double_init+0x80>)
100059e4:	64a3      	str	r3, [r4, #72]	; 0x48
100059e6:	e7fa      	b.n	100059de <__aeabi_double_init+0x22>
100059e8:	4b15      	ldr	r3, [pc, #84]	; (10005a40 <__aeabi_double_init+0x84>)
100059ea:	4c14      	ldr	r4, [pc, #80]	; (10005a3c <__aeabi_double_init+0x80>)
100059ec:	6023      	str	r3, [r4, #0]
100059ee:	6063      	str	r3, [r4, #4]
100059f0:	60a3      	str	r3, [r4, #8]
100059f2:	60e3      	str	r3, [r4, #12]
100059f4:	6123      	str	r3, [r4, #16]
100059f6:	6163      	str	r3, [r4, #20]
100059f8:	61a3      	str	r3, [r4, #24]
100059fa:	61e3      	str	r3, [r4, #28]
100059fc:	6223      	str	r3, [r4, #32]
100059fe:	6263      	str	r3, [r4, #36]	; 0x24
10005a00:	62a3      	str	r3, [r4, #40]	; 0x28
10005a02:	62e3      	str	r3, [r4, #44]	; 0x2c
10005a04:	6323      	str	r3, [r4, #48]	; 0x30
10005a06:	6363      	str	r3, [r4, #52]	; 0x34
10005a08:	63a3      	str	r3, [r4, #56]	; 0x38
10005a0a:	63e3      	str	r3, [r4, #60]	; 0x3c
10005a0c:	6423      	str	r3, [r4, #64]	; 0x40
10005a0e:	6463      	str	r3, [r4, #68]	; 0x44
10005a10:	64a3      	str	r3, [r4, #72]	; 0x48
10005a12:	64e3      	str	r3, [r4, #76]	; 0x4c
10005a14:	6523      	str	r3, [r4, #80]	; 0x50
10005a16:	6563      	str	r3, [r4, #84]	; 0x54
10005a18:	65a3      	str	r3, [r4, #88]	; 0x58
10005a1a:	65e3      	str	r3, [r4, #92]	; 0x5c
10005a1c:	6623      	str	r3, [r4, #96]	; 0x60
10005a1e:	6663      	str	r3, [r4, #100]	; 0x64
10005a20:	66a3      	str	r3, [r4, #104]	; 0x68
10005a22:	66e3      	str	r3, [r4, #108]	; 0x6c
10005a24:	6723      	str	r3, [r4, #112]	; 0x70
10005a26:	6763      	str	r3, [r4, #116]	; 0x74
10005a28:	67a3      	str	r3, [r4, #120]	; 0x78
10005a2a:	67e3      	str	r3, [r4, #124]	; 0x7c
10005a2c:	64a3      	str	r3, [r4, #72]	; 0x48
10005a2e:	e7d6      	b.n	100059de <__aeabi_double_init+0x22>
10005a30:	4b03      	ldr	r3, [pc, #12]	; (10005a40 <__aeabi_double_init+0x84>)
10005a32:	64a3      	str	r3, [r4, #72]	; 0x48
10005a34:	e7d3      	b.n	100059de <__aeabi_double_init+0x22>
10005a36:	46c0      	nop			; (mov r8, r8)
10005a38:	00004453 	.word	0x00004453
10005a3c:	20000dc0 	.word	0x20000dc0
10005a40:	10005a45 	.word	0x10005a45

10005a44 <double_table_shim_on_use_helper>:
10005a44:	b507      	push	{r0, r1, r2, lr}
10005a46:	4660      	mov	r0, ip
10005a48:	8801      	ldrh	r1, [r0, #0]
10005a4a:	0a0a      	lsrs	r2, r1, #8
10005a4c:	3002      	adds	r0, #2
10005a4e:	2adf      	cmp	r2, #223	; 0xdf
10005a50:	d1fa      	bne.n	10005a48 <double_table_shim_on_use_helper+0x4>
10005a52:	b2c9      	uxtb	r1, r1
10005a54:	0882      	lsrs	r2, r0, #2
10005a56:	d304      	bcc.n	10005a62 <double_table_shim_on_use_helper+0x1e>
10005a58:	8802      	ldrh	r2, [r0, #0]
10005a5a:	8840      	ldrh	r0, [r0, #2]
10005a5c:	0400      	lsls	r0, r0, #16
10005a5e:	4310      	orrs	r0, r2
10005a60:	e000      	b.n	10005a64 <double_table_shim_on_use_helper+0x20>
10005a62:	6800      	ldr	r0, [r0, #0]
10005a64:	4a01      	ldr	r2, [pc, #4]	; (10005a6c <double_table_shim_on_use_helper+0x28>)
10005a66:	5050      	str	r0, [r2, r1]
10005a68:	9003      	str	r0, [sp, #12]
10005a6a:	bd07      	pop	{r0, r1, r2, pc}
10005a6c:	20000dc0 	.word	0x20000dc0

10005a70 <drsub_shim>:
10005a70:	b40f      	push	{r0, r1, r2, r3}
10005a72:	bc03      	pop	{r0, r1}
10005a74:	bc0c      	pop	{r2, r3}

10005a76 <dsub_shim>:
10005a76:	b5f0      	push	{r4, r5, r6, r7, lr}
10005a78:	2401      	movs	r4, #1
10005a7a:	07e4      	lsls	r4, r4, #31
10005a7c:	4063      	eors	r3, r4
10005a7e:	e000      	b.n	10005a82 <da_entry>

10005a80 <dadd_shim>:
10005a80:	b5f0      	push	{r4, r5, r6, r7, lr}

10005a82 <da_entry>:
10005a82:	0d0c      	lsrs	r4, r1, #20
10005a84:	0fcf      	lsrs	r7, r1, #31
10005a86:	1e66      	subs	r6, r4, #1
10005a88:	0536      	lsls	r6, r6, #20
10005a8a:	1b89      	subs	r1, r1, r6
10005a8c:	0564      	lsls	r4, r4, #21
10005a8e:	d303      	bcc.n	10005a98 <l7_1>
10005a90:	43c9      	mvns	r1, r1
10005a92:	4240      	negs	r0, r0
10005a94:	d300      	bcc.n	10005a98 <l7_1>
10005a96:	3101      	adds	r1, #1

10005a98 <l7_1>:
10005a98:	0d64      	lsrs	r4, r4, #21
10005a9a:	d003      	beq.n	10005aa4 <l7_2>
10005a9c:	1c66      	adds	r6, r4, #1
10005a9e:	0af6      	lsrs	r6, r6, #11
10005aa0:	d007      	beq.n	10005ab2 <l7_3>
10005aa2:	1be4      	subs	r4, r4, r7

10005aa4 <l7_2>:
10005aa4:	2000      	movs	r0, #0
10005aa6:	007f      	lsls	r7, r7, #1
10005aa8:	1c79      	adds	r1, r7, #1
10005aaa:	0789      	lsls	r1, r1, #30
10005aac:	1289      	asrs	r1, r1, #10
10005aae:	3c80      	subs	r4, #128	; 0x80
10005ab0:	0324      	lsls	r4, r4, #12

10005ab2 <l7_3>:
10005ab2:	0d1d      	lsrs	r5, r3, #20
10005ab4:	0fdf      	lsrs	r7, r3, #31
10005ab6:	1e6e      	subs	r6, r5, #1
10005ab8:	0536      	lsls	r6, r6, #20
10005aba:	1b9b      	subs	r3, r3, r6
10005abc:	056d      	lsls	r5, r5, #21
10005abe:	d303      	bcc.n	10005ac8 <l8_1>
10005ac0:	43db      	mvns	r3, r3
10005ac2:	4252      	negs	r2, r2
10005ac4:	d300      	bcc.n	10005ac8 <l8_1>
10005ac6:	3301      	adds	r3, #1

10005ac8 <l8_1>:
10005ac8:	0d6d      	lsrs	r5, r5, #21
10005aca:	d003      	beq.n	10005ad4 <l8_2>
10005acc:	1c6e      	adds	r6, r5, #1
10005ace:	0af6      	lsrs	r6, r6, #11
10005ad0:	d007      	beq.n	10005ae2 <l8_3>
10005ad2:	1bed      	subs	r5, r5, r7

10005ad4 <l8_2>:
10005ad4:	2200      	movs	r2, #0
10005ad6:	007f      	lsls	r7, r7, #1
10005ad8:	1c7b      	adds	r3, r7, #1
10005ada:	079b      	lsls	r3, r3, #30
10005adc:	129b      	asrs	r3, r3, #10
10005ade:	3d80      	subs	r5, #128	; 0x80
10005ae0:	032d      	lsls	r5, r5, #12

10005ae2 <l8_3>:
10005ae2:	1b2f      	subs	r7, r5, r4
10005ae4:	1b66      	subs	r6, r4, r5
10005ae6:	d458      	bmi.n	10005b9a <da_ygtx>
10005ae8:	46a4      	mov	ip, r4
10005aea:	2e20      	cmp	r6, #32
10005aec:	da46      	bge.n	10005b7c <da_xrgty>
10005aee:	3720      	adds	r7, #32
10005af0:	0014      	movs	r4, r2
10005af2:	40bc      	lsls	r4, r7

10005af4 <da_xgty0>:
10005af4:	001d      	movs	r5, r3
10005af6:	40bd      	lsls	r5, r7
10005af8:	40f2      	lsrs	r2, r6
10005afa:	4133      	asrs	r3, r6
10005afc:	432a      	orrs	r2, r5

10005afe <da_add>:
10005afe:	1880      	adds	r0, r0, r2
10005b00:	4159      	adcs	r1, r3

10005b02 <da_pack>:
10005b02:	0fcb      	lsrs	r3, r1, #31
10005b04:	d005      	beq.n	10005b12 <da_pack+0x10>
10005b06:	43c9      	mvns	r1, r1
10005b08:	43c0      	mvns	r0, r0
10005b0a:	2200      	movs	r2, #0
10005b0c:	4264      	negs	r4, r4
10005b0e:	4150      	adcs	r0, r2
10005b10:	4151      	adcs	r1, r2
10005b12:	4662      	mov	r2, ip
10005b14:	0d4d      	lsrs	r5, r1, #21
10005b16:	d128      	bne.n	10005b6a <da_0>
10005b18:	0d0d      	lsrs	r5, r1, #20
10005b1a:	d107      	bne.n	10005b2c <da_1>
10005b1c:	2800      	cmp	r0, #0
10005b1e:	d01f      	beq.n	10005b60 <da_5>

10005b20 <da_2>:
10005b20:	1924      	adds	r4, r4, r4
10005b22:	4140      	adcs	r0, r0
10005b24:	4149      	adcs	r1, r1
10005b26:	3a01      	subs	r2, #1
10005b28:	0d0d      	lsrs	r5, r1, #20
10005b2a:	d0f9      	beq.n	10005b20 <da_2>

10005b2c <da_1>:
10005b2c:	0064      	lsls	r4, r4, #1
10005b2e:	d306      	bcc.n	10005b3e <da_3>

10005b30 <da_4>:
10005b30:	3001      	adds	r0, #1
10005b32:	d300      	bcc.n	10005b36 <da_4+0x6>
10005b34:	3101      	adds	r1, #1
10005b36:	2c00      	cmp	r4, #0
10005b38:	d101      	bne.n	10005b3e <da_3>
10005b3a:	0840      	lsrs	r0, r0, #1
10005b3c:	0040      	lsls	r0, r0, #1

10005b3e <da_3>:
10005b3e:	3a01      	subs	r2, #1
10005b40:	d40b      	bmi.n	10005b5a <da_6>
10005b42:	1c94      	adds	r4, r2, #2
10005b44:	0ae4      	lsrs	r4, r4, #11
10005b46:	d104      	bne.n	10005b52 <da_7>
10005b48:	0512      	lsls	r2, r2, #20
10005b4a:	4411      	add	r1, r2
10005b4c:	07db      	lsls	r3, r3, #31
10005b4e:	4419      	add	r1, r3
10005b50:	bdf0      	pop	{r4, r5, r6, r7, pc}

10005b52 <da_7>:
10005b52:	07d9      	lsls	r1, r3, #31
10005b54:	4b20      	ldr	r3, [pc, #128]	; (10005bd8 <da_xmgty+0x4>)
10005b56:	4319      	orrs	r1, r3
10005b58:	e000      	b.n	10005b5c <da_6+0x2>

10005b5a <da_6>:
10005b5a:	07d9      	lsls	r1, r3, #31
10005b5c:	2000      	movs	r0, #0
10005b5e:	bdf0      	pop	{r4, r5, r6, r7, pc}

10005b60 <da_5>:
10005b60:	2900      	cmp	r1, #0
10005b62:	d1dd      	bne.n	10005b20 <da_2>
10005b64:	2c00      	cmp	r4, #0
10005b66:	d1db      	bne.n	10005b20 <da_2>
10005b68:	bdf0      	pop	{r4, r5, r6, r7, pc}

10005b6a <da_0>:
10005b6a:	3201      	adds	r2, #1
10005b6c:	07c6      	lsls	r6, r0, #31
10005b6e:	0840      	lsrs	r0, r0, #1
10005b70:	07cd      	lsls	r5, r1, #31
10005b72:	4328      	orrs	r0, r5
10005b74:	0849      	lsrs	r1, r1, #1
10005b76:	2e00      	cmp	r6, #0
10005b78:	d0e1      	beq.n	10005b3e <da_3>
10005b7a:	e7d9      	b.n	10005b30 <da_4>

10005b7c <da_xrgty>:
10005b7c:	2e3c      	cmp	r6, #60	; 0x3c
10005b7e:	da29      	bge.n	10005bd4 <da_xmgty>
10005b80:	3e20      	subs	r6, #32
10005b82:	3740      	adds	r7, #64	; 0x40
10005b84:	0014      	movs	r4, r2
10005b86:	40bc      	lsls	r4, r7
10005b88:	d000      	beq.n	10005b8c <da_xrgty+0x10>
10005b8a:	2401      	movs	r4, #1
10005b8c:	40f2      	lsrs	r2, r6
10005b8e:	4314      	orrs	r4, r2
10005b90:	001a      	movs	r2, r3
10005b92:	40bb      	lsls	r3, r7
10005b94:	431c      	orrs	r4, r3
10005b96:	17d3      	asrs	r3, r2, #31
10005b98:	e7ac      	b.n	10005af4 <da_xgty0>

10005b9a <da_ygtx>:
10005b9a:	46ac      	mov	ip, r5
10005b9c:	2f20      	cmp	r7, #32
10005b9e:	da08      	bge.n	10005bb2 <da_yrgtx>
10005ba0:	3620      	adds	r6, #32
10005ba2:	0004      	movs	r4, r0
10005ba4:	40b4      	lsls	r4, r6

10005ba6 <da_ygtx0>:
10005ba6:	000d      	movs	r5, r1
10005ba8:	40b5      	lsls	r5, r6
10005baa:	40f8      	lsrs	r0, r7
10005bac:	4139      	asrs	r1, r7
10005bae:	4328      	orrs	r0, r5
10005bb0:	e7a5      	b.n	10005afe <da_add>

10005bb2 <da_yrgtx>:
10005bb2:	2f3c      	cmp	r7, #60	; 0x3c
10005bb4:	da0c      	bge.n	10005bd0 <da_ymgtx>
10005bb6:	3f20      	subs	r7, #32
10005bb8:	3640      	adds	r6, #64	; 0x40
10005bba:	0004      	movs	r4, r0
10005bbc:	40b4      	lsls	r4, r6
10005bbe:	d000      	beq.n	10005bc2 <da_yrgtx+0x10>
10005bc0:	2401      	movs	r4, #1
10005bc2:	40f8      	lsrs	r0, r7
10005bc4:	4304      	orrs	r4, r0
10005bc6:	0008      	movs	r0, r1
10005bc8:	40b1      	lsls	r1, r6
10005bca:	430c      	orrs	r4, r1
10005bcc:	17c1      	asrs	r1, r0, #31
10005bce:	e7ea      	b.n	10005ba6 <da_ygtx0>

10005bd0 <da_ymgtx>:
10005bd0:	0010      	movs	r0, r2
10005bd2:	0019      	movs	r1, r3

10005bd4 <da_xmgty>:
10005bd4:	2400      	movs	r4, #0
10005bd6:	e794      	b.n	10005b02 <da_pack>
10005bd8:	7ff00000 	.word	0x7ff00000

10005bdc <dmul_shim>:
10005bdc:	b5f0      	push	{r4, r5, r6, r7, lr}
10005bde:	0d0c      	lsrs	r4, r1, #20
10005be0:	1e66      	subs	r6, r4, #1
10005be2:	0536      	lsls	r6, r6, #20
10005be4:	1b89      	subs	r1, r1, r6
10005be6:	0ae6      	lsrs	r6, r4, #11
10005be8:	0564      	lsls	r4, r4, #21
10005bea:	0d64      	lsrs	r4, r4, #21
10005bec:	d002      	beq.n	10005bf4 <l11_1>
10005bee:	1c65      	adds	r5, r4, #1
10005bf0:	0aed      	lsrs	r5, r5, #11
10005bf2:	d004      	beq.n	10005bfe <l11_2>

10005bf4 <l11_1>:
10005bf4:	2000      	movs	r0, #0
10005bf6:	2101      	movs	r1, #1
10005bf8:	0509      	lsls	r1, r1, #20
10005bfa:	3c80      	subs	r4, #128	; 0x80
10005bfc:	0324      	lsls	r4, r4, #12

10005bfe <l11_2>:
10005bfe:	46a4      	mov	ip, r4
10005c00:	0d1c      	lsrs	r4, r3, #20
10005c02:	1e67      	subs	r7, r4, #1
10005c04:	053f      	lsls	r7, r7, #20
10005c06:	1bdb      	subs	r3, r3, r7
10005c08:	0ae7      	lsrs	r7, r4, #11
10005c0a:	0564      	lsls	r4, r4, #21
10005c0c:	0d64      	lsrs	r4, r4, #21
10005c0e:	d002      	beq.n	10005c16 <l12_1>
10005c10:	1c65      	adds	r5, r4, #1
10005c12:	0aed      	lsrs	r5, r5, #11
10005c14:	d004      	beq.n	10005c20 <l12_2>

10005c16 <l12_1>:
10005c16:	2200      	movs	r2, #0
10005c18:	2301      	movs	r3, #1
10005c1a:	051b      	lsls	r3, r3, #20
10005c1c:	3c80      	subs	r4, #128	; 0x80
10005c1e:	0324      	lsls	r4, r4, #12

10005c20 <l12_2>:
10005c20:	4077      	eors	r7, r6
10005c22:	4464      	add	r4, ip
10005c24:	b497      	push	{r0, r1, r2, r4, r7}
10005c26:	b284      	uxth	r4, r0
10005c28:	b296      	uxth	r6, r2
10005c2a:	4374      	muls	r4, r6
10005c2c:	0c07      	lsrs	r7, r0, #16
10005c2e:	437e      	muls	r6, r7
10005c30:	0c15      	lsrs	r5, r2, #16
10005c32:	436f      	muls	r7, r5
10005c34:	b280      	uxth	r0, r0
10005c36:	4368      	muls	r0, r5
10005c38:	1836      	adds	r6, r6, r0
10005c3a:	d302      	bcc.n	10005c42 <l13_1>
10005c3c:	2001      	movs	r0, #1
10005c3e:	0400      	lsls	r0, r0, #16
10005c40:	183f      	adds	r7, r7, r0

10005c42 <l13_1>:
10005c42:	0430      	lsls	r0, r6, #16
10005c44:	0c35      	lsrs	r5, r6, #16
10005c46:	1900      	adds	r0, r0, r4
10005c48:	417d      	adcs	r5, r7
10005c4a:	4684      	mov	ip, r0
10005c4c:	b288      	uxth	r0, r1
10005c4e:	b29a      	uxth	r2, r3
10005c50:	4350      	muls	r0, r2
10005c52:	0c0c      	lsrs	r4, r1, #16
10005c54:	4362      	muls	r2, r4
10005c56:	0c1f      	lsrs	r7, r3, #16
10005c58:	437c      	muls	r4, r7
10005c5a:	b28e      	uxth	r6, r1
10005c5c:	437e      	muls	r6, r7
10005c5e:	1992      	adds	r2, r2, r6
10005c60:	d302      	bcc.n	10005c68 <l14_1>
10005c62:	2601      	movs	r6, #1
10005c64:	0436      	lsls	r6, r6, #16
10005c66:	19a4      	adds	r4, r4, r6

10005c68 <l14_1>:
10005c68:	0416      	lsls	r6, r2, #16
10005c6a:	0c17      	lsrs	r7, r2, #16
10005c6c:	1836      	adds	r6, r6, r0
10005c6e:	4167      	adcs	r7, r4
10005c70:	bc01      	pop	{r0}
10005c72:	b281      	uxth	r1, r0
10005c74:	b29a      	uxth	r2, r3
10005c76:	4351      	muls	r1, r2
10005c78:	0c04      	lsrs	r4, r0, #16
10005c7a:	4362      	muls	r2, r4
10005c7c:	0c1b      	lsrs	r3, r3, #16
10005c7e:	435c      	muls	r4, r3
10005c80:	b280      	uxth	r0, r0
10005c82:	4358      	muls	r0, r3
10005c84:	1812      	adds	r2, r2, r0
10005c86:	d302      	bcc.n	10005c8e <l15_1>
10005c88:	2001      	movs	r0, #1
10005c8a:	0400      	lsls	r0, r0, #16
10005c8c:	1824      	adds	r4, r4, r0

10005c8e <l15_1>:
10005c8e:	0410      	lsls	r0, r2, #16
10005c90:	0c13      	lsrs	r3, r2, #16
10005c92:	1840      	adds	r0, r0, r1
10005c94:	4163      	adcs	r3, r4
10005c96:	182d      	adds	r5, r5, r0
10005c98:	415e      	adcs	r6, r3
10005c9a:	2000      	movs	r0, #0
10005c9c:	4147      	adcs	r7, r0
10005c9e:	bc06      	pop	{r1, r2}
10005ca0:	b288      	uxth	r0, r1
10005ca2:	b293      	uxth	r3, r2
10005ca4:	4358      	muls	r0, r3
10005ca6:	0c0c      	lsrs	r4, r1, #16
10005ca8:	4363      	muls	r3, r4
10005caa:	0c12      	lsrs	r2, r2, #16
10005cac:	4354      	muls	r4, r2
10005cae:	b289      	uxth	r1, r1
10005cb0:	4351      	muls	r1, r2
10005cb2:	185b      	adds	r3, r3, r1
10005cb4:	d302      	bcc.n	10005cbc <l16_1>
10005cb6:	2101      	movs	r1, #1
10005cb8:	0409      	lsls	r1, r1, #16
10005cba:	1864      	adds	r4, r4, r1

10005cbc <l16_1>:
10005cbc:	0419      	lsls	r1, r3, #16
10005cbe:	0c1a      	lsrs	r2, r3, #16
10005cc0:	1809      	adds	r1, r1, r0
10005cc2:	4162      	adcs	r2, r4
10005cc4:	186d      	adds	r5, r5, r1
10005cc6:	4156      	adcs	r6, r2
10005cc8:	2000      	movs	r0, #0
10005cca:	4147      	adcs	r7, r0
10005ccc:	bc18      	pop	{r3, r4}
10005cce:	02f9      	lsls	r1, r7, #11
10005cd0:	0d72      	lsrs	r2, r6, #21
10005cd2:	4311      	orrs	r1, r2
10005cd4:	02f0      	lsls	r0, r6, #11
10005cd6:	0d6a      	lsrs	r2, r5, #21
10005cd8:	4310      	orrs	r0, r2
10005cda:	02ed      	lsls	r5, r5, #11
10005cdc:	0d0a      	lsrs	r2, r1, #20
10005cde:	d103      	bne.n	10005ce8 <l16_1+0x2c>
10005ce0:	196d      	adds	r5, r5, r5
10005ce2:	4140      	adcs	r0, r0
10005ce4:	4149      	adcs	r1, r1
10005ce6:	3b01      	subs	r3, #1
10005ce8:	4e12      	ldr	r6, [pc, #72]	; (10005d34 <dm_1+0xa>)
10005cea:	1b9b      	subs	r3, r3, r6
10005cec:	0076      	lsls	r6, r6, #1
10005cee:	42b3      	cmp	r3, r6
10005cf0:	d20e      	bcs.n	10005d10 <dm_0>
10005cf2:	006d      	lsls	r5, r5, #1
10005cf4:	d307      	bcc.n	10005d06 <l16_1+0x4a>
10005cf6:	3001      	adds	r0, #1
10005cf8:	2600      	movs	r6, #0
10005cfa:	4171      	adcs	r1, r6
10005cfc:	4666      	mov	r6, ip
10005cfe:	4335      	orrs	r5, r6
10005d00:	d101      	bne.n	10005d06 <l16_1+0x4a>
10005d02:	0840      	lsrs	r0, r0, #1
10005d04:	0040      	lsls	r0, r0, #1
10005d06:	051b      	lsls	r3, r3, #20
10005d08:	18c9      	adds	r1, r1, r3

10005d0a <dm_2>:
10005d0a:	07e4      	lsls	r4, r4, #31
10005d0c:	4421      	add	r1, r4
10005d0e:	bdf0      	pop	{r4, r5, r6, r7, pc}

10005d10 <dm_0>:
10005d10:	da0b      	bge.n	10005d2a <dm_1>
10005d12:	3301      	adds	r3, #1
10005d14:	d106      	bne.n	10005d24 <dm_0+0x14>
10005d16:	3001      	adds	r0, #1
10005d18:	d104      	bne.n	10005d24 <dm_0+0x14>
10005d1a:	3101      	adds	r1, #1
10005d1c:	0d4f      	lsrs	r7, r1, #21
10005d1e:	d001      	beq.n	10005d24 <dm_0+0x14>
10005d20:	0849      	lsrs	r1, r1, #1
10005d22:	e7f2      	b.n	10005d0a <dm_2>
10005d24:	07e1      	lsls	r1, r4, #31
10005d26:	2000      	movs	r0, #0
10005d28:	bdf0      	pop	{r4, r5, r6, r7, pc}

10005d2a <dm_1>:
10005d2a:	3601      	adds	r6, #1
10005d2c:	0531      	lsls	r1, r6, #20
10005d2e:	2000      	movs	r0, #0
10005d30:	e7eb      	b.n	10005d0a <dm_2>
10005d32:	0000      	.short	0x0000
10005d34:	000003ff 	.word	0x000003ff

10005d38 <ddiv_shim>:
10005d38:	b5f0      	push	{r4, r5, r6, r7, lr}

10005d3a <ddiv0>:
10005d3a:	0d1c      	lsrs	r4, r3, #20
10005d3c:	1e67      	subs	r7, r4, #1
10005d3e:	053f      	lsls	r7, r7, #20
10005d40:	1bdb      	subs	r3, r3, r7
10005d42:	0ae7      	lsrs	r7, r4, #11
10005d44:	0564      	lsls	r4, r4, #21
10005d46:	0d64      	lsrs	r4, r4, #21
10005d48:	d002      	beq.n	10005d50 <l19_1>
10005d4a:	1c66      	adds	r6, r4, #1
10005d4c:	0af6      	lsrs	r6, r6, #11
10005d4e:	d004      	beq.n	10005d5a <l19_2>

10005d50 <l19_1>:
10005d50:	2200      	movs	r2, #0
10005d52:	2301      	movs	r3, #1
10005d54:	051b      	lsls	r3, r3, #20
10005d56:	3c80      	subs	r4, #128	; 0x80
10005d58:	0324      	lsls	r4, r4, #12

10005d5a <l19_2>:
10005d5a:	25d0      	movs	r5, #208	; 0xd0
10005d5c:	062d      	lsls	r5, r5, #24
10005d5e:	2600      	movs	r6, #0
10005d60:	43f6      	mvns	r6, r6
10005d62:	662e      	str	r6, [r5, #96]	; 0x60
10005d64:	091e      	lsrs	r6, r3, #4
10005d66:	666e      	str	r6, [r5, #100]	; 0x64
10005d68:	0fce      	lsrs	r6, r1, #31
10005d6a:	19f6      	adds	r6, r6, r7
10005d6c:	46b4      	mov	ip, r6
10005d6e:	0049      	lsls	r1, r1, #1
10005d70:	0d4f      	lsrs	r7, r1, #21
10005d72:	d002      	beq.n	10005d7a <l19_2+0x20>
10005d74:	1c7e      	adds	r6, r7, #1
10005d76:	0af6      	lsrs	r6, r6, #11
10005d78:	d003      	beq.n	10005d82 <l19_2+0x28>
10005d7a:	2000      	movs	r0, #0
10005d7c:	2100      	movs	r1, #0
10005d7e:	3f40      	subs	r7, #64	; 0x40
10005d80:	033f      	lsls	r7, r7, #12
10005d82:	1b3e      	subs	r6, r7, r4
10005d84:	00b6      	lsls	r6, r6, #2
10005d86:	44b4      	add	ip, r6
10005d88:	3f01      	subs	r7, #1
10005d8a:	057f      	lsls	r7, r7, #21
10005d8c:	1bc9      	subs	r1, r1, r7
10005d8e:	0849      	lsrs	r1, r1, #1
10005d90:	6f2e      	ldr	r6, [r5, #112]	; 0x70
10005d92:	3601      	adds	r6, #1
10005d94:	0876      	lsrs	r6, r6, #1
10005d96:	029c      	lsls	r4, r3, #10
10005d98:	0d95      	lsrs	r5, r2, #22
10005d9a:	4325      	orrs	r5, r4
10005d9c:	4375      	muls	r5, r6
10005d9e:	13ed      	asrs	r5, r5, #15
10005da0:	4375      	muls	r5, r6
10005da2:	13ad      	asrs	r5, r5, #14
10005da4:	3501      	adds	r5, #1
10005da6:	106d      	asrs	r5, r5, #1
10005da8:	03f6      	lsls	r6, r6, #15
10005daa:	1b76      	subs	r6, r6, r5
10005dac:	b40c      	push	{r2, r3}
10005dae:	02cc      	lsls	r4, r1, #11
10005db0:	0d45      	lsrs	r5, r0, #21
10005db2:	432c      	orrs	r4, r5
10005db4:	b2a2      	uxth	r2, r4
10005db6:	b2b3      	uxth	r3, r6
10005db8:	435a      	muls	r2, r3
10005dba:	0c27      	lsrs	r7, r4, #16
10005dbc:	437b      	muls	r3, r7
10005dbe:	0c35      	lsrs	r5, r6, #16
10005dc0:	436f      	muls	r7, r5
10005dc2:	b2a4      	uxth	r4, r4
10005dc4:	436c      	muls	r4, r5
10005dc6:	191b      	adds	r3, r3, r4
10005dc8:	d302      	bcc.n	10005dd0 <l20_1>
10005dca:	2401      	movs	r4, #1
10005dcc:	0424      	lsls	r4, r4, #16
10005dce:	193f      	adds	r7, r7, r4

10005dd0 <l20_1>:
10005dd0:	041c      	lsls	r4, r3, #16
10005dd2:	0c1d      	lsrs	r5, r3, #16
10005dd4:	18a4      	adds	r4, r4, r2
10005dd6:	417d      	adcs	r5, r7
10005dd8:	1924      	adds	r4, r4, r4
10005dda:	416d      	adcs	r5, r5
10005ddc:	9a00      	ldr	r2, [sp, #0]
10005dde:	b291      	uxth	r1, r2
10005de0:	b2ac      	uxth	r4, r5
10005de2:	4361      	muls	r1, r4
10005de4:	0c17      	lsrs	r7, r2, #16
10005de6:	437c      	muls	r4, r7
10005de8:	0c2b      	lsrs	r3, r5, #16
10005dea:	435f      	muls	r7, r3
10005dec:	b292      	uxth	r2, r2
10005dee:	435a      	muls	r2, r3
10005df0:	18a4      	adds	r4, r4, r2
10005df2:	d302      	bcc.n	10005dfa <l21_1>
10005df4:	2201      	movs	r2, #1
10005df6:	0412      	lsls	r2, r2, #16
10005df8:	18bf      	adds	r7, r7, r2

10005dfa <l21_1>:
10005dfa:	0422      	lsls	r2, r4, #16
10005dfc:	0c23      	lsrs	r3, r4, #16
10005dfe:	1852      	adds	r2, r2, r1
10005e00:	417b      	adcs	r3, r7
10005e02:	9c01      	ldr	r4, [sp, #4]
10005e04:	436c      	muls	r4, r5
10005e06:	191b      	adds	r3, r3, r4
10005e08:	0e52      	lsrs	r2, r2, #25
10005e0a:	01d9      	lsls	r1, r3, #7
10005e0c:	430a      	orrs	r2, r1
10005e0e:	0144      	lsls	r4, r0, #5
10005e10:	1aa0      	subs	r0, r4, r2
10005e12:	b281      	uxth	r1, r0
10005e14:	b2b2      	uxth	r2, r6
10005e16:	4351      	muls	r1, r2
10005e18:	1403      	asrs	r3, r0, #16
10005e1a:	435a      	muls	r2, r3
10005e1c:	0c36      	lsrs	r6, r6, #16
10005e1e:	4373      	muls	r3, r6
10005e20:	b287      	uxth	r7, r0
10005e22:	4377      	muls	r7, r6
10005e24:	17d6      	asrs	r6, r2, #31
10005e26:	19d2      	adds	r2, r2, r7
10005e28:	2700      	movs	r7, #0
10005e2a:	417e      	adcs	r6, r7
10005e2c:	0436      	lsls	r6, r6, #16
10005e2e:	199b      	adds	r3, r3, r6
10005e30:	0417      	lsls	r7, r2, #16
10005e32:	0c16      	lsrs	r6, r2, #16
10005e34:	187f      	adds	r7, r7, r1
10005e36:	415e      	adcs	r6, r3
10005e38:	1673      	asrs	r3, r6, #25
10005e3a:	18ed      	adds	r5, r5, r3
10005e3c:	01f3      	lsls	r3, r6, #7
10005e3e:	2600      	movs	r6, #0
10005e40:	3380      	adds	r3, #128	; 0x80
10005e42:	4175      	adcs	r5, r6
10005e44:	0fa9      	lsrs	r1, r5, #30
10005e46:	d106      	bne.n	10005e56 <dd_0>
10005e48:	0064      	lsls	r4, r4, #1
10005e4a:	0a69      	lsrs	r1, r5, #9
10005e4c:	05e8      	lsls	r0, r5, #23
10005e4e:	0a5b      	lsrs	r3, r3, #9
10005e50:	4318      	orrs	r0, r3
10005e52:	d209      	bcs.n	10005e68 <dd_1>
10005e54:	e02f      	b.n	10005eb6 <dd_2>

10005e56 <dd_0>:
10005e56:	2204      	movs	r2, #4
10005e58:	4494      	add	ip, r2
10005e5a:	3380      	adds	r3, #128	; 0x80
10005e5c:	4175      	adcs	r5, r6
10005e5e:	0aa9      	lsrs	r1, r5, #10
10005e60:	05a8      	lsls	r0, r5, #22
10005e62:	0a9b      	lsrs	r3, r3, #10
10005e64:	4318      	orrs	r0, r3
10005e66:	d326      	bcc.n	10005eb6 <dd_2>

10005e68 <dd_1>:
10005e68:	4140      	adcs	r0, r0
10005e6a:	4149      	adcs	r1, r1
10005e6c:	0424      	lsls	r4, r4, #16
10005e6e:	9a00      	ldr	r2, [sp, #0]
10005e70:	9b01      	ldr	r3, [sp, #4]
10005e72:	000d      	movs	r5, r1
10005e74:	4355      	muls	r5, r2
10005e76:	1b64      	subs	r4, r4, r5
10005e78:	4343      	muls	r3, r0
10005e7a:	1ae4      	subs	r4, r4, r3
10005e7c:	b295      	uxth	r5, r2
10005e7e:	b286      	uxth	r6, r0
10005e80:	4375      	muls	r5, r6
10005e82:	0c17      	lsrs	r7, r2, #16
10005e84:	437e      	muls	r6, r7
10005e86:	0c03      	lsrs	r3, r0, #16
10005e88:	435f      	muls	r7, r3
10005e8a:	b292      	uxth	r2, r2
10005e8c:	435a      	muls	r2, r3
10005e8e:	18b6      	adds	r6, r6, r2
10005e90:	d302      	bcc.n	10005e98 <l23_1>
10005e92:	2201      	movs	r2, #1
10005e94:	0412      	lsls	r2, r2, #16
10005e96:	18bf      	adds	r7, r7, r2

10005e98 <l23_1>:
10005e98:	0432      	lsls	r2, r6, #16
10005e9a:	0c33      	lsrs	r3, r6, #16
10005e9c:	1952      	adds	r2, r2, r5
10005e9e:	417b      	adcs	r3, r7
10005ea0:	4252      	negs	r2, r2
10005ea2:	419c      	sbcs	r4, r3
10005ea4:	2c00      	cmp	r4, #0
10005ea6:	d402      	bmi.n	10005eae <l23_1+0x16>
10005ea8:	2200      	movs	r2, #0
10005eaa:	3001      	adds	r0, #1
10005eac:	4151      	adcs	r1, r2
10005eae:	0840      	lsrs	r0, r0, #1
10005eb0:	07ca      	lsls	r2, r1, #31
10005eb2:	4310      	orrs	r0, r2
10005eb4:	0849      	lsrs	r1, r1, #1

10005eb6 <dd_2>:
10005eb6:	b002      	add	sp, #8
10005eb8:	4662      	mov	r2, ip
10005eba:	07d7      	lsls	r7, r2, #31
10005ebc:	1092      	asrs	r2, r2, #2
10005ebe:	4b08      	ldr	r3, [pc, #32]	; (10005ee0 <dd_4+0x6>)
10005ec0:	18d2      	adds	r2, r2, r3
10005ec2:	4b08      	ldr	r3, [pc, #32]	; (10005ee4 <dd_4+0xa>)
10005ec4:	429a      	cmp	r2, r3
10005ec6:	d203      	bcs.n	10005ed0 <dd_3>
10005ec8:	0512      	lsls	r2, r2, #20
10005eca:	1889      	adds	r1, r1, r2

10005ecc <dd_5>:
10005ecc:	19c9      	adds	r1, r1, r7
10005ece:	bdf0      	pop	{r4, r5, r6, r7, pc}

10005ed0 <dd_3>:
10005ed0:	2000      	movs	r0, #0
10005ed2:	2a00      	cmp	r2, #0
10005ed4:	dc01      	bgt.n	10005eda <dd_4>
10005ed6:	0039      	movs	r1, r7
10005ed8:	bdf0      	pop	{r4, r5, r6, r7, pc}

10005eda <dd_4>:
10005eda:	3301      	adds	r3, #1
10005edc:	0519      	lsls	r1, r3, #20
10005ede:	e7f5      	b.n	10005ecc <dd_5>
10005ee0:	000003fd 	.word	0x000003fd
10005ee4:	000007fe 	.word	0x000007fe

10005ee8 <dcordic_rot_step>:
10005ee8:	4662      	mov	r2, ip
10005eea:	ca18      	ldmia	r2!, {r3, r4}
10005eec:	4694      	mov	ip, r2
10005eee:	2900      	cmp	r1, #0
10005ef0:	da1a      	bge.n	10005f28 <dcordic_rot_step+0x40>
10005ef2:	18c0      	adds	r0, r0, r3
10005ef4:	4161      	adcs	r1, r4
10005ef6:	465b      	mov	r3, fp
10005ef8:	413b      	asrs	r3, r7
10005efa:	465c      	mov	r4, fp
10005efc:	40b4      	lsls	r4, r6
10005efe:	4652      	mov	r2, sl
10005f00:	40fa      	lsrs	r2, r7
10005f02:	4322      	orrs	r2, r4
10005f04:	4644      	mov	r4, r8
10005f06:	464d      	mov	r5, r9
10005f08:	4162      	adcs	r2, r4
10005f0a:	416b      	adcs	r3, r5
10005f0c:	4690      	mov	r8, r2
10005f0e:	4699      	mov	r9, r3
10005f10:	462b      	mov	r3, r5
10005f12:	40b3      	lsls	r3, r6
10005f14:	413d      	asrs	r5, r7
10005f16:	40fc      	lsrs	r4, r7
10005f18:	431c      	orrs	r4, r3
10005f1a:	4652      	mov	r2, sl
10005f1c:	465b      	mov	r3, fp
10005f1e:	41a2      	sbcs	r2, r4
10005f20:	41ab      	sbcs	r3, r5
10005f22:	4692      	mov	sl, r2
10005f24:	469b      	mov	fp, r3
10005f26:	4770      	bx	lr
10005f28:	1ac0      	subs	r0, r0, r3
10005f2a:	41a1      	sbcs	r1, r4
10005f2c:	464b      	mov	r3, r9
10005f2e:	413b      	asrs	r3, r7
10005f30:	464c      	mov	r4, r9
10005f32:	40b4      	lsls	r4, r6
10005f34:	4642      	mov	r2, r8
10005f36:	40fa      	lsrs	r2, r7
10005f38:	4322      	orrs	r2, r4
10005f3a:	4654      	mov	r4, sl
10005f3c:	465d      	mov	r5, fp
10005f3e:	4162      	adcs	r2, r4
10005f40:	416b      	adcs	r3, r5
10005f42:	4692      	mov	sl, r2
10005f44:	469b      	mov	fp, r3
10005f46:	462b      	mov	r3, r5
10005f48:	40b3      	lsls	r3, r6
10005f4a:	413d      	asrs	r5, r7
10005f4c:	40fc      	lsrs	r4, r7
10005f4e:	431c      	orrs	r4, r3
10005f50:	4642      	mov	r2, r8
10005f52:	464b      	mov	r3, r9
10005f54:	41a2      	sbcs	r2, r4
10005f56:	41ab      	sbcs	r3, r5
10005f58:	4690      	mov	r8, r2
10005f5a:	4699      	mov	r9, r3
10005f5c:	4770      	bx	lr

10005f5e <ret_dzero>:
10005f5e:	2000      	movs	r0, #0
10005f60:	2100      	movs	r1, #0
10005f62:	4770      	bx	lr

10005f64 <double2uint_shim>:
10005f64:	2200      	movs	r2, #0

10005f66 <double2ufix_shim>:
10005f66:	b500      	push	{lr}
10005f68:	3220      	adds	r2, #32
10005f6a:	f000 f804 	bl	10005f76 <double2ufix64_shim>
10005f6e:	0008      	movs	r0, r1
10005f70:	bd00      	pop	{pc}
	...

10005f74 <double2uint64_shim>:
10005f74:	2200      	movs	r2, #0

10005f76 <double2ufix64_shim>:
10005f76:	150b      	asrs	r3, r1, #20
10005f78:	d4f1      	bmi.n	10005f5e <ret_dzero>

10005f7a <d2fix>:
10005f7a:	b510      	push	{r4, lr}
10005f7c:	4694      	mov	ip, r2
10005f7e:	f000 f82f 	bl	10005fe0 <dunpacks>
10005f82:	1414      	asrs	r4, r2, #16
10005f84:	3401      	adds	r4, #1
10005f86:	da00      	bge.n	10005f8a <d2fix+0x10>
10005f88:	2100      	movs	r1, #0
10005f8a:	17cb      	asrs	r3, r1, #31
10005f8c:	4c13      	ldr	r4, [pc, #76]	; (10005fdc <d2fix_a+0x4c>)
10005f8e:	4720      	bx	r4

10005f90 <d2fix_a>:
10005f90:	4462      	add	r2, ip
10005f92:	3a34      	subs	r2, #52	; 0x34
10005f94:	d40c      	bmi.n	10005fb0 <d2fix_a+0x20>
10005f96:	2a0c      	cmp	r2, #12
10005f98:	da07      	bge.n	10005faa <d2fix_a+0x1a>
10005f9a:	0004      	movs	r4, r0
10005f9c:	4091      	lsls	r1, r2
10005f9e:	4090      	lsls	r0, r2
10005fa0:	4252      	negs	r2, r2
10005fa2:	3220      	adds	r2, #32
10005fa4:	40d4      	lsrs	r4, r2
10005fa6:	4321      	orrs	r1, r4
10005fa8:	bd10      	pop	{r4, pc}
10005faa:	43d8      	mvns	r0, r3
10005fac:	43d9      	mvns	r1, r3
10005fae:	bd10      	pop	{r4, pc}
10005fb0:	3220      	adds	r2, #32
10005fb2:	d407      	bmi.n	10005fc4 <d2fix_a+0x34>
10005fb4:	460c      	mov	r4, r1
10005fb6:	4094      	lsls	r4, r2
10005fb8:	4252      	negs	r2, r2
10005fba:	3220      	adds	r2, #32
10005fbc:	4111      	asrs	r1, r2
10005fbe:	40d0      	lsrs	r0, r2
10005fc0:	4320      	orrs	r0, r4
10005fc2:	bd10      	pop	{r4, pc}
10005fc4:	0008      	movs	r0, r1
10005fc6:	17c9      	asrs	r1, r1, #31
10005fc8:	3220      	adds	r2, #32
10005fca:	d403      	bmi.n	10005fd4 <d2fix_a+0x44>
10005fcc:	4252      	negs	r2, r2
10005fce:	3220      	adds	r2, #32
10005fd0:	4110      	asrs	r0, r2
10005fd2:	bd10      	pop	{r4, pc}
10005fd4:	0018      	movs	r0, r3
10005fd6:	0019      	movs	r1, r3
10005fd8:	bd10      	pop	{r4, pc}
10005fda:	0000      	.short	0x0000
10005fdc:	10005f91 	.word	0x10005f91

10005fe0 <dunpacks>:
10005fe0:	0d0a      	lsrs	r2, r1, #20
10005fe2:	0fcc      	lsrs	r4, r1, #31
10005fe4:	1e53      	subs	r3, r2, #1
10005fe6:	051b      	lsls	r3, r3, #20
10005fe8:	1ac9      	subs	r1, r1, r3
10005fea:	0552      	lsls	r2, r2, #21
10005fec:	d303      	bcc.n	10005ff6 <l60_1>
10005fee:	43c9      	mvns	r1, r1
10005ff0:	4240      	negs	r0, r0
10005ff2:	d300      	bcc.n	10005ff6 <l60_1>
10005ff4:	3101      	adds	r1, #1

10005ff6 <l60_1>:
10005ff6:	0d52      	lsrs	r2, r2, #21
10005ff8:	d003      	beq.n	10006002 <l60_2>
10005ffa:	1c53      	adds	r3, r2, #1
10005ffc:	0adb      	lsrs	r3, r3, #11
10005ffe:	d007      	beq.n	10006010 <l60_3>
10006000:	1b12      	subs	r2, r2, r4

10006002 <l60_2>:
10006002:	2000      	movs	r0, #0
10006004:	0064      	lsls	r4, r4, #1
10006006:	1c61      	adds	r1, r4, #1
10006008:	0789      	lsls	r1, r1, #30
1000600a:	1289      	asrs	r1, r1, #10
1000600c:	3a80      	subs	r2, #128	; 0x80
1000600e:	0312      	lsls	r2, r2, #12

10006010 <l60_3>:
10006010:	4b01      	ldr	r3, [pc, #4]	; (10006018 <l60_3+0x8>)
10006012:	1ad2      	subs	r2, r2, r3
10006014:	4770      	bx	lr
10006016:	0000      	.short	0x0000
10006018:	000003ff 	.word	0x000003ff

1000601c <__wrap___aeabi_lmul>:
1000601c:	4351      	muls	r1, r2
1000601e:	4343      	muls	r3, r0
10006020:	18c9      	adds	r1, r1, r3
10006022:	468c      	mov	ip, r1
10006024:	0c11      	lsrs	r1, r2, #16
10006026:	b283      	uxth	r3, r0
10006028:	434b      	muls	r3, r1
1000602a:	b410      	push	{r4}
1000602c:	0c04      	lsrs	r4, r0, #16
1000602e:	4361      	muls	r1, r4
10006030:	b292      	uxth	r2, r2
10006032:	b280      	uxth	r0, r0
10006034:	4350      	muls	r0, r2
10006036:	4362      	muls	r2, r4
10006038:	041c      	lsls	r4, r3, #16
1000603a:	0c1b      	lsrs	r3, r3, #16
1000603c:	1900      	adds	r0, r0, r4
1000603e:	bc10      	pop	{r4}
10006040:	4159      	adcs	r1, r3
10006042:	0413      	lsls	r3, r2, #16
10006044:	0c12      	lsrs	r2, r2, #16
10006046:	18c0      	adds	r0, r0, r3
10006048:	4151      	adcs	r1, r2
1000604a:	4461      	add	r1, ip
1000604c:	4770      	bx	lr

1000604e <__wrap___aeabi_ui2f>:
1000604e:	1a49      	subs	r1, r1, r1
10006050:	2800      	cmp	r0, #0
10006052:	d107      	bne.n	10006064 <__aeabi_i2f_main>
10006054:	4608      	mov	r0, r1
10006056:	4770      	bx	lr

10006058 <__wrap___aeabi_i2f>:
10006058:	0fc1      	lsrs	r1, r0, #31
1000605a:	07c9      	lsls	r1, r1, #31
1000605c:	d500      	bpl.n	10006060 <__wrap___aeabi_i2f+0x8>
1000605e:	4240      	negs	r0, r0
10006060:	2800      	cmp	r0, #0
10006062:	d017      	beq.n	10006094 <__aeabi_i2f_main+0x30>

10006064 <__aeabi_i2f_main>:
10006064:	46f4      	mov	ip, lr
10006066:	b403      	push	{r0, r1}
10006068:	4b0b      	ldr	r3, [pc, #44]	; (10006098 <__aeabi_i2f_main+0x34>)
1000606a:	681b      	ldr	r3, [r3, #0]
1000606c:	4798      	blx	r3
1000606e:	bc06      	pop	{r1, r2}
10006070:	4081      	lsls	r1, r0
10006072:	389e      	subs	r0, #158	; 0x9e
10006074:	4240      	negs	r0, r0
10006076:	3180      	adds	r1, #128	; 0x80
10006078:	d207      	bcs.n	1000608a <__aeabi_i2f_main+0x26>
1000607a:	060b      	lsls	r3, r1, #24
1000607c:	d007      	beq.n	1000608e <__aeabi_i2f_main+0x2a>
1000607e:	0049      	lsls	r1, r1, #1
10006080:	0a49      	lsrs	r1, r1, #9
10006082:	05c0      	lsls	r0, r0, #23
10006084:	4310      	orrs	r0, r2
10006086:	4308      	orrs	r0, r1
10006088:	4760      	bx	ip
1000608a:	3001      	adds	r0, #1
1000608c:	e7f8      	b.n	10006080 <__aeabi_i2f_main+0x1c>
1000608e:	0a49      	lsrs	r1, r1, #9
10006090:	0289      	lsls	r1, r1, #10
10006092:	e7f5      	b.n	10006080 <__aeabi_i2f_main+0x1c>
10006094:	4770      	bx	lr
10006096:	0000      	.short	0x0000
10006098:	20001e70 	.word	0x20001e70

1000609c <__wrap___aeabi_f2d>:
1000609c:	4b03      	ldr	r3, [pc, #12]	; (100060ac <__wrap___aeabi_f2d+0x10>)
1000609e:	6fdb      	ldr	r3, [r3, #124]	; 0x7c
100060a0:	46fc      	mov	ip, pc
100060a2:	4718      	bx	r3
100060a4:	6141df7c 	.word	0x6141df7c
100060a8:	00001000 	.word	0x00001000
100060ac:	20000ec0 	.word	0x20000ec0

100060b0 <__aeabi_float_init>:
100060b0:	2313      	movs	r3, #19
100060b2:	b510      	push	{r4, lr}
100060b4:	4812      	ldr	r0, [pc, #72]	; (10006100 <__aeabi_float_init+0x50>)
100060b6:	781c      	ldrb	r4, [r3, #0]
100060b8:	f7ff f91a 	bl	100052f0 <rom_data_lookup>
100060bc:	0001      	movs	r1, r0
100060be:	2c01      	cmp	r4, #1
100060c0:	d00a      	beq.n	100060d8 <__aeabi_float_init+0x28>
100060c2:	dd03      	ble.n	100060cc <__aeabi_float_init+0x1c>
100060c4:	2280      	movs	r2, #128	; 0x80
100060c6:	480f      	ldr	r0, [pc, #60]	; (10006104 <__aeabi_float_init+0x54>)
100060c8:	f000 f88e 	bl	100061e8 <__wrap___aeabi_memcpy>
100060cc:	480e      	ldr	r0, [pc, #56]	; (10006108 <__aeabi_float_init+0x58>)
100060ce:	f7ff f907 	bl	100052e0 <rom_func_lookup>
100060d2:	4b0e      	ldr	r3, [pc, #56]	; (1000610c <__aeabi_float_init+0x5c>)
100060d4:	6018      	str	r0, [r3, #0]
100060d6:	bd10      	pop	{r4, pc}
100060d8:	4c0a      	ldr	r4, [pc, #40]	; (10006104 <__aeabi_float_init+0x54>)
100060da:	2254      	movs	r2, #84	; 0x54
100060dc:	0020      	movs	r0, r4
100060de:	f000 f883 	bl	100061e8 <__wrap___aeabi_memcpy>
100060e2:	4b0b      	ldr	r3, [pc, #44]	; (10006110 <__aeabi_float_init+0x60>)
100060e4:	6563      	str	r3, [r4, #84]	; 0x54
100060e6:	65a3      	str	r3, [r4, #88]	; 0x58
100060e8:	65e3      	str	r3, [r4, #92]	; 0x5c
100060ea:	6623      	str	r3, [r4, #96]	; 0x60
100060ec:	6663      	str	r3, [r4, #100]	; 0x64
100060ee:	66a3      	str	r3, [r4, #104]	; 0x68
100060f0:	66e3      	str	r3, [r4, #108]	; 0x6c
100060f2:	6723      	str	r3, [r4, #112]	; 0x70
100060f4:	6763      	str	r3, [r4, #116]	; 0x74
100060f6:	67a3      	str	r3, [r4, #120]	; 0x78
100060f8:	67e3      	str	r3, [r4, #124]	; 0x7c
100060fa:	6223      	str	r3, [r4, #32]
100060fc:	61e3      	str	r3, [r4, #28]
100060fe:	e7e5      	b.n	100060cc <__aeabi_float_init+0x1c>
10006100:	00004653 	.word	0x00004653
10006104:	20000ec0 	.word	0x20000ec0
10006108:	0000334c 	.word	0x0000334c
1000610c:	20001e70 	.word	0x20001e70
10006110:	10006115 	.word	0x10006115

10006114 <float_table_shim_on_use_helper>:
10006114:	b507      	push	{r0, r1, r2, lr}
10006116:	4660      	mov	r0, ip
10006118:	8801      	ldrh	r1, [r0, #0]
1000611a:	0a0a      	lsrs	r2, r1, #8
1000611c:	3002      	adds	r0, #2
1000611e:	2adf      	cmp	r2, #223	; 0xdf
10006120:	d1fa      	bne.n	10006118 <float_table_shim_on_use_helper+0x4>
10006122:	b2c9      	uxtb	r1, r1
10006124:	0882      	lsrs	r2, r0, #2
10006126:	d304      	bcc.n	10006132 <float_table_shim_on_use_helper+0x1e>
10006128:	8802      	ldrh	r2, [r0, #0]
1000612a:	8840      	ldrh	r0, [r0, #2]
1000612c:	0400      	lsls	r0, r0, #16
1000612e:	4310      	orrs	r0, r2
10006130:	e000      	b.n	10006134 <float_table_shim_on_use_helper+0x20>
10006132:	6800      	ldr	r0, [r0, #0]
10006134:	4a01      	ldr	r2, [pc, #4]	; (1000613c <float_table_shim_on_use_helper+0x28>)
10006136:	5050      	str	r0, [r2, r1]
10006138:	9003      	str	r0, [sp, #12]
1000613a:	bd07      	pop	{r0, r1, r2, pc}
1000613c:	20000ec0 	.word	0x20000ec0

10006140 <float2double_shim>:
10006140:	0fc3      	lsrs	r3, r0, #31
10006142:	07db      	lsls	r3, r3, #31
10006144:	0041      	lsls	r1, r0, #1
10006146:	0e0a      	lsrs	r2, r1, #24
10006148:	d007      	beq.n	1000615a <float2double_shim+0x1a>
1000614a:	2aff      	cmp	r2, #255	; 0xff
1000614c:	d008      	beq.n	10006160 <float2double_shim+0x20>
1000614e:	0909      	lsrs	r1, r1, #4
10006150:	4a05      	ldr	r2, [pc, #20]	; (10006168 <float2double_shim+0x28>)
10006152:	1889      	adds	r1, r1, r2
10006154:	4319      	orrs	r1, r3
10006156:	0740      	lsls	r0, r0, #29
10006158:	4770      	bx	lr
1000615a:	0019      	movs	r1, r3
1000615c:	2000      	movs	r0, #0
1000615e:	4770      	bx	lr
10006160:	4902      	ldr	r1, [pc, #8]	; (1000616c <float2double_shim+0x2c>)
10006162:	18c9      	adds	r1, r1, r3
10006164:	e7fa      	b.n	1000615c <float2double_shim+0x1c>
10006166:	0000      	.short	0x0000
10006168:	38000000 	.word	0x38000000
1000616c:	7ff00000 	.word	0x7ff00000

10006170 <__wrap_malloc>:
10006170:	b570      	push	{r4, r5, r6, lr}
10006172:	0004      	movs	r4, r0
10006174:	4e0a      	ldr	r6, [pc, #40]	; (100061a0 <__wrap_malloc+0x30>)
10006176:	0030      	movs	r0, r6
10006178:	f003 fa1a 	bl	100095b0 <__mutex_enter_blocking_veneer>
1000617c:	0020      	movs	r0, r4
1000617e:	f002 fd31 	bl	10008be4 <malloc>
10006182:	0005      	movs	r5, r0
10006184:	0030      	movs	r0, r6
10006186:	f003 f9eb 	bl	10009560 <__mutex_exit_veneer>
1000618a:	2d00      	cmp	r5, #0
1000618c:	d005      	beq.n	1000619a <__wrap_malloc+0x2a>
1000618e:	4b05      	ldr	r3, [pc, #20]	; (100061a4 <__wrap_malloc+0x34>)
10006190:	192c      	adds	r4, r5, r4
10006192:	429c      	cmp	r4, r3
10006194:	d801      	bhi.n	1000619a <__wrap_malloc+0x2a>
10006196:	0028      	movs	r0, r5
10006198:	bd70      	pop	{r4, r5, r6, pc}
1000619a:	4803      	ldr	r0, [pc, #12]	; (100061a8 <__wrap_malloc+0x38>)
1000619c:	f7fd f8e0 	bl	10003360 <panic>
100061a0:	20000b64 	.word	0x20000b64
100061a4:	20040000 	.word	0x20040000
100061a8:	10009a18 	.word	0x10009a18

100061ac <__wrap_free>:
100061ac:	b570      	push	{r4, r5, r6, lr}
100061ae:	0004      	movs	r4, r0
100061b0:	4d05      	ldr	r5, [pc, #20]	; (100061c8 <__wrap_free+0x1c>)
100061b2:	0028      	movs	r0, r5
100061b4:	f003 f9fc 	bl	100095b0 <__mutex_enter_blocking_veneer>
100061b8:	0020      	movs	r0, r4
100061ba:	f002 fd1d 	bl	10008bf8 <free>
100061be:	0028      	movs	r0, r5
100061c0:	f003 f9ce 	bl	10009560 <__mutex_exit_veneer>
100061c4:	bd70      	pop	{r4, r5, r6, pc}
100061c6:	46c0      	nop			; (mov r8, r8)
100061c8:	20000b64 	.word	0x20000b64

100061cc <__aeabi_mem_init>:
100061cc:	4801      	ldr	r0, [pc, #4]	; (100061d4 <__aeabi_mem_init+0x8>)
100061ce:	2104      	movs	r1, #4
100061d0:	4b01      	ldr	r3, [pc, #4]	; (100061d8 <__aeabi_mem_init+0xc>)
100061d2:	4718      	bx	r3
100061d4:	200002c0 	.word	0x200002c0
100061d8:	10005301 	.word	0x10005301

100061dc <__wrap_memset>:
100061dc:	4b01      	ldr	r3, [pc, #4]	; (100061e4 <__wrap_memset+0x8>)
100061de:	681b      	ldr	r3, [r3, #0]
100061e0:	4718      	bx	r3
100061e2:	0000      	.short	0x0000
100061e4:	200002c0 	.word	0x200002c0

100061e8 <__wrap___aeabi_memcpy>:
100061e8:	4b01      	ldr	r3, [pc, #4]	; (100061f0 <__wrap___aeabi_memcpy+0x8>)
100061ea:	685b      	ldr	r3, [r3, #4]
100061ec:	4718      	bx	r3
100061ee:	0000      	.short	0x0000
100061f0:	200002c0 	.word	0x200002c0

100061f4 <stdio_out_chars_crlf.part.0>:
100061f4:	b5f0      	push	{r4, r5, r6, r7, lr}
100061f6:	46c6      	mov	lr, r8
100061f8:	0007      	movs	r7, r0
100061fa:	000d      	movs	r5, r1
100061fc:	0016      	movs	r6, r2
100061fe:	b500      	push	{lr}
10006200:	2a00      	cmp	r2, #0
10006202:	dd32      	ble.n	1000626a <stdio_out_chars_crlf.part.0+0x76>
10006204:	2100      	movs	r1, #0
10006206:	1e6a      	subs	r2, r5, #1
10006208:	4690      	mov	r8, r2
1000620a:	5c6a      	ldrb	r2, [r5, r1]
1000620c:	7c03      	ldrb	r3, [r0, #16]
1000620e:	1c4c      	adds	r4, r1, #1
10006210:	2000      	movs	r0, #0
10006212:	2a0a      	cmp	r2, #10
10006214:	d00c      	beq.n	10006230 <stdio_out_chars_crlf.part.0+0x3c>
10006216:	42a6      	cmp	r6, r4
10006218:	d01a      	beq.n	10006250 <stdio_out_chars_crlf.part.0+0x5c>
1000621a:	4643      	mov	r3, r8
1000621c:	5d1b      	ldrb	r3, [r3, r4]
1000621e:	0021      	movs	r1, r4
10006220:	3b0d      	subs	r3, #13
10006222:	425a      	negs	r2, r3
10006224:	4153      	adcs	r3, r2
10006226:	5c6a      	ldrb	r2, [r5, r1]
10006228:	b2db      	uxtb	r3, r3
1000622a:	1c4c      	adds	r4, r1, #1
1000622c:	2a0a      	cmp	r2, #10
1000622e:	d1f2      	bne.n	10006216 <stdio_out_chars_crlf.part.0+0x22>
10006230:	2b00      	cmp	r3, #0
10006232:	d1f0      	bne.n	10006216 <stdio_out_chars_crlf.part.0+0x22>
10006234:	4281      	cmp	r1, r0
10006236:	dd03      	ble.n	10006240 <stdio_out_chars_crlf.part.0+0x4c>
10006238:	1a09      	subs	r1, r1, r0
1000623a:	683b      	ldr	r3, [r7, #0]
1000623c:	1828      	adds	r0, r5, r0
1000623e:	4798      	blx	r3
10006240:	2102      	movs	r1, #2
10006242:	480b      	ldr	r0, [pc, #44]	; (10006270 <stdio_out_chars_crlf.part.0+0x7c>)
10006244:	683b      	ldr	r3, [r7, #0]
10006246:	4798      	blx	r3
10006248:	42a6      	cmp	r6, r4
1000624a:	d007      	beq.n	1000625c <stdio_out_chars_crlf.part.0+0x68>
1000624c:	0020      	movs	r0, r4
1000624e:	e7e4      	b.n	1000621a <stdio_out_chars_crlf.part.0+0x26>
10006250:	4286      	cmp	r6, r0
10006252:	dd03      	ble.n	1000625c <stdio_out_chars_crlf.part.0+0x68>
10006254:	1a31      	subs	r1, r6, r0
10006256:	683b      	ldr	r3, [r7, #0]
10006258:	1828      	adds	r0, r5, r0
1000625a:	4798      	blx	r3
1000625c:	19ad      	adds	r5, r5, r6
1000625e:	3d01      	subs	r5, #1
10006260:	782b      	ldrb	r3, [r5, #0]
10006262:	3b0d      	subs	r3, #13
10006264:	425a      	negs	r2, r3
10006266:	4153      	adcs	r3, r2
10006268:	743b      	strb	r3, [r7, #16]
1000626a:	bc80      	pop	{r7}
1000626c:	46b8      	mov	r8, r7
1000626e:	bdf0      	pop	{r4, r5, r6, r7, pc}
10006270:	10009a90 	.word	0x10009a90

10006274 <stdio_buffered_printer>:
10006274:	b5f8      	push	{r3, r4, r5, r6, r7, lr}
10006276:	46ce      	mov	lr, r9
10006278:	4647      	mov	r7, r8
1000627a:	680b      	ldr	r3, [r1, #0]
1000627c:	0006      	movs	r6, r0
1000627e:	000d      	movs	r5, r1
10006280:	b580      	push	{r7, lr}
10006282:	2b80      	cmp	r3, #128	; 0x80
10006284:	d007      	beq.n	10006296 <stdio_buffered_printer+0x22>
10006286:	1c5a      	adds	r2, r3, #1
10006288:	602a      	str	r2, [r5, #0]
1000628a:	18ed      	adds	r5, r5, r3
1000628c:	712e      	strb	r6, [r5, #4]
1000628e:	bcc0      	pop	{r6, r7}
10006290:	46b9      	mov	r9, r7
10006292:	46b0      	mov	r8, r6
10006294:	bdf8      	pop	{r3, r4, r5, r6, r7, pc}
10006296:	4b13      	ldr	r3, [pc, #76]	; (100062e4 <stdio_buffered_printer+0x70>)
10006298:	681c      	ldr	r4, [r3, #0]
1000629a:	2c00      	cmp	r4, #0
1000629c:	d01b      	beq.n	100062d6 <stdio_buffered_printer+0x62>
1000629e:	4b12      	ldr	r3, [pc, #72]	; (100062e8 <stdio_buffered_printer+0x74>)
100062a0:	4698      	mov	r8, r3
100062a2:	1d0b      	adds	r3, r1, #4
100062a4:	4699      	mov	r9, r3
100062a6:	e002      	b.n	100062ae <stdio_buffered_printer+0x3a>
100062a8:	68e4      	ldr	r4, [r4, #12]
100062aa:	2c00      	cmp	r4, #0
100062ac:	d013      	beq.n	100062d6 <stdio_buffered_printer+0x62>
100062ae:	6827      	ldr	r7, [r4, #0]
100062b0:	2f00      	cmp	r7, #0
100062b2:	d0f9      	beq.n	100062a8 <stdio_buffered_printer+0x34>
100062b4:	4643      	mov	r3, r8
100062b6:	681b      	ldr	r3, [r3, #0]
100062b8:	2b00      	cmp	r3, #0
100062ba:	d001      	beq.n	100062c0 <stdio_buffered_printer+0x4c>
100062bc:	429c      	cmp	r4, r3
100062be:	d1f3      	bne.n	100062a8 <stdio_buffered_printer+0x34>
100062c0:	7c63      	ldrb	r3, [r4, #17]
100062c2:	682a      	ldr	r2, [r5, #0]
100062c4:	2b00      	cmp	r3, #0
100062c6:	d009      	beq.n	100062dc <stdio_buffered_printer+0x68>
100062c8:	0020      	movs	r0, r4
100062ca:	4649      	mov	r1, r9
100062cc:	f7ff ff92 	bl	100061f4 <stdio_out_chars_crlf.part.0>
100062d0:	68e4      	ldr	r4, [r4, #12]
100062d2:	2c00      	cmp	r4, #0
100062d4:	d1eb      	bne.n	100062ae <stdio_buffered_printer+0x3a>
100062d6:	2201      	movs	r2, #1
100062d8:	2300      	movs	r3, #0
100062da:	e7d5      	b.n	10006288 <stdio_buffered_printer+0x14>
100062dc:	0011      	movs	r1, r2
100062de:	4648      	mov	r0, r9
100062e0:	47b8      	blx	r7
100062e2:	e7e1      	b.n	100062a8 <stdio_buffered_printer+0x34>
100062e4:	200014d0 	.word	0x200014d0
100062e8:	200014d8 	.word	0x200014d8

100062ec <__wrap_putchar>:
100062ec:	b5f0      	push	{r4, r5, r6, r7, lr}
100062ee:	46ce      	mov	lr, r9
100062f0:	4647      	mov	r7, r8
100062f2:	b580      	push	{r7, lr}
100062f4:	b083      	sub	sp, #12
100062f6:	466b      	mov	r3, sp
100062f8:	1cde      	adds	r6, r3, #3
100062fa:	23d0      	movs	r3, #208	; 0xd0
100062fc:	7030      	strb	r0, [r6, #0]
100062fe:	061b      	lsls	r3, r3, #24
10006300:	681c      	ldr	r4, [r3, #0]
10006302:	4b23      	ldr	r3, [pc, #140]	; (10006390 <__wrap_putchar+0xa4>)
10006304:	4680      	mov	r8, r0
10006306:	a901      	add	r1, sp, #4
10006308:	0018      	movs	r0, r3
1000630a:	4699      	mov	r9, r3
1000630c:	f003 f940 	bl	10009590 <__mutex_try_enter_veneer>
10006310:	1e07      	subs	r7, r0, #0
10006312:	d027      	beq.n	10006364 <__wrap_putchar+0x78>
10006314:	4b1f      	ldr	r3, [pc, #124]	; (10006394 <__wrap_putchar+0xa8>)
10006316:	681c      	ldr	r4, [r3, #0]
10006318:	2c00      	cmp	r4, #0
1000631a:	d02f      	beq.n	1000637c <__wrap_putchar+0x90>
1000631c:	4d1e      	ldr	r5, [pc, #120]	; (10006398 <__wrap_putchar+0xac>)
1000631e:	e002      	b.n	10006326 <__wrap_putchar+0x3a>
10006320:	68e4      	ldr	r4, [r4, #12]
10006322:	2c00      	cmp	r4, #0
10006324:	d012      	beq.n	1000634c <__wrap_putchar+0x60>
10006326:	6822      	ldr	r2, [r4, #0]
10006328:	2a00      	cmp	r2, #0
1000632a:	d0f9      	beq.n	10006320 <__wrap_putchar+0x34>
1000632c:	682b      	ldr	r3, [r5, #0]
1000632e:	2b00      	cmp	r3, #0
10006330:	d001      	beq.n	10006336 <__wrap_putchar+0x4a>
10006332:	429c      	cmp	r4, r3
10006334:	d1f4      	bne.n	10006320 <__wrap_putchar+0x34>
10006336:	7c63      	ldrb	r3, [r4, #17]
10006338:	2b00      	cmp	r3, #0
1000633a:	d00f      	beq.n	1000635c <__wrap_putchar+0x70>
1000633c:	0020      	movs	r0, r4
1000633e:	2201      	movs	r2, #1
10006340:	0031      	movs	r1, r6
10006342:	f7ff ff57 	bl	100061f4 <stdio_out_chars_crlf.part.0>
10006346:	68e4      	ldr	r4, [r4, #12]
10006348:	2c00      	cmp	r4, #0
1000634a:	d1ec      	bne.n	10006326 <__wrap_putchar+0x3a>
1000634c:	2f00      	cmp	r7, #0
1000634e:	d115      	bne.n	1000637c <__wrap_putchar+0x90>
10006350:	4640      	mov	r0, r8
10006352:	b003      	add	sp, #12
10006354:	bcc0      	pop	{r6, r7}
10006356:	46b9      	mov	r9, r7
10006358:	46b0      	mov	r8, r6
1000635a:	bdf0      	pop	{r4, r5, r6, r7, pc}
1000635c:	2101      	movs	r1, #1
1000635e:	0030      	movs	r0, r6
10006360:	4790      	blx	r2
10006362:	e7dd      	b.n	10006320 <__wrap_putchar+0x34>
10006364:	9b01      	ldr	r3, [sp, #4]
10006366:	429c      	cmp	r4, r3
10006368:	d00c      	beq.n	10006384 <__wrap_putchar+0x98>
1000636a:	4648      	mov	r0, r9
1000636c:	f003 f920 	bl	100095b0 <__mutex_enter_blocking_veneer>
10006370:	4b08      	ldr	r3, [pc, #32]	; (10006394 <__wrap_putchar+0xa8>)
10006372:	681c      	ldr	r4, [r3, #0]
10006374:	2c00      	cmp	r4, #0
10006376:	d001      	beq.n	1000637c <__wrap_putchar+0x90>
10006378:	2701      	movs	r7, #1
1000637a:	e7cf      	b.n	1000631c <__wrap_putchar+0x30>
1000637c:	4648      	mov	r0, r9
1000637e:	f003 f8ef 	bl	10009560 <__mutex_exit_veneer>
10006382:	e7e5      	b.n	10006350 <__wrap_putchar+0x64>
10006384:	4b03      	ldr	r3, [pc, #12]	; (10006394 <__wrap_putchar+0xa8>)
10006386:	681c      	ldr	r4, [r3, #0]
10006388:	2c00      	cmp	r4, #0
1000638a:	d1c7      	bne.n	1000631c <__wrap_putchar+0x30>
1000638c:	e7e0      	b.n	10006350 <__wrap_putchar+0x64>
1000638e:	46c0      	nop			; (mov r8, r8)
10006390:	20000b6c 	.word	0x20000b6c
10006394:	200014d0 	.word	0x200014d0
10006398:	200014d8 	.word	0x200014d8

1000639c <__wrap_puts>:
1000639c:	b5f0      	push	{r4, r5, r6, r7, lr}
1000639e:	46de      	mov	lr, fp
100063a0:	4657      	mov	r7, sl
100063a2:	464e      	mov	r6, r9
100063a4:	4645      	mov	r5, r8
100063a6:	b5e0      	push	{r5, r6, r7, lr}
100063a8:	b085      	sub	sp, #20
100063aa:	0007      	movs	r7, r0
100063ac:	f002 ff0a 	bl	100091c4 <strlen>
100063b0:	23d0      	movs	r3, #208	; 0xd0
100063b2:	061b      	lsls	r3, r3, #24
100063b4:	681c      	ldr	r4, [r3, #0]
100063b6:	4b40      	ldr	r3, [pc, #256]	; (100064b8 <__wrap_puts+0x11c>)
100063b8:	ad03      	add	r5, sp, #12
100063ba:	0006      	movs	r6, r0
100063bc:	0029      	movs	r1, r5
100063be:	0018      	movs	r0, r3
100063c0:	9301      	str	r3, [sp, #4]
100063c2:	f003 f8e5 	bl	10009590 <__mutex_try_enter_veneer>
100063c6:	4683      	mov	fp, r0
100063c8:	2800      	cmp	r0, #0
100063ca:	d060      	beq.n	1000648e <__wrap_puts+0xf2>
100063cc:	4b3b      	ldr	r3, [pc, #236]	; (100064bc <__wrap_puts+0x120>)
100063ce:	681c      	ldr	r4, [r3, #0]
100063d0:	469a      	mov	sl, r3
100063d2:	2c00      	cmp	r4, #0
100063d4:	d057      	beq.n	10006486 <__wrap_puts+0xea>
100063d6:	4b3a      	ldr	r3, [pc, #232]	; (100064c0 <__wrap_puts+0x124>)
100063d8:	4698      	mov	r8, r3
100063da:	230a      	movs	r3, #10
100063dc:	4699      	mov	r9, r3
100063de:	e002      	b.n	100063e6 <__wrap_puts+0x4a>
100063e0:	68e4      	ldr	r4, [r4, #12]
100063e2:	2c00      	cmp	r4, #0
100063e4:	d024      	beq.n	10006430 <__wrap_puts+0x94>
100063e6:	6822      	ldr	r2, [r4, #0]
100063e8:	2a00      	cmp	r2, #0
100063ea:	d0f9      	beq.n	100063e0 <__wrap_puts+0x44>
100063ec:	4643      	mov	r3, r8
100063ee:	681b      	ldr	r3, [r3, #0]
100063f0:	2b00      	cmp	r3, #0
100063f2:	d001      	beq.n	100063f8 <__wrap_puts+0x5c>
100063f4:	42a3      	cmp	r3, r4
100063f6:	d1f3      	bne.n	100063e0 <__wrap_puts+0x44>
100063f8:	7c63      	ldrb	r3, [r4, #17]
100063fa:	2b00      	cmp	r3, #0
100063fc:	d02e      	beq.n	1000645c <__wrap_puts+0xc0>
100063fe:	0032      	movs	r2, r6
10006400:	0039      	movs	r1, r7
10006402:	0020      	movs	r0, r4
10006404:	f7ff fef6 	bl	100061f4 <stdio_out_chars_crlf.part.0>
10006408:	464b      	mov	r3, r9
1000640a:	702b      	strb	r3, [r5, #0]
1000640c:	7c63      	ldrb	r3, [r4, #17]
1000640e:	6822      	ldr	r2, [r4, #0]
10006410:	2b00      	cmp	r3, #0
10006412:	d02c      	beq.n	1000646e <__wrap_puts+0xd2>
10006414:	7c23      	ldrb	r3, [r4, #16]
10006416:	2b00      	cmp	r3, #0
10006418:	d12d      	bne.n	10006476 <__wrap_puts+0xda>
1000641a:	2102      	movs	r1, #2
1000641c:	4829      	ldr	r0, [pc, #164]	; (100064c4 <__wrap_puts+0x128>)
1000641e:	4790      	blx	r2
10006420:	782b      	ldrb	r3, [r5, #0]
10006422:	3b0d      	subs	r3, #13
10006424:	425a      	negs	r2, r3
10006426:	4153      	adcs	r3, r2
10006428:	7423      	strb	r3, [r4, #16]
1000642a:	68e4      	ldr	r4, [r4, #12]
1000642c:	2c00      	cmp	r4, #0
1000642e:	d1da      	bne.n	100063e6 <__wrap_puts+0x4a>
10006430:	465b      	mov	r3, fp
10006432:	2b00      	cmp	r3, #0
10006434:	d127      	bne.n	10006486 <__wrap_puts+0xea>
10006436:	4653      	mov	r3, sl
10006438:	681c      	ldr	r4, [r3, #0]
1000643a:	2c00      	cmp	r4, #0
1000643c:	d006      	beq.n	1000644c <__wrap_puts+0xb0>
1000643e:	6863      	ldr	r3, [r4, #4]
10006440:	2b00      	cmp	r3, #0
10006442:	d01c      	beq.n	1000647e <__wrap_puts+0xe2>
10006444:	4798      	blx	r3
10006446:	68e4      	ldr	r4, [r4, #12]
10006448:	2c00      	cmp	r4, #0
1000644a:	d1f8      	bne.n	1000643e <__wrap_puts+0xa2>
1000644c:	0030      	movs	r0, r6
1000644e:	b005      	add	sp, #20
10006450:	bcf0      	pop	{r4, r5, r6, r7}
10006452:	46bb      	mov	fp, r7
10006454:	46b2      	mov	sl, r6
10006456:	46a9      	mov	r9, r5
10006458:	46a0      	mov	r8, r4
1000645a:	bdf0      	pop	{r4, r5, r6, r7, pc}
1000645c:	0031      	movs	r1, r6
1000645e:	0038      	movs	r0, r7
10006460:	4790      	blx	r2
10006462:	464b      	mov	r3, r9
10006464:	702b      	strb	r3, [r5, #0]
10006466:	7c63      	ldrb	r3, [r4, #17]
10006468:	6822      	ldr	r2, [r4, #0]
1000646a:	2b00      	cmp	r3, #0
1000646c:	d1d2      	bne.n	10006414 <__wrap_puts+0x78>
1000646e:	2101      	movs	r1, #1
10006470:	0028      	movs	r0, r5
10006472:	4790      	blx	r2
10006474:	e7b4      	b.n	100063e0 <__wrap_puts+0x44>
10006476:	2101      	movs	r1, #1
10006478:	0028      	movs	r0, r5
1000647a:	4790      	blx	r2
1000647c:	e7d0      	b.n	10006420 <__wrap_puts+0x84>
1000647e:	68e4      	ldr	r4, [r4, #12]
10006480:	2c00      	cmp	r4, #0
10006482:	d1dc      	bne.n	1000643e <__wrap_puts+0xa2>
10006484:	e7e2      	b.n	1000644c <__wrap_puts+0xb0>
10006486:	9801      	ldr	r0, [sp, #4]
10006488:	f003 f86a 	bl	10009560 <__mutex_exit_veneer>
1000648c:	e7d3      	b.n	10006436 <__wrap_puts+0x9a>
1000648e:	9b03      	ldr	r3, [sp, #12]
10006490:	429c      	cmp	r4, r3
10006492:	d00a      	beq.n	100064aa <__wrap_puts+0x10e>
10006494:	9801      	ldr	r0, [sp, #4]
10006496:	f003 f88b 	bl	100095b0 <__mutex_enter_blocking_veneer>
1000649a:	4b08      	ldr	r3, [pc, #32]	; (100064bc <__wrap_puts+0x120>)
1000649c:	681c      	ldr	r4, [r3, #0]
1000649e:	469a      	mov	sl, r3
100064a0:	2c00      	cmp	r4, #0
100064a2:	d0f0      	beq.n	10006486 <__wrap_puts+0xea>
100064a4:	2301      	movs	r3, #1
100064a6:	469b      	mov	fp, r3
100064a8:	e795      	b.n	100063d6 <__wrap_puts+0x3a>
100064aa:	4b04      	ldr	r3, [pc, #16]	; (100064bc <__wrap_puts+0x120>)
100064ac:	681c      	ldr	r4, [r3, #0]
100064ae:	469a      	mov	sl, r3
100064b0:	2c00      	cmp	r4, #0
100064b2:	d190      	bne.n	100063d6 <__wrap_puts+0x3a>
100064b4:	e7ca      	b.n	1000644c <__wrap_puts+0xb0>
100064b6:	46c0      	nop			; (mov r8, r8)
100064b8:	20000b6c 	.word	0x20000b6c
100064bc:	200014d0 	.word	0x200014d0
100064c0:	200014d8 	.word	0x200014d8
100064c4:	10009a90 	.word	0x10009a90

100064c8 <stdio_set_driver_enabled>:
100064c8:	4a0d      	ldr	r2, [pc, #52]	; (10006500 <stdio_set_driver_enabled+0x38>)
100064ca:	6813      	ldr	r3, [r2, #0]
100064cc:	2b00      	cmp	r3, #0
100064ce:	d013      	beq.n	100064f8 <stdio_set_driver_enabled+0x30>
100064d0:	4283      	cmp	r3, r0
100064d2:	d102      	bne.n	100064da <stdio_set_driver_enabled+0x12>
100064d4:	e009      	b.n	100064ea <stdio_set_driver_enabled+0x22>
100064d6:	4298      	cmp	r0, r3
100064d8:	d008      	beq.n	100064ec <stdio_set_driver_enabled+0x24>
100064da:	001a      	movs	r2, r3
100064dc:	68db      	ldr	r3, [r3, #12]
100064de:	2b00      	cmp	r3, #0
100064e0:	d1f9      	bne.n	100064d6 <stdio_set_driver_enabled+0xe>
100064e2:	2900      	cmp	r1, #0
100064e4:	d000      	beq.n	100064e8 <stdio_set_driver_enabled+0x20>
100064e6:	60d0      	str	r0, [r2, #12]
100064e8:	4770      	bx	lr
100064ea:	001a      	movs	r2, r3
100064ec:	2900      	cmp	r1, #0
100064ee:	d1fb      	bne.n	100064e8 <stdio_set_driver_enabled+0x20>
100064f0:	68db      	ldr	r3, [r3, #12]
100064f2:	60d3      	str	r3, [r2, #12]
100064f4:	60c1      	str	r1, [r0, #12]
100064f6:	e7f7      	b.n	100064e8 <stdio_set_driver_enabled+0x20>
100064f8:	2900      	cmp	r1, #0
100064fa:	d0f5      	beq.n	100064e8 <stdio_set_driver_enabled+0x20>
100064fc:	6010      	str	r0, [r2, #0]
100064fe:	e7f3      	b.n	100064e8 <stdio_set_driver_enabled+0x20>
10006500:	200014d0 	.word	0x200014d0

10006504 <__wrap_vprintf>:
10006504:	b5f0      	push	{r4, r5, r6, r7, lr}
10006506:	4646      	mov	r6, r8
10006508:	46d6      	mov	lr, sl
1000650a:	464f      	mov	r7, r9
1000650c:	23d0      	movs	r3, #208	; 0xd0
1000650e:	b5c0      	push	{r6, r7, lr}
10006510:	061b      	lsls	r3, r3, #24
10006512:	681f      	ldr	r7, [r3, #0]
10006514:	4b31      	ldr	r3, [pc, #196]	; (100065dc <__wrap_vprintf+0xd8>)
10006516:	b0a2      	sub	sp, #136	; 0x88
10006518:	0004      	movs	r4, r0
1000651a:	000d      	movs	r5, r1
1000651c:	0018      	movs	r0, r3
1000651e:	a901      	add	r1, sp, #4
10006520:	4698      	mov	r8, r3
10006522:	f003 f835 	bl	10009590 <__mutex_try_enter_veneer>
10006526:	1e06      	subs	r6, r0, #0
10006528:	d023      	beq.n	10006572 <__wrap_vprintf+0x6e>
1000652a:	2601      	movs	r6, #1
1000652c:	2284      	movs	r2, #132	; 0x84
1000652e:	2100      	movs	r1, #0
10006530:	a801      	add	r0, sp, #4
10006532:	f7ff fe53 	bl	100061dc <__wrap_memset>
10006536:	002b      	movs	r3, r5
10006538:	0022      	movs	r2, r4
1000653a:	4829      	ldr	r0, [pc, #164]	; (100065e0 <__wrap_vprintf+0xdc>)
1000653c:	a901      	add	r1, sp, #4
1000653e:	f7fe fe9f 	bl	10005280 <vfctprintf>
10006542:	9b01      	ldr	r3, [sp, #4]
10006544:	4681      	mov	r9, r0
10006546:	2b00      	cmp	r3, #0
10006548:	d11c      	bne.n	10006584 <__wrap_vprintf+0x80>
1000654a:	4b26      	ldr	r3, [pc, #152]	; (100065e4 <__wrap_vprintf+0xe0>)
1000654c:	681c      	ldr	r4, [r3, #0]
1000654e:	2c00      	cmp	r4, #0
10006550:	d006      	beq.n	10006560 <__wrap_vprintf+0x5c>
10006552:	6863      	ldr	r3, [r4, #4]
10006554:	2b00      	cmp	r3, #0
10006556:	d013      	beq.n	10006580 <__wrap_vprintf+0x7c>
10006558:	4798      	blx	r3
1000655a:	68e4      	ldr	r4, [r4, #12]
1000655c:	2c00      	cmp	r4, #0
1000655e:	d1f8      	bne.n	10006552 <__wrap_vprintf+0x4e>
10006560:	2e00      	cmp	r6, #0
10006562:	d134      	bne.n	100065ce <__wrap_vprintf+0xca>
10006564:	4648      	mov	r0, r9
10006566:	b022      	add	sp, #136	; 0x88
10006568:	bce0      	pop	{r5, r6, r7}
1000656a:	46ba      	mov	sl, r7
1000656c:	46b1      	mov	r9, r6
1000656e:	46a8      	mov	r8, r5
10006570:	bdf0      	pop	{r4, r5, r6, r7, pc}
10006572:	9b01      	ldr	r3, [sp, #4]
10006574:	429f      	cmp	r7, r3
10006576:	d0d9      	beq.n	1000652c <__wrap_vprintf+0x28>
10006578:	4640      	mov	r0, r8
1000657a:	f003 f819 	bl	100095b0 <__mutex_enter_blocking_veneer>
1000657e:	e7d4      	b.n	1000652a <__wrap_vprintf+0x26>
10006580:	68e4      	ldr	r4, [r4, #12]
10006582:	e7e4      	b.n	1000654e <__wrap_vprintf+0x4a>
10006584:	4b17      	ldr	r3, [pc, #92]	; (100065e4 <__wrap_vprintf+0xe0>)
10006586:	681d      	ldr	r5, [r3, #0]
10006588:	469a      	mov	sl, r3
1000658a:	2d00      	cmp	r5, #0
1000658c:	d023      	beq.n	100065d6 <__wrap_vprintf+0xd2>
1000658e:	4f16      	ldr	r7, [pc, #88]	; (100065e8 <__wrap_vprintf+0xe4>)
10006590:	e002      	b.n	10006598 <__wrap_vprintf+0x94>
10006592:	68ed      	ldr	r5, [r5, #12]
10006594:	2d00      	cmp	r5, #0
10006596:	d012      	beq.n	100065be <__wrap_vprintf+0xba>
10006598:	682c      	ldr	r4, [r5, #0]
1000659a:	2c00      	cmp	r4, #0
1000659c:	d0f9      	beq.n	10006592 <__wrap_vprintf+0x8e>
1000659e:	683b      	ldr	r3, [r7, #0]
100065a0:	2b00      	cmp	r3, #0
100065a2:	d001      	beq.n	100065a8 <__wrap_vprintf+0xa4>
100065a4:	42ab      	cmp	r3, r5
100065a6:	d1f4      	bne.n	10006592 <__wrap_vprintf+0x8e>
100065a8:	7c6b      	ldrb	r3, [r5, #17]
100065aa:	9a01      	ldr	r2, [sp, #4]
100065ac:	2b00      	cmp	r3, #0
100065ae:	d00a      	beq.n	100065c6 <__wrap_vprintf+0xc2>
100065b0:	0028      	movs	r0, r5
100065b2:	a902      	add	r1, sp, #8
100065b4:	f7ff fe1e 	bl	100061f4 <stdio_out_chars_crlf.part.0>
100065b8:	68ed      	ldr	r5, [r5, #12]
100065ba:	2d00      	cmp	r5, #0
100065bc:	d1ec      	bne.n	10006598 <__wrap_vprintf+0x94>
100065be:	4653      	mov	r3, sl
100065c0:	9501      	str	r5, [sp, #4]
100065c2:	681c      	ldr	r4, [r3, #0]
100065c4:	e7c3      	b.n	1000654e <__wrap_vprintf+0x4a>
100065c6:	0011      	movs	r1, r2
100065c8:	a802      	add	r0, sp, #8
100065ca:	47a0      	blx	r4
100065cc:	e7e1      	b.n	10006592 <__wrap_vprintf+0x8e>
100065ce:	4640      	mov	r0, r8
100065d0:	f002 ffc6 	bl	10009560 <__mutex_exit_veneer>
100065d4:	e7c6      	b.n	10006564 <__wrap_vprintf+0x60>
100065d6:	9501      	str	r5, [sp, #4]
100065d8:	e7c2      	b.n	10006560 <__wrap_vprintf+0x5c>
100065da:	46c0      	nop			; (mov r8, r8)
100065dc:	20000b6c 	.word	0x20000b6c
100065e0:	10006275 	.word	0x10006275
100065e4:	200014d0 	.word	0x200014d0
100065e8:	200014d8 	.word	0x200014d8

100065ec <__wrap_printf>:
100065ec:	b40f      	push	{r0, r1, r2, r3}
100065ee:	b500      	push	{lr}
100065f0:	b083      	sub	sp, #12
100065f2:	a904      	add	r1, sp, #16
100065f4:	c901      	ldmia	r1!, {r0}
100065f6:	9101      	str	r1, [sp, #4]
100065f8:	f7ff ff84 	bl	10006504 <__wrap_vprintf>
100065fc:	b003      	add	sp, #12
100065fe:	bc08      	pop	{r3}
10006600:	b004      	add	sp, #16
10006602:	4718      	bx	r3

10006604 <stdio_init_all>:
10006604:	b510      	push	{r4, lr}
10006606:	f000 f845 	bl	10006694 <stdio_uart_init>
1000660a:	f000 f997 	bl	1000693c <stdio_usb_init>
1000660e:	bd10      	pop	{r4, pc}

10006610 <stdio_uart_out_chars>:
10006610:	b5f0      	push	{r4, r5, r6, r7, lr}
10006612:	2900      	cmp	r1, #0
10006614:	dd15      	ble.n	10006642 <stdio_uart_out_chars+0x32>
10006616:	4b0e      	ldr	r3, [pc, #56]	; (10006650 <stdio_uart_out_chars+0x40>)
10006618:	270d      	movs	r7, #13
1000661a:	681a      	ldr	r2, [r3, #0]
1000661c:	4b0d      	ldr	r3, [pc, #52]	; (10006654 <stdio_uart_out_chars+0x44>)
1000661e:	4c0e      	ldr	r4, [pc, #56]	; (10006658 <stdio_uart_out_chars+0x48>)
10006620:	18d3      	adds	r3, r2, r3
10006622:	425d      	negs	r5, r3
10006624:	416b      	adcs	r3, r5
10006626:	1845      	adds	r5, r0, r1
10006628:	2120      	movs	r1, #32
1000662a:	005b      	lsls	r3, r3, #1
1000662c:	5f1e      	ldrsh	r6, [r3, r4]
1000662e:	7804      	ldrb	r4, [r0, #0]
10006630:	42a6      	cmp	r6, r4
10006632:	d007      	beq.n	10006644 <stdio_uart_out_chars+0x34>
10006634:	6993      	ldr	r3, [r2, #24]
10006636:	4219      	tst	r1, r3
10006638:	d1fc      	bne.n	10006634 <stdio_uart_out_chars+0x24>
1000663a:	3001      	adds	r0, #1
1000663c:	6014      	str	r4, [r2, #0]
1000663e:	42a8      	cmp	r0, r5
10006640:	d1f5      	bne.n	1000662e <stdio_uart_out_chars+0x1e>
10006642:	bdf0      	pop	{r4, r5, r6, r7, pc}
10006644:	6993      	ldr	r3, [r2, #24]
10006646:	4219      	tst	r1, r3
10006648:	d1fc      	bne.n	10006644 <stdio_uart_out_chars+0x34>
1000664a:	6017      	str	r7, [r2, #0]
1000664c:	e7f2      	b.n	10006634 <stdio_uart_out_chars+0x24>
1000664e:	46c0      	nop			; (mov r8, r8)
10006650:	20001e90 	.word	0x20001e90
10006654:	bffc8000 	.word	0xbffc8000
10006658:	20001e8c 	.word	0x20001e8c

1000665c <stdio_uart_in_chars>:
1000665c:	b530      	push	{r4, r5, lr}
1000665e:	0005      	movs	r5, r0
10006660:	2900      	cmp	r1, #0
10006662:	dd12      	ble.n	1000668a <stdio_uart_in_chars+0x2e>
10006664:	2000      	movs	r0, #0
10006666:	2410      	movs	r4, #16
10006668:	4b09      	ldr	r3, [pc, #36]	; (10006690 <stdio_uart_in_chars+0x34>)
1000666a:	3d01      	subs	r5, #1
1000666c:	681a      	ldr	r2, [r3, #0]
1000666e:	6993      	ldr	r3, [r2, #24]
10006670:	421c      	tst	r4, r3
10006672:	d108      	bne.n	10006686 <stdio_uart_in_chars+0x2a>
10006674:	3001      	adds	r0, #1
10006676:	6993      	ldr	r3, [r2, #24]
10006678:	421c      	tst	r4, r3
1000667a:	d1fc      	bne.n	10006676 <stdio_uart_in_chars+0x1a>
1000667c:	6813      	ldr	r3, [r2, #0]
1000667e:	542b      	strb	r3, [r5, r0]
10006680:	4281      	cmp	r1, r0
10006682:	d1f4      	bne.n	1000666e <stdio_uart_in_chars+0x12>
10006684:	bd30      	pop	{r4, r5, pc}
10006686:	2800      	cmp	r0, #0
10006688:	d1fc      	bne.n	10006684 <stdio_uart_in_chars+0x28>
1000668a:	2003      	movs	r0, #3
1000668c:	4240      	negs	r0, r0
1000668e:	e7f9      	b.n	10006684 <stdio_uart_in_chars+0x28>
10006690:	20001e90 	.word	0x20001e90

10006694 <stdio_uart_init>:
10006694:	21e1      	movs	r1, #225	; 0xe1
10006696:	b510      	push	{r4, lr}
10006698:	4b0b      	ldr	r3, [pc, #44]	; (100066c8 <stdio_uart_init+0x34>)
1000669a:	480c      	ldr	r0, [pc, #48]	; (100066cc <stdio_uart_init+0x38>)
1000669c:	781b      	ldrb	r3, [r3, #0]
1000669e:	4b0c      	ldr	r3, [pc, #48]	; (100066d0 <stdio_uart_init+0x3c>)
100066a0:	0249      	lsls	r1, r1, #9
100066a2:	781b      	ldrb	r3, [r3, #0]
100066a4:	4b0b      	ldr	r3, [pc, #44]	; (100066d4 <stdio_uart_init+0x40>)
100066a6:	6018      	str	r0, [r3, #0]
100066a8:	f7fb fdf8 	bl	1000229c <uart_init>
100066ac:	2102      	movs	r1, #2
100066ae:	2000      	movs	r0, #0
100066b0:	f7fb fcac 	bl	1000200c <gpio_set_function>
100066b4:	2102      	movs	r1, #2
100066b6:	2001      	movs	r0, #1
100066b8:	f7fb fca8 	bl	1000200c <gpio_set_function>
100066bc:	2101      	movs	r1, #1
100066be:	4806      	ldr	r0, [pc, #24]	; (100066d8 <stdio_uart_init+0x44>)
100066c0:	f7ff ff02 	bl	100064c8 <stdio_set_driver_enabled>
100066c4:	bd10      	pop	{r4, pc}
100066c6:	46c0      	nop			; (mov r8, r8)
100066c8:	10009d9c 	.word	0x10009d9c
100066cc:	40034000 	.word	0x40034000
100066d0:	10009d98 	.word	0x10009d98
100066d4:	20001e90 	.word	0x20001e90
100066d8:	200002d0 	.word	0x200002d0

100066dc <resetd_init>:
100066dc:	4770      	bx	lr
100066de:	46c0      	nop			; (mov r8, r8)

100066e0 <resetd_reset>:
100066e0:	2200      	movs	r2, #0
100066e2:	4b01      	ldr	r3, [pc, #4]	; (100066e8 <resetd_reset+0x8>)
100066e4:	701a      	strb	r2, [r3, #0]
100066e6:	4770      	bx	lr
100066e8:	20001e9e 	.word	0x20001e9e

100066ec <resetd_open>:
100066ec:	794b      	ldrb	r3, [r1, #5]
100066ee:	2000      	movs	r0, #0
100066f0:	2bff      	cmp	r3, #255	; 0xff
100066f2:	d10b      	bne.n	1000670c <resetd_open+0x20>
100066f4:	798b      	ldrb	r3, [r1, #6]
100066f6:	2b00      	cmp	r3, #0
100066f8:	d108      	bne.n	1000670c <resetd_open+0x20>
100066fa:	79cb      	ldrb	r3, [r1, #7]
100066fc:	2b01      	cmp	r3, #1
100066fe:	d105      	bne.n	1000670c <resetd_open+0x20>
10006700:	2a08      	cmp	r2, #8
10006702:	d903      	bls.n	1000670c <resetd_open+0x20>
10006704:	4b02      	ldr	r3, [pc, #8]	; (10006710 <resetd_open+0x24>)
10006706:	788a      	ldrb	r2, [r1, #2]
10006708:	3009      	adds	r0, #9
1000670a:	701a      	strb	r2, [r3, #0]
1000670c:	4770      	bx	lr
1000670e:	46c0      	nop			; (mov r8, r8)
10006710:	20001e9e 	.word	0x20001e9e

10006714 <resetd_control_complete_cb>:
10006714:	2001      	movs	r0, #1
10006716:	4770      	bx	lr

10006718 <resetd_xfer_cb>:
10006718:	2001      	movs	r0, #1
1000671a:	4770      	bx	lr

1000671c <resetd_control_request_cb>:
1000671c:	b570      	push	{r4, r5, r6, lr}
1000671e:	4a14      	ldr	r2, [pc, #80]	; (10006770 <resetd_control_request_cb+0x54>)
10006720:	794b      	ldrb	r3, [r1, #5]
10006722:	7908      	ldrb	r0, [r1, #4]
10006724:	7812      	ldrb	r2, [r2, #0]
10006726:	021b      	lsls	r3, r3, #8
10006728:	4303      	orrs	r3, r0
1000672a:	2000      	movs	r0, #0
1000672c:	429a      	cmp	r2, r3
1000672e:	d000      	beq.n	10006732 <resetd_control_request_cb+0x16>
10006730:	bd70      	pop	{r4, r5, r6, pc}
10006732:	784b      	ldrb	r3, [r1, #1]
10006734:	2b01      	cmp	r3, #1
10006736:	d008      	beq.n	1000674a <resetd_control_request_cb+0x2e>
10006738:	2b02      	cmp	r3, #2
1000673a:	d1f9      	bne.n	10006730 <resetd_control_request_cb+0x14>
1000673c:	2000      	movs	r0, #0
1000673e:	2264      	movs	r2, #100	; 0x64
10006740:	2100      	movs	r1, #0
10006742:	f7fc fff1 	bl	10003728 <watchdog_reboot>
10006746:	2001      	movs	r0, #1
10006748:	e7f2      	b.n	10006730 <resetd_control_request_cb+0x14>
1000674a:	78ca      	ldrb	r2, [r1, #3]
1000674c:	788c      	ldrb	r4, [r1, #2]
1000674e:	0212      	lsls	r2, r2, #8
10006750:	0005      	movs	r5, r0
10006752:	4314      	orrs	r4, r2
10006754:	05d2      	lsls	r2, r2, #23
10006756:	d502      	bpl.n	1000675e <resetd_control_request_cb+0x42>
10006758:	0a62      	lsrs	r2, r4, #9
1000675a:	4093      	lsls	r3, r2
1000675c:	001d      	movs	r5, r3
1000675e:	4805      	ldr	r0, [pc, #20]	; (10006774 <resetd_control_request_cb+0x58>)
10006760:	f7fe fdbe 	bl	100052e0 <rom_func_lookup>
10006764:	217f      	movs	r1, #127	; 0x7f
10006766:	0003      	movs	r3, r0
10006768:	4021      	ands	r1, r4
1000676a:	0028      	movs	r0, r5
1000676c:	4798      	blx	r3
1000676e:	46c0      	nop			; (mov r8, r8)
10006770:	20001e9e 	.word	0x20001e9e
10006774:	00004255 	.word	0x00004255

10006778 <usbd_app_driver_get_cb>:
10006778:	2301      	movs	r3, #1
1000677a:	7003      	strb	r3, [r0, #0]
1000677c:	4800      	ldr	r0, [pc, #0]	; (10006780 <usbd_app_driver_get_cb+0x8>)
1000677e:	4770      	bx	lr
10006780:	10009ad4 	.word	0x10009ad4

10006784 <tud_cdc_line_coding_cb>:
10006784:	784b      	ldrb	r3, [r1, #1]
10006786:	780a      	ldrb	r2, [r1, #0]
10006788:	021b      	lsls	r3, r3, #8
1000678a:	4313      	orrs	r3, r2
1000678c:	788a      	ldrb	r2, [r1, #2]
1000678e:	b510      	push	{r4, lr}
10006790:	0412      	lsls	r2, r2, #16
10006792:	431a      	orrs	r2, r3
10006794:	78cb      	ldrb	r3, [r1, #3]
10006796:	061b      	lsls	r3, r3, #24
10006798:	4313      	orrs	r3, r2
1000679a:	2296      	movs	r2, #150	; 0x96
1000679c:	00d2      	lsls	r2, r2, #3
1000679e:	4293      	cmp	r3, r2
100067a0:	d000      	beq.n	100067a4 <tud_cdc_line_coding_cb+0x20>
100067a2:	bd10      	pop	{r4, pc}
100067a4:	4803      	ldr	r0, [pc, #12]	; (100067b4 <tud_cdc_line_coding_cb+0x30>)
100067a6:	f7fe fd9b 	bl	100052e0 <rom_func_lookup>
100067aa:	2100      	movs	r1, #0
100067ac:	0003      	movs	r3, r0
100067ae:	0008      	movs	r0, r1
100067b0:	4798      	blx	r3
100067b2:	46c0      	nop			; (mov r8, r8)
100067b4:	00004255 	.word	0x00004255

100067b8 <stdio_usb_in_chars>:
100067b8:	b570      	push	{r4, r5, r6, lr}
100067ba:	4c18      	ldr	r4, [pc, #96]	; (1000681c <stdio_usb_in_chars+0x64>)
100067bc:	b082      	sub	sp, #8
100067be:	0006      	movs	r6, r0
100067c0:	000d      	movs	r5, r1
100067c2:	0020      	movs	r0, r4
100067c4:	a901      	add	r1, sp, #4
100067c6:	f002 fee3 	bl	10009590 <__mutex_try_enter_veneer>
100067ca:	2800      	cmp	r0, #0
100067cc:	d108      	bne.n	100067e0 <stdio_usb_in_chars+0x28>
100067ce:	23d0      	movs	r3, #208	; 0xd0
100067d0:	061b      	lsls	r3, r3, #24
100067d2:	9a01      	ldr	r2, [sp, #4]
100067d4:	681b      	ldr	r3, [r3, #0]
100067d6:	429a      	cmp	r2, r3
100067d8:	d01c      	beq.n	10006814 <stdio_usb_in_chars+0x5c>
100067da:	0020      	movs	r0, r4
100067dc:	f002 fee8 	bl	100095b0 <__mutex_enter_blocking_veneer>
100067e0:	2000      	movs	r0, #0
100067e2:	f001 fbab 	bl	10007f3c <tud_cdc_n_connected>
100067e6:	2800      	cmp	r0, #0
100067e8:	d107      	bne.n	100067fa <stdio_usb_in_chars+0x42>
100067ea:	2503      	movs	r5, #3
100067ec:	426d      	negs	r5, r5
100067ee:	0020      	movs	r0, r4
100067f0:	f002 feb6 	bl	10009560 <__mutex_exit_veneer>
100067f4:	0028      	movs	r0, r5
100067f6:	b002      	add	sp, #8
100067f8:	bd70      	pop	{r4, r5, r6, pc}
100067fa:	2000      	movs	r0, #0
100067fc:	f001 fbb8 	bl	10007f70 <tud_cdc_n_available>
10006800:	2800      	cmp	r0, #0
10006802:	d0f2      	beq.n	100067ea <stdio_usb_in_chars+0x32>
10006804:	002a      	movs	r2, r5
10006806:	0031      	movs	r1, r6
10006808:	2000      	movs	r0, #0
1000680a:	f001 fbbf 	bl	10007f8c <tud_cdc_n_read>
1000680e:	1e05      	subs	r5, r0, #0
10006810:	d0eb      	beq.n	100067ea <stdio_usb_in_chars+0x32>
10006812:	e7ec      	b.n	100067ee <stdio_usb_in_chars+0x36>
10006814:	2503      	movs	r5, #3
10006816:	426d      	negs	r5, r5
10006818:	e7ec      	b.n	100067f4 <stdio_usb_in_chars+0x3c>
1000681a:	46c0      	nop			; (mov r8, r8)
1000681c:	20001e74 	.word	0x20001e74

10006820 <stdio_usb_out_chars>:
10006820:	b5f0      	push	{r4, r5, r6, r7, lr}
10006822:	46de      	mov	lr, fp
10006824:	464e      	mov	r6, r9
10006826:	4657      	mov	r7, sl
10006828:	b5c0      	push	{r6, r7, lr}
1000682a:	4b34      	ldr	r3, [pc, #208]	; (100068fc <stdio_usb_out_chars+0xdc>)
1000682c:	b082      	sub	sp, #8
1000682e:	4681      	mov	r9, r0
10006830:	000d      	movs	r5, r1
10006832:	0018      	movs	r0, r3
10006834:	a901      	add	r1, sp, #4
10006836:	469b      	mov	fp, r3
10006838:	f002 feaa 	bl	10009590 <__mutex_try_enter_veneer>
1000683c:	2800      	cmp	r0, #0
1000683e:	d108      	bne.n	10006852 <stdio_usb_out_chars+0x32>
10006840:	23d0      	movs	r3, #208	; 0xd0
10006842:	061b      	lsls	r3, r3, #24
10006844:	9a01      	ldr	r2, [sp, #4]
10006846:	681b      	ldr	r3, [r3, #0]
10006848:	429a      	cmp	r2, r3
1000684a:	d050      	beq.n	100068ee <stdio_usb_out_chars+0xce>
1000684c:	4658      	mov	r0, fp
1000684e:	f002 feaf 	bl	100095b0 <__mutex_enter_blocking_veneer>
10006852:	2000      	movs	r0, #0
10006854:	f001 fb72 	bl	10007f3c <tud_cdc_n_connected>
10006858:	2800      	cmp	r0, #0
1000685a:	d040      	beq.n	100068de <stdio_usb_out_chars+0xbe>
1000685c:	2400      	movs	r4, #0
1000685e:	2d00      	cmp	r5, #0
10006860:	dd42      	ble.n	100068e8 <stdio_usb_out_chars+0xc8>
10006862:	4b27      	ldr	r3, [pc, #156]	; (10006900 <stdio_usb_out_chars+0xe0>)
10006864:	469a      	mov	sl, r3
10006866:	e012      	b.n	1000688e <stdio_usb_out_chars+0x6e>
10006868:	464b      	mov	r3, r9
1000686a:	2000      	movs	r0, #0
1000686c:	1919      	adds	r1, r3, r4
1000686e:	f001 fc17 	bl	100080a0 <tud_cdc_n_write>
10006872:	0006      	movs	r6, r0
10006874:	f000 fcbc 	bl	100071f0 <tud_task>
10006878:	2000      	movs	r0, #0
1000687a:	f001 fbc1 	bl	10008000 <tud_cdc_n_write_flush>
1000687e:	f7fc f9d5 	bl	10002c2c <time_us_64>
10006882:	4653      	mov	r3, sl
10006884:	6018      	str	r0, [r3, #0]
10006886:	6059      	str	r1, [r3, #4]
10006888:	19a4      	adds	r4, r4, r6
1000688a:	42ac      	cmp	r4, r5
1000688c:	da2c      	bge.n	100068e8 <stdio_usb_out_chars+0xc8>
1000688e:	2000      	movs	r0, #0
10006890:	f001 fc22 	bl	100080d8 <tud_cdc_n_write_available>
10006894:	1b2e      	subs	r6, r5, r4
10006896:	0002      	movs	r2, r0
10006898:	42b0      	cmp	r0, r6
1000689a:	dd00      	ble.n	1000689e <stdio_usb_out_chars+0x7e>
1000689c:	0032      	movs	r2, r6
1000689e:	2a00      	cmp	r2, #0
100068a0:	d1e2      	bne.n	10006868 <stdio_usb_out_chars+0x48>
100068a2:	f000 fca5 	bl	100071f0 <tud_task>
100068a6:	2000      	movs	r0, #0
100068a8:	f001 fbaa 	bl	10008000 <tud_cdc_n_write_flush>
100068ac:	2000      	movs	r0, #0
100068ae:	f001 fb45 	bl	10007f3c <tud_cdc_n_connected>
100068b2:	2800      	cmp	r0, #0
100068b4:	d018      	beq.n	100068e8 <stdio_usb_out_chars+0xc8>
100068b6:	2000      	movs	r0, #0
100068b8:	f001 fc0e 	bl	100080d8 <tud_cdc_n_write_available>
100068bc:	2800      	cmp	r0, #0
100068be:	d1e4      	bne.n	1000688a <stdio_usb_out_chars+0x6a>
100068c0:	f7fc f9b4 	bl	10002c2c <time_us_64>
100068c4:	2700      	movs	r7, #0
100068c6:	4653      	mov	r3, sl
100068c8:	4e0e      	ldr	r6, [pc, #56]	; (10006904 <stdio_usb_out_chars+0xe4>)
100068ca:	681a      	ldr	r2, [r3, #0]
100068cc:	685b      	ldr	r3, [r3, #4]
100068ce:	1992      	adds	r2, r2, r6
100068d0:	417b      	adcs	r3, r7
100068d2:	4299      	cmp	r1, r3
100068d4:	d808      	bhi.n	100068e8 <stdio_usb_out_chars+0xc8>
100068d6:	d1d8      	bne.n	1000688a <stdio_usb_out_chars+0x6a>
100068d8:	4290      	cmp	r0, r2
100068da:	d9d6      	bls.n	1000688a <stdio_usb_out_chars+0x6a>
100068dc:	e004      	b.n	100068e8 <stdio_usb_out_chars+0xc8>
100068de:	2000      	movs	r0, #0
100068e0:	2100      	movs	r1, #0
100068e2:	4b07      	ldr	r3, [pc, #28]	; (10006900 <stdio_usb_out_chars+0xe0>)
100068e4:	6018      	str	r0, [r3, #0]
100068e6:	6059      	str	r1, [r3, #4]
100068e8:	4658      	mov	r0, fp
100068ea:	f002 fe39 	bl	10009560 <__mutex_exit_veneer>
100068ee:	b002      	add	sp, #8
100068f0:	bce0      	pop	{r5, r6, r7}
100068f2:	46bb      	mov	fp, r7
100068f4:	46b2      	mov	sl, r6
100068f6:	46a9      	mov	r9, r5
100068f8:	bdf0      	pop	{r4, r5, r6, r7, pc}
100068fa:	46c0      	nop			; (mov r8, r8)
100068fc:	20001e74 	.word	0x20001e74
10006900:	20000db8 	.word	0x20000db8
10006904:	0007a120 	.word	0x0007a120

10006908 <timer_task>:
10006908:	201f      	movs	r0, #31
1000690a:	b510      	push	{r4, lr}
1000690c:	f7fc ffaa 	bl	10003864 <irq_set_pending>
10006910:	20fa      	movs	r0, #250	; 0xfa
10006912:	2100      	movs	r1, #0
10006914:	0080      	lsls	r0, r0, #2
10006916:	bd10      	pop	{r4, pc}

10006918 <low_priority_worker_irq>:
10006918:	b510      	push	{r4, lr}
1000691a:	4c07      	ldr	r4, [pc, #28]	; (10006938 <low_priority_worker_irq+0x20>)
1000691c:	2100      	movs	r1, #0
1000691e:	0020      	movs	r0, r4
10006920:	f002 fe36 	bl	10009590 <__mutex_try_enter_veneer>
10006924:	2800      	cmp	r0, #0
10006926:	d100      	bne.n	1000692a <low_priority_worker_irq+0x12>
10006928:	bd10      	pop	{r4, pc}
1000692a:	f000 fc61 	bl	100071f0 <tud_task>
1000692e:	0020      	movs	r0, r4
10006930:	f002 fe16 	bl	10009560 <__mutex_exit_veneer>
10006934:	e7f8      	b.n	10006928 <low_priority_worker_irq+0x10>
10006936:	46c0      	nop			; (mov r8, r8)
10006938:	20001e74 	.word	0x20001e74

1000693c <stdio_usb_init>:
1000693c:	b570      	push	{r4, r5, r6, lr}
1000693e:	4b1e      	ldr	r3, [pc, #120]	; (100069b8 <stdio_usb_init+0x7c>)
10006940:	b084      	sub	sp, #16
10006942:	781b      	ldrb	r3, [r3, #0]
10006944:	f001 fd94 	bl	10008470 <tusb_init>
10006948:	201f      	movs	r0, #31
1000694a:	491c      	ldr	r1, [pc, #112]	; (100069bc <stdio_usb_init+0x80>)
1000694c:	f7fc ff9a 	bl	10003884 <irq_set_exclusive_handler>
10006950:	2101      	movs	r1, #1
10006952:	201f      	movs	r0, #31
10006954:	f7fc ff74 	bl	10003840 <irq_set_enabled>
10006958:	4819      	ldr	r0, [pc, #100]	; (100069c0 <stdio_usb_init+0x84>)
1000695a:	f7fc fa5b 	bl	10002e14 <mutex_init>
1000695e:	f7fb ff3f 	bl	100027e0 <alarm_pool_get_default>
10006962:	0006      	movs	r6, r0
10006964:	f7fc f962 	bl	10002c2c <time_us_64>
10006968:	22fa      	movs	r2, #250	; 0xfa
1000696a:	0004      	movs	r4, r0
1000696c:	000d      	movs	r5, r1
1000696e:	2300      	movs	r3, #0
10006970:	0092      	lsls	r2, r2, #2
10006972:	1912      	adds	r2, r2, r4
10006974:	416b      	adcs	r3, r5
10006976:	4299      	cmp	r1, r3
10006978:	d814      	bhi.n	100069a4 <stdio_usb_init+0x68>
1000697a:	d011      	beq.n	100069a0 <stdio_usb_init+0x64>
1000697c:	2101      	movs	r1, #1
1000697e:	9102      	str	r1, [sp, #8]
10006980:	2100      	movs	r1, #0
10006982:	9101      	str	r1, [sp, #4]
10006984:	490f      	ldr	r1, [pc, #60]	; (100069c4 <stdio_usb_init+0x88>)
10006986:	0030      	movs	r0, r6
10006988:	9100      	str	r1, [sp, #0]
1000698a:	f7fb ff2d 	bl	100027e8 <alarm_pool_add_alarm_at>
1000698e:	0004      	movs	r4, r0
10006990:	1e63      	subs	r3, r4, #1
10006992:	419c      	sbcs	r4, r3
10006994:	b2e4      	uxtb	r4, r4
10006996:	2800      	cmp	r0, #0
10006998:	d108      	bne.n	100069ac <stdio_usb_init+0x70>
1000699a:	0020      	movs	r0, r4
1000699c:	b004      	add	sp, #16
1000699e:	bd70      	pop	{r4, r5, r6, pc}
100069a0:	4290      	cmp	r0, r2
100069a2:	d9eb      	bls.n	1000697c <stdio_usb_init+0x40>
100069a4:	2201      	movs	r2, #1
100069a6:	4252      	negs	r2, r2
100069a8:	17d3      	asrs	r3, r2, #31
100069aa:	e7e7      	b.n	1000697c <stdio_usb_init+0x40>
100069ac:	2101      	movs	r1, #1
100069ae:	4806      	ldr	r0, [pc, #24]	; (100069c8 <stdio_usb_init+0x8c>)
100069b0:	f7ff fd8a 	bl	100064c8 <stdio_set_driver_enabled>
100069b4:	e7f1      	b.n	1000699a <stdio_usb_init+0x5e>
100069b6:	46c0      	nop			; (mov r8, r8)
100069b8:	10009da0 	.word	0x10009da0
100069bc:	10006919 	.word	0x10006919
100069c0:	20001e74 	.word	0x20001e74
100069c4:	10006909 	.word	0x10006909
100069c8:	200002e4 	.word	0x200002e4

100069cc <tud_descriptor_device_cb>:
100069cc:	4800      	ldr	r0, [pc, #0]	; (100069d0 <tud_descriptor_device_cb+0x4>)
100069ce:	4770      	bx	lr
100069d0:	10009bb8 	.word	0x10009bb8

100069d4 <tud_descriptor_configuration_cb>:
100069d4:	4800      	ldr	r0, [pc, #0]	; (100069d8 <tud_descriptor_configuration_cb+0x4>)
100069d6:	4770      	bx	lr
100069d8:	10009b64 	.word	0x10009b64

100069dc <tud_descriptor_string_cb>:
100069dc:	2800      	cmp	r0, #0
100069de:	d106      	bne.n	100069ee <tud_descriptor_string_cb+0x12>
100069e0:	4b12      	ldr	r3, [pc, #72]	; (10006a2c <tud_descriptor_string_cb+0x50>)
100069e2:	4813      	ldr	r0, [pc, #76]	; (10006a30 <tud_descriptor_string_cb+0x54>)
100069e4:	8043      	strh	r3, [r0, #2]
100069e6:	3b06      	subs	r3, #6
100069e8:	3bff      	subs	r3, #255	; 0xff
100069ea:	8003      	strh	r3, [r0, #0]
100069ec:	4770      	bx	lr
100069ee:	2805      	cmp	r0, #5
100069f0:	d815      	bhi.n	10006a1e <tud_descriptor_string_cb+0x42>
100069f2:	4b10      	ldr	r3, [pc, #64]	; (10006a34 <tud_descriptor_string_cb+0x58>)
100069f4:	0080      	lsls	r0, r0, #2
100069f6:	58c0      	ldr	r0, [r0, r3]
100069f8:	490f      	ldr	r1, [pc, #60]	; (10006a38 <tud_descriptor_string_cb+0x5c>)
100069fa:	2301      	movs	r3, #1
100069fc:	3801      	subs	r0, #1
100069fe:	e004      	b.n	10006a0a <tud_descriptor_string_cb+0x2e>
10006a00:	3301      	adds	r3, #1
10006a02:	800a      	strh	r2, [r1, #0]
10006a04:	3102      	adds	r1, #2
10006a06:	2b14      	cmp	r3, #20
10006a08:	d00b      	beq.n	10006a22 <tud_descriptor_string_cb+0x46>
10006a0a:	5cc2      	ldrb	r2, [r0, r3]
10006a0c:	2a00      	cmp	r2, #0
10006a0e:	d1f7      	bne.n	10006a00 <tud_descriptor_string_cb+0x24>
10006a10:	22c0      	movs	r2, #192	; 0xc0
10006a12:	b2db      	uxtb	r3, r3
10006a14:	005b      	lsls	r3, r3, #1
10006a16:	0092      	lsls	r2, r2, #2
10006a18:	4805      	ldr	r0, [pc, #20]	; (10006a30 <tud_descriptor_string_cb+0x54>)
10006a1a:	4313      	orrs	r3, r2
10006a1c:	e7e5      	b.n	100069ea <tud_descriptor_string_cb+0xe>
10006a1e:	2000      	movs	r0, #0
10006a20:	e7e4      	b.n	100069ec <tud_descriptor_string_cb+0x10>
10006a22:	23ca      	movs	r3, #202	; 0xca
10006a24:	4802      	ldr	r0, [pc, #8]	; (10006a30 <tud_descriptor_string_cb+0x54>)
10006a26:	009b      	lsls	r3, r3, #2
10006a28:	e7df      	b.n	100069ea <tud_descriptor_string_cb+0xe>
10006a2a:	46c0      	nop			; (mov r8, r8)
10006a2c:	00000409 	.word	0x00000409
10006a30:	200014a0 	.word	0x200014a0
10006a34:	10009b4c 	.word	0x10009b4c
10006a38:	200014a2 	.word	0x200014a2

10006a3c <dcd_rp2040_irq>:
10006a3c:	b5f0      	push	{r4, r5, r6, r7, lr}
10006a3e:	2398      	movs	r3, #152	; 0x98
10006a40:	4645      	mov	r5, r8
10006a42:	464e      	mov	r6, r9
10006a44:	46de      	mov	lr, fp
10006a46:	4657      	mov	r7, sl
10006a48:	4a41      	ldr	r2, [pc, #260]	; (10006b50 <dcd_rp2040_irq+0x114>)
10006a4a:	b5e0      	push	{r5, r6, r7, lr}
10006a4c:	58d6      	ldr	r6, [r2, r3]
10006a4e:	2480      	movs	r4, #128	; 0x80
10006a50:	0035      	movs	r5, r6
10006a52:	0264      	lsls	r4, r4, #9
10006a54:	3b88      	subs	r3, #136	; 0x88
10006a56:	4698      	mov	r8, r3
10006a58:	b085      	sub	sp, #20
10006a5a:	4025      	ands	r5, r4
10006a5c:	4226      	tst	r6, r4
10006a5e:	d014      	beq.n	10006a8a <dcd_rp2040_irq+0x4e>
10006a60:	2101      	movs	r1, #1
10006a62:	2039      	movs	r0, #57	; 0x39
10006a64:	2200      	movs	r2, #0
10006a66:	4b3b      	ldr	r3, [pc, #236]	; (10006b54 <dcd_rp2040_irq+0x118>)
10006a68:	0025      	movs	r5, r4
10006a6a:	5419      	strb	r1, [r3, r0]
10006a6c:	7159      	strb	r1, [r3, #5]
10006a6e:	3147      	adds	r1, #71	; 0x47
10006a70:	545a      	strb	r2, [r3, r1]
10006a72:	751a      	strb	r2, [r3, #20]
10006a74:	2000      	movs	r0, #0
10006a76:	3201      	adds	r2, #1
10006a78:	4937      	ldr	r1, [pc, #220]	; (10006b58 <dcd_rp2040_irq+0x11c>)
10006a7a:	f001 f855 	bl	10007b28 <dcd_event_setup_received>
10006a7e:	2280      	movs	r2, #128	; 0x80
10006a80:	4b36      	ldr	r3, [pc, #216]	; (10006b5c <dcd_rp2040_irq+0x120>)
10006a82:	0292      	lsls	r2, r2, #10
10006a84:	651a      	str	r2, [r3, #80]	; 0x50
10006a86:	4b36      	ldr	r3, [pc, #216]	; (10006b60 <dcd_rp2040_irq+0x124>)
10006a88:	4698      	mov	r8, r3
10006a8a:	06f3      	lsls	r3, r6, #27
10006a8c:	d40c      	bmi.n	10006aa8 <dcd_rp2040_irq+0x6c>
10006a8e:	2380      	movs	r3, #128	; 0x80
10006a90:	015b      	lsls	r3, r3, #5
10006a92:	421e      	tst	r6, r3
10006a94:	d13b      	bne.n	10006b0e <dcd_rp2040_irq+0xd2>
10006a96:	42b5      	cmp	r5, r6
10006a98:	d155      	bne.n	10006b46 <dcd_rp2040_irq+0x10a>
10006a9a:	b005      	add	sp, #20
10006a9c:	bcf0      	pop	{r4, r5, r6, r7}
10006a9e:	46bb      	mov	fp, r7
10006aa0:	46b2      	mov	sl, r6
10006aa2:	46a9      	mov	r9, r5
10006aa4:	46a0      	mov	r8, r4
10006aa6:	bdf0      	pop	{r4, r5, r6, r7, pc}
10006aa8:	4b29      	ldr	r3, [pc, #164]	; (10006b50 <dcd_rp2040_irq+0x114>)
10006aaa:	6d9f      	ldr	r7, [r3, #88]	; 0x58
10006aac:	4699      	mov	r9, r3
10006aae:	2f00      	cmp	r7, #0
10006ab0:	d028      	beq.n	10006b04 <dcd_rp2040_irq+0xc8>
10006ab2:	4b2a      	ldr	r3, [pc, #168]	; (10006b5c <dcd_rp2040_irq+0x120>)
10006ab4:	2500      	movs	r5, #0
10006ab6:	469a      	mov	sl, r3
10006ab8:	4b26      	ldr	r3, [pc, #152]	; (10006b54 <dcd_rp2040_irq+0x118>)
10006aba:	2401      	movs	r4, #1
10006abc:	9603      	str	r6, [sp, #12]
10006abe:	9302      	str	r3, [sp, #8]
10006ac0:	e003      	b.n	10006aca <dcd_rp2040_irq+0x8e>
10006ac2:	0064      	lsls	r4, r4, #1
10006ac4:	3501      	adds	r5, #1
10006ac6:	2d20      	cmp	r5, #32
10006ac8:	d01b      	beq.n	10006b02 <dcd_rp2040_irq+0xc6>
10006aca:	423c      	tst	r4, r7
10006acc:	d0f9      	beq.n	10006ac2 <dcd_rp2040_irq+0x86>
10006ace:	464b      	mov	r3, r9
10006ad0:	6ddb      	ldr	r3, [r3, #92]	; 0x5c
10006ad2:	4653      	mov	r3, sl
10006ad4:	2668      	movs	r6, #104	; 0x68
10006ad6:	2201      	movs	r2, #1
10006ad8:	659c      	str	r4, [r3, #88]	; 0x58
10006ada:	086b      	lsrs	r3, r5, #1
10006adc:	435e      	muls	r6, r3
10006ade:	2334      	movs	r3, #52	; 0x34
10006ae0:	4693      	mov	fp, r2
10006ae2:	43aa      	bics	r2, r5
10006ae4:	4353      	muls	r3, r2
10006ae6:	18f6      	adds	r6, r6, r3
10006ae8:	9b02      	ldr	r3, [sp, #8]
10006aea:	469c      	mov	ip, r3
10006aec:	4466      	add	r6, ip
10006aee:	0030      	movs	r0, r6
10006af0:	f000 fa38 	bl	10006f64 <_hw_endpoint_xfer_continue>
10006af4:	2800      	cmp	r0, #0
10006af6:	d11a      	bne.n	10006b2e <dcd_rp2040_irq+0xf2>
10006af8:	43a7      	bics	r7, r4
10006afa:	3501      	adds	r5, #1
10006afc:	0064      	lsls	r4, r4, #1
10006afe:	2f00      	cmp	r7, #0
10006b00:	d1e1      	bne.n	10006ac6 <dcd_rp2040_irq+0x8a>
10006b02:	9e03      	ldr	r6, [sp, #12]
10006b04:	2380      	movs	r3, #128	; 0x80
10006b06:	015b      	lsls	r3, r3, #5
10006b08:	4645      	mov	r5, r8
10006b0a:	421e      	tst	r6, r3
10006b0c:	d0c3      	beq.n	10006a96 <dcd_rp2040_irq+0x5a>
10006b0e:	2100      	movs	r1, #0
10006b10:	4a14      	ldr	r2, [pc, #80]	; (10006b64 <dcd_rp2040_irq+0x128>)
10006b12:	2000      	movs	r0, #0
10006b14:	7011      	strb	r1, [r2, #0]
10006b16:	4a0e      	ldr	r2, [pc, #56]	; (10006b50 <dcd_rp2040_irq+0x114>)
10006b18:	431d      	orrs	r5, r3
10006b1a:	6011      	str	r1, [r2, #0]
10006b1c:	2201      	movs	r2, #1
10006b1e:	3101      	adds	r1, #1
10006b20:	f000 ff90 	bl	10007a44 <dcd_event_bus_signal>
10006b24:	2280      	movs	r2, #128	; 0x80
10006b26:	4b0d      	ldr	r3, [pc, #52]	; (10006b5c <dcd_rp2040_irq+0x120>)
10006b28:	0312      	lsls	r2, r2, #12
10006b2a:	651a      	str	r2, [r3, #80]	; 0x50
10006b2c:	e7b3      	b.n	10006a96 <dcd_rp2040_irq+0x5a>
10006b2e:	465b      	mov	r3, fp
10006b30:	69f2      	ldr	r2, [r6, #28]
10006b32:	7931      	ldrb	r1, [r6, #4]
10006b34:	2000      	movs	r0, #0
10006b36:	9300      	str	r3, [sp, #0]
10006b38:	2300      	movs	r3, #0
10006b3a:	f001 f81d 	bl	10007b78 <dcd_event_xfer_complete>
10006b3e:	0030      	movs	r0, r6
10006b40:	f000 f9e4 	bl	10006f0c <hw_endpoint_reset_transfer>
10006b44:	e7d8      	b.n	10006af8 <dcd_rp2040_irq+0xbc>
10006b46:	0029      	movs	r1, r5
10006b48:	4807      	ldr	r0, [pc, #28]	; (10006b68 <dcd_rp2040_irq+0x12c>)
10006b4a:	4071      	eors	r1, r6
10006b4c:	f7fc fc08 	bl	10003360 <panic>
10006b50:	50110000 	.word	0x50110000
10006b54:	200014e0 	.word	0x200014e0
10006b58:	50100000 	.word	0x50100000
10006b5c:	50113000 	.word	0x50113000
10006b60:	00010010 	.word	0x00010010
10006b64:	20001e98 	.word	0x20001e98
10006b68:	10009bcc 	.word	0x10009bcc

10006b6c <dcd_int_enable>:
10006b6c:	b510      	push	{r4, lr}
10006b6e:	2101      	movs	r1, #1
10006b70:	2005      	movs	r0, #5
10006b72:	f7fc fe65 	bl	10003840 <irq_set_enabled>
10006b76:	bd10      	pop	{r4, pc}

10006b78 <dcd_set_address>:
10006b78:	4b09      	ldr	r3, [pc, #36]	; (10006ba0 <dcd_set_address+0x28>)
10006b7a:	b510      	push	{r4, lr}
10006b7c:	2201      	movs	r2, #1
10006b7e:	7019      	strb	r1, [r3, #0]
10006b80:	2139      	movs	r1, #57	; 0x39
10006b82:	2300      	movs	r3, #0
10006b84:	4807      	ldr	r0, [pc, #28]	; (10006ba4 <dcd_set_address+0x2c>)
10006b86:	5442      	strb	r2, [r0, r1]
10006b88:	7142      	strb	r2, [r0, #5]
10006b8a:	3247      	adds	r2, #71	; 0x47
10006b8c:	5483      	strb	r3, [r0, r2]
10006b8e:	7503      	strb	r3, [r0, #20]
10006b90:	2200      	movs	r2, #0
10006b92:	2100      	movs	r1, #0
10006b94:	3034      	adds	r0, #52	; 0x34
10006b96:	3301      	adds	r3, #1
10006b98:	f000 fa66 	bl	10007068 <_hw_endpoint_xfer>
10006b9c:	bd10      	pop	{r4, pc}
10006b9e:	46c0      	nop			; (mov r8, r8)
10006ba0:	20001e98 	.word	0x20001e98
10006ba4:	200014e0 	.word	0x200014e0

10006ba8 <dcd_connect>:
10006ba8:	2280      	movs	r2, #128	; 0x80
10006baa:	4b02      	ldr	r3, [pc, #8]	; (10006bb4 <dcd_connect+0xc>)
10006bac:	0252      	lsls	r2, r2, #9
10006bae:	64da      	str	r2, [r3, #76]	; 0x4c
10006bb0:	4770      	bx	lr
10006bb2:	46c0      	nop			; (mov r8, r8)
10006bb4:	50112000 	.word	0x50112000

10006bb8 <dcd_init>:
10006bb8:	b570      	push	{r4, r5, r6, lr}
10006bba:	0005      	movs	r5, r0
10006bbc:	f000 f97e 	bl	10006ebc <rp2040_usb_init>
10006bc0:	2005      	movs	r0, #5
10006bc2:	491c      	ldr	r1, [pc, #112]	; (10006c34 <dcd_init+0x7c>)
10006bc4:	f7fc fe5e 	bl	10003884 <irq_set_exclusive_handler>
10006bc8:	22d0      	movs	r2, #208	; 0xd0
10006bca:	4c1b      	ldr	r4, [pc, #108]	; (10006c38 <dcd_init+0x80>)
10006bcc:	2100      	movs	r1, #0
10006bce:	0020      	movs	r0, r4
10006bd0:	00d2      	lsls	r2, r2, #3
10006bd2:	f7ff fb03 	bl	100061dc <__wrap_memset>
10006bd6:	2200      	movs	r2, #0
10006bd8:	4b18      	ldr	r3, [pc, #96]	; (10006c3c <dcd_init+0x84>)
10006bda:	4919      	ldr	r1, [pc, #100]	; (10006c40 <dcd_init+0x88>)
10006bdc:	701a      	strb	r2, [r3, #0]
10006bde:	4b19      	ldr	r3, [pc, #100]	; (10006c44 <dcd_init+0x8c>)
10006be0:	2040      	movs	r0, #64	; 0x40
10006be2:	6019      	str	r1, [r3, #0]
10006be4:	2635      	movs	r6, #53	; 0x35
10006be6:	2301      	movs	r3, #1
10006be8:	4917      	ldr	r1, [pc, #92]	; (10006c48 <dcd_init+0x90>)
10006bea:	70e3      	strb	r3, [r4, #3]
10006bec:	7163      	strb	r3, [r4, #5]
10006bee:	62e0      	str	r0, [r4, #44]	; 0x2c
10006bf0:	60e1      	str	r1, [r4, #12]
10006bf2:	600a      	str	r2, [r1, #0]
10006bf4:	55a3      	strb	r3, [r4, r6]
10006bf6:	364c      	adds	r6, #76	; 0x4c
10006bf8:	36ff      	adds	r6, #255	; 0xff
10006bfa:	8726      	strh	r6, [r4, #56]	; 0x38
10006bfc:	2600      	movs	r6, #0
10006bfe:	6620      	str	r0, [r4, #96]	; 0x60
10006c00:	3024      	adds	r0, #36	; 0x24
10006c02:	5426      	strb	r6, [r4, r0]
10006c04:	4911      	ldr	r1, [pc, #68]	; (10006c4c <dcd_init+0x94>)
10006c06:	4812      	ldr	r0, [pc, #72]	; (10006c50 <dcd_init+0x98>)
10006c08:	60a2      	str	r2, [r4, #8]
10006c0a:	6121      	str	r1, [r4, #16]
10006c0c:	7023      	strb	r3, [r4, #0]
10006c0e:	86e2      	strh	r2, [r4, #54]	; 0x36
10006c10:	6420      	str	r0, [r4, #64]	; 0x40
10006c12:	6002      	str	r2, [r0, #0]
10006c14:	63e2      	str	r2, [r4, #60]	; 0x3c
10006c16:	3234      	adds	r2, #52	; 0x34
10006c18:	54a3      	strb	r3, [r4, r2]
10006c1a:	4a0e      	ldr	r2, [pc, #56]	; (10006c54 <dcd_init+0x9c>)
10006c1c:	6461      	str	r1, [r4, #68]	; 0x44
10006c1e:	6413      	str	r3, [r2, #64]	; 0x40
10006c20:	2380      	movs	r3, #128	; 0x80
10006c22:	059b      	lsls	r3, r3, #22
10006c24:	64d3      	str	r3, [r2, #76]	; 0x4c
10006c26:	2390      	movs	r3, #144	; 0x90
10006c28:	490b      	ldr	r1, [pc, #44]	; (10006c58 <dcd_init+0xa0>)
10006c2a:	0028      	movs	r0, r5
10006c2c:	50d1      	str	r1, [r2, r3]
10006c2e:	f7ff ffbb 	bl	10006ba8 <dcd_connect>
10006c32:	bd70      	pop	{r4, r5, r6, pc}
10006c34:	10006a3d 	.word	0x10006a3d
10006c38:	200014e0 	.word	0x200014e0
10006c3c:	20001e98 	.word	0x20001e98
10006c40:	50100180 	.word	0x50100180
10006c44:	20001b68 	.word	0x20001b68
10006c48:	50100084 	.word	0x50100084
10006c4c:	50100100 	.word	0x50100100
10006c50:	50100080 	.word	0x50100080
10006c54:	50110000 	.word	0x50110000
10006c58:	00011010 	.word	0x00011010

10006c5c <dcd_edpt0_status_complete>:
10006c5c:	780b      	ldrb	r3, [r1, #0]
10006c5e:	065b      	lsls	r3, r3, #25
10006c60:	d102      	bne.n	10006c68 <dcd_edpt0_status_complete+0xc>
10006c62:	784b      	ldrb	r3, [r1, #1]
10006c64:	2b05      	cmp	r3, #5
10006c66:	d009      	beq.n	10006c7c <dcd_edpt0_status_complete+0x20>
10006c68:	2101      	movs	r1, #1
10006c6a:	2039      	movs	r0, #57	; 0x39
10006c6c:	2200      	movs	r2, #0
10006c6e:	4b06      	ldr	r3, [pc, #24]	; (10006c88 <dcd_edpt0_status_complete+0x2c>)
10006c70:	7159      	strb	r1, [r3, #5]
10006c72:	5419      	strb	r1, [r3, r0]
10006c74:	3147      	adds	r1, #71	; 0x47
10006c76:	751a      	strb	r2, [r3, #20]
10006c78:	545a      	strb	r2, [r3, r1]
10006c7a:	4770      	bx	lr
10006c7c:	4b03      	ldr	r3, [pc, #12]	; (10006c8c <dcd_edpt0_status_complete+0x30>)
10006c7e:	781a      	ldrb	r2, [r3, #0]
10006c80:	4b03      	ldr	r3, [pc, #12]	; (10006c90 <dcd_edpt0_status_complete+0x34>)
10006c82:	601a      	str	r2, [r3, #0]
10006c84:	e7f0      	b.n	10006c68 <dcd_edpt0_status_complete+0xc>
10006c86:	46c0      	nop			; (mov r8, r8)
10006c88:	200014e0 	.word	0x200014e0
10006c8c:	20001e98 	.word	0x20001e98
10006c90:	50110000 	.word	0x50110000

10006c94 <dcd_edpt_open>:
10006c94:	b5f8      	push	{r3, r4, r5, r6, r7, lr}
10006c96:	4647      	mov	r7, r8
10006c98:	46ce      	mov	lr, r9
10006c9a:	2307      	movs	r3, #7
10006c9c:	b580      	push	{r7, lr}
10006c9e:	7948      	ldrb	r0, [r1, #5]
10006ca0:	790a      	ldrb	r2, [r1, #4]
10006ca2:	4003      	ands	r3, r0
10006ca4:	78c8      	ldrb	r0, [r1, #3]
10006ca6:	788c      	ldrb	r4, [r1, #2]
10006ca8:	0780      	lsls	r0, r0, #30
10006caa:	217f      	movs	r1, #127	; 0x7f
10006cac:	021b      	lsls	r3, r3, #8
10006cae:	4313      	orrs	r3, r2
10006cb0:	0f82      	lsrs	r2, r0, #30
10006cb2:	2068      	movs	r0, #104	; 0x68
10006cb4:	4021      	ands	r1, r4
10006cb6:	4694      	mov	ip, r2
10006cb8:	4691      	mov	r9, r2
10006cba:	4348      	muls	r0, r1
10006cbc:	2234      	movs	r2, #52	; 0x34
10006cbe:	4680      	mov	r8, r0
10006cc0:	09e6      	lsrs	r6, r4, #7
10006cc2:	4372      	muls	r2, r6
10006cc4:	4d3d      	ldr	r5, [pc, #244]	; (10006dbc <dcd_edpt_open+0x128>)
10006cc6:	4442      	add	r2, r8
10006cc8:	18aa      	adds	r2, r5, r2
10006cca:	b267      	sxtb	r7, r4
10006ccc:	7114      	strb	r4, [r2, #4]
10006cce:	43fc      	mvns	r4, r7
10006cd0:	0fe4      	lsrs	r4, r4, #31
10006cd2:	70d4      	strb	r4, [r2, #3]
10006cd4:	424c      	negs	r4, r1
10006cd6:	414c      	adcs	r4, r1
10006cd8:	7056      	strb	r6, [r2, #1]
10006cda:	7091      	strb	r1, [r2, #2]
10006cdc:	7154      	strb	r4, [r2, #5]
10006cde:	4662      	mov	r2, ip
10006ce0:	2a01      	cmp	r2, #1
10006ce2:	d062      	beq.n	10006daa <dcd_edpt_open+0x116>
10006ce4:	2b40      	cmp	r3, #64	; 0x40
10006ce6:	d864      	bhi.n	10006db2 <dcd_edpt_open+0x11e>
10006ce8:	2234      	movs	r2, #52	; 0x34
10006cea:	2468      	movs	r4, #104	; 0x68
10006cec:	4372      	muls	r2, r6
10006cee:	434c      	muls	r4, r1
10006cf0:	1912      	adds	r2, r2, r4
10006cf2:	18aa      	adds	r2, r5, r2
10006cf4:	0014      	movs	r4, r2
10006cf6:	4660      	mov	r0, ip
10006cf8:	3430      	adds	r4, #48	; 0x30
10006cfa:	7020      	strb	r0, [r4, #0]
10006cfc:	62d3      	str	r3, [r2, #44]	; 0x2c
10006cfe:	00cc      	lsls	r4, r1, #3
10006d00:	2f00      	cmp	r7, #0
10006d02:	db3d      	blt.n	10006d80 <dcd_edpt_open+0xec>
10006d04:	482e      	ldr	r0, [pc, #184]	; (10006dc0 <dcd_edpt_open+0x12c>)
10006d06:	4684      	mov	ip, r0
10006d08:	4464      	add	r4, ip
10006d0a:	60d4      	str	r4, [r2, #12]
10006d0c:	2200      	movs	r2, #0
10006d0e:	6022      	str	r2, [r4, #0]
10006d10:	2900      	cmp	r1, #0
10006d12:	d042      	beq.n	10006d9a <dcd_edpt_open+0x106>
10006d14:	4a2b      	ldr	r2, [pc, #172]	; (10006dc4 <dcd_edpt_open+0x130>)
10006d16:	00cc      	lsls	r4, r1, #3
10006d18:	4694      	mov	ip, r2
10006d1a:	4464      	add	r4, ip
10006d1c:	2234      	movs	r2, #52	; 0x34
10006d1e:	2768      	movs	r7, #104	; 0x68
10006d20:	4372      	muls	r2, r6
10006d22:	434f      	muls	r7, r1
10006d24:	19d2      	adds	r2, r2, r7
10006d26:	18aa      	adds	r2, r5, r2
10006d28:	6094      	str	r4, [r2, #8]
10006d2a:	4a27      	ldr	r2, [pc, #156]	; (10006dc8 <dcd_edpt_open+0x134>)
10006d2c:	4694      	mov	ip, r2
10006d2e:	6817      	ldr	r7, [r2, #0]
10006d30:	2b40      	cmp	r3, #64	; 0x40
10006d32:	d200      	bcs.n	10006d36 <dcd_edpt_open+0xa2>
10006d34:	2340      	movs	r3, #64	; 0x40
10006d36:	223f      	movs	r2, #63	; 0x3f
10006d38:	18fb      	adds	r3, r7, r3
10006d3a:	4213      	tst	r3, r2
10006d3c:	d001      	beq.n	10006d42 <dcd_edpt_open+0xae>
10006d3e:	4393      	bics	r3, r2
10006d40:	3340      	adds	r3, #64	; 0x40
10006d42:	2068      	movs	r0, #104	; 0x68
10006d44:	2234      	movs	r2, #52	; 0x34
10006d46:	4348      	muls	r0, r1
10006d48:	4680      	mov	r8, r0
10006d4a:	4372      	muls	r2, r6
10006d4c:	4442      	add	r2, r8
10006d4e:	18aa      	adds	r2, r5, r2
10006d50:	6117      	str	r7, [r2, #16]
10006d52:	4662      	mov	r2, ip
10006d54:	6013      	str	r3, [r2, #0]
10006d56:	464a      	mov	r2, r9
10006d58:	0690      	lsls	r0, r2, #26
10006d5a:	22a0      	movs	r2, #160	; 0xa0
10006d5c:	4b1b      	ldr	r3, [pc, #108]	; (10006dcc <dcd_edpt_open+0x138>)
10006d5e:	0612      	lsls	r2, r2, #24
10006d60:	407b      	eors	r3, r7
10006d62:	4303      	orrs	r3, r0
10006d64:	4313      	orrs	r3, r2
10006d66:	6023      	str	r3, [r4, #0]
10006d68:	2334      	movs	r3, #52	; 0x34
10006d6a:	2268      	movs	r2, #104	; 0x68
10006d6c:	4373      	muls	r3, r6
10006d6e:	434a      	muls	r2, r1
10006d70:	189b      	adds	r3, r3, r2
10006d72:	2201      	movs	r2, #1
10006d74:	2001      	movs	r0, #1
10006d76:	54ea      	strb	r2, [r5, r3]
10006d78:	bcc0      	pop	{r6, r7}
10006d7a:	46b9      	mov	r9, r7
10006d7c:	46b0      	mov	r8, r6
10006d7e:	bdf8      	pop	{r3, r4, r5, r6, r7, pc}
10006d80:	4813      	ldr	r0, [pc, #76]	; (10006dd0 <dcd_edpt_open+0x13c>)
10006d82:	4684      	mov	ip, r0
10006d84:	4464      	add	r4, ip
10006d86:	60d4      	str	r4, [r2, #12]
10006d88:	2200      	movs	r2, #0
10006d8a:	6022      	str	r2, [r4, #0]
10006d8c:	2900      	cmp	r1, #0
10006d8e:	d004      	beq.n	10006d9a <dcd_edpt_open+0x106>
10006d90:	4a0e      	ldr	r2, [pc, #56]	; (10006dcc <dcd_edpt_open+0x138>)
10006d92:	00cc      	lsls	r4, r1, #3
10006d94:	4694      	mov	ip, r2
10006d96:	4464      	add	r4, ip
10006d98:	e7c0      	b.n	10006d1c <dcd_edpt_open+0x88>
10006d9a:	2334      	movs	r3, #52	; 0x34
10006d9c:	2200      	movs	r2, #0
10006d9e:	4373      	muls	r3, r6
10006da0:	18eb      	adds	r3, r5, r3
10006da2:	609a      	str	r2, [r3, #8]
10006da4:	4a0b      	ldr	r2, [pc, #44]	; (10006dd4 <dcd_edpt_open+0x140>)
10006da6:	611a      	str	r2, [r3, #16]
10006da8:	e7de      	b.n	10006d68 <dcd_edpt_open+0xd4>
10006daa:	2280      	movs	r2, #128	; 0x80
10006dac:	00d2      	lsls	r2, r2, #3
10006dae:	4293      	cmp	r3, r2
10006db0:	d39a      	bcc.n	10006ce8 <dcd_edpt_open+0x54>
10006db2:	0019      	movs	r1, r3
10006db4:	4808      	ldr	r0, [pc, #32]	; (10006dd8 <dcd_edpt_open+0x144>)
10006db6:	f7fc fad3 	bl	10003360 <panic>
10006dba:	46c0      	nop			; (mov r8, r8)
10006dbc:	200014e0 	.word	0x200014e0
10006dc0:	50100084 	.word	0x50100084
10006dc4:	50100004 	.word	0x50100004
10006dc8:	20001b68 	.word	0x20001b68
10006dcc:	50100000 	.word	0x50100000
10006dd0:	50100080 	.word	0x50100080
10006dd4:	50100100 	.word	0x50100100
10006dd8:	10009be0 	.word	0x10009be0

10006ddc <dcd_edpt_xfer>:
10006ddc:	b510      	push	{r4, lr}
10006dde:	000c      	movs	r4, r1
10006de0:	2034      	movs	r0, #52	; 0x34
10006de2:	0011      	movs	r1, r2
10006de4:	001a      	movs	r2, r3
10006de6:	09e3      	lsrs	r3, r4, #7
10006de8:	4358      	muls	r0, r3
10006dea:	237f      	movs	r3, #127	; 0x7f
10006dec:	401c      	ands	r4, r3
10006dee:	3b17      	subs	r3, #23
10006df0:	4363      	muls	r3, r4
10006df2:	18c0      	adds	r0, r0, r3
10006df4:	4b03      	ldr	r3, [pc, #12]	; (10006e04 <dcd_edpt_xfer+0x28>)
10006df6:	18c0      	adds	r0, r0, r3
10006df8:	2301      	movs	r3, #1
10006dfa:	f000 f935 	bl	10007068 <_hw_endpoint_xfer>
10006dfe:	2001      	movs	r0, #1
10006e00:	bd10      	pop	{r4, pc}
10006e02:	46c0      	nop			; (mov r8, r8)
10006e04:	200014e0 	.word	0x200014e0

10006e08 <dcd_edpt_stall>:
10006e08:	b570      	push	{r4, r5, r6, lr}
10006e0a:	257f      	movs	r5, #127	; 0x7f
10006e0c:	2034      	movs	r0, #52	; 0x34
10006e0e:	2368      	movs	r3, #104	; 0x68
10006e10:	400d      	ands	r5, r1
10006e12:	09cc      	lsrs	r4, r1, #7
10006e14:	436b      	muls	r3, r5
10006e16:	4360      	muls	r0, r4
10006e18:	4e0c      	ldr	r6, [pc, #48]	; (10006e4c <dcd_edpt_stall+0x44>)
10006e1a:	18c0      	adds	r0, r0, r3
10006e1c:	1830      	adds	r0, r6, r0
10006e1e:	7883      	ldrb	r3, [r0, #2]
10006e20:	2b00      	cmp	r3, #0
10006e22:	d104      	bne.n	10006e2e <dcd_edpt_stall+0x26>
10006e24:	7842      	ldrb	r2, [r0, #1]
10006e26:	3302      	adds	r3, #2
10006e28:	1a9b      	subs	r3, r3, r2
10006e2a:	4a09      	ldr	r2, [pc, #36]	; (10006e50 <dcd_edpt_stall+0x48>)
10006e2c:	6693      	str	r3, [r2, #104]	; 0x68
10006e2e:	2280      	movs	r2, #128	; 0x80
10006e30:	4908      	ldr	r1, [pc, #32]	; (10006e54 <dcd_edpt_stall+0x4c>)
10006e32:	0112      	lsls	r2, r2, #4
10006e34:	f000 f874 	bl	10006f20 <_hw_endpoint_buffer_control_update32>
10006e38:	2334      	movs	r3, #52	; 0x34
10006e3a:	2268      	movs	r2, #104	; 0x68
10006e3c:	4363      	muls	r3, r4
10006e3e:	436a      	muls	r2, r5
10006e40:	189b      	adds	r3, r3, r2
10006e42:	2201      	movs	r2, #1
10006e44:	18f3      	adds	r3, r6, r3
10006e46:	751a      	strb	r2, [r3, #20]
10006e48:	bd70      	pop	{r4, r5, r6, pc}
10006e4a:	46c0      	nop			; (mov r8, r8)
10006e4c:	200014e0 	.word	0x200014e0
10006e50:	50112000 	.word	0x50112000
10006e54:	fffff7ff 	.word	0xfffff7ff

10006e58 <dcd_edpt_clear_stall>:
10006e58:	b570      	push	{r4, r5, r6, lr}
10006e5a:	257f      	movs	r5, #127	; 0x7f
10006e5c:	2034      	movs	r0, #52	; 0x34
10006e5e:	2368      	movs	r3, #104	; 0x68
10006e60:	400d      	ands	r5, r1
10006e62:	09cc      	lsrs	r4, r1, #7
10006e64:	436b      	muls	r3, r5
10006e66:	4360      	muls	r0, r4
10006e68:	4e0b      	ldr	r6, [pc, #44]	; (10006e98 <dcd_edpt_clear_stall+0x40>)
10006e6a:	18c0      	adds	r0, r0, r3
10006e6c:	1830      	adds	r0, r6, r0
10006e6e:	7883      	ldrb	r3, [r0, #2]
10006e70:	2b00      	cmp	r3, #0
10006e72:	d104      	bne.n	10006e7e <dcd_edpt_clear_stall+0x26>
10006e74:	7842      	ldrb	r2, [r0, #1]
10006e76:	3302      	adds	r3, #2
10006e78:	1a9b      	subs	r3, r3, r2
10006e7a:	4a08      	ldr	r2, [pc, #32]	; (10006e9c <dcd_edpt_clear_stall+0x44>)
10006e7c:	6693      	str	r3, [r2, #104]	; 0x68
10006e7e:	2200      	movs	r2, #0
10006e80:	4907      	ldr	r1, [pc, #28]	; (10006ea0 <dcd_edpt_clear_stall+0x48>)
10006e82:	f000 f84d 	bl	10006f20 <_hw_endpoint_buffer_control_update32>
10006e86:	2334      	movs	r3, #52	; 0x34
10006e88:	2268      	movs	r2, #104	; 0x68
10006e8a:	4363      	muls	r3, r4
10006e8c:	436a      	muls	r2, r5
10006e8e:	189b      	adds	r3, r3, r2
10006e90:	2200      	movs	r2, #0
10006e92:	18f3      	adds	r3, r6, r3
10006e94:	751a      	strb	r2, [r3, #20]
10006e96:	bd70      	pop	{r4, r5, r6, pc}
10006e98:	200014e0 	.word	0x200014e0
10006e9c:	50113000 	.word	0x50113000
10006ea0:	fffff7ff 	.word	0xfffff7ff

10006ea4 <_hw_endpoint_buffer_control_update32.part.0.isra.0>:
10006ea4:	4b03      	ldr	r3, [pc, #12]	; (10006eb4 <_hw_endpoint_buffer_control_update32.part.0.isra.0+0x10>)
10006ea6:	0080      	lsls	r0, r0, #2
10006ea8:	58c2      	ldr	r2, [r0, r3]
10006eaa:	b510      	push	{r4, lr}
10006eac:	4802      	ldr	r0, [pc, #8]	; (10006eb8 <_hw_endpoint_buffer_control_update32.part.0.isra.0+0x14>)
10006eae:	f7fc fa57 	bl	10003360 <panic>
10006eb2:	46c0      	nop			; (mov r8, r8)
10006eb4:	200002f8 	.word	0x200002f8
10006eb8:	10009c08 	.word	0x10009c08

10006ebc <rp2040_usb_init>:
10006ebc:	2280      	movs	r2, #128	; 0x80
10006ebe:	4b0e      	ldr	r3, [pc, #56]	; (10006ef8 <rp2040_usb_init+0x3c>)
10006ec0:	0452      	lsls	r2, r2, #17
10006ec2:	b510      	push	{r4, lr}
10006ec4:	601a      	str	r2, [r3, #0]
10006ec6:	4b0d      	ldr	r3, [pc, #52]	; (10006efc <rp2040_usb_init+0x40>)
10006ec8:	490d      	ldr	r1, [pc, #52]	; (10006f00 <rp2040_usb_init+0x44>)
10006eca:	601a      	str	r2, [r3, #0]
10006ecc:	0010      	movs	r0, r2
10006ece:	688b      	ldr	r3, [r1, #8]
10006ed0:	4398      	bics	r0, r3
10006ed2:	d1fb      	bne.n	10006ecc <rp2040_usb_init+0x10>
10006ed4:	4c0b      	ldr	r4, [pc, #44]	; (10006f04 <rp2040_usb_init+0x48>)
10006ed6:	229c      	movs	r2, #156	; 0x9c
10006ed8:	2100      	movs	r1, #0
10006eda:	0020      	movs	r0, r4
10006edc:	f7ff f97e 	bl	100061dc <__wrap_memset>
10006ee0:	2280      	movs	r2, #128	; 0x80
10006ee2:	2100      	movs	r1, #0
10006ee4:	0152      	lsls	r2, r2, #5
10006ee6:	4808      	ldr	r0, [pc, #32]	; (10006f08 <rp2040_usb_init+0x4c>)
10006ee8:	f7ff f978 	bl	100061dc <__wrap_memset>
10006eec:	2309      	movs	r3, #9
10006eee:	6763      	str	r3, [r4, #116]	; 0x74
10006ef0:	3303      	adds	r3, #3
10006ef2:	67a3      	str	r3, [r4, #120]	; 0x78
10006ef4:	bd10      	pop	{r4, pc}
10006ef6:	46c0      	nop			; (mov r8, r8)
10006ef8:	4000e000 	.word	0x4000e000
10006efc:	4000f000 	.word	0x4000f000
10006f00:	4000c000 	.word	0x4000c000
10006f04:	50110000 	.word	0x50110000
10006f08:	50100000 	.word	0x50100000

10006f0c <hw_endpoint_reset_transfer>:
10006f0c:	2300      	movs	r3, #0
10006f0e:	2100      	movs	r1, #0
10006f10:	2232      	movs	r2, #50	; 0x32
10006f12:	8283      	strh	r3, [r0, #20]
10006f14:	5481      	strb	r1, [r0, r2]
10006f16:	6183      	str	r3, [r0, #24]
10006f18:	61c3      	str	r3, [r0, #28]
10006f1a:	6203      	str	r3, [r0, #32]
10006f1c:	6283      	str	r3, [r0, #40]	; 0x28
10006f1e:	4770      	bx	lr

10006f20 <_hw_endpoint_buffer_control_update32>:
10006f20:	b510      	push	{r4, lr}
10006f22:	68c3      	ldr	r3, [r0, #12]
10006f24:	2900      	cmp	r1, #0
10006f26:	d001      	beq.n	10006f2c <_hw_endpoint_buffer_control_update32+0xc>
10006f28:	681c      	ldr	r4, [r3, #0]
10006f2a:	4021      	ands	r1, r4
10006f2c:	2a00      	cmp	r2, #0
10006f2e:	d011      	beq.n	10006f54 <_hw_endpoint_buffer_control_update32+0x34>
10006f30:	2480      	movs	r4, #128	; 0x80
10006f32:	00e4      	lsls	r4, r4, #3
10006f34:	4311      	orrs	r1, r2
10006f36:	4222      	tst	r2, r4
10006f38:	d00c      	beq.n	10006f54 <_hw_endpoint_buffer_control_update32+0x34>
10006f3a:	681a      	ldr	r2, [r3, #0]
10006f3c:	4222      	tst	r2, r4
10006f3e:	d10b      	bne.n	10006f58 <_hw_endpoint_buffer_control_update32+0x38>
10006f40:	4a07      	ldr	r2, [pc, #28]	; (10006f60 <_hw_endpoint_buffer_control_update32+0x40>)
10006f42:	400a      	ands	r2, r1
10006f44:	601a      	str	r2, [r3, #0]
10006f46:	e7ff      	b.n	10006f48 <_hw_endpoint_buffer_control_update32+0x28>
10006f48:	e7ff      	b.n	10006f4a <_hw_endpoint_buffer_control_update32+0x2a>
10006f4a:	e7ff      	b.n	10006f4c <_hw_endpoint_buffer_control_update32+0x2c>
10006f4c:	e7ff      	b.n	10006f4e <_hw_endpoint_buffer_control_update32+0x2e>
10006f4e:	e7ff      	b.n	10006f50 <_hw_endpoint_buffer_control_update32+0x30>
10006f50:	e7ff      	b.n	10006f52 <_hw_endpoint_buffer_control_update32+0x32>
10006f52:	68c3      	ldr	r3, [r0, #12]
10006f54:	6019      	str	r1, [r3, #0]
10006f56:	bd10      	pop	{r4, pc}
10006f58:	7881      	ldrb	r1, [r0, #2]
10006f5a:	7840      	ldrb	r0, [r0, #1]
10006f5c:	f7ff ffa2 	bl	10006ea4 <_hw_endpoint_buffer_control_update32.part.0.isra.0>
10006f60:	fffffbff 	.word	0xfffffbff

10006f64 <_hw_endpoint_xfer_continue>:
10006f64:	b5f0      	push	{r4, r5, r6, r7, lr}
10006f66:	46c6      	mov	lr, r8
10006f68:	b500      	push	{lr}
10006f6a:	7d45      	ldrb	r5, [r0, #21]
10006f6c:	0004      	movs	r4, r0
10006f6e:	2d00      	cmp	r5, #0
10006f70:	d100      	bne.n	10006f74 <_hw_endpoint_xfer_continue+0x10>
10006f72:	e067      	b.n	10007044 <_hw_endpoint_xfer_continue+0xe0>
10006f74:	68c3      	ldr	r3, [r0, #12]
10006f76:	78c7      	ldrb	r7, [r0, #3]
10006f78:	681a      	ldr	r2, [r3, #0]
10006f7a:	69c3      	ldr	r3, [r0, #28]
10006f7c:	0592      	lsls	r2, r2, #22
10006f7e:	0d96      	lsrs	r6, r2, #22
10006f80:	2f00      	cmp	r7, #0
10006f82:	d146      	bne.n	10007012 <_hw_endpoint_xfer_continue+0xae>
10006f84:	18f3      	adds	r3, r6, r3
10006f86:	61c3      	str	r3, [r0, #28]
10006f88:	69a1      	ldr	r1, [r4, #24]
10006f8a:	1ace      	subs	r6, r1, r3
10006f8c:	2e40      	cmp	r6, #64	; 0x40
10006f8e:	d832      	bhi.n	10006ff6 <_hw_endpoint_xfer_continue+0x92>
10006f90:	18f2      	adds	r2, r6, r3
10006f92:	1a52      	subs	r2, r2, r1
10006f94:	4250      	negs	r0, r2
10006f96:	4142      	adcs	r2, r0
10006f98:	b2d0      	uxtb	r0, r2
10006f9a:	2224      	movs	r2, #36	; 0x24
10006f9c:	6226      	str	r6, [r4, #32]
10006f9e:	4690      	mov	r8, r2
10006fa0:	54a0      	strb	r0, [r4, r2]
10006fa2:	4299      	cmp	r1, r3
10006fa4:	d34b      	bcc.n	1000703e <_hw_endpoint_xfer_continue+0xda>
10006fa6:	d022      	beq.n	10006fee <_hw_endpoint_xfer_continue+0x8a>
10006fa8:	2f00      	cmp	r7, #0
10006faa:	d026      	beq.n	10006ffa <_hw_endpoint_xfer_continue+0x96>
10006fac:	2380      	movs	r3, #128	; 0x80
10006fae:	00db      	lsls	r3, r3, #3
10006fb0:	431e      	orrs	r6, r3
10006fb2:	7961      	ldrb	r1, [r4, #5]
10006fb4:	2201      	movs	r2, #1
10006fb6:	000b      	movs	r3, r1
10006fb8:	1e5d      	subs	r5, r3, #1
10006fba:	41ab      	sbcs	r3, r5
10006fbc:	4051      	eors	r1, r2
10006fbe:	035b      	lsls	r3, r3, #13
10006fc0:	4333      	orrs	r3, r6
10006fc2:	7161      	strb	r1, [r4, #5]
10006fc4:	2800      	cmp	r0, #0
10006fc6:	d002      	beq.n	10006fce <_hw_endpoint_xfer_continue+0x6a>
10006fc8:	2280      	movs	r2, #128	; 0x80
10006fca:	01d2      	lsls	r2, r2, #7
10006fcc:	4313      	orrs	r3, r2
10006fce:	68e1      	ldr	r1, [r4, #12]
10006fd0:	680a      	ldr	r2, [r1, #0]
10006fd2:	0552      	lsls	r2, r2, #21
10006fd4:	d43b      	bmi.n	1000704e <_hw_endpoint_xfer_continue+0xea>
10006fd6:	4a20      	ldr	r2, [pc, #128]	; (10007058 <_hw_endpoint_xfer_continue+0xf4>)
10006fd8:	401a      	ands	r2, r3
10006fda:	600a      	str	r2, [r1, #0]
10006fdc:	e7ff      	b.n	10006fde <_hw_endpoint_xfer_continue+0x7a>
10006fde:	e7ff      	b.n	10006fe0 <_hw_endpoint_xfer_continue+0x7c>
10006fe0:	e7ff      	b.n	10006fe2 <_hw_endpoint_xfer_continue+0x7e>
10006fe2:	e7ff      	b.n	10006fe4 <_hw_endpoint_xfer_continue+0x80>
10006fe4:	e7ff      	b.n	10006fe6 <_hw_endpoint_xfer_continue+0x82>
10006fe6:	e7ff      	b.n	10006fe8 <_hw_endpoint_xfer_continue+0x84>
10006fe8:	2500      	movs	r5, #0
10006fea:	68e2      	ldr	r2, [r4, #12]
10006fec:	6013      	str	r3, [r2, #0]
10006fee:	0028      	movs	r0, r5
10006ff0:	bc80      	pop	{r7}
10006ff2:	46b8      	mov	r8, r7
10006ff4:	bdf0      	pop	{r4, r5, r6, r7, pc}
10006ff6:	2640      	movs	r6, #64	; 0x40
10006ff8:	e7ca      	b.n	10006f90 <_hw_endpoint_xfer_continue+0x2c>
10006ffa:	6aa1      	ldr	r1, [r4, #40]	; 0x28
10006ffc:	0032      	movs	r2, r6
10006ffe:	18c9      	adds	r1, r1, r3
10007000:	6920      	ldr	r0, [r4, #16]
10007002:	f7ff f8f1 	bl	100061e8 <__wrap___aeabi_memcpy>
10007006:	2384      	movs	r3, #132	; 0x84
10007008:	021b      	lsls	r3, r3, #8
1000700a:	431e      	orrs	r6, r3
1000700c:	4643      	mov	r3, r8
1000700e:	5ce0      	ldrb	r0, [r4, r3]
10007010:	e7cf      	b.n	10006fb2 <_hw_endpoint_xfer_continue+0x4e>
10007012:	6a80      	ldr	r0, [r0, #40]	; 0x28
10007014:	0032      	movs	r2, r6
10007016:	18c0      	adds	r0, r0, r3
10007018:	6921      	ldr	r1, [r4, #16]
1000701a:	f7ff f8e5 	bl	100061e8 <__wrap___aeabi_memcpy>
1000701e:	69e3      	ldr	r3, [r4, #28]
10007020:	78e7      	ldrb	r7, [r4, #3]
10007022:	18f3      	adds	r3, r6, r3
10007024:	61e3      	str	r3, [r4, #28]
10007026:	2f00      	cmp	r7, #0
10007028:	d0ae      	beq.n	10006f88 <_hw_endpoint_xfer_continue+0x24>
1000702a:	6a22      	ldr	r2, [r4, #32]
1000702c:	4296      	cmp	r6, r2
1000702e:	d2ab      	bcs.n	10006f88 <_hw_endpoint_xfer_continue+0x24>
10007030:	61a3      	str	r3, [r4, #24]
10007032:	2300      	movs	r3, #0
10007034:	2201      	movs	r2, #1
10007036:	6223      	str	r3, [r4, #32]
10007038:	3324      	adds	r3, #36	; 0x24
1000703a:	54e2      	strb	r2, [r4, r3]
1000703c:	e7d7      	b.n	10006fee <_hw_endpoint_xfer_continue+0x8a>
1000703e:	4807      	ldr	r0, [pc, #28]	; (1000705c <_hw_endpoint_xfer_continue+0xf8>)
10007040:	f7fc f98e 	bl	10003360 <panic>
10007044:	7881      	ldrb	r1, [r0, #2]
10007046:	4a06      	ldr	r2, [pc, #24]	; (10007060 <_hw_endpoint_xfer_continue+0xfc>)
10007048:	4806      	ldr	r0, [pc, #24]	; (10007064 <_hw_endpoint_xfer_continue+0x100>)
1000704a:	f7fc f989 	bl	10003360 <panic>
1000704e:	78a1      	ldrb	r1, [r4, #2]
10007050:	7860      	ldrb	r0, [r4, #1]
10007052:	f7ff ff27 	bl	10006ea4 <_hw_endpoint_buffer_control_update32.part.0.isra.0>
10007056:	46c0      	nop			; (mov r8, r8)
10007058:	fffffbff 	.word	0xfffffbff
1000705c:	10009c54 	.word	0x10009c54
10007060:	200002f8 	.word	0x200002f8
10007064:	10009c28 	.word	0x10009c28

10007068 <_hw_endpoint_xfer>:
10007068:	b570      	push	{r4, r5, r6, lr}
1000706a:	0004      	movs	r4, r0
1000706c:	2b00      	cmp	r3, #0
1000706e:	d049      	beq.n	10007104 <_hw_endpoint_xfer+0x9c>
10007070:	7d43      	ldrb	r3, [r0, #21]
10007072:	2b00      	cmp	r3, #0
10007074:	d003      	beq.n	1000707e <_hw_endpoint_xfer+0x16>
10007076:	2300      	movs	r3, #0
10007078:	7503      	strb	r3, [r0, #20]
1000707a:	2032      	movs	r0, #50	; 0x32
1000707c:	5423      	strb	r3, [r4, r0]
1000707e:	2300      	movs	r3, #0
10007080:	61a2      	str	r2, [r4, #24]
10007082:	61e3      	str	r3, [r4, #28]
10007084:	1c15      	adds	r5, r2, #0
10007086:	2a40      	cmp	r2, #64	; 0x40
10007088:	d831      	bhi.n	100070ee <_hw_endpoint_xfer+0x86>
1000708a:	2301      	movs	r3, #1
1000708c:	b2ad      	uxth	r5, r5
1000708e:	1b52      	subs	r2, r2, r5
10007090:	7563      	strb	r3, [r4, #21]
10007092:	4253      	negs	r3, r2
10007094:	415a      	adcs	r2, r3
10007096:	2624      	movs	r6, #36	; 0x24
10007098:	2325      	movs	r3, #37	; 0x25
1000709a:	2000      	movs	r0, #0
1000709c:	b2d2      	uxtb	r2, r2
1000709e:	6225      	str	r5, [r4, #32]
100070a0:	62a1      	str	r1, [r4, #40]	; 0x28
100070a2:	55a2      	strb	r2, [r4, r6]
100070a4:	54e0      	strb	r0, [r4, r3]
100070a6:	78e3      	ldrb	r3, [r4, #3]
100070a8:	2b00      	cmp	r3, #0
100070aa:	d022      	beq.n	100070f2 <_hw_endpoint_xfer+0x8a>
100070ac:	2380      	movs	r3, #128	; 0x80
100070ae:	00db      	lsls	r3, r3, #3
100070b0:	431d      	orrs	r5, r3
100070b2:	7961      	ldrb	r1, [r4, #5]
100070b4:	000b      	movs	r3, r1
100070b6:	1e58      	subs	r0, r3, #1
100070b8:	4183      	sbcs	r3, r0
100070ba:	035b      	lsls	r3, r3, #13
100070bc:	431d      	orrs	r5, r3
100070be:	2301      	movs	r3, #1
100070c0:	4059      	eors	r1, r3
100070c2:	7161      	strb	r1, [r4, #5]
100070c4:	2a00      	cmp	r2, #0
100070c6:	d002      	beq.n	100070ce <_hw_endpoint_xfer+0x66>
100070c8:	2380      	movs	r3, #128	; 0x80
100070ca:	01db      	lsls	r3, r3, #7
100070cc:	431d      	orrs	r5, r3
100070ce:	68e2      	ldr	r2, [r4, #12]
100070d0:	6813      	ldr	r3, [r2, #0]
100070d2:	055b      	lsls	r3, r3, #21
100070d4:	d419      	bmi.n	1000710a <_hw_endpoint_xfer+0xa2>
100070d6:	4b0f      	ldr	r3, [pc, #60]	; (10007114 <_hw_endpoint_xfer+0xac>)
100070d8:	402b      	ands	r3, r5
100070da:	6013      	str	r3, [r2, #0]
100070dc:	e7ff      	b.n	100070de <_hw_endpoint_xfer+0x76>
100070de:	e7ff      	b.n	100070e0 <_hw_endpoint_xfer+0x78>
100070e0:	e7ff      	b.n	100070e2 <_hw_endpoint_xfer+0x7a>
100070e2:	e7ff      	b.n	100070e4 <_hw_endpoint_xfer+0x7c>
100070e4:	e7ff      	b.n	100070e6 <_hw_endpoint_xfer+0x7e>
100070e6:	e7ff      	b.n	100070e8 <_hw_endpoint_xfer+0x80>
100070e8:	68e3      	ldr	r3, [r4, #12]
100070ea:	601d      	str	r5, [r3, #0]
100070ec:	bd70      	pop	{r4, r5, r6, pc}
100070ee:	2540      	movs	r5, #64	; 0x40
100070f0:	e7cb      	b.n	1000708a <_hw_endpoint_xfer+0x22>
100070f2:	002a      	movs	r2, r5
100070f4:	6920      	ldr	r0, [r4, #16]
100070f6:	f7ff f877 	bl	100061e8 <__wrap___aeabi_memcpy>
100070fa:	2384      	movs	r3, #132	; 0x84
100070fc:	021b      	lsls	r3, r3, #8
100070fe:	5da2      	ldrb	r2, [r4, r6]
10007100:	431d      	orrs	r5, r3
10007102:	e7d6      	b.n	100070b2 <_hw_endpoint_xfer+0x4a>
10007104:	f7ff ff2e 	bl	10006f64 <_hw_endpoint_xfer_continue>
10007108:	e7f0      	b.n	100070ec <_hw_endpoint_xfer+0x84>
1000710a:	78a1      	ldrb	r1, [r4, #2]
1000710c:	7860      	ldrb	r0, [r4, #1]
1000710e:	f7ff fec9 	bl	10006ea4 <_hw_endpoint_buffer_control_update32.part.0.isra.0>
10007112:	46c0      	nop			; (mov r8, r8)
10007114:	fffffbff 	.word	0xfffffbff

10007118 <tud_mounted>:
10007118:	4b02      	ldr	r3, [pc, #8]	; (10007124 <tud_mounted+0xc>)
1000711a:	7858      	ldrb	r0, [r3, #1]
1000711c:	1e43      	subs	r3, r0, #1
1000711e:	4198      	sbcs	r0, r3
10007120:	b2c0      	uxtb	r0, r0
10007122:	4770      	bx	lr
10007124:	2000133c 	.word	0x2000133c

10007128 <tud_suspended>:
10007128:	4b02      	ldr	r3, [pc, #8]	; (10007134 <tud_suspended+0xc>)
1000712a:	7818      	ldrb	r0, [r3, #0]
1000712c:	0740      	lsls	r0, r0, #29
1000712e:	0fc0      	lsrs	r0, r0, #31
10007130:	4770      	bx	lr
10007132:	46c0      	nop			; (mov r8, r8)
10007134:	2000133c 	.word	0x2000133c

10007138 <tud_init>:
10007138:	b570      	push	{r4, r5, r6, lr}
1000713a:	2237      	movs	r2, #55	; 0x37
1000713c:	2100      	movs	r1, #0
1000713e:	4824      	ldr	r0, [pc, #144]	; (100071d0 <tud_init+0x98>)
10007140:	f7ff f84c 	bl	100061dc <__wrap_memset>
10007144:	4c23      	ldr	r4, [pc, #140]	; (100071d4 <tud_init+0x9c>)
10007146:	0020      	movs	r0, r4
10007148:	f7fb fe64 	bl	10002e14 <mutex_init>
1000714c:	4b22      	ldr	r3, [pc, #136]	; (100071d8 <tud_init+0xa0>)
1000714e:	601c      	str	r4, [r3, #0]
10007150:	4c22      	ldr	r4, [pc, #136]	; (100071dc <tud_init+0xa4>)
10007152:	0020      	movs	r0, r4
10007154:	3c18      	subs	r4, #24
10007156:	f7fb fe6b 	bl	10002e30 <critical_section_init>
1000715a:	0020      	movs	r0, r4
1000715c:	f001 fb78 	bl	10008850 <tu_fifo_clear>
10007160:	4b1f      	ldr	r3, [pc, #124]	; (100071e0 <tud_init+0xa8>)
10007162:	4e20      	ldr	r6, [pc, #128]	; (100071e4 <tud_init+0xac>)
10007164:	4d20      	ldr	r5, [pc, #128]	; (100071e8 <tud_init+0xb0>)
10007166:	601c      	str	r4, [r3, #0]
10007168:	2e00      	cmp	r6, #0
1000716a:	d026      	beq.n	100071ba <tud_init+0x82>
1000716c:	0028      	movs	r0, r5
1000716e:	f7ff fb03 	bl	10006778 <usbd_app_driver_get_cb>
10007172:	4b1e      	ldr	r3, [pc, #120]	; (100071ec <tud_init+0xb4>)
10007174:	2400      	movs	r4, #0
10007176:	6018      	str	r0, [r3, #0]
10007178:	782b      	ldrb	r3, [r5, #0]
1000717a:	2e00      	cmp	r6, #0
1000717c:	d021      	beq.n	100071c2 <tud_init+0x8a>
1000717e:	4e1b      	ldr	r6, [pc, #108]	; (100071ec <tud_init+0xb4>)
10007180:	429c      	cmp	r4, r3
10007182:	d30e      	bcc.n	100071a2 <tud_init+0x6a>
10007184:	f000 ffb6 	bl	100080f4 <cdcd_init>
10007188:	3401      	adds	r4, #1
1000718a:	782b      	ldrb	r3, [r5, #0]
1000718c:	b2e4      	uxtb	r4, r4
1000718e:	42a3      	cmp	r3, r4
10007190:	d2f6      	bcs.n	10007180 <tud_init+0x48>
10007192:	2000      	movs	r0, #0
10007194:	f7ff fd10 	bl	10006bb8 <dcd_init>
10007198:	2000      	movs	r0, #0
1000719a:	f7ff fce7 	bl	10006b6c <dcd_int_enable>
1000719e:	2001      	movs	r0, #1
100071a0:	bd70      	pop	{r4, r5, r6, pc}
100071a2:	00e3      	lsls	r3, r4, #3
100071a4:	6832      	ldr	r2, [r6, #0]
100071a6:	1b1b      	subs	r3, r3, r4
100071a8:	009b      	lsls	r3, r3, #2
100071aa:	589b      	ldr	r3, [r3, r2]
100071ac:	4798      	blx	r3
100071ae:	3401      	adds	r4, #1
100071b0:	782b      	ldrb	r3, [r5, #0]
100071b2:	b2e4      	uxtb	r4, r4
100071b4:	429c      	cmp	r4, r3
100071b6:	d9e3      	bls.n	10007180 <tud_init+0x48>
100071b8:	e7eb      	b.n	10007192 <tud_init+0x5a>
100071ba:	2400      	movs	r4, #0
100071bc:	782b      	ldrb	r3, [r5, #0]
100071be:	2e00      	cmp	r6, #0
100071c0:	d1dd      	bne.n	1000717e <tud_init+0x46>
100071c2:	f000 ff97 	bl	100080f4 <cdcd_init>
100071c6:	782b      	ldrb	r3, [r5, #0]
100071c8:	2b00      	cmp	r3, #0
100071ca:	d0e2      	beq.n	10007192 <tud_init+0x5a>
100071cc:	6833      	ldr	r3, [r6, #0]
100071ce:	deff      	udf	#255	; 0xff
100071d0:	2000133c 	.word	0x2000133c
100071d4:	200012f4 	.word	0x200012f4
100071d8:	20001374 	.word	0x20001374
100071dc:	20000318 	.word	0x20000318
100071e0:	20001378 	.word	0x20001378
100071e4:	10006779 	.word	0x10006779
100071e8:	20001e96 	.word	0x20001e96
100071ec:	20001004 	.word	0x20001004

100071f0 <tud_task>:
100071f0:	b5f0      	push	{r4, r5, r6, r7, lr}
100071f2:	46de      	mov	lr, fp
100071f4:	4657      	mov	r7, sl
100071f6:	464e      	mov	r6, r9
100071f8:	4645      	mov	r5, r8
100071fa:	b5e0      	push	{r5, r6, r7, lr}
100071fc:	b091      	sub	sp, #68	; 0x44
100071fe:	f001 f947 	bl	10008490 <tusb_inited>
10007202:	2800      	cmp	r0, #0
10007204:	d100      	bne.n	10007208 <tud_task+0x18>
10007206:	e130      	b.n	1000746a <tud_task+0x27a>
10007208:	4bba      	ldr	r3, [pc, #744]	; (100074f4 <tud_task+0x304>)
1000720a:	af0d      	add	r7, sp, #52	; 0x34
1000720c:	469a      	mov	sl, r3
1000720e:	4bba      	ldr	r3, [pc, #744]	; (100074f8 <tud_task+0x308>)
10007210:	4654      	mov	r4, sl
10007212:	4699      	mov	r9, r3
10007214:	464d      	mov	r5, r9
10007216:	4bb9      	ldr	r3, [pc, #740]	; (100074fc <tud_task+0x30c>)
10007218:	9303      	str	r3, [sp, #12]
1000721a:	4bb9      	ldr	r3, [pc, #740]	; (10007500 <tud_task+0x310>)
1000721c:	9304      	str	r3, [sp, #16]
1000721e:	4bb9      	ldr	r3, [pc, #740]	; (10007504 <tud_task+0x314>)
10007220:	9302      	str	r3, [sp, #8]
10007222:	6826      	ldr	r6, [r4, #0]
10007224:	69b2      	ldr	r2, [r6, #24]
10007226:	f3ef 8110 	mrs	r1, PRIMASK
1000722a:	b672      	cpsid	i
1000722c:	6813      	ldr	r3, [r2, #0]
1000722e:	2b00      	cmp	r3, #0
10007230:	d0fc      	beq.n	1000722c <tud_task+0x3c>
10007232:	f3bf 8f5f 	dmb	sy
10007236:	61f1      	str	r1, [r6, #28]
10007238:	0030      	movs	r0, r6
1000723a:	0039      	movs	r1, r7
1000723c:	f001 f984 	bl	10008548 <tu_fifo_read>
10007240:	69b2      	ldr	r2, [r6, #24]
10007242:	4680      	mov	r8, r0
10007244:	69f3      	ldr	r3, [r6, #28]
10007246:	f3bf 8f5f 	dmb	sy
1000724a:	2100      	movs	r1, #0
1000724c:	6011      	str	r1, [r2, #0]
1000724e:	f383 8810 	msr	PRIMASK, r3
10007252:	2800      	cmp	r0, #0
10007254:	d100      	bne.n	10007258 <tud_task+0x68>
10007256:	e108      	b.n	1000746a <tud_task+0x27a>
10007258:	787b      	ldrb	r3, [r7, #1]
1000725a:	2b08      	cmp	r3, #8
1000725c:	d8e1      	bhi.n	10007222 <tud_task+0x32>
1000725e:	009b      	lsls	r3, r3, #2
10007260:	58eb      	ldr	r3, [r5, r3]
10007262:	469f      	mov	pc, r3
10007264:	687b      	ldr	r3, [r7, #4]
10007266:	2b00      	cmp	r3, #0
10007268:	d0db      	beq.n	10007222 <tud_task+0x32>
1000726a:	68b8      	ldr	r0, [r7, #8]
1000726c:	4798      	blx	r3
1000726e:	e7d8      	b.n	10007222 <tud_task+0x32>
10007270:	227f      	movs	r2, #127	; 0x7f
10007272:	7939      	ldrb	r1, [r7, #4]
10007274:	4ba2      	ldr	r3, [pc, #648]	; (10007500 <tud_task+0x310>)
10007276:	400a      	ands	r2, r1
10007278:	0056      	lsls	r6, r2, #1
1000727a:	199b      	adds	r3, r3, r6
1000727c:	4698      	mov	r8, r3
1000727e:	09c8      	lsrs	r0, r1, #7
10007280:	4480      	add	r8, r0
10007282:	4640      	mov	r0, r8
10007284:	2301      	movs	r3, #1
10007286:	3020      	adds	r0, #32
10007288:	7946      	ldrb	r6, [r0, #5]
1000728a:	439e      	bics	r6, r3
1000728c:	7146      	strb	r6, [r0, #5]
1000728e:	7946      	ldrb	r6, [r0, #5]
10007290:	3303      	adds	r3, #3
10007292:	439e      	bics	r6, r3
10007294:	7146      	strb	r6, [r0, #5]
10007296:	2a00      	cmp	r2, #0
10007298:	d100      	bne.n	1000729c <tud_task+0xac>
1000729a:	e0ed      	b.n	10007478 <tud_task+0x288>
1000729c:	4643      	mov	r3, r8
1000729e:	4a9a      	ldr	r2, [pc, #616]	; (10007508 <tud_task+0x318>)
100072a0:	7cdb      	ldrb	r3, [r3, #19]
100072a2:	2a00      	cmp	r2, #0
100072a4:	d006      	beq.n	100072b4 <tud_task+0xc4>
100072a6:	4a99      	ldr	r2, [pc, #612]	; (1000750c <tud_task+0x31c>)
100072a8:	7812      	ldrb	r2, [r2, #0]
100072aa:	4293      	cmp	r3, r2
100072ac:	d200      	bcs.n	100072b0 <tud_task+0xc0>
100072ae:	e175      	b.n	1000759c <tud_task+0x3ac>
100072b0:	1a9b      	subs	r3, r3, r2
100072b2:	b2db      	uxtb	r3, r3
100072b4:	2b00      	cmp	r3, #0
100072b6:	d000      	beq.n	100072ba <tud_task+0xca>
100072b8:	e0d7      	b.n	1000746a <tud_task+0x27a>
100072ba:	4e95      	ldr	r6, [pc, #596]	; (10007510 <tud_task+0x320>)
100072bc:	68bb      	ldr	r3, [r7, #8]
100072be:	797a      	ldrb	r2, [r7, #5]
100072c0:	7838      	ldrb	r0, [r7, #0]
100072c2:	47b0      	blx	r6
100072c4:	e7ad      	b.n	10007222 <tud_task+0x32>
100072c6:	2101      	movs	r1, #1
100072c8:	468b      	mov	fp, r1
100072ca:	4659      	mov	r1, fp
100072cc:	4a8c      	ldr	r2, [pc, #560]	; (10007500 <tud_task+0x310>)
100072ce:	2000      	movs	r0, #0
100072d0:	7813      	ldrb	r3, [r2, #0]
100072d2:	9201      	str	r2, [sp, #4]
100072d4:	430b      	orrs	r3, r1
100072d6:	7013      	strb	r3, [r2, #0]
100072d8:	783b      	ldrb	r3, [r7, #0]
100072da:	469a      	mov	sl, r3
100072dc:	f000 fda8 	bl	10007e30 <usbd_control_set_complete_callback>
100072e0:	2360      	movs	r3, #96	; 0x60
100072e2:	793a      	ldrb	r2, [r7, #4]
100072e4:	4013      	ands	r3, r2
100072e6:	2b60      	cmp	r3, #96	; 0x60
100072e8:	d00e      	beq.n	10007308 <tud_task+0x118>
100072ea:	2b40      	cmp	r3, #64	; 0x40
100072ec:	d100      	bne.n	100072f0 <tud_task+0x100>
100072ee:	e0e0      	b.n	100074b2 <tud_task+0x2c2>
100072f0:	06d2      	lsls	r2, r2, #27
100072f2:	0ed2      	lsrs	r2, r2, #27
100072f4:	4691      	mov	r9, r2
100072f6:	2a01      	cmp	r2, #1
100072f8:	d100      	bne.n	100072fc <tud_task+0x10c>
100072fa:	e15a      	b.n	100075b2 <tud_task+0x3c2>
100072fc:	2a02      	cmp	r2, #2
100072fe:	d100      	bne.n	10007302 <tud_task+0x112>
10007300:	e114      	b.n	1000752c <tud_task+0x33c>
10007302:	2a00      	cmp	r2, #0
10007304:	d100      	bne.n	10007308 <tud_task+0x118>
10007306:	e0e7      	b.n	100074d8 <tud_task+0x2e8>
10007308:	7838      	ldrb	r0, [r7, #0]
1000730a:	2100      	movs	r1, #0
1000730c:	f7ff fd7c 	bl	10006e08 <dcd_edpt_stall>
10007310:	2180      	movs	r1, #128	; 0x80
10007312:	7838      	ldrb	r0, [r7, #0]
10007314:	f7ff fd78 	bl	10006e08 <dcd_edpt_stall>
10007318:	e783      	b.n	10007222 <tud_task+0x32>
1000731a:	9b03      	ldr	r3, [sp, #12]
1000731c:	2b00      	cmp	r3, #0
1000731e:	d100      	bne.n	10007322 <tud_task+0x132>
10007320:	e77f      	b.n	10007222 <tud_task+0x32>
10007322:	e000      	b.n	10007326 <tud_task+0x136>
10007324:	bf00      	nop
10007326:	e77c      	b.n	10007222 <tud_task+0x32>
10007328:	4b7a      	ldr	r3, [pc, #488]	; (10007514 <tud_task+0x324>)
1000732a:	2b00      	cmp	r3, #0
1000732c:	d100      	bne.n	10007330 <tud_task+0x140>
1000732e:	e778      	b.n	10007222 <tud_task+0x32>
10007330:	4b73      	ldr	r3, [pc, #460]	; (10007500 <tud_task+0x310>)
10007332:	7818      	ldrb	r0, [r3, #0]
10007334:	0700      	lsls	r0, r0, #28
10007336:	0fc0      	lsrs	r0, r0, #31
10007338:	e000      	b.n	1000733c <tud_task+0x14c>
1000733a:	bf00      	nop
1000733c:	e771      	b.n	10007222 <tud_task+0x32>
1000733e:	4b73      	ldr	r3, [pc, #460]	; (1000750c <tud_task+0x31c>)
10007340:	4a71      	ldr	r2, [pc, #452]	; (10007508 <tud_task+0x318>)
10007342:	469a      	mov	sl, r3
10007344:	2600      	movs	r6, #0
10007346:	781b      	ldrb	r3, [r3, #0]
10007348:	2a00      	cmp	r2, #0
1000734a:	d100      	bne.n	1000734e <tud_task+0x15e>
1000734c:	e0ac      	b.n	100074a8 <tud_task+0x2b8>
1000734e:	4a6d      	ldr	r2, [pc, #436]	; (10007504 <tud_task+0x314>)
10007350:	4690      	mov	r8, r2
10007352:	429e      	cmp	r6, r3
10007354:	d305      	bcc.n	10007362 <tud_task+0x172>
10007356:	3601      	adds	r6, #1
10007358:	b2f6      	uxtb	r6, r6
1000735a:	429e      	cmp	r6, r3
1000735c:	d900      	bls.n	10007360 <tud_task+0x170>
1000735e:	e760      	b.n	10007222 <tud_task+0x32>
10007360:	d2f9      	bcs.n	10007356 <tud_task+0x166>
10007362:	4642      	mov	r2, r8
10007364:	6811      	ldr	r1, [r2, #0]
10007366:	00f2      	lsls	r2, r6, #3
10007368:	1b92      	subs	r2, r2, r6
1000736a:	0092      	lsls	r2, r2, #2
1000736c:	188a      	adds	r2, r1, r2
1000736e:	6992      	ldr	r2, [r2, #24]
10007370:	2a00      	cmp	r2, #0
10007372:	d0f0      	beq.n	10007356 <tud_task+0x166>
10007374:	7838      	ldrb	r0, [r7, #0]
10007376:	4790      	blx	r2
10007378:	4653      	mov	r3, sl
1000737a:	3601      	adds	r6, #1
1000737c:	781b      	ldrb	r3, [r3, #0]
1000737e:	b2f6      	uxtb	r6, r6
10007380:	429e      	cmp	r6, r3
10007382:	d9e6      	bls.n	10007352 <tud_task+0x162>
10007384:	e74d      	b.n	10007222 <tud_task+0x32>
10007386:	9e04      	ldr	r6, [sp, #16]
10007388:	783b      	ldrb	r3, [r7, #0]
1000738a:	2237      	movs	r2, #55	; 0x37
1000738c:	2100      	movs	r1, #0
1000738e:	0030      	movs	r0, r6
10007390:	4699      	mov	r9, r3
10007392:	f7fe ff23 	bl	100061dc <__wrap_memset>
10007396:	2210      	movs	r2, #16
10007398:	21ff      	movs	r1, #255	; 0xff
1000739a:	485f      	ldr	r0, [pc, #380]	; (10007518 <tud_task+0x328>)
1000739c:	f7fe ff1e 	bl	100061dc <__wrap_memset>
100073a0:	0030      	movs	r0, r6
100073a2:	2212      	movs	r2, #18
100073a4:	21ff      	movs	r1, #255	; 0xff
100073a6:	3013      	adds	r0, #19
100073a8:	f7fe ff18 	bl	100061dc <__wrap_memset>
100073ac:	f000 fd36 	bl	10007e1c <usbd_control_reset>
100073b0:	4b56      	ldr	r3, [pc, #344]	; (1000750c <tud_task+0x31c>)
100073b2:	4a55      	ldr	r2, [pc, #340]	; (10007508 <tud_task+0x318>)
100073b4:	469a      	mov	sl, r3
100073b6:	4690      	mov	r8, r2
100073b8:	2600      	movs	r6, #0
100073ba:	781b      	ldrb	r3, [r3, #0]
100073bc:	2a00      	cmp	r2, #0
100073be:	d06b      	beq.n	10007498 <tud_task+0x2a8>
100073c0:	429e      	cmp	r6, r3
100073c2:	d348      	bcc.n	10007456 <tud_task+0x266>
100073c4:	4648      	mov	r0, r9
100073c6:	f000 fed1 	bl	1000816c <cdcd_reset>
100073ca:	4653      	mov	r3, sl
100073cc:	3601      	adds	r6, #1
100073ce:	781b      	ldrb	r3, [r3, #0]
100073d0:	b2f6      	uxtb	r6, r6
100073d2:	42b3      	cmp	r3, r6
100073d4:	d2f4      	bcs.n	100073c0 <tud_task+0x1d0>
100073d6:	4b51      	ldr	r3, [pc, #324]	; (1000751c <tud_task+0x32c>)
100073d8:	2b00      	cmp	r3, #0
100073da:	d100      	bne.n	100073de <tud_task+0x1ee>
100073dc:	e721      	b.n	10007222 <tud_task+0x32>
100073de:	e000      	b.n	100073e2 <tud_task+0x1f2>
100073e0:	bf00      	nop
100073e2:	e71e      	b.n	10007222 <tud_task+0x32>
100073e4:	4e46      	ldr	r6, [pc, #280]	; (10007500 <tud_task+0x310>)
100073e6:	783b      	ldrb	r3, [r7, #0]
100073e8:	2237      	movs	r2, #55	; 0x37
100073ea:	2100      	movs	r1, #0
100073ec:	0030      	movs	r0, r6
100073ee:	469b      	mov	fp, r3
100073f0:	9601      	str	r6, [sp, #4]
100073f2:	f7fe fef3 	bl	100061dc <__wrap_memset>
100073f6:	2210      	movs	r2, #16
100073f8:	21ff      	movs	r1, #255	; 0xff
100073fa:	1cf0      	adds	r0, r6, #3
100073fc:	f7fe feee 	bl	100061dc <__wrap_memset>
10007400:	0030      	movs	r0, r6
10007402:	2212      	movs	r2, #18
10007404:	21ff      	movs	r1, #255	; 0xff
10007406:	3013      	adds	r0, #19
10007408:	f7fe fee8 	bl	100061dc <__wrap_memset>
1000740c:	f000 fd06 	bl	10007e1c <usbd_control_reset>
10007410:	4b3e      	ldr	r3, [pc, #248]	; (1000750c <tud_task+0x31c>)
10007412:	4a3d      	ldr	r2, [pc, #244]	; (10007508 <tud_task+0x318>)
10007414:	469a      	mov	sl, r3
10007416:	4690      	mov	r8, r2
10007418:	2600      	movs	r6, #0
1000741a:	781b      	ldrb	r3, [r3, #0]
1000741c:	2a00      	cmp	r2, #0
1000741e:	d031      	beq.n	10007484 <tud_task+0x294>
10007420:	4a38      	ldr	r2, [pc, #224]	; (10007504 <tud_task+0x314>)
10007422:	4690      	mov	r8, r2
10007424:	429e      	cmp	r6, r3
10007426:	d30c      	bcc.n	10007442 <tud_task+0x252>
10007428:	4658      	mov	r0, fp
1000742a:	f000 fe9f 	bl	1000816c <cdcd_reset>
1000742e:	4653      	mov	r3, sl
10007430:	3601      	adds	r6, #1
10007432:	781b      	ldrb	r3, [r3, #0]
10007434:	b2f6      	uxtb	r6, r6
10007436:	42b3      	cmp	r3, r6
10007438:	d2f4      	bcs.n	10007424 <tud_task+0x234>
1000743a:	793b      	ldrb	r3, [r7, #4]
1000743c:	9a01      	ldr	r2, [sp, #4]
1000743e:	7093      	strb	r3, [r2, #2]
10007440:	e6ef      	b.n	10007222 <tud_task+0x32>
10007442:	4643      	mov	r3, r8
10007444:	681a      	ldr	r2, [r3, #0]
10007446:	00f3      	lsls	r3, r6, #3
10007448:	1b9b      	subs	r3, r3, r6
1000744a:	009b      	lsls	r3, r3, #2
1000744c:	18d3      	adds	r3, r2, r3
1000744e:	4658      	mov	r0, fp
10007450:	685b      	ldr	r3, [r3, #4]
10007452:	4798      	blx	r3
10007454:	e7eb      	b.n	1000742e <tud_task+0x23e>
10007456:	9b02      	ldr	r3, [sp, #8]
10007458:	4648      	mov	r0, r9
1000745a:	681a      	ldr	r2, [r3, #0]
1000745c:	00f3      	lsls	r3, r6, #3
1000745e:	1b9b      	subs	r3, r3, r6
10007460:	009b      	lsls	r3, r3, #2
10007462:	18d3      	adds	r3, r2, r3
10007464:	685b      	ldr	r3, [r3, #4]
10007466:	4798      	blx	r3
10007468:	e7af      	b.n	100073ca <tud_task+0x1da>
1000746a:	b011      	add	sp, #68	; 0x44
1000746c:	bcf0      	pop	{r4, r5, r6, r7}
1000746e:	46bb      	mov	fp, r7
10007470:	46b2      	mov	sl, r6
10007472:	46a9      	mov	r9, r5
10007474:	46a0      	mov	r8, r4
10007476:	bdf0      	pop	{r4, r5, r6, r7, pc}
10007478:	68bb      	ldr	r3, [r7, #8]
1000747a:	797a      	ldrb	r2, [r7, #5]
1000747c:	7838      	ldrb	r0, [r7, #0]
1000747e:	f000 fceb 	bl	10007e58 <usbd_control_xfer_cb>
10007482:	e6ce      	b.n	10007222 <tud_task+0x32>
10007484:	4658      	mov	r0, fp
10007486:	f000 fe71 	bl	1000816c <cdcd_reset>
1000748a:	4653      	mov	r3, sl
1000748c:	781b      	ldrb	r3, [r3, #0]
1000748e:	2b00      	cmp	r3, #0
10007490:	d0d3      	beq.n	1000743a <tud_task+0x24a>
10007492:	4643      	mov	r3, r8
10007494:	685b      	ldr	r3, [r3, #4]
10007496:	deff      	udf	#255	; 0xff
10007498:	4648      	mov	r0, r9
1000749a:	f000 fe67 	bl	1000816c <cdcd_reset>
1000749e:	4653      	mov	r3, sl
100074a0:	781b      	ldrb	r3, [r3, #0]
100074a2:	2b00      	cmp	r3, #0
100074a4:	d097      	beq.n	100073d6 <tud_task+0x1e6>
100074a6:	e7f4      	b.n	10007492 <tud_task+0x2a2>
100074a8:	2b00      	cmp	r3, #0
100074aa:	d100      	bne.n	100074ae <tud_task+0x2be>
100074ac:	e6b9      	b.n	10007222 <tud_task+0x32>
100074ae:	6993      	ldr	r3, [r2, #24]
100074b0:	deff      	udf	#255	; 0xff
100074b2:	4b1b      	ldr	r3, [pc, #108]	; (10007520 <tud_task+0x330>)
100074b4:	2b00      	cmp	r3, #0
100074b6:	d100      	bne.n	100074ba <tud_task+0x2ca>
100074b8:	e726      	b.n	10007308 <tud_task+0x118>
100074ba:	481a      	ldr	r0, [pc, #104]	; (10007524 <tud_task+0x334>)
100074bc:	2800      	cmp	r0, #0
100074be:	d001      	beq.n	100074c4 <tud_task+0x2d4>
100074c0:	f000 fcb6 	bl	10007e30 <usbd_control_set_complete_callback>
100074c4:	4650      	mov	r0, sl
100074c6:	a90e      	add	r1, sp, #56	; 0x38
100074c8:	e000      	b.n	100074cc <tud_task+0x2dc>
100074ca:	bf00      	nop
100074cc:	4680      	mov	r8, r0
100074ce:	4643      	mov	r3, r8
100074d0:	2b00      	cmp	r3, #0
100074d2:	d000      	beq.n	100074d6 <tud_task+0x2e6>
100074d4:	e6a5      	b.n	10007222 <tud_task+0x32>
100074d6:	e717      	b.n	10007308 <tud_task+0x118>
100074d8:	2b20      	cmp	r3, #32
100074da:	d100      	bne.n	100074de <tud_task+0x2ee>
100074dc:	e09c      	b.n	10007618 <tud_task+0x428>
100074de:	2b00      	cmp	r3, #0
100074e0:	d000      	beq.n	100074e4 <tud_task+0x2f4>
100074e2:	e711      	b.n	10007308 <tud_task+0x118>
100074e4:	797b      	ldrb	r3, [r7, #5]
100074e6:	2b09      	cmp	r3, #9
100074e8:	d900      	bls.n	100074ec <tud_task+0x2fc>
100074ea:	e70d      	b.n	10007308 <tud_task+0x118>
100074ec:	4a0e      	ldr	r2, [pc, #56]	; (10007528 <tud_task+0x338>)
100074ee:	009b      	lsls	r3, r3, #2
100074f0:	58d3      	ldr	r3, [r2, r3]
100074f2:	469f      	mov	pc, r3
100074f4:	20001378 	.word	0x20001378
100074f8:	10009c78 	.word	0x10009c78
100074fc:	00000000 	.word	0x00000000
10007500:	2000133c 	.word	0x2000133c
10007504:	20001004 	.word	0x20001004
10007508:	10006779 	.word	0x10006779
1000750c:	20001e96 	.word	0x20001e96
10007510:	10008325 	.word	0x10008325
10007514:	00000000 	.word	0x00000000
10007518:	2000133f 	.word	0x2000133f
	...
10007528:	10009c9c 	.word	0x10009c9c
1000752c:	227f      	movs	r2, #127	; 0x7f
1000752e:	7a39      	ldrb	r1, [r7, #8]
10007530:	400a      	ands	r2, r1
10007532:	2a08      	cmp	r2, #8
10007534:	d900      	bls.n	10007538 <tud_task+0x348>
10007536:	e6e7      	b.n	10007308 <tud_task+0x118>
10007538:	09c8      	lsrs	r0, r1, #7
1000753a:	9005      	str	r0, [sp, #20]
1000753c:	2b00      	cmp	r3, #0
1000753e:	d100      	bne.n	10007542 <tud_task+0x352>
10007540:	e089      	b.n	10007656 <tud_task+0x466>
10007542:	2300      	movs	r3, #0
10007544:	4698      	mov	r8, r3
10007546:	0053      	lsls	r3, r2, #1
10007548:	9306      	str	r3, [sp, #24]
1000754a:	9b06      	ldr	r3, [sp, #24]
1000754c:	9e01      	ldr	r6, [sp, #4]
1000754e:	469c      	mov	ip, r3
10007550:	9b05      	ldr	r3, [sp, #20]
10007552:	4466      	add	r6, ip
10007554:	469c      	mov	ip, r3
10007556:	4ad6      	ldr	r2, [pc, #856]	; (100078b0 <tud_task+0x6c0>)
10007558:	4466      	add	r6, ip
1000755a:	7cf3      	ldrb	r3, [r6, #19]
1000755c:	2a00      	cmp	r2, #0
1000755e:	d006      	beq.n	1000756e <tud_task+0x37e>
10007560:	4ad4      	ldr	r2, [pc, #848]	; (100078b4 <tud_task+0x6c4>)
10007562:	7812      	ldrb	r2, [r2, #0]
10007564:	4293      	cmp	r3, r2
10007566:	d200      	bcs.n	1000756a <tud_task+0x37a>
10007568:	e10b      	b.n	10007782 <tud_task+0x592>
1000756a:	1a9b      	subs	r3, r3, r2
1000756c:	b2db      	uxtb	r3, r3
1000756e:	2b00      	cmp	r3, #0
10007570:	d000      	beq.n	10007574 <tud_task+0x384>
10007572:	e0fd      	b.n	10007770 <tud_task+0x580>
10007574:	48d0      	ldr	r0, [pc, #832]	; (100078b8 <tud_task+0x6c8>)
10007576:	4ed1      	ldr	r6, [pc, #836]	; (100078bc <tud_task+0x6cc>)
10007578:	f000 fc5a 	bl	10007e30 <usbd_control_set_complete_callback>
1000757c:	4650      	mov	r0, sl
1000757e:	68f3      	ldr	r3, [r6, #12]
10007580:	a90e      	add	r1, sp, #56	; 0x38
10007582:	4798      	blx	r3
10007584:	2800      	cmp	r0, #0
10007586:	d100      	bne.n	1000758a <tud_task+0x39a>
10007588:	e0f2      	b.n	10007770 <tud_task+0x580>
1000758a:	2260      	movs	r2, #96	; 0x60
1000758c:	793b      	ldrb	r3, [r7, #4]
1000758e:	421a      	tst	r2, r3
10007590:	d000      	beq.n	10007594 <tud_task+0x3a4>
10007592:	e646      	b.n	10007222 <tud_task+0x32>
10007594:	2000      	movs	r0, #0
10007596:	f000 fc4b 	bl	10007e30 <usbd_control_set_complete_callback>
1000759a:	e642      	b.n	10007222 <tud_task+0x32>
1000759c:	4ac8      	ldr	r2, [pc, #800]	; (100078c0 <tud_task+0x6d0>)
1000759e:	00d8      	lsls	r0, r3, #3
100075a0:	6812      	ldr	r2, [r2, #0]
100075a2:	1ac3      	subs	r3, r0, r3
100075a4:	009b      	lsls	r3, r3, #2
100075a6:	18d3      	adds	r3, r2, r3
100075a8:	2b00      	cmp	r3, #0
100075aa:	d100      	bne.n	100075ae <tud_task+0x3be>
100075ac:	e75d      	b.n	1000746a <tud_task+0x27a>
100075ae:	695e      	ldr	r6, [r3, #20]
100075b0:	e684      	b.n	100072bc <tud_task+0xcc>
100075b2:	7a3b      	ldrb	r3, [r7, #8]
100075b4:	2b0f      	cmp	r3, #15
100075b6:	d900      	bls.n	100075ba <tud_task+0x3ca>
100075b8:	e6a6      	b.n	10007308 <tud_task+0x118>
100075ba:	9a01      	ldr	r2, [sp, #4]
100075bc:	4694      	mov	ip, r2
100075be:	4abc      	ldr	r2, [pc, #752]	; (100078b0 <tud_task+0x6c0>)
100075c0:	4463      	add	r3, ip
100075c2:	78db      	ldrb	r3, [r3, #3]
100075c4:	2a00      	cmp	r2, #0
100075c6:	d005      	beq.n	100075d4 <tud_task+0x3e4>
100075c8:	4aba      	ldr	r2, [pc, #744]	; (100078b4 <tud_task+0x6c4>)
100075ca:	7812      	ldrb	r2, [r2, #0]
100075cc:	4293      	cmp	r3, r2
100075ce:	d363      	bcc.n	10007698 <tud_task+0x4a8>
100075d0:	1a9b      	subs	r3, r3, r2
100075d2:	b2db      	uxtb	r3, r3
100075d4:	2b00      	cmp	r3, #0
100075d6:	d000      	beq.n	100075da <tud_task+0x3ea>
100075d8:	e696      	b.n	10007308 <tud_task+0x118>
100075da:	48b7      	ldr	r0, [pc, #732]	; (100078b8 <tud_task+0x6c8>)
100075dc:	4eb7      	ldr	r6, [pc, #732]	; (100078bc <tud_task+0x6cc>)
100075de:	f000 fc27 	bl	10007e30 <usbd_control_set_complete_callback>
100075e2:	4650      	mov	r0, sl
100075e4:	68f3      	ldr	r3, [r6, #12]
100075e6:	a90e      	add	r1, sp, #56	; 0x38
100075e8:	4798      	blx	r3
100075ea:	2800      	cmp	r0, #0
100075ec:	d000      	beq.n	100075f0 <tud_task+0x400>
100075ee:	e618      	b.n	10007222 <tud_task+0x32>
100075f0:	2260      	movs	r2, #96	; 0x60
100075f2:	0011      	movs	r1, r2
100075f4:	793b      	ldrb	r3, [r7, #4]
100075f6:	4019      	ands	r1, r3
100075f8:	421a      	tst	r2, r3
100075fa:	d000      	beq.n	100075fe <tud_task+0x40e>
100075fc:	e684      	b.n	10007308 <tud_task+0x118>
100075fe:	797b      	ldrb	r3, [r7, #5]
10007600:	2b0a      	cmp	r3, #10
10007602:	d000      	beq.n	10007606 <tud_task+0x416>
10007604:	e680      	b.n	10007308 <tud_task+0x118>
10007606:	ab0c      	add	r3, sp, #48	; 0x30
10007608:	1c9a      	adds	r2, r3, #2
1000760a:	7011      	strb	r1, [r2, #0]
1000760c:	2301      	movs	r3, #1
1000760e:	4650      	mov	r0, sl
10007610:	a90e      	add	r1, sp, #56	; 0x38
10007612:	f000 fbad 	bl	10007d70 <tud_control_xfer>
10007616:	e604      	b.n	10007222 <tud_task+0x32>
10007618:	7a3b      	ldrb	r3, [r7, #8]
1000761a:	2b0f      	cmp	r3, #15
1000761c:	d900      	bls.n	10007620 <tud_task+0x430>
1000761e:	e673      	b.n	10007308 <tud_task+0x118>
10007620:	9a01      	ldr	r2, [sp, #4]
10007622:	4694      	mov	ip, r2
10007624:	4aa2      	ldr	r2, [pc, #648]	; (100078b0 <tud_task+0x6c0>)
10007626:	4463      	add	r3, ip
10007628:	78db      	ldrb	r3, [r3, #3]
1000762a:	2a00      	cmp	r2, #0
1000762c:	d006      	beq.n	1000763c <tud_task+0x44c>
1000762e:	4aa1      	ldr	r2, [pc, #644]	; (100078b4 <tud_task+0x6c4>)
10007630:	7812      	ldrb	r2, [r2, #0]
10007632:	4293      	cmp	r3, r2
10007634:	d200      	bcs.n	10007638 <tud_task+0x448>
10007636:	e0d0      	b.n	100077da <tud_task+0x5ea>
10007638:	1a9b      	subs	r3, r3, r2
1000763a:	b2db      	uxtb	r3, r3
1000763c:	2b00      	cmp	r3, #0
1000763e:	d000      	beq.n	10007642 <tud_task+0x452>
10007640:	e662      	b.n	10007308 <tud_task+0x118>
10007642:	489d      	ldr	r0, [pc, #628]	; (100078b8 <tud_task+0x6c8>)
10007644:	4e9d      	ldr	r6, [pc, #628]	; (100078bc <tud_task+0x6cc>)
10007646:	f000 fbf3 	bl	10007e30 <usbd_control_set_complete_callback>
1000764a:	4650      	mov	r0, sl
1000764c:	68f3      	ldr	r3, [r6, #12]
1000764e:	a90e      	add	r1, sp, #56	; 0x38
10007650:	4798      	blx	r3
10007652:	4680      	mov	r8, r0
10007654:	e73b      	b.n	100074ce <tud_task+0x2de>
10007656:	797b      	ldrb	r3, [r7, #5]
10007658:	001e      	movs	r6, r3
1000765a:	2b01      	cmp	r3, #1
1000765c:	d100      	bne.n	10007660 <tud_task+0x470>
1000765e:	e0a4      	b.n	100077aa <tud_task+0x5ba>
10007660:	2b03      	cmp	r3, #3
10007662:	d100      	bne.n	10007666 <tud_task+0x476>
10007664:	e097      	b.n	10007796 <tud_task+0x5a6>
10007666:	2b00      	cmp	r3, #0
10007668:	d000      	beq.n	1000766c <tud_task+0x47c>
1000766a:	e64d      	b.n	10007308 <tud_task+0x118>
1000766c:	0053      	lsls	r3, r2, #1
1000766e:	469c      	mov	ip, r3
10007670:	9a01      	ldr	r2, [sp, #4]
10007672:	9306      	str	r3, [sp, #24]
10007674:	4462      	add	r2, ip
10007676:	0013      	movs	r3, r2
10007678:	9a05      	ldr	r2, [sp, #20]
1000767a:	4650      	mov	r0, sl
1000767c:	4694      	mov	ip, r2
1000767e:	4463      	add	r3, ip
10007680:	3320      	adds	r3, #32
10007682:	795b      	ldrb	r3, [r3, #5]
10007684:	aa0c      	add	r2, sp, #48	; 0x30
10007686:	079b      	lsls	r3, r3, #30
10007688:	0fdb      	lsrs	r3, r3, #31
1000768a:	3202      	adds	r2, #2
1000768c:	8013      	strh	r3, [r2, #0]
1000768e:	a90e      	add	r1, sp, #56	; 0x38
10007690:	2302      	movs	r3, #2
10007692:	f000 fb6d 	bl	10007d70 <tud_control_xfer>
10007696:	e758      	b.n	1000754a <tud_task+0x35a>
10007698:	4a89      	ldr	r2, [pc, #548]	; (100078c0 <tud_task+0x6d0>)
1000769a:	00d9      	lsls	r1, r3, #3
1000769c:	6816      	ldr	r6, [r2, #0]
1000769e:	1acb      	subs	r3, r1, r3
100076a0:	009b      	lsls	r3, r3, #2
100076a2:	18f6      	adds	r6, r6, r3
100076a4:	2e00      	cmp	r6, #0
100076a6:	d100      	bne.n	100076aa <tud_task+0x4ba>
100076a8:	e62e      	b.n	10007308 <tud_task+0x118>
100076aa:	6930      	ldr	r0, [r6, #16]
100076ac:	e797      	b.n	100075de <tud_task+0x3ee>
100076ae:	88fb      	ldrh	r3, [r7, #6]
100076b0:	2b01      	cmp	r3, #1
100076b2:	d000      	beq.n	100076b6 <tud_task+0x4c6>
100076b4:	e628      	b.n	10007308 <tud_task+0x118>
100076b6:	2208      	movs	r2, #8
100076b8:	9901      	ldr	r1, [sp, #4]
100076ba:	4650      	mov	r0, sl
100076bc:	780b      	ldrb	r3, [r1, #0]
100076be:	4393      	bics	r3, r2
100076c0:	700b      	strb	r3, [r1, #0]
100076c2:	a90e      	add	r1, sp, #56	; 0x38
100076c4:	f000 fb3e 	bl	10007d44 <tud_control_status>
100076c8:	e5ab      	b.n	10007222 <tud_task+0x32>
100076ca:	2002      	movs	r0, #2
100076cc:	9b01      	ldr	r3, [sp, #4]
100076ce:	7819      	ldrb	r1, [r3, #0]
100076d0:	ab0c      	add	r3, sp, #48	; 0x30
100076d2:	1c9a      	adds	r2, r3, #2
100076d4:	068b      	lsls	r3, r1, #26
100076d6:	0889      	lsrs	r1, r1, #2
100076d8:	4001      	ands	r1, r0
100076da:	0fdb      	lsrs	r3, r3, #31
100076dc:	430b      	orrs	r3, r1
100076de:	8013      	strh	r3, [r2, #0]
100076e0:	4650      	mov	r0, sl
100076e2:	2302      	movs	r3, #2
100076e4:	a90e      	add	r1, sp, #56	; 0x38
100076e6:	f000 fb43 	bl	10007d70 <tud_control_xfer>
100076ea:	e59a      	b.n	10007222 <tud_task+0x32>
100076ec:	79bb      	ldrb	r3, [r7, #6]
100076ee:	4699      	mov	r9, r3
100076f0:	9b01      	ldr	r3, [sp, #4]
100076f2:	785b      	ldrb	r3, [r3, #1]
100076f4:	2b00      	cmp	r3, #0
100076f6:	d103      	bne.n	10007700 <tud_task+0x510>
100076f8:	464b      	mov	r3, r9
100076fa:	2b00      	cmp	r3, #0
100076fc:	d000      	beq.n	10007700 <tud_task+0x510>
100076fe:	e08b      	b.n	10007818 <tud_task+0x628>
10007700:	464a      	mov	r2, r9
10007702:	9b01      	ldr	r3, [sp, #4]
10007704:	4650      	mov	r0, sl
10007706:	a90e      	add	r1, sp, #56	; 0x38
10007708:	705a      	strb	r2, [r3, #1]
1000770a:	f000 fb1b 	bl	10007d44 <tud_control_status>
1000770e:	e588      	b.n	10007222 <tud_task+0x32>
10007710:	9b01      	ldr	r3, [sp, #4]
10007712:	aa0c      	add	r2, sp, #48	; 0x30
10007714:	785b      	ldrb	r3, [r3, #1]
10007716:	3202      	adds	r2, #2
10007718:	7013      	strb	r3, [r2, #0]
1000771a:	4650      	mov	r0, sl
1000771c:	2301      	movs	r3, #1
1000771e:	a90e      	add	r1, sp, #56	; 0x38
10007720:	f000 fb26 	bl	10007d70 <tud_control_xfer>
10007724:	e57d      	b.n	10007222 <tud_task+0x32>
10007726:	88fb      	ldrh	r3, [r7, #6]
10007728:	79b8      	ldrb	r0, [r7, #6]
1000772a:	0a1b      	lsrs	r3, r3, #8
1000772c:	2b0f      	cmp	r3, #15
1000772e:	d900      	bls.n	10007732 <tud_task+0x542>
10007730:	e5ea      	b.n	10007308 <tud_task+0x118>
10007732:	4a64      	ldr	r2, [pc, #400]	; (100078c4 <tud_task+0x6d4>)
10007734:	009b      	lsls	r3, r3, #2
10007736:	58d3      	ldr	r3, [r2, r3]
10007738:	469f      	mov	pc, r3
1000773a:	a80e      	add	r0, sp, #56	; 0x38
1000773c:	f000 fb7e 	bl	10007e3c <usbd_control_set_request>
10007740:	79b9      	ldrb	r1, [r7, #6]
10007742:	4650      	mov	r0, sl
10007744:	f7ff fa18 	bl	10006b78 <dcd_set_address>
10007748:	2202      	movs	r2, #2
1000774a:	9901      	ldr	r1, [sp, #4]
1000774c:	780b      	ldrb	r3, [r1, #0]
1000774e:	4313      	orrs	r3, r2
10007750:	700b      	strb	r3, [r1, #0]
10007752:	e566      	b.n	10007222 <tud_task+0x32>
10007754:	88fb      	ldrh	r3, [r7, #6]
10007756:	2b01      	cmp	r3, #1
10007758:	d000      	beq.n	1000775c <tud_task+0x56c>
1000775a:	e5d5      	b.n	10007308 <tud_task+0x118>
1000775c:	2208      	movs	r2, #8
1000775e:	9901      	ldr	r1, [sp, #4]
10007760:	4650      	mov	r0, sl
10007762:	780b      	ldrb	r3, [r1, #0]
10007764:	4313      	orrs	r3, r2
10007766:	700b      	strb	r3, [r1, #0]
10007768:	a90e      	add	r1, sp, #56	; 0x38
1000776a:	f000 faeb 	bl	10007d44 <tud_control_status>
1000776e:	e558      	b.n	10007222 <tud_task+0x32>
10007770:	2260      	movs	r2, #96	; 0x60
10007772:	793b      	ldrb	r3, [r7, #4]
10007774:	421a      	tst	r2, r3
10007776:	d000      	beq.n	1000777a <tud_task+0x58a>
10007778:	e6a9      	b.n	100074ce <tud_task+0x2de>
1000777a:	2000      	movs	r0, #0
1000777c:	f000 fb58 	bl	10007e30 <usbd_control_set_complete_callback>
10007780:	e6a5      	b.n	100074ce <tud_task+0x2de>
10007782:	4a4f      	ldr	r2, [pc, #316]	; (100078c0 <tud_task+0x6d0>)
10007784:	00d9      	lsls	r1, r3, #3
10007786:	6816      	ldr	r6, [r2, #0]
10007788:	1acb      	subs	r3, r1, r3
1000778a:	009b      	lsls	r3, r3, #2
1000778c:	18f6      	adds	r6, r6, r3
1000778e:	2e00      	cmp	r6, #0
10007790:	d0ee      	beq.n	10007770 <tud_task+0x580>
10007792:	6930      	ldr	r0, [r6, #16]
10007794:	e6f0      	b.n	10007578 <tud_task+0x388>
10007796:	88fb      	ldrh	r3, [r7, #6]
10007798:	0052      	lsls	r2, r2, #1
1000779a:	9206      	str	r2, [sp, #24]
1000779c:	2b00      	cmp	r3, #0
1000779e:	d027      	beq.n	100077f0 <tud_task+0x600>
100077a0:	4650      	mov	r0, sl
100077a2:	a90e      	add	r1, sp, #56	; 0x38
100077a4:	f000 face 	bl	10007d44 <tud_control_status>
100077a8:	e6cf      	b.n	1000754a <tud_task+0x35a>
100077aa:	88fb      	ldrh	r3, [r7, #6]
100077ac:	0052      	lsls	r2, r2, #1
100077ae:	9206      	str	r2, [sp, #24]
100077b0:	2b00      	cmp	r3, #0
100077b2:	d1f5      	bne.n	100077a0 <tud_task+0x5b0>
100077b4:	4650      	mov	r0, sl
100077b6:	f7ff fb4f 	bl	10006e58 <dcd_edpt_clear_stall>
100077ba:	9a06      	ldr	r2, [sp, #24]
100077bc:	9b01      	ldr	r3, [sp, #4]
100077be:	4694      	mov	ip, r2
100077c0:	9a05      	ldr	r2, [sp, #20]
100077c2:	4463      	add	r3, ip
100077c4:	4694      	mov	ip, r2
100077c6:	4649      	mov	r1, r9
100077c8:	4463      	add	r3, ip
100077ca:	3320      	adds	r3, #32
100077cc:	795a      	ldrb	r2, [r3, #5]
100077ce:	438a      	bics	r2, r1
100077d0:	715a      	strb	r2, [r3, #5]
100077d2:	795a      	ldrb	r2, [r3, #5]
100077d4:	43b2      	bics	r2, r6
100077d6:	715a      	strb	r2, [r3, #5]
100077d8:	e7e2      	b.n	100077a0 <tud_task+0x5b0>
100077da:	4a39      	ldr	r2, [pc, #228]	; (100078c0 <tud_task+0x6d0>)
100077dc:	00d9      	lsls	r1, r3, #3
100077de:	6816      	ldr	r6, [r2, #0]
100077e0:	1acb      	subs	r3, r1, r3
100077e2:	009b      	lsls	r3, r3, #2
100077e4:	18f6      	adds	r6, r6, r3
100077e6:	2e00      	cmp	r6, #0
100077e8:	d100      	bne.n	100077ec <tud_task+0x5fc>
100077ea:	e58d      	b.n	10007308 <tud_task+0x118>
100077ec:	6930      	ldr	r0, [r6, #16]
100077ee:	e72a      	b.n	10007646 <tud_task+0x456>
100077f0:	4650      	mov	r0, sl
100077f2:	f7ff fb09 	bl	10006e08 <dcd_edpt_stall>
100077f6:	9a06      	ldr	r2, [sp, #24]
100077f8:	9b01      	ldr	r3, [sp, #4]
100077fa:	4694      	mov	ip, r2
100077fc:	9a05      	ldr	r2, [sp, #20]
100077fe:	4463      	add	r3, ip
10007800:	4694      	mov	ip, r2
10007802:	2102      	movs	r1, #2
10007804:	4463      	add	r3, ip
10007806:	3320      	adds	r3, #32
10007808:	795a      	ldrb	r2, [r3, #5]
1000780a:	430a      	orrs	r2, r1
1000780c:	4659      	mov	r1, fp
1000780e:	715a      	strb	r2, [r3, #5]
10007810:	795a      	ldrb	r2, [r3, #5]
10007812:	430a      	orrs	r2, r1
10007814:	715a      	strb	r2, [r3, #5]
10007816:	e7c3      	b.n	100077a0 <tud_task+0x5b0>
10007818:	1e58      	subs	r0, r3, #1
1000781a:	b2c0      	uxtb	r0, r0
1000781c:	f7ff f8da 	bl	100069d4 <tud_descriptor_configuration_cb>
10007820:	2800      	cmp	r0, #0
10007822:	d100      	bne.n	10007826 <tud_task+0x636>
10007824:	e570      	b.n	10007308 <tud_task+0x118>
10007826:	7843      	ldrb	r3, [r0, #1]
10007828:	2b02      	cmp	r3, #2
1000782a:	d000      	beq.n	1000782e <tud_task+0x63e>
1000782c:	e56c      	b.n	10007308 <tud_task+0x118>
1000782e:	2101      	movs	r1, #1
10007830:	79c2      	ldrb	r2, [r0, #7]
10007832:	9e01      	ldr	r6, [sp, #4]
10007834:	1193      	asrs	r3, r2, #6
10007836:	1152      	asrs	r2, r2, #5
10007838:	400b      	ands	r3, r1
1000783a:	400a      	ands	r2, r1
1000783c:	0112      	lsls	r2, r2, #4
1000783e:	015b      	lsls	r3, r3, #5
10007840:	4313      	orrs	r3, r2
10007842:	7832      	ldrb	r2, [r6, #0]
10007844:	312f      	adds	r1, #47	; 0x2f
10007846:	438a      	bics	r2, r1
10007848:	4313      	orrs	r3, r2
1000784a:	7033      	strb	r3, [r6, #0]
1000784c:	2309      	movs	r3, #9
1000784e:	469b      	mov	fp, r3
10007850:	78c3      	ldrb	r3, [r0, #3]
10007852:	7882      	ldrb	r2, [r0, #2]
10007854:	021b      	lsls	r3, r3, #8
10007856:	4313      	orrs	r3, r2
10007858:	18c3      	adds	r3, r0, r3
1000785a:	9309      	str	r3, [sp, #36]	; 0x24
1000785c:	4b15      	ldr	r3, [pc, #84]	; (100078b4 <tud_task+0x6c4>)
1000785e:	4483      	add	fp, r0
10007860:	9305      	str	r3, [sp, #20]
10007862:	4b13      	ldr	r3, [pc, #76]	; (100078b0 <tud_task+0x6c0>)
10007864:	46a0      	mov	r8, r4
10007866:	930a      	str	r3, [sp, #40]	; 0x28
10007868:	4b17      	ldr	r3, [pc, #92]	; (100078c8 <tud_task+0x6d8>)
1000786a:	9308      	str	r3, [sp, #32]
1000786c:	4b14      	ldr	r3, [pc, #80]	; (100078c0 <tud_task+0x6d0>)
1000786e:	930b      	str	r3, [sp, #44]	; 0x2c
10007870:	002b      	movs	r3, r5
10007872:	465d      	mov	r5, fp
10007874:	469b      	mov	fp, r3
10007876:	9b09      	ldr	r3, [sp, #36]	; 0x24
10007878:	42ab      	cmp	r3, r5
1000787a:	d800      	bhi.n	1000787e <tud_task+0x68e>
1000787c:	e0d1      	b.n	10007a22 <tud_task+0x832>
1000787e:	2300      	movs	r3, #0
10007880:	786a      	ldrb	r2, [r5, #1]
10007882:	9307      	str	r3, [sp, #28]
10007884:	2a0b      	cmp	r2, #11
10007886:	d104      	bne.n	10007892 <tud_task+0x6a2>
10007888:	782b      	ldrb	r3, [r5, #0]
1000788a:	9507      	str	r5, [sp, #28]
1000788c:	18eb      	adds	r3, r5, r3
1000788e:	001d      	movs	r5, r3
10007890:	785a      	ldrb	r2, [r3, #1]
10007892:	2a04      	cmp	r2, #4
10007894:	d000      	beq.n	10007898 <tud_task+0x6a8>
10007896:	e082      	b.n	1000799e <tud_task+0x7ae>
10007898:	9b09      	ldr	r3, [sp, #36]	; 0x24
1000789a:	2600      	movs	r6, #0
1000789c:	1b5b      	subs	r3, r3, r5
1000789e:	b29b      	uxth	r3, r3
100078a0:	9306      	str	r3, [sp, #24]
100078a2:	9b05      	ldr	r3, [sp, #20]
100078a4:	781a      	ldrb	r2, [r3, #0]
100078a6:	9b0a      	ldr	r3, [sp, #40]	; 0x28
100078a8:	2b00      	cmp	r3, #0
100078aa:	d11b      	bne.n	100078e4 <tud_task+0x6f4>
100078ac:	e025      	b.n	100078fa <tud_task+0x70a>
100078ae:	46c0      	nop			; (mov r8, r8)
100078b0:	10006779 	.word	0x10006779
100078b4:	20001e96 	.word	0x20001e96
100078b8:	10008279 	.word	0x10008279
100078bc:	10009d04 	.word	0x10009d04
100078c0:	20001004 	.word	0x20001004
100078c4:	10009cc4 	.word	0x10009cc4
100078c8:	10008191 	.word	0x10008191
100078cc:	0029      	movs	r1, r5
100078ce:	4650      	mov	r0, sl
100078d0:	9a06      	ldr	r2, [sp, #24]
100078d2:	4798      	blx	r3
100078d4:	2800      	cmp	r0, #0
100078d6:	d121      	bne.n	1000791c <tud_task+0x72c>
100078d8:	9b05      	ldr	r3, [sp, #20]
100078da:	3601      	adds	r6, #1
100078dc:	781a      	ldrb	r2, [r3, #0]
100078de:	b2f6      	uxtb	r6, r6
100078e0:	42b2      	cmp	r2, r6
100078e2:	d35c      	bcc.n	1000799e <tud_task+0x7ae>
100078e4:	9b08      	ldr	r3, [sp, #32]
100078e6:	4296      	cmp	r6, r2
100078e8:	d2f0      	bcs.n	100078cc <tud_task+0x6dc>
100078ea:	9b0b      	ldr	r3, [sp, #44]	; 0x2c
100078ec:	681a      	ldr	r2, [r3, #0]
100078ee:	00f3      	lsls	r3, r6, #3
100078f0:	1b9b      	subs	r3, r3, r6
100078f2:	009b      	lsls	r3, r3, #2
100078f4:	18d3      	adds	r3, r2, r3
100078f6:	689b      	ldr	r3, [r3, #8]
100078f8:	e7e8      	b.n	100078cc <tud_task+0x6dc>
100078fa:	0029      	movs	r1, r5
100078fc:	4650      	mov	r0, sl
100078fe:	9a06      	ldr	r2, [sp, #24]
10007900:	f000 fc46 	bl	10008190 <cdcd_open>
10007904:	1e04      	subs	r4, r0, #0
10007906:	d10a      	bne.n	1000791e <tud_task+0x72e>
10007908:	9b05      	ldr	r3, [sp, #20]
1000790a:	4644      	mov	r4, r8
1000790c:	781b      	ldrb	r3, [r3, #0]
1000790e:	465d      	mov	r5, fp
10007910:	2b00      	cmp	r3, #0
10007912:	d100      	bne.n	10007916 <tud_task+0x726>
10007914:	e4f8      	b.n	10007308 <tud_task+0x118>
10007916:	9b0a      	ldr	r3, [sp, #40]	; 0x28
10007918:	689b      	ldr	r3, [r3, #8]
1000791a:	deff      	udf	#255	; 0xff
1000791c:	0004      	movs	r4, r0
1000791e:	2c08      	cmp	r4, #8
10007920:	d93d      	bls.n	1000799e <tud_task+0x7ae>
10007922:	9b06      	ldr	r3, [sp, #24]
10007924:	429c      	cmp	r4, r3
10007926:	d83a      	bhi.n	1000799e <tud_task+0x7ae>
10007928:	78aa      	ldrb	r2, [r5, #2]
1000792a:	9b01      	ldr	r3, [sp, #4]
1000792c:	189b      	adds	r3, r3, r2
1000792e:	78d9      	ldrb	r1, [r3, #3]
10007930:	29ff      	cmp	r1, #255	; 0xff
10007932:	d134      	bne.n	1000799e <tud_task+0x7ae>
10007934:	70de      	strb	r6, [r3, #3]
10007936:	9b07      	ldr	r3, [sp, #28]
10007938:	2b00      	cmp	r3, #0
1000793a:	d012      	beq.n	10007962 <tud_task+0x772>
1000793c:	0018      	movs	r0, r3
1000793e:	789b      	ldrb	r3, [r3, #2]
10007940:	4293      	cmp	r3, r2
10007942:	d12c      	bne.n	1000799e <tud_task+0x7ae>
10007944:	7901      	ldrb	r1, [r0, #4]
10007946:	796a      	ldrb	r2, [r5, #5]
10007948:	4291      	cmp	r1, r2
1000794a:	d128      	bne.n	1000799e <tud_task+0x7ae>
1000794c:	78c2      	ldrb	r2, [r0, #3]
1000794e:	2a01      	cmp	r2, #1
10007950:	d907      	bls.n	10007962 <tud_task+0x772>
10007952:	9901      	ldr	r1, [sp, #4]
10007954:	3a01      	subs	r2, #1
10007956:	3304      	adds	r3, #4
10007958:	18c8      	adds	r0, r1, r3
1000795a:	b2d2      	uxtb	r2, r2
1000795c:	0031      	movs	r1, r6
1000795e:	f7fe fc3d 	bl	100061dc <__wrap_memset>
10007962:	217f      	movs	r1, #127	; 0x7f
10007964:	9107      	str	r1, [sp, #28]
10007966:	4933      	ldr	r1, [pc, #204]	; (10007a34 <tud_task+0x844>)
10007968:	002a      	movs	r2, r5
1000796a:	2300      	movs	r3, #0
1000796c:	468c      	mov	ip, r1
1000796e:	7851      	ldrb	r1, [r2, #1]
10007970:	2905      	cmp	r1, #5
10007972:	d108      	bne.n	10007986 <tud_task+0x796>
10007974:	7890      	ldrb	r0, [r2, #2]
10007976:	9907      	ldr	r1, [sp, #28]
10007978:	4001      	ands	r1, r0
1000797a:	0049      	lsls	r1, r1, #1
1000797c:	9106      	str	r1, [sp, #24]
1000797e:	9906      	ldr	r1, [sp, #24]
10007980:	09c0      	lsrs	r0, r0, #7
10007982:	4461      	add	r1, ip
10007984:	540e      	strb	r6, [r1, r0]
10007986:	7811      	ldrb	r1, [r2, #0]
10007988:	18cb      	adds	r3, r1, r3
1000798a:	b29b      	uxth	r3, r3
1000798c:	1852      	adds	r2, r2, r1
1000798e:	429c      	cmp	r4, r3
10007990:	d8ed      	bhi.n	1000796e <tud_task+0x77e>
10007992:	9b05      	ldr	r3, [sp, #20]
10007994:	192d      	adds	r5, r5, r4
10007996:	781b      	ldrb	r3, [r3, #0]
10007998:	42b3      	cmp	r3, r6
1000799a:	d300      	bcc.n	1000799e <tud_task+0x7ae>
1000799c:	e76b      	b.n	10007876 <tud_task+0x686>
1000799e:	4644      	mov	r4, r8
100079a0:	465d      	mov	r5, fp
100079a2:	e4b1      	b.n	10007308 <tud_task+0x118>
100079a4:	4b24      	ldr	r3, [pc, #144]	; (10007a38 <tud_task+0x848>)
100079a6:	2b00      	cmp	r3, #0
100079a8:	d100      	bne.n	100079ac <tud_task+0x7bc>
100079aa:	e4ad      	b.n	10007308 <tud_task+0x118>
100079ac:	e000      	b.n	100079b0 <tud_task+0x7c0>
100079ae:	bf00      	nop
100079b0:	0006      	movs	r6, r0
100079b2:	aa0c      	add	r2, sp, #48	; 0x30
100079b4:	4694      	mov	ip, r2
100079b6:	2302      	movs	r3, #2
100079b8:	4463      	add	r3, ip
100079ba:	4698      	mov	r8, r3
100079bc:	2202      	movs	r2, #2
100079be:	0018      	movs	r0, r3
100079c0:	1cb1      	adds	r1, r6, #2
100079c2:	f7fe fc11 	bl	100061e8 <__wrap___aeabi_memcpy>
100079c6:	4643      	mov	r3, r8
100079c8:	0032      	movs	r2, r6
100079ca:	4650      	mov	r0, sl
100079cc:	881b      	ldrh	r3, [r3, #0]
100079ce:	a90e      	add	r1, sp, #56	; 0x38
100079d0:	f000 f9ce 	bl	10007d70 <tud_control_xfer>
100079d4:	2800      	cmp	r0, #0
100079d6:	d000      	beq.n	100079da <tud_task+0x7ea>
100079d8:	e423      	b.n	10007222 <tud_task+0x32>
100079da:	e495      	b.n	10007308 <tud_task+0x118>
100079dc:	4b17      	ldr	r3, [pc, #92]	; (10007a3c <tud_task+0x84c>)
100079de:	2b00      	cmp	r3, #0
100079e0:	d100      	bne.n	100079e4 <tud_task+0x7f4>
100079e2:	e491      	b.n	10007308 <tud_task+0x118>
100079e4:	e000      	b.n	100079e8 <tud_task+0x7f8>
100079e6:	bf00      	nop
100079e8:	1e02      	subs	r2, r0, #0
100079ea:	d100      	bne.n	100079ee <tud_task+0x7fe>
100079ec:	e48c      	b.n	10007308 <tud_task+0x118>
100079ee:	4650      	mov	r0, sl
100079f0:	7813      	ldrb	r3, [r2, #0]
100079f2:	a90e      	add	r1, sp, #56	; 0x38
100079f4:	f000 f9bc 	bl	10007d70 <tud_control_xfer>
100079f8:	e7ec      	b.n	100079d4 <tud_task+0x7e4>
100079fa:	8939      	ldrh	r1, [r7, #8]
100079fc:	f7fe ffee 	bl	100069dc <tud_descriptor_string_cb>
10007a00:	1e02      	subs	r2, r0, #0
10007a02:	d1f4      	bne.n	100079ee <tud_task+0x7fe>
10007a04:	e480      	b.n	10007308 <tud_task+0x118>
10007a06:	f7fe ffe5 	bl	100069d4 <tud_descriptor_configuration_cb>
10007a0a:	1e06      	subs	r6, r0, #0
10007a0c:	d1d1      	bne.n	100079b2 <tud_task+0x7c2>
10007a0e:	e47b      	b.n	10007308 <tud_task+0x118>
10007a10:	f7fe ffdc 	bl	100069cc <tud_descriptor_device_cb>
10007a14:	2312      	movs	r3, #18
10007a16:	0002      	movs	r2, r0
10007a18:	a90e      	add	r1, sp, #56	; 0x38
10007a1a:	4650      	mov	r0, sl
10007a1c:	f000 f9a8 	bl	10007d70 <tud_control_xfer>
10007a20:	e7d8      	b.n	100079d4 <tud_task+0x7e4>
10007a22:	4b07      	ldr	r3, [pc, #28]	; (10007a40 <tud_task+0x850>)
10007a24:	4644      	mov	r4, r8
10007a26:	465d      	mov	r5, fp
10007a28:	2b00      	cmp	r3, #0
10007a2a:	d100      	bne.n	10007a2e <tud_task+0x83e>
10007a2c:	e668      	b.n	10007700 <tud_task+0x510>
10007a2e:	e000      	b.n	10007a32 <tud_task+0x842>
10007a30:	bf00      	nop
10007a32:	e665      	b.n	10007700 <tud_task+0x510>
10007a34:	2000134f 	.word	0x2000134f
	...

10007a44 <dcd_event_bus_signal>:
10007a44:	b530      	push	{r4, r5, lr}
10007a46:	b085      	sub	sp, #20
10007a48:	466b      	mov	r3, sp
10007a4a:	0005      	movs	r5, r0
10007a4c:	000c      	movs	r4, r1
10007a4e:	1d98      	adds	r0, r3, #6
10007a50:	220a      	movs	r2, #10
10007a52:	2100      	movs	r1, #0
10007a54:	f7fe fbc2 	bl	100061dc <__wrap_memset>
10007a58:	466b      	mov	r3, sp
10007a5a:	711d      	strb	r5, [r3, #4]
10007a5c:	715c      	strb	r4, [r3, #5]
10007a5e:	2c04      	cmp	r4, #4
10007a60:	d04b      	beq.n	10007afa <dcd_event_bus_signal+0xb6>
10007a62:	d805      	bhi.n	10007a70 <dcd_event_bus_signal+0x2c>
10007a64:	2c02      	cmp	r4, #2
10007a66:	d030      	beq.n	10007aca <dcd_event_bus_signal+0x86>
10007a68:	2c03      	cmp	r4, #3
10007a6a:	d115      	bne.n	10007a98 <dcd_event_bus_signal+0x54>
10007a6c:	b005      	add	sp, #20
10007a6e:	bd30      	pop	{r4, r5, pc}
10007a70:	2c05      	cmp	r4, #5
10007a72:	d111      	bne.n	10007a98 <dcd_event_bus_signal+0x54>
10007a74:	4a2a      	ldr	r2, [pc, #168]	; (10007b20 <dcd_event_bus_signal+0xdc>)
10007a76:	7813      	ldrb	r3, [r2, #0]
10007a78:	07db      	lsls	r3, r3, #31
10007a7a:	d5f7      	bpl.n	10007a6c <dcd_event_bus_signal+0x28>
10007a7c:	2104      	movs	r1, #4
10007a7e:	7813      	ldrb	r3, [r2, #0]
10007a80:	438b      	bics	r3, r1
10007a82:	7013      	strb	r3, [r2, #0]
10007a84:	4b27      	ldr	r3, [pc, #156]	; (10007b24 <dcd_event_bus_signal+0xe0>)
10007a86:	681c      	ldr	r4, [r3, #0]
10007a88:	69a2      	ldr	r2, [r4, #24]
10007a8a:	f3ef 8110 	mrs	r1, PRIMASK
10007a8e:	b672      	cpsid	i
10007a90:	6813      	ldr	r3, [r2, #0]
10007a92:	2b00      	cmp	r3, #0
10007a94:	d109      	bne.n	10007aaa <dcd_event_bus_signal+0x66>
10007a96:	e7fb      	b.n	10007a90 <dcd_event_bus_signal+0x4c>
10007a98:	4b22      	ldr	r3, [pc, #136]	; (10007b24 <dcd_event_bus_signal+0xe0>)
10007a9a:	681c      	ldr	r4, [r3, #0]
10007a9c:	69a2      	ldr	r2, [r4, #24]
10007a9e:	f3ef 8110 	mrs	r1, PRIMASK
10007aa2:	b672      	cpsid	i
10007aa4:	6813      	ldr	r3, [r2, #0]
10007aa6:	2b00      	cmp	r3, #0
10007aa8:	d0fc      	beq.n	10007aa4 <dcd_event_bus_signal+0x60>
10007aaa:	f3bf 8f5f 	dmb	sy
10007aae:	61e1      	str	r1, [r4, #28]
10007ab0:	0020      	movs	r0, r4
10007ab2:	a901      	add	r1, sp, #4
10007ab4:	f000 fe10 	bl	100086d8 <tu_fifo_write>
10007ab8:	69a2      	ldr	r2, [r4, #24]
10007aba:	69e3      	ldr	r3, [r4, #28]
10007abc:	f3bf 8f5f 	dmb	sy
10007ac0:	2100      	movs	r1, #0
10007ac2:	6011      	str	r1, [r2, #0]
10007ac4:	f383 8810 	msr	PRIMASK, r3
10007ac8:	e7d0      	b.n	10007a6c <dcd_event_bus_signal+0x28>
10007aca:	2101      	movs	r1, #1
10007acc:	4b14      	ldr	r3, [pc, #80]	; (10007b20 <dcd_event_bus_signal+0xdc>)
10007ace:	781a      	ldrb	r2, [r3, #0]
10007ad0:	438a      	bics	r2, r1
10007ad2:	701a      	strb	r2, [r3, #0]
10007ad4:	781a      	ldrb	r2, [r3, #0]
10007ad6:	3103      	adds	r1, #3
10007ad8:	43a2      	bics	r2, r4
10007ada:	701a      	strb	r2, [r3, #0]
10007adc:	2200      	movs	r2, #0
10007ade:	705a      	strb	r2, [r3, #1]
10007ae0:	781a      	ldrb	r2, [r3, #0]
10007ae2:	438a      	bics	r2, r1
10007ae4:	701a      	strb	r2, [r3, #0]
10007ae6:	4b0f      	ldr	r3, [pc, #60]	; (10007b24 <dcd_event_bus_signal+0xe0>)
10007ae8:	681c      	ldr	r4, [r3, #0]
10007aea:	69a2      	ldr	r2, [r4, #24]
10007aec:	f3ef 8110 	mrs	r1, PRIMASK
10007af0:	b672      	cpsid	i
10007af2:	6813      	ldr	r3, [r2, #0]
10007af4:	2b00      	cmp	r3, #0
10007af6:	d1d8      	bne.n	10007aaa <dcd_event_bus_signal+0x66>
10007af8:	e7fb      	b.n	10007af2 <dcd_event_bus_signal+0xae>
10007afa:	4a09      	ldr	r2, [pc, #36]	; (10007b20 <dcd_event_bus_signal+0xdc>)
10007afc:	7813      	ldrb	r3, [r2, #0]
10007afe:	07db      	lsls	r3, r3, #31
10007b00:	d5b4      	bpl.n	10007a6c <dcd_event_bus_signal+0x28>
10007b02:	2104      	movs	r1, #4
10007b04:	7813      	ldrb	r3, [r2, #0]
10007b06:	430b      	orrs	r3, r1
10007b08:	7013      	strb	r3, [r2, #0]
10007b0a:	4b06      	ldr	r3, [pc, #24]	; (10007b24 <dcd_event_bus_signal+0xe0>)
10007b0c:	681c      	ldr	r4, [r3, #0]
10007b0e:	69a2      	ldr	r2, [r4, #24]
10007b10:	f3ef 8110 	mrs	r1, PRIMASK
10007b14:	b672      	cpsid	i
10007b16:	6813      	ldr	r3, [r2, #0]
10007b18:	2b00      	cmp	r3, #0
10007b1a:	d1c6      	bne.n	10007aaa <dcd_event_bus_signal+0x66>
10007b1c:	e7fb      	b.n	10007b16 <dcd_event_bus_signal+0xd2>
10007b1e:	46c0      	nop			; (mov r8, r8)
10007b20:	2000133c 	.word	0x2000133c
10007b24:	20001378 	.word	0x20001378

10007b28 <dcd_event_setup_received>:
10007b28:	2300      	movs	r3, #0
10007b2a:	b530      	push	{r4, r5, lr}
10007b2c:	b085      	sub	sp, #20
10007b2e:	ad01      	add	r5, sp, #4
10007b30:	806b      	strh	r3, [r5, #2]
10007b32:	7028      	strb	r0, [r5, #0]
10007b34:	3306      	adds	r3, #6
10007b36:	2208      	movs	r2, #8
10007b38:	a802      	add	r0, sp, #8
10007b3a:	706b      	strb	r3, [r5, #1]
10007b3c:	f7fe fb54 	bl	100061e8 <__wrap___aeabi_memcpy>
10007b40:	4b0c      	ldr	r3, [pc, #48]	; (10007b74 <dcd_event_setup_received+0x4c>)
10007b42:	681c      	ldr	r4, [r3, #0]
10007b44:	69a2      	ldr	r2, [r4, #24]
10007b46:	f3ef 8310 	mrs	r3, PRIMASK
10007b4a:	b672      	cpsid	i
10007b4c:	6811      	ldr	r1, [r2, #0]
10007b4e:	2900      	cmp	r1, #0
10007b50:	d0fc      	beq.n	10007b4c <dcd_event_setup_received+0x24>
10007b52:	f3bf 8f5f 	dmb	sy
10007b56:	61e3      	str	r3, [r4, #28]
10007b58:	0029      	movs	r1, r5
10007b5a:	0020      	movs	r0, r4
10007b5c:	f000 fdbc 	bl	100086d8 <tu_fifo_write>
10007b60:	69a2      	ldr	r2, [r4, #24]
10007b62:	69e3      	ldr	r3, [r4, #28]
10007b64:	f3bf 8f5f 	dmb	sy
10007b68:	2100      	movs	r1, #0
10007b6a:	6011      	str	r1, [r2, #0]
10007b6c:	f383 8810 	msr	PRIMASK, r3
10007b70:	b005      	add	sp, #20
10007b72:	bd30      	pop	{r4, r5, pc}
10007b74:	20001378 	.word	0x20001378

10007b78 <dcd_event_xfer_complete>:
10007b78:	b5f0      	push	{r4, r5, r6, r7, lr}
10007b7a:	46c6      	mov	lr, r8
10007b7c:	b500      	push	{lr}
10007b7e:	b084      	sub	sp, #16
10007b80:	001d      	movs	r5, r3
10007b82:	466b      	mov	r3, sp
10007b84:	4680      	mov	r8, r0
10007b86:	000f      	movs	r7, r1
10007b88:	0016      	movs	r6, r2
10007b8a:	2100      	movs	r1, #0
10007b8c:	2206      	movs	r2, #6
10007b8e:	1d98      	adds	r0, r3, #6
10007b90:	f7fe fb24 	bl	100061dc <__wrap_memset>
10007b94:	4643      	mov	r3, r8
10007b96:	ac01      	add	r4, sp, #4
10007b98:	7023      	strb	r3, [r4, #0]
10007b9a:	2307      	movs	r3, #7
10007b9c:	7063      	strb	r3, [r4, #1]
10007b9e:	4b0f      	ldr	r3, [pc, #60]	; (10007bdc <dcd_event_xfer_complete+0x64>)
10007ba0:	7165      	strb	r5, [r4, #5]
10007ba2:	681d      	ldr	r5, [r3, #0]
10007ba4:	7127      	strb	r7, [r4, #4]
10007ba6:	60a6      	str	r6, [r4, #8]
10007ba8:	69aa      	ldr	r2, [r5, #24]
10007baa:	f3ef 8310 	mrs	r3, PRIMASK
10007bae:	b672      	cpsid	i
10007bb0:	6811      	ldr	r1, [r2, #0]
10007bb2:	2900      	cmp	r1, #0
10007bb4:	d0fc      	beq.n	10007bb0 <dcd_event_xfer_complete+0x38>
10007bb6:	f3bf 8f5f 	dmb	sy
10007bba:	61eb      	str	r3, [r5, #28]
10007bbc:	0021      	movs	r1, r4
10007bbe:	0028      	movs	r0, r5
10007bc0:	f000 fd8a 	bl	100086d8 <tu_fifo_write>
10007bc4:	69aa      	ldr	r2, [r5, #24]
10007bc6:	69eb      	ldr	r3, [r5, #28]
10007bc8:	f3bf 8f5f 	dmb	sy
10007bcc:	2100      	movs	r1, #0
10007bce:	6011      	str	r1, [r2, #0]
10007bd0:	f383 8810 	msr	PRIMASK, r3
10007bd4:	b004      	add	sp, #16
10007bd6:	bc80      	pop	{r7}
10007bd8:	46b8      	mov	r8, r7
10007bda:	bdf0      	pop	{r4, r5, r6, r7, pc}
10007bdc:	20001378 	.word	0x20001378

10007be0 <usbd_open_edpt_pair>:
10007be0:	b5f8      	push	{r3, r4, r5, r6, r7, lr}
10007be2:	4647      	mov	r7, r8
10007be4:	46d6      	mov	lr, sl
10007be6:	b580      	push	{r7, lr}
10007be8:	4698      	mov	r8, r3
10007bea:	9b08      	ldr	r3, [sp, #32]
10007bec:	0006      	movs	r6, r0
10007bee:	000c      	movs	r4, r1
10007bf0:	1e17      	subs	r7, r2, #0
10007bf2:	469a      	mov	sl, r3
10007bf4:	d021      	beq.n	10007c3a <usbd_open_edpt_pair+0x5a>
10007bf6:	2500      	movs	r5, #0
10007bf8:	e006      	b.n	10007c08 <usbd_open_edpt_pair+0x28>
10007bfa:	4652      	mov	r2, sl
10007bfc:	7013      	strb	r3, [r2, #0]
10007bfe:	7823      	ldrb	r3, [r4, #0]
10007c00:	3501      	adds	r5, #1
10007c02:	18e4      	adds	r4, r4, r3
10007c04:	42bd      	cmp	r5, r7
10007c06:	da18      	bge.n	10007c3a <usbd_open_edpt_pair+0x5a>
10007c08:	7863      	ldrb	r3, [r4, #1]
10007c0a:	2b05      	cmp	r3, #5
10007c0c:	d117      	bne.n	10007c3e <usbd_open_edpt_pair+0x5e>
10007c0e:	78e1      	ldrb	r1, [r4, #3]
10007c10:	0789      	lsls	r1, r1, #30
10007c12:	0f89      	lsrs	r1, r1, #30
10007c14:	4541      	cmp	r1, r8
10007c16:	d112      	bne.n	10007c3e <usbd_open_edpt_pair+0x5e>
10007c18:	0021      	movs	r1, r4
10007c1a:	0030      	movs	r0, r6
10007c1c:	f7ff f83a 	bl	10006c94 <dcd_edpt_open>
10007c20:	2800      	cmp	r0, #0
10007c22:	d00c      	beq.n	10007c3e <usbd_open_edpt_pair+0x5e>
10007c24:	78a3      	ldrb	r3, [r4, #2]
10007c26:	09da      	lsrs	r2, r3, #7
10007c28:	2a01      	cmp	r2, #1
10007c2a:	d1e6      	bne.n	10007bfa <usbd_open_edpt_pair+0x1a>
10007c2c:	9a09      	ldr	r2, [sp, #36]	; 0x24
10007c2e:	3501      	adds	r5, #1
10007c30:	7013      	strb	r3, [r2, #0]
10007c32:	7823      	ldrb	r3, [r4, #0]
10007c34:	18e4      	adds	r4, r4, r3
10007c36:	42bd      	cmp	r5, r7
10007c38:	dbe6      	blt.n	10007c08 <usbd_open_edpt_pair+0x28>
10007c3a:	2001      	movs	r0, #1
10007c3c:	e000      	b.n	10007c40 <usbd_open_edpt_pair+0x60>
10007c3e:	2000      	movs	r0, #0
10007c40:	bcc0      	pop	{r6, r7}
10007c42:	46ba      	mov	sl, r7
10007c44:	46b0      	mov	r8, r6
10007c46:	bdf8      	pop	{r3, r4, r5, r6, r7, pc}

10007c48 <usbd_edpt_open>:
10007c48:	b510      	push	{r4, lr}
10007c4a:	f7ff f823 	bl	10006c94 <dcd_edpt_open>
10007c4e:	bd10      	pop	{r4, pc}

10007c50 <usbd_edpt_claim>:
10007c50:	227f      	movs	r2, #127	; 0x7f
10007c52:	b570      	push	{r4, r5, r6, lr}
10007c54:	4b15      	ldr	r3, [pc, #84]	; (10007cac <usbd_edpt_claim+0x5c>)
10007c56:	400a      	ands	r2, r1
10007c58:	0052      	lsls	r2, r2, #1
10007c5a:	189c      	adds	r4, r3, r2
10007c5c:	09c9      	lsrs	r1, r1, #7
10007c5e:	1864      	adds	r4, r4, r1
10007c60:	3420      	adds	r4, #32
10007c62:	7963      	ldrb	r3, [r4, #5]
10007c64:	07db      	lsls	r3, r3, #31
10007c66:	0fdd      	lsrs	r5, r3, #31
10007c68:	2b00      	cmp	r3, #0
10007c6a:	d118      	bne.n	10007c9e <usbd_edpt_claim+0x4e>
10007c6c:	7963      	ldrb	r3, [r4, #5]
10007c6e:	075b      	lsls	r3, r3, #29
10007c70:	d501      	bpl.n	10007c76 <usbd_edpt_claim+0x26>
10007c72:	0028      	movs	r0, r5
10007c74:	bd70      	pop	{r4, r5, r6, pc}
10007c76:	2101      	movs	r1, #1
10007c78:	4e0d      	ldr	r6, [pc, #52]	; (10007cb0 <usbd_edpt_claim+0x60>)
10007c7a:	4249      	negs	r1, r1
10007c7c:	6830      	ldr	r0, [r6, #0]
10007c7e:	f001 fc8f 	bl	100095a0 <__mutex_enter_timeout_ms_veneer>
10007c82:	7963      	ldrb	r3, [r4, #5]
10007c84:	07db      	lsls	r3, r3, #31
10007c86:	0fdd      	lsrs	r5, r3, #31
10007c88:	2b00      	cmp	r3, #0
10007c8a:	d10a      	bne.n	10007ca2 <usbd_edpt_claim+0x52>
10007c8c:	7963      	ldrb	r3, [r4, #5]
10007c8e:	075b      	lsls	r3, r3, #29
10007c90:	d408      	bmi.n	10007ca4 <usbd_edpt_claim+0x54>
10007c92:	2204      	movs	r2, #4
10007c94:	7963      	ldrb	r3, [r4, #5]
10007c96:	2501      	movs	r5, #1
10007c98:	4313      	orrs	r3, r2
10007c9a:	7163      	strb	r3, [r4, #5]
10007c9c:	e002      	b.n	10007ca4 <usbd_edpt_claim+0x54>
10007c9e:	2500      	movs	r5, #0
10007ca0:	e7e7      	b.n	10007c72 <usbd_edpt_claim+0x22>
10007ca2:	2500      	movs	r5, #0
10007ca4:	6830      	ldr	r0, [r6, #0]
10007ca6:	f001 fc5b 	bl	10009560 <__mutex_exit_veneer>
10007caa:	e7e2      	b.n	10007c72 <usbd_edpt_claim+0x22>
10007cac:	2000133c 	.word	0x2000133c
10007cb0:	20001374 	.word	0x20001374

10007cb4 <usbd_edpt_release>:
10007cb4:	b570      	push	{r4, r5, r6, lr}
10007cb6:	000c      	movs	r4, r1
10007cb8:	2101      	movs	r1, #1
10007cba:	4d0f      	ldr	r5, [pc, #60]	; (10007cf8 <usbd_edpt_release+0x44>)
10007cbc:	4249      	negs	r1, r1
10007cbe:	6828      	ldr	r0, [r5, #0]
10007cc0:	f001 fc6e 	bl	100095a0 <__mutex_enter_timeout_ms_veneer>
10007cc4:	237f      	movs	r3, #127	; 0x7f
10007cc6:	4a0d      	ldr	r2, [pc, #52]	; (10007cfc <usbd_edpt_release+0x48>)
10007cc8:	4023      	ands	r3, r4
10007cca:	005b      	lsls	r3, r3, #1
10007ccc:	09e4      	lsrs	r4, r4, #7
10007cce:	18d3      	adds	r3, r2, r3
10007cd0:	191b      	adds	r3, r3, r4
10007cd2:	3320      	adds	r3, #32
10007cd4:	795a      	ldrb	r2, [r3, #5]
10007cd6:	2400      	movs	r4, #0
10007cd8:	07d2      	lsls	r2, r2, #31
10007cda:	d408      	bmi.n	10007cee <usbd_edpt_release+0x3a>
10007cdc:	795a      	ldrb	r2, [r3, #5]
10007cde:	0752      	lsls	r2, r2, #29
10007ce0:	0fd4      	lsrs	r4, r2, #31
10007ce2:	2a00      	cmp	r2, #0
10007ce4:	da03      	bge.n	10007cee <usbd_edpt_release+0x3a>
10007ce6:	2104      	movs	r1, #4
10007ce8:	795a      	ldrb	r2, [r3, #5]
10007cea:	438a      	bics	r2, r1
10007cec:	715a      	strb	r2, [r3, #5]
10007cee:	6828      	ldr	r0, [r5, #0]
10007cf0:	f001 fc36 	bl	10009560 <__mutex_exit_veneer>
10007cf4:	0020      	movs	r0, r4
10007cf6:	bd70      	pop	{r4, r5, r6, pc}
10007cf8:	20001374 	.word	0x20001374
10007cfc:	2000133c 	.word	0x2000133c

10007d00 <usbd_edpt_xfer>:
10007d00:	b570      	push	{r4, r5, r6, lr}
10007d02:	247f      	movs	r4, #127	; 0x7f
10007d04:	4d0e      	ldr	r5, [pc, #56]	; (10007d40 <usbd_edpt_xfer+0x40>)
10007d06:	400c      	ands	r4, r1
10007d08:	0064      	lsls	r4, r4, #1
10007d0a:	192c      	adds	r4, r5, r4
10007d0c:	09ce      	lsrs	r6, r1, #7
10007d0e:	19a4      	adds	r4, r4, r6
10007d10:	3420      	adds	r4, #32
10007d12:	7965      	ldrb	r5, [r4, #5]
10007d14:	07ed      	lsls	r5, r5, #31
10007d16:	d501      	bpl.n	10007d1c <usbd_edpt_xfer+0x1c>
10007d18:	2000      	movs	r0, #0
10007d1a:	bd70      	pop	{r4, r5, r6, pc}
10007d1c:	2601      	movs	r6, #1
10007d1e:	7965      	ldrb	r5, [r4, #5]
10007d20:	4335      	orrs	r5, r6
10007d22:	7165      	strb	r5, [r4, #5]
10007d24:	f7ff f85a 	bl	10006ddc <dcd_edpt_xfer>
10007d28:	2800      	cmp	r0, #0
10007d2a:	d1f6      	bne.n	10007d1a <usbd_edpt_xfer+0x1a>
10007d2c:	2201      	movs	r2, #1
10007d2e:	7963      	ldrb	r3, [r4, #5]
10007d30:	4393      	bics	r3, r2
10007d32:	7163      	strb	r3, [r4, #5]
10007d34:	7963      	ldrb	r3, [r4, #5]
10007d36:	3203      	adds	r2, #3
10007d38:	4393      	bics	r3, r2
10007d3a:	7163      	strb	r3, [r4, #5]
10007d3c:	e7ec      	b.n	10007d18 <usbd_edpt_xfer+0x18>
10007d3e:	46c0      	nop			; (mov r8, r8)
10007d40:	2000133c 	.word	0x2000133c

10007d44 <tud_control_status>:
10007d44:	b570      	push	{r4, r5, r6, lr}
10007d46:	4c09      	ldr	r4, [pc, #36]	; (10007d6c <tud_control_status+0x28>)
10007d48:	0006      	movs	r6, r0
10007d4a:	2208      	movs	r2, #8
10007d4c:	0020      	movs	r0, r4
10007d4e:	000d      	movs	r5, r1
10007d50:	f7fe fa4a 	bl	100061e8 <__wrap___aeabi_memcpy>
10007d54:	2300      	movs	r3, #0
10007d56:	2180      	movs	r1, #128	; 0x80
10007d58:	60e3      	str	r3, [r4, #12]
10007d5a:	60a3      	str	r3, [r4, #8]
10007d5c:	782b      	ldrb	r3, [r5, #0]
10007d5e:	0030      	movs	r0, r6
10007d60:	4399      	bics	r1, r3
10007d62:	2200      	movs	r2, #0
10007d64:	2300      	movs	r3, #0
10007d66:	f7ff f839 	bl	10006ddc <dcd_edpt_xfer>
10007d6a:	bd70      	pop	{r4, r5, r6, pc}
10007d6c:	200012e0 	.word	0x200012e0

10007d70 <tud_control_xfer>:
10007d70:	b5f8      	push	{r3, r4, r5, r6, r7, lr}
10007d72:	46ce      	mov	lr, r9
10007d74:	4647      	mov	r7, r8
10007d76:	4690      	mov	r8, r2
10007d78:	4e26      	ldr	r6, [pc, #152]	; (10007e14 <tud_control_xfer+0xa4>)
10007d7a:	b580      	push	{r7, lr}
10007d7c:	4681      	mov	r9, r0
10007d7e:	2208      	movs	r2, #8
10007d80:	0030      	movs	r0, r6
10007d82:	000d      	movs	r5, r1
10007d84:	001f      	movs	r7, r3
10007d86:	f7fe fa2f 	bl	100061e8 <__wrap___aeabi_memcpy>
10007d8a:	4643      	mov	r3, r8
10007d8c:	60b3      	str	r3, [r6, #8]
10007d8e:	2300      	movs	r3, #0
10007d90:	81f3      	strh	r3, [r6, #14]
10007d92:	79ec      	ldrb	r4, [r5, #7]
10007d94:	79ab      	ldrb	r3, [r5, #6]
10007d96:	0224      	lsls	r4, r4, #8
10007d98:	431c      	orrs	r4, r3
10007d9a:	1c23      	adds	r3, r4, #0
10007d9c:	42bc      	cmp	r4, r7
10007d9e:	d900      	bls.n	10007da2 <tud_control_xfer+0x32>
10007da0:	1c3b      	adds	r3, r7, #0
10007da2:	b29f      	uxth	r7, r3
10007da4:	81b3      	strh	r3, [r6, #12]
10007da6:	2c00      	cmp	r4, #0
10007da8:	d00e      	beq.n	10007dc8 <tud_control_xfer+0x58>
10007daa:	2f00      	cmp	r7, #0
10007dac:	d018      	beq.n	10007de0 <tud_control_xfer+0x70>
10007dae:	4643      	mov	r3, r8
10007db0:	2b00      	cmp	r3, #0
10007db2:	d02c      	beq.n	10007e0e <tud_control_xfer+0x9e>
10007db4:	1c3b      	adds	r3, r7, #0
10007db6:	2f40      	cmp	r7, #64	; 0x40
10007db8:	d81b      	bhi.n	10007df2 <tud_control_xfer+0x82>
10007dba:	b29f      	uxth	r7, r3
10007dbc:	7833      	ldrb	r3, [r6, #0]
10007dbe:	2b7f      	cmp	r3, #127	; 0x7f
10007dc0:	d81c      	bhi.n	10007dfc <tud_control_xfer+0x8c>
10007dc2:	2100      	movs	r1, #0
10007dc4:	4a14      	ldr	r2, [pc, #80]	; (10007e18 <tud_control_xfer+0xa8>)
10007dc6:	e00f      	b.n	10007de8 <tud_control_xfer+0x78>
10007dc8:	2180      	movs	r1, #128	; 0x80
10007dca:	782b      	ldrb	r3, [r5, #0]
10007dcc:	2200      	movs	r2, #0
10007dce:	4399      	bics	r1, r3
10007dd0:	4648      	mov	r0, r9
10007dd2:	2300      	movs	r3, #0
10007dd4:	f7ff f802 	bl	10006ddc <dcd_edpt_xfer>
10007dd8:	bcc0      	pop	{r6, r7}
10007dda:	46b9      	mov	r9, r7
10007ddc:	46b0      	mov	r8, r6
10007dde:	bdf8      	pop	{r3, r4, r5, r6, r7, pc}
10007de0:	237f      	movs	r3, #127	; 0x7f
10007de2:	2200      	movs	r2, #0
10007de4:	7831      	ldrb	r1, [r6, #0]
10007de6:	4399      	bics	r1, r3
10007de8:	003b      	movs	r3, r7
10007dea:	4648      	mov	r0, r9
10007dec:	f7fe fff6 	bl	10006ddc <dcd_edpt_xfer>
10007df0:	e7f2      	b.n	10007dd8 <tud_control_xfer+0x68>
10007df2:	2340      	movs	r3, #64	; 0x40
10007df4:	b29f      	uxth	r7, r3
10007df6:	7833      	ldrb	r3, [r6, #0]
10007df8:	2b7f      	cmp	r3, #127	; 0x7f
10007dfa:	d9e2      	bls.n	10007dc2 <tud_control_xfer+0x52>
10007dfc:	4c06      	ldr	r4, [pc, #24]	; (10007e18 <tud_control_xfer+0xa8>)
10007dfe:	003a      	movs	r2, r7
10007e00:	4641      	mov	r1, r8
10007e02:	0020      	movs	r0, r4
10007e04:	f7fe f9f0 	bl	100061e8 <__wrap___aeabi_memcpy>
10007e08:	2180      	movs	r1, #128	; 0x80
10007e0a:	0022      	movs	r2, r4
10007e0c:	e7ec      	b.n	10007de8 <tud_control_xfer+0x78>
10007e0e:	2000      	movs	r0, #0
10007e10:	e7e2      	b.n	10007dd8 <tud_control_xfer+0x68>
10007e12:	46c0      	nop			; (mov r8, r8)
10007e14:	200012e0 	.word	0x200012e0
10007e18:	200012fc 	.word	0x200012fc

10007e1c <usbd_control_reset>:
10007e1c:	b510      	push	{r4, lr}
10007e1e:	2214      	movs	r2, #20
10007e20:	2100      	movs	r1, #0
10007e22:	4802      	ldr	r0, [pc, #8]	; (10007e2c <usbd_control_reset+0x10>)
10007e24:	f7fe f9da 	bl	100061dc <__wrap_memset>
10007e28:	bd10      	pop	{r4, pc}
10007e2a:	46c0      	nop			; (mov r8, r8)
10007e2c:	200012e0 	.word	0x200012e0

10007e30 <usbd_control_set_complete_callback>:
10007e30:	4b01      	ldr	r3, [pc, #4]	; (10007e38 <usbd_control_set_complete_callback+0x8>)
10007e32:	6118      	str	r0, [r3, #16]
10007e34:	4770      	bx	lr
10007e36:	46c0      	nop			; (mov r8, r8)
10007e38:	200012e0 	.word	0x200012e0

10007e3c <usbd_control_set_request>:
10007e3c:	b510      	push	{r4, lr}
10007e3e:	4c05      	ldr	r4, [pc, #20]	; (10007e54 <usbd_control_set_request+0x18>)
10007e40:	0001      	movs	r1, r0
10007e42:	2208      	movs	r2, #8
10007e44:	0020      	movs	r0, r4
10007e46:	f7fe f9cf 	bl	100061e8 <__wrap___aeabi_memcpy>
10007e4a:	2300      	movs	r3, #0
10007e4c:	60a3      	str	r3, [r4, #8]
10007e4e:	60e3      	str	r3, [r4, #12]
10007e50:	bd10      	pop	{r4, pc}
10007e52:	46c0      	nop			; (mov r8, r8)
10007e54:	200012e0 	.word	0x200012e0

10007e58 <usbd_control_xfer_cb>:
10007e58:	b570      	push	{r4, r5, r6, lr}
10007e5a:	4c35      	ldr	r4, [pc, #212]	; (10007f30 <usbd_control_xfer_cb+0xd8>)
10007e5c:	001d      	movs	r5, r3
10007e5e:	7823      	ldrb	r3, [r4, #0]
10007e60:	0006      	movs	r6, r0
10007e62:	09da      	lsrs	r2, r3, #7
10007e64:	09c9      	lsrs	r1, r1, #7
10007e66:	428a      	cmp	r2, r1
10007e68:	d00c      	beq.n	10007e84 <usbd_control_xfer_cb+0x2c>
10007e6a:	2000      	movs	r0, #0
10007e6c:	2d00      	cmp	r5, #0
10007e6e:	d000      	beq.n	10007e72 <usbd_control_xfer_cb+0x1a>
10007e70:	bd70      	pop	{r4, r5, r6, pc}
10007e72:	4b30      	ldr	r3, [pc, #192]	; (10007f34 <usbd_control_xfer_cb+0xdc>)
10007e74:	2b00      	cmp	r3, #0
10007e76:	d003      	beq.n	10007e80 <usbd_control_xfer_cb+0x28>
10007e78:	0021      	movs	r1, r4
10007e7a:	0030      	movs	r0, r6
10007e7c:	f7fe feee 	bl	10006c5c <dcd_edpt0_status_complete>
10007e80:	2001      	movs	r0, #1
10007e82:	e7f5      	b.n	10007e70 <usbd_control_xfer_cb+0x18>
10007e84:	68a0      	ldr	r0, [r4, #8]
10007e86:	2b7f      	cmp	r3, #127	; 0x7f
10007e88:	d805      	bhi.n	10007e96 <usbd_control_xfer_cb+0x3e>
10007e8a:	2800      	cmp	r0, #0
10007e8c:	d033      	beq.n	10007ef6 <usbd_control_xfer_cb+0x9e>
10007e8e:	002a      	movs	r2, r5
10007e90:	4929      	ldr	r1, [pc, #164]	; (10007f38 <usbd_control_xfer_cb+0xe0>)
10007e92:	f7fe f9a9 	bl	100061e8 <__wrap___aeabi_memcpy>
10007e96:	89e2      	ldrh	r2, [r4, #14]
10007e98:	68a1      	ldr	r1, [r4, #8]
10007e9a:	1952      	adds	r2, r2, r5
10007e9c:	88e3      	ldrh	r3, [r4, #6]
10007e9e:	b292      	uxth	r2, r2
10007ea0:	1949      	adds	r1, r1, r5
10007ea2:	81e2      	strh	r2, [r4, #14]
10007ea4:	60a1      	str	r1, [r4, #8]
10007ea6:	4293      	cmp	r3, r2
10007ea8:	d014      	beq.n	10007ed4 <usbd_control_xfer_cb+0x7c>
10007eaa:	2d3f      	cmp	r5, #63	; 0x3f
10007eac:	d912      	bls.n	10007ed4 <usbd_control_xfer_cb+0x7c>
10007eae:	89a3      	ldrh	r3, [r4, #12]
10007eb0:	1a98      	subs	r0, r3, r2
10007eb2:	1c05      	adds	r5, r0, #0
10007eb4:	b280      	uxth	r0, r0
10007eb6:	2840      	cmp	r0, #64	; 0x40
10007eb8:	d829      	bhi.n	10007f0e <usbd_control_xfer_cb+0xb6>
10007eba:	7820      	ldrb	r0, [r4, #0]
10007ebc:	b2ad      	uxth	r5, r5
10007ebe:	287f      	cmp	r0, #127	; 0x7f
10007ec0:	d827      	bhi.n	10007f12 <usbd_control_xfer_cb+0xba>
10007ec2:	2100      	movs	r1, #0
10007ec4:	429a      	cmp	r2, r3
10007ec6:	d031      	beq.n	10007f2c <usbd_control_xfer_cb+0xd4>
10007ec8:	4a1b      	ldr	r2, [pc, #108]	; (10007f38 <usbd_control_xfer_cb+0xe0>)
10007eca:	002b      	movs	r3, r5
10007ecc:	0030      	movs	r0, r6
10007ece:	f7fe ff85 	bl	10006ddc <dcd_edpt_xfer>
10007ed2:	e7cd      	b.n	10007e70 <usbd_control_xfer_cb+0x18>
10007ed4:	6923      	ldr	r3, [r4, #16]
10007ed6:	2b00      	cmp	r3, #0
10007ed8:	d004      	beq.n	10007ee4 <usbd_control_xfer_cb+0x8c>
10007eda:	0021      	movs	r1, r4
10007edc:	0030      	movs	r0, r6
10007ede:	4798      	blx	r3
10007ee0:	2800      	cmp	r0, #0
10007ee2:	d00a      	beq.n	10007efa <usbd_control_xfer_cb+0xa2>
10007ee4:	2180      	movs	r1, #128	; 0x80
10007ee6:	7823      	ldrb	r3, [r4, #0]
10007ee8:	2200      	movs	r2, #0
10007eea:	4399      	bics	r1, r3
10007eec:	0030      	movs	r0, r6
10007eee:	2300      	movs	r3, #0
10007ef0:	f7fe ff74 	bl	10006ddc <dcd_edpt_xfer>
10007ef4:	e7bc      	b.n	10007e70 <usbd_control_xfer_cb+0x18>
10007ef6:	2000      	movs	r0, #0
10007ef8:	e7ba      	b.n	10007e70 <usbd_control_xfer_cb+0x18>
10007efa:	2100      	movs	r1, #0
10007efc:	0030      	movs	r0, r6
10007efe:	f7fe ff83 	bl	10006e08 <dcd_edpt_stall>
10007f02:	0030      	movs	r0, r6
10007f04:	2180      	movs	r1, #128	; 0x80
10007f06:	f7fe ff7f 	bl	10006e08 <dcd_edpt_stall>
10007f0a:	2001      	movs	r0, #1
10007f0c:	e7b0      	b.n	10007e70 <usbd_control_xfer_cb+0x18>
10007f0e:	2540      	movs	r5, #64	; 0x40
10007f10:	e7d3      	b.n	10007eba <usbd_control_xfer_cb+0x62>
10007f12:	429a      	cmp	r2, r3
10007f14:	d007      	beq.n	10007f26 <usbd_control_xfer_cb+0xce>
10007f16:	4c08      	ldr	r4, [pc, #32]	; (10007f38 <usbd_control_xfer_cb+0xe0>)
10007f18:	002a      	movs	r2, r5
10007f1a:	0020      	movs	r0, r4
10007f1c:	f7fe f964 	bl	100061e8 <__wrap___aeabi_memcpy>
10007f20:	2180      	movs	r1, #128	; 0x80
10007f22:	0022      	movs	r2, r4
10007f24:	e7d1      	b.n	10007eca <usbd_control_xfer_cb+0x72>
10007f26:	2180      	movs	r1, #128	; 0x80
10007f28:	2200      	movs	r2, #0
10007f2a:	e7ce      	b.n	10007eca <usbd_control_xfer_cb+0x72>
10007f2c:	2200      	movs	r2, #0
10007f2e:	e7cc      	b.n	10007eca <usbd_control_xfer_cb+0x72>
10007f30:	200012e0 	.word	0x200012e0
10007f34:	10006c5d 	.word	0x10006c5d
10007f38:	200012fc 	.word	0x200012fc

10007f3c <tud_cdc_n_connected>:
10007f3c:	b510      	push	{r4, lr}
10007f3e:	0004      	movs	r4, r0
10007f40:	f7ff f8ea 	bl	10007118 <tud_mounted>
10007f44:	2800      	cmp	r0, #0
10007f46:	d101      	bne.n	10007f4c <tud_cdc_n_connected+0x10>
10007f48:	2000      	movs	r0, #0
10007f4a:	bd10      	pop	{r4, pc}
10007f4c:	f7ff f8ec 	bl	10007128 <tud_suspended>
10007f50:	2800      	cmp	r0, #0
10007f52:	d1f9      	bne.n	10007f48 <tud_cdc_n_connected+0xc>
10007f54:	0061      	lsls	r1, r4, #1
10007f56:	1909      	adds	r1, r1, r4
10007f58:	010a      	lsls	r2, r1, #4
10007f5a:	4b04      	ldr	r3, [pc, #16]	; (10007f6c <tud_cdc_n_connected+0x30>)
10007f5c:	1a52      	subs	r2, r2, r1
10007f5e:	0112      	lsls	r2, r2, #4
10007f60:	189b      	adds	r3, r3, r2
10007f62:	791b      	ldrb	r3, [r3, #4]
10007f64:	3001      	adds	r0, #1
10007f66:	4018      	ands	r0, r3
10007f68:	e7ef      	b.n	10007f4a <tud_cdc_n_connected+0xe>
10007f6a:	46c0      	nop			; (mov r8, r8)
10007f6c:	20001010 	.word	0x20001010

10007f70 <tud_cdc_n_available>:
10007f70:	0043      	lsls	r3, r0, #1
10007f72:	181b      	adds	r3, r3, r0
10007f74:	b510      	push	{r4, lr}
10007f76:	0118      	lsls	r0, r3, #4
10007f78:	1ac0      	subs	r0, r0, r3
10007f7a:	4b03      	ldr	r3, [pc, #12]	; (10007f88 <tud_cdc_n_available+0x18>)
10007f7c:	0100      	lsls	r0, r0, #4
10007f7e:	18c0      	adds	r0, r0, r3
10007f80:	f000 fac8 	bl	10008514 <tu_fifo_count>
10007f84:	bd10      	pop	{r4, pc}
10007f86:	46c0      	nop			; (mov r8, r8)
10007f88:	20001020 	.word	0x20001020

10007f8c <tud_cdc_n_read>:
10007f8c:	0043      	lsls	r3, r0, #1
10007f8e:	1818      	adds	r0, r3, r0
10007f90:	b5f0      	push	{r4, r5, r6, r7, lr}
10007f92:	0104      	lsls	r4, r0, #4
10007f94:	1a24      	subs	r4, r4, r0
10007f96:	0124      	lsls	r4, r4, #4
10007f98:	0026      	movs	r6, r4
10007f9a:	46c6      	mov	lr, r8
10007f9c:	4f17      	ldr	r7, [pc, #92]	; (10007ffc <tud_cdc_n_read+0x70>)
10007f9e:	3610      	adds	r6, #16
10007fa0:	19f6      	adds	r6, r6, r7
10007fa2:	b500      	push	{lr}
10007fa4:	0030      	movs	r0, r6
10007fa6:	b292      	uxth	r2, r2
10007fa8:	f000 fb22 	bl	100085f0 <tu_fifo_read_n>
10007fac:	0005      	movs	r5, r0
10007fae:	0030      	movs	r0, r6
10007fb0:	f000 fabc 	bl	1000852c <tu_fifo_remaining>
10007fb4:	283f      	cmp	r0, #63	; 0x3f
10007fb6:	d803      	bhi.n	10007fc0 <tud_cdc_n_read+0x34>
10007fb8:	0028      	movs	r0, r5
10007fba:	bc80      	pop	{r7}
10007fbc:	46b8      	mov	r8, r7
10007fbe:	bdf0      	pop	{r4, r5, r6, r7, pc}
10007fc0:	193b      	adds	r3, r7, r4
10007fc2:	2000      	movs	r0, #0
10007fc4:	78d9      	ldrb	r1, [r3, #3]
10007fc6:	4698      	mov	r8, r3
10007fc8:	f7ff fe42 	bl	10007c50 <usbd_edpt_claim>
10007fcc:	2800      	cmp	r0, #0
10007fce:	d0f3      	beq.n	10007fb8 <tud_cdc_n_read+0x2c>
10007fd0:	0030      	movs	r0, r6
10007fd2:	f000 faab 	bl	1000852c <tu_fifo_remaining>
10007fd6:	283f      	cmp	r0, #63	; 0x3f
10007fd8:	d90a      	bls.n	10007ff0 <tud_cdc_n_read+0x64>
10007fda:	2394      	movs	r3, #148	; 0x94
10007fdc:	009b      	lsls	r3, r3, #2
10007fde:	18e2      	adds	r2, r4, r3
10007fe0:	4643      	mov	r3, r8
10007fe2:	19d2      	adds	r2, r2, r7
10007fe4:	78d9      	ldrb	r1, [r3, #3]
10007fe6:	2000      	movs	r0, #0
10007fe8:	2340      	movs	r3, #64	; 0x40
10007fea:	f7ff fe89 	bl	10007d00 <usbd_edpt_xfer>
10007fee:	e7e3      	b.n	10007fb8 <tud_cdc_n_read+0x2c>
10007ff0:	4643      	mov	r3, r8
10007ff2:	2000      	movs	r0, #0
10007ff4:	78d9      	ldrb	r1, [r3, #3]
10007ff6:	f7ff fe5d 	bl	10007cb4 <usbd_edpt_release>
10007ffa:	e7dd      	b.n	10007fb8 <tud_cdc_n_read+0x2c>
10007ffc:	20001010 	.word	0x20001010

10008000 <tud_cdc_n_write_flush>:
10008000:	b5f8      	push	{r3, r4, r5, r6, r7, lr}
10008002:	4647      	mov	r7, r8
10008004:	46ce      	mov	lr, r9
10008006:	b580      	push	{r7, lr}
10008008:	0047      	lsls	r7, r0, #1
1000800a:	183b      	adds	r3, r7, r0
1000800c:	011c      	lsls	r4, r3, #4
1000800e:	1ae4      	subs	r4, r4, r3
10008010:	0124      	lsls	r4, r4, #4
10008012:	4b22      	ldr	r3, [pc, #136]	; (1000809c <tud_cdc_n_write_flush+0x9c>)
10008014:	0026      	movs	r6, r4
10008016:	4698      	mov	r8, r3
10008018:	3628      	adds	r6, #40	; 0x28
1000801a:	4446      	add	r6, r8
1000801c:	0005      	movs	r5, r0
1000801e:	0030      	movs	r0, r6
10008020:	f000 fa78 	bl	10008514 <tu_fifo_count>
10008024:	2800      	cmp	r0, #0
10008026:	d104      	bne.n	10008032 <tud_cdc_n_write_flush+0x32>
10008028:	2000      	movs	r0, #0
1000802a:	bcc0      	pop	{r6, r7}
1000802c:	46b9      	mov	r9, r7
1000802e:	46b0      	mov	r8, r6
10008030:	bdf8      	pop	{r3, r4, r5, r6, r7, pc}
10008032:	46a1      	mov	r9, r4
10008034:	44c1      	add	r9, r8
10008036:	464b      	mov	r3, r9
10008038:	2000      	movs	r0, #0
1000803a:	7899      	ldrb	r1, [r3, #2]
1000803c:	f7ff fe08 	bl	10007c50 <usbd_edpt_claim>
10008040:	2800      	cmp	r0, #0
10008042:	d0f1      	beq.n	10008028 <tud_cdc_n_write_flush+0x28>
10008044:	23a4      	movs	r3, #164	; 0xa4
10008046:	009b      	lsls	r3, r3, #2
10008048:	469c      	mov	ip, r3
1000804a:	4464      	add	r4, ip
1000804c:	4444      	add	r4, r8
1000804e:	0030      	movs	r0, r6
10008050:	2240      	movs	r2, #64	; 0x40
10008052:	0021      	movs	r1, r4
10008054:	f000 facc 	bl	100085f0 <tu_fifo_read_n>
10008058:	1e06      	subs	r6, r0, #0
1000805a:	d014      	beq.n	10008086 <tud_cdc_n_write_flush+0x86>
1000805c:	f7ff f85c 	bl	10007118 <tud_mounted>
10008060:	2800      	cmp	r0, #0
10008062:	d010      	beq.n	10008086 <tud_cdc_n_write_flush+0x86>
10008064:	f7ff f860 	bl	10007128 <tud_suspended>
10008068:	2800      	cmp	r0, #0
1000806a:	d10c      	bne.n	10008086 <tud_cdc_n_write_flush+0x86>
1000806c:	464b      	mov	r3, r9
1000806e:	7899      	ldrb	r1, [r3, #2]
10008070:	791b      	ldrb	r3, [r3, #4]
10008072:	07db      	lsls	r3, r3, #31
10008074:	d507      	bpl.n	10008086 <tud_cdc_n_write_flush+0x86>
10008076:	0033      	movs	r3, r6
10008078:	0022      	movs	r2, r4
1000807a:	f7ff fe41 	bl	10007d00 <usbd_edpt_xfer>
1000807e:	2800      	cmp	r0, #0
10008080:	d0d2      	beq.n	10008028 <tud_cdc_n_write_flush+0x28>
10008082:	0030      	movs	r0, r6
10008084:	e7d1      	b.n	1000802a <tud_cdc_n_write_flush+0x2a>
10008086:	197f      	adds	r7, r7, r5
10008088:	013b      	lsls	r3, r7, #4
1000808a:	1bdb      	subs	r3, r3, r7
1000808c:	011b      	lsls	r3, r3, #4
1000808e:	4443      	add	r3, r8
10008090:	7899      	ldrb	r1, [r3, #2]
10008092:	2000      	movs	r0, #0
10008094:	f7ff fe0e 	bl	10007cb4 <usbd_edpt_release>
10008098:	e7c6      	b.n	10008028 <tud_cdc_n_write_flush+0x28>
1000809a:	46c0      	nop			; (mov r8, r8)
1000809c:	20001010 	.word	0x20001010

100080a0 <tud_cdc_n_write>:
100080a0:	0043      	lsls	r3, r0, #1
100080a2:	181b      	adds	r3, r3, r0
100080a4:	b570      	push	{r4, r5, r6, lr}
100080a6:	011c      	lsls	r4, r3, #4
100080a8:	1ae4      	subs	r4, r4, r3
100080aa:	4b0a      	ldr	r3, [pc, #40]	; (100080d4 <tud_cdc_n_write+0x34>)
100080ac:	0124      	lsls	r4, r4, #4
100080ae:	18e4      	adds	r4, r4, r3
100080b0:	0005      	movs	r5, r0
100080b2:	b292      	uxth	r2, r2
100080b4:	0020      	movs	r0, r4
100080b6:	f000 fb51 	bl	1000875c <tu_fifo_write_n>
100080ba:	0006      	movs	r6, r0
100080bc:	0020      	movs	r0, r4
100080be:	f000 fa29 	bl	10008514 <tu_fifo_count>
100080c2:	283f      	cmp	r0, #63	; 0x3f
100080c4:	d801      	bhi.n	100080ca <tud_cdc_n_write+0x2a>
100080c6:	0030      	movs	r0, r6
100080c8:	bd70      	pop	{r4, r5, r6, pc}
100080ca:	0028      	movs	r0, r5
100080cc:	f7ff ff98 	bl	10008000 <tud_cdc_n_write_flush>
100080d0:	e7f9      	b.n	100080c6 <tud_cdc_n_write+0x26>
100080d2:	46c0      	nop			; (mov r8, r8)
100080d4:	20001038 	.word	0x20001038

100080d8 <tud_cdc_n_write_available>:
100080d8:	0043      	lsls	r3, r0, #1
100080da:	181b      	adds	r3, r3, r0
100080dc:	b510      	push	{r4, lr}
100080de:	0118      	lsls	r0, r3, #4
100080e0:	1ac0      	subs	r0, r0, r3
100080e2:	4b03      	ldr	r3, [pc, #12]	; (100080f0 <tud_cdc_n_write_available+0x18>)
100080e4:	0100      	lsls	r0, r0, #4
100080e6:	18c0      	adds	r0, r0, r3
100080e8:	f000 fa20 	bl	1000852c <tu_fifo_remaining>
100080ec:	bd10      	pop	{r4, pc}
100080ee:	46c0      	nop			; (mov r8, r8)
100080f0:	20001038 	.word	0x20001038

100080f4 <cdcd_init>:
100080f4:	22b4      	movs	r2, #180	; 0xb4
100080f6:	b570      	push	{r4, r5, r6, lr}
100080f8:	4c1a      	ldr	r4, [pc, #104]	; (10008164 <cdcd_init+0x70>)
100080fa:	b082      	sub	sp, #8
100080fc:	2100      	movs	r1, #0
100080fe:	0020      	movs	r0, r4
10008100:	0092      	lsls	r2, r2, #2
10008102:	f7fe f86b 	bl	100061dc <__wrap_memset>
10008106:	23ff      	movs	r3, #255	; 0xff
10008108:	7163      	strb	r3, [r4, #5]
1000810a:	4b17      	ldr	r3, [pc, #92]	; (10008168 <cdcd_init+0x74>)
1000810c:	2580      	movs	r5, #128	; 0x80
1000810e:	80e3      	strh	r3, [r4, #6]
10008110:	2301      	movs	r3, #1
10008112:	2600      	movs	r6, #0
10008114:	0021      	movs	r1, r4
10008116:	0020      	movs	r0, r4
10008118:	8123      	strh	r3, [r4, #8]
1000811a:	006d      	lsls	r5, r5, #1
1000811c:	3307      	adds	r3, #7
1000811e:	7323      	strb	r3, [r4, #12]
10008120:	002a      	movs	r2, r5
10008122:	3140      	adds	r1, #64	; 0x40
10008124:	9600      	str	r6, [sp, #0]
10008126:	3b07      	subs	r3, #7
10008128:	3010      	adds	r0, #16
1000812a:	f000 f9b7 	bl	1000849c <tu_fifo_config>
1000812e:	0021      	movs	r1, r4
10008130:	0020      	movs	r0, r4
10008132:	3141      	adds	r1, #65	; 0x41
10008134:	002a      	movs	r2, r5
10008136:	31ff      	adds	r1, #255	; 0xff
10008138:	2301      	movs	r3, #1
1000813a:	9600      	str	r6, [sp, #0]
1000813c:	3028      	adds	r0, #40	; 0x28
1000813e:	f000 f9ad 	bl	1000849c <tu_fifo_config>
10008142:	2390      	movs	r3, #144	; 0x90
10008144:	009b      	lsls	r3, r3, #2
10008146:	18e5      	adds	r5, r4, r3
10008148:	0028      	movs	r0, r5
1000814a:	f7fa fe63 	bl	10002e14 <mutex_init>
1000814e:	2392      	movs	r3, #146	; 0x92
10008150:	009b      	lsls	r3, r3, #2
10008152:	6265      	str	r5, [r4, #36]	; 0x24
10008154:	18e5      	adds	r5, r4, r3
10008156:	0028      	movs	r0, r5
10008158:	f7fa fe5c 	bl	10002e14 <mutex_init>
1000815c:	63e5      	str	r5, [r4, #60]	; 0x3c
1000815e:	b002      	add	sp, #8
10008160:	bd70      	pop	{r4, r5, r6, pc}
10008162:	46c0      	nop			; (mov r8, r8)
10008164:	20001010 	.word	0x20001010
10008168:	ffffc200 	.word	0xffffc200

1000816c <cdcd_reset>:
1000816c:	b510      	push	{r4, lr}
1000816e:	4c07      	ldr	r4, [pc, #28]	; (1000818c <cdcd_reset+0x20>)
10008170:	2205      	movs	r2, #5
10008172:	2100      	movs	r1, #0
10008174:	0020      	movs	r0, r4
10008176:	f7fe f831 	bl	100061dc <__wrap_memset>
1000817a:	0020      	movs	r0, r4
1000817c:	3010      	adds	r0, #16
1000817e:	f000 fb67 	bl	10008850 <tu_fifo_clear>
10008182:	0020      	movs	r0, r4
10008184:	3028      	adds	r0, #40	; 0x28
10008186:	f000 fb63 	bl	10008850 <tu_fifo_clear>
1000818a:	bd10      	pop	{r4, pc}
1000818c:	20001010 	.word	0x20001010

10008190 <cdcd_open>:
10008190:	b5f0      	push	{r4, r5, r6, r7, lr}
10008192:	794b      	ldrb	r3, [r1, #5]
10008194:	0006      	movs	r6, r0
10008196:	b083      	sub	sp, #12
10008198:	2b02      	cmp	r3, #2
1000819a:	d102      	bne.n	100081a2 <cdcd_open+0x12>
1000819c:	798b      	ldrb	r3, [r1, #6]
1000819e:	2b02      	cmp	r3, #2
100081a0:	d003      	beq.n	100081aa <cdcd_open+0x1a>
100081a2:	2500      	movs	r5, #0
100081a4:	0028      	movs	r0, r5
100081a6:	b003      	add	sp, #12
100081a8:	bdf0      	pop	{r4, r5, r6, r7, pc}
100081aa:	79cb      	ldrb	r3, [r1, #7]
100081ac:	2b06      	cmp	r3, #6
100081ae:	d8f8      	bhi.n	100081a2 <cdcd_open+0x12>
100081b0:	4f2e      	ldr	r7, [pc, #184]	; (1000826c <cdcd_open+0xdc>)
100081b2:	78bb      	ldrb	r3, [r7, #2]
100081b4:	2b00      	cmp	r3, #0
100081b6:	d1f4      	bne.n	100081a2 <cdcd_open+0x12>
100081b8:	788b      	ldrb	r3, [r1, #2]
100081ba:	2509      	movs	r5, #9
100081bc:	703b      	strb	r3, [r7, #0]
100081be:	780c      	ldrb	r4, [r1, #0]
100081c0:	190c      	adds	r4, r1, r4
100081c2:	7863      	ldrb	r3, [r4, #1]
100081c4:	2b24      	cmp	r3, #36	; 0x24
100081c6:	d10b      	bne.n	100081e0 <cdcd_open+0x50>
100081c8:	2a08      	cmp	r2, #8
100081ca:	d802      	bhi.n	100081d2 <cdcd_open+0x42>
100081cc:	e01f      	b.n	1000820e <cdcd_open+0x7e>
100081ce:	42aa      	cmp	r2, r5
100081d0:	d31d      	bcc.n	1000820e <cdcd_open+0x7e>
100081d2:	7823      	ldrb	r3, [r4, #0]
100081d4:	18e4      	adds	r4, r4, r3
100081d6:	195d      	adds	r5, r3, r5
100081d8:	7863      	ldrb	r3, [r4, #1]
100081da:	b2ad      	uxth	r5, r5
100081dc:	2b24      	cmp	r3, #36	; 0x24
100081de:	d0f6      	beq.n	100081ce <cdcd_open+0x3e>
100081e0:	2b05      	cmp	r3, #5
100081e2:	d030      	beq.n	10008246 <cdcd_open+0xb6>
100081e4:	2b04      	cmp	r3, #4
100081e6:	d112      	bne.n	1000820e <cdcd_open+0x7e>
100081e8:	7963      	ldrb	r3, [r4, #5]
100081ea:	2b0a      	cmp	r3, #10
100081ec:	d10f      	bne.n	1000820e <cdcd_open+0x7e>
100081ee:	4b20      	ldr	r3, [pc, #128]	; (10008270 <cdcd_open+0xe0>)
100081f0:	7827      	ldrb	r7, [r4, #0]
100081f2:	9301      	str	r3, [sp, #4]
100081f4:	3301      	adds	r3, #1
100081f6:	9300      	str	r3, [sp, #0]
100081f8:	2202      	movs	r2, #2
100081fa:	2302      	movs	r3, #2
100081fc:	0030      	movs	r0, r6
100081fe:	19e1      	adds	r1, r4, r7
10008200:	f7ff fcee 	bl	10007be0 <usbd_open_edpt_pair>
10008204:	2800      	cmp	r0, #0
10008206:	d0cc      	beq.n	100081a2 <cdcd_open+0x12>
10008208:	350e      	adds	r5, #14
1000820a:	19ed      	adds	r5, r5, r7
1000820c:	b2ad      	uxth	r5, r5
1000820e:	4c19      	ldr	r4, [pc, #100]	; (10008274 <cdcd_open+0xe4>)
10008210:	0020      	movs	r0, r4
10008212:	f000 f98b 	bl	1000852c <tu_fifo_remaining>
10008216:	283f      	cmp	r0, #63	; 0x3f
10008218:	d9c4      	bls.n	100081a4 <cdcd_open+0x14>
1000821a:	0026      	movs	r6, r4
1000821c:	3e10      	subs	r6, #16
1000821e:	2000      	movs	r0, #0
10008220:	78f1      	ldrb	r1, [r6, #3]
10008222:	f7ff fd15 	bl	10007c50 <usbd_edpt_claim>
10008226:	2800      	cmp	r0, #0
10008228:	d0bc      	beq.n	100081a4 <cdcd_open+0x14>
1000822a:	0020      	movs	r0, r4
1000822c:	f000 f97e 	bl	1000852c <tu_fifo_remaining>
10008230:	283f      	cmp	r0, #63	; 0x3f
10008232:	d916      	bls.n	10008262 <cdcd_open+0xd2>
10008234:	2390      	movs	r3, #144	; 0x90
10008236:	009b      	lsls	r3, r3, #2
10008238:	18e2      	adds	r2, r4, r3
1000823a:	78f1      	ldrb	r1, [r6, #3]
1000823c:	2340      	movs	r3, #64	; 0x40
1000823e:	2000      	movs	r0, #0
10008240:	f7ff fd5e 	bl	10007d00 <usbd_edpt_xfer>
10008244:	e7ae      	b.n	100081a4 <cdcd_open+0x14>
10008246:	0021      	movs	r1, r4
10008248:	0030      	movs	r0, r6
1000824a:	f7ff fcfd 	bl	10007c48 <usbd_edpt_open>
1000824e:	2800      	cmp	r0, #0
10008250:	d0a7      	beq.n	100081a2 <cdcd_open+0x12>
10008252:	78a3      	ldrb	r3, [r4, #2]
10008254:	707b      	strb	r3, [r7, #1]
10008256:	7823      	ldrb	r3, [r4, #0]
10008258:	195d      	adds	r5, r3, r5
1000825a:	18e4      	adds	r4, r4, r3
1000825c:	7863      	ldrb	r3, [r4, #1]
1000825e:	b2ad      	uxth	r5, r5
10008260:	e7c0      	b.n	100081e4 <cdcd_open+0x54>
10008262:	78f1      	ldrb	r1, [r6, #3]
10008264:	2000      	movs	r0, #0
10008266:	f7ff fd25 	bl	10007cb4 <usbd_edpt_release>
1000826a:	e79b      	b.n	100081a4 <cdcd_open+0x14>
1000826c:	20001010 	.word	0x20001010
10008270:	20001012 	.word	0x20001012
10008274:	20001020 	.word	0x20001020

10008278 <cdcd_control_complete>:
10008278:	2360      	movs	r3, #96	; 0x60
1000827a:	780a      	ldrb	r2, [r1, #0]
1000827c:	2000      	movs	r0, #0
1000827e:	b570      	push	{r4, r5, r6, lr}
10008280:	4013      	ands	r3, r2
10008282:	2b20      	cmp	r3, #32
10008284:	d10b      	bne.n	1000829e <cdcd_control_complete+0x26>
10008286:	4a0a      	ldr	r2, [pc, #40]	; (100082b0 <cdcd_control_complete+0x38>)
10008288:	794b      	ldrb	r3, [r1, #5]
1000828a:	790d      	ldrb	r5, [r1, #4]
1000828c:	7814      	ldrb	r4, [r2, #0]
1000828e:	021b      	lsls	r3, r3, #8
10008290:	432b      	orrs	r3, r5
10008292:	429c      	cmp	r4, r3
10008294:	d103      	bne.n	1000829e <cdcd_control_complete+0x26>
10008296:	784b      	ldrb	r3, [r1, #1]
10008298:	2b20      	cmp	r3, #32
1000829a:	d001      	beq.n	100082a0 <cdcd_control_complete+0x28>
1000829c:	2001      	movs	r0, #1
1000829e:	bd70      	pop	{r4, r5, r6, pc}
100082a0:	4b04      	ldr	r3, [pc, #16]	; (100082b4 <cdcd_control_complete+0x3c>)
100082a2:	2b00      	cmp	r3, #0
100082a4:	d0fa      	beq.n	1000829c <cdcd_control_complete+0x24>
100082a6:	1d91      	adds	r1, r2, #6
100082a8:	f7fe fa6c 	bl	10006784 <tud_cdc_line_coding_cb>
100082ac:	2001      	movs	r0, #1
100082ae:	e7f6      	b.n	1000829e <cdcd_control_complete+0x26>
100082b0:	20001010 	.word	0x20001010
100082b4:	10006785 	.word	0x10006785

100082b8 <cdcd_control_request>:
100082b8:	2360      	movs	r3, #96	; 0x60
100082ba:	780a      	ldrb	r2, [r1, #0]
100082bc:	b570      	push	{r4, r5, r6, lr}
100082be:	4013      	ands	r3, r2
100082c0:	0004      	movs	r4, r0
100082c2:	2000      	movs	r0, #0
100082c4:	2b20      	cmp	r3, #32
100082c6:	d112      	bne.n	100082ee <cdcd_control_request+0x36>
100082c8:	4a14      	ldr	r2, [pc, #80]	; (1000831c <cdcd_control_request+0x64>)
100082ca:	794b      	ldrb	r3, [r1, #5]
100082cc:	790e      	ldrb	r6, [r1, #4]
100082ce:	7815      	ldrb	r5, [r2, #0]
100082d0:	021b      	lsls	r3, r3, #8
100082d2:	4333      	orrs	r3, r6
100082d4:	429d      	cmp	r5, r3
100082d6:	d10a      	bne.n	100082ee <cdcd_control_request+0x36>
100082d8:	784b      	ldrb	r3, [r1, #1]
100082da:	2b21      	cmp	r3, #33	; 0x21
100082dc:	d808      	bhi.n	100082f0 <cdcd_control_request+0x38>
100082de:	2b1f      	cmp	r3, #31
100082e0:	d905      	bls.n	100082ee <cdcd_control_request+0x36>
100082e2:	2307      	movs	r3, #7
100082e4:	0020      	movs	r0, r4
100082e6:	3206      	adds	r2, #6
100082e8:	f7ff fd42 	bl	10007d70 <tud_control_xfer>
100082ec:	2001      	movs	r0, #1
100082ee:	bd70      	pop	{r4, r5, r6, pc}
100082f0:	2b22      	cmp	r3, #34	; 0x22
100082f2:	d1fc      	bne.n	100082ee <cdcd_control_request+0x36>
100082f4:	78cd      	ldrb	r5, [r1, #3]
100082f6:	788b      	ldrb	r3, [r1, #2]
100082f8:	022d      	lsls	r5, r5, #8
100082fa:	431d      	orrs	r5, r3
100082fc:	0020      	movs	r0, r4
100082fe:	7115      	strb	r5, [r2, #4]
10008300:	f7ff fd20 	bl	10007d44 <tud_control_status>
10008304:	4b06      	ldr	r3, [pc, #24]	; (10008320 <cdcd_control_request+0x68>)
10008306:	2b00      	cmp	r3, #0
10008308:	d0f0      	beq.n	100082ec <cdcd_control_request+0x34>
1000830a:	2101      	movs	r1, #1
1000830c:	086a      	lsrs	r2, r5, #1
1000830e:	2000      	movs	r0, #0
10008310:	400a      	ands	r2, r1
10008312:	4029      	ands	r1, r5
10008314:	e000      	b.n	10008318 <cdcd_control_request+0x60>
10008316:	bf00      	nop
10008318:	2001      	movs	r0, #1
1000831a:	e7e8      	b.n	100082ee <cdcd_control_request+0x36>
1000831c:	20001010 	.word	0x20001010
10008320:	00000000 	.word	0x00000000

10008324 <cdcd_xfer_cb>:
10008324:	b5f0      	push	{r4, r5, r6, r7, lr}
10008326:	4646      	mov	r6, r8
10008328:	464f      	mov	r7, r9
1000832a:	46d6      	mov	lr, sl
1000832c:	b5c0      	push	{r6, r7, lr}
1000832e:	4e4b      	ldr	r6, [pc, #300]	; (1000845c <cdcd_xfer_cb+0x138>)
10008330:	001f      	movs	r7, r3
10008332:	78f3      	ldrb	r3, [r6, #3]
10008334:	4680      	mov	r8, r0
10008336:	000d      	movs	r5, r1
10008338:	78b2      	ldrb	r2, [r6, #2]
1000833a:	428b      	cmp	r3, r1
1000833c:	d007      	beq.n	1000834e <cdcd_xfer_cb+0x2a>
1000833e:	2000      	movs	r0, #0
10008340:	428a      	cmp	r2, r1
10008342:	d03c      	beq.n	100083be <cdcd_xfer_cb+0x9a>
10008344:	bce0      	pop	{r5, r6, r7}
10008346:	46ba      	mov	sl, r7
10008348:	46b1      	mov	r9, r6
1000834a:	46a8      	mov	r8, r5
1000834c:	bdf0      	pop	{r4, r5, r6, r7, pc}
1000834e:	2f00      	cmp	r7, #0
10008350:	d07b      	beq.n	1000844a <cdcd_xfer_cb+0x126>
10008352:	4b43      	ldr	r3, [pc, #268]	; (10008460 <cdcd_xfer_cb+0x13c>)
10008354:	2b00      	cmp	r3, #0
10008356:	d05f      	beq.n	10008418 <cdcd_xfer_cb+0xf4>
10008358:	2394      	movs	r3, #148	; 0x94
1000835a:	009b      	lsls	r3, r3, #2
1000835c:	18f4      	adds	r4, r6, r3
1000835e:	19e3      	adds	r3, r4, r7
10008360:	469a      	mov	sl, r3
10008362:	2310      	movs	r3, #16
10008364:	4699      	mov	r9, r3
10008366:	44b1      	add	r9, r6
10008368:	0021      	movs	r1, r4
1000836a:	4648      	mov	r0, r9
1000836c:	f000 f9b4 	bl	100086d8 <tu_fifo_write>
10008370:	7973      	ldrb	r3, [r6, #5]
10008372:	2bff      	cmp	r3, #255	; 0xff
10008374:	d002      	beq.n	1000837c <cdcd_xfer_cb+0x58>
10008376:	7821      	ldrb	r1, [r4, #0]
10008378:	4299      	cmp	r1, r3
1000837a:	d049      	beq.n	10008410 <cdcd_xfer_cb+0xec>
1000837c:	3401      	adds	r4, #1
1000837e:	4554      	cmp	r4, sl
10008380:	d1f2      	bne.n	10008368 <cdcd_xfer_cb+0x44>
10008382:	4b38      	ldr	r3, [pc, #224]	; (10008464 <cdcd_xfer_cb+0x140>)
10008384:	2b00      	cmp	r3, #0
10008386:	d004      	beq.n	10008392 <cdcd_xfer_cb+0x6e>
10008388:	4648      	mov	r0, r9
1000838a:	f000 f8c3 	bl	10008514 <tu_fifo_count>
1000838e:	2800      	cmp	r0, #0
10008390:	d15f      	bne.n	10008452 <cdcd_xfer_cb+0x12e>
10008392:	4648      	mov	r0, r9
10008394:	f000 f8ca 	bl	1000852c <tu_fifo_remaining>
10008398:	283f      	cmp	r0, #63	; 0x3f
1000839a:	d910      	bls.n	100083be <cdcd_xfer_cb+0x9a>
1000839c:	464c      	mov	r4, r9
1000839e:	3c10      	subs	r4, #16
100083a0:	2000      	movs	r0, #0
100083a2:	78e1      	ldrb	r1, [r4, #3]
100083a4:	f7ff fc54 	bl	10007c50 <usbd_edpt_claim>
100083a8:	2800      	cmp	r0, #0
100083aa:	d008      	beq.n	100083be <cdcd_xfer_cb+0x9a>
100083ac:	4648      	mov	r0, r9
100083ae:	f000 f8bd 	bl	1000852c <tu_fifo_remaining>
100083b2:	283f      	cmp	r0, #63	; 0x3f
100083b4:	d840      	bhi.n	10008438 <cdcd_xfer_cb+0x114>
100083b6:	2000      	movs	r0, #0
100083b8:	78e1      	ldrb	r1, [r4, #3]
100083ba:	f7ff fc7b 	bl	10007cb4 <usbd_edpt_release>
100083be:	78b3      	ldrb	r3, [r6, #2]
100083c0:	42ab      	cmp	r3, r5
100083c2:	d001      	beq.n	100083c8 <cdcd_xfer_cb+0xa4>
100083c4:	2001      	movs	r0, #1
100083c6:	e7bd      	b.n	10008344 <cdcd_xfer_cb+0x20>
100083c8:	4b27      	ldr	r3, [pc, #156]	; (10008468 <cdcd_xfer_cb+0x144>)
100083ca:	2b00      	cmp	r3, #0
100083cc:	d002      	beq.n	100083d4 <cdcd_xfer_cb+0xb0>
100083ce:	2000      	movs	r0, #0
100083d0:	e000      	b.n	100083d4 <cdcd_xfer_cb+0xb0>
100083d2:	bf00      	nop
100083d4:	2000      	movs	r0, #0
100083d6:	f7ff fe13 	bl	10008000 <tud_cdc_n_write_flush>
100083da:	2800      	cmp	r0, #0
100083dc:	d1f2      	bne.n	100083c4 <cdcd_xfer_cb+0xa0>
100083de:	4c23      	ldr	r4, [pc, #140]	; (1000846c <cdcd_xfer_cb+0x148>)
100083e0:	0020      	movs	r0, r4
100083e2:	f000 f897 	bl	10008514 <tu_fifo_count>
100083e6:	2800      	cmp	r0, #0
100083e8:	d1ec      	bne.n	100083c4 <cdcd_xfer_cb+0xa0>
100083ea:	2f00      	cmp	r7, #0
100083ec:	d0ea      	beq.n	100083c4 <cdcd_xfer_cb+0xa0>
100083ee:	06bf      	lsls	r7, r7, #26
100083f0:	d1e8      	bne.n	100083c4 <cdcd_xfer_cb+0xa0>
100083f2:	3c28      	subs	r4, #40	; 0x28
100083f4:	4640      	mov	r0, r8
100083f6:	78a1      	ldrb	r1, [r4, #2]
100083f8:	f7ff fc2a 	bl	10007c50 <usbd_edpt_claim>
100083fc:	2800      	cmp	r0, #0
100083fe:	d0e1      	beq.n	100083c4 <cdcd_xfer_cb+0xa0>
10008400:	2300      	movs	r3, #0
10008402:	2200      	movs	r2, #0
10008404:	4640      	mov	r0, r8
10008406:	78a1      	ldrb	r1, [r4, #2]
10008408:	f7ff fc7a 	bl	10007d00 <usbd_edpt_xfer>
1000840c:	2001      	movs	r0, #1
1000840e:	e799      	b.n	10008344 <cdcd_xfer_cb+0x20>
10008410:	2000      	movs	r0, #0
10008412:	e000      	b.n	10008416 <cdcd_xfer_cb+0xf2>
10008414:	bf00      	nop
10008416:	e7b1      	b.n	1000837c <cdcd_xfer_cb+0x58>
10008418:	2394      	movs	r3, #148	; 0x94
1000841a:	009b      	lsls	r3, r3, #2
1000841c:	18f4      	adds	r4, r6, r3
1000841e:	19e3      	adds	r3, r4, r7
10008420:	469a      	mov	sl, r3
10008422:	2310      	movs	r3, #16
10008424:	4699      	mov	r9, r3
10008426:	44b1      	add	r9, r6
10008428:	0021      	movs	r1, r4
1000842a:	4648      	mov	r0, r9
1000842c:	3401      	adds	r4, #1
1000842e:	f000 f953 	bl	100086d8 <tu_fifo_write>
10008432:	45a2      	cmp	sl, r4
10008434:	d1f8      	bne.n	10008428 <cdcd_xfer_cb+0x104>
10008436:	e7a4      	b.n	10008382 <cdcd_xfer_cb+0x5e>
10008438:	2290      	movs	r2, #144	; 0x90
1000843a:	0092      	lsls	r2, r2, #2
1000843c:	2340      	movs	r3, #64	; 0x40
1000843e:	78e1      	ldrb	r1, [r4, #3]
10008440:	444a      	add	r2, r9
10008442:	2000      	movs	r0, #0
10008444:	f7ff fc5c 	bl	10007d00 <usbd_edpt_xfer>
10008448:	e7b9      	b.n	100083be <cdcd_xfer_cb+0x9a>
1000844a:	2310      	movs	r3, #16
1000844c:	4699      	mov	r9, r3
1000844e:	44b1      	add	r9, r6
10008450:	e797      	b.n	10008382 <cdcd_xfer_cb+0x5e>
10008452:	2000      	movs	r0, #0
10008454:	e000      	b.n	10008458 <cdcd_xfer_cb+0x134>
10008456:	bf00      	nop
10008458:	e79b      	b.n	10008392 <cdcd_xfer_cb+0x6e>
1000845a:	46c0      	nop			; (mov r8, r8)
1000845c:	20001010 	.word	0x20001010
	...
1000846c:	20001038 	.word	0x20001038

10008470 <tusb_init>:
10008470:	b570      	push	{r4, r5, r6, lr}
10008472:	4d06      	ldr	r5, [pc, #24]	; (1000848c <tusb_init+0x1c>)
10008474:	782c      	ldrb	r4, [r5, #0]
10008476:	2c00      	cmp	r4, #0
10008478:	d001      	beq.n	1000847e <tusb_init+0xe>
1000847a:	0020      	movs	r0, r4
1000847c:	bd70      	pop	{r4, r5, r6, pc}
1000847e:	f7fe fe5b 	bl	10007138 <tud_init>
10008482:	2800      	cmp	r0, #0
10008484:	d0f9      	beq.n	1000847a <tusb_init+0xa>
10008486:	2301      	movs	r3, #1
10008488:	702b      	strb	r3, [r5, #0]
1000848a:	e7f6      	b.n	1000847a <tusb_init+0xa>
1000848c:	20001e97 	.word	0x20001e97

10008490 <tusb_inited>:
10008490:	4b01      	ldr	r3, [pc, #4]	; (10008498 <tusb_inited+0x8>)
10008492:	7818      	ldrb	r0, [r3, #0]
10008494:	4770      	bx	lr
10008496:	46c0      	nop			; (mov r8, r8)
10008498:	20001e97 	.word	0x20001e97

1000849c <tu_fifo_config>:
1000849c:	b5f0      	push	{r4, r5, r6, r7, lr}
1000849e:	46c6      	mov	lr, r8
100084a0:	b500      	push	{lr}
100084a2:	0014      	movs	r4, r2
100084a4:	aa06      	add	r2, sp, #24
100084a6:	001e      	movs	r6, r3
100084a8:	7813      	ldrb	r3, [r2, #0]
100084aa:	2280      	movs	r2, #128	; 0x80
100084ac:	0005      	movs	r5, r0
100084ae:	000f      	movs	r7, r1
100084b0:	4698      	mov	r8, r3
100084b2:	0212      	lsls	r2, r2, #8
100084b4:	4294      	cmp	r4, r2
100084b6:	d829      	bhi.n	1000850c <tu_fifo_config+0x70>
100084b8:	6940      	ldr	r0, [r0, #20]
100084ba:	2800      	cmp	r0, #0
100084bc:	d018      	beq.n	100084f0 <tu_fifo_config+0x54>
100084be:	2101      	movs	r1, #1
100084c0:	4249      	negs	r1, r1
100084c2:	f001 f86d 	bl	100095a0 <__mutex_enter_timeout_ms_veneer>
100084c6:	4643      	mov	r3, r8
100084c8:	80ac      	strh	r4, [r5, #4]
100084ca:	0064      	lsls	r4, r4, #1
100084cc:	b2a4      	uxth	r4, r4
100084ce:	722b      	strb	r3, [r5, #8]
100084d0:	1e63      	subs	r3, r4, #1
100084d2:	81ab      	strh	r3, [r5, #12]
100084d4:	2300      	movs	r3, #0
100084d6:	6968      	ldr	r0, [r5, #20]
100084d8:	4264      	negs	r4, r4
100084da:	81eb      	strh	r3, [r5, #14]
100084dc:	602f      	str	r7, [r5, #0]
100084de:	80ee      	strh	r6, [r5, #6]
100084e0:	816c      	strh	r4, [r5, #10]
100084e2:	822b      	strh	r3, [r5, #16]
100084e4:	2800      	cmp	r0, #0
100084e6:	d001      	beq.n	100084ec <tu_fifo_config+0x50>
100084e8:	f001 f83a 	bl	10009560 <__mutex_exit_veneer>
100084ec:	2001      	movs	r0, #1
100084ee:	e00e      	b.n	1000850e <tu_fifo_config+0x72>
100084f0:	80ac      	strh	r4, [r5, #4]
100084f2:	0064      	lsls	r4, r4, #1
100084f4:	b2a4      	uxth	r4, r4
100084f6:	722b      	strb	r3, [r5, #8]
100084f8:	1e63      	subs	r3, r4, #1
100084fa:	4264      	negs	r4, r4
100084fc:	81e8      	strh	r0, [r5, #14]
100084fe:	6029      	str	r1, [r5, #0]
10008500:	8228      	strh	r0, [r5, #16]
10008502:	80ee      	strh	r6, [r5, #6]
10008504:	2001      	movs	r0, #1
10008506:	81ab      	strh	r3, [r5, #12]
10008508:	816c      	strh	r4, [r5, #10]
1000850a:	e000      	b.n	1000850e <tu_fifo_config+0x72>
1000850c:	2000      	movs	r0, #0
1000850e:	bc80      	pop	{r7}
10008510:	46b8      	mov	r8, r7
10008512:	bdf0      	pop	{r4, r5, r6, r7, pc}

10008514 <tu_fifo_count>:
10008514:	b510      	push	{r4, lr}
10008516:	89c4      	ldrh	r4, [r0, #14]
10008518:	8a01      	ldrh	r1, [r0, #16]
1000851a:	0002      	movs	r2, r0
1000851c:	1a60      	subs	r0, r4, r1
1000851e:	b280      	uxth	r0, r0
10008520:	428c      	cmp	r4, r1
10008522:	d202      	bcs.n	1000852a <tu_fifo_count+0x16>
10008524:	8953      	ldrh	r3, [r2, #10]
10008526:	1ac0      	subs	r0, r0, r3
10008528:	b280      	uxth	r0, r0
1000852a:	bd10      	pop	{r4, pc}

1000852c <tu_fifo_remaining>:
1000852c:	b510      	push	{r4, lr}
1000852e:	89c4      	ldrh	r4, [r0, #14]
10008530:	8a01      	ldrh	r1, [r0, #16]
10008532:	8883      	ldrh	r3, [r0, #4]
10008534:	1a62      	subs	r2, r4, r1
10008536:	b292      	uxth	r2, r2
10008538:	428c      	cmp	r4, r1
1000853a:	d202      	bcs.n	10008542 <tu_fifo_remaining+0x16>
1000853c:	8941      	ldrh	r1, [r0, #10]
1000853e:	1a52      	subs	r2, r2, r1
10008540:	b292      	uxth	r2, r2
10008542:	1a98      	subs	r0, r3, r2
10008544:	b280      	uxth	r0, r0
10008546:	bd10      	pop	{r4, pc}

10008548 <tu_fifo_read>:
10008548:	b5f8      	push	{r3, r4, r5, r6, r7, lr}
1000854a:	0004      	movs	r4, r0
1000854c:	6940      	ldr	r0, [r0, #20]
1000854e:	000e      	movs	r6, r1
10008550:	2800      	cmp	r0, #0
10008552:	d003      	beq.n	1000855c <tu_fifo_read+0x14>
10008554:	2101      	movs	r1, #1
10008556:	4249      	negs	r1, r1
10008558:	f001 f822 	bl	100095a0 <__mutex_enter_timeout_ms_veneer>
1000855c:	89e1      	ldrh	r1, [r4, #14]
1000855e:	8a22      	ldrh	r2, [r4, #16]
10008560:	b28f      	uxth	r7, r1
10008562:	1a8d      	subs	r5, r1, r2
10008564:	b293      	uxth	r3, r2
10008566:	b2ad      	uxth	r5, r5
10008568:	4291      	cmp	r1, r2
1000856a:	d202      	bcs.n	10008572 <tu_fifo_read+0x2a>
1000856c:	8962      	ldrh	r2, [r4, #10]
1000856e:	1aad      	subs	r5, r5, r2
10008570:	b2ad      	uxth	r5, r5
10008572:	88a2      	ldrh	r2, [r4, #4]
10008574:	89a1      	ldrh	r1, [r4, #12]
10008576:	42aa      	cmp	r2, r5
10008578:	d205      	bcs.n	10008586 <tu_fifo_read+0x3e>
1000857a:	1ab8      	subs	r0, r7, r2
1000857c:	4288      	cmp	r0, r1
1000857e:	dc2b      	bgt.n	100085d8 <tu_fifo_read+0x90>
10008580:	b280      	uxth	r0, r0
10008582:	0015      	movs	r5, r2
10008584:	8220      	strh	r0, [r4, #16]
10008586:	2d00      	cmp	r5, #0
10008588:	d02e      	beq.n	100085e8 <tu_fifo_read+0xa0>
1000858a:	428b      	cmp	r3, r1
1000858c:	d906      	bls.n	1000859c <tu_fifo_read+0x54>
1000858e:	8961      	ldrh	r1, [r4, #10]
10008590:	185b      	adds	r3, r3, r1
10008592:	b29b      	uxth	r3, r3
10008594:	429a      	cmp	r2, r3
10008596:	d803      	bhi.n	100085a0 <tu_fifo_read+0x58>
10008598:	1a9b      	subs	r3, r3, r2
1000859a:	b29b      	uxth	r3, r3
1000859c:	429a      	cmp	r2, r3
1000859e:	d9fb      	bls.n	10008598 <tu_fifo_read+0x50>
100085a0:	88e2      	ldrh	r2, [r4, #6]
100085a2:	6821      	ldr	r1, [r4, #0]
100085a4:	4353      	muls	r3, r2
100085a6:	0030      	movs	r0, r6
100085a8:	18c9      	adds	r1, r1, r3
100085aa:	f7fd fe1d 	bl	100061e8 <__wrap___aeabi_memcpy>
100085ae:	2501      	movs	r5, #1
100085b0:	2001      	movs	r0, #1
100085b2:	2601      	movs	r6, #1
100085b4:	89a1      	ldrh	r1, [r4, #12]
100085b6:	8a22      	ldrh	r2, [r4, #16]
100085b8:	b293      	uxth	r3, r2
100085ba:	1812      	adds	r2, r2, r0
100085bc:	428a      	cmp	r2, r1
100085be:	dd10      	ble.n	100085e2 <tu_fifo_read+0x9a>
100085c0:	8962      	ldrh	r2, [r4, #10]
100085c2:	189b      	adds	r3, r3, r2
100085c4:	18eb      	adds	r3, r5, r3
100085c6:	b29b      	uxth	r3, r3
100085c8:	6960      	ldr	r0, [r4, #20]
100085ca:	8223      	strh	r3, [r4, #16]
100085cc:	2800      	cmp	r0, #0
100085ce:	d001      	beq.n	100085d4 <tu_fifo_read+0x8c>
100085d0:	f000 ffc6 	bl	10009560 <__mutex_exit_veneer>
100085d4:	0030      	movs	r0, r6
100085d6:	bdf8      	pop	{r3, r4, r5, r6, r7, pc}
100085d8:	8960      	ldrh	r0, [r4, #10]
100085da:	1810      	adds	r0, r2, r0
100085dc:	1a38      	subs	r0, r7, r0
100085de:	b280      	uxth	r0, r0
100085e0:	e7cf      	b.n	10008582 <tu_fifo_read+0x3a>
100085e2:	195b      	adds	r3, r3, r5
100085e4:	b29b      	uxth	r3, r3
100085e6:	e7ef      	b.n	100085c8 <tu_fifo_read+0x80>
100085e8:	2000      	movs	r0, #0
100085ea:	2600      	movs	r6, #0
100085ec:	e7e3      	b.n	100085b6 <tu_fifo_read+0x6e>
100085ee:	46c0      	nop			; (mov r8, r8)

100085f0 <tu_fifo_read_n>:
100085f0:	b5f0      	push	{r4, r5, r6, r7, lr}
100085f2:	46c6      	mov	lr, r8
100085f4:	0005      	movs	r5, r0
100085f6:	6940      	ldr	r0, [r0, #20]
100085f8:	000f      	movs	r7, r1
100085fa:	4690      	mov	r8, r2
100085fc:	b500      	push	{lr}
100085fe:	2800      	cmp	r0, #0
10008600:	d003      	beq.n	1000860a <tu_fifo_read_n+0x1a>
10008602:	2101      	movs	r1, #1
10008604:	4249      	negs	r1, r1
10008606:	f000 ffcb 	bl	100095a0 <__mutex_enter_timeout_ms_veneer>
1000860a:	89e8      	ldrh	r0, [r5, #14]
1000860c:	8a29      	ldrh	r1, [r5, #16]
1000860e:	b282      	uxth	r2, r0
10008610:	1a46      	subs	r6, r0, r1
10008612:	b28b      	uxth	r3, r1
10008614:	b2b6      	uxth	r6, r6
10008616:	4288      	cmp	r0, r1
10008618:	d202      	bcs.n	10008620 <tu_fifo_read_n+0x30>
1000861a:	8969      	ldrh	r1, [r5, #10]
1000861c:	1a76      	subs	r6, r6, r1
1000861e:	b2b6      	uxth	r6, r6
10008620:	88ac      	ldrh	r4, [r5, #4]
10008622:	89a9      	ldrh	r1, [r5, #12]
10008624:	42b4      	cmp	r4, r6
10008626:	d207      	bcs.n	10008638 <tu_fifo_read_n+0x48>
10008628:	1b13      	subs	r3, r2, r4
1000862a:	428b      	cmp	r3, r1
1000862c:	dc35      	bgt.n	1000869a <tu_fifo_read_n+0xaa>
1000862e:	b29b      	uxth	r3, r3
10008630:	0026      	movs	r6, r4
10008632:	822b      	strh	r3, [r5, #16]
10008634:	8a2b      	ldrh	r3, [r5, #16]
10008636:	b29b      	uxth	r3, r3
10008638:	2e00      	cmp	r6, #0
1000863a:	d038      	beq.n	100086ae <tu_fifo_read_n+0xbe>
1000863c:	4642      	mov	r2, r8
1000863e:	45b0      	cmp	r8, r6
10008640:	d830      	bhi.n	100086a4 <tu_fifo_read_n+0xb4>
10008642:	b296      	uxth	r6, r2
10008644:	428b      	cmp	r3, r1
10008646:	d905      	bls.n	10008654 <tu_fifo_read_n+0x64>
10008648:	896a      	ldrh	r2, [r5, #10]
1000864a:	189b      	adds	r3, r3, r2
1000864c:	b29b      	uxth	r3, r3
1000864e:	e001      	b.n	10008654 <tu_fifo_read_n+0x64>
10008650:	1b1b      	subs	r3, r3, r4
10008652:	b29b      	uxth	r3, r3
10008654:	429c      	cmp	r4, r3
10008656:	d9fb      	bls.n	10008650 <tu_fifo_read_n+0x60>
10008658:	88ea      	ldrh	r2, [r5, #6]
1000865a:	6829      	ldr	r1, [r5, #0]
1000865c:	0010      	movs	r0, r2
1000865e:	4358      	muls	r0, r3
10008660:	1809      	adds	r1, r1, r0
10008662:	1998      	adds	r0, r3, r6
10008664:	46b0      	mov	r8, r6
10008666:	42a0      	cmp	r0, r4
10008668:	dc24      	bgt.n	100086b4 <tu_fifo_read_n+0xc4>
1000866a:	0038      	movs	r0, r7
1000866c:	4372      	muls	r2, r6
1000866e:	f7fd fdbb 	bl	100061e8 <__wrap___aeabi_memcpy>
10008672:	89a9      	ldrh	r1, [r5, #12]
10008674:	8a2a      	ldrh	r2, [r5, #16]
10008676:	b293      	uxth	r3, r2
10008678:	4442      	add	r2, r8
1000867a:	428a      	cmp	r2, r1
1000867c:	dd14      	ble.n	100086a8 <tu_fifo_read_n+0xb8>
1000867e:	896a      	ldrh	r2, [r5, #10]
10008680:	189b      	adds	r3, r3, r2
10008682:	18f3      	adds	r3, r6, r3
10008684:	b29b      	uxth	r3, r3
10008686:	6968      	ldr	r0, [r5, #20]
10008688:	822b      	strh	r3, [r5, #16]
1000868a:	2800      	cmp	r0, #0
1000868c:	d001      	beq.n	10008692 <tu_fifo_read_n+0xa2>
1000868e:	f000 ff67 	bl	10009560 <__mutex_exit_veneer>
10008692:	0030      	movs	r0, r6
10008694:	bc80      	pop	{r7}
10008696:	46b8      	mov	r8, r7
10008698:	bdf0      	pop	{r4, r5, r6, r7, pc}
1000869a:	896b      	ldrh	r3, [r5, #10]
1000869c:	18e3      	adds	r3, r4, r3
1000869e:	1ad3      	subs	r3, r2, r3
100086a0:	b29b      	uxth	r3, r3
100086a2:	e7c5      	b.n	10008630 <tu_fifo_read_n+0x40>
100086a4:	1c32      	adds	r2, r6, #0
100086a6:	e7cc      	b.n	10008642 <tu_fifo_read_n+0x52>
100086a8:	199b      	adds	r3, r3, r6
100086aa:	b29b      	uxth	r3, r3
100086ac:	e7eb      	b.n	10008686 <tu_fifo_read_n+0x96>
100086ae:	2300      	movs	r3, #0
100086b0:	4698      	mov	r8, r3
100086b2:	e7df      	b.n	10008674 <tu_fifo_read_n+0x84>
100086b4:	1ae4      	subs	r4, r4, r3
100086b6:	b2a4      	uxth	r4, r4
100086b8:	4362      	muls	r2, r4
100086ba:	0038      	movs	r0, r7
100086bc:	f7fd fd94 	bl	100061e8 <__wrap___aeabi_memcpy>
100086c0:	88ea      	ldrh	r2, [r5, #6]
100086c2:	6829      	ldr	r1, [r5, #0]
100086c4:	0010      	movs	r0, r2
100086c6:	4360      	muls	r0, r4
100086c8:	1b34      	subs	r4, r6, r4
100086ca:	4362      	muls	r2, r4
100086cc:	1838      	adds	r0, r7, r0
100086ce:	f7fd fd8b 	bl	100061e8 <__wrap___aeabi_memcpy>
100086d2:	89a9      	ldrh	r1, [r5, #12]
100086d4:	e7ce      	b.n	10008674 <tu_fifo_read_n+0x84>
100086d6:	46c0      	nop			; (mov r8, r8)

100086d8 <tu_fifo_write>:
100086d8:	b570      	push	{r4, r5, r6, lr}
100086da:	0004      	movs	r4, r0
100086dc:	6940      	ldr	r0, [r0, #20]
100086de:	000e      	movs	r6, r1
100086e0:	2800      	cmp	r0, #0
100086e2:	d003      	beq.n	100086ec <tu_fifo_write+0x14>
100086e4:	2101      	movs	r1, #1
100086e6:	4249      	negs	r1, r1
100086e8:	f000 ff5a 	bl	100095a0 <__mutex_enter_timeout_ms_veneer>
100086ec:	89e2      	ldrh	r2, [r4, #14]
100086ee:	8a21      	ldrh	r1, [r4, #16]
100086f0:	b295      	uxth	r5, r2
100086f2:	1a53      	subs	r3, r2, r1
100086f4:	b29b      	uxth	r3, r3
100086f6:	4291      	cmp	r1, r2
100086f8:	d902      	bls.n	10008700 <tu_fifo_write+0x28>
100086fa:	8962      	ldrh	r2, [r4, #10]
100086fc:	1a9b      	subs	r3, r3, r2
100086fe:	b29b      	uxth	r3, r3
10008700:	88a2      	ldrh	r2, [r4, #4]
10008702:	429a      	cmp	r2, r3
10008704:	d025      	beq.n	10008752 <tu_fifo_write+0x7a>
10008706:	89a1      	ldrh	r1, [r4, #12]
10008708:	002b      	movs	r3, r5
1000870a:	42a9      	cmp	r1, r5
1000870c:	d206      	bcs.n	1000871c <tu_fifo_write+0x44>
1000870e:	8963      	ldrh	r3, [r4, #10]
10008710:	18eb      	adds	r3, r5, r3
10008712:	b29b      	uxth	r3, r3
10008714:	429a      	cmp	r2, r3
10008716:	d803      	bhi.n	10008720 <tu_fifo_write+0x48>
10008718:	1a9b      	subs	r3, r3, r2
1000871a:	b29b      	uxth	r3, r3
1000871c:	429a      	cmp	r2, r3
1000871e:	d9fb      	bls.n	10008718 <tu_fifo_write+0x40>
10008720:	88e2      	ldrh	r2, [r4, #6]
10008722:	6820      	ldr	r0, [r4, #0]
10008724:	4353      	muls	r3, r2
10008726:	0031      	movs	r1, r6
10008728:	18c0      	adds	r0, r0, r3
1000872a:	f7fd fd5d 	bl	100061e8 <__wrap___aeabi_memcpy>
1000872e:	89a3      	ldrh	r3, [r4, #12]
10008730:	42ab      	cmp	r3, r5
10008732:	d909      	bls.n	10008748 <tu_fifo_write+0x70>
10008734:	3501      	adds	r5, #1
10008736:	b2ad      	uxth	r5, r5
10008738:	6960      	ldr	r0, [r4, #20]
1000873a:	81e5      	strh	r5, [r4, #14]
1000873c:	2800      	cmp	r0, #0
1000873e:	d001      	beq.n	10008744 <tu_fifo_write+0x6c>
10008740:	f000 ff0e 	bl	10009560 <__mutex_exit_veneer>
10008744:	2001      	movs	r0, #1
10008746:	bd70      	pop	{r4, r5, r6, pc}
10008748:	8963      	ldrh	r3, [r4, #10]
1000874a:	18eb      	adds	r3, r5, r3
1000874c:	3301      	adds	r3, #1
1000874e:	b29d      	uxth	r5, r3
10008750:	e7f2      	b.n	10008738 <tu_fifo_write+0x60>
10008752:	7a20      	ldrb	r0, [r4, #8]
10008754:	2800      	cmp	r0, #0
10008756:	d1d6      	bne.n	10008706 <tu_fifo_write+0x2e>
10008758:	e7f5      	b.n	10008746 <tu_fifo_write+0x6e>
1000875a:	46c0      	nop			; (mov r8, r8)

1000875c <tu_fifo_write_n>:
1000875c:	b5f8      	push	{r3, r4, r5, r6, r7, lr}
1000875e:	4647      	mov	r7, r8
10008760:	46ce      	mov	lr, r9
10008762:	0004      	movs	r4, r0
10008764:	b580      	push	{r7, lr}
10008766:	0015      	movs	r5, r2
10008768:	000f      	movs	r7, r1
1000876a:	2a00      	cmp	r2, #0
1000876c:	d055      	beq.n	1000881a <tu_fifo_write_n+0xbe>
1000876e:	6940      	ldr	r0, [r0, #20]
10008770:	2800      	cmp	r0, #0
10008772:	d003      	beq.n	1000877c <tu_fifo_write_n+0x20>
10008774:	2101      	movs	r1, #1
10008776:	4249      	negs	r1, r1
10008778:	f000 ff12 	bl	100095a0 <__mutex_enter_timeout_ms_veneer>
1000877c:	89e6      	ldrh	r6, [r4, #14]
1000877e:	7a23      	ldrb	r3, [r4, #8]
10008780:	8a20      	ldrh	r0, [r4, #16]
10008782:	88a1      	ldrh	r1, [r4, #4]
10008784:	88e2      	ldrh	r2, [r4, #6]
10008786:	b2b6      	uxth	r6, r6
10008788:	b280      	uxth	r0, r0
1000878a:	2b00      	cmp	r3, #0
1000878c:	d13b      	bne.n	10008806 <tu_fifo_write_n+0xaa>
1000878e:	1a33      	subs	r3, r6, r0
10008790:	b29b      	uxth	r3, r3
10008792:	4286      	cmp	r6, r0
10008794:	d202      	bcs.n	1000879c <tu_fifo_write_n+0x40>
10008796:	8960      	ldrh	r0, [r4, #10]
10008798:	1a1b      	subs	r3, r3, r0
1000879a:	b29b      	uxth	r3, r3
1000879c:	1acb      	subs	r3, r1, r3
1000879e:	1c18      	adds	r0, r3, #0
100087a0:	b29b      	uxth	r3, r3
100087a2:	42ab      	cmp	r3, r5
100087a4:	d850      	bhi.n	10008848 <tu_fifo_write_n+0xec>
100087a6:	b285      	uxth	r5, r0
100087a8:	46a8      	mov	r8, r5
100087aa:	89a0      	ldrh	r0, [r4, #12]
100087ac:	0033      	movs	r3, r6
100087ae:	4286      	cmp	r6, r0
100087b0:	dd05      	ble.n	100087be <tu_fifo_write_n+0x62>
100087b2:	8963      	ldrh	r3, [r4, #10]
100087b4:	18f3      	adds	r3, r6, r3
100087b6:	b29b      	uxth	r3, r3
100087b8:	e001      	b.n	100087be <tu_fifo_write_n+0x62>
100087ba:	1a5b      	subs	r3, r3, r1
100087bc:	b29b      	uxth	r3, r3
100087be:	428b      	cmp	r3, r1
100087c0:	d2fb      	bcs.n	100087ba <tu_fifo_write_n+0x5e>
100087c2:	6820      	ldr	r0, [r4, #0]
100087c4:	4684      	mov	ip, r0
100087c6:	0010      	movs	r0, r2
100087c8:	4358      	muls	r0, r3
100087ca:	4460      	add	r0, ip
100087cc:	469c      	mov	ip, r3
100087ce:	44c4      	add	ip, r8
100087d0:	458c      	cmp	ip, r1
100087d2:	dc27      	bgt.n	10008824 <tu_fifo_write_n+0xc8>
100087d4:	4643      	mov	r3, r8
100087d6:	0039      	movs	r1, r7
100087d8:	435a      	muls	r2, r3
100087da:	f7fd fd05 	bl	100061e8 <__wrap___aeabi_memcpy>
100087de:	4643      	mov	r3, r8
100087e0:	89a2      	ldrh	r2, [r4, #12]
100087e2:	18f3      	adds	r3, r6, r3
100087e4:	4293      	cmp	r3, r2
100087e6:	dd1a      	ble.n	1000881e <tu_fifo_write_n+0xc2>
100087e8:	8963      	ldrh	r3, [r4, #10]
100087ea:	18f3      	adds	r3, r6, r3
100087ec:	18eb      	adds	r3, r5, r3
100087ee:	b29e      	uxth	r6, r3
100087f0:	6960      	ldr	r0, [r4, #20]
100087f2:	81e6      	strh	r6, [r4, #14]
100087f4:	2800      	cmp	r0, #0
100087f6:	d001      	beq.n	100087fc <tu_fifo_write_n+0xa0>
100087f8:	f000 feb2 	bl	10009560 <__mutex_exit_veneer>
100087fc:	0028      	movs	r0, r5
100087fe:	bcc0      	pop	{r6, r7}
10008800:	46b9      	mov	r9, r7
10008802:	46b0      	mov	r8, r6
10008804:	bdf8      	pop	{r3, r4, r5, r6, r7, pc}
10008806:	46a8      	mov	r8, r5
10008808:	428d      	cmp	r5, r1
1000880a:	d9ce      	bls.n	100087aa <tu_fifo_write_n+0x4e>
1000880c:	1a6d      	subs	r5, r5, r1
1000880e:	4355      	muls	r5, r2
10008810:	4688      	mov	r8, r1
10008812:	197f      	adds	r7, r7, r5
10008814:	81e0      	strh	r0, [r4, #14]
10008816:	000d      	movs	r5, r1
10008818:	e7c7      	b.n	100087aa <tu_fifo_write_n+0x4e>
1000881a:	2000      	movs	r0, #0
1000881c:	e7ef      	b.n	100087fe <tu_fifo_write_n+0xa2>
1000881e:	19ae      	adds	r6, r5, r6
10008820:	b2b6      	uxth	r6, r6
10008822:	e7e5      	b.n	100087f0 <tu_fifo_write_n+0x94>
10008824:	1ac9      	subs	r1, r1, r3
10008826:	b28b      	uxth	r3, r1
10008828:	4699      	mov	r9, r3
1000882a:	0039      	movs	r1, r7
1000882c:	435a      	muls	r2, r3
1000882e:	f7fd fcdb 	bl	100061e8 <__wrap___aeabi_memcpy>
10008832:	4649      	mov	r1, r9
10008834:	4642      	mov	r2, r8
10008836:	88e3      	ldrh	r3, [r4, #6]
10008838:	1a52      	subs	r2, r2, r1
1000883a:	435a      	muls	r2, r3
1000883c:	434b      	muls	r3, r1
1000883e:	6820      	ldr	r0, [r4, #0]
10008840:	18f9      	adds	r1, r7, r3
10008842:	f7fd fcd1 	bl	100061e8 <__wrap___aeabi_memcpy>
10008846:	e7ca      	b.n	100087de <tu_fifo_write_n+0x82>
10008848:	1c28      	adds	r0, r5, #0
1000884a:	b285      	uxth	r5, r0
1000884c:	46a8      	mov	r8, r5
1000884e:	e7ac      	b.n	100087aa <tu_fifo_write_n+0x4e>

10008850 <tu_fifo_clear>:
10008850:	b510      	push	{r4, lr}
10008852:	0004      	movs	r4, r0
10008854:	6940      	ldr	r0, [r0, #20]
10008856:	2800      	cmp	r0, #0
10008858:	d00d      	beq.n	10008876 <tu_fifo_clear+0x26>
1000885a:	2101      	movs	r1, #1
1000885c:	4249      	negs	r1, r1
1000885e:	f000 fe9f 	bl	100095a0 <__mutex_enter_timeout_ms_veneer>
10008862:	2300      	movs	r3, #0
10008864:	6960      	ldr	r0, [r4, #20]
10008866:	81e3      	strh	r3, [r4, #14]
10008868:	8223      	strh	r3, [r4, #16]
1000886a:	2800      	cmp	r0, #0
1000886c:	d001      	beq.n	10008872 <tu_fifo_clear+0x22>
1000886e:	f000 fe77 	bl	10009560 <__mutex_exit_veneer>
10008872:	2001      	movs	r0, #1
10008874:	bd10      	pop	{r4, pc}
10008876:	81e0      	strh	r0, [r4, #14]
10008878:	8220      	strh	r0, [r4, #16]
1000887a:	e7fa      	b.n	10008872 <tu_fifo_clear+0x22>

1000887c <pio_claim_unused_sm>:
1000887c:	4b0b      	ldr	r3, [pc, #44]	; (100088ac <pio_claim_unused_sm+0x30>)
1000887e:	b510      	push	{r4, lr}
10008880:	469c      	mov	ip, r3
10008882:	4460      	add	r0, ip
10008884:	4243      	negs	r3, r0
10008886:	4158      	adcs	r0, r3
10008888:	4a09      	ldr	r2, [pc, #36]	; (100088b0 <pio_claim_unused_sm+0x34>)
1000888a:	0084      	lsls	r4, r0, #2
1000888c:	b082      	sub	sp, #8
1000888e:	9200      	str	r2, [sp, #0]
10008890:	4808      	ldr	r0, [pc, #32]	; (100088b4 <pio_claim_unused_sm+0x38>)
10008892:	0022      	movs	r2, r4
10008894:	1ce3      	adds	r3, r4, #3
10008896:	f7f9 fc7f 	bl	10002198 <hw_claim_unused_from_range>
1000889a:	4284      	cmp	r4, r0
1000889c:	dc02      	bgt.n	100088a4 <pio_claim_unused_sm+0x28>
1000889e:	1b00      	subs	r0, r0, r4
100088a0:	b002      	add	sp, #8
100088a2:	bd10      	pop	{r4, pc}
100088a4:	2001      	movs	r0, #1
100088a6:	4240      	negs	r0, r0
100088a8:	e7fa      	b.n	100088a0 <pio_claim_unused_sm+0x24>
100088aa:	46c0      	nop			; (mov r8, r8)
100088ac:	afd00000 	.word	0xafd00000
100088b0:	10009d20 	.word	0x10009d20
100088b4:	20001e9b 	.word	0x20001e9b

100088b8 <pio_add_program>:
100088b8:	b5f0      	push	{r4, r5, r6, r7, lr}
100088ba:	46de      	mov	lr, fp
100088bc:	4657      	mov	r7, sl
100088be:	464e      	mov	r6, r9
100088c0:	4645      	mov	r5, r8
100088c2:	4688      	mov	r8, r1
100088c4:	b5e0      	push	{r5, r6, r7, lr}
100088c6:	b083      	sub	sp, #12
100088c8:	0006      	movs	r6, r0
100088ca:	2405      	movs	r4, #5
100088cc:	f7f9 fc22 	bl	10002114 <hw_claim_lock>
100088d0:	4643      	mov	r3, r8
100088d2:	791f      	ldrb	r7, [r3, #4]
100088d4:	571c      	ldrsb	r4, [r3, r4]
100088d6:	4b31      	ldr	r3, [pc, #196]	; (1000899c <pio_add_program+0xe4>)
100088d8:	4682      	mov	sl, r0
100088da:	18f3      	adds	r3, r6, r3
100088dc:	425a      	negs	r2, r3
100088de:	4153      	adcs	r3, r2
100088e0:	009b      	lsls	r3, r3, #2
100088e2:	469c      	mov	ip, r3
100088e4:	4a2e      	ldr	r2, [pc, #184]	; (100089a0 <pio_add_program+0xe8>)
100088e6:	0013      	movs	r3, r2
100088e8:	4693      	mov	fp, r2
100088ea:	4662      	mov	r2, ip
100088ec:	589b      	ldr	r3, [r3, r2]
100088ee:	2201      	movs	r2, #1
100088f0:	4699      	mov	r9, r3
100088f2:	40ba      	lsls	r2, r7
100088f4:	2320      	movs	r3, #32
100088f6:	3a01      	subs	r2, #1
100088f8:	1bdb      	subs	r3, r3, r7
100088fa:	2c00      	cmp	r4, #0
100088fc:	db36      	blt.n	1000896c <pio_add_program+0xb4>
100088fe:	429c      	cmp	r4, r3
10008900:	dc46      	bgt.n	10008990 <pio_add_program+0xd8>
10008902:	40a2      	lsls	r2, r4
10008904:	464b      	mov	r3, r9
10008906:	4213      	tst	r3, r2
10008908:	d142      	bne.n	10008990 <pio_add_program+0xd8>
1000890a:	9201      	str	r2, [sp, #4]
1000890c:	2f00      	cmp	r7, #0
1000890e:	d01c      	beq.n	1000894a <pio_add_program+0x92>
10008910:	4642      	mov	r2, r8
10008912:	4643      	mov	r3, r8
10008914:	7852      	ldrb	r2, [r2, #1]
10008916:	781b      	ldrb	r3, [r3, #0]
10008918:	0212      	lsls	r2, r2, #8
1000891a:	431a      	orrs	r2, r3
1000891c:	4643      	mov	r3, r8
1000891e:	789b      	ldrb	r3, [r3, #2]
10008920:	2580      	movs	r5, #128	; 0x80
10008922:	041b      	lsls	r3, r3, #16
10008924:	4313      	orrs	r3, r2
10008926:	4642      	mov	r2, r8
10008928:	78d0      	ldrb	r0, [r2, #3]
1000892a:	2200      	movs	r2, #0
1000892c:	0600      	lsls	r0, r0, #24
1000892e:	4318      	orrs	r0, r3
10008930:	01ad      	lsls	r5, r5, #6
10008932:	0053      	lsls	r3, r2, #1
10008934:	5ac1      	ldrh	r1, [r0, r3]
10008936:	42a9      	cmp	r1, r5
10008938:	d200      	bcs.n	1000893c <pio_add_program+0x84>
1000893a:	1909      	adds	r1, r1, r4
1000893c:	18a3      	adds	r3, r4, r2
1000893e:	3312      	adds	r3, #18
10008940:	009b      	lsls	r3, r3, #2
10008942:	3201      	adds	r2, #1
10008944:	5199      	str	r1, [r3, r6]
10008946:	42ba      	cmp	r2, r7
10008948:	d3f3      	bcc.n	10008932 <pio_add_program+0x7a>
1000894a:	464d      	mov	r5, r9
1000894c:	9b01      	ldr	r3, [sp, #4]
1000894e:	4662      	mov	r2, ip
10008950:	431d      	orrs	r5, r3
10008952:	465b      	mov	r3, fp
10008954:	4650      	mov	r0, sl
10008956:	509d      	str	r5, [r3, r2]
10008958:	f7f9 fbe8 	bl	1000212c <hw_claim_unlock>
1000895c:	0020      	movs	r0, r4
1000895e:	b003      	add	sp, #12
10008960:	bcf0      	pop	{r4, r5, r6, r7}
10008962:	46bb      	mov	fp, r7
10008964:	46b2      	mov	sl, r6
10008966:	46a9      	mov	r9, r5
10008968:	46a0      	mov	r8, r4
1000896a:	bdf0      	pop	{r4, r5, r6, r7, pc}
1000896c:	2b00      	cmp	r3, #0
1000896e:	db0f      	blt.n	10008990 <pio_add_program+0xd8>
10008970:	0011      	movs	r1, r2
10008972:	4648      	mov	r0, r9
10008974:	4099      	lsls	r1, r3
10008976:	001c      	movs	r4, r3
10008978:	9101      	str	r1, [sp, #4]
1000897a:	4201      	tst	r1, r0
1000897c:	d106      	bne.n	1000898c <pio_add_program+0xd4>
1000897e:	e7c5      	b.n	1000890c <pio_add_program+0x54>
10008980:	0015      	movs	r5, r2
10008982:	4649      	mov	r1, r9
10008984:	409d      	lsls	r5, r3
10008986:	001c      	movs	r4, r3
10008988:	4229      	tst	r1, r5
1000898a:	d004      	beq.n	10008996 <pio_add_program+0xde>
1000898c:	3b01      	subs	r3, #1
1000898e:	d2f7      	bcs.n	10008980 <pio_add_program+0xc8>
10008990:	4804      	ldr	r0, [pc, #16]	; (100089a4 <pio_add_program+0xec>)
10008992:	f7fa fce5 	bl	10003360 <panic>
10008996:	9501      	str	r5, [sp, #4]
10008998:	e7b8      	b.n	1000890c <pio_add_program+0x54>
1000899a:	46c0      	nop			; (mov r8, r8)
1000899c:	afd00000 	.word	0xafd00000
100089a0:	2000143c 	.word	0x2000143c
100089a4:	10009d44 	.word	0x10009d44

100089a8 <pio_sm_set_consecutive_pindirs>:
100089a8:	b5f0      	push	{r4, r5, r6, r7, lr}
100089aa:	464e      	mov	r6, r9
100089ac:	4645      	mov	r5, r8
100089ae:	46de      	mov	lr, fp
100089b0:	4657      	mov	r7, sl
100089b2:	468a      	mov	sl, r1
100089b4:	0049      	lsls	r1, r1, #1
100089b6:	b5e0      	push	{r5, r6, r7, lr}
100089b8:	000e      	movs	r6, r1
100089ba:	4680      	mov	r8, r0
100089bc:	4456      	add	r6, sl
100089be:	00f6      	lsls	r6, r6, #3
100089c0:	4446      	add	r6, r8
100089c2:	4689      	mov	r9, r1
100089c4:	0031      	movs	r1, r6
100089c6:	ac09      	add	r4, sp, #36	; 0x24
100089c8:	31dc      	adds	r1, #220	; 0xdc
100089ca:	7825      	ldrb	r5, [r4, #0]
100089cc:	6808      	ldr	r0, [r1, #0]
100089ce:	426c      	negs	r4, r5
100089d0:	4165      	adcs	r5, r4
100089d2:	4684      	mov	ip, r0
100089d4:	4814      	ldr	r0, [pc, #80]	; (10008a28 <pio_sm_set_consecutive_pindirs+0x80>)
100089d6:	241e      	movs	r4, #30
100089d8:	4683      	mov	fp, r0
100089da:	426d      	negs	r5, r5
100089dc:	43a5      	bics	r5, r4
100089de:	445d      	add	r5, fp
100089e0:	2b05      	cmp	r3, #5
100089e2:	d90c      	bls.n	100089fe <pio_sm_set_consecutive_pindirs+0x56>
100089e4:	20a0      	movs	r0, #160	; 0xa0
100089e6:	271f      	movs	r7, #31
100089e8:	0540      	lsls	r0, r0, #21
100089ea:	36d8      	adds	r6, #216	; 0xd8
100089ec:	0154      	lsls	r4, r2, #5
100089ee:	4304      	orrs	r4, r0
100089f0:	3205      	adds	r2, #5
100089f2:	3b05      	subs	r3, #5
100089f4:	600c      	str	r4, [r1, #0]
100089f6:	403a      	ands	r2, r7
100089f8:	6035      	str	r5, [r6, #0]
100089fa:	2b05      	cmp	r3, #5
100089fc:	d8f6      	bhi.n	100089ec <pio_sm_set_consecutive_pindirs+0x44>
100089fe:	464f      	mov	r7, r9
10008a00:	4457      	add	r7, sl
10008a02:	00ff      	lsls	r7, r7, #3
10008a04:	0038      	movs	r0, r7
10008a06:	0152      	lsls	r2, r2, #5
10008a08:	4440      	add	r0, r8
10008a0a:	069b      	lsls	r3, r3, #26
10008a0c:	4313      	orrs	r3, r2
10008a0e:	0002      	movs	r2, r0
10008a10:	32dc      	adds	r2, #220	; 0xdc
10008a12:	6013      	str	r3, [r2, #0]
10008a14:	4663      	mov	r3, ip
10008a16:	30d8      	adds	r0, #216	; 0xd8
10008a18:	6005      	str	r5, [r0, #0]
10008a1a:	6013      	str	r3, [r2, #0]
10008a1c:	bcf0      	pop	{r4, r5, r6, r7}
10008a1e:	46bb      	mov	fp, r7
10008a20:	46b2      	mov	sl, r6
10008a22:	46a9      	mov	r9, r5
10008a24:	46a0      	mov	r8, r4
10008a26:	bdf0      	pop	{r4, r5, r6, r7, pc}
10008a28:	0000e09f 	.word	0x0000e09f

10008a2c <pio_sm_init>:
10008a2c:	b5f0      	push	{r4, r5, r6, r7, lr}
10008a2e:	2501      	movs	r5, #1
10008a30:	408d      	lsls	r5, r1
10008a32:	6804      	ldr	r4, [r0, #0]
10008a34:	43ac      	bics	r4, r5
10008a36:	6004      	str	r4, [r0, #0]
10008a38:	2b00      	cmp	r3, #0
10008a3a:	d030      	beq.n	10008a9e <pio_sm_init+0x72>
10008a3c:	004d      	lsls	r5, r1, #1
10008a3e:	186c      	adds	r4, r5, r1
10008a40:	00e4      	lsls	r4, r4, #3
10008a42:	1904      	adds	r4, r0, r4
10008a44:	0026      	movs	r6, r4
10008a46:	681f      	ldr	r7, [r3, #0]
10008a48:	36c8      	adds	r6, #200	; 0xc8
10008a4a:	6037      	str	r7, [r6, #0]
10008a4c:	685f      	ldr	r7, [r3, #4]
10008a4e:	34dc      	adds	r4, #220	; 0xdc
10008a50:	6077      	str	r7, [r6, #4]
10008a52:	689f      	ldr	r7, [r3, #8]
10008a54:	68db      	ldr	r3, [r3, #12]
10008a56:	60b7      	str	r7, [r6, #8]
10008a58:	6023      	str	r3, [r4, #0]
10008a5a:	186b      	adds	r3, r5, r1
10008a5c:	00db      	lsls	r3, r3, #3
10008a5e:	001d      	movs	r5, r3
10008a60:	2480      	movs	r4, #128	; 0x80
10008a62:	35d0      	adds	r5, #208	; 0xd0
10008a64:	1945      	adds	r5, r0, r5
10008a66:	0164      	lsls	r4, r4, #5
10008a68:	432c      	orrs	r4, r5
10008a6a:	2580      	movs	r5, #128	; 0x80
10008a6c:	062d      	lsls	r5, r5, #24
10008a6e:	6025      	str	r5, [r4, #0]
10008a70:	6025      	str	r5, [r4, #0]
10008a72:	4c14      	ldr	r4, [pc, #80]	; (10008ac4 <pio_sm_init+0x98>)
10008a74:	1d0d      	adds	r5, r1, #4
10008a76:	408c      	lsls	r4, r1
10008a78:	6084      	str	r4, [r0, #8]
10008a7a:	2401      	movs	r4, #1
10008a7c:	0027      	movs	r7, r4
10008a7e:	40af      	lsls	r7, r5
10008a80:	003d      	movs	r5, r7
10008a82:	3108      	adds	r1, #8
10008a84:	408c      	lsls	r4, r1
10008a86:	211f      	movs	r1, #31
10008a88:	6806      	ldr	r6, [r0, #0]
10008a8a:	400a      	ands	r2, r1
10008a8c:	4335      	orrs	r5, r6
10008a8e:	6005      	str	r5, [r0, #0]
10008a90:	6805      	ldr	r5, [r0, #0]
10008a92:	432c      	orrs	r4, r5
10008a94:	6004      	str	r4, [r0, #0]
10008a96:	18c0      	adds	r0, r0, r3
10008a98:	30d8      	adds	r0, #216	; 0xd8
10008a9a:	6002      	str	r2, [r0, #0]
10008a9c:	bdf0      	pop	{r4, r5, r6, r7, pc}
10008a9e:	004d      	lsls	r5, r1, #1
10008aa0:	186c      	adds	r4, r5, r1
10008aa2:	00e4      	lsls	r4, r4, #3
10008aa4:	1904      	adds	r4, r0, r4
10008aa6:	0026      	movs	r6, r4
10008aa8:	2780      	movs	r7, #128	; 0x80
10008aaa:	36c8      	adds	r6, #200	; 0xc8
10008aac:	027f      	lsls	r7, r7, #9
10008aae:	6037      	str	r7, [r6, #0]
10008ab0:	27f8      	movs	r7, #248	; 0xf8
10008ab2:	027f      	lsls	r7, r7, #9
10008ab4:	6077      	str	r7, [r6, #4]
10008ab6:	27c0      	movs	r7, #192	; 0xc0
10008ab8:	34dc      	adds	r4, #220	; 0xdc
10008aba:	033f      	lsls	r7, r7, #12
10008abc:	60b7      	str	r7, [r6, #8]
10008abe:	6023      	str	r3, [r4, #0]
10008ac0:	e7cb      	b.n	10008a5a <pio_sm_init+0x2e>
10008ac2:	46c0      	nop			; (mov r8, r8)
10008ac4:	01010101 	.word	0x01010101

10008ac8 <dma_claim_unused_channel>:
10008ac8:	b510      	push	{r4, lr}
10008aca:	4b06      	ldr	r3, [pc, #24]	; (10008ae4 <dma_claim_unused_channel+0x1c>)
10008acc:	4c06      	ldr	r4, [pc, #24]	; (10008ae8 <dma_claim_unused_channel+0x20>)
10008ace:	b082      	sub	sp, #8
10008ad0:	0001      	movs	r1, r0
10008ad2:	9300      	str	r3, [sp, #0]
10008ad4:	2200      	movs	r2, #0
10008ad6:	230b      	movs	r3, #11
10008ad8:	0020      	movs	r0, r4
10008ada:	f7f9 fb5d 	bl	10002198 <hw_claim_unused_from_range>
10008ade:	b002      	add	sp, #8
10008ae0:	bd10      	pop	{r4, pc}
10008ae2:	46c0      	nop			; (mov r8, r8)
10008ae4:	10009d58 	.word	0x10009d58
10008ae8:	20001e94 	.word	0x20001e94

10008aec <core1_trampoline>:
10008aec:	bd03      	pop	{r0, r1, pc}
10008aee:	46c0      	nop			; (mov r8, r8)

10008af0 <core1_wrapper>:
10008af0:	b510      	push	{r4, lr}
10008af2:	0004      	movs	r4, r0
10008af4:	f7fb f82a 	bl	10003b4c <irq_init_priorities>
10008af8:	47a0      	blx	r4
10008afa:	bd10      	pop	{r4, pc}

10008afc <multicore_launch_core1>:
10008afc:	b530      	push	{r4, r5, lr}
10008afe:	4b23      	ldr	r3, [pc, #140]	; (10008b8c <multicore_launch_core1+0x90>)
10008b00:	4a23      	ldr	r2, [pc, #140]	; (10008b90 <multicore_launch_core1+0x94>)
10008b02:	b087      	sub	sp, #28
10008b04:	4293      	cmp	r3, r2
10008b06:	d33c      	bcc.n	10008b82 <multicore_launch_core1+0x86>
10008b08:	4a22      	ldr	r2, [pc, #136]	; (10008b94 <multicore_launch_core1+0x98>)
10008b0a:	1899      	adds	r1, r3, r2
10008b0c:	001a      	movs	r2, r3
10008b0e:	4c21      	ldr	r4, [pc, #132]	; (10008b94 <multicore_launch_core1+0x98>)
10008b10:	2500      	movs	r5, #0
10008b12:	5110      	str	r0, [r2, r4]
10008b14:	20ff      	movs	r0, #255	; 0xff
10008b16:	2400      	movs	r4, #0
10008b18:	00c0      	lsls	r0, r0, #3
10008b1a:	5013      	str	r3, [r2, r0]
10008b1c:	4b1e      	ldr	r3, [pc, #120]	; (10008b98 <multicore_launch_core1+0x9c>)
10008b1e:	481f      	ldr	r0, [pc, #124]	; (10008b9c <multicore_launch_core1+0xa0>)
10008b20:	5013      	str	r3, [r2, r0]
10008b22:	4b1f      	ldr	r3, [pc, #124]	; (10008ba0 <multicore_launch_core1+0xa4>)
10008b24:	2201      	movs	r2, #1
10008b26:	689b      	ldr	r3, [r3, #8]
10008b28:	2002      	movs	r0, #2
10008b2a:	9303      	str	r3, [sp, #12]
10008b2c:	4b1d      	ldr	r3, [pc, #116]	; (10008ba4 <multicore_launch_core1+0xa8>)
10008b2e:	9400      	str	r4, [sp, #0]
10008b30:	9501      	str	r5, [sp, #4]
10008b32:	9305      	str	r3, [sp, #20]
10008b34:	23d0      	movs	r3, #208	; 0xd0
10008b36:	9104      	str	r1, [sp, #16]
10008b38:	2500      	movs	r5, #0
10008b3a:	2101      	movs	r1, #1
10008b3c:	9202      	str	r2, [sp, #8]
10008b3e:	061b      	lsls	r3, r3, #24
10008b40:	2c00      	cmp	r4, #0
10008b42:	d014      	beq.n	10008b6e <multicore_launch_core1+0x72>
10008b44:	6d1a      	ldr	r2, [r3, #80]	; 0x50
10008b46:	4210      	tst	r0, r2
10008b48:	d0fc      	beq.n	10008b44 <multicore_launch_core1+0x48>
10008b4a:	655c      	str	r4, [r3, #84]	; 0x54
10008b4c:	bf40      	sev
10008b4e:	6d1a      	ldr	r2, [r3, #80]	; 0x50
10008b50:	4211      	tst	r1, r2
10008b52:	d103      	bne.n	10008b5c <multicore_launch_core1+0x60>
10008b54:	bf20      	wfe
10008b56:	6d1a      	ldr	r2, [r3, #80]	; 0x50
10008b58:	4211      	tst	r1, r2
10008b5a:	d0fb      	beq.n	10008b54 <multicore_launch_core1+0x58>
10008b5c:	6d9a      	ldr	r2, [r3, #88]	; 0x58
10008b5e:	42a2      	cmp	r2, r4
10008b60:	d00a      	beq.n	10008b78 <multicore_launch_core1+0x7c>
10008b62:	2500      	movs	r5, #0
10008b64:	466c      	mov	r4, sp
10008b66:	00aa      	lsls	r2, r5, #2
10008b68:	58a4      	ldr	r4, [r4, r2]
10008b6a:	e7e9      	b.n	10008b40 <multicore_launch_core1+0x44>
10008b6c:	6d9a      	ldr	r2, [r3, #88]	; 0x58
10008b6e:	6d1a      	ldr	r2, [r3, #80]	; 0x50
10008b70:	4211      	tst	r1, r2
10008b72:	d1fb      	bne.n	10008b6c <multicore_launch_core1+0x70>
10008b74:	bf40      	sev
10008b76:	e7e5      	b.n	10008b44 <multicore_launch_core1+0x48>
10008b78:	3501      	adds	r5, #1
10008b7a:	2d06      	cmp	r5, #6
10008b7c:	d1f2      	bne.n	10008b64 <multicore_launch_core1+0x68>
10008b7e:	b007      	add	sp, #28
10008b80:	bd30      	pop	{r4, r5, pc}
10008b82:	2301      	movs	r3, #1
10008b84:	425b      	negs	r3, r3
10008b86:	001a      	movs	r2, r3
10008b88:	4907      	ldr	r1, [pc, #28]	; (10008ba8 <multicore_launch_core1+0xac>)
10008b8a:	e7c0      	b.n	10008b0e <multicore_launch_core1+0x12>
10008b8c:	20040800 	.word	0x20040800
10008b90:	20040000 	.word	0x20040000
10008b94:	000007f4 	.word	0x000007f4
10008b98:	10008af1 	.word	0x10008af1
10008b9c:	000007fc 	.word	0x000007fc
10008ba0:	e000ed00 	.word	0xe000ed00
10008ba4:	10008aed 	.word	0x10008aed
10008ba8:	000007f3 	.word	0x000007f3

10008bac <atexit>:
10008bac:	b510      	push	{r4, lr}
10008bae:	0001      	movs	r1, r0
10008bb0:	2300      	movs	r3, #0
10008bb2:	2200      	movs	r2, #0
10008bb4:	2000      	movs	r0, #0
10008bb6:	f000 fb33 	bl	10009220 <__register_exitproc>
10008bba:	bd10      	pop	{r4, pc}

10008bbc <__libc_fini_array>:
10008bbc:	b570      	push	{r4, r5, r6, lr}
10008bbe:	4c07      	ldr	r4, [pc, #28]	; (10008bdc <__libc_fini_array+0x20>)
10008bc0:	4d07      	ldr	r5, [pc, #28]	; (10008be0 <__libc_fini_array+0x24>)
10008bc2:	1b64      	subs	r4, r4, r5
10008bc4:	10a4      	asrs	r4, r4, #2
10008bc6:	d005      	beq.n	10008bd4 <__libc_fini_array+0x18>
10008bc8:	3c01      	subs	r4, #1
10008bca:	00a3      	lsls	r3, r4, #2
10008bcc:	58eb      	ldr	r3, [r5, r3]
10008bce:	4798      	blx	r3
10008bd0:	2c00      	cmp	r4, #0
10008bd2:	d1f9      	bne.n	10008bc8 <__libc_fini_array+0xc>
10008bd4:	f000 fcc2 	bl	1000955c <_fini>
10008bd8:	bd70      	pop	{r4, r5, r6, pc}
10008bda:	46c0      	nop			; (mov r8, r8)
10008bdc:	20000b8c 	.word	0x20000b8c
10008be0:	20000b8c 	.word	0x20000b8c

10008be4 <malloc>:
10008be4:	b510      	push	{r4, lr}
10008be6:	4b03      	ldr	r3, [pc, #12]	; (10008bf4 <malloc+0x10>)
10008be8:	0001      	movs	r1, r0
10008bea:	6818      	ldr	r0, [r3, #0]
10008bec:	f000 f80e 	bl	10008c0c <_malloc_r>
10008bf0:	bd10      	pop	{r4, pc}
10008bf2:	46c0      	nop			; (mov r8, r8)
10008bf4:	20000320 	.word	0x20000320

10008bf8 <free>:
10008bf8:	b510      	push	{r4, lr}
10008bfa:	4b03      	ldr	r3, [pc, #12]	; (10008c08 <free+0x10>)
10008bfc:	0001      	movs	r1, r0
10008bfe:	6818      	ldr	r0, [r3, #0]
10008c00:	f000 fbbe 	bl	10009380 <_free_r>
10008c04:	bd10      	pop	{r4, pc}
10008c06:	46c0      	nop			; (mov r8, r8)
10008c08:	20000320 	.word	0x20000320

10008c0c <_malloc_r>:
10008c0c:	b5f0      	push	{r4, r5, r6, r7, lr}
10008c0e:	464e      	mov	r6, r9
10008c10:	4645      	mov	r5, r8
10008c12:	46de      	mov	lr, fp
10008c14:	4657      	mov	r7, sl
10008c16:	b5e0      	push	{r5, r6, r7, lr}
10008c18:	000d      	movs	r5, r1
10008c1a:	350b      	adds	r5, #11
10008c1c:	0006      	movs	r6, r0
10008c1e:	b083      	sub	sp, #12
10008c20:	2d16      	cmp	r5, #22
10008c22:	d821      	bhi.n	10008c68 <_malloc_r+0x5c>
10008c24:	2910      	cmp	r1, #16
10008c26:	d900      	bls.n	10008c2a <_malloc_r+0x1e>
10008c28:	e09f      	b.n	10008d6a <_malloc_r+0x15e>
10008c2a:	f000 faa9 	bl	10009180 <__malloc_lock>
10008c2e:	2510      	movs	r5, #16
10008c30:	2318      	movs	r3, #24
10008c32:	2102      	movs	r1, #2
10008c34:	4fc7      	ldr	r7, [pc, #796]	; (10008f54 <_malloc_r+0x348>)
10008c36:	18fb      	adds	r3, r7, r3
10008c38:	001a      	movs	r2, r3
10008c3a:	685c      	ldr	r4, [r3, #4]
10008c3c:	3a08      	subs	r2, #8
10008c3e:	4294      	cmp	r4, r2
10008c40:	d100      	bne.n	10008c44 <_malloc_r+0x38>
10008c42:	e0a2      	b.n	10008d8a <_malloc_r+0x17e>
10008c44:	2203      	movs	r2, #3
10008c46:	6863      	ldr	r3, [r4, #4]
10008c48:	4393      	bics	r3, r2
10008c4a:	68e2      	ldr	r2, [r4, #12]
10008c4c:	68a1      	ldr	r1, [r4, #8]
10008c4e:	60ca      	str	r2, [r1, #12]
10008c50:	6091      	str	r1, [r2, #8]
10008c52:	2101      	movs	r1, #1
10008c54:	18e3      	adds	r3, r4, r3
10008c56:	685a      	ldr	r2, [r3, #4]
10008c58:	0030      	movs	r0, r6
10008c5a:	430a      	orrs	r2, r1
10008c5c:	605a      	str	r2, [r3, #4]
10008c5e:	f000 fa97 	bl	10009190 <__malloc_unlock>
10008c62:	0020      	movs	r0, r4
10008c64:	3008      	adds	r0, #8
10008c66:	e083      	b.n	10008d70 <_malloc_r+0x164>
10008c68:	2307      	movs	r3, #7
10008c6a:	439d      	bics	r5, r3
10008c6c:	d47d      	bmi.n	10008d6a <_malloc_r+0x15e>
10008c6e:	42a9      	cmp	r1, r5
10008c70:	d87b      	bhi.n	10008d6a <_malloc_r+0x15e>
10008c72:	f000 fa85 	bl	10009180 <__malloc_lock>
10008c76:	23fc      	movs	r3, #252	; 0xfc
10008c78:	005b      	lsls	r3, r3, #1
10008c7a:	429d      	cmp	r5, r3
10008c7c:	d200      	bcs.n	10008c80 <_malloc_r+0x74>
10008c7e:	e1a2      	b.n	10008fc6 <_malloc_r+0x3ba>
10008c80:	0a69      	lsrs	r1, r5, #9
10008c82:	d100      	bne.n	10008c86 <_malloc_r+0x7a>
10008c84:	e07b      	b.n	10008d7e <_malloc_r+0x172>
10008c86:	2904      	cmp	r1, #4
10008c88:	d900      	bls.n	10008c8c <_malloc_r+0x80>
10008c8a:	e157      	b.n	10008f3c <_malloc_r+0x330>
10008c8c:	2338      	movs	r3, #56	; 0x38
10008c8e:	4698      	mov	r8, r3
10008c90:	09a9      	lsrs	r1, r5, #6
10008c92:	4488      	add	r8, r1
10008c94:	3139      	adds	r1, #57	; 0x39
10008c96:	00c8      	lsls	r0, r1, #3
10008c98:	4fae      	ldr	r7, [pc, #696]	; (10008f54 <_malloc_r+0x348>)
10008c9a:	1838      	adds	r0, r7, r0
10008c9c:	6844      	ldr	r4, [r0, #4]
10008c9e:	3808      	subs	r0, #8
10008ca0:	42a0      	cmp	r0, r4
10008ca2:	d00e      	beq.n	10008cc2 <_malloc_r+0xb6>
10008ca4:	2303      	movs	r3, #3
10008ca6:	469c      	mov	ip, r3
10008ca8:	e004      	b.n	10008cb4 <_malloc_r+0xa8>
10008caa:	2a00      	cmp	r2, #0
10008cac:	dacd      	bge.n	10008c4a <_malloc_r+0x3e>
10008cae:	68e4      	ldr	r4, [r4, #12]
10008cb0:	42a0      	cmp	r0, r4
10008cb2:	d006      	beq.n	10008cc2 <_malloc_r+0xb6>
10008cb4:	4662      	mov	r2, ip
10008cb6:	6863      	ldr	r3, [r4, #4]
10008cb8:	4393      	bics	r3, r2
10008cba:	1b5a      	subs	r2, r3, r5
10008cbc:	2a0f      	cmp	r2, #15
10008cbe:	ddf4      	ble.n	10008caa <_malloc_r+0x9e>
10008cc0:	4641      	mov	r1, r8
10008cc2:	003a      	movs	r2, r7
10008cc4:	693c      	ldr	r4, [r7, #16]
10008cc6:	3208      	adds	r2, #8
10008cc8:	4294      	cmp	r4, r2
10008cca:	d068      	beq.n	10008d9e <_malloc_r+0x192>
10008ccc:	2003      	movs	r0, #3
10008cce:	6863      	ldr	r3, [r4, #4]
10008cd0:	4383      	bics	r3, r0
10008cd2:	4699      	mov	r9, r3
10008cd4:	1b58      	subs	r0, r3, r5
10008cd6:	280f      	cmp	r0, #15
10008cd8:	dd00      	ble.n	10008cdc <_malloc_r+0xd0>
10008cda:	e178      	b.n	10008fce <_malloc_r+0x3c2>
10008cdc:	617a      	str	r2, [r7, #20]
10008cde:	613a      	str	r2, [r7, #16]
10008ce0:	2800      	cmp	r0, #0
10008ce2:	dab6      	bge.n	10008c52 <_malloc_r+0x46>
10008ce4:	2280      	movs	r2, #128	; 0x80
10008ce6:	0092      	lsls	r2, r2, #2
10008ce8:	4293      	cmp	r3, r2
10008cea:	d300      	bcc.n	10008cee <_malloc_r+0xe2>
10008cec:	e0fe      	b.n	10008eec <_malloc_r+0x2e0>
10008cee:	0958      	lsrs	r0, r3, #5
10008cf0:	08da      	lsrs	r2, r3, #3
10008cf2:	2301      	movs	r3, #1
10008cf4:	4083      	lsls	r3, r0
10008cf6:	00d2      	lsls	r2, r2, #3
10008cf8:	6878      	ldr	r0, [r7, #4]
10008cfa:	19d2      	adds	r2, r2, r7
10008cfc:	4303      	orrs	r3, r0
10008cfe:	6890      	ldr	r0, [r2, #8]
10008d00:	607b      	str	r3, [r7, #4]
10008d02:	60e2      	str	r2, [r4, #12]
10008d04:	60a0      	str	r0, [r4, #8]
10008d06:	6094      	str	r4, [r2, #8]
10008d08:	60c4      	str	r4, [r0, #12]
10008d0a:	2001      	movs	r0, #1
10008d0c:	108a      	asrs	r2, r1, #2
10008d0e:	4090      	lsls	r0, r2
10008d10:	4298      	cmp	r0, r3
10008d12:	d84a      	bhi.n	10008daa <_malloc_r+0x19e>
10008d14:	4203      	tst	r3, r0
10008d16:	d105      	bne.n	10008d24 <_malloc_r+0x118>
10008d18:	2203      	movs	r2, #3
10008d1a:	4391      	bics	r1, r2
10008d1c:	0040      	lsls	r0, r0, #1
10008d1e:	3104      	adds	r1, #4
10008d20:	4203      	tst	r3, r0
10008d22:	d0fb      	beq.n	10008d1c <_malloc_r+0x110>
10008d24:	2303      	movs	r3, #3
10008d26:	4698      	mov	r8, r3
10008d28:	00cb      	lsls	r3, r1, #3
10008d2a:	4699      	mov	r9, r3
10008d2c:	44b9      	add	r9, r7
10008d2e:	46cc      	mov	ip, r9
10008d30:	468a      	mov	sl, r1
10008d32:	4663      	mov	r3, ip
10008d34:	68db      	ldr	r3, [r3, #12]
10008d36:	e00b      	b.n	10008d50 <_malloc_r+0x144>
10008d38:	4644      	mov	r4, r8
10008d3a:	685a      	ldr	r2, [r3, #4]
10008d3c:	469b      	mov	fp, r3
10008d3e:	43a2      	bics	r2, r4
10008d40:	68db      	ldr	r3, [r3, #12]
10008d42:	1b54      	subs	r4, r2, r5
10008d44:	2c0f      	cmp	r4, #15
10008d46:	dd00      	ble.n	10008d4a <_malloc_r+0x13e>
10008d48:	e114      	b.n	10008f74 <_malloc_r+0x368>
10008d4a:	2c00      	cmp	r4, #0
10008d4c:	db00      	blt.n	10008d50 <_malloc_r+0x144>
10008d4e:	e12b      	b.n	10008fa8 <_malloc_r+0x39c>
10008d50:	459c      	cmp	ip, r3
10008d52:	d1f1      	bne.n	10008d38 <_malloc_r+0x12c>
10008d54:	2308      	movs	r3, #8
10008d56:	469b      	mov	fp, r3
10008d58:	3b07      	subs	r3, #7
10008d5a:	44dc      	add	ip, fp
10008d5c:	469b      	mov	fp, r3
10008d5e:	44da      	add	sl, fp
10008d60:	4643      	mov	r3, r8
10008d62:	4652      	mov	r2, sl
10008d64:	4213      	tst	r3, r2
10008d66:	d1e4      	bne.n	10008d32 <_malloc_r+0x126>
10008d68:	e16b      	b.n	10009042 <_malloc_r+0x436>
10008d6a:	230c      	movs	r3, #12
10008d6c:	2000      	movs	r0, #0
10008d6e:	6033      	str	r3, [r6, #0]
10008d70:	b003      	add	sp, #12
10008d72:	bcf0      	pop	{r4, r5, r6, r7}
10008d74:	46bb      	mov	fp, r7
10008d76:	46b2      	mov	sl, r6
10008d78:	46a9      	mov	r9, r5
10008d7a:	46a0      	mov	r8, r4
10008d7c:	bdf0      	pop	{r4, r5, r6, r7, pc}
10008d7e:	2080      	movs	r0, #128	; 0x80
10008d80:	233f      	movs	r3, #63	; 0x3f
10008d82:	2140      	movs	r1, #64	; 0x40
10008d84:	4698      	mov	r8, r3
10008d86:	0080      	lsls	r0, r0, #2
10008d88:	e786      	b.n	10008c98 <_malloc_r+0x8c>
10008d8a:	68dc      	ldr	r4, [r3, #12]
10008d8c:	3102      	adds	r1, #2
10008d8e:	42a3      	cmp	r3, r4
10008d90:	d000      	beq.n	10008d94 <_malloc_r+0x188>
10008d92:	e757      	b.n	10008c44 <_malloc_r+0x38>
10008d94:	003a      	movs	r2, r7
10008d96:	693c      	ldr	r4, [r7, #16]
10008d98:	3208      	adds	r2, #8
10008d9a:	4294      	cmp	r4, r2
10008d9c:	d196      	bne.n	10008ccc <_malloc_r+0xc0>
10008d9e:	2001      	movs	r0, #1
10008da0:	687b      	ldr	r3, [r7, #4]
10008da2:	108a      	asrs	r2, r1, #2
10008da4:	4090      	lsls	r0, r2
10008da6:	4298      	cmp	r0, r3
10008da8:	d9b4      	bls.n	10008d14 <_malloc_r+0x108>
10008daa:	2203      	movs	r2, #3
10008dac:	68bc      	ldr	r4, [r7, #8]
10008dae:	6863      	ldr	r3, [r4, #4]
10008db0:	4393      	bics	r3, r2
10008db2:	469a      	mov	sl, r3
10008db4:	429d      	cmp	r5, r3
10008db6:	d803      	bhi.n	10008dc0 <_malloc_r+0x1b4>
10008db8:	1b5b      	subs	r3, r3, r5
10008dba:	2b0f      	cmp	r3, #15
10008dbc:	dd00      	ble.n	10008dc0 <_malloc_r+0x1b4>
10008dbe:	e087      	b.n	10008ed0 <_malloc_r+0x2c4>
10008dc0:	0023      	movs	r3, r4
10008dc2:	4453      	add	r3, sl
10008dc4:	4a64      	ldr	r2, [pc, #400]	; (10008f58 <_malloc_r+0x34c>)
10008dc6:	9301      	str	r3, [sp, #4]
10008dc8:	4b64      	ldr	r3, [pc, #400]	; (10008f5c <_malloc_r+0x350>)
10008dca:	4690      	mov	r8, r2
10008dcc:	681b      	ldr	r3, [r3, #0]
10008dce:	6812      	ldr	r2, [r2, #0]
10008dd0:	18eb      	adds	r3, r5, r3
10008dd2:	3201      	adds	r2, #1
10008dd4:	d100      	bne.n	10008dd8 <_malloc_r+0x1cc>
10008dd6:	e149      	b.n	1000906c <_malloc_r+0x460>
10008dd8:	4a61      	ldr	r2, [pc, #388]	; (10008f60 <_malloc_r+0x354>)
10008dda:	4694      	mov	ip, r2
10008ddc:	4463      	add	r3, ip
10008dde:	0b1b      	lsrs	r3, r3, #12
10008de0:	031b      	lsls	r3, r3, #12
10008de2:	9300      	str	r3, [sp, #0]
10008de4:	0030      	movs	r0, r6
10008de6:	9900      	ldr	r1, [sp, #0]
10008de8:	f000 f9da 	bl	100091a0 <_sbrk_r>
10008dec:	0003      	movs	r3, r0
10008dee:	4681      	mov	r9, r0
10008df0:	3301      	adds	r3, #1
10008df2:	d100      	bne.n	10008df6 <_malloc_r+0x1ea>
10008df4:	e106      	b.n	10009004 <_malloc_r+0x3f8>
10008df6:	9b01      	ldr	r3, [sp, #4]
10008df8:	4283      	cmp	r3, r0
10008dfa:	d900      	bls.n	10008dfe <_malloc_r+0x1f2>
10008dfc:	e100      	b.n	10009000 <_malloc_r+0x3f4>
10008dfe:	4b59      	ldr	r3, [pc, #356]	; (10008f64 <_malloc_r+0x358>)
10008e00:	9800      	ldr	r0, [sp, #0]
10008e02:	469b      	mov	fp, r3
10008e04:	4684      	mov	ip, r0
10008e06:	4659      	mov	r1, fp
10008e08:	681b      	ldr	r3, [r3, #0]
10008e0a:	4463      	add	r3, ip
10008e0c:	600b      	str	r3, [r1, #0]
10008e0e:	9901      	ldr	r1, [sp, #4]
10008e10:	001a      	movs	r2, r3
10008e12:	4549      	cmp	r1, r9
10008e14:	d100      	bne.n	10008e18 <_malloc_r+0x20c>
10008e16:	e15f      	b.n	100090d8 <_malloc_r+0x4cc>
10008e18:	4643      	mov	r3, r8
10008e1a:	681b      	ldr	r3, [r3, #0]
10008e1c:	3301      	adds	r3, #1
10008e1e:	d100      	bne.n	10008e22 <_malloc_r+0x216>
10008e20:	e164      	b.n	100090ec <_malloc_r+0x4e0>
10008e22:	464b      	mov	r3, r9
10008e24:	9901      	ldr	r1, [sp, #4]
10008e26:	1a5b      	subs	r3, r3, r1
10008e28:	189b      	adds	r3, r3, r2
10008e2a:	465a      	mov	r2, fp
10008e2c:	6013      	str	r3, [r2, #0]
10008e2e:	2307      	movs	r3, #7
10008e30:	464a      	mov	r2, r9
10008e32:	4649      	mov	r1, r9
10008e34:	401a      	ands	r2, r3
10008e36:	9201      	str	r2, [sp, #4]
10008e38:	4219      	tst	r1, r3
10008e3a:	d100      	bne.n	10008e3e <_malloc_r+0x232>
10008e3c:	e120      	b.n	10009080 <_malloc_r+0x474>
10008e3e:	1a8b      	subs	r3, r1, r2
10008e40:	2108      	movs	r1, #8
10008e42:	4689      	mov	r9, r1
10008e44:	9900      	ldr	r1, [sp, #0]
10008e46:	4499      	add	r9, r3
10008e48:	4b47      	ldr	r3, [pc, #284]	; (10008f68 <_malloc_r+0x35c>)
10008e4a:	4449      	add	r1, r9
10008e4c:	1a9b      	subs	r3, r3, r2
10008e4e:	1a5b      	subs	r3, r3, r1
10008e50:	051b      	lsls	r3, r3, #20
10008e52:	0d1b      	lsrs	r3, r3, #20
10008e54:	9100      	str	r1, [sp, #0]
10008e56:	0030      	movs	r0, r6
10008e58:	0019      	movs	r1, r3
10008e5a:	4698      	mov	r8, r3
10008e5c:	f000 f9a0 	bl	100091a0 <_sbrk_r>
10008e60:	1c43      	adds	r3, r0, #1
10008e62:	d100      	bne.n	10008e66 <_malloc_r+0x25a>
10008e64:	e15e      	b.n	10009124 <_malloc_r+0x518>
10008e66:	464b      	mov	r3, r9
10008e68:	1ac0      	subs	r0, r0, r3
10008e6a:	0003      	movs	r3, r0
10008e6c:	4443      	add	r3, r8
10008e6e:	9300      	str	r3, [sp, #0]
10008e70:	465b      	mov	r3, fp
10008e72:	465a      	mov	r2, fp
10008e74:	681b      	ldr	r3, [r3, #0]
10008e76:	2001      	movs	r0, #1
10008e78:	4443      	add	r3, r8
10008e7a:	6013      	str	r3, [r2, #0]
10008e7c:	464a      	mov	r2, r9
10008e7e:	4649      	mov	r1, r9
10008e80:	60ba      	str	r2, [r7, #8]
10008e82:	9a00      	ldr	r2, [sp, #0]
10008e84:	4302      	orrs	r2, r0
10008e86:	604a      	str	r2, [r1, #4]
10008e88:	42bc      	cmp	r4, r7
10008e8a:	d100      	bne.n	10008e8e <_malloc_r+0x282>
10008e8c:	e132      	b.n	100090f4 <_malloc_r+0x4e8>
10008e8e:	4652      	mov	r2, sl
10008e90:	2a0f      	cmp	r2, #15
10008e92:	d800      	bhi.n	10008e96 <_malloc_r+0x28a>
10008e94:	e130      	b.n	100090f8 <_malloc_r+0x4ec>
10008e96:	2107      	movs	r1, #7
10008e98:	3a0c      	subs	r2, #12
10008e9a:	438a      	bics	r2, r1
10008e9c:	6861      	ldr	r1, [r4, #4]
10008e9e:	4001      	ands	r1, r0
10008ea0:	2005      	movs	r0, #5
10008ea2:	4311      	orrs	r1, r2
10008ea4:	6061      	str	r1, [r4, #4]
10008ea6:	18a1      	adds	r1, r4, r2
10008ea8:	6048      	str	r0, [r1, #4]
10008eaa:	6088      	str	r0, [r1, #8]
10008eac:	2a0f      	cmp	r2, #15
10008eae:	d900      	bls.n	10008eb2 <_malloc_r+0x2a6>
10008eb0:	e143      	b.n	1000913a <_malloc_r+0x52e>
10008eb2:	464a      	mov	r2, r9
10008eb4:	464c      	mov	r4, r9
10008eb6:	6852      	ldr	r2, [r2, #4]
10008eb8:	492c      	ldr	r1, [pc, #176]	; (10008f6c <_malloc_r+0x360>)
10008eba:	6808      	ldr	r0, [r1, #0]
10008ebc:	4298      	cmp	r0, r3
10008ebe:	d200      	bcs.n	10008ec2 <_malloc_r+0x2b6>
10008ec0:	600b      	str	r3, [r1, #0]
10008ec2:	492b      	ldr	r1, [pc, #172]	; (10008f70 <_malloc_r+0x364>)
10008ec4:	6808      	ldr	r0, [r1, #0]
10008ec6:	4298      	cmp	r0, r3
10008ec8:	d300      	bcc.n	10008ecc <_malloc_r+0x2c0>
10008eca:	e09d      	b.n	10009008 <_malloc_r+0x3fc>
10008ecc:	600b      	str	r3, [r1, #0]
10008ece:	e09b      	b.n	10009008 <_malloc_r+0x3fc>
10008ed0:	2201      	movs	r2, #1
10008ed2:	0029      	movs	r1, r5
10008ed4:	4313      	orrs	r3, r2
10008ed6:	4311      	orrs	r1, r2
10008ed8:	1965      	adds	r5, r4, r5
10008eda:	6061      	str	r1, [r4, #4]
10008edc:	0030      	movs	r0, r6
10008ede:	60bd      	str	r5, [r7, #8]
10008ee0:	606b      	str	r3, [r5, #4]
10008ee2:	f000 f955 	bl	10009190 <__malloc_unlock>
10008ee6:	0020      	movs	r0, r4
10008ee8:	3008      	adds	r0, #8
10008eea:	e741      	b.n	10008d70 <_malloc_r+0x164>
10008eec:	0a5a      	lsrs	r2, r3, #9
10008eee:	2a04      	cmp	r2, #4
10008ef0:	d800      	bhi.n	10008ef4 <_malloc_r+0x2e8>
10008ef2:	e07f      	b.n	10008ff4 <_malloc_r+0x3e8>
10008ef4:	2a14      	cmp	r2, #20
10008ef6:	d900      	bls.n	10008efa <_malloc_r+0x2ee>
10008ef8:	e0d2      	b.n	100090a0 <_malloc_r+0x494>
10008efa:	0010      	movs	r0, r2
10008efc:	325c      	adds	r2, #92	; 0x5c
10008efe:	305b      	adds	r0, #91	; 0x5b
10008f00:	00d2      	lsls	r2, r2, #3
10008f02:	2308      	movs	r3, #8
10008f04:	425b      	negs	r3, r3
10008f06:	469c      	mov	ip, r3
10008f08:	18ba      	adds	r2, r7, r2
10008f0a:	4494      	add	ip, r2
10008f0c:	4663      	mov	r3, ip
10008f0e:	689a      	ldr	r2, [r3, #8]
10008f10:	2303      	movs	r3, #3
10008f12:	4698      	mov	r8, r3
10008f14:	4594      	cmp	ip, r2
10008f16:	d100      	bne.n	10008f1a <_malloc_r+0x30e>
10008f18:	e0ab      	b.n	10009072 <_malloc_r+0x466>
10008f1a:	4643      	mov	r3, r8
10008f1c:	6850      	ldr	r0, [r2, #4]
10008f1e:	4398      	bics	r0, r3
10008f20:	4548      	cmp	r0, r9
10008f22:	d902      	bls.n	10008f2a <_malloc_r+0x31e>
10008f24:	6892      	ldr	r2, [r2, #8]
10008f26:	4594      	cmp	ip, r2
10008f28:	d1f7      	bne.n	10008f1a <_malloc_r+0x30e>
10008f2a:	68d3      	ldr	r3, [r2, #12]
10008f2c:	469c      	mov	ip, r3
10008f2e:	687b      	ldr	r3, [r7, #4]
10008f30:	4660      	mov	r0, ip
10008f32:	60a2      	str	r2, [r4, #8]
10008f34:	60e0      	str	r0, [r4, #12]
10008f36:	6084      	str	r4, [r0, #8]
10008f38:	60d4      	str	r4, [r2, #12]
10008f3a:	e6e6      	b.n	10008d0a <_malloc_r+0xfe>
10008f3c:	2914      	cmp	r1, #20
10008f3e:	d970      	bls.n	10009022 <_malloc_r+0x416>
10008f40:	2954      	cmp	r1, #84	; 0x54
10008f42:	d900      	bls.n	10008f46 <_malloc_r+0x33a>
10008f44:	e0b4      	b.n	100090b0 <_malloc_r+0x4a4>
10008f46:	236e      	movs	r3, #110	; 0x6e
10008f48:	4698      	mov	r8, r3
10008f4a:	0b29      	lsrs	r1, r5, #12
10008f4c:	4488      	add	r8, r1
10008f4e:	316f      	adds	r1, #111	; 0x6f
10008f50:	00c8      	lsls	r0, r1, #3
10008f52:	e6a1      	b.n	10008c98 <_malloc_r+0x8c>
10008f54:	20000750 	.word	0x20000750
10008f58:	20000b58 	.word	0x20000b58
10008f5c:	20001000 	.word	0x20001000
10008f60:	0000100f 	.word	0x0000100f
10008f64:	20000fd0 	.word	0x20000fd0
10008f68:	00001008 	.word	0x00001008
10008f6c:	20000ff8 	.word	0x20000ff8
10008f70:	20000ffc 	.word	0x20000ffc
10008f74:	2001      	movs	r0, #1
10008f76:	4659      	mov	r1, fp
10008f78:	4684      	mov	ip, r0
10008f7a:	1949      	adds	r1, r1, r5
10008f7c:	4305      	orrs	r5, r0
10008f7e:	4658      	mov	r0, fp
10008f80:	6045      	str	r5, [r0, #4]
10008f82:	6885      	ldr	r5, [r0, #8]
10008f84:	4660      	mov	r0, ip
10008f86:	60eb      	str	r3, [r5, #12]
10008f88:	609d      	str	r5, [r3, #8]
10008f8a:	465b      	mov	r3, fp
10008f8c:	6179      	str	r1, [r7, #20]
10008f8e:	6139      	str	r1, [r7, #16]
10008f90:	4320      	orrs	r0, r4
10008f92:	3708      	adds	r7, #8
10008f94:	6048      	str	r0, [r1, #4]
10008f96:	60cf      	str	r7, [r1, #12]
10008f98:	0030      	movs	r0, r6
10008f9a:	608f      	str	r7, [r1, #8]
10008f9c:	509c      	str	r4, [r3, r2]
10008f9e:	f000 f8f7 	bl	10009190 <__malloc_unlock>
10008fa2:	4658      	mov	r0, fp
10008fa4:	3008      	adds	r0, #8
10008fa6:	e6e3      	b.n	10008d70 <_malloc_r+0x164>
10008fa8:	2001      	movs	r0, #1
10008faa:	445a      	add	r2, fp
10008fac:	6851      	ldr	r1, [r2, #4]
10008fae:	4301      	orrs	r1, r0
10008fb0:	6051      	str	r1, [r2, #4]
10008fb2:	465a      	mov	r2, fp
10008fb4:	6892      	ldr	r2, [r2, #8]
10008fb6:	0030      	movs	r0, r6
10008fb8:	60d3      	str	r3, [r2, #12]
10008fba:	609a      	str	r2, [r3, #8]
10008fbc:	f000 f8e8 	bl	10009190 <__malloc_unlock>
10008fc0:	4658      	mov	r0, fp
10008fc2:	3008      	adds	r0, #8
10008fc4:	e6d4      	b.n	10008d70 <_malloc_r+0x164>
10008fc6:	002b      	movs	r3, r5
10008fc8:	08e9      	lsrs	r1, r5, #3
10008fca:	3308      	adds	r3, #8
10008fcc:	e632      	b.n	10008c34 <_malloc_r+0x28>
10008fce:	2301      	movs	r3, #1
10008fd0:	1961      	adds	r1, r4, r5
10008fd2:	431d      	orrs	r5, r3
10008fd4:	6065      	str	r5, [r4, #4]
10008fd6:	6179      	str	r1, [r7, #20]
10008fd8:	6139      	str	r1, [r7, #16]
10008fda:	60ca      	str	r2, [r1, #12]
10008fdc:	608a      	str	r2, [r1, #8]
10008fde:	001a      	movs	r2, r3
10008fe0:	464b      	mov	r3, r9
10008fe2:	4302      	orrs	r2, r0
10008fe4:	604a      	str	r2, [r1, #4]
10008fe6:	50e0      	str	r0, [r4, r3]
10008fe8:	0030      	movs	r0, r6
10008fea:	f000 f8d1 	bl	10009190 <__malloc_unlock>
10008fee:	0020      	movs	r0, r4
10008ff0:	3008      	adds	r0, #8
10008ff2:	e6bd      	b.n	10008d70 <_malloc_r+0x164>
10008ff4:	099a      	lsrs	r2, r3, #6
10008ff6:	0010      	movs	r0, r2
10008ff8:	3239      	adds	r2, #57	; 0x39
10008ffa:	3038      	adds	r0, #56	; 0x38
10008ffc:	00d2      	lsls	r2, r2, #3
10008ffe:	e780      	b.n	10008f02 <_malloc_r+0x2f6>
10009000:	42bc      	cmp	r4, r7
10009002:	d060      	beq.n	100090c6 <_malloc_r+0x4ba>
10009004:	68bc      	ldr	r4, [r7, #8]
10009006:	6862      	ldr	r2, [r4, #4]
10009008:	2303      	movs	r3, #3
1000900a:	439a      	bics	r2, r3
1000900c:	1b53      	subs	r3, r2, r5
1000900e:	4295      	cmp	r5, r2
10009010:	d802      	bhi.n	10009018 <_malloc_r+0x40c>
10009012:	2b0f      	cmp	r3, #15
10009014:	dd00      	ble.n	10009018 <_malloc_r+0x40c>
10009016:	e75b      	b.n	10008ed0 <_malloc_r+0x2c4>
10009018:	0030      	movs	r0, r6
1000901a:	f000 f8b9 	bl	10009190 <__malloc_unlock>
1000901e:	2000      	movs	r0, #0
10009020:	e6a6      	b.n	10008d70 <_malloc_r+0x164>
10009022:	235b      	movs	r3, #91	; 0x5b
10009024:	4698      	mov	r8, r3
10009026:	4488      	add	r8, r1
10009028:	315c      	adds	r1, #92	; 0x5c
1000902a:	00c8      	lsls	r0, r1, #3
1000902c:	e634      	b.n	10008c98 <_malloc_r+0x8c>
1000902e:	2308      	movs	r3, #8
10009030:	425b      	negs	r3, r3
10009032:	469c      	mov	ip, r3
10009034:	44e1      	add	r9, ip
10009036:	464b      	mov	r3, r9
10009038:	689b      	ldr	r3, [r3, #8]
1000903a:	3901      	subs	r1, #1
1000903c:	454b      	cmp	r3, r9
1000903e:	d000      	beq.n	10009042 <_malloc_r+0x436>
10009040:	e098      	b.n	10009174 <_malloc_r+0x568>
10009042:	4643      	mov	r3, r8
10009044:	420b      	tst	r3, r1
10009046:	d1f2      	bne.n	1000902e <_malloc_r+0x422>
10009048:	687b      	ldr	r3, [r7, #4]
1000904a:	4383      	bics	r3, r0
1000904c:	607b      	str	r3, [r7, #4]
1000904e:	0040      	lsls	r0, r0, #1
10009050:	4298      	cmp	r0, r3
10009052:	d900      	bls.n	10009056 <_malloc_r+0x44a>
10009054:	e6a9      	b.n	10008daa <_malloc_r+0x19e>
10009056:	2800      	cmp	r0, #0
10009058:	d104      	bne.n	10009064 <_malloc_r+0x458>
1000905a:	e6a6      	b.n	10008daa <_malloc_r+0x19e>
1000905c:	2204      	movs	r2, #4
1000905e:	4694      	mov	ip, r2
10009060:	0040      	lsls	r0, r0, #1
10009062:	44e2      	add	sl, ip
10009064:	4203      	tst	r3, r0
10009066:	d0f9      	beq.n	1000905c <_malloc_r+0x450>
10009068:	4651      	mov	r1, sl
1000906a:	e65d      	b.n	10008d28 <_malloc_r+0x11c>
1000906c:	3310      	adds	r3, #16
1000906e:	9300      	str	r3, [sp, #0]
10009070:	e6b8      	b.n	10008de4 <_malloc_r+0x1d8>
10009072:	1080      	asrs	r0, r0, #2
10009074:	3b02      	subs	r3, #2
10009076:	4083      	lsls	r3, r0
10009078:	6878      	ldr	r0, [r7, #4]
1000907a:	4303      	orrs	r3, r0
1000907c:	607b      	str	r3, [r7, #4]
1000907e:	e757      	b.n	10008f30 <_malloc_r+0x324>
10009080:	9b00      	ldr	r3, [sp, #0]
10009082:	0030      	movs	r0, r6
10009084:	444b      	add	r3, r9
10009086:	425b      	negs	r3, r3
10009088:	051b      	lsls	r3, r3, #20
1000908a:	0d1b      	lsrs	r3, r3, #20
1000908c:	0019      	movs	r1, r3
1000908e:	4698      	mov	r8, r3
10009090:	f000 f886 	bl	100091a0 <_sbrk_r>
10009094:	1c43      	adds	r3, r0, #1
10009096:	d000      	beq.n	1000909a <_malloc_r+0x48e>
10009098:	e6e5      	b.n	10008e66 <_malloc_r+0x25a>
1000909a:	2300      	movs	r3, #0
1000909c:	4698      	mov	r8, r3
1000909e:	e6e7      	b.n	10008e70 <_malloc_r+0x264>
100090a0:	2a54      	cmp	r2, #84	; 0x54
100090a2:	d82b      	bhi.n	100090fc <_malloc_r+0x4f0>
100090a4:	0b1a      	lsrs	r2, r3, #12
100090a6:	0010      	movs	r0, r2
100090a8:	326f      	adds	r2, #111	; 0x6f
100090aa:	306e      	adds	r0, #110	; 0x6e
100090ac:	00d2      	lsls	r2, r2, #3
100090ae:	e728      	b.n	10008f02 <_malloc_r+0x2f6>
100090b0:	23aa      	movs	r3, #170	; 0xaa
100090b2:	005b      	lsls	r3, r3, #1
100090b4:	4299      	cmp	r1, r3
100090b6:	d82b      	bhi.n	10009110 <_malloc_r+0x504>
100090b8:	3bdd      	subs	r3, #221	; 0xdd
100090ba:	4698      	mov	r8, r3
100090bc:	0be9      	lsrs	r1, r5, #15
100090be:	4488      	add	r8, r1
100090c0:	3178      	adds	r1, #120	; 0x78
100090c2:	00c8      	lsls	r0, r1, #3
100090c4:	e5e8      	b.n	10008c98 <_malloc_r+0x8c>
100090c6:	4b2c      	ldr	r3, [pc, #176]	; (10009178 <_malloc_r+0x56c>)
100090c8:	469b      	mov	fp, r3
100090ca:	681a      	ldr	r2, [r3, #0]
100090cc:	9b00      	ldr	r3, [sp, #0]
100090ce:	469c      	mov	ip, r3
100090d0:	465b      	mov	r3, fp
100090d2:	4462      	add	r2, ip
100090d4:	601a      	str	r2, [r3, #0]
100090d6:	e69f      	b.n	10008e18 <_malloc_r+0x20c>
100090d8:	0509      	lsls	r1, r1, #20
100090da:	d000      	beq.n	100090de <_malloc_r+0x4d2>
100090dc:	e69c      	b.n	10008e18 <_malloc_r+0x20c>
100090de:	0002      	movs	r2, r0
100090e0:	68bc      	ldr	r4, [r7, #8]
100090e2:	4452      	add	r2, sl
100090e4:	3101      	adds	r1, #1
100090e6:	430a      	orrs	r2, r1
100090e8:	6062      	str	r2, [r4, #4]
100090ea:	e6e5      	b.n	10008eb8 <_malloc_r+0x2ac>
100090ec:	4643      	mov	r3, r8
100090ee:	464a      	mov	r2, r9
100090f0:	601a      	str	r2, [r3, #0]
100090f2:	e69c      	b.n	10008e2e <_malloc_r+0x222>
100090f4:	464c      	mov	r4, r9
100090f6:	e6df      	b.n	10008eb8 <_malloc_r+0x2ac>
100090f8:	6048      	str	r0, [r1, #4]
100090fa:	e78d      	b.n	10009018 <_malloc_r+0x40c>
100090fc:	20aa      	movs	r0, #170	; 0xaa
100090fe:	0040      	lsls	r0, r0, #1
10009100:	4282      	cmp	r2, r0
10009102:	d824      	bhi.n	1000914e <_malloc_r+0x542>
10009104:	0bda      	lsrs	r2, r3, #15
10009106:	0010      	movs	r0, r2
10009108:	3278      	adds	r2, #120	; 0x78
1000910a:	3077      	adds	r0, #119	; 0x77
1000910c:	00d2      	lsls	r2, r2, #3
1000910e:	e6f8      	b.n	10008f02 <_malloc_r+0x2f6>
10009110:	4b1a      	ldr	r3, [pc, #104]	; (1000917c <_malloc_r+0x570>)
10009112:	4299      	cmp	r1, r3
10009114:	d824      	bhi.n	10009160 <_malloc_r+0x554>
10009116:	237c      	movs	r3, #124	; 0x7c
10009118:	4698      	mov	r8, r3
1000911a:	0ca9      	lsrs	r1, r5, #18
1000911c:	4488      	add	r8, r1
1000911e:	317d      	adds	r1, #125	; 0x7d
10009120:	00c8      	lsls	r0, r1, #3
10009122:	e5b9      	b.n	10008c98 <_malloc_r+0x8c>
10009124:	9a00      	ldr	r2, [sp, #0]
10009126:	9b01      	ldr	r3, [sp, #4]
10009128:	4694      	mov	ip, r2
1000912a:	464a      	mov	r2, r9
1000912c:	3b08      	subs	r3, #8
1000912e:	4463      	add	r3, ip
10009130:	1a9b      	subs	r3, r3, r2
10009132:	9300      	str	r3, [sp, #0]
10009134:	2300      	movs	r3, #0
10009136:	4698      	mov	r8, r3
10009138:	e69a      	b.n	10008e70 <_malloc_r+0x264>
1000913a:	0021      	movs	r1, r4
1000913c:	0030      	movs	r0, r6
1000913e:	3108      	adds	r1, #8
10009140:	f000 f91e 	bl	10009380 <_free_r>
10009144:	465b      	mov	r3, fp
10009146:	68bc      	ldr	r4, [r7, #8]
10009148:	681b      	ldr	r3, [r3, #0]
1000914a:	6862      	ldr	r2, [r4, #4]
1000914c:	e6b4      	b.n	10008eb8 <_malloc_r+0x2ac>
1000914e:	480b      	ldr	r0, [pc, #44]	; (1000917c <_malloc_r+0x570>)
10009150:	4282      	cmp	r2, r0
10009152:	d80b      	bhi.n	1000916c <_malloc_r+0x560>
10009154:	0c9a      	lsrs	r2, r3, #18
10009156:	0010      	movs	r0, r2
10009158:	327d      	adds	r2, #125	; 0x7d
1000915a:	307c      	adds	r0, #124	; 0x7c
1000915c:	00d2      	lsls	r2, r2, #3
1000915e:	e6d0      	b.n	10008f02 <_malloc_r+0x2f6>
10009160:	20fe      	movs	r0, #254	; 0xfe
10009162:	237e      	movs	r3, #126	; 0x7e
10009164:	217f      	movs	r1, #127	; 0x7f
10009166:	4698      	mov	r8, r3
10009168:	0080      	lsls	r0, r0, #2
1000916a:	e595      	b.n	10008c98 <_malloc_r+0x8c>
1000916c:	22fe      	movs	r2, #254	; 0xfe
1000916e:	207e      	movs	r0, #126	; 0x7e
10009170:	0092      	lsls	r2, r2, #2
10009172:	e6c6      	b.n	10008f02 <_malloc_r+0x2f6>
10009174:	687b      	ldr	r3, [r7, #4]
10009176:	e76a      	b.n	1000904e <_malloc_r+0x442>
10009178:	20000fd0 	.word	0x20000fd0
1000917c:	00000554 	.word	0x00000554

10009180 <__malloc_lock>:
10009180:	b510      	push	{r4, lr}
10009182:	4802      	ldr	r0, [pc, #8]	; (1000918c <__malloc_lock+0xc>)
10009184:	f000 f9e6 	bl	10009554 <__retarget_lock_acquire_recursive>
10009188:	bd10      	pop	{r4, pc}
1000918a:	46c0      	nop			; (mov r8, r8)
1000918c:	20000fcc 	.word	0x20000fcc

10009190 <__malloc_unlock>:
10009190:	b510      	push	{r4, lr}
10009192:	4802      	ldr	r0, [pc, #8]	; (1000919c <__malloc_unlock+0xc>)
10009194:	f000 f9e0 	bl	10009558 <__retarget_lock_release_recursive>
10009198:	bd10      	pop	{r4, pc}
1000919a:	46c0      	nop			; (mov r8, r8)
1000919c:	20000fcc 	.word	0x20000fcc

100091a0 <_sbrk_r>:
100091a0:	2300      	movs	r3, #0
100091a2:	b570      	push	{r4, r5, r6, lr}
100091a4:	4c06      	ldr	r4, [pc, #24]	; (100091c0 <_sbrk_r+0x20>)
100091a6:	0005      	movs	r5, r0
100091a8:	0008      	movs	r0, r1
100091aa:	6023      	str	r3, [r4, #0]
100091ac:	f7fa f8bc 	bl	10003328 <_sbrk>
100091b0:	1c43      	adds	r3, r0, #1
100091b2:	d000      	beq.n	100091b6 <_sbrk_r+0x16>
100091b4:	bd70      	pop	{r4, r5, r6, pc}
100091b6:	6823      	ldr	r3, [r4, #0]
100091b8:	2b00      	cmp	r3, #0
100091ba:	d0fb      	beq.n	100091b4 <_sbrk_r+0x14>
100091bc:	602b      	str	r3, [r5, #0]
100091be:	e7f9      	b.n	100091b4 <_sbrk_r+0x14>
100091c0:	200014d4 	.word	0x200014d4

100091c4 <strlen>:
100091c4:	b510      	push	{r4, lr}
100091c6:	0783      	lsls	r3, r0, #30
100091c8:	d00a      	beq.n	100091e0 <strlen+0x1c>
100091ca:	0003      	movs	r3, r0
100091cc:	2103      	movs	r1, #3
100091ce:	e002      	b.n	100091d6 <strlen+0x12>
100091d0:	3301      	adds	r3, #1
100091d2:	420b      	tst	r3, r1
100091d4:	d005      	beq.n	100091e2 <strlen+0x1e>
100091d6:	781a      	ldrb	r2, [r3, #0]
100091d8:	2a00      	cmp	r2, #0
100091da:	d1f9      	bne.n	100091d0 <strlen+0xc>
100091dc:	1a18      	subs	r0, r3, r0
100091de:	bd10      	pop	{r4, pc}
100091e0:	0003      	movs	r3, r0
100091e2:	6819      	ldr	r1, [r3, #0]
100091e4:	4a0c      	ldr	r2, [pc, #48]	; (10009218 <strlen+0x54>)
100091e6:	4c0d      	ldr	r4, [pc, #52]	; (1000921c <strlen+0x58>)
100091e8:	188a      	adds	r2, r1, r2
100091ea:	438a      	bics	r2, r1
100091ec:	4222      	tst	r2, r4
100091ee:	d10f      	bne.n	10009210 <strlen+0x4c>
100091f0:	6859      	ldr	r1, [r3, #4]
100091f2:	4a09      	ldr	r2, [pc, #36]	; (10009218 <strlen+0x54>)
100091f4:	3304      	adds	r3, #4
100091f6:	188a      	adds	r2, r1, r2
100091f8:	438a      	bics	r2, r1
100091fa:	4222      	tst	r2, r4
100091fc:	d108      	bne.n	10009210 <strlen+0x4c>
100091fe:	6859      	ldr	r1, [r3, #4]
10009200:	4a05      	ldr	r2, [pc, #20]	; (10009218 <strlen+0x54>)
10009202:	3304      	adds	r3, #4
10009204:	188a      	adds	r2, r1, r2
10009206:	438a      	bics	r2, r1
10009208:	4222      	tst	r2, r4
1000920a:	d0f1      	beq.n	100091f0 <strlen+0x2c>
1000920c:	e000      	b.n	10009210 <strlen+0x4c>
1000920e:	3301      	adds	r3, #1
10009210:	781a      	ldrb	r2, [r3, #0]
10009212:	2a00      	cmp	r2, #0
10009214:	d1fb      	bne.n	1000920e <strlen+0x4a>
10009216:	e7e1      	b.n	100091dc <strlen+0x18>
10009218:	fefefeff 	.word	0xfefefeff
1000921c:	80808080 	.word	0x80808080

10009220 <__register_exitproc>:
10009220:	b5f0      	push	{r4, r5, r6, r7, lr}
10009222:	46d6      	mov	lr, sl
10009224:	464f      	mov	r7, r9
10009226:	4646      	mov	r6, r8
10009228:	4698      	mov	r8, r3
1000922a:	4b26      	ldr	r3, [pc, #152]	; (100092c4 <__register_exitproc+0xa4>)
1000922c:	b5c0      	push	{r6, r7, lr}
1000922e:	0006      	movs	r6, r0
10009230:	6818      	ldr	r0, [r3, #0]
10009232:	4691      	mov	r9, r2
10009234:	469a      	mov	sl, r3
10009236:	000f      	movs	r7, r1
10009238:	f000 f98c 	bl	10009554 <__retarget_lock_acquire_recursive>
1000923c:	22a4      	movs	r2, #164	; 0xa4
1000923e:	4b22      	ldr	r3, [pc, #136]	; (100092c8 <__register_exitproc+0xa8>)
10009240:	0052      	lsls	r2, r2, #1
10009242:	681b      	ldr	r3, [r3, #0]
10009244:	589d      	ldr	r5, [r3, r2]
10009246:	2d00      	cmp	r5, #0
10009248:	d032      	beq.n	100092b0 <__register_exitproc+0x90>
1000924a:	4653      	mov	r3, sl
1000924c:	686c      	ldr	r4, [r5, #4]
1000924e:	6818      	ldr	r0, [r3, #0]
10009250:	2c1f      	cmp	r4, #31
10009252:	dc32      	bgt.n	100092ba <__register_exitproc+0x9a>
10009254:	2e00      	cmp	r6, #0
10009256:	d10c      	bne.n	10009272 <__register_exitproc+0x52>
10009258:	1c63      	adds	r3, r4, #1
1000925a:	3402      	adds	r4, #2
1000925c:	00a4      	lsls	r4, r4, #2
1000925e:	606b      	str	r3, [r5, #4]
10009260:	5167      	str	r7, [r4, r5]
10009262:	f000 f979 	bl	10009558 <__retarget_lock_release_recursive>
10009266:	2000      	movs	r0, #0
10009268:	bce0      	pop	{r5, r6, r7}
1000926a:	46ba      	mov	sl, r7
1000926c:	46b1      	mov	r9, r6
1000926e:	46a8      	mov	r8, r5
10009270:	bdf0      	pop	{r4, r5, r6, r7, pc}
10009272:	4649      	mov	r1, r9
10009274:	2288      	movs	r2, #136	; 0x88
10009276:	00a3      	lsls	r3, r4, #2
10009278:	18eb      	adds	r3, r5, r3
1000927a:	5099      	str	r1, [r3, r2]
1000927c:	21c4      	movs	r1, #196	; 0xc4
1000927e:	0049      	lsls	r1, r1, #1
10009280:	468c      	mov	ip, r1
10009282:	44ac      	add	ip, r5
10009284:	4661      	mov	r1, ip
10009286:	3a87      	subs	r2, #135	; 0x87
10009288:	40a2      	lsls	r2, r4
1000928a:	6809      	ldr	r1, [r1, #0]
1000928c:	4691      	mov	r9, r2
1000928e:	4311      	orrs	r1, r2
10009290:	4662      	mov	r2, ip
10009292:	6011      	str	r1, [r2, #0]
10009294:	2184      	movs	r1, #132	; 0x84
10009296:	4642      	mov	r2, r8
10009298:	0049      	lsls	r1, r1, #1
1000929a:	505a      	str	r2, [r3, r1]
1000929c:	2e02      	cmp	r6, #2
1000929e:	d1db      	bne.n	10009258 <__register_exitproc+0x38>
100092a0:	0029      	movs	r1, r5
100092a2:	464a      	mov	r2, r9
100092a4:	318d      	adds	r1, #141	; 0x8d
100092a6:	31ff      	adds	r1, #255	; 0xff
100092a8:	680b      	ldr	r3, [r1, #0]
100092aa:	4313      	orrs	r3, r2
100092ac:	600b      	str	r3, [r1, #0]
100092ae:	e7d3      	b.n	10009258 <__register_exitproc+0x38>
100092b0:	001d      	movs	r5, r3
100092b2:	354d      	adds	r5, #77	; 0x4d
100092b4:	35ff      	adds	r5, #255	; 0xff
100092b6:	509d      	str	r5, [r3, r2]
100092b8:	e7c7      	b.n	1000924a <__register_exitproc+0x2a>
100092ba:	f000 f94d 	bl	10009558 <__retarget_lock_release_recursive>
100092be:	2001      	movs	r0, #1
100092c0:	4240      	negs	r0, r0
100092c2:	e7d1      	b.n	10009268 <__register_exitproc+0x48>
100092c4:	20000b60 	.word	0x20000b60
100092c8:	10009d78 	.word	0x10009d78

100092cc <register_fini>:
100092cc:	4b03      	ldr	r3, [pc, #12]	; (100092dc <register_fini+0x10>)
100092ce:	b510      	push	{r4, lr}
100092d0:	2b00      	cmp	r3, #0
100092d2:	d002      	beq.n	100092da <register_fini+0xe>
100092d4:	4802      	ldr	r0, [pc, #8]	; (100092e0 <register_fini+0x14>)
100092d6:	f7ff fc69 	bl	10008bac <atexit>
100092da:	bd10      	pop	{r4, pc}
100092dc:	00000000 	.word	0x00000000
100092e0:	10008bbd 	.word	0x10008bbd

100092e4 <_malloc_trim_r>:
100092e4:	b5f8      	push	{r3, r4, r5, r6, r7, lr}
100092e6:	000c      	movs	r4, r1
100092e8:	0005      	movs	r5, r0
100092ea:	f7ff ff49 	bl	10009180 <__malloc_lock>
100092ee:	4f20      	ldr	r7, [pc, #128]	; (10009370 <_malloc_trim_r+0x8c>)
100092f0:	68bb      	ldr	r3, [r7, #8]
100092f2:	685e      	ldr	r6, [r3, #4]
100092f4:	2303      	movs	r3, #3
100092f6:	439e      	bics	r6, r3
100092f8:	4b1e      	ldr	r3, [pc, #120]	; (10009374 <_malloc_trim_r+0x90>)
100092fa:	1b34      	subs	r4, r6, r4
100092fc:	469c      	mov	ip, r3
100092fe:	4464      	add	r4, ip
10009300:	0b24      	lsrs	r4, r4, #12
10009302:	3c01      	subs	r4, #1
10009304:	3311      	adds	r3, #17
10009306:	0324      	lsls	r4, r4, #12
10009308:	429c      	cmp	r4, r3
1000930a:	db07      	blt.n	1000931c <_malloc_trim_r+0x38>
1000930c:	2100      	movs	r1, #0
1000930e:	0028      	movs	r0, r5
10009310:	f7ff ff46 	bl	100091a0 <_sbrk_r>
10009314:	68bb      	ldr	r3, [r7, #8]
10009316:	199b      	adds	r3, r3, r6
10009318:	4298      	cmp	r0, r3
1000931a:	d004      	beq.n	10009326 <_malloc_trim_r+0x42>
1000931c:	0028      	movs	r0, r5
1000931e:	f7ff ff37 	bl	10009190 <__malloc_unlock>
10009322:	2000      	movs	r0, #0
10009324:	bdf8      	pop	{r3, r4, r5, r6, r7, pc}
10009326:	0028      	movs	r0, r5
10009328:	4261      	negs	r1, r4
1000932a:	f7ff ff39 	bl	100091a0 <_sbrk_r>
1000932e:	3001      	adds	r0, #1
10009330:	d00d      	beq.n	1000934e <_malloc_trim_r+0x6a>
10009332:	2201      	movs	r2, #1
10009334:	1b36      	subs	r6, r6, r4
10009336:	68bb      	ldr	r3, [r7, #8]
10009338:	4316      	orrs	r6, r2
1000933a:	4a0f      	ldr	r2, [pc, #60]	; (10009378 <_malloc_trim_r+0x94>)
1000933c:	605e      	str	r6, [r3, #4]
1000933e:	6813      	ldr	r3, [r2, #0]
10009340:	0028      	movs	r0, r5
10009342:	1b1b      	subs	r3, r3, r4
10009344:	6013      	str	r3, [r2, #0]
10009346:	f7ff ff23 	bl	10009190 <__malloc_unlock>
1000934a:	2001      	movs	r0, #1
1000934c:	e7ea      	b.n	10009324 <_malloc_trim_r+0x40>
1000934e:	2100      	movs	r1, #0
10009350:	0028      	movs	r0, r5
10009352:	f7ff ff25 	bl	100091a0 <_sbrk_r>
10009356:	68ba      	ldr	r2, [r7, #8]
10009358:	1a83      	subs	r3, r0, r2
1000935a:	2b0f      	cmp	r3, #15
1000935c:	ddde      	ble.n	1000931c <_malloc_trim_r+0x38>
1000935e:	4c07      	ldr	r4, [pc, #28]	; (1000937c <_malloc_trim_r+0x98>)
10009360:	4905      	ldr	r1, [pc, #20]	; (10009378 <_malloc_trim_r+0x94>)
10009362:	6824      	ldr	r4, [r4, #0]
10009364:	1b00      	subs	r0, r0, r4
10009366:	6008      	str	r0, [r1, #0]
10009368:	2101      	movs	r1, #1
1000936a:	430b      	orrs	r3, r1
1000936c:	6053      	str	r3, [r2, #4]
1000936e:	e7d5      	b.n	1000931c <_malloc_trim_r+0x38>
10009370:	20000750 	.word	0x20000750
10009374:	00000fef 	.word	0x00000fef
10009378:	20000fd0 	.word	0x20000fd0
1000937c:	20000b58 	.word	0x20000b58

10009380 <_free_r>:
10009380:	b5f8      	push	{r3, r4, r5, r6, r7, lr}
10009382:	46ce      	mov	lr, r9
10009384:	4647      	mov	r7, r8
10009386:	0005      	movs	r5, r0
10009388:	000c      	movs	r4, r1
1000938a:	b580      	push	{r7, lr}
1000938c:	2900      	cmp	r1, #0
1000938e:	d059      	beq.n	10009444 <_free_r+0xc4>
10009390:	f7ff fef6 	bl	10009180 <__malloc_lock>
10009394:	0021      	movs	r1, r4
10009396:	3908      	subs	r1, #8
10009398:	6848      	ldr	r0, [r1, #4]
1000939a:	2301      	movs	r3, #1
1000939c:	0002      	movs	r2, r0
1000939e:	2403      	movs	r4, #3
100093a0:	439a      	bics	r2, r3
100093a2:	188f      	adds	r7, r1, r2
100093a4:	469c      	mov	ip, r3
100093a6:	4e66      	ldr	r6, [pc, #408]	; (10009540 <_free_r+0x1c0>)
100093a8:	687b      	ldr	r3, [r7, #4]
100093aa:	43a3      	bics	r3, r4
100093ac:	68b4      	ldr	r4, [r6, #8]
100093ae:	42bc      	cmp	r4, r7
100093b0:	d100      	bne.n	100093b4 <_free_r+0x34>
100093b2:	e072      	b.n	1000949a <_free_r+0x11a>
100093b4:	18fc      	adds	r4, r7, r3
100093b6:	46a1      	mov	r9, r4
100093b8:	4664      	mov	r4, ip
100093ba:	607b      	str	r3, [r7, #4]
100093bc:	4204      	tst	r4, r0
100093be:	d124      	bne.n	1000940a <_free_r+0x8a>
100093c0:	6808      	ldr	r0, [r1, #0]
100093c2:	1a09      	subs	r1, r1, r0
100093c4:	1812      	adds	r2, r2, r0
100093c6:	6888      	ldr	r0, [r1, #8]
100093c8:	4680      	mov	r8, r0
100093ca:	4648      	mov	r0, r9
100093cc:	6840      	ldr	r0, [r0, #4]
100093ce:	4020      	ands	r0, r4
100093d0:	0034      	movs	r4, r6
100093d2:	3408      	adds	r4, #8
100093d4:	4681      	mov	r9, r0
100093d6:	45a0      	cmp	r8, r4
100093d8:	d053      	beq.n	10009482 <_free_r+0x102>
100093da:	4640      	mov	r0, r8
100093dc:	68cc      	ldr	r4, [r1, #12]
100093de:	60c4      	str	r4, [r0, #12]
100093e0:	60a0      	str	r0, [r4, #8]
100093e2:	4648      	mov	r0, r9
100093e4:	2800      	cmp	r0, #0
100093e6:	d114      	bne.n	10009412 <_free_r+0x92>
100093e8:	18d2      	adds	r2, r2, r3
100093ea:	2301      	movs	r3, #1
100093ec:	188c      	adds	r4, r1, r2
100093ee:	46a4      	mov	ip, r4
100093f0:	68b8      	ldr	r0, [r7, #8]
100093f2:	4c54      	ldr	r4, [pc, #336]	; (10009544 <_free_r+0x1c4>)
100093f4:	4313      	orrs	r3, r2
100093f6:	42a0      	cmp	r0, r4
100093f8:	d100      	bne.n	100093fc <_free_r+0x7c>
100093fa:	e07d      	b.n	100094f8 <_free_r+0x178>
100093fc:	68fc      	ldr	r4, [r7, #12]
100093fe:	60c4      	str	r4, [r0, #12]
10009400:	60a0      	str	r0, [r4, #8]
10009402:	604b      	str	r3, [r1, #4]
10009404:	4663      	mov	r3, ip
10009406:	601a      	str	r2, [r3, #0]
10009408:	e007      	b.n	1000941a <_free_r+0x9a>
1000940a:	4648      	mov	r0, r9
1000940c:	6840      	ldr	r0, [r0, #4]
1000940e:	4220      	tst	r0, r4
10009410:	d0ea      	beq.n	100093e8 <_free_r+0x68>
10009412:	4663      	mov	r3, ip
10009414:	4313      	orrs	r3, r2
10009416:	604b      	str	r3, [r1, #4]
10009418:	603a      	str	r2, [r7, #0]
1000941a:	2380      	movs	r3, #128	; 0x80
1000941c:	009b      	lsls	r3, r3, #2
1000941e:	429a      	cmp	r2, r3
10009420:	d214      	bcs.n	1000944c <_free_r+0xcc>
10009422:	0950      	lsrs	r0, r2, #5
10009424:	08d3      	lsrs	r3, r2, #3
10009426:	2201      	movs	r2, #1
10009428:	4082      	lsls	r2, r0
1000942a:	6870      	ldr	r0, [r6, #4]
1000942c:	00db      	lsls	r3, r3, #3
1000942e:	199b      	adds	r3, r3, r6
10009430:	4302      	orrs	r2, r0
10009432:	6072      	str	r2, [r6, #4]
10009434:	689a      	ldr	r2, [r3, #8]
10009436:	60cb      	str	r3, [r1, #12]
10009438:	608a      	str	r2, [r1, #8]
1000943a:	6099      	str	r1, [r3, #8]
1000943c:	60d1      	str	r1, [r2, #12]
1000943e:	0028      	movs	r0, r5
10009440:	f7ff fea6 	bl	10009190 <__malloc_unlock>
10009444:	bcc0      	pop	{r6, r7}
10009446:	46b9      	mov	r9, r7
10009448:	46b0      	mov	r8, r6
1000944a:	bdf8      	pop	{r3, r4, r5, r6, r7, pc}
1000944c:	0a54      	lsrs	r4, r2, #9
1000944e:	2c04      	cmp	r4, #4
10009450:	d83c      	bhi.n	100094cc <_free_r+0x14c>
10009452:	0994      	lsrs	r4, r2, #6
10009454:	0020      	movs	r0, r4
10009456:	3439      	adds	r4, #57	; 0x39
10009458:	3038      	adds	r0, #56	; 0x38
1000945a:	00e4      	lsls	r4, r4, #3
1000945c:	1934      	adds	r4, r6, r4
1000945e:	6823      	ldr	r3, [r4, #0]
10009460:	3c08      	subs	r4, #8
10009462:	2703      	movs	r7, #3
10009464:	429c      	cmp	r4, r3
10009466:	d040      	beq.n	100094ea <_free_r+0x16a>
10009468:	6858      	ldr	r0, [r3, #4]
1000946a:	43b8      	bics	r0, r7
1000946c:	4290      	cmp	r0, r2
1000946e:	d902      	bls.n	10009476 <_free_r+0xf6>
10009470:	689b      	ldr	r3, [r3, #8]
10009472:	429c      	cmp	r4, r3
10009474:	d1f8      	bne.n	10009468 <_free_r+0xe8>
10009476:	68dc      	ldr	r4, [r3, #12]
10009478:	60cc      	str	r4, [r1, #12]
1000947a:	608b      	str	r3, [r1, #8]
1000947c:	60a1      	str	r1, [r4, #8]
1000947e:	60d9      	str	r1, [r3, #12]
10009480:	e7dd      	b.n	1000943e <_free_r+0xbe>
10009482:	2800      	cmp	r0, #0
10009484:	d157      	bne.n	10009536 <_free_r+0x1b6>
10009486:	68b8      	ldr	r0, [r7, #8]
10009488:	189a      	adds	r2, r3, r2
1000948a:	68fb      	ldr	r3, [r7, #12]
1000948c:	60c3      	str	r3, [r0, #12]
1000948e:	6098      	str	r0, [r3, #8]
10009490:	4663      	mov	r3, ip
10009492:	4313      	orrs	r3, r2
10009494:	604b      	str	r3, [r1, #4]
10009496:	508a      	str	r2, [r1, r2]
10009498:	e7d1      	b.n	1000943e <_free_r+0xbe>
1000949a:	18d3      	adds	r3, r2, r3
1000949c:	4662      	mov	r2, ip
1000949e:	4202      	tst	r2, r0
100094a0:	d106      	bne.n	100094b0 <_free_r+0x130>
100094a2:	680a      	ldr	r2, [r1, #0]
100094a4:	1a89      	subs	r1, r1, r2
100094a6:	6888      	ldr	r0, [r1, #8]
100094a8:	189b      	adds	r3, r3, r2
100094aa:	68ca      	ldr	r2, [r1, #12]
100094ac:	60c2      	str	r2, [r0, #12]
100094ae:	6090      	str	r0, [r2, #8]
100094b0:	2201      	movs	r2, #1
100094b2:	431a      	orrs	r2, r3
100094b4:	604a      	str	r2, [r1, #4]
100094b6:	4a24      	ldr	r2, [pc, #144]	; (10009548 <_free_r+0x1c8>)
100094b8:	60b1      	str	r1, [r6, #8]
100094ba:	6812      	ldr	r2, [r2, #0]
100094bc:	429a      	cmp	r2, r3
100094be:	d8be      	bhi.n	1000943e <_free_r+0xbe>
100094c0:	4b22      	ldr	r3, [pc, #136]	; (1000954c <_free_r+0x1cc>)
100094c2:	0028      	movs	r0, r5
100094c4:	6819      	ldr	r1, [r3, #0]
100094c6:	f7ff ff0d 	bl	100092e4 <_malloc_trim_r>
100094ca:	e7b8      	b.n	1000943e <_free_r+0xbe>
100094cc:	2c14      	cmp	r4, #20
100094ce:	d907      	bls.n	100094e0 <_free_r+0x160>
100094d0:	2c54      	cmp	r4, #84	; 0x54
100094d2:	d819      	bhi.n	10009508 <_free_r+0x188>
100094d4:	0b14      	lsrs	r4, r2, #12
100094d6:	0020      	movs	r0, r4
100094d8:	346f      	adds	r4, #111	; 0x6f
100094da:	306e      	adds	r0, #110	; 0x6e
100094dc:	00e4      	lsls	r4, r4, #3
100094de:	e7bd      	b.n	1000945c <_free_r+0xdc>
100094e0:	0020      	movs	r0, r4
100094e2:	345c      	adds	r4, #92	; 0x5c
100094e4:	305b      	adds	r0, #91	; 0x5b
100094e6:	00e4      	lsls	r4, r4, #3
100094e8:	e7b8      	b.n	1000945c <_free_r+0xdc>
100094ea:	2201      	movs	r2, #1
100094ec:	1080      	asrs	r0, r0, #2
100094ee:	4082      	lsls	r2, r0
100094f0:	6870      	ldr	r0, [r6, #4]
100094f2:	4302      	orrs	r2, r0
100094f4:	6072      	str	r2, [r6, #4]
100094f6:	e7bf      	b.n	10009478 <_free_r+0xf8>
100094f8:	60c1      	str	r1, [r0, #12]
100094fa:	6081      	str	r1, [r0, #8]
100094fc:	604b      	str	r3, [r1, #4]
100094fe:	4663      	mov	r3, ip
10009500:	60c8      	str	r0, [r1, #12]
10009502:	6088      	str	r0, [r1, #8]
10009504:	601a      	str	r2, [r3, #0]
10009506:	e79a      	b.n	1000943e <_free_r+0xbe>
10009508:	20aa      	movs	r0, #170	; 0xaa
1000950a:	0040      	lsls	r0, r0, #1
1000950c:	4284      	cmp	r4, r0
1000950e:	d805      	bhi.n	1000951c <_free_r+0x19c>
10009510:	0bd4      	lsrs	r4, r2, #15
10009512:	0020      	movs	r0, r4
10009514:	3478      	adds	r4, #120	; 0x78
10009516:	3077      	adds	r0, #119	; 0x77
10009518:	00e4      	lsls	r4, r4, #3
1000951a:	e79f      	b.n	1000945c <_free_r+0xdc>
1000951c:	480c      	ldr	r0, [pc, #48]	; (10009550 <_free_r+0x1d0>)
1000951e:	4284      	cmp	r4, r0
10009520:	d805      	bhi.n	1000952e <_free_r+0x1ae>
10009522:	0c94      	lsrs	r4, r2, #18
10009524:	0020      	movs	r0, r4
10009526:	347d      	adds	r4, #125	; 0x7d
10009528:	307c      	adds	r0, #124	; 0x7c
1000952a:	00e4      	lsls	r4, r4, #3
1000952c:	e796      	b.n	1000945c <_free_r+0xdc>
1000952e:	24fe      	movs	r4, #254	; 0xfe
10009530:	207e      	movs	r0, #126	; 0x7e
10009532:	00a4      	lsls	r4, r4, #2
10009534:	e792      	b.n	1000945c <_free_r+0xdc>
10009536:	4663      	mov	r3, ip
10009538:	4313      	orrs	r3, r2
1000953a:	604b      	str	r3, [r1, #4]
1000953c:	603a      	str	r2, [r7, #0]
1000953e:	e77e      	b.n	1000943e <_free_r+0xbe>
10009540:	20000750 	.word	0x20000750
10009544:	20000758 	.word	0x20000758
10009548:	20000b5c 	.word	0x20000b5c
1000954c:	20001000 	.word	0x20001000
10009550:	00000554 	.word	0x00000554

10009554 <__retarget_lock_acquire_recursive>:
10009554:	4770      	bx	lr
10009556:	46c0      	nop			; (mov r8, r8)

10009558 <__retarget_lock_release_recursive>:
10009558:	4770      	bx	lr
1000955a:	46c0      	nop			; (mov r8, r8)

1000955c <_fini>:
1000955c:	b5f8      	push	{r3, r4, r5, r6, r7, lr}
1000955e:	46c0      	nop			; (mov r8, r8)

10009560 <__mutex_exit_veneer>:
10009560:	b401      	push	{r0}
10009562:	4802      	ldr	r0, [pc, #8]	; (1000956c <__mutex_exit_veneer+0xc>)
10009564:	4684      	mov	ip, r0
10009566:	bc01      	pop	{r0}
10009568:	4760      	bx	ip
1000956a:	bf00      	nop
1000956c:	200001dd 	.word	0x200001dd

10009570 <____aeabi_ldiv0_veneer>:
10009570:	b401      	push	{r0}
10009572:	4802      	ldr	r0, [pc, #8]	; (1000957c <____aeabi_ldiv0_veneer+0xc>)
10009574:	4684      	mov	ip, r0
10009576:	bc01      	pop	{r0}
10009578:	4760      	bx	ip
1000957a:	bf00      	nop
1000957c:	20000205 	.word	0x20000205

10009580 <____aeabi_idiv0_veneer>:
10009580:	b401      	push	{r0}
10009582:	4802      	ldr	r0, [pc, #8]	; (1000958c <____aeabi_idiv0_veneer+0xc>)
10009584:	4684      	mov	ip, r0
10009586:	bc01      	pop	{r0}
10009588:	4760      	bx	ip
1000958a:	bf00      	nop
1000958c:	20000205 	.word	0x20000205

10009590 <__mutex_try_enter_veneer>:
10009590:	b401      	push	{r0}
10009592:	4802      	ldr	r0, [pc, #8]	; (1000959c <__mutex_try_enter_veneer+0xc>)
10009594:	4684      	mov	ip, r0
10009596:	bc01      	pop	{r0}
10009598:	4760      	bx	ip
1000959a:	bf00      	nop
1000959c:	2000010d 	.word	0x2000010d

100095a0 <__mutex_enter_timeout_ms_veneer>:
100095a0:	b401      	push	{r0}
100095a2:	4802      	ldr	r0, [pc, #8]	; (100095ac <__mutex_enter_timeout_ms_veneer+0xc>)
100095a4:	4684      	mov	ip, r0
100095a6:	bc01      	pop	{r0}
100095a8:	4760      	bx	ip
100095aa:	bf00      	nop
100095ac:	2000014d 	.word	0x2000014d

100095b0 <__mutex_enter_blocking_veneer>:
100095b0:	b401      	push	{r0}
100095b2:	4802      	ldr	r0, [pc, #8]	; (100095bc <__mutex_enter_blocking_veneer+0xc>)
100095b4:	4684      	mov	ip, r0
100095b6:	bc01      	pop	{r0}
100095b8:	4760      	bx	ip
100095ba:	bf00      	nop
100095bc:	200000c1 	.word	0x200000c1

Disassembly of section .data:

200000c0 <mutex_enter_blocking>:
200000c0:	b510      	push	{r4, lr}
200000c2:	6802      	ldr	r2, [r0, #0]
200000c4:	2400      	movs	r4, #0
200000c6:	f3ef 8110 	mrs	r1, PRIMASK
200000ca:	b672      	cpsid	i
200000cc:	6813      	ldr	r3, [r2, #0]
200000ce:	2b00      	cmp	r3, #0
200000d0:	d0fc      	beq.n	200000cc <mutex_enter_blocking+0xc>
200000d2:	f3bf 8f5f 	dmb	sy
200000d6:	7903      	ldrb	r3, [r0, #4]
200000d8:	2b7f      	cmp	r3, #127	; 0x7f
200000da:	d80b      	bhi.n	200000f4 <mutex_enter_blocking+0x34>
200000dc:	6803      	ldr	r3, [r0, #0]
200000de:	f3bf 8f5f 	dmb	sy
200000e2:	601c      	str	r4, [r3, #0]
200000e4:	f381 8810 	msr	PRIMASK, r1
200000e8:	bf20      	wfe
200000ea:	6802      	ldr	r2, [r0, #0]
200000ec:	f3ef 8110 	mrs	r1, PRIMASK
200000f0:	b672      	cpsid	i
200000f2:	e7eb      	b.n	200000cc <mutex_enter_blocking+0xc>
200000f4:	23d0      	movs	r3, #208	; 0xd0
200000f6:	061b      	lsls	r3, r3, #24
200000f8:	681b      	ldr	r3, [r3, #0]
200000fa:	7103      	strb	r3, [r0, #4]
200000fc:	6803      	ldr	r3, [r0, #0]
200000fe:	f3bf 8f5f 	dmb	sy
20000102:	2200      	movs	r2, #0
20000104:	601a      	str	r2, [r3, #0]
20000106:	f381 8810 	msr	PRIMASK, r1
2000010a:	bd10      	pop	{r4, pc}

2000010c <mutex_try_enter>:
2000010c:	0003      	movs	r3, r0
2000010e:	6800      	ldr	r0, [r0, #0]
20000110:	f3ef 8c10 	mrs	ip, PRIMASK
20000114:	b672      	cpsid	i
20000116:	6802      	ldr	r2, [r0, #0]
20000118:	2a00      	cmp	r2, #0
2000011a:	d0fc      	beq.n	20000116 <mutex_try_enter+0xa>
2000011c:	f3bf 8f5f 	dmb	sy
20000120:	2204      	movs	r2, #4
20000122:	569a      	ldrsb	r2, [r3, r2]
20000124:	2a00      	cmp	r2, #0
20000126:	db04      	blt.n	20000132 <mutex_try_enter+0x26>
20000128:	2900      	cmp	r1, #0
2000012a:	d000      	beq.n	2000012e <mutex_try_enter+0x22>
2000012c:	600a      	str	r2, [r1, #0]
2000012e:	2000      	movs	r0, #0
20000130:	e004      	b.n	2000013c <mutex_try_enter+0x30>
20000132:	22d0      	movs	r2, #208	; 0xd0
20000134:	2001      	movs	r0, #1
20000136:	0612      	lsls	r2, r2, #24
20000138:	6812      	ldr	r2, [r2, #0]
2000013a:	711a      	strb	r2, [r3, #4]
2000013c:	681b      	ldr	r3, [r3, #0]
2000013e:	f3bf 8f5f 	dmb	sy
20000142:	2200      	movs	r2, #0
20000144:	601a      	str	r2, [r3, #0]
20000146:	f38c 8810 	msr	PRIMASK, ip
2000014a:	4770      	bx	lr

2000014c <mutex_enter_timeout_ms>:
2000014c:	b5f0      	push	{r4, r5, r6, r7, lr}
2000014e:	b083      	sub	sp, #12
20000150:	000c      	movs	r4, r1
20000152:	0007      	movs	r7, r0
20000154:	f000 f858 	bl	20000208 <__time_us_64_veneer>
20000158:	22fa      	movs	r2, #250	; 0xfa
2000015a:	2300      	movs	r3, #0
2000015c:	9000      	str	r0, [sp, #0]
2000015e:	9101      	str	r1, [sp, #4]
20000160:	0020      	movs	r0, r4
20000162:	0092      	lsls	r2, r2, #2
20000164:	2100      	movs	r1, #0
20000166:	f000 f857 	bl	20000218 <____wrap___aeabi_lmul_veneer>
2000016a:	9a00      	ldr	r2, [sp, #0]
2000016c:	9b01      	ldr	r3, [sp, #4]
2000016e:	0014      	movs	r4, r2
20000170:	001d      	movs	r5, r3
20000172:	1824      	adds	r4, r4, r0
20000174:	414d      	adcs	r5, r1
20000176:	42ab      	cmp	r3, r5
20000178:	d82c      	bhi.n	200001d4 <mutex_enter_timeout_ms+0x88>
2000017a:	d028      	beq.n	200001ce <mutex_enter_timeout_ms+0x82>
2000017c:	2600      	movs	r6, #0
2000017e:	683a      	ldr	r2, [r7, #0]
20000180:	f3ef 8110 	mrs	r1, PRIMASK
20000184:	b672      	cpsid	i
20000186:	6813      	ldr	r3, [r2, #0]
20000188:	2b00      	cmp	r3, #0
2000018a:	d0fc      	beq.n	20000186 <mutex_enter_timeout_ms+0x3a>
2000018c:	f3bf 8f5f 	dmb	sy
20000190:	793b      	ldrb	r3, [r7, #4]
20000192:	2b7f      	cmp	r3, #127	; 0x7f
20000194:	d80d      	bhi.n	200001b2 <mutex_enter_timeout_ms+0x66>
20000196:	683b      	ldr	r3, [r7, #0]
20000198:	f3bf 8f5f 	dmb	sy
2000019c:	601e      	str	r6, [r3, #0]
2000019e:	f381 8810 	msr	PRIMASK, r1
200001a2:	0020      	movs	r0, r4
200001a4:	0029      	movs	r1, r5
200001a6:	f000 f83f 	bl	20000228 <__best_effort_wfe_or_timeout_veneer>
200001aa:	2800      	cmp	r0, #0
200001ac:	d0e7      	beq.n	2000017e <mutex_enter_timeout_ms+0x32>
200001ae:	2000      	movs	r0, #0
200001b0:	e00b      	b.n	200001ca <mutex_enter_timeout_ms+0x7e>
200001b2:	23d0      	movs	r3, #208	; 0xd0
200001b4:	061b      	lsls	r3, r3, #24
200001b6:	681b      	ldr	r3, [r3, #0]
200001b8:	713b      	strb	r3, [r7, #4]
200001ba:	683b      	ldr	r3, [r7, #0]
200001bc:	f3bf 8f5f 	dmb	sy
200001c0:	2200      	movs	r2, #0
200001c2:	601a      	str	r2, [r3, #0]
200001c4:	f381 8810 	msr	PRIMASK, r1
200001c8:	2001      	movs	r0, #1
200001ca:	b003      	add	sp, #12
200001cc:	bdf0      	pop	{r4, r5, r6, r7, pc}
200001ce:	9b00      	ldr	r3, [sp, #0]
200001d0:	42a3      	cmp	r3, r4
200001d2:	d9d3      	bls.n	2000017c <mutex_enter_timeout_ms+0x30>
200001d4:	2401      	movs	r4, #1
200001d6:	4264      	negs	r4, r4
200001d8:	17e5      	asrs	r5, r4, #31
200001da:	e7cf      	b.n	2000017c <mutex_enter_timeout_ms+0x30>

200001dc <mutex_exit>:
200001dc:	6802      	ldr	r2, [r0, #0]
200001de:	f3ef 8110 	mrs	r1, PRIMASK
200001e2:	b672      	cpsid	i
200001e4:	6813      	ldr	r3, [r2, #0]
200001e6:	2b00      	cmp	r3, #0
200001e8:	d0fc      	beq.n	200001e4 <mutex_exit+0x8>
200001ea:	f3bf 8f5f 	dmb	sy
200001ee:	23ff      	movs	r3, #255	; 0xff
200001f0:	7103      	strb	r3, [r0, #4]
200001f2:	bf40      	sev
200001f4:	6803      	ldr	r3, [r0, #0]
200001f6:	f3bf 8f5f 	dmb	sy
200001fa:	2200      	movs	r2, #0
200001fc:	601a      	str	r2, [r3, #0]
200001fe:	f381 8810 	msr	PRIMASK, r1
20000202:	4770      	bx	lr

20000204 <__aeabi_idiv0>:
20000204:	4770      	bx	lr
20000206:	46c0      	nop			; (mov r8, r8)

20000208 <__time_us_64_veneer>:
20000208:	b401      	push	{r0}
2000020a:	4802      	ldr	r0, [pc, #8]	; (20000214 <__time_us_64_veneer+0xc>)
2000020c:	4684      	mov	ip, r0
2000020e:	bc01      	pop	{r0}
20000210:	4760      	bx	ip
20000212:	bf00      	nop
20000214:	10002c2d 	.word	0x10002c2d

20000218 <____wrap___aeabi_lmul_veneer>:
20000218:	b401      	push	{r0}
2000021a:	4802      	ldr	r0, [pc, #8]	; (20000224 <____wrap___aeabi_lmul_veneer+0xc>)
2000021c:	4684      	mov	ip, r0
2000021e:	bc01      	pop	{r0}
20000220:	4760      	bx	ip
20000222:	bf00      	nop
20000224:	1000601d 	.word	0x1000601d

20000228 <__best_effort_wfe_or_timeout_veneer>:
20000228:	b401      	push	{r0}
2000022a:	4802      	ldr	r0, [pc, #8]	; (20000234 <__best_effort_wfe_or_timeout_veneer+0xc>)
2000022c:	4684      	mov	ip, r0
2000022e:	bc01      	pop	{r0}
20000230:	4760      	bx	ip
20000232:	bf00      	nop
20000234:	10002aad 	.word	0x10002aad

20000238 <striped_spin_lock_num>:
20000238:	00000010                                ....

2000023c <default_alarm_pool>:
2000023c:	20000254 00000000 20000cb8 20001460     T.. ....... `.. 
	...

20000254 <default_alarm_pool_heap>:
20000254:	20001470 00000000 00000000 00000010     p.. ............

20000264 <irq_handler_chain_slots>:
20000264:	00000000 	.word	0x00000000
20000268:	00010000 	.word	0x00010000
	...
20000274:	00020000 	.word	0x00020000
	...
20000280:	00030000 	.word	0x00030000
	...
2000028c:	00ff0000 	.word	0x00ff0000
20000290:	00000000 	.word	0x00000000

20000294 <irq_handler_chain_first_slot>:
20000294:	b500      	push	{lr}
20000296:	6848      	ldr	r0, [r1, #4]
20000298:	3101      	adds	r1, #1
2000029a:	468e      	mov	lr, r1
2000029c:	4700      	bx	r0

2000029e <irq_handler_chain_remove_tail>:
2000029e:	4670      	mov	r0, lr
200002a0:	3809      	subs	r0, #9
200002a2:	4901      	ldr	r1, [pc, #4]	; (200002a8 <irq_handler_chain_remove_tail+0xa>)
200002a4:	4788      	blx	r1
200002a6:	bd00      	pop	{pc}
200002a8:	10003a99 	.word	0x10003a99
200002ac:	00000000 	.word	0x00000000

200002b0 <aeabi_bits_funcs>:
200002b0:	00003350 	.word	0x00003350
200002b4:	0000334c 	.word	0x0000334c
200002b8:	00003354 	.word	0x00003354
200002bc:	00003352 	.word	0x00003352

200002c0 <aeabi_bits_funcs_end>:
200002c0:	0000534d 	.word	0x0000534d
200002c4:	0000434d 	.word	0x0000434d
200002c8:	00003453 	.word	0x00003453
200002cc:	00003443 	.word	0x00003443

200002d0 <stdio_uart>:
200002d0:	10006611 00000000 1000665d 00000000     .f......]f......
200002e0:	00000100                                ....

200002e4 <stdio_usb>:
200002e4:	10006821 00000000 100067b9 00000000     !h.......g......
200002f4:	00000100                                ....

200002f8 <ep_dir_string>:
200002f8:	10009abc 10009a9c                       ........

20000300 <_usbd_qdef>:
20000300:	2000137c 000c0010 00000000 00000000     |.. ............
	...

20000320 <_impure_ptr>:
20000320:	20000328 00000000                       (.. ....

20000328 <impure_data>:
20000328:	00000000 20000614 2000067c 200006e4     ....... |.. ... 
	...
200003d0:	00000001 00000000 abcd330e e66d1234     .........3..4.m.
200003e0:	0005deec 0000000b 00000000 00000000     ................
	...

20000750 <__malloc_av_>:
	...
20000758:	20000750 20000750 20000758 20000758     P.. P.. X.. X.. 
20000768:	20000760 20000760 20000768 20000768     `.. `.. h.. h.. 
20000778:	20000770 20000770 20000778 20000778     p.. p.. x.. x.. 
20000788:	20000780 20000780 20000788 20000788     ... ... ... ... 
20000798:	20000790 20000790 20000798 20000798     ... ... ... ... 
200007a8:	200007a0 200007a0 200007a8 200007a8     ... ... ... ... 
200007b8:	200007b0 200007b0 200007b8 200007b8     ... ... ... ... 
200007c8:	200007c0 200007c0 200007c8 200007c8     ... ... ... ... 
200007d8:	200007d0 200007d0 200007d8 200007d8     ... ... ... ... 
200007e8:	200007e0 200007e0 200007e8 200007e8     ... ... ... ... 
200007f8:	200007f0 200007f0 200007f8 200007f8     ... ... ... ... 
20000808:	20000800 20000800 20000808 20000808     ... ... ... ... 
20000818:	20000810 20000810 20000818 20000818     ... ... ... ... 
20000828:	20000820 20000820 20000828 20000828      ..  .. (.. (.. 
20000838:	20000830 20000830 20000838 20000838     0.. 0.. 8.. 8.. 
20000848:	20000840 20000840 20000848 20000848     @.. @.. H.. H.. 
20000858:	20000850 20000850 20000858 20000858     P.. P.. X.. X.. 
20000868:	20000860 20000860 20000868 20000868     `.. `.. h.. h.. 
20000878:	20000870 20000870 20000878 20000878     p.. p.. x.. x.. 
20000888:	20000880 20000880 20000888 20000888     ... ... ... ... 
20000898:	20000890 20000890 20000898 20000898     ... ... ... ... 
200008a8:	200008a0 200008a0 200008a8 200008a8     ... ... ... ... 
200008b8:	200008b0 200008b0 200008b8 200008b8     ... ... ... ... 
200008c8:	200008c0 200008c0 200008c8 200008c8     ... ... ... ... 
200008d8:	200008d0 200008d0 200008d8 200008d8     ... ... ... ... 
200008e8:	200008e0 200008e0 200008e8 200008e8     ... ... ... ... 
200008f8:	200008f0 200008f0 200008f8 200008f8     ... ... ... ... 
20000908:	20000900 20000900 20000908 20000908     ... ... ... ... 
20000918:	20000910 20000910 20000918 20000918     ... ... ... ... 
20000928:	20000920 20000920 20000928 20000928      ..  .. (.. (.. 
20000938:	20000930 20000930 20000938 20000938     0.. 0.. 8.. 8.. 
20000948:	20000940 20000940 20000948 20000948     @.. @.. H.. H.. 
20000958:	20000950 20000950 20000958 20000958     P.. P.. X.. X.. 
20000968:	20000960 20000960 20000968 20000968     `.. `.. h.. h.. 
20000978:	20000970 20000970 20000978 20000978     p.. p.. x.. x.. 
20000988:	20000980 20000980 20000988 20000988     ... ... ... ... 
20000998:	20000990 20000990 20000998 20000998     ... ... ... ... 
200009a8:	200009a0 200009a0 200009a8 200009a8     ... ... ... ... 
200009b8:	200009b0 200009b0 200009b8 200009b8     ... ... ... ... 
200009c8:	200009c0 200009c0 200009c8 200009c8     ... ... ... ... 
200009d8:	200009d0 200009d0 200009d8 200009d8     ... ... ... ... 
200009e8:	200009e0 200009e0 200009e8 200009e8     ... ... ... ... 
200009f8:	200009f0 200009f0 200009f8 200009f8     ... ... ... ... 
20000a08:	20000a00 20000a00 20000a08 20000a08     ... ... ... ... 
20000a18:	20000a10 20000a10 20000a18 20000a18     ... ... ... ... 
20000a28:	20000a20 20000a20 20000a28 20000a28      ..  .. (.. (.. 
20000a38:	20000a30 20000a30 20000a38 20000a38     0.. 0.. 8.. 8.. 
20000a48:	20000a40 20000a40 20000a48 20000a48     @.. @.. H.. H.. 
20000a58:	20000a50 20000a50 20000a58 20000a58     P.. P.. X.. X.. 
20000a68:	20000a60 20000a60 20000a68 20000a68     `.. `.. h.. h.. 
20000a78:	20000a70 20000a70 20000a78 20000a78     p.. p.. x.. x.. 
20000a88:	20000a80 20000a80 20000a88 20000a88     ... ... ... ... 
20000a98:	20000a90 20000a90 20000a98 20000a98     ... ... ... ... 
20000aa8:	20000aa0 20000aa0 20000aa8 20000aa8     ... ... ... ... 
20000ab8:	20000ab0 20000ab0 20000ab8 20000ab8     ... ... ... ... 
20000ac8:	20000ac0 20000ac0 20000ac8 20000ac8     ... ... ... ... 
20000ad8:	20000ad0 20000ad0 20000ad8 20000ad8     ... ... ... ... 
20000ae8:	20000ae0 20000ae0 20000ae8 20000ae8     ... ... ... ... 
20000af8:	20000af0 20000af0 20000af8 20000af8     ... ... ... ... 
20000b08:	20000b00 20000b00 20000b08 20000b08     ... ... ... ... 
20000b18:	20000b10 20000b10 20000b18 20000b18     ... ... ... ... 
20000b28:	20000b20 20000b20 20000b28 20000b28      ..  .. (.. (.. 
20000b38:	20000b30 20000b30 20000b38 20000b38     0.. 0.. 8.. 8.. 
20000b48:	20000b40 20000b40 20000b48 20000b48     @.. @.. H.. H.. 

20000b58 <__malloc_sbrk_base>:
20000b58:	ffffffff                                ....

20000b5c <__malloc_trim_threshold>:
20000b5c:	00020000                                ....

20000b60 <__atexit_recursive_mutex>:
20000b60:	20000fc8                                ... 

20000b64 <malloc_mutex>:
	...

20000b6c <print_mutex>:
	...

20000b74 <__mutex_array_end>:
20000b74:	100061cd 	.word	0x100061cd
20000b78:	100052d1 	.word	0x100052d1
20000b7c:	100059bd 	.word	0x100059bd
20000b80:	100060b1 	.word	0x100060b1

20000b84 <__init_array_start>:
20000b84:	100092cd 	.word	0x100092cd

20000b88 <__frame_dummy_init_array_entry>:
20000b88:	100002c5                                ....
