10-20  2:09:10 am BST Network is UP. Just exit the program.
10-20  2:11:01 am BST Network is UP. Just exit the program.
10-20  2:12:01 am BST Network is UP. Just exit the program.
10-20  2:13:01 am BST Network is UP. Just exit the program.
10-20  2:14:01 am BST Network is UP. Just exit the program.
10-20  2:15:01 am BST Network is UP. Just exit the program.
10-20  2:16:01 am BST Network is UP. Just exit the program.
10-20  2:17:01 am BST Network is UP. Just exit the program.
10-20  2:18:01 am BST Network is UP. Just exit the program.
10-20  2:19:01 am BST Network is UP. Just exit the program.
10-20  2:20:01 am BST Network is UP. Just exit the program.
10-20  2:21:01 am BST Network is UP. Just exit the program.
10-20  2:22:01 am BST Network is UP. Just exit the program.
10-20  2:23:01 am BST Network is UP. Just exit the program.
10-20  2:24:01 am BST Network is UP. Just exit the program.
10-20  2:25:01 am BST Network is UP. Just exit the program.
10-20  2:26:01 am BST Network is UP. Just exit the program.
10-20  2:27:01 am BST Network is UP. Just exit the program.
10-20  2:28:01 am BST Network is UP. Just exit the program.
10-20  2:29:01 am BST Network is UP. Just exit the program.
10-20  2:30:01 am BST Network is UP. Just exit the program.
10-20  2:31:01 am BST Network is UP. Just exit the program.
10-20  2:32:01 am BST Network is UP. Just exit the program.
10-20  2:33:01 am BST Network is UP. Just exit the program.
10-20  2:34:01 am BST Network is UP. Just exit the program.
10-20  2:35:01 am BST Network is UP. Just exit the program.
10-20  2:36:01 am BST Network is UP. Just exit the program.
10-20  2:37:01 am BST Network is UP. Just exit the program.
10-20  2:38:01 am BST Network is UP. Just exit the program.
10-20  2:39:01 am BST Network is UP. Just exit the program.
10-20  2:40:01 am BST Network is UP. Just exit the program.
10-20  2:41:01 am BST Network is UP. Just exit the program.
10-20  2:42:01 am BST Network is UP. Just exit the program.
10-20  2:43:01 am BST Network is UP. Just exit the program.
10-20  2:44:01 am BST Network is UP. Just exit the program.
10-20  2:45:01 am BST Network is UP. Just exit the program.
10-20  2:46:01 am BST Network is UP. Just exit the program.
10-20  2:47:01 am BST Network is UP. Just exit the program.
10-20  2:48:01 am BST Network is UP. Just exit the program.
10-20  2:49:01 am BST Network is UP. Just exit the program.
10-20  2:50:01 am BST Network is UP. Just exit the program.
10-20  2:51:01 am BST Network is UP. Just exit the program.
10-20  2:52:01 am BST Network is UP. Just exit the program.
10-20  2:53:01 am BST Network is UP. Just exit the program.
10-20  2:54:01 am BST Network is UP. Just exit the program.
10-20  2:55:01 am BST Network is UP. Just exit the program.
10-20  2:56:01 am BST Network is UP. Just exit the program.
10-20  2:57:01 am BST Network is UP. Just exit the program.
10-20  2:58:01 am BST Network is UP. Just exit the program.
10-20  2:59:01 am BST Network is UP. Just exit the program.
10-20  3:00:01 am BST Network is UP. Just exit the program.
10-20  3:01:01 am BST Network is UP. Just exit the program.
10-20  3:02:01 am BST Network is UP. Just exit the program.
10-20  3:03:01 am BST Network is UP. Just exit the program.
10-20  3:04:01 am BST Network is UP. Just exit the program.
10-20  3:05:01 am BST Network is UP. Just exit the program.
10-20  3:06:01 am BST Network is UP. Just exit the program.
10-20  3:07:01 am BST Network is UP. Just exit the program.
10-20  3:08:01 am BST Network is UP. Just exit the program.
10-20  3:09:01 am BST Network is UP. Just exit the program.
10-20  3:10:01 am BST Network is UP. Just exit the program.
10-20  3:11:01 am BST Network is UP. Just exit the program.
10-20  3:12:01 am BST Network is UP. Just exit the program.
10-20  3:13:01 am BST Network is UP. Just exit the program.
10-20  3:14:01 am BST Network is UP. Just exit the program.
10-20  3:15:01 am BST Network is UP. Just exit the program.
10-20  3:16:01 am BST Network is UP. Just exit the program.
10-20  3:17:02 am BST Network is UP. Just exit the program.
10-20  3:18:01 am BST Network is UP. Just exit the program.
10-20  3:19:01 am BST Network is UP. Just exit the program.
10-20  3:20:01 am BST Network is UP. Just exit the program.
10-20  3:21:01 am BST Network is UP. Just exit the program.
10-20  3:22:01 am BST Network is UP. Just exit the program.
10-20  3:23:01 am BST Network is UP. Just exit the program.
10-20  3:24:01 am BST Network is UP. Just exit the program.
10-20  3:25:01 am BST Network is UP. Just exit the program.
10-20  3:26:01 am BST Network is UP. Just exit the program.
10-20  3:27:01 am BST Network is UP. Just exit the program.
10-20  3:28:02 am BST Network is UP. Just exit the program.
10-20  3:29:01 am BST Network is UP. Just exit the program.
10-20  3:30:01 am BST Network is UP. Just exit the program.
10-20  3:31:01 am BST Network is UP. Just exit the program.
10-20  3:32:01 am BST Network is UP. Just exit the program.
10-20  3:33:01 am BST Network is UP. Just exit the program.
10-20  3:34:01 am BST Network is UP. Just exit the program.
10-20  3:35:01 am BST Network is UP. Just exit the program.
10-20  3:36:01 am BST Network is UP. Just exit the program.
10-20  3:37:01 am BST Network is UP. Just exit the program.
10-20  3:38:02 am BST Network is UP. Just exit the program.
10-20  3:39:01 am BST Network is UP. Just exit the program.
10-20  3:40:01 am BST Network is UP. Just exit the program.
10-20  3:41:01 am BST Network is UP. Just exit the program.
10-20  3:42:01 am BST Network is UP. Just exit the program.
10-20  3:43:01 am BST Network is UP. Just exit the program.
10-20  3:44:01 am BST Network is UP. Just exit the program.
10-20  3:45:01 am BST Network is UP. Just exit the program.
10-20  3:46:01 am BST Network is UP. Just exit the program.
10-20  3:47:01 am BST Network is UP. Just exit the program.
10-20  3:48:01 am BST Network is UP. Just exit the program.
10-20  3:49:01 am BST Network is UP. Just exit the program.
10-20  3:50:01 am BST Network is UP. Just exit the program.
10-20  3:51:01 am BST Network is UP. Just exit the program.
10-20  3:52:01 am BST Network is UP. Just exit the program.
10-20  3:53:01 am BST Network is UP. Just exit the program.
10-20  3:54:01 am BST Network is UP. Just exit the program.
10-20  3:55:01 am BST Network is UP. Just exit the program.
10-20  3:56:01 am BST Network is UP. Just exit the program.
10-20  3:57:01 am BST Network is UP. Just exit the program.
10-20  3:58:01 am BST Network is UP. Just exit the program.
10-20  3:59:02 am BST Network is UP. Just exit the program.
10-20  4:00:01 am BST Network is UP. Just exit the program.
10-20  4:01:01 am BST Network is UP. Just exit the program.
10-20  4:02:01 am BST Network is UP. Just exit the program.
10-20  4:03:01 am BST Network is UP. Just exit the program.
10-20  4:04:01 am BST Network is UP. Just exit the program.
10-20  4:05:01 am BST Network is UP. Just exit the program.
10-20  4:06:01 am BST Network is UP. Just exit the program.
10-20  4:07:01 am BST Network is UP. Just exit the program.
10-20  4:08:01 am BST Network is UP. Just exit the program.
10-20  4:09:01 am BST Network is UP. Just exit the program.
10-20  4:10:01 am BST Network is UP. Just exit the program.
10-20  4:11:01 am BST Network is UP. Just exit the program.
10-20  4:12:01 am BST Network is UP. Just exit the program.
10-20  4:13:01 am BST Network is UP. Just exit the program.
10-20  4:14:01 am BST Network is UP. Just exit the program.
10-20  4:15:01 am BST Network is UP. Just exit the program.
10-20  4:16:01 am BST Network is UP. Just exit the program.
10-20  4:17:01 am BST Network is UP. Just exit the program.
10-20  4:18:01 am BST Network is UP. Just exit the program.
10-20  4:19:01 am BST Network is UP. Just exit the program.
10-20  4:20:02 am BST Network is UP. Just exit the program.
10-20  4:21:01 am BST Network is UP. Just exit the program.
10-20  4:22:01 am BST Network is UP. Just exit the program.
10-20  4:23:01 am BST Network is UP. Just exit the program.
10-20  4:24:01 am BST Network is UP. Just exit the program.
10-20  4:25:01 am BST Network is UP. Just exit the program.
10-20  4:26:01 am BST Network is UP. Just exit the program.
10-20  4:27:01 am BST Network is UP. Just exit the program.
10-20  4:28:01 am BST Network is UP. Just exit the program.
10-20  4:29:01 am BST Network is UP. Just exit the program.
10-20  4:30:01 am BST Network is UP. Just exit the program.
10-20  4:31:01 am BST Network is UP. Just exit the program.
10-20  4:32:01 am BST Network is UP. Just exit the program.
10-20  4:33:01 am BST Network is UP. Just exit the program.
10-20  4:34:01 am BST Network is UP. Just exit the program.
10-20  4:35:01 am BST Network is UP. Just exit the program.
10-20  4:36:01 am BST Network is UP. Just exit the program.
10-20  4:37:01 am BST Network is UP. Just exit the program.
10-20  4:38:01 am BST Network is UP. Just exit the program.
10-20  4:39:01 am BST Network is UP. Just exit the program.
10-20  4:40:02 am BST Network is UP. Just exit the program.
10-20  4:41:01 am BST Network is UP. Just exit the program.
10-20  4:42:01 am BST Network is UP. Just exit the program.
10-20  4:43:01 am BST Network is UP. Just exit the program.
10-20  4:44:01 am BST Network is UP. Just exit the program.
10-20  4:45:01 am BST Network is UP. Just exit the program.
10-20  4:46:01 am BST Network is UP. Just exit the program.
10-20  4:47:01 am BST Network is UP. Just exit the program.
10-20  4:48:01 am BST Network is UP. Just exit the program.
10-20  4:49:01 am BST Network is UP. Just exit the program.
10-20  4:50:01 am BST Network is UP. Just exit the program.
10-20  4:51:01 am BST Network is UP. Just exit the program.
10-20  4:52:01 am BST Network is UP. Just exit the program.
10-20  4:53:01 am BST Network is UP. Just exit the program.
10-20  4:54:01 am BST Network is UP. Just exit the program.
10-20  4:55:01 am BST Network is UP. Just exit the program.
10-20  4:56:01 am BST Network is UP. Just exit the program.
10-20  4:57:01 am BST Network is UP. Just exit the program.
10-20  4:58:01 am BST Network is UP. Just exit the program.
10-20  4:59:01 am BST Network is UP. Just exit the program.
10-20  5:00:01 am BST Network is UP. Just exit the program.
10-20  5:01:01 am BST Network is UP. Just exit the program.
10-20  5:02:01 am BST Network is UP. Just exit the program.
10-20  5:03:01 am BST Network is UP. Just exit the program.
10-20  5:04:01 am BST Network is UP. Just exit the program.
10-20  5:05:01 am BST Network is UP. Just exit the program.
10-20  5:06:01 am BST Network is UP. Just exit the program.
10-20  5:07:01 am BST Network is UP. Just exit the program.
10-20  5:08:01 am BST Network is UP. Just exit the program.
10-20  5:09:01 am BST Network is UP. Just exit the program.
10-20  5:10:01 am BST Network is UP. Just exit the program.
10-20  5:11:01 am BST Network is UP. Just exit the program.
10-20  5:12:02 am BST Network is UP. Just exit the program.
10-20  5:13:01 am BST Network is UP. Just exit the program.
10-20  5:14:01 am BST Network is UP. Just exit the program.
10-20  5:15:01 am BST Network is UP. Just exit the program.
10-20  5:16:01 am BST Network is UP. Just exit the program.
10-20  5:17:01 am BST Network is UP. Just exit the program.
10-20  5:18:01 am BST Network is UP. Just exit the program.
10-20  5:19:01 am BST Network is UP. Just exit the program.
10-20  5:20:01 am BST Network is UP. Just exit the program.
10-20  5:21:01 am BST Network is UP. Just exit the program.
10-20  5:22:01 am BST Network is UP. Just exit the program.
10-20  5:23:01 am BST Network is UP. Just exit the program.
10-20  5:24:01 am BST Network is UP. Just exit the program.
10-20  5:25:01 am BST Network is UP. Just exit the program.
10-20  5:26:01 am BST Network is UP. Just exit the program.
10-20  5:27:01 am BST Network is UP. Just exit the program.
10-20  5:28:01 am BST Network is UP. Just exit the program.
10-20  5:29:01 am BST Network is UP. Just exit the program.
10-20  5:30:01 am BST Network is UP. Just exit the program.
10-20  5:31:01 am BST Network is UP. Just exit the program.
10-20  5:32:01 am BST Network is UP. Just exit the program.
10-20  5:33:01 am BST Network is UP. Just exit the program.
10-20  5:34:01 am BST Network is UP. Just exit the program.
10-20  5:35:01 am BST Network is UP. Just exit the program.
10-20  5:36:01 am BST Network is UP. Just exit the program.
10-20  5:37:01 am BST Network is UP. Just exit the program.
10-20  5:38:01 am BST Network is UP. Just exit the program.
10-20  5:39:01 am BST Network is UP. Just exit the program.
10-20  5:40:01 am BST Network is UP. Just exit the program.
10-20  5:41:01 am BST Network is UP. Just exit the program.
10-20  5:42:01 am BST Network is UP. Just exit the program.
10-20  5:43:01 am BST Network is UP. Just exit the program.
10-20  5:44:01 am BST Network is UP. Just exit the program.
10-20  5:45:01 am BST Network is UP. Just exit the program.
10-20  5:46:01 am BST Network is UP. Just exit the program.
10-20  5:47:01 am BST Network is UP. Just exit the program.
10-20  5:48:01 am BST Network is UP. Just exit the program.
10-20  5:49:01 am BST Network is UP. Just exit the program.
10-20  5:50:01 am BST Network is UP. Just exit the program.
10-20  5:51:02 am BST Network is UP. Just exit the program.
10-20  5:52:01 am BST Network is UP. Just exit the program.
10-20  5:53:01 am BST Network is UP. Just exit the program.
10-20  5:54:01 am BST Network is UP. Just exit the program.
10-20  5:55:01 am BST Network is UP. Just exit the program.
10-20  5:56:01 am BST Network is UP. Just exit the program.
10-20  5:57:01 am BST Network is UP. Just exit the program.
10-20  5:58:01 am BST Network is UP. Just exit the program.
10-20  5:59:01 am BST Network is UP. Just exit the program.
10-20  6:00:01 am BST Network is UP. Just exit the program.
10-20  6:01:01 am BST Network is UP. Just exit the program.
10-20  6:02:01 am BST Network is UP. Just exit the program.
10-20  6:03:01 am BST Network is UP. Just exit the program.
10-20  6:04:01 am BST Network is UP. Just exit the program.
10-20  6:05:01 am BST Network is UP. Just exit the program.
10-20  6:06:01 am BST Network is UP. Just exit the program.
10-20  6:07:01 am BST Network is UP. Just exit the program.
10-20  6:08:01 am BST Network is UP. Just exit the program.
10-20  6:09:01 am BST Network is UP. Just exit the program.
10-20  6:10:01 am BST Network is UP. Just exit the program.
10-20  6:11:01 am BST Network is UP. Just exit the program.
10-20  6:12:01 am BST Network is UP. Just exit the program.
10-20  6:13:01 am BST Network is UP. Just exit the program.
10-20  6:14:01 am BST Network is UP. Just exit the program.
10-20  6:15:01 am BST Network is UP. Just exit the program.
10-20  6:16:01 am BST Network is UP. Just exit the program.
10-20  6:17:01 am BST Network is UP. Just exit the program.
10-20  6:18:01 am BST Network is UP. Just exit the program.
10-20  6:19:01 am BST Network is UP. Just exit the program.
10-20  6:20:01 am BST Network is UP. Just exit the program.
10-20  6:21:01 am BST Network is UP. Just exit the program.
10-20  6:22:01 am BST Network is UP. Just exit the program.
10-20  6:23:02 am BST Network is UP. Just exit the program.
10-20  6:24:01 am BST Network is UP. Just exit the program.
10-20  6:25:01 am BST Network is UP. Just exit the program.
10-20  6:26:01 am BST Network is UP. Just exit the program.
10-20  6:27:01 am BST Network is UP. Just exit the program.
10-20  6:28:01 am BST Network is UP. Just exit the program.
10-20  6:29:01 am BST Network is UP. Just exit the program.
10-20  6:30:01 am BST Network is UP. Just exit the program.
10-20  6:31:01 am BST Network is UP. Just exit the program.
10-20  6:32:01 am BST Network is UP. Just exit the program.
10-20  6:33:01 am BST Network is UP. Just exit the program.
10-20  6:34:01 am BST Network is UP. Just exit the program.
10-20  6:35:01 am BST Network is UP. Just exit the program.
10-20  6:36:01 am BST Network is UP. Just exit the program.
10-20  6:37:01 am BST Network is UP. Just exit the program.
10-20  6:38:01 am BST Network is UP. Just exit the program.
10-20  6:39:01 am BST Network is UP. Just exit the program.
10-20  6:40:01 am BST Network is UP. Just exit the program.
10-20  6:41:01 am BST Network is UP. Just exit the program.
10-20  6:42:01 am BST Network is UP. Just exit the program.
10-20  6:43:01 am BST Network is UP. Just exit the program.
10-20  6:44:02 am BST Network is UP. Just exit the program.
10-20  6:45:01 am BST Network is UP. Just exit the program.
10-20  6:46:01 am BST Network is UP. Just exit the program.
10-20  6:47:01 am BST Network is UP. Just exit the program.
10-20  6:48:01 am BST Network is UP. Just exit the program.
10-20  6:49:01 am BST Network is UP. Just exit the program.
10-20  6:50:01 am BST Network is UP. Just exit the program.
10-20  6:51:01 am BST Network is UP. Just exit the program.
10-20  6:52:01 am BST Network is UP. Just exit the program.
10-20  6:53:01 am BST Network is UP. Just exit the program.
10-20  6:54:01 am BST Network is UP. Just exit the program.
10-20  6:55:01 am BST Network is UP. Just exit the program.
10-20  6:56:01 am BST Network is UP. Just exit the program.
10-20  6:57:01 am BST Network is UP. Just exit the program.
10-20  6:58:01 am BST Network is UP. Just exit the program.
10-20  6:59:01 am BST Network is UP. Just exit the program.
10-20  7:00:01 am BST Network is UP. Just exit the program.
10-20  7:01:01 am BST Network is UP. Just exit the program.
10-20  7:02:01 am BST Network is UP. Just exit the program.
10-20  7:03:01 am BST Network is UP. Just exit the program.
10-20  7:04:01 am BST Network is UP. Just exit the program.
10-20  7:05:01 am BST Network is UP. Just exit the program.
10-20  7:06:01 am BST Network is UP. Just exit the program.
10-20  7:07:01 am BST Network is UP. Just exit the program.
10-20  7:08:01 am BST Network is UP. Just exit the program.
10-20  7:09:01 am BST Network is UP. Just exit the program.
10-20  7:10:01 am BST Network is UP. Just exit the program.
10-20  7:11:01 am BST Network is UP. Just exit the program.
10-20  7:12:01 am BST Network is UP. Just exit the program.
10-20  7:13:01 am BST Network is UP. Just exit the program.
10-20  7:14:01 am BST Network is UP. Just exit the program.
10-20  7:15:01 am BST Network is UP. Just exit the program.
10-20  7:16:01 am BST Network is UP. Just exit the program.
10-20  7:17:01 am BST Network is UP. Just exit the program.
10-20  7:18:01 am BST Network is UP. Just exit the program.
10-20  7:19:01 am BST Network is UP. Just exit the program.
10-20  7:20:01 am BST Network is UP. Just exit the program.
10-20  7:21:01 am BST Network is UP. Just exit the program.
10-20  7:22:01 am BST Network is UP. Just exit the program.
10-20  7:23:01 am BST Network is UP. Just exit the program.
10-20  7:24:01 am BST Network is UP. Just exit the program.
10-20  7:25:01 am BST Network is UP. Just exit the program.
10-20  7:26:01 am BST Network is UP. Just exit the program.
10-20  7:27:01 am BST Network is UP. Just exit the program.
10-20  7:28:01 am BST Network is UP. Just exit the program.
10-20  7:29:01 am BST Network is UP. Just exit the program.
10-20  7:30:01 am BST Network is UP. Just exit the program.
10-20  7:31:01 am BST Network is UP. Just exit the program.
10-20  7:32:01 am BST Network is UP. Just exit the program.
10-20  7:33:01 am BST Network is UP. Just exit the program.
10-20  7:34:01 am BST Network is UP. Just exit the program.
10-20  7:35:01 am BST Network is UP. Just exit the program.
10-20  7:36:01 am BST Network is UP. Just exit the program.
10-20  7:37:01 am BST Network is UP. Just exit the program.
10-20  7:38:01 am BST Network is UP. Just exit the program.
10-20  7:39:01 am BST Network is UP. Just exit the program.
10-20  7:40:01 am BST Network is UP. Just exit the program.
10-20  7:41:01 am BST Network is UP. Just exit the program.
10-20  7:42:01 am BST Network is UP. Just exit the program.
10-20  7:43:01 am BST Network is UP. Just exit the program.
10-20  7:44:01 am BST Network is UP. Just exit the program.
10-20  7:45:01 am BST Network is UP. Just exit the program.
10-20  7:46:01 am BST Network is UP. Just exit the program.
10-20  7:47:01 am BST Network is UP. Just exit the program.
10-20  7:48:02 am BST Network is UP. Just exit the program.
10-20  7:49:01 am BST Network is UP. Just exit the program.
10-20  7:50:01 am BST Network is UP. Just exit the program.
10-20  7:51:01 am BST Network is UP. Just exit the program.
10-20  7:52:01 am BST Network is UP. Just exit the program.
10-20  7:53:01 am BST Network is UP. Just exit the program.
10-20  7:54:01 am BST Network is UP. Just exit the program.
10-20  7:55:01 am BST Network is UP. Just exit the program.
10-20  7:56:01 am BST Network is UP. Just exit the program.
10-20  7:57:01 am BST Network is UP. Just exit the program.
10-20  7:58:01 am BST Network is UP. Just exit the program.
10-20  7:59:02 am BST Network is UP. Just exit the program.
10-20  8:00:01 am BST Network is UP. Just exit the program.
10-20  8:01:01 am BST Network is UP. Just exit the program.
10-20  8:02:01 am BST Network is UP. Just exit the program.
10-20  8:03:01 am BST Network is UP. Just exit the program.
10-20  8:04:01 am BST Network is UP. Just exit the program.
10-20  8:05:01 am BST Network is UP. Just exit the program.
10-20  8:06:01 am BST Network is UP. Just exit the program.
10-20  8:07:01 am BST Network is UP. Just exit the program.
10-20  8:08:01 am BST Network is UP. Just exit the program.
10-20  8:09:02 am BST Network is UP. Just exit the program.
10-20  8:10:01 am BST Network is UP. Just exit the program.
10-20  8:11:01 am BST Network is UP. Just exit the program.
10-20  8:12:01 am BST Network is UP. Just exit the program.
10-20  8:13:01 am BST Network is UP. Just exit the program.
10-20  8:14:01 am BST Network is UP. Just exit the program.
10-20  8:15:01 am BST Network is UP. Just exit the program.
10-20  8:16:01 am BST Network is UP. Just exit the program.
10-20  8:17:01 am BST Network is UP. Just exit the program.
10-20  8:18:01 am BST Network is UP. Just exit the program.
10-20  8:19:01 am BST Network is UP. Just exit the program.
10-20  8:20:01 am BST Network is UP. Just exit the program.
10-20  8:21:01 am BST Network is UP. Just exit the program.
10-20  8:22:01 am BST Network is UP. Just exit the program.
10-20  8:23:01 am BST Network is UP. Just exit the program.
10-20  8:24:01 am BST Network is UP. Just exit the program.
10-20  8:25:01 am BST Network is UP. Just exit the program.
10-20  8:26:01 am BST Network is UP. Just exit the program.
10-20  8:27:01 am BST Network is UP. Just exit the program.
10-20  8:28:01 am BST Network is UP. Just exit the program.
10-20  8:29:01 am BST Network is UP. Just exit the program.
10-20  8:30:01 am BST Network is UP. Just exit the program.
10-20  8:31:02 am BST Network is UP. Just exit the program.
10-20  8:32:01 am BST Network is UP. Just exit the program.
10-20  8:33:01 am BST Network is UP. Just exit the program.
10-20  8:34:01 am BST Network is UP. Just exit the program.
10-20  8:35:01 am BST Network is UP. Just exit the program.
10-20  8:36:01 am BST Network is UP. Just exit the program.
10-20  8:37:01 am BST Network is UP. Just exit the program.
10-20  8:38:01 am BST Network is UP. Just exit the program.
10-20  8:39:01 am BST Network is UP. Just exit the program.
10-20  8:40:01 am BST Network is UP. Just exit the program.
10-20  8:41:01 am BST Network is UP. Just exit the program.
10-20  8:42:02 am BST Network is UP. Just exit the program.
10-20  8:43:01 am BST Network is UP. Just exit the program.
10-20  8:44:01 am BST Network is UP. Just exit the program.
10-20  8:45:01 am BST Network is UP. Just exit the program.
10-20  8:46:01 am BST Network is UP. Just exit the program.
10-20  8:47:01 am BST Network is UP. Just exit the program.
10-20  8:48:01 am BST Network is UP. Just exit the program.
10-20  8:49:01 am BST Network is UP. Just exit the program.
10-20  8:50:01 am BST Network is UP. Just exit the program.
10-20  8:51:01 am BST Network is UP. Just exit the program.
10-20  8:52:01 am BST Network is UP. Just exit the program.
10-20  8:53:01 am BST Network is UP. Just exit the program.
10-20  8:54:01 am BST Network is UP. Just exit the program.
10-20  8:55:01 am BST Network is UP. Just exit the program.
10-20  8:56:01 am BST Network is UP. Just exit the program.
10-20  8:57:01 am BST Network is UP. Just exit the program.
10-20  8:58:01 am BST Network is UP. Just exit the program.
10-20  8:59:01 am BST Network is UP. Just exit the program.
10-20  9:00:01 am BST Network is UP. Just exit the program.
10-20  9:01:01 am BST Network is UP. Just exit the program.
10-20  9:02:01 am BST Network is UP. Just exit the program.
10-20  9:03:02 am BST Network is UP. Just exit the program.
10-20  9:04:01 am BST Network is UP. Just exit the program.
10-20  9:05:01 am BST Network is UP. Just exit the program.
10-20  9:06:01 am BST Network is UP. Just exit the program.
10-20  9:07:01 am BST Network is UP. Just exit the program.
10-20  9:08:01 am BST Network is UP. Just exit the program.
10-20  9:09:01 am BST Network is UP. Just exit the program.
10-20  9:10:01 am BST Network is UP. Just exit the program.
10-20  9:11:01 am BST Network is UP. Just exit the program.
10-20  9:12:01 am BST Network is UP. Just exit the program.
10-20  9:13:01 am BST Network is UP. Just exit the program.
10-20  9:14:01 am BST Network is UP. Just exit the program.
10-20  9:15:01 am BST Network is UP. Just exit the program.
10-20  9:16:01 am BST Network is UP. Just exit the program.
10-20  9:17:01 am BST Network is UP. Just exit the program.
10-20  9:18:01 am BST Network is UP. Just exit the program.
10-20  9:19:01 am BST Network is UP. Just exit the program.
10-20  9:20:01 am BST Network is UP. Just exit the program.
10-20  9:21:01 am BST Network is UP. Just exit the program.
10-20  9:22:01 am BST Network is UP. Just exit the program.
10-20  9:23:01 am BST Network is UP. Just exit the program.
10-20  9:24:01 am BST Network is UP. Just exit the program.
10-20  9:25:01 am BST Network is UP. Just exit the program.
10-20  9:26:01 am BST Network is UP. Just exit the program.
10-20  9:27:01 am BST Network is UP. Just exit the program.
10-20  9:28:01 am BST Network is UP. Just exit the program.
10-20  9:29:01 am BST Network is UP. Just exit the program.
10-20  9:30:01 am BST Network is UP. Just exit the program.
10-20  9:31:01 am BST Network is UP. Just exit the program.
10-20  9:32:01 am BST Network is UP. Just exit the program.
10-20  9:33:01 am BST Network is UP. Just exit the program.
10-20  9:34:01 am BST Network is UP. Just exit the program.
10-20  9:35:01 am BST Network is UP. Just exit the program.
10-20  9:36:01 am BST Network is UP. Just exit the program.
10-20  9:37:01 am BST Network is UP. Just exit the program.
10-20  9:38:01 am BST Network is UP. Just exit the program.
10-20  9:39:01 am BST Network is UP. Just exit the program.
10-20  9:40:01 am BST Network is UP. Just exit the program.
10-20  9:41:01 am BST Network is UP. Just exit the program.
10-20  9:42:01 am BST Network is UP. Just exit the program.
10-20  9:43:01 am BST Network is UP. Just exit the program.
10-20  9:44:01 am BST Network is UP. Just exit the program.
10-20  9:45:02 am BST Network is UP. Just exit the program.
10-20  9:46:01 am BST Network is UP. Just exit the program.
10-20  9:47:01 am BST Network is UP. Just exit the program.
10-20  9:48:01 am BST Network is UP. Just exit the program.
10-20  9:49:01 am BST Network is UP. Just exit the program.
10-20  9:50:01 am BST Network is UP. Just exit the program.
10-20  9:51:01 am BST Network is UP. Just exit the program.
10-20  9:52:01 am BST Network is UP. Just exit the program.
10-20  9:53:01 am BST Network is UP. Just exit the program.
10-20  9:54:01 am BST Network is UP. Just exit the program.
10-20  9:55:01 am BST Network is UP. Just exit the program.
10-20  9:56:02 am BST Network is UP. Just exit the program.
10-20  9:57:01 am BST Network is UP. Just exit the program.
10-20  9:58:01 am BST Network is UP. Just exit the program.
10-20  9:59:01 am BST Network is UP. Just exit the program.
10-20 10:00:01 am BST Network is UP. Just exit the program.
10-20 10:01:01 am BST Network is UP. Just exit the program.
10-20 10:02:01 am BST Network is UP. Just exit the program.
10-20 10:03:01 am BST Network is UP. Just exit the program.
10-20 10:04:01 am BST Network is DOWN. Perform a reset
10-20 10:05:01 am BST Network is UP. Just exit the program.
10-20 10:06:01 am BST Network is UP. Just exit the program.
10-20 10:07:01 am BST Network is UP. Just exit the program.
10-20 10:08:01 am BST Network is UP. Just exit the program.
10-20 10:09:01 am BST Network is UP. Just exit the program.
10-20 10:10:01 am BST Network is UP. Just exit the program.
10-20 10:11:01 am BST Network is UP. Just exit the program.
10-20 10:12:01 am BST Network is UP. Just exit the program.
10-20 10:13:01 am BST Network is UP. Just exit the program.
10-20 10:14:01 am BST Network is UP. Just exit the program.
10-20 10:15:01 am BST Network is UP. Just exit the program.
10-20 10:16:01 am BST Network is UP. Just exit the program.
10-20 10:17:02 am BST Network is UP. Just exit the program.
10-20 10:18:01 am BST Network is UP. Just exit the program.
10-20 10:19:01 am BST Network is UP. Just exit the program.
10-20 10:20:01 am BST Network is UP. Just exit the program.
10-20 10:21:01 am BST Network is UP. Just exit the program.
10-20 10:22:01 am BST Network is UP. Just exit the program.
10-20 10:23:01 am BST Network is UP. Just exit the program.
10-20 10:24:01 am BST Network is UP. Just exit the program.
10-20 10:25:01 am BST Network is UP. Just exit the program.
10-20 10:26:01 am BST Network is UP. Just exit the program.
10-20 10:27:01 am BST Network is UP. Just exit the program.
10-20 10:28:02 am BST Network is UP. Just exit the program.
10-20 10:29:01 am BST Network is UP. Just exit the program.
10-20 10:30:01 am BST Network is UP. Just exit the program.
10-20 10:31:01 am BST Network is UP. Just exit the program.
10-20 10:32:01 am BST Network is UP. Just exit the program.
10-20 10:33:01 am BST Network is UP. Just exit the program.
10-20 10:34:01 am BST Network is UP. Just exit the program.
10-20 10:35:01 am BST Network is UP. Just exit the program.
10-20 10:36:01 am BST Network is UP. Just exit the program.
10-20 10:37:01 am BST Network is UP. Just exit the program.
10-20 10:38:01 am BST Network is UP. Just exit the program.
10-20 10:39:01 am BST Network is UP. Just exit the program.
10-20 10:40:01 am BST Network is UP. Just exit the program.
10-20 10:41:01 am BST Network is UP. Just exit the program.
10-20 10:42:01 am BST Network is UP. Just exit the program.
10-20 10:43:01 am BST Network is UP. Just exit the program.
10-20 10:44:01 am BST Network is UP. Just exit the program.
10-20 10:45:01 am BST Network is UP. Just exit the program.
10-20 10:46:01 am BST Network is UP. Just exit the program.
10-20 10:47:01 am BST Network is UP. Just exit the program.
10-20 10:48:01 am BST Network is UP. Just exit the program.
10-20 10:49:01 am BST Network is UP. Just exit the program.
10-20 10:50:02 am BST Network is UP. Just exit the program.
10-20 10:51:01 am BST Network is UP. Just exit the program.
10-20 10:52:01 am BST Network is UP. Just exit the program.
10-20 10:53:01 am BST Network is UP. Just exit the program.
10-20 10:54:01 am BST Network is UP. Just exit the program.
10-20 10:55:01 am BST Network is UP. Just exit the program.
10-20 10:56:01 am BST Network is UP. Just exit the program.
10-20 10:57:01 am BST Network is UP. Just exit the program.
10-20 10:58:01 am BST Network is UP. Just exit the program.
10-20 10:59:01 am BST Network is UP. Just exit the program.
10-20 11:00:01 am BST Network is UP. Just exit the program.
10-20 11:01:01 am BST Network is UP. Just exit the program.
10-20 11:02:01 am BST Network is UP. Just exit the program.
10-20 11:03:01 am BST Network is UP. Just exit the program.
10-20 11:04:01 am BST Network is UP. Just exit the program.
10-20 11:05:01 am BST Network is UP. Just exit the program.
10-20 11:06:01 am BST Network is UP. Just exit the program.
10-20 11:07:01 am BST Network is UP. Just exit the program.
10-20 11:08:01 am BST Network is UP. Just exit the program.
10-20 11:09:01 am BST Network is UP. Just exit the program.
10-20 11:10:01 am BST Network is UP. Just exit the program.
10-20 11:11:02 am BST Network is UP. Just exit the program.
10-20 11:12:01 am BST Network is UP. Just exit the program.
10-20 11:13:01 am BST Network is UP. Just exit the program.
10-20 11:14:01 am BST Network is UP. Just exit the program.
10-20 11:15:01 am BST Network is UP. Just exit the program.
10-20 11:16:01 am BST Network is UP. Just exit the program.
10-20 11:17:01 am BST Network is UP. Just exit the program.
10-20 11:18:01 am BST Network is UP. Just exit the program.
10-20 11:19:01 am BST Network is UP. Just exit the program.
10-20 11:20:01 am BST Network is UP. Just exit the program.
10-20 11:21:01 am BST Network is UP. Just exit the program.
10-20 11:22:01 am BST Network is UP. Just exit the program.
10-20 11:23:01 am BST Network is UP. Just exit the program.
10-20 11:24:01 am BST Network is UP. Just exit the program.
10-20 11:25:01 am BST Network is UP. Just exit the program.
10-20 11:26:01 am BST Network is UP. Just exit the program.
10-20 11:27:01 am BST Network is UP. Just exit the program.
10-20 11:28:01 am BST Network is UP. Just exit the program.
10-20 11:29:01 am BST Network is UP. Just exit the program.
10-20 11:30:01 am BST Network is UP. Just exit the program.
10-20 11:31:01 am BST Network is UP. Just exit the program.
10-20 11:32:01 am BST Network is UP. Just exit the program.
10-20 11:33:01 am BST Network is UP. Just exit the program.
10-20 11:34:01 am BST Network is UP. Just exit the program.
10-20 11:35:01 am BST Network is UP. Just exit the program.
10-20 11:36:01 am BST Network is UP. Just exit the program.
10-20 11:37:01 am BST Network is UP. Just exit the program.
10-20 11:38:01 am BST Network is UP. Just exit the program.
10-20 11:39:01 am BST Network is UP. Just exit the program.
10-20 11:40:01 am BST Network is UP. Just exit the program.
10-20 11:41:01 am BST Network is UP. Just exit the program.
10-20 11:42:01 am BST Network is UP. Just exit the program.
10-20 11:43:02 am BST Network is UP. Just exit the program.
10-20 11:44:01 am BST Network is UP. Just exit the program.
10-20 11:45:01 am BST Network is UP. Just exit the program.
10-20 11:46:01 am BST Network is UP. Just exit the program.
10-20 11:47:01 am BST Network is UP. Just exit the program.
10-20 11:48:01 am BST Network is UP. Just exit the program.
10-20 11:49:01 am BST Network is UP. Just exit the program.
10-20 11:50:01 am BST Network is UP. Just exit the program.
10-20 11:51:01 am BST Network is UP. Just exit the program.
10-20 11:52:01 am BST Network is UP. Just exit the program.
10-20 11:53:01 am BST Network is UP. Just exit the program.
10-20 11:54:01 am BST Network is UP. Just exit the program.
10-20 11:55:01 am BST Network is UP. Just exit the program.
10-20 11:56:01 am BST Network is UP. Just exit the program.
10-20 11:57:01 am BST Network is UP. Just exit the program.
10-20 11:58:01 am BST Network is UP. Just exit the program.
10-20 11:59:01 am BST Network is UP. Just exit the program.
10-20 12:00:01 pm BST Network is UP. Just exit the program.
10-20 12:01:01 pm BST Network is UP. Just exit the program.
10-20 12:02:01 pm BST Network is UP. Just exit the program.
10-20 12:03:01 pm BST Network is UP. Just exit the program.
10-20 12:04:01 pm BST Network is UP. Just exit the program.
10-20 12:05:01 pm BST Network is UP. Just exit the program.
10-20 12:06:01 pm BST Network is UP. Just exit the program.
10-20 12:07:01 pm BST Network is UP. Just exit the program.
10-20 12:08:01 pm BST Network is UP. Just exit the program.
10-20 12:09:01 pm BST Network is UP. Just exit the program.
10-20 12:10:01 pm BST Network is UP. Just exit the program.
10-20 12:11:01 pm BST Network is UP. Just exit the program.
10-20 12:12:01 pm BST Network is UP. Just exit the program.
10-20 12:13:01 pm BST Network is UP. Just exit the program.
10-20 12:14:01 pm BST Network is UP. Just exit the program.
10-20 12:15:01 pm BST Network is UP. Just exit the program.
10-20 12:16:01 pm BST Network is UP. Just exit the program.
10-20 12:17:01 pm BST Network is UP. Just exit the program.
10-20 12:18:01 pm BST Network is UP. Just exit the program.
10-20 12:19:01 pm BST Network is UP. Just exit the program.
10-20 12:20:01 pm BST Network is UP. Just exit the program.
10-20 12:21:01 pm BST Network is UP. Just exit the program.
10-20 12:22:01 pm BST Network is UP. Just exit the program.
10-20 12:23:01 pm BST Network is UP. Just exit the program.
10-20 12:24:01 pm BST Network is UP. Just exit the program.
10-20 12:25:01 pm BST Network is UP. Just exit the program.
10-20 12:26:01 pm BST Network is UP. Just exit the program.
10-20 12:27:01 pm BST Network is UP. Just exit the program.
10-20 12:28:01 pm BST Network is UP. Just exit the program.
10-20 12:29:01 pm BST Network is UP. Just exit the program.
10-20 12:30:01 pm BST Network is UP. Just exit the program.
10-20 12:31:01 pm BST Network is UP. Just exit the program.
10-20 12:32:01 pm BST Network is UP. Just exit the program.
10-20 12:33:01 pm BST Network is UP. Just exit the program.
10-20 12:34:01 pm BST Network is UP. Just exit the program.
10-20 12:35:01 pm BST Network is UP. Just exit the program.
10-20 12:36:01 pm BST Network is UP. Just exit the program.
10-20 12:37:01 pm BST Network is UP. Just exit the program.
10-20 12:38:01 pm BST Network is UP. Just exit the program.
10-20 12:39:01 pm BST Network is UP. Just exit the program.
10-20 12:40:01 pm BST Network is UP. Just exit the program.
10-20 12:41:01 pm BST Network is UP. Just exit the program.
10-20 12:42:01 pm BST Network is UP. Just exit the program.
10-20 12:43:01 pm BST Network is UP. Just exit the program.
10-20 12:44:01 pm BST Network is UP. Just exit the program.
10-20 12:45:01 pm BST Network is UP. Just exit the program.
10-20 12:46:01 pm BST Network is UP. Just exit the program.
10-20 12:47:01 pm BST Network is UP. Just exit the program.
10-20 12:48:02 pm BST Network is UP. Just exit the program.
10-20 12:49:01 pm BST Network is UP. Just exit the program.
10-20 12:50:01 pm BST Network is UP. Just exit the program.
10-20 12:51:01 pm BST Network is UP. Just exit the program.
10-20 12:52:01 pm BST Network is UP. Just exit the program.
10-20 12:53:01 pm BST Network is UP. Just exit the program.
10-20 12:54:01 pm BST Network is UP. Just exit the program.
10-20 12:55:01 pm BST Network is UP. Just exit the program.
10-20 12:56:01 pm BST Network is UP. Just exit the program.
10-20 12:57:01 pm BST Network is UP. Just exit the program.
10-20 12:58:01 pm BST Network is UP. Just exit the program.
10-20 12:59:01 pm BST Network is UP. Just exit the program.
10-20  1:00:01 pm BST Network is UP. Just exit the program.
10-20  1:01:01 pm BST Network is UP. Just exit the program.
10-20  1:02:01 pm BST Network is UP. Just exit the program.
10-20  1:03:01 pm BST Network is UP. Just exit the program.
10-20  1:04:01 pm BST Network is UP. Just exit the program.
10-20  1:05:01 pm BST Network is UP. Just exit the program.
10-20  1:06:01 pm BST Network is UP. Just exit the program.
10-20  1:07:01 pm BST Network is UP. Just exit the program.
10-20  1:08:01 pm BST Network is UP. Just exit the program.
10-20  1:09:01 pm BST Network is UP. Just exit the program.
10-20  1:10:01 pm BST Network is UP. Just exit the program.
10-20  1:11:01 pm BST Network is UP. Just exit the program.
10-20  1:12:01 pm BST Network is UP. Just exit the program.
10-20  1:13:01 pm BST Network is UP. Just exit the program.
10-20  1:14:01 pm BST Network is UP. Just exit the program.
10-20  1:15:01 pm BST Network is UP. Just exit the program.
10-20  1:16:01 pm BST Network is UP. Just exit the program.
10-20  1:17:01 pm BST Network is UP. Just exit the program.
10-20  1:18:01 pm BST Network is UP. Just exit the program.
10-20  1:19:01 pm BST Network is UP. Just exit the program.
10-20  1:20:01 pm BST Network is UP. Just exit the program.
10-20  1:21:01 pm BST Network is UP. Just exit the program.
10-20  1:22:01 pm BST Network is UP. Just exit the program.
10-20  1:23:01 pm BST Network is UP. Just exit the program.
10-20  1:24:01 pm BST Network is UP. Just exit the program.
10-20  1:25:01 pm BST Network is UP. Just exit the program.
10-20  1:26:01 pm BST Network is UP. Just exit the program.
10-20  1:27:01 pm BST Network is UP. Just exit the program.
10-20  1:28:01 pm BST Network is UP. Just exit the program.
10-20  1:29:01 pm BST Network is UP. Just exit the program.
10-20  1:30:02 pm BST Network is UP. Just exit the program.
10-20  1:31:01 pm BST Network is UP. Just exit the program.
10-20  1:32:01 pm BST Network is UP. Just exit the program.
10-20  1:33:01 pm BST Network is UP. Just exit the program.
10-20  1:34:01 pm BST Network is UP. Just exit the program.
10-20  1:35:01 pm BST Network is UP. Just exit the program.
10-20  1:36:01 pm BST Network is UP. Just exit the program.
10-20  1:37:01 pm BST Network is UP. Just exit the program.
10-20  1:38:01 pm BST Network is UP. Just exit the program.
10-20  1:39:01 pm BST Network is UP. Just exit the program.
10-20  1:40:01 pm BST Network is UP. Just exit the program.
10-20  1:41:01 pm BST Network is UP. Just exit the program.
10-20  1:42:01 pm BST Network is UP. Just exit the program.
10-20  1:43:01 pm BST Network is UP. Just exit the program.
10-20  1:44:01 pm BST Network is UP. Just exit the program.
10-20  1:45:01 pm BST Network is UP. Just exit the program.
10-20  1:46:01 pm BST Network is UP. Just exit the program.
10-20  1:47:01 pm BST Network is UP. Just exit the program.
10-20  1:48:01 pm BST Network is UP. Just exit the program.
10-20  1:49:01 pm BST Network is UP. Just exit the program.
10-20  1:50:01 pm BST Network is UP. Just exit the program.
10-20  1:51:01 pm BST Network is UP. Just exit the program.
10-20  1:52:01 pm BST Network is UP. Just exit the program.
10-20  1:53:01 pm BST Network is UP. Just exit the program.
10-20  1:54:01 pm BST Network is UP. Just exit the program.
10-20  1:55:01 pm BST Network is UP. Just exit the program.
10-20  1:56:01 pm BST Network is UP. Just exit the program.
10-20  1:57:01 pm BST Network is UP. Just exit the program.
10-20  1:58:01 pm BST Network is UP. Just exit the program.
10-20  1:59:01 pm BST Network is UP. Just exit the program.
10-20  2:00:01 pm BST Network is UP. Just exit the program.
10-20  2:01:01 pm BST Network is UP. Just exit the program.
10-20  2:02:01 pm BST Network is UP. Just exit the program.
10-20  2:03:01 pm BST Network is UP. Just exit the program.
10-20  2:04:01 pm BST Network is UP. Just exit the program.
10-20  2:05:01 pm BST Network is UP. Just exit the program.
10-20  2:06:01 pm BST Network is UP. Just exit the program.
10-20  2:07:01 pm BST Network is UP. Just exit the program.
10-20  2:08:01 pm BST Network is UP. Just exit the program.
10-20  2:09:01 pm BST Network is UP. Just exit the program.
10-20  2:10:01 pm BST Network is UP. Just exit the program.
10-20  2:11:01 pm BST Network is UP. Just exit the program.
10-20  2:12:02 pm BST Network is UP. Just exit the program.
10-20  2:13:01 pm BST Network is UP. Just exit the program.
10-20  2:14:01 pm BST Network is UP. Just exit the program.
10-20  2:15:01 pm BST Network is UP. Just exit the program.
10-20  2:16:01 pm BST Network is UP. Just exit the program.
10-20  2:17:01 pm BST Network is UP. Just exit the program.
10-20  2:18:01 pm BST Network is UP. Just exit the program.
10-20  2:19:01 pm BST Network is UP. Just exit the program.
10-20  2:20:01 pm BST Network is UP. Just exit the program.
10-20  2:21:01 pm BST Network is UP. Just exit the program.
10-20  2:22:01 pm BST Network is UP. Just exit the program.
10-20  2:23:01 pm BST Network is UP. Just exit the program.
10-20  2:24:01 pm BST Network is UP. Just exit the program.
10-20  2:25:01 pm BST Network is UP. Just exit the program.
10-20  2:26:01 pm BST Network is UP. Just exit the program.
10-20  2:27:01 pm BST Network is UP. Just exit the program.
10-20  2:28:01 pm BST Network is UP. Just exit the program.
10-20  2:29:01 pm BST Network is UP. Just exit the program.
10-20  2:30:01 pm BST Network is UP. Just exit the program.
10-20  2:31:01 pm BST Network is UP. Just exit the program.
10-20  2:32:01 pm BST Network is UP. Just exit the program.
10-20  2:33:02 pm BST Network is UP. Just exit the program.
10-20  2:34:01 pm BST Network is UP. Just exit the program.
10-20  2:35:01 pm BST Network is UP. Just exit the program.
10-20  2:36:01 pm BST Network is UP. Just exit the program.
10-20  2:37:01 pm BST Network is UP. Just exit the program.
10-20  2:38:01 pm BST Network is UP. Just exit the program.
10-20  2:39:01 pm BST Network is UP. Just exit the program.
10-20  2:40:01 pm BST Network is UP. Just exit the program.
10-20  2:41:01 pm BST Network is UP. Just exit the program.
10-20  2:42:01 pm BST Network is UP. Just exit the program.
10-20  2:43:01 pm BST Network is UP. Just exit the program.
10-20  2:44:02 pm BST Network is UP. Just exit the program.
10-20  2:45:01 pm BST Network is UP. Just exit the program.
10-20  2:46:01 pm BST Network is UP. Just exit the program.
10-20  2:47:01 pm BST Network is UP. Just exit the program.
10-20  2:48:01 pm BST Network is UP. Just exit the program.
10-20  2:49:01 pm BST Network is UP. Just exit the program.
10-20  2:50:01 pm BST Network is UP. Just exit the program.
10-20  2:51:01 pm BST Network is UP. Just exit the program.
10-20  2:52:01 pm BST Network is UP. Just exit the program.
10-20  2:53:01 pm BST Network is UP. Just exit the program.
10-20  2:54:01 pm BST Network is UP. Just exit the program.
10-20  2:55:01 pm BST Network is UP. Just exit the program.
10-20  2:56:01 pm BST Network is UP. Just exit the program.
10-20  2:57:01 pm BST Network is UP. Just exit the program.
10-20  2:58:01 pm BST Network is UP. Just exit the program.
10-20  2:59:01 pm BST Network is UP. Just exit the program.
10-20  3:00:01 pm BST Network is UP. Just exit the program.
10-20  3:01:01 pm BST Network is UP. Just exit the program.
10-20  3:02:01 pm BST Network is UP. Just exit the program.
10-20  3:03:01 pm BST Network is UP. Just exit the program.
10-20  3:04:01 pm BST Network is UP. Just exit the program.
10-20  3:05:01 pm BST Network is UP. Just exit the program.
10-20  3:06:01 pm BST Network is UP. Just exit the program.
10-20  3:07:01 pm BST Network is UP. Just exit the program.
10-20  3:08:01 pm BST Network is UP. Just exit the program.
10-20  3:09:01 pm BST Network is UP. Just exit the program.
10-20  3:10:01 pm BST Network is UP. Just exit the program.
10-20  3:11:01 pm BST Network is UP. Just exit the program.
10-20  3:12:01 pm BST Network is UP. Just exit the program.
10-20  3:13:01 pm BST Network is UP. Just exit the program.
10-20  3:14:01 pm BST Network is UP. Just exit the program.
10-20  3:15:01 pm BST Network is UP. Just exit the program.
10-20  3:16:01 pm BST Network is UP. Just exit the program.
10-20  3:17:01 pm BST Network is UP. Just exit the program.
10-20  3:18:01 pm BST Network is UP. Just exit the program.
10-20  3:19:01 pm BST Network is UP. Just exit the program.
10-20  3:20:01 pm BST Network is UP. Just exit the program.
10-20  3:21:01 pm BST Network is UP. Just exit the program.
10-20  3:22:01 pm BST Network is UP. Just exit the program.
10-20  3:23:01 pm BST Network is UP. Just exit the program.
10-20  3:24:01 pm BST Network is UP. Just exit the program.
10-20  3:25:02 pm BST Network is UP. Just exit the program.
10-20  3:26:01 pm BST Network is UP. Just exit the program.
10-20  3:27:01 pm BST Network is UP. Just exit the program.
10-20  3:28:01 pm BST Network is UP. Just exit the program.
10-20  3:29:01 pm BST Network is UP. Just exit the program.
10-20  3:30:01 pm BST Network is UP. Just exit the program.
10-20  3:31:01 pm BST Network is UP. Just exit the program.
10-20  3:32:01 pm BST Network is UP. Just exit the program.
10-20  3:33:01 pm BST Network is UP. Just exit the program.
10-20  3:34:01 pm BST Network is UP. Just exit the program.
10-20  3:35:02 pm BST Network is UP. Just exit the program.
10-20  3:36:01 pm BST Network is UP. Just exit the program.
10-20  3:37:01 pm BST Network is UP. Just exit the program.
10-20  3:38:01 pm BST Network is UP. Just exit the program.
10-20  3:39:01 pm BST Network is UP. Just exit the program.
10-20  3:40:01 pm BST Network is UP. Just exit the program.
10-20  3:41:01 pm BST Network is UP. Just exit the program.
10-20  3:42:01 pm BST Network is UP. Just exit the program.
10-20  3:43:01 pm BST Network is UP. Just exit the program.
10-20  3:44:01 pm BST Network is UP. Just exit the program.
10-20  3:45:02 pm BST Network is UP. Just exit the program.
10-20  3:46:01 pm BST Network is UP. Just exit the program.
10-20  3:47:01 pm BST Network is UP. Just exit the program.
10-20  3:48:01 pm BST Network is UP. Just exit the program.
10-20  3:49:01 pm BST Network is UP. Just exit the program.
10-20  3:50:01 pm BST Network is UP. Just exit the program.
10-20  3:51:01 pm BST Network is UP. Just exit the program.
10-20  3:52:01 pm BST Network is UP. Just exit the program.
10-20  3:53:01 pm BST Network is UP. Just exit the program.
10-20  3:54:01 pm BST Network is UP. Just exit the program.
10-20  3:55:01 pm BST Network is UP. Just exit the program.
10-20  3:56:02 pm BST Network is UP. Just exit the program.
10-20  3:57:01 pm BST Network is UP. Just exit the program.
10-20  3:58:01 pm BST Network is UP. Just exit the program.
10-20  3:59:01 pm BST Network is UP. Just exit the program.
10-20  4:00:01 pm BST Network is UP. Just exit the program.
10-20  4:01:01 pm BST Network is UP. Just exit the program.
10-20  4:02:01 pm BST Network is UP. Just exit the program.
10-20  4:03:01 pm BST Network is UP. Just exit the program.
10-20  4:04:01 pm BST Network is UP. Just exit the program.
10-20  4:05:01 pm BST Network is UP. Just exit the program.
10-20  4:06:01 pm BST Network is UP. Just exit the program.
10-20  4:07:01 pm BST Network is UP. Just exit the program.
10-20  4:08:01 pm BST Network is UP. Just exit the program.
10-20  4:09:01 pm BST Network is UP. Just exit the program.
10-20  4:10:01 pm BST Network is UP. Just exit the program.
10-20  4:11:01 pm BST Network is UP. Just exit the program.
10-20  4:12:01 pm BST Network is UP. Just exit the program.
10-20  4:13:01 pm BST Network is UP. Just exit the program.
10-20  4:14:01 pm BST Network is UP. Just exit the program.
10-20  4:15:01 pm BST Network is UP. Just exit the program.
10-20  4:16:01 pm BST Network is UP. Just exit the program.
10-20  4:17:01 pm BST Network is UP. Just exit the program.
10-20  4:18:01 pm BST Network is UP. Just exit the program.
10-20  4:19:01 pm BST Network is UP. Just exit the program.
10-20  4:20:01 pm BST Network is UP. Just exit the program.
10-20  4:21:01 pm BST Network is UP. Just exit the program.
10-20  4:22:01 pm BST Network is UP. Just exit the program.
10-20  4:23:01 pm BST Network is UP. Just exit the program.
10-20  4:24:01 pm BST Network is UP. Just exit the program.
10-20  4:25:01 pm BST Network is UP. Just exit the program.
10-20  4:26:01 pm BST Network is UP. Just exit the program.
10-20  4:27:01 pm BST Network is UP. Just exit the program.
10-20  4:28:02 pm BST Network is UP. Just exit the program.
10-20  4:29:01 pm BST Network is UP. Just exit the program.
10-20  4:30:01 pm BST Network is UP. Just exit the program.
10-20  4:31:01 pm BST Network is UP. Just exit the program.
10-20  4:32:01 pm BST Network is UP. Just exit the program.
10-20  4:33:01 pm BST Network is UP. Just exit the program.
10-20  4:34:01 pm BST Network is UP. Just exit the program.
10-20  4:35:01 pm BST Network is UP. Just exit the program.
10-20  4:36:01 pm BST Network is UP. Just exit the program.
10-20  4:37:02 pm BST Network is UP. Just exit the program.
10-20  4:38:01 pm BST Network is UP. Just exit the program.
10-20  4:39:01 pm BST Network is UP. Just exit the program.
10-20  4:40:01 pm BST Network is UP. Just exit the program.
10-20  4:41:01 pm BST Network is UP. Just exit the program.
10-20  4:42:01 pm BST Network is UP. Just exit the program.
10-20  4:50:06 pm BST Network is UP. Just exit the program.
10-20  4:51:01 pm BST Network is UP. Just exit the program.
10-20  4:52:01 pm BST Network is UP. Just exit the program.
10-20  4:53:01 pm BST Network is UP. Just exit the program.
10-20  4:54:01 pm BST Network is UP. Just exit the program.
10-20  4:55:01 pm BST Network is UP. Just exit the program.
10-20  4:56:01 pm BST Network is UP. Just exit the program.
10-20  4:57:01 pm BST Network is UP. Just exit the program.
10-20  4:58:02 pm BST Network is UP. Just exit the program.
10-20  4:59:33 pm BST Network is UP. Just exit the program.
10-20  5:00:01 pm BST Network is UP. Just exit the program.
10-20  5:01:01 pm BST Network is UP. Just exit the program.
10-20  5:02:01 pm BST Network is UP. Just exit the program.
10-20  5:03:01 pm BST Network is UP. Just exit the program.
10-20  5:04:01 pm BST Network is UP. Just exit the program.
10-20  5:05:02 pm BST Network is UP. Just exit the program.
10-20  5:06:01 pm BST Network is UP. Just exit the program.
10-20  5:07:01 pm BST Network is UP. Just exit the program.
10-20  5:08:01 pm BST Network is UP. Just exit the program.
10-20  5:09:01 pm BST Network is UP. Just exit the program.
10-20  5:10:01 pm BST Network is UP. Just exit the program.
10-20  5:11:01 pm BST Network is UP. Just exit the program.
10-20  5:12:01 pm BST Network is UP. Just exit the program.
10-20  5:13:01 pm BST Network is UP. Just exit the program.
10-20  5:14:01 pm BST Network is UP. Just exit the program.
10-20  5:15:02 pm BST Network is UP. Just exit the program.
10-20  5:16:01 pm BST Network is UP. Just exit the program.
10-20  5:17:01 pm BST Network is UP. Just exit the program.
10-20  5:18:01 pm BST Network is UP. Just exit the program.
10-20  5:19:01 pm BST Network is UP. Just exit the program.
10-20  5:20:01 pm BST Network is UP. Just exit the program.
10-20  5:21:01 pm BST Network is UP. Just exit the program.
10-20  5:22:01 pm BST Network is UP. Just exit the program.
10-20  5:23:01 pm BST Network is UP. Just exit the program.
10-20  5:24:01 pm BST Network is UP. Just exit the program.
10-20  5:25:02 pm BST Network is UP. Just exit the program.
10-20  5:26:01 pm BST Network is UP. Just exit the program.
10-20  5:27:01 pm BST Network is UP. Just exit the program.
10-20  5:28:01 pm BST Network is UP. Just exit the program.
10-20  5:29:01 pm BST Network is UP. Just exit the program.
10-20  5:30:01 pm BST Network is UP. Just exit the program.
10-20  5:31:01 pm BST Network is UP. Just exit the program.
10-20  5:32:01 pm BST Network is UP. Just exit the program.
10-20  5:33:01 pm BST Network is UP. Just exit the program.
10-20  5:34:01 pm BST Network is UP. Just exit the program.
10-20  5:35:01 pm BST Network is UP. Just exit the program.
10-20  5:36:01 pm BST Network is UP. Just exit the program.
10-20  5:37:01 pm BST Network is UP. Just exit the program.
10-20  5:38:01 pm BST Network is UP. Just exit the program.
10-20  5:39:01 pm BST Network is UP. Just exit the program.
10-20  5:40:01 pm BST Network is UP. Just exit the program.
10-20  5:41:01 pm BST Network is UP. Just exit the program.
10-20  5:42:01 pm BST Network is UP. Just exit the program.
10-20  5:43:01 pm BST Network is UP. Just exit the program.
10-20  5:44:01 pm BST Network is UP. Just exit the program.
10-20  5:45:01 pm BST Network is UP. Just exit the program.
10-20  5:46:01 pm BST Network is UP. Just exit the program.
10-20  5:47:01 pm BST Network is UP. Just exit the program.
10-20  5:48:01 pm BST Network is UP. Just exit the program.
10-20  5:49:01 pm BST Network is UP. Just exit the program.
10-20  5:50:01 pm BST Network is UP. Just exit the program.
10-20  5:51:01 pm BST Network is UP. Just exit the program.
10-20  5:52:01 pm BST Network is UP. Just exit the program.
10-20  5:53:01 pm BST Network is UP. Just exit the program.
10-20  5:54:01 pm BST Network is UP. Just exit the program.
10-20  5:55:02 pm BST Network is UP. Just exit the program.
10-20  5:56:01 pm BST Network is UP. Just exit the program.
10-20  5:57:01 pm BST Network is UP. Just exit the program.
10-20  5:58:01 pm BST Network is UP. Just exit the program.
10-20  5:59:01 pm BST Network is UP. Just exit the program.
10-20  6:00:01 pm BST Network is UP. Just exit the program.
10-20  6:01:01 pm BST Network is UP. Just exit the program.
10-20  6:02:01 pm BST Network is UP. Just exit the program.
10-20  6:03:01 pm BST Network is UP. Just exit the program.
10-20  6:04:01 pm BST Network is UP. Just exit the program.
10-20  6:05:02 pm BST Network is UP. Just exit the program.
10-20  6:06:01 pm BST Network is UP. Just exit the program.
10-20  6:07:01 pm BST Network is UP. Just exit the program.
10-20  6:08:01 pm BST Network is UP. Just exit the program.
10-20  6:09:01 pm BST Network is UP. Just exit the program.
10-20  6:10:01 pm BST Network is UP. Just exit the program.
10-20  6:11:01 pm BST Network is UP. Just exit the program.
10-20  6:12:01 pm BST Network is UP. Just exit the program.
10-20  6:13:01 pm BST Network is UP. Just exit the program.
10-20  6:14:01 pm BST Network is UP. Just exit the program.
10-20  6:15:02 pm BST Network is UP. Just exit the program.
10-20  6:16:01 pm BST Network is UP. Just exit the program.
10-20  6:17:01 pm BST Network is UP. Just exit the program.
10-20  6:18:01 pm BST Network is UP. Just exit the program.
10-20  6:19:01 pm BST Network is UP. Just exit the program.
10-20  6:20:01 pm BST Network is UP. Just exit the program.
10-20  6:21:01 pm BST Network is UP. Just exit the program.
10-20  6:22:01 pm BST Network is UP. Just exit the program.
10-20  6:23:01 pm BST Network is UP. Just exit the program.
10-20  6:24:01 pm BST Network is UP. Just exit the program.
10-20  6:25:01 pm BST Network is UP. Just exit the program.
10-20  6:26:01 pm BST Network is UP. Just exit the program.
10-20  6:27:01 pm BST Network is UP. Just exit the program.
10-20  6:28:01 pm BST Network is UP. Just exit the program.
10-20  6:29:01 pm BST Network is UP. Just exit the program.
10-20  6:30:01 pm BST Network is UP. Just exit the program.
10-20  6:31:01 pm BST Network is UP. Just exit the program.
10-20  6:32:01 pm BST Network is UP. Just exit the program.
10-20  6:33:01 pm BST Network is UP. Just exit the program.
10-20  6:34:01 pm BST Network is UP. Just exit the program.
10-20  6:35:01 pm BST Network is UP. Just exit the program.
10-20  6:36:01 pm BST Network is UP. Just exit the program.
10-20  6:37:01 pm BST Network is UP. Just exit the program.
10-20  6:38:01 pm BST Network is UP. Just exit the program.
10-20  6:39:01 pm BST Network is UP. Just exit the program.
10-20  6:40:01 pm BST Network is UP. Just exit the program.
10-20  6:41:01 pm BST Network is UP. Just exit the program.
10-20  6:42:01 pm BST Network is UP. Just exit the program.
10-20  6:43:01 pm BST Network is UP. Just exit the program.
10-20  6:44:01 pm BST Network is UP. Just exit the program.
10-20  6:45:01 pm BST Network is UP. Just exit the program.
10-20  6:46:01 pm BST Network is UP. Just exit the program.
10-20  6:47:01 pm BST Network is UP. Just exit the program.
10-20  6:48:01 pm BST Network is UP. Just exit the program.
10-20  6:49:01 pm BST Network is UP. Just exit the program.
10-20  6:50:01 pm BST Network is UP. Just exit the program.
10-20  6:51:01 pm BST Network is UP. Just exit the program.
10-20  6:52:01 pm BST Network is UP. Just exit the program.
10-20  6:53:01 pm BST Network is UP. Just exit the program.
10-20  6:54:01 pm BST Network is UP. Just exit the program.
10-20  6:55:01 pm BST Network is UP. Just exit the program.
10-20  6:56:01 pm BST Network is UP. Just exit the program.
10-20  6:57:01 pm BST Network is UP. Just exit the program.
10-20  6:58:02 pm BST Network is UP. Just exit the program.
10-20  6:59:01 pm BST Network is UP. Just exit the program.
10-20  7:00:01 pm BST Network is UP. Just exit the program.
10-20  7:01:01 pm BST Network is UP. Just exit the program.
10-20  7:02:01 pm BST Network is UP. Just exit the program.
10-20  7:03:01 pm BST Network is UP. Just exit the program.
10-20  7:04:01 pm BST Network is UP. Just exit the program.
10-20  7:05:01 pm BST Network is UP. Just exit the program.
10-20  7:06:01 pm BST Network is UP. Just exit the program.
10-20  7:07:01 pm BST Network is UP. Just exit the program.
10-20  7:08:01 pm BST Network is UP. Just exit the program.
10-20  7:09:01 pm BST Network is UP. Just exit the program.
10-20  7:10:01 pm BST Network is UP. Just exit the program.
10-20  7:11:01 pm BST Network is UP. Just exit the program.
10-20  7:12:01 pm BST Network is UP. Just exit the program.
10-20  7:13:01 pm BST Network is UP. Just exit the program.
10-20  7:14:01 pm BST Network is UP. Just exit the program.
10-20  7:15:01 pm BST Network is UP. Just exit the program.
10-20  7:16:01 pm BST Network is UP. Just exit the program.
10-20  7:17:02 pm BST Network is UP. Just exit the program.
10-20  7:18:01 pm BST Network is UP. Just exit the program.
10-20  7:19:01 pm BST Network is UP. Just exit the program.
10-20  7:20:01 pm BST Network is UP. Just exit the program.
10-20  7:21:01 pm BST Network is UP. Just exit the program.
10-20  7:22:01 pm BST Network is UP. Just exit the program.
10-20  7:23:01 pm BST Network is UP. Just exit the program.
10-20  7:24:01 pm BST Network is UP. Just exit the program.
10-20  7:25:01 pm BST Network is UP. Just exit the program.
10-20  7:26:01 pm BST Network is UP. Just exit the program.
10-20  7:27:01 pm BST Network is UP. Just exit the program.
10-20  7:28:01 pm BST Network is UP. Just exit the program.
10-20  7:29:01 pm BST Network is UP. Just exit the program.
10-20  7:30:01 pm BST Network is UP. Just exit the program.
10-20  7:31:01 pm BST Network is UP. Just exit the program.
10-20  7:32:01 pm BST Network is DOWN. Perform a reset
10-20  7:33:01 pm BST Network is UP. Just exit the program.
10-20  7:34:01 pm BST Network is UP. Just exit the program.
10-20  7:35:02 pm BST Network is UP. Just exit the program.
10-20  7:36:01 pm BST Network is UP. Just exit the program.
10-20  7:37:01 pm BST Network is UP. Just exit the program.
10-20  7:38:01 pm BST Network is UP. Just exit the program.
10-20  7:39:01 pm BST Network is UP. Just exit the program.
10-20  7:40:01 pm BST Network is DOWN. Perform a reset
10-20  7:41:02 pm BST Network is UP. Just exit the program.
10-20  7:42:01 pm BST Network is UP. Just exit the program.
10-20  7:43:01 pm BST Network is UP. Just exit the program.
10-20  7:44:01 pm BST Network is UP. Just exit the program.
10-20  7:45:01 pm BST Network is UP. Just exit the program.
10-20  7:46:01 pm BST Network is UP. Just exit the program.
10-20  7:47:01 pm BST Network is DOWN. Perform a reset
10-20  7:48:01 pm BST Network is UP. Just exit the program.
10-20  7:49:01 pm BST Network is UP. Just exit the program.
10-20  7:50:01 pm BST Network is UP. Just exit the program.
10-20  7:51:01 pm BST Network is UP. Just exit the program.
10-20  7:52:01 pm BST Network is UP. Just exit the program.
10-20  7:53:01 pm BST Network is UP. Just exit the program.
10-20  7:54:01 pm BST Network is UP. Just exit the program.
10-20  7:55:01 pm BST Network is UP. Just exit the program.
10-20  7:56:01 pm BST Network is UP. Just exit the program.
10-20  7:57:01 pm BST Network is UP. Just exit the program.
10-20  7:58:01 pm BST Network is UP. Just exit the program.
10-20  7:59:01 pm BST Network is UP. Just exit the program.
10-20  8:00:01 pm BST Network is UP. Just exit the program.
10-20  8:01:01 pm BST Network is UP. Just exit the program.
10-20  8:02:01 pm BST Network is UP. Just exit the program.
10-20  8:03:01 pm BST Network is UP. Just exit the program.
10-20  8:04:01 pm BST Network is UP. Just exit the program.
10-20  8:05:01 pm BST Network is UP. Just exit the program.
10-20  8:06:01 pm BST Network is UP. Just exit the program.
10-20  8:07:01 pm BST Network is UP. Just exit the program.
10-20  8:08:01 pm BST Network is UP. Just exit the program.
10-20  8:09:01 pm BST Network is UP. Just exit the program.
10-20  8:10:01 pm BST Network is UP. Just exit the program.
10-20  8:11:01 pm BST Network is UP. Just exit the program.
10-20  8:12:01 pm BST Network is UP. Just exit the program.
10-20  8:13:01 pm BST Network is UP. Just exit the program.
10-20  8:14:01 pm BST Network is UP. Just exit the program.
10-20  8:15:01 pm BST Network is UP. Just exit the program.
10-20  8:16:01 pm BST Network is UP. Just exit the program.
10-20  8:17:01 pm BST Network is UP. Just exit the program.
10-20  8:18:01 pm BST Network is UP. Just exit the program.
10-20  8:19:01 pm BST Network is UP. Just exit the program.
10-20  8:20:01 pm BST Network is UP. Just exit the program.
10-20  8:21:01 pm BST Network is UP. Just exit the program.
10-20  8:22:01 pm BST Network is UP. Just exit the program.
10-20  8:23:01 pm BST Network is UP. Just exit the program.
10-20  8:24:01 pm BST Network is UP. Just exit the program.
10-20  8:25:01 pm BST Network is UP. Just exit the program.
10-20  8:26:01 pm BST Network is UP. Just exit the program.
10-20  8:27:01 pm BST Network is UP. Just exit the program.
10-20  8:28:01 pm BST Network is UP. Just exit the program.
10-20  8:29:01 pm BST Network is UP. Just exit the program.
10-20  8:30:01 pm BST Network is UP. Just exit the program.
10-20  8:31:01 pm BST Network is UP. Just exit the program.
10-20  8:32:01 pm BST Network is UP. Just exit the program.
10-20  8:33:01 pm BST Network is UP. Just exit the program.
10-20  8:34:01 pm BST Network is UP. Just exit the program.
10-20  8:35:02 pm BST Network is UP. Just exit the program.
10-20  8:36:01 pm BST Network is UP. Just exit the program.
10-20  8:37:01 pm BST Network is UP. Just exit the program.
10-20  8:38:01 pm BST Network is UP. Just exit the program.
10-20  8:39:01 pm BST Network is UP. Just exit the program.
10-20  8:40:01 pm BST Network is UP. Just exit the program.
10-20  8:41:01 pm BST Network is UP. Just exit the program.
10-20  8:42:01 pm BST Network is UP. Just exit the program.
10-20  8:43:01 pm BST Network is UP. Just exit the program.
10-20  8:44:01 pm BST Network is UP. Just exit the program.
10-20  8:45:01 pm BST Network is UP. Just exit the program.
10-20  8:46:02 pm BST Network is UP. Just exit the program.
10-20  8:47:01 pm BST Network is UP. Just exit the program.
10-20  8:48:01 pm BST Network is UP. Just exit the program.
10-20  8:49:01 pm BST Network is UP. Just exit the program.
10-20  8:50:01 pm BST Network is UP. Just exit the program.
10-20  8:51:01 pm BST Network is UP. Just exit the program.
10-20  8:52:01 pm BST Network is UP. Just exit the program.
10-20  8:53:01 pm BST Network is UP. Just exit the program.
10-20  8:54:01 pm BST Network is UP. Just exit the program.
10-20  8:55:01 pm BST Network is UP. Just exit the program.
10-20  8:56:01 pm BST Network is UP. Just exit the program.
10-20  8:57:01 pm BST Network is UP. Just exit the program.
10-20  8:58:01 pm BST Network is UP. Just exit the program.
10-20  8:59:01 pm BST Network is UP. Just exit the program.
10-20  9:00:01 pm BST Network is UP. Just exit the program.
10-20  9:01:01 pm BST Network is UP. Just exit the program.
10-20  9:02:01 pm BST Network is UP. Just exit the program.
10-20  9:03:01 pm BST Network is UP. Just exit the program.
10-20  9:04:01 pm BST Network is UP. Just exit the program.
10-20  9:05:01 pm BST Network is UP. Just exit the program.
10-20  9:06:01 pm BST Network is UP. Just exit the program.
10-20  9:07:01 pm BST Network is UP. Just exit the program.
10-20  9:08:01 pm BST Network is UP. Just exit the program.
10-20  9:09:01 pm BST Network is UP. Just exit the program.
10-20  9:10:01 pm BST Network is UP. Just exit the program.
10-20  9:11:01 pm BST Network is UP. Just exit the program.
10-20  9:12:01 pm BST Network is UP. Just exit the program.
10-20  9:13:01 pm BST Network is UP. Just exit the program.
10-20  9:14:01 pm BST Network is UP. Just exit the program.
10-20  9:15:01 pm BST Network is UP. Just exit the program.
10-20  9:16:01 pm BST Network is UP. Just exit the program.
10-20  9:17:01 pm BST Network is UP. Just exit the program.
10-20  9:18:01 pm BST Network is UP. Just exit the program.
10-20  9:19:01 pm BST Network is UP. Just exit the program.
10-20  9:20:01 pm BST Network is UP. Just exit the program.
10-20  9:21:01 pm BST Network is UP. Just exit the program.
10-20  9:22:01 pm BST Network is UP. Just exit the program.
10-20  9:23:01 pm BST Network is UP. Just exit the program.
10-20  9:24:01 pm BST Network is UP. Just exit the program.
10-20  9:25:01 pm BST Network is UP. Just exit the program.
10-20  9:26:01 pm BST Network is UP. Just exit the program.
10-20  9:27:01 pm BST Network is UP. Just exit the program.
10-20  9:28:01 pm BST Network is UP. Just exit the program.
10-20  9:29:01 pm BST Network is UP. Just exit the program.
10-20  9:30:01 pm BST Network is UP. Just exit the program.
10-20  9:31:01 pm BST Network is UP. Just exit the program.
10-20  9:32:01 pm BST Network is UP. Just exit the program.
10-20  9:33:02 pm BST Network is UP. Just exit the program.
10-20  9:34:01 pm BST Network is UP. Just exit the program.
10-20  9:35:01 pm BST Network is UP. Just exit the program.
10-20  9:36:01 pm BST Network is UP. Just exit the program.
10-20  9:37:01 pm BST Network is UP. Just exit the program.
10-20  9:38:01 pm BST Network is UP. Just exit the program.
10-20  9:39:01 pm BST Network is UP. Just exit the program.
10-20  9:40:01 pm BST Network is UP. Just exit the program.
10-20  9:41:01 pm BST Network is UP. Just exit the program.
10-20  9:42:01 pm BST Network is UP. Just exit the program.
10-20  9:43:01 pm BST Network is UP. Just exit the program.
10-20  9:44:01 pm BST Network is UP. Just exit the program.
10-20  9:45:01 pm BST Network is UP. Just exit the program.
10-20  9:46:01 pm BST Network is UP. Just exit the program.
10-20  9:47:01 pm BST Network is UP. Just exit the program.
10-20  9:48:01 pm BST Network is UP. Just exit the program.
10-20  9:49:01 pm BST Network is UP. Just exit the program.
10-20  9:50:01 pm BST Network is UP. Just exit the program.
10-20  9:51:01 pm BST Network is UP. Just exit the program.
10-20  9:52:01 pm BST Network is UP. Just exit the program.
10-20  9:53:02 pm BST Network is UP. Just exit the program.
10-20  9:54:01 pm BST Network is UP. Just exit the program.
10-20  9:55:01 pm BST Network is UP. Just exit the program.
10-20  9:56:01 pm BST Network is UP. Just exit the program.
10-20  9:57:01 pm BST Network is UP. Just exit the program.
10-20  9:58:01 pm BST Network is UP. Just exit the program.
10-20  9:59:01 pm BST Network is UP. Just exit the program.
10-20 10:00:01 pm BST Network is UP. Just exit the program.
10-20 10:01:01 pm BST Network is UP. Just exit the program.
10-20 10:02:01 pm BST Network is UP. Just exit the program.
10-20 10:03:01 pm BST Network is UP. Just exit the program.
10-20 10:04:02 pm BST Network is UP. Just exit the program.
10-20 10:05:01 pm BST Network is UP. Just exit the program.
10-20 10:06:01 pm BST Network is UP. Just exit the program.
10-20 10:07:01 pm BST Network is UP. Just exit the program.
10-20 10:08:01 pm BST Network is UP. Just exit the program.
10-20 10:09:01 pm BST Network is UP. Just exit the program.
10-20 10:10:01 pm BST Network is UP. Just exit the program.
10-20 10:11:01 pm BST Network is UP. Just exit the program.
10-20 10:12:01 pm BST Network is UP. Just exit the program.
10-20 10:13:01 pm BST Network is UP. Just exit the program.
10-20 10:14:01 pm BST Network is UP. Just exit the program.
10-20 10:15:02 pm BST Network is UP. Just exit the program.
10-20 10:16:01 pm BST Network is UP. Just exit the program.
10-20 10:17:01 pm BST Network is UP. Just exit the program.
10-20 10:18:01 pm BST Network is UP. Just exit the program.
10-20 10:19:01 pm BST Network is UP. Just exit the program.
10-20 10:20:01 pm BST Network is UP. Just exit the program.
10-20 10:21:01 pm BST Network is UP. Just exit the program.
10-20 10:22:01 pm BST Network is UP. Just exit the program.
10-20 10:23:01 pm BST Network is UP. Just exit the program.
10-20 10:24:01 pm BST Network is UP. Just exit the program.
10-20 10:25:01 pm BST Network is UP. Just exit the program.
10-20 10:26:01 pm BST Network is UP. Just exit the program.
10-20 10:27:01 pm BST Network is UP. Just exit the program.
10-20 10:28:01 pm BST Network is UP. Just exit the program.
10-20 10:29:01 pm BST Network is UP. Just exit the program.
10-20 10:30:01 pm BST Network is UP. Just exit the program.
10-20 10:31:01 pm BST Network is UP. Just exit the program.
10-20 10:32:01 pm BST Network is UP. Just exit the program.
10-20 10:33:01 pm BST Network is UP. Just exit the program.
10-20 10:34:01 pm BST Network is UP. Just exit the program.
10-20 10:35:01 pm BST Network is UP. Just exit the program.
10-20 10:36:01 pm BST Network is UP. Just exit the program.
10-20 10:37:01 pm BST Network is UP. Just exit the program.
10-20 10:38:01 pm BST Network is UP. Just exit the program.
10-20 10:39:01 pm BST Network is UP. Just exit the program.
10-20 10:40:01 pm BST Network is UP. Just exit the program.
10-20 10:41:01 pm BST Network is UP. Just exit the program.
10-20 10:42:01 pm BST Network is UP. Just exit the program.
10-20 10:43:01 pm BST Network is UP. Just exit the program.
10-20 10:44:01 pm BST Network is UP. Just exit the program.
10-20 10:45:01 pm BST Network is UP. Just exit the program.
10-20 10:46:01 pm BST Network is UP. Just exit the program.
10-20 10:47:01 pm BST Network is UP. Just exit the program.
10-20 10:48:01 pm BST Network is UP. Just exit the program.
10-20 10:49:01 pm BST Network is UP. Just exit the program.
10-20 10:50:01 pm BST Network is UP. Just exit the program.
10-20 10:51:01 pm BST Network is UP. Just exit the program.
10-20 10:52:01 pm BST Network is UP. Just exit the program.
10-20 10:53:01 pm BST Network is UP. Just exit the program.
10-20 10:54:01 pm BST Network is UP. Just exit the program.
10-20 10:55:01 pm BST Network is UP. Just exit the program.
10-20 10:56:01 pm BST Network is UP. Just exit the program.
10-20 10:57:01 pm BST Network is UP. Just exit the program.
10-20 10:58:01 pm BST Network is UP. Just exit the program.
10-20 10:59:01 pm BST Network is UP. Just exit the program.
10-20 11:00:01 pm BST Network is UP. Just exit the program.
10-20 11:01:01 pm BST Network is UP. Just exit the program.
10-20 11:02:01 pm BST Network is UP. Just exit the program.
10-20 11:03:01 pm BST Network is UP. Just exit the program.
10-20 11:04:01 pm BST Network is UP. Just exit the program.
10-20 11:05:01 pm BST Network is UP. Just exit the program.
10-20 11:06:01 pm BST Network is UP. Just exit the program.
10-20 11:07:01 pm BST Network is UP. Just exit the program.
10-20 11:08:01 pm BST Network is UP. Just exit the program.
10-20 11:09:01 pm BST Network is UP. Just exit the program.
10-20 11:10:01 pm BST Network is UP. Just exit the program.
10-20 11:11:01 pm BST Network is UP. Just exit the program.
10-20 11:12:01 pm BST Network is UP. Just exit the program.
10-20 11:13:01 pm BST Network is UP. Just exit the program.
10-20 11:14:01 pm BST Network is UP. Just exit the program.
10-20 11:15:01 pm BST Network is UP. Just exit the program.
10-20 11:16:01 pm BST Network is UP. Just exit the program.
10-20 11:17:01 pm BST Network is UP. Just exit the program.
10-20 11:18:01 pm BST Network is UP. Just exit the program.
10-20 11:19:01 pm BST Network is UP. Just exit the program.
10-20 11:20:01 pm BST Network is UP. Just exit the program.
10-20 11:21:01 pm BST Network is UP. Just exit the program.
10-20 11:22:01 pm BST Network is UP. Just exit the program.
10-20 11:23:01 pm BST Network is UP. Just exit the program.
10-20 11:24:01 pm BST Network is UP. Just exit the program.
10-20 11:25:01 pm BST Network is UP. Just exit the program.
10-20 11:26:01 pm BST Network is UP. Just exit the program.
10-20 11:27:01 pm BST Network is UP. Just exit the program.
10-20 11:28:01 pm BST Network is UP. Just exit the program.
10-20 11:29:01 pm BST Network is UP. Just exit the program.
10-20 11:30:01 pm BST Network is UP. Just exit the program.
10-20 11:31:01 pm BST Network is UP. Just exit the program.
10-20 11:32:01 pm BST Network is UP. Just exit the program.
10-20 11:33:01 pm BST Network is UP. Just exit the program.
10-20 11:34:01 pm BST Network is UP. Just exit the program.
10-20 11:35:01 pm BST Network is UP. Just exit the program.
10-20 11:36:01 pm BST Network is UP. Just exit the program.
10-20 11:37:01 pm BST Network is UP. Just exit the program.
10-20 11:38:02 pm BST Network is UP. Just exit the program.
10-20 11:39:01 pm BST Network is UP. Just exit the program.
10-20 11:40:01 pm BST Network is UP. Just exit the program.
10-20 11:41:01 pm BST Network is UP. Just exit the program.
10-20 11:42:01 pm BST Network is UP. Just exit the program.
10-20 11:43:01 pm BST Network is UP. Just exit the program.
10-20 11:44:01 pm BST Network is UP. Just exit the program.
10-20 11:45:01 pm BST Network is UP. Just exit the program.
10-20 11:46:01 pm BST Network is UP. Just exit the program.
10-20 11:47:01 pm BST Network is UP. Just exit the program.
10-20 11:48:01 pm BST Network is UP. Just exit the program.
10-20 11:49:02 pm BST Network is UP. Just exit the program.
10-20 11:50:01 pm BST Network is UP. Just exit the program.
10-20 11:51:01 pm BST Network is UP. Just exit the program.
10-20 11:52:01 pm BST Network is UP. Just exit the program.
10-20 11:53:01 pm BST Network is UP. Just exit the program.
10-20 11:54:01 pm BST Network is UP. Just exit the program.
10-20 11:55:01 pm BST Network is UP. Just exit the program.
10-20 11:56:01 pm BST Network is UP. Just exit the program.
10-20 11:57:01 pm BST Network is UP. Just exit the program.
10-20 11:58:01 pm BST Network is UP. Just exit the program.
10-20 11:59:01 pm BST Network is UP. Just exit the program.
10-21 12:00:02 am BST Network is UP. Just exit the program.
10-21 12:01:01 am BST Network is UP. Just exit the program.
10-21 12:02:01 am BST Network is UP. Just exit the program.
10-21 12:03:01 am BST Network is UP. Just exit the program.
10-21 12:04:01 am BST Network is UP. Just exit the program.
10-21 12:05:01 am BST Network is UP. Just exit the program.
10-21 12:06:01 am BST Network is UP. Just exit the program.
10-21 12:07:01 am BST Network is UP. Just exit the program.
10-21 12:08:01 am BST Network is UP. Just exit the program.
10-21 12:09:01 am BST Network is UP. Just exit the program.
10-21 12:10:01 am BST Network is UP. Just exit the program.
10-21 12:11:02 am BST Network is UP. Just exit the program.
10-21 12:12:01 am BST Network is UP. Just exit the program.
10-21 12:13:01 am BST Network is UP. Just exit the program.
10-21 12:14:01 am BST Network is UP. Just exit the program.
10-21 12:15:01 am BST Network is UP. Just exit the program.
10-21 12:16:01 am BST Network is UP. Just exit the program.
10-21 12:17:01 am BST Network is UP. Just exit the program.
10-21 12:18:01 am BST Network is UP. Just exit the program.
10-21 12:19:01 am BST Network is UP. Just exit the program.
10-21 12:20:01 am BST Network is UP. Just exit the program.
10-21 12:21:01 am BST Network is UP. Just exit the program.
10-21 12:22:02 am BST Network is UP. Just exit the program.
10-21 12:23:01 am BST Network is UP. Just exit the program.
10-21 12:24:01 am BST Network is UP. Just exit the program.
10-21 12:25:01 am BST Network is UP. Just exit the program.
10-21 12:26:01 am BST Network is UP. Just exit the program.
10-21 12:27:01 am BST Network is UP. Just exit the program.
10-21 12:28:01 am BST Network is UP. Just exit the program.
10-21 12:29:01 am BST Network is UP. Just exit the program.
10-21 12:30:01 am BST Network is UP. Just exit the program.
10-21 12:31:01 am BST Network is UP. Just exit the program.
10-21 12:32:02 am BST Network is UP. Just exit the program.
10-21 12:33:01 am BST Network is UP. Just exit the program.
10-21 12:34:01 am BST Network is UP. Just exit the program.
10-21 12:35:01 am BST Network is UP. Just exit the program.
10-21 12:36:01 am BST Network is UP. Just exit the program.
10-21 12:37:01 am BST Network is UP. Just exit the program.
10-21 12:38:01 am BST Network is UP. Just exit the program.
10-21 12:39:01 am BST Network is UP. Just exit the program.
10-21 12:40:01 am BST Network is UP. Just exit the program.
10-21 12:41:01 am BST Network is UP. Just exit the program.
10-21 12:42:02 am BST Network is UP. Just exit the program.
10-21 12:43:01 am BST Network is UP. Just exit the program.
10-21 12:44:01 am BST Network is UP. Just exit the program.
10-21 12:45:01 am BST Network is UP. Just exit the program.
10-21 12:46:01 am BST Network is UP. Just exit the program.
10-21 12:47:01 am BST Network is UP. Just exit the program.
10-21 12:48:01 am BST Network is UP. Just exit the program.
10-21 12:49:01 am BST Network is UP. Just exit the program.
10-21 12:50:01 am BST Network is UP. Just exit the program.
10-21 12:51:01 am BST Network is UP. Just exit the program.
10-21 12:52:01 am BST Network is UP. Just exit the program.
10-21 12:53:01 am BST Network is UP. Just exit the program.
10-21 12:54:01 am BST Network is UP. Just exit the program.
10-21 12:55:01 am BST Network is UP. Just exit the program.
10-21 12:56:01 am BST Network is UP. Just exit the program.
10-21 12:57:01 am BST Network is UP. Just exit the program.
10-21 12:58:01 am BST Network is UP. Just exit the program.
10-21 12:59:01 am BST Network is UP. Just exit the program.
10-21  1:00:01 am BST Network is UP. Just exit the program.
10-21  1:01:01 am BST Network is UP. Just exit the program.
10-21  1:02:01 am BST Network is UP. Just exit the program.
10-21  1:03:01 am BST Network is UP. Just exit the program.
10-21  1:04:01 am BST Network is UP. Just exit the program.
10-21  1:05:01 am BST Network is UP. Just exit the program.
10-21  1:06:01 am BST Network is UP. Just exit the program.
10-21  1:07:01 am BST Network is UP. Just exit the program.
10-21  1:08:01 am BST Network is UP. Just exit the program.
10-21  1:09:01 am BST Network is UP. Just exit the program.
10-21  1:10:01 am BST Network is UP. Just exit the program.
10-21  1:11:01 am BST Network is UP. Just exit the program.
10-21  1:12:01 am BST Network is UP. Just exit the program.
10-21  1:13:02 am BST Network is UP. Just exit the program.
10-21  1:14:01 am BST Network is UP. Just exit the program.
10-21  1:15:01 am BST Network is UP. Just exit the program.
10-21  1:16:01 am BST Network is UP. Just exit the program.
10-21  1:17:01 am BST Network is UP. Just exit the program.
10-21  1:18:01 am BST Network is UP. Just exit the program.
10-21  1:19:01 am BST Network is UP. Just exit the program.
10-21  1:20:01 am BST Network is UP. Just exit the program.
10-21  1:21:01 am BST Network is UP. Just exit the program.
10-21  1:22:01 am BST Network is UP. Just exit the program.
10-21  1:23:01 am BST Network is UP. Just exit the program.
10-21  1:24:01 am BST Network is UP. Just exit the program.
10-21  1:25:01 am BST Network is UP. Just exit the program.
10-21  1:26:01 am BST Network is UP. Just exit the program.
10-21  1:27:01 am BST Network is UP. Just exit the program.
10-21  1:28:01 am BST Network is UP. Just exit the program.
10-21  1:29:01 am BST Network is UP. Just exit the program.
10-21  1:30:01 am BST Network is UP. Just exit the program.
10-21  1:31:01 am BST Network is UP. Just exit the program.
10-21  1:32:01 am BST Network is UP. Just exit the program.
10-21  1:33:01 am BST Network is UP. Just exit the program.
10-21  1:34:01 am BST Network is UP. Just exit the program.
10-21  1:35:01 am BST Network is UP. Just exit the program.
10-21  1:36:01 am BST Network is UP. Just exit the program.
10-21  1:37:01 am BST Network is UP. Just exit the program.
10-21  1:38:01 am BST Network is UP. Just exit the program.
10-21  1:39:01 am BST Network is UP. Just exit the program.
10-21  1:40:01 am BST Network is UP. Just exit the program.
10-21  1:41:01 am BST Network is UP. Just exit the program.
10-21  1:42:01 am BST Network is UP. Just exit the program.
10-21  1:43:01 am BST Network is UP. Just exit the program.
10-21  1:44:02 am BST Network is UP. Just exit the program.
10-21  1:45:01 am BST Network is UP. Just exit the program.
10-21  1:46:01 am BST Network is UP. Just exit the program.
10-21  1:47:01 am BST Network is UP. Just exit the program.
10-21  1:48:01 am BST Network is UP. Just exit the program.
10-21  1:49:01 am BST Network is UP. Just exit the program.
10-21  1:50:01 am BST Network is UP. Just exit the program.
10-21  1:51:01 am BST Network is UP. Just exit the program.
10-21  1:52:01 am BST Network is UP. Just exit the program.
10-21  1:53:01 am BST Network is UP. Just exit the program.
10-21  1:54:01 am BST Network is UP. Just exit the program.
10-21  1:55:01 am BST Network is UP. Just exit the program.
10-21  1:56:01 am BST Network is UP. Just exit the program.
10-21  1:57:01 am BST Network is UP. Just exit the program.
10-21  1:58:01 am BST Network is UP. Just exit the program.
10-21  1:59:01 am BST Network is UP. Just exit the program.
10-21  2:00:01 am BST Network is UP. Just exit the program.
10-21  2:01:01 am BST Network is UP. Just exit the program.
10-21  2:02:01 am BST Network is UP. Just exit the program.
10-21  2:03:01 am BST Network is UP. Just exit the program.
10-21  2:04:01 am BST Network is UP. Just exit the program.
10-21  2:05:02 am BST Network is UP. Just exit the program.
10-21  2:06:01 am BST Network is UP. Just exit the program.
10-21  2:07:01 am BST Network is UP. Just exit the program.
10-21  2:08:01 am BST Network is UP. Just exit the program.
10-21  2:09:01 am BST Network is UP. Just exit the program.
10-21  2:10:01 am BST Network is UP. Just exit the program.
10-21  2:11:01 am BST Network is UP. Just exit the program.
10-21  2:12:01 am BST Network is UP. Just exit the program.
10-21  2:13:01 am BST Network is UP. Just exit the program.
10-21  2:14:01 am BST Network is UP. Just exit the program.
10-21  2:15:01 am BST Network is UP. Just exit the program.
10-21  2:16:01 am BST Network is UP. Just exit the program.
10-21  2:17:01 am BST Network is UP. Just exit the program.
10-21  2:18:01 am BST Network is UP. Just exit the program.
10-21  2:19:01 am BST Network is UP. Just exit the program.
10-21  2:20:01 am BST Network is UP. Just exit the program.
10-21  2:21:01 am BST Network is UP. Just exit the program.
10-21  2:22:01 am BST Network is UP. Just exit the program.
10-21  2:23:01 am BST Network is UP. Just exit the program.
10-21  2:24:01 am BST Network is UP. Just exit the program.
10-21  2:25:01 am BST Network is UP. Just exit the program.
10-21  2:26:01 am BST Network is UP. Just exit the program.
10-21  2:27:01 am BST Network is UP. Just exit the program.
10-21  2:28:01 am BST Network is UP. Just exit the program.
10-21  2:29:01 am BST Network is UP. Just exit the program.
10-21  2:30:01 am BST Network is UP. Just exit the program.
10-21  2:31:01 am BST Network is UP. Just exit the program.
10-21  2:32:01 am BST Network is UP. Just exit the program.
10-21  2:33:01 am BST Network is UP. Just exit the program.
10-21  2:34:01 am BST Network is UP. Just exit the program.
10-21  2:35:01 am BST Network is UP. Just exit the program.
10-21  2:36:01 am BST Network is UP. Just exit the program.
10-21  2:37:01 am BST Network is UP. Just exit the program.
10-21  2:38:01 am BST Network is UP. Just exit the program.
10-21  2:39:01 am BST Network is UP. Just exit the program.
10-21  2:40:01 am BST Network is UP. Just exit the program.
10-21  2:41:01 am BST Network is UP. Just exit the program.
10-21  2:42:01 am BST Network is UP. Just exit the program.
10-21  2:43:01 am BST Network is UP. Just exit the program.
10-21  2:44:01 am BST Network is UP. Just exit the program.
10-21  2:45:01 am BST Network is UP. Just exit the program.
10-21  2:46:02 am BST Network is UP. Just exit the program.
10-21  2:47:01 am BST Network is UP. Just exit the program.
10-21  2:48:01 am BST Network is UP. Just exit the program.
10-21  2:49:01 am BST Network is UP. Just exit the program.
10-21  2:50:01 am BST Network is UP. Just exit the program.
10-21  2:51:01 am BST Network is UP. Just exit the program.
10-21  2:52:01 am BST Network is UP. Just exit the program.
10-21  2:53:01 am BST Network is UP. Just exit the program.
10-21  2:54:01 am BST Network is UP. Just exit the program.
10-21  2:55:01 am BST Network is UP. Just exit the program.
10-21  2:56:01 am BST Network is UP. Just exit the program.
10-21  2:57:01 am BST Network is UP. Just exit the program.
10-21  2:58:01 am BST Network is UP. Just exit the program.
10-21  2:59:01 am BST Network is UP. Just exit the program.
10-21  3:00:01 am BST Network is UP. Just exit the program.
10-21  3:01:01 am BST Network is UP. Just exit the program.
10-21  3:02:01 am BST Network is UP. Just exit the program.
10-21  3:03:01 am BST Network is UP. Just exit the program.
10-21  3:04:01 am BST Network is UP. Just exit the program.
10-21  3:05:01 am BST Network is UP. Just exit the program.
10-21  3:06:01 am BST Network is UP. Just exit the program.
10-21  3:07:01 am BST Network is UP. Just exit the program.
10-21  3:08:01 am BST Network is UP. Just exit the program.
10-21  3:09:01 am BST Network is UP. Just exit the program.
10-21  3:10:01 am BST Network is UP. Just exit the program.
10-21  3:11:01 am BST Network is UP. Just exit the program.
10-21  3:12:01 am BST Network is UP. Just exit the program.
10-21  3:13:01 am BST Network is UP. Just exit the program.
10-21  3:14:01 am BST Network is UP. Just exit the program.
10-21  3:15:01 am BST Network is UP. Just exit the program.
10-21  3:16:01 am BST Network is UP. Just exit the program.
10-21  3:17:01 am BST Network is UP. Just exit the program.
10-21  3:18:02 am BST Network is UP. Just exit the program.
10-21  3:19:01 am BST Network is UP. Just exit the program.
10-21  3:20:01 am BST Network is UP. Just exit the program.
10-21  3:21:01 am BST Network is UP. Just exit the program.
10-21  3:22:01 am BST Network is UP. Just exit the program.
10-21  3:23:01 am BST Network is UP. Just exit the program.
10-21  3:24:01 am BST Network is UP. Just exit the program.
10-21  3:25:01 am BST Network is UP. Just exit the program.
10-21  3:26:01 am BST Network is UP. Just exit the program.
10-21  3:27:01 am BST Network is UP. Just exit the program.
10-21  3:28:01 am BST Network is UP. Just exit the program.
10-21  3:29:01 am BST Network is UP. Just exit the program.
10-21  3:30:01 am BST Network is UP. Just exit the program.
10-21  3:31:01 am BST Network is UP. Just exit the program.
10-21  3:32:01 am BST Network is UP. Just exit the program.
10-21  3:33:01 am BST Network is UP. Just exit the program.
10-21  3:34:01 am BST Network is UP. Just exit the program.
10-21  3:35:01 am BST Network is UP. Just exit the program.
10-21  3:36:01 am BST Network is UP. Just exit the program.
10-21  3:37:01 am BST Network is UP. Just exit the program.
10-21  3:38:01 am BST Network is UP. Just exit the program.
10-21  3:39:01 am BST Network is UP. Just exit the program.
10-21  3:40:01 am BST Network is UP. Just exit the program.
10-21  3:41:01 am BST Network is UP. Just exit the program.
10-21  3:42:01 am BST Network is UP. Just exit the program.
10-21  3:43:01 am BST Network is UP. Just exit the program.
10-21  3:44:01 am BST Network is UP. Just exit the program.
10-21  3:45:01 am BST Network is UP. Just exit the program.
10-21  3:46:01 am BST Network is UP. Just exit the program.
10-21  3:47:01 am BST Network is UP. Just exit the program.
10-21  3:48:01 am BST Network is UP. Just exit the program.
10-21  3:49:01 am BST Network is UP. Just exit the program.
10-21  3:50:02 am BST Network is UP. Just exit the program.
10-21  3:51:01 am BST Network is UP. Just exit the program.
10-21  3:52:01 am BST Network is UP. Just exit the program.
10-21  3:53:01 am BST Network is UP. Just exit the program.
10-21  3:54:01 am BST Network is UP. Just exit the program.
10-21  3:55:01 am BST Network is UP. Just exit the program.
10-21  3:56:01 am BST Network is UP. Just exit the program.
10-21  3:57:01 am BST Network is UP. Just exit the program.
10-21  3:58:01 am BST Network is UP. Just exit the program.
10-21  3:59:01 am BST Network is UP. Just exit the program.
10-21  4:00:01 am BST Network is UP. Just exit the program.
10-21  4:01:01 am BST Network is UP. Just exit the program.
10-21  4:02:01 am BST Network is UP. Just exit the program.
10-21  4:03:01 am BST Network is UP. Just exit the program.
10-21  4:04:01 am BST Network is UP. Just exit the program.
10-21  4:05:01 am BST Network is UP. Just exit the program.
10-21  4:06:01 am BST Network is UP. Just exit the program.
10-21  4:07:01 am BST Network is UP. Just exit the program.
10-21  4:08:01 am BST Network is UP. Just exit the program.
10-21  4:09:01 am BST Network is UP. Just exit the program.
10-21  4:10:01 am BST Network is UP. Just exit the program.
10-21  4:11:01 am BST Network is UP. Just exit the program.
10-21  4:12:01 am BST Network is UP. Just exit the program.
10-21  4:13:01 am BST Network is UP. Just exit the program.
10-21  4:14:01 am BST Network is UP. Just exit the program.
10-21  4:15:01 am BST Network is UP. Just exit the program.
10-21  4:16:01 am BST Network is UP. Just exit the program.
10-21  4:17:01 am BST Network is UP. Just exit the program.
10-21  4:18:01 am BST Network is UP. Just exit the program.
10-21  4:19:01 am BST Network is UP. Just exit the program.
10-21  4:20:01 am BST Network is UP. Just exit the program.
10-21  4:21:01 am BST Network is UP. Just exit the program.
10-21  4:22:01 am BST Network is UP. Just exit the program.
10-21  4:23:01 am BST Network is UP. Just exit the program.
10-21  4:24:01 am BST Network is UP. Just exit the program.
10-21  4:25:01 am BST Network is UP. Just exit the program.
10-21  4:26:01 am BST Network is UP. Just exit the program.
10-21  4:27:01 am BST Network is UP. Just exit the program.
10-21  4:28:01 am BST Network is UP. Just exit the program.
10-21  4:29:01 am BST Network is UP. Just exit the program.
10-21  4:30:01 am BST Network is UP. Just exit the program.
10-21  4:31:01 am BST Network is UP. Just exit the program.
10-21  4:32:01 am BST Network is UP. Just exit the program.
10-21  4:33:01 am BST Network is UP. Just exit the program.
10-21  4:34:01 am BST Network is UP. Just exit the program.
10-21  4:35:01 am BST Network is UP. Just exit the program.
10-21  4:36:01 am BST Network is UP. Just exit the program.
10-21  4:37:01 am BST Network is UP. Just exit the program.
10-21  4:38:01 am BST Network is UP. Just exit the program.
10-21  4:39:01 am BST Network is UP. Just exit the program.
10-21  4:40:01 am BST Network is UP. Just exit the program.
10-21  4:41:01 am BST Network is UP. Just exit the program.
10-21  4:42:01 am BST Network is UP. Just exit the program.
10-21  4:43:01 am BST Network is UP. Just exit the program.
10-21  4:44:01 am BST Network is UP. Just exit the program.
10-21  4:45:01 am BST Network is UP. Just exit the program.
10-21  4:46:01 am BST Network is UP. Just exit the program.
10-21  4:47:01 am BST Network is UP. Just exit the program.
10-21  4:48:01 am BST Network is UP. Just exit the program.
10-21  4:49:01 am BST Network is UP. Just exit the program.
10-21  4:50:01 am BST Network is UP. Just exit the program.
10-21  4:51:01 am BST Network is UP. Just exit the program.
10-21  4:52:01 am BST Network is UP. Just exit the program.
10-21  4:53:01 am BST Network is UP. Just exit the program.
10-21  4:54:01 am BST Network is UP. Just exit the program.
10-21  4:55:01 am BST Network is UP. Just exit the program.
10-21  4:56:01 am BST Network is UP. Just exit the program.
10-21  4:57:01 am BST Network is UP. Just exit the program.
10-21  4:58:01 am BST Network is UP. Just exit the program.
10-21  4:59:01 am BST Network is UP. Just exit the program.
10-21  5:00:01 am BST Network is UP. Just exit the program.
10-21  5:01:01 am BST Network is UP. Just exit the program.
10-21  5:02:01 am BST Network is UP. Just exit the program.
10-21  5:03:02 am BST Network is UP. Just exit the program.
10-21  5:04:01 am BST Network is UP. Just exit the program.
10-21  5:05:01 am BST Network is UP. Just exit the program.
10-21  5:06:01 am BST Network is UP. Just exit the program.
10-21  5:07:01 am BST Network is UP. Just exit the program.
10-21  5:08:01 am BST Network is UP. Just exit the program.
10-21  5:09:01 am BST Network is UP. Just exit the program.
10-21  5:10:01 am BST Network is UP. Just exit the program.
10-21  5:11:01 am BST Network is UP. Just exit the program.
10-21  5:12:01 am BST Network is UP. Just exit the program.
10-21  5:13:01 am BST Network is UP. Just exit the program.
10-21  5:14:01 am BST Network is UP. Just exit the program.
10-21  5:15:01 am BST Network is UP. Just exit the program.
10-21  5:16:01 am BST Network is UP. Just exit the program.
10-21  5:17:01 am BST Network is UP. Just exit the program.
10-21  5:18:01 am BST Network is UP. Just exit the program.
10-21  5:19:01 am BST Network is UP. Just exit the program.
10-21  5:20:01 am BST Network is UP. Just exit the program.
10-21  5:21:01 am BST Network is UP. Just exit the program.
10-21  5:22:01 am BST Network is UP. Just exit the program.
10-21  5:23:01 am BST Network is UP. Just exit the program.
10-21  5:24:01 am BST Network is UP. Just exit the program.
10-21  5:25:01 am BST Network is UP. Just exit the program.
10-21  5:26:01 am BST Network is UP. Just exit the program.
10-21  5:27:01 am BST Network is UP. Just exit the program.
10-21  5:28:01 am BST Network is UP. Just exit the program.
10-21  5:29:01 am BST Network is UP. Just exit the program.
10-21  5:30:01 am BST Network is UP. Just exit the program.
10-21  5:31:01 am BST Network is UP. Just exit the program.
10-21  5:32:01 am BST Network is UP. Just exit the program.
10-21  5:33:01 am BST Network is UP. Just exit the program.
10-21  5:34:01 am BST Network is UP. Just exit the program.
10-21  5:35:01 am BST Network is UP. Just exit the program.
10-21  5:36:01 am BST Network is UP. Just exit the program.
10-21  5:37:01 am BST Network is UP. Just exit the program.
10-21  5:38:01 am BST Network is UP. Just exit the program.
10-21  5:39:01 am BST Network is UP. Just exit the program.
10-21  5:40:01 am BST Network is UP. Just exit the program.
10-21  5:41:01 am BST Network is UP. Just exit the program.
10-21  5:42:01 am BST Network is UP. Just exit the program.
10-21  5:43:01 am BST Network is UP. Just exit the program.
10-21  5:44:01 am BST Network is UP. Just exit the program.
10-21  5:45:01 am BST Network is UP. Just exit the program.
10-21  5:46:01 am BST Network is UP. Just exit the program.
10-21  5:47:01 am BST Network is UP. Just exit the program.
10-21  5:48:01 am BST Network is UP. Just exit the program.
10-21  5:49:01 am BST Network is UP. Just exit the program.
10-21  5:50:01 am BST Network is UP. Just exit the program.
10-21  5:51:01 am BST Network is UP. Just exit the program.
10-21  5:52:01 am BST Network is UP. Just exit the program.
10-21  5:53:01 am BST Network is UP. Just exit the program.
10-21  5:54:01 am BST Network is UP. Just exit the program.
10-21  5:55:01 am BST Network is UP. Just exit the program.
10-21  5:56:02 am BST Network is UP. Just exit the program.
10-21  5:57:01 am BST Network is UP. Just exit the program.
10-21  5:58:01 am BST Network is UP. Just exit the program.
10-21  5:59:01 am BST Network is UP. Just exit the program.
10-21  6:00:01 am BST Network is UP. Just exit the program.
10-21  6:01:01 am BST Network is UP. Just exit the program.
10-21  6:02:01 am BST Network is UP. Just exit the program.
10-21  6:03:01 am BST Network is UP. Just exit the program.
10-21  6:04:01 am BST Network is UP. Just exit the program.
10-21  6:05:01 am BST Network is UP. Just exit the program.
10-21  6:06:01 am BST Network is UP. Just exit the program.
10-21  6:07:01 am BST Network is UP. Just exit the program.
10-21  6:08:01 am BST Network is UP. Just exit the program.
10-21  6:09:01 am BST Network is UP. Just exit the program.
10-21  6:10:01 am BST Network is UP. Just exit the program.
10-21  6:11:01 am BST Network is UP. Just exit the program.
10-21  6:12:01 am BST Network is UP. Just exit the program.
10-21  6:13:01 am BST Network is UP. Just exit the program.
10-21  6:14:01 am BST Network is UP. Just exit the program.
10-21  6:15:01 am BST Network is UP. Just exit the program.
10-21  6:16:01 am BST Network is UP. Just exit the program.
10-21  6:17:02 am BST Network is UP. Just exit the program.
10-21  6:18:01 am BST Network is UP. Just exit the program.
10-21  6:19:01 am BST Network is UP. Just exit the program.
10-21  6:20:01 am BST Network is UP. Just exit the program.
10-21  6:21:01 am BST Network is UP. Just exit the program.
10-21  6:22:01 am BST Network is UP. Just exit the program.
10-21  6:23:01 am BST Network is UP. Just exit the program.
10-21  6:24:01 am BST Network is UP. Just exit the program.
10-21  6:25:01 am BST Network is UP. Just exit the program.
10-21  6:26:01 am BST Network is UP. Just exit the program.
10-21  6:27:01 am BST Network is UP. Just exit the program.
10-21  6:28:02 am BST Network is UP. Just exit the program.
10-21  6:29:01 am BST Network is UP. Just exit the program.
10-21  6:30:01 am BST Network is UP. Just exit the program.
10-21  6:31:01 am BST Network is UP. Just exit the program.
10-21  6:32:01 am BST Network is UP. Just exit the program.
10-21  6:33:01 am BST Network is UP. Just exit the program.
10-21  6:34:01 am BST Network is UP. Just exit the program.
10-21  6:35:01 am BST Network is UP. Just exit the program.
10-21  6:36:01 am BST Network is UP. Just exit the program.
10-21  6:37:01 am BST Network is UP. Just exit the program.
10-21  6:38:02 am BST Network is UP. Just exit the program.
10-21  6:39:01 am BST Network is UP. Just exit the program.
10-21  6:40:01 am BST Network is UP. Just exit the program.
10-21  6:41:01 am BST Network is UP. Just exit the program.
10-21  6:42:01 am BST Network is UP. Just exit the program.
10-21  6:43:01 am BST Network is UP. Just exit the program.
10-21  6:44:01 am BST Network is UP. Just exit the program.
10-21  6:45:01 am BST Network is UP. Just exit the program.
10-21  6:46:01 am BST Network is UP. Just exit the program.
10-21  6:47:01 am BST Network is UP. Just exit the program.
10-21  6:48:01 am BST Network is UP. Just exit the program.
10-21  6:49:01 am BST Network is UP. Just exit the program.
10-21  6:50:01 am BST Network is UP. Just exit the program.
10-21  6:51:01 am BST Network is UP. Just exit the program.
10-21  6:52:01 am BST Network is UP. Just exit the program.
10-21  6:53:01 am BST Network is UP. Just exit the program.
10-21  6:54:01 am BST Network is UP. Just exit the program.
10-21  6:55:01 am BST Network is UP. Just exit the program.
10-21  6:56:01 am BST Network is UP. Just exit the program.
10-21  6:57:01 am BST Network is UP. Just exit the program.
10-21  6:58:01 am BST Network is UP. Just exit the program.
10-21  6:59:01 am BST Network is UP. Just exit the program.
10-21  7:00:01 am BST Network is UP. Just exit the program.
10-21  7:01:01 am BST Network is UP. Just exit the program.
10-21  7:02:01 am BST Network is UP. Just exit the program.
10-21  7:03:01 am BST Network is UP. Just exit the program.
10-21  7:04:01 am BST Network is UP. Just exit the program.
10-21  7:05:01 am BST Network is UP. Just exit the program.
10-21  7:06:01 am BST Network is UP. Just exit the program.
10-21  7:07:01 am BST Network is UP. Just exit the program.
10-21  7:08:02 am BST Network is UP. Just exit the program.
10-21  7:09:01 am BST Network is UP. Just exit the program.
10-21  7:10:01 am BST Network is UP. Just exit the program.
10-21  7:11:01 am BST Network is UP. Just exit the program.
10-21  7:12:01 am BST Network is UP. Just exit the program.
10-21  7:13:01 am BST Network is UP. Just exit the program.
10-21  7:14:01 am BST Network is UP. Just exit the program.
10-21  7:15:01 am BST Network is UP. Just exit the program.
10-21  7:16:01 am BST Network is UP. Just exit the program.
10-21  7:17:01 am BST Network is UP. Just exit the program.
10-21  7:18:01 am BST Network is UP. Just exit the program.
10-21  7:19:01 am BST Network is UP. Just exit the program.
10-21  7:20:01 am BST Network is UP. Just exit the program.
10-21  7:21:01 am BST Network is UP. Just exit the program.
10-21  7:22:01 am BST Network is UP. Just exit the program.
10-21  7:23:01 am BST Network is UP. Just exit the program.
10-21  7:24:01 am BST Network is UP. Just exit the program.
10-21  7:25:01 am BST Network is UP. Just exit the program.
10-21  7:26:01 am BST Network is UP. Just exit the program.
10-21  7:27:01 am BST Network is UP. Just exit the program.
10-21  7:28:01 am BST Network is UP. Just exit the program.
10-21  7:29:02 am BST Network is UP. Just exit the program.
10-21  7:30:01 am BST Network is UP. Just exit the program.
10-21  7:31:01 am BST Network is UP. Just exit the program.
10-21  7:32:01 am BST Network is UP. Just exit the program.
10-21  7:33:01 am BST Network is UP. Just exit the program.
10-21  7:34:01 am BST Network is UP. Just exit the program.
10-21  7:35:01 am BST Network is UP. Just exit the program.
10-21  7:36:01 am BST Network is UP. Just exit the program.
10-21  7:37:01 am BST Network is UP. Just exit the program.
10-21  7:38:01 am BST Network is UP. Just exit the program.
10-21  7:39:01 am BST Network is UP. Just exit the program.
10-21  7:40:01 am BST Network is UP. Just exit the program.
10-21  7:41:01 am BST Network is UP. Just exit the program.
10-21  7:42:01 am BST Network is UP. Just exit the program.
10-21  7:43:01 am BST Network is UP. Just exit the program.
10-21  7:44:01 am BST Network is UP. Just exit the program.
10-21  7:45:01 am BST Network is UP. Just exit the program.
10-21  7:46:01 am BST Network is UP. Just exit the program.
10-21  7:47:01 am BST Network is UP. Just exit the program.
10-21  7:48:01 am BST Network is UP. Just exit the program.
10-21  7:49:01 am BST Network is UP. Just exit the program.
10-21  7:50:01 am BST Network is UP. Just exit the program.
10-21  7:51:01 am BST Network is UP. Just exit the program.
10-21  7:52:01 am BST Network is UP. Just exit the program.
10-21  7:53:01 am BST Network is UP. Just exit the program.
10-21  7:54:01 am BST Network is UP. Just exit the program.
10-21  7:55:01 am BST Network is UP. Just exit the program.
10-21  7:56:01 am BST Network is UP. Just exit the program.
10-21  7:57:01 am BST Network is UP. Just exit the program.
10-21  7:58:01 am BST Network is UP. Just exit the program.
10-21  7:59:01 am BST Network is UP. Just exit the program.
10-21  8:00:01 am BST Network is UP. Just exit the program.
10-21  8:01:01 am BST Network is UP. Just exit the program.
10-21  8:02:01 am BST Network is UP. Just exit the program.
10-21  8:03:01 am BST Network is UP. Just exit the program.
10-21  8:04:01 am BST Network is UP. Just exit the program.
10-21  8:05:01 am BST Network is UP. Just exit the program.
10-21  8:06:01 am BST Network is UP. Just exit the program.
10-21  8:07:01 am BST Network is UP. Just exit the program.
10-21  8:08:01 am BST Network is UP. Just exit the program.
10-21  8:09:01 am BST Network is UP. Just exit the program.
10-21  8:10:01 am BST Network is UP. Just exit the program.
10-21  8:11:01 am BST Network is UP. Just exit the program.
10-21  8:12:01 am BST Network is UP. Just exit the program.
10-21  8:13:02 am BST Network is UP. Just exit the program.
10-21  8:14:01 am BST Network is UP. Just exit the program.
10-21  8:15:01 am BST Network is UP. Just exit the program.
10-21  8:16:01 am BST Network is UP. Just exit the program.
10-21  8:17:01 am BST Network is UP. Just exit the program.
10-21  8:18:01 am BST Network is UP. Just exit the program.
10-21  8:19:01 am BST Network is UP. Just exit the program.
10-21  8:20:01 am BST Network is UP. Just exit the program.
10-21  8:21:01 am BST Network is UP. Just exit the program.
10-21  8:22:01 am BST Network is UP. Just exit the program.
10-21  8:23:01 am BST Network is UP. Just exit the program.
10-21  8:24:02 am BST Network is UP. Just exit the program.
10-21  8:25:01 am BST Network is UP. Just exit the program.
10-21  8:26:01 am BST Network is UP. Just exit the program.
10-21  8:27:01 am BST Network is UP. Just exit the program.
10-21  8:28:01 am BST Network is UP. Just exit the program.
10-21  8:29:01 am BST Network is UP. Just exit the program.
10-21  8:30:01 am BST Network is UP. Just exit the program.
10-21  8:31:01 am BST Network is UP. Just exit the program.
10-21  8:32:01 am BST Network is UP. Just exit the program.
10-21  8:33:01 am BST Network is UP. Just exit the program.
10-21  8:34:01 am BST Network is UP. Just exit the program.
10-21  8:35:01 am BST Network is UP. Just exit the program.
10-21  8:36:01 am BST Network is UP. Just exit the program.
10-21  8:37:01 am BST Network is UP. Just exit the program.
10-21  8:38:01 am BST Network is UP. Just exit the program.
10-21  8:39:01 am BST Network is UP. Just exit the program.
10-21  8:40:01 am BST Network is UP. Just exit the program.
10-21  8:41:01 am BST Network is UP. Just exit the program.
10-21  8:42:01 am BST Network is UP. Just exit the program.
10-21  8:43:01 am BST Network is UP. Just exit the program.
10-21  8:44:01 am BST Network is UP. Just exit the program.
10-21  8:45:02 am BST Network is UP. Just exit the program.
10-21  8:46:01 am BST Network is UP. Just exit the program.
10-21  8:47:01 am BST Network is UP. Just exit the program.
10-21  8:48:01 am BST Network is UP. Just exit the program.
10-21  8:49:01 am BST Network is UP. Just exit the program.
10-21  8:50:01 am BST Network is UP. Just exit the program.
10-21  8:51:01 am BST Network is UP. Just exit the program.
10-21  8:52:01 am BST Network is UP. Just exit the program.
10-21  8:53:01 am BST Network is UP. Just exit the program.
10-21  8:54:01 am BST Network is UP. Just exit the program.
10-21  8:55:01 am BST Network is UP. Just exit the program.
10-21  8:56:02 am BST Network is UP. Just exit the program.
10-21  8:57:01 am BST Network is UP. Just exit the program.
10-21  8:58:01 am BST Network is UP. Just exit the program.
10-21  8:59:01 am BST Network is UP. Just exit the program.
10-21  9:00:01 am BST Network is UP. Just exit the program.
10-21  9:01:01 am BST Network is UP. Just exit the program.
10-21  9:02:01 am BST Network is UP. Just exit the program.
10-21  9:03:01 am BST Network is UP. Just exit the program.
10-21  9:04:01 am BST Network is UP. Just exit the program.
10-21  9:05:01 am BST Network is UP. Just exit the program.
10-21  9:06:01 am BST Network is UP. Just exit the program.
10-21  9:07:01 am BST Network is UP. Just exit the program.
10-21  9:08:01 am BST Network is UP. Just exit the program.
10-21  9:09:01 am BST Network is UP. Just exit the program.
10-21  9:10:01 am BST Network is UP. Just exit the program.
10-21  9:11:01 am BST Network is UP. Just exit the program.
10-21  9:12:01 am BST Network is UP. Just exit the program.
10-21  9:13:01 am BST Network is UP. Just exit the program.
10-21  9:14:01 am BST Network is UP. Just exit the program.
10-21  9:15:01 am BST Network is UP. Just exit the program.
10-21  9:16:01 am BST Network is UP. Just exit the program.
10-21  9:17:01 am BST Network is UP. Just exit the program.
10-21  9:18:02 am BST Network is UP. Just exit the program.
10-21  9:19:01 am BST Network is UP. Just exit the program.
10-21  9:20:01 am BST Network is UP. Just exit the program.
10-21  9:21:01 am BST Network is UP. Just exit the program.
10-21  9:22:01 am BST Network is UP. Just exit the program.
10-21  9:23:01 am BST Network is UP. Just exit the program.
10-21  9:24:01 am BST Network is UP. Just exit the program.
10-21  9:25:01 am BST Network is UP. Just exit the program.
10-21  9:26:01 am BST Network is UP. Just exit the program.
10-21  9:27:01 am BST Network is UP. Just exit the program.
10-21  9:28:01 am BST Network is UP. Just exit the program.
10-21  9:29:01 am BST Network is UP. Just exit the program.
10-21  9:30:01 am BST Network is UP. Just exit the program.
10-21  9:31:01 am BST Network is UP. Just exit the program.
10-21  9:32:01 am BST Network is UP. Just exit the program.
10-21  9:33:01 am BST Network is UP. Just exit the program.
10-21  9:34:01 am BST Network is UP. Just exit the program.
10-21  9:35:01 am BST Network is UP. Just exit the program.
10-21  9:36:01 am BST Network is UP. Just exit the program.
10-21  9:37:01 am BST Network is UP. Just exit the program.
10-21  9:38:01 am BST Network is UP. Just exit the program.
10-21  9:39:02 am BST Network is UP. Just exit the program.
10-21  9:40:01 am BST Network is UP. Just exit the program.
10-21  9:41:01 am BST Network is UP. Just exit the program.
10-21  9:42:01 am BST Network is UP. Just exit the program.
10-21  9:43:01 am BST Network is UP. Just exit the program.
10-21  9:44:01 am BST Network is UP. Just exit the program.
10-21  9:45:01 am BST Network is UP. Just exit the program.
10-21  9:46:01 am BST Network is UP. Just exit the program.
10-21  9:47:01 am BST Network is UP. Just exit the program.
10-21  9:48:01 am BST Network is UP. Just exit the program.
10-21  9:49:01 am BST Network is UP. Just exit the program.
10-21  9:50:01 am BST Network is UP. Just exit the program.
10-21  9:51:01 am BST Network is UP. Just exit the program.
10-21  9:52:01 am BST Network is UP. Just exit the program.
10-21  9:53:01 am BST Network is UP. Just exit the program.
10-21  9:54:01 am BST Network is UP. Just exit the program.
10-21  9:55:01 am BST Network is UP. Just exit the program.
10-21  9:56:01 am BST Network is UP. Just exit the program.
10-21  9:57:01 am BST Network is UP. Just exit the program.
10-21  9:58:01 am BST Network is UP. Just exit the program.
10-21  9:59:01 am BST Network is UP. Just exit the program.
10-21 10:00:02 am BST Network is UP. Just exit the program.
10-21 10:01:01 am BST Network is UP. Just exit the program.
10-21 10:02:01 am BST Network is UP. Just exit the program.
10-21 10:03:01 am BST Network is UP. Just exit the program.
10-21 10:04:01 am BST Network is UP. Just exit the program.
10-21 10:05:01 am BST Network is UP. Just exit the program.
10-21 10:06:01 am BST Network is UP. Just exit the program.
10-21 10:07:01 am BST Network is UP. Just exit the program.
10-21 10:08:01 am BST Network is UP. Just exit the program.
10-21 10:09:01 am BST Network is UP. Just exit the program.
10-21 10:10:01 am BST Network is UP. Just exit the program.
10-21 10:11:01 am BST Network is UP. Just exit the program.
10-21 10:12:01 am BST Network is UP. Just exit the program.
10-21 10:13:01 am BST Network is UP. Just exit the program.
10-21 10:14:01 am BST Network is UP. Just exit the program.
10-21 10:15:01 am BST Network is UP. Just exit the program.
10-21 10:16:01 am BST Network is UP. Just exit the program.
10-21 10:17:01 am BST Network is UP. Just exit the program.
10-21 10:18:01 am BST Network is UP. Just exit the program.
10-21 10:19:01 am BST Network is UP. Just exit the program.
10-21 10:20:01 am BST Network is UP. Just exit the program.
10-21 10:21:01 am BST Network is UP. Just exit the program.
10-21 10:22:01 am BST Network is UP. Just exit the program.
10-21 10:23:01 am BST Network is UP. Just exit the program.
10-21 10:24:01 am BST Network is UP. Just exit the program.
10-21 10:25:01 am BST Network is UP. Just exit the program.
10-21 10:26:01 am BST Network is UP. Just exit the program.
10-21 10:27:01 am BST Network is UP. Just exit the program.
10-21 10:28:01 am BST Network is UP. Just exit the program.
10-21 10:29:01 am BST Network is UP. Just exit the program.
10-21 10:30:01 am BST Network is UP. Just exit the program.
10-21 10:31:01 am BST Network is UP. Just exit the program.
10-21 10:32:01 am BST Network is UP. Just exit the program.
10-21 10:33:01 am BST Network is UP. Just exit the program.
10-21 10:34:01 am BST Network is UP. Just exit the program.
10-21 10:35:01 am BST Network is UP. Just exit the program.
10-21 10:36:01 am BST Network is UP. Just exit the program.
10-21 10:37:01 am BST Network is UP. Just exit the program.
10-21 10:38:01 am BST Network is UP. Just exit the program.
10-21 10:39:01 am BST Network is UP. Just exit the program.
10-21 10:40:01 am BST Network is UP. Just exit the program.
10-21 10:41:01 am BST Network is UP. Just exit the program.
10-21 10:42:01 am BST Network is UP. Just exit the program.
10-21 10:43:02 am BST Network is UP. Just exit the program.
10-21 10:44:01 am BST Network is UP. Just exit the program.
10-21 10:45:01 am BST Network is UP. Just exit the program.
10-21 10:46:01 am BST Network is UP. Just exit the program.
10-21 10:47:01 am BST Network is UP. Just exit the program.
10-21 10:48:01 am BST Network is UP. Just exit the program.
10-21 10:49:01 am BST Network is UP. Just exit the program.
10-21 10:50:01 am BST Network is UP. Just exit the program.
10-21 10:51:01 am BST Network is UP. Just exit the program.
10-21 10:52:01 am BST Network is UP. Just exit the program.
10-21 10:53:01 am BST Network is UP. Just exit the program.
10-21 10:54:01 am BST Network is UP. Just exit the program.
10-21 10:55:01 am BST Network is UP. Just exit the program.
10-21 10:56:01 am BST Network is UP. Just exit the program.
10-21 10:57:01 am BST Network is UP. Just exit the program.
10-21 10:58:01 am BST Network is UP. Just exit the program.
10-21 10:59:01 am BST Network is UP. Just exit the program.
10-21 11:00:01 am BST Network is UP. Just exit the program.
10-21 11:01:01 am BST Network is UP. Just exit the program.
10-21 11:02:01 am BST Network is UP. Just exit the program.
10-21 11:03:01 am BST Network is UP. Just exit the program.
10-21 11:04:01 am BST Network is UP. Just exit the program.
10-21 11:05:01 am BST Network is UP. Just exit the program.
10-21 11:06:01 am BST Network is UP. Just exit the program.
10-21 11:07:01 am BST Network is UP. Just exit the program.
10-21 11:08:01 am BST Network is UP. Just exit the program.
10-21 11:09:01 am BST Network is UP. Just exit the program.
10-21 11:10:01 am BST Network is UP. Just exit the program.
10-21 11:11:01 am BST Network is UP. Just exit the program.
10-21 11:12:01 am BST Network is UP. Just exit the program.
10-21 11:13:02 am BST Network is UP. Just exit the program.
10-21 11:14:01 am BST Network is UP. Just exit the program.
10-21 11:15:01 am BST Network is UP. Just exit the program.
10-21 11:16:01 am BST Network is UP. Just exit the program.
10-21 11:17:01 am BST Network is UP. Just exit the program.
10-21 11:18:01 am BST Network is UP. Just exit the program.
10-21 11:19:01 am BST Network is UP. Just exit the program.
10-21 11:20:01 am BST Network is UP. Just exit the program.
10-21 11:21:01 am BST Network is UP. Just exit the program.
10-21 11:22:01 am BST Network is UP. Just exit the program.
10-21 11:23:01 am BST Network is UP. Just exit the program.
10-21 11:24:01 am BST Network is UP. Just exit the program.
10-21 11:25:01 am BST Network is UP. Just exit the program.
10-21 11:26:01 am BST Network is UP. Just exit the program.
10-21 11:27:01 am BST Network is UP. Just exit the program.
10-21 11:28:01 am BST Network is UP. Just exit the program.
10-21 11:29:01 am BST Network is UP. Just exit the program.
10-21 11:30:01 am BST Network is UP. Just exit the program.
10-21 11:31:01 am BST Network is UP. Just exit the program.
10-21 11:32:01 am BST Network is UP. Just exit the program.
10-21 11:33:01 am BST Network is UP. Just exit the program.
10-21 11:34:02 am BST Network is UP. Just exit the program.
10-21 11:35:01 am BST Network is UP. Just exit the program.
10-21 11:36:01 am BST Network is UP. Just exit the program.
10-21 11:37:01 am BST Network is UP. Just exit the program.
10-21 11:38:01 am BST Network is UP. Just exit the program.
10-21 11:39:01 am BST Network is UP. Just exit the program.
10-21 11:40:01 am BST Network is UP. Just exit the program.
10-21 11:41:01 am BST Network is UP. Just exit the program.
10-21 11:42:01 am BST Network is UP. Just exit the program.
10-21 11:43:01 am BST Network is UP. Just exit the program.
10-21 11:44:01 am BST Network is UP. Just exit the program.
10-21 11:45:01 am BST Network is UP. Just exit the program.
10-21 11:46:01 am BST Network is UP. Just exit the program.
10-21 11:47:01 am BST Network is UP. Just exit the program.
10-21 11:48:01 am BST Network is UP. Just exit the program.
10-21 11:49:01 am BST Network is UP. Just exit the program.
10-21 11:50:01 am BST Network is UP. Just exit the program.
10-21 11:51:01 am BST Network is UP. Just exit the program.
10-21 11:52:01 am BST Network is UP. Just exit the program.
10-21 11:53:02 am BST Network is UP. Just exit the program.
10-21 11:54:01 am BST Network is UP. Just exit the program.
10-21 11:55:01 am BST Network is UP. Just exit the program.
10-21 11:56:01 am BST Network is UP. Just exit the program.
10-21 11:57:01 am BST Network is UP. Just exit the program.
10-21 11:58:01 am BST Network is UP. Just exit the program.
10-21 11:59:01 am BST Network is UP. Just exit the program.
10-21 12:00:01 pm BST Network is UP. Just exit the program.
10-21 12:01:01 pm BST Network is UP. Just exit the program.
10-21 12:02:01 pm BST Network is UP. Just exit the program.
10-21 12:03:01 pm BST Network is UP. Just exit the program.
10-21 12:04:01 pm BST Network is UP. Just exit the program.
10-21 12:05:01 pm BST Network is UP. Just exit the program.
10-21 12:06:01 pm BST Network is UP. Just exit the program.
10-21 12:07:01 pm BST Network is UP. Just exit the program.
10-21 12:08:01 pm BST Network is UP. Just exit the program.
10-21 12:09:01 pm BST Network is UP. Just exit the program.
10-21 12:10:01 pm BST Network is UP. Just exit the program.
10-21 12:11:01 pm BST Network is UP. Just exit the program.
10-21 12:12:01 pm BST Network is UP. Just exit the program.
10-21 12:13:01 pm BST Network is UP. Just exit the program.
10-21 12:14:01 pm BST Network is UP. Just exit the program.
10-21 12:15:01 pm BST Network is UP. Just exit the program.
10-21 12:16:01 pm BST Network is UP. Just exit the program.
10-21 12:17:01 pm BST Network is UP. Just exit the program.
10-21 12:18:01 pm BST Network is UP. Just exit the program.
10-21 12:19:01 pm BST Network is UP. Just exit the program.
10-21 12:20:01 pm BST Network is UP. Just exit the program.
10-21 12:21:01 pm BST Network is UP. Just exit the program.
10-21 12:22:01 pm BST Network is UP. Just exit the program.
10-21 12:23:01 pm BST Network is UP. Just exit the program.
10-21 12:24:01 pm BST Network is UP. Just exit the program.
10-21 12:25:01 pm BST Network is UP. Just exit the program.
10-21 12:26:01 pm BST Network is UP. Just exit the program.
10-21 12:27:01 pm BST Network is UP. Just exit the program.
10-21 12:28:01 pm BST Network is UP. Just exit the program.
10-21 12:29:01 pm BST Network is UP. Just exit the program.
10-21 12:30:01 pm BST Network is UP. Just exit the program.
10-21 12:31:01 pm BST Network is UP. Just exit the program.
10-21 12:32:01 pm BST Network is UP. Just exit the program.
10-21 12:33:01 pm BST Network is UP. Just exit the program.
10-21 12:34:01 pm BST Network is UP. Just exit the program.
10-21 12:35:02 pm BST Network is UP. Just exit the program.
10-21 12:36:01 pm BST Network is UP. Just exit the program.
10-21 12:37:01 pm BST Network is UP. Just exit the program.
10-21 12:38:01 pm BST Network is UP. Just exit the program.
10-21 12:39:01 pm BST Network is UP. Just exit the program.
10-21 12:40:01 pm BST Network is UP. Just exit the program.
10-21 12:41:01 pm BST Network is UP. Just exit the program.
10-21 12:42:01 pm BST Network is UP. Just exit the program.
10-21 12:43:01 pm BST Network is UP. Just exit the program.
10-21 12:44:01 pm BST Network is UP. Just exit the program.
10-21 12:45:01 pm BST Network is UP. Just exit the program.
10-21 12:46:01 pm BST Network is UP. Just exit the program.
10-21 12:47:01 pm BST Network is UP. Just exit the program.
10-21 12:48:01 pm BST Network is UP. Just exit the program.
10-21 12:49:01 pm BST Network is UP. Just exit the program.
10-21 12:50:01 pm BST Network is UP. Just exit the program.
10-21 12:51:01 pm BST Network is UP. Just exit the program.
10-21 12:52:01 pm BST Network is UP. Just exit the program.
10-21 12:53:01 pm BST Network is UP. Just exit the program.
10-21 12:54:01 pm BST Network is UP. Just exit the program.
10-21 12:55:01 pm BST Network is UP. Just exit the program.
10-21 12:56:01 pm BST Network is UP. Just exit the program.
10-21 12:57:01 pm BST Network is UP. Just exit the program.
10-21 12:58:01 pm BST Network is UP. Just exit the program.
10-21 12:59:01 pm BST Network is UP. Just exit the program.
10-21  1:00:01 pm BST Network is UP. Just exit the program.
10-21  1:01:01 pm BST Network is UP. Just exit the program.
10-21  1:02:01 pm BST Network is UP. Just exit the program.
10-21  1:03:01 pm BST Network is UP. Just exit the program.
10-21  1:04:02 pm BST Network is UP. Just exit the program.
10-21  1:05:01 pm BST Network is UP. Just exit the program.
10-21  1:06:01 pm BST Network is UP. Just exit the program.
10-21  1:07:01 pm BST Network is UP. Just exit the program.
10-21  1:08:01 pm BST Network is UP. Just exit the program.
10-21  1:09:01 pm BST Network is UP. Just exit the program.
10-21  1:10:01 pm BST Network is UP. Just exit the program.
10-21  1:11:01 pm BST Network is UP. Just exit the program.
10-21  1:12:01 pm BST Network is UP. Just exit the program.
10-21  1:13:01 pm BST Network is UP. Just exit the program.
10-21  1:14:01 pm BST Network is UP. Just exit the program.
10-21  1:15:01 pm BST Network is UP. Just exit the program.
10-21  1:16:01 pm BST Network is UP. Just exit the program.
10-21  1:17:01 pm BST Network is UP. Just exit the program.
10-21  1:18:01 pm BST Network is UP. Just exit the program.
10-21  1:19:01 pm BST Network is UP. Just exit the program.
10-21  1:20:01 pm BST Network is UP. Just exit the program.
10-21  1:21:01 pm BST Network is UP. Just exit the program.
10-21  1:22:01 pm BST Network is UP. Just exit the program.
10-21  1:23:01 pm BST Network is UP. Just exit the program.
10-21  1:24:02 pm BST Network is UP. Just exit the program.
10-21  1:25:01 pm BST Network is UP. Just exit the program.
10-21  1:26:01 pm BST Network is UP. Just exit the program.
10-21  1:27:01 pm BST Network is UP. Just exit the program.
10-21  1:28:01 pm BST Network is UP. Just exit the program.
10-21  1:29:01 pm BST Network is UP. Just exit the program.
10-21  1:30:01 pm BST Network is UP. Just exit the program.
10-21  1:31:01 pm BST Network is UP. Just exit the program.
10-21  1:32:01 pm BST Network is UP. Just exit the program.
10-21  1:33:01 pm BST Network is UP. Just exit the program.
10-21  1:34:01 pm BST Network is UP. Just exit the program.
10-21  1:35:01 pm BST Network is UP. Just exit the program.
10-21  1:36:01 pm BST Network is UP. Just exit the program.
10-21  1:37:01 pm BST Network is UP. Just exit the program.
10-21  1:38:01 pm BST Network is UP. Just exit the program.
10-21  1:39:01 pm BST Network is UP. Just exit the program.
10-21  1:40:01 pm BST Network is UP. Just exit the program.
10-21  1:41:01 pm BST Network is UP. Just exit the program.
10-21  1:42:01 pm BST Network is UP. Just exit the program.
10-21  1:43:01 pm BST Network is UP. Just exit the program.
10-21  1:44:01 pm BST Network is UP. Just exit the program.
10-21  1:45:01 pm BST Network is UP. Just exit the program.
10-21  1:46:01 pm BST Network is UP. Just exit the program.
10-21  1:47:01 pm BST Network is UP. Just exit the program.
10-21  1:48:01 pm BST Network is UP. Just exit the program.
10-21  1:49:01 pm BST Network is UP. Just exit the program.
10-21  1:50:01 pm BST Network is UP. Just exit the program.
10-21  1:51:02 pm BST Network is UP. Just exit the program.
10-21  1:52:01 pm BST Network is UP. Just exit the program.
10-21  1:53:01 pm BST Network is UP. Just exit the program.
10-21  1:54:01 pm BST Network is UP. Just exit the program.
10-21  1:55:01 pm BST Network is UP. Just exit the program.
10-21  1:56:01 pm BST Network is UP. Just exit the program.
10-21  1:57:01 pm BST Network is UP. Just exit the program.
10-21  1:58:01 pm BST Network is UP. Just exit the program.
10-21  1:59:01 pm BST Network is UP. Just exit the program.
10-21  2:00:01 pm BST Network is UP. Just exit the program.
10-21  2:01:01 pm BST Network is UP. Just exit the program.
10-21  2:02:01 pm BST Network is UP. Just exit the program.
10-21  2:03:01 pm BST Network is UP. Just exit the program.
10-21  2:04:01 pm BST Network is UP. Just exit the program.
10-21  2:05:01 pm BST Network is UP. Just exit the program.
10-21  2:06:01 pm BST Network is UP. Just exit the program.
10-21  2:07:01 pm BST Network is UP. Just exit the program.
10-21  2:08:01 pm BST Network is UP. Just exit the program.
10-21  2:09:01 pm BST Network is UP. Just exit the program.
10-21  2:10:01 pm BST Network is UP. Just exit the program.
10-21  2:11:01 pm BST Network is UP. Just exit the program.
10-21  2:12:01 pm BST Network is UP. Just exit the program.
10-21  2:13:01 pm BST Network is UP. Just exit the program.
10-21  2:14:01 pm BST Network is UP. Just exit the program.
10-21  2:15:01 pm BST Network is UP. Just exit the program.
10-21  2:16:01 pm BST Network is UP. Just exit the program.
10-21  2:17:01 pm BST Network is UP. Just exit the program.
10-21  2:18:01 pm BST Network is UP. Just exit the program.
10-21  2:19:01 pm BST Network is UP. Just exit the program.
10-21  2:20:01 pm BST Network is UP. Just exit the program.
10-21  2:21:01 pm BST Network is UP. Just exit the program.
10-21  2:22:01 pm BST Network is UP. Just exit the program.
10-21  2:23:01 pm BST Network is UP. Just exit the program.
10-21  2:24:01 pm BST Network is UP. Just exit the program.
10-21  2:25:01 pm BST Network is UP. Just exit the program.
10-21  2:26:01 pm BST Network is UP. Just exit the program.
10-21  2:27:01 pm BST Network is UP. Just exit the program.
10-21  2:28:01 pm BST Network is UP. Just exit the program.
10-21  2:29:02 pm BST Network is UP. Just exit the program.
10-21  2:30:01 pm BST Network is UP. Just exit the program.
10-21  2:31:01 pm BST Network is UP. Just exit the program.
10-21  2:32:01 pm BST Network is UP. Just exit the program.
10-21  2:33:01 pm BST Network is UP. Just exit the program.
10-21  2:34:01 pm BST Network is UP. Just exit the program.
10-21  2:35:01 pm BST Network is UP. Just exit the program.
10-21  2:36:01 pm BST Network is UP. Just exit the program.
10-21  2:37:01 pm BST Network is UP. Just exit the program.
10-21  2:38:01 pm BST Network is UP. Just exit the program.
10-21  2:39:01 pm BST Network is UP. Just exit the program.
10-21  2:40:01 pm BST Network is UP. Just exit the program.
10-21  2:41:01 pm BST Network is UP. Just exit the program.
10-21  2:42:01 pm BST Network is UP. Just exit the program.
10-21  2:43:01 pm BST Network is UP. Just exit the program.
10-21  2:44:01 pm BST Network is UP. Just exit the program.
10-21  2:45:01 pm BST Network is UP. Just exit the program.
10-21  2:46:01 pm BST Network is UP. Just exit the program.
10-21  2:47:01 pm BST Network is UP. Just exit the program.
10-21  2:48:01 pm BST Network is UP. Just exit the program.
10-21  2:49:01 pm BST Network is UP. Just exit the program.
10-21  2:50:01 pm BST Network is UP. Just exit the program.
10-21  2:51:01 pm BST Network is UP. Just exit the program.
10-21  2:52:01 pm BST Network is UP. Just exit the program.
10-21  2:53:01 pm BST Network is UP. Just exit the program.
10-21  2:54:01 pm BST Network is UP. Just exit the program.
10-21  2:55:01 pm BST Network is UP. Just exit the program.
10-21  2:56:01 pm BST Network is UP. Just exit the program.
10-21  2:57:01 pm BST Network is UP. Just exit the program.
10-21  2:58:01 pm BST Network is UP. Just exit the program.
10-21  2:59:01 pm BST Network is UP. Just exit the program.
10-21  3:00:01 pm BST Network is UP. Just exit the program.
10-21  3:01:01 pm BST Network is UP. Just exit the program.
10-21  3:02:01 pm BST Network is UP. Just exit the program.
10-21  3:03:01 pm BST Network is UP. Just exit the program.
10-21  3:04:01 pm BST Network is UP. Just exit the program.
10-21  3:05:01 pm BST Network is UP. Just exit the program.
10-21  3:06:01 pm BST Network is UP. Just exit the program.
10-21  3:07:01 pm BST Network is UP. Just exit the program.
10-21  3:08:01 pm BST Network is UP. Just exit the program.
10-21  3:09:02 pm BST Network is UP. Just exit the program.
10-21  3:10:01 pm BST Network is UP. Just exit the program.
10-21  3:11:01 pm BST Network is UP. Just exit the program.
10-21  3:12:01 pm BST Network is UP. Just exit the program.
10-21  3:13:01 pm BST Network is UP. Just exit the program.
10-21  3:14:01 pm BST Network is UP. Just exit the program.
10-21  3:15:01 pm BST Network is UP. Just exit the program.
10-21  3:16:01 pm BST Network is UP. Just exit the program.
10-21  3:17:01 pm BST Network is UP. Just exit the program.
10-21  3:18:01 pm BST Network is UP. Just exit the program.
10-21  3:19:01 pm BST Network is UP. Just exit the program.
10-21  3:20:01 pm BST Network is UP. Just exit the program.
10-21  3:21:01 pm BST Network is UP. Just exit the program.
10-21  3:22:01 pm BST Network is UP. Just exit the program.
10-21  3:23:01 pm BST Network is UP. Just exit the program.
10-21  3:24:01 pm BST Network is UP. Just exit the program.
10-21  3:25:01 pm BST Network is UP. Just exit the program.
10-21  3:26:01 pm BST Network is UP. Just exit the program.
10-21  3:27:01 pm BST Network is UP. Just exit the program.
10-21  3:28:01 pm BST Network is UP. Just exit the program.
10-21  3:29:01 pm BST Network is UP. Just exit the program.
10-21  3:30:01 pm BST Network is UP. Just exit the program.
10-21  3:31:01 pm BST Network is UP. Just exit the program.
10-21  3:32:01 pm BST Network is UP. Just exit the program.
10-21  3:33:01 pm BST Network is UP. Just exit the program.
10-21  3:34:01 pm BST Network is UP. Just exit the program.
10-21  3:35:01 pm BST Network is UP. Just exit the program.
10-21  3:36:01 pm BST Network is UP. Just exit the program.
10-21  3:37:01 pm BST Network is UP. Just exit the program.
10-21  3:38:01 pm BST Network is UP. Just exit the program.
10-21  3:39:01 pm BST Network is UP. Just exit the program.
10-21  3:40:01 pm BST Network is UP. Just exit the program.
10-21  3:41:01 pm BST Network is UP. Just exit the program.
10-21  3:42:01 pm BST Network is UP. Just exit the program.
10-21  3:43:01 pm BST Network is UP. Just exit the program.
10-21  3:44:01 pm BST Network is UP. Just exit the program.
10-21  3:45:01 pm BST Network is UP. Just exit the program.
10-21  3:46:01 pm BST Network is UP. Just exit the program.
10-21  3:47:01 pm BST Network is UP. Just exit the program.
10-21  3:48:01 pm BST Network is UP. Just exit the program.
10-21  3:49:01 pm BST Network is UP. Just exit the program.
10-21  3:50:01 pm BST Network is UP. Just exit the program.
10-21  3:51:01 pm BST Network is UP. Just exit the program.
10-21  3:52:01 pm BST Network is UP. Just exit the program.
10-21  3:53:01 pm BST Network is UP. Just exit the program.
10-21  3:54:02 pm BST Network is UP. Just exit the program.
10-21  3:55:01 pm BST Network is UP. Just exit the program.
10-21  3:56:01 pm BST Network is UP. Just exit the program.
10-21  3:57:01 pm BST Network is UP. Just exit the program.
10-21  3:58:01 pm BST Network is UP. Just exit the program.
10-21  3:59:01 pm BST Network is UP. Just exit the program.
10-21  4:00:01 pm BST Network is UP. Just exit the program.
10-21  4:01:01 pm BST Network is UP. Just exit the program.
10-21  4:02:01 pm BST Network is UP. Just exit the program.
10-21  4:03:01 pm BST Network is UP. Just exit the program.
10-21  4:04:01 pm BST Network is UP. Just exit the program.
10-21  4:05:01 pm BST Network is UP. Just exit the program.
10-21  4:06:01 pm BST Network is UP. Just exit the program.
10-21  4:07:01 pm BST Network is UP. Just exit the program.
10-21  4:08:01 pm BST Network is UP. Just exit the program.
10-21  4:09:01 pm BST Network is UP. Just exit the program.
10-21  4:10:01 pm BST Network is UP. Just exit the program.
10-21  4:11:01 pm BST Network is UP. Just exit the program.
10-21  4:12:01 pm BST Network is UP. Just exit the program.
10-21  4:13:01 pm BST Network is UP. Just exit the program.
10-21  4:14:02 pm BST Network is UP. Just exit the program.
10-21  4:15:01 pm BST Network is UP. Just exit the program.
10-21  4:16:01 pm BST Network is UP. Just exit the program.
10-21  4:17:01 pm BST Network is UP. Just exit the program.
10-21  4:18:01 pm BST Network is UP. Just exit the program.
10-21  4:19:01 pm BST Network is UP. Just exit the program.
10-21  4:20:01 pm BST Network is UP. Just exit the program.
10-21  4:21:01 pm BST Network is UP. Just exit the program.
10-21  4:22:01 pm BST Network is UP. Just exit the program.
10-21  4:23:01 pm BST Network is UP. Just exit the program.
10-21  4:24:01 pm BST Network is UP. Just exit the program.
10-21  4:25:01 pm BST Network is UP. Just exit the program.
10-21  4:26:01 pm BST Network is UP. Just exit the program.
10-21  4:27:01 pm BST Network is UP. Just exit the program.
10-21  4:28:01 pm BST Network is UP. Just exit the program.
10-21  4:29:01 pm BST Network is UP. Just exit the program.
10-21  4:30:01 pm BST Network is UP. Just exit the program.
10-21  4:31:01 pm BST Network is UP. Just exit the program.
10-21  4:32:01 pm BST Network is UP. Just exit the program.
10-21  4:33:01 pm BST Network is UP. Just exit the program.
10-21  4:34:01 pm BST Network is UP. Just exit the program.
10-21  4:35:01 pm BST Network is UP. Just exit the program.
10-21  4:36:01 pm BST Network is UP. Just exit the program.
10-21  4:37:01 pm BST Network is UP. Just exit the program.
10-21  4:38:01 pm BST Network is UP. Just exit the program.
10-21  4:39:01 pm BST Network is UP. Just exit the program.
10-21  4:40:01 pm BST Network is UP. Just exit the program.
10-21  4:41:01 pm BST Network is UP. Just exit the program.
10-21  4:42:01 pm BST Network is UP. Just exit the program.
10-21  4:43:01 pm BST Network is UP. Just exit the program.
10-21  4:44:01 pm BST Network is UP. Just exit the program.
10-21  4:45:01 pm BST Network is UP. Just exit the program.
10-21  4:46:01 pm BST Network is UP. Just exit the program.
10-21  4:47:01 pm BST Network is UP. Just exit the program.
10-21  4:48:01 pm BST Network is UP. Just exit the program.
10-21  4:49:01 pm BST Network is UP. Just exit the program.
10-21  4:50:01 pm BST Network is UP. Just exit the program.
10-21  4:51:01 pm BST Network is UP. Just exit the program.
10-21  4:52:01 pm BST Network is UP. Just exit the program.
10-21  4:53:01 pm BST Network is UP. Just exit the program.
10-21  4:54:01 pm BST Network is UP. Just exit the program.
10-21  4:55:01 pm BST Network is UP. Just exit the program.
10-21  4:56:01 pm BST Network is UP. Just exit the program.
10-21  4:57:01 pm BST Network is UP. Just exit the program.
10-21  4:58:01 pm BST Network is UP. Just exit the program.
10-21  4:59:01 pm BST Network is UP. Just exit the program.
10-21  5:00:01 pm BST Network is UP. Just exit the program.
10-21  5:01:01 pm BST Network is UP. Just exit the program.
10-21  5:02:01 pm BST Network is UP. Just exit the program.
10-21  5:03:01 pm BST Network is UP. Just exit the program.
10-21  5:04:01 pm BST Network is UP. Just exit the program.
10-21  5:05:01 pm BST Network is UP. Just exit the program.
10-21  5:06:01 pm BST Network is UP. Just exit the program.
10-21  5:07:01 pm BST Network is UP. Just exit the program.
10-21  5:08:01 pm BST Network is UP. Just exit the program.
10-21  5:09:01 pm BST Network is UP. Just exit the program.
10-21  5:10:01 pm BST Network is UP. Just exit the program.
10-21  5:11:01 pm BST Network is UP. Just exit the program.
10-21  5:12:01 pm BST Network is UP. Just exit the program.
10-21  5:13:01 pm BST Network is UP. Just exit the program.
10-21  5:14:01 pm BST Network is UP. Just exit the program.
10-21  5:15:01 pm BST Network is UP. Just exit the program.
10-21  5:16:01 pm BST Network is UP. Just exit the program.
10-21  5:17:01 pm BST Network is UP. Just exit the program.
10-21  5:18:01 pm BST Network is UP. Just exit the program.
10-21  5:19:01 pm BST Network is UP. Just exit the program.
10-21  5:20:02 pm BST Network is UP. Just exit the program.
10-21  5:21:01 pm BST Network is UP. Just exit the program.
10-21  5:22:01 pm BST Network is UP. Just exit the program.
10-21  5:23:01 pm BST Network is UP. Just exit the program.
10-21  5:24:01 pm BST Network is UP. Just exit the program.
10-21  5:25:01 pm BST Network is UP. Just exit the program.
10-21  5:26:01 pm BST Network is UP. Just exit the program.
10-21  5:27:02 pm BST Network is UP. Just exit the program.
10-21  5:28:01 pm BST Network is UP. Just exit the program.
10-21  5:29:01 pm BST Network is UP. Just exit the program.
10-21  5:30:01 pm BST Network is UP. Just exit the program.
10-21  5:31:01 pm BST Network is UP. Just exit the program.
10-21  5:32:01 pm BST Network is UP. Just exit the program.
10-21  5:33:01 pm BST Network is UP. Just exit the program.
10-21  5:34:01 pm BST Network is UP. Just exit the program.
10-21  5:35:01 pm BST Network is UP. Just exit the program.
10-21  5:36:01 pm BST Network is UP. Just exit the program.
10-21  5:37:02 pm BST Network is UP. Just exit the program.
10-21  5:38:01 pm BST Network is UP. Just exit the program.
10-21  5:39:01 pm BST Network is UP. Just exit the program.
10-21  5:40:01 pm BST Network is UP. Just exit the program.
10-21  5:41:01 pm BST Network is UP. Just exit the program.
10-21  5:42:01 pm BST Network is UP. Just exit the program.
10-21  5:43:01 pm BST Network is UP. Just exit the program.
10-21  5:44:01 pm BST Network is UP. Just exit the program.
10-21  5:45:01 pm BST Network is UP. Just exit the program.
10-21  5:46:01 pm BST Network is UP. Just exit the program.
10-21  5:47:01 pm BST Network is UP. Just exit the program.
10-21  5:48:01 pm BST Network is UP. Just exit the program.
10-21  5:49:01 pm BST Network is UP. Just exit the program.
10-21  5:50:01 pm BST Network is UP. Just exit the program.
10-21  5:51:01 pm BST Network is UP. Just exit the program.
10-21  5:52:01 pm BST Network is UP. Just exit the program.
10-21  5:53:01 pm BST Network is UP. Just exit the program.
10-21  5:54:01 pm BST Network is UP. Just exit the program.
10-21  5:55:01 pm BST Network is UP. Just exit the program.
10-21  5:56:01 pm BST Network is UP. Just exit the program.
10-21  5:57:01 pm BST Network is UP. Just exit the program.
10-21  5:58:01 pm BST Network is UP. Just exit the program.
10-21  5:59:01 pm BST Network is UP. Just exit the program.
10-21  6:00:01 pm BST Network is UP. Just exit the program.
10-21  6:01:01 pm BST Network is UP. Just exit the program.
10-21  6:02:01 pm BST Network is UP. Just exit the program.
10-21  6:03:01 pm BST Network is UP. Just exit the program.
10-21  6:04:01 pm BST Network is UP. Just exit the program.
10-21  6:05:01 pm BST Network is UP. Just exit the program.
10-21  6:06:01 pm BST Network is UP. Just exit the program.
10-21  6:07:01 pm BST Network is UP. Just exit the program.
10-21  6:08:01 pm BST Network is UP. Just exit the program.
10-21  6:09:01 pm BST Network is UP. Just exit the program.
10-21  6:10:01 pm BST Network is UP. Just exit the program.
10-21  6:11:01 pm BST Network is UP. Just exit the program.
10-21  6:12:01 pm BST Network is UP. Just exit the program.
10-21  6:13:01 pm BST Network is UP. Just exit the program.
10-21  6:14:01 pm BST Network is UP. Just exit the program.
10-21  6:15:01 pm BST Network is UP. Just exit the program.
10-21  6:16:01 pm BST Network is UP. Just exit the program.
10-21  6:17:02 pm BST Network is UP. Just exit the program.
10-21  6:18:01 pm BST Network is UP. Just exit the program.
10-21  6:19:01 pm BST Network is UP. Just exit the program.
10-21  6:20:01 pm BST Network is UP. Just exit the program.
10-21  6:21:01 pm BST Network is UP. Just exit the program.
10-21  6:22:01 pm BST Network is UP. Just exit the program.
10-21  6:23:01 pm BST Network is UP. Just exit the program.
10-21  6:24:01 pm BST Network is UP. Just exit the program.
10-21  6:25:01 pm BST Network is UP. Just exit the program.
10-21  6:26:01 pm BST Network is UP. Just exit the program.
10-21  6:27:01 pm BST Network is UP. Just exit the program.
10-21  6:28:01 pm BST Network is UP. Just exit the program.
10-21  6:29:01 pm BST Network is UP. Just exit the program.
10-21  6:30:01 pm BST Network is UP. Just exit the program.
10-21  6:31:01 pm BST Network is UP. Just exit the program.
10-21  6:32:01 pm BST Network is UP. Just exit the program.
10-21  6:33:01 pm BST Network is UP. Just exit the program.
10-21  6:34:02 pm BST Network is UP. Just exit the program.
10-21  6:35:01 pm BST Network is UP. Just exit the program.
10-21  6:36:01 pm BST Network is UP. Just exit the program.
10-21  6:37:01 pm BST Network is UP. Just exit the program.
10-21  6:38:01 pm BST Network is UP. Just exit the program.
10-21  6:39:01 pm BST Network is UP. Just exit the program.
10-21  6:40:01 pm BST Network is UP. Just exit the program.
10-21  6:41:01 pm BST Network is UP. Just exit the program.
10-21  6:42:01 pm BST Network is UP. Just exit the program.
10-21  6:43:02 pm BST Network is UP. Just exit the program.
10-21  6:44:01 pm BST Network is UP. Just exit the program.
10-21  6:45:01 pm BST Network is UP. Just exit the program.
10-21  6:46:01 pm BST Network is UP. Just exit the program.
10-21  6:47:01 pm BST Network is UP. Just exit the program.
10-21  6:48:01 pm BST Network is UP. Just exit the program.
10-21  6:49:01 pm BST Network is UP. Just exit the program.
10-21  6:50:01 pm BST Network is UP. Just exit the program.
10-21  6:51:01 pm BST Network is UP. Just exit the program.
10-21  6:52:01 pm BST Network is UP. Just exit the program.
10-21  6:53:01 pm BST Network is UP. Just exit the program.
10-21  6:54:01 pm BST Network is UP. Just exit the program.
10-21  6:55:01 pm BST Network is UP. Just exit the program.
10-21  6:56:01 pm BST Network is UP. Just exit the program.
10-21  6:57:01 pm BST Network is UP. Just exit the program.
10-21  6:58:01 pm BST Network is UP. Just exit the program.
10-21  6:59:01 pm BST Network is UP. Just exit the program.
10-21  7:00:01 pm BST Network is UP. Just exit the program.
10-21  7:01:01 pm BST Network is UP. Just exit the program.
10-21  7:02:02 pm BST Network is UP. Just exit the program.
10-21  7:03:01 pm BST Network is UP. Just exit the program.
10-21  7:04:01 pm BST Network is UP. Just exit the program.
10-21  7:05:01 pm BST Network is UP. Just exit the program.
10-21  7:06:01 pm BST Network is UP. Just exit the program.
10-21  7:07:01 pm BST Network is UP. Just exit the program.
10-21  7:08:01 pm BST Network is UP. Just exit the program.
10-21  7:09:01 pm BST Network is UP. Just exit the program.
10-21  7:10:01 pm BST Network is UP. Just exit the program.
10-21  7:11:01 pm BST Network is UP. Just exit the program.
10-21  7:12:01 pm BST Network is UP. Just exit the program.
10-21  7:13:01 pm BST Network is UP. Just exit the program.
10-21  7:14:01 pm BST Network is UP. Just exit the program.
10-21  7:15:01 pm BST Network is UP. Just exit the program.
10-21  7:16:01 pm BST Network is UP. Just exit the program.
10-21  7:17:01 pm BST Network is UP. Just exit the program.
10-21  7:18:01 pm BST Network is UP. Just exit the program.
10-21  7:19:01 pm BST Network is UP. Just exit the program.
10-21  7:20:01 pm BST Network is UP. Just exit the program.
10-21  7:21:01 pm BST Network is UP. Just exit the program.
10-21  7:22:01 pm BST Network is UP. Just exit the program.
10-21  7:23:01 pm BST Network is UP. Just exit the program.
10-21  7:24:01 pm BST Network is UP. Just exit the program.
10-21  7:25:01 pm BST Network is UP. Just exit the program.
10-21  7:26:02 pm BST Network is UP. Just exit the program.
10-21  7:27:01 pm BST Network is UP. Just exit the program.
10-21  7:28:01 pm BST Network is UP. Just exit the program.
10-21  7:29:01 pm BST Network is UP. Just exit the program.
10-21  7:30:01 pm BST Network is UP. Just exit the program.
10-21  7:31:01 pm BST Network is UP. Just exit the program.
10-21  7:32:01 pm BST Network is UP. Just exit the program.
10-21  7:33:01 pm BST Network is UP. Just exit the program.
10-21  7:34:01 pm BST Network is UP. Just exit the program.
10-21  7:35:01 pm BST Network is UP. Just exit the program.
10-21  7:36:01 pm BST Network is UP. Just exit the program.
10-21  7:37:01 pm BST Network is UP. Just exit the program.
10-21  7:38:01 pm BST Network is UP. Just exit the program.
10-21  7:39:01 pm BST Network is UP. Just exit the program.
10-21  7:40:01 pm BST Network is UP. Just exit the program.
10-21  7:41:01 pm BST Network is UP. Just exit the program.
10-21  7:42:01 pm BST Network is UP. Just exit the program.
10-21  7:43:01 pm BST Network is UP. Just exit the program.
10-21  7:44:01 pm BST Network is UP. Just exit the program.
10-21  7:45:01 pm BST Network is UP. Just exit the program.
10-21  7:46:01 pm BST Network is UP. Just exit the program.
10-21  7:47:01 pm BST Network is UP. Just exit the program.
10-21  7:48:01 pm BST Network is UP. Just exit the program.
10-21  7:49:01 pm BST Network is UP. Just exit the program.
10-21  7:50:01 pm BST Network is UP. Just exit the program.
10-21  7:51:01 pm BST Network is UP. Just exit the program.
10-21  7:52:01 pm BST Network is UP. Just exit the program.
10-21  7:53:01 pm BST Network is UP. Just exit the program.
10-21  7:54:01 pm BST Network is UP. Just exit the program.
10-21  7:55:01 pm BST Network is UP. Just exit the program.
10-21  7:56:01 pm BST Network is UP. Just exit the program.
10-21  7:57:01 pm BST Network is UP. Just exit the program.
10-21  7:58:01 pm BST Network is UP. Just exit the program.
10-21  7:59:01 pm BST Network is UP. Just exit the program.
10-21  8:00:01 pm BST Network is UP. Just exit the program.
10-21  8:01:01 pm BST Network is UP. Just exit the program.
10-21  8:02:01 pm BST Network is UP. Just exit the program.
10-21  8:03:01 pm BST Network is UP. Just exit the program.
10-21  8:04:01 pm BST Network is UP. Just exit the program.
10-21  8:05:01 pm BST Network is UP. Just exit the program.
10-21  8:06:01 pm BST Network is UP. Just exit the program.
10-21  8:07:01 pm BST Network is UP. Just exit the program.
10-21  8:08:01 pm BST Network is UP. Just exit the program.
10-21  8:09:01 pm BST Network is UP. Just exit the program.
10-21  8:10:01 pm BST Network is UP. Just exit the program.
10-21  8:11:01 pm BST Network is UP. Just exit the program.
10-21  8:12:01 pm BST Network is UP. Just exit the program.
10-21  8:13:02 pm BST Network is UP. Just exit the program.
10-21  8:14:01 pm BST Network is UP. Just exit the program.
10-21  8:15:01 pm BST Network is UP. Just exit the program.
10-21  8:16:01 pm BST Network is UP. Just exit the program.
10-21  8:17:01 pm BST Network is UP. Just exit the program.
10-21  8:18:01 pm BST Network is UP. Just exit the program.
10-21  8:19:01 pm BST Network is UP. Just exit the program.
10-21  8:20:01 pm BST Network is UP. Just exit the program.
10-21  8:21:01 pm BST Network is UP. Just exit the program.
10-21  8:22:01 pm BST Network is UP. Just exit the program.
10-21  8:23:01 pm BST Network is UP. Just exit the program.
10-21  8:24:01 pm BST Network is UP. Just exit the program.
10-21  8:25:01 pm BST Network is UP. Just exit the program.
10-21  8:26:01 pm BST Network is UP. Just exit the program.
10-21  8:27:01 pm BST Network is UP. Just exit the program.
10-21  8:28:01 pm BST Network is UP. Just exit the program.
10-21  8:29:01 pm BST Network is UP. Just exit the program.
10-21  8:30:01 pm BST Network is UP. Just exit the program.
10-21  8:31:01 pm BST Network is UP. Just exit the program.
10-21  8:32:02 pm BST Network is UP. Just exit the program.
10-21  8:33:01 pm BST Network is UP. Just exit the program.
10-21  8:34:01 pm BST Network is UP. Just exit the program.
10-21  8:35:01 pm BST Network is UP. Just exit the program.
10-21  8:36:01 pm BST Network is UP. Just exit the program.
10-21  8:37:01 pm BST Network is UP. Just exit the program.
10-21  8:38:01 pm BST Network is UP. Just exit the program.
10-21  8:39:01 pm BST Network is UP. Just exit the program.
10-21  8:40:01 pm BST Network is UP. Just exit the program.
10-21  8:41:01 pm BST Network is UP. Just exit the program.
10-21  8:42:02 pm BST Network is UP. Just exit the program.
10-21  8:43:01 pm BST Network is UP. Just exit the program.
10-21  8:44:01 pm BST Network is UP. Just exit the program.
10-21  8:45:01 pm BST Network is UP. Just exit the program.
10-21  8:46:01 pm BST Network is UP. Just exit the program.
10-21  8:47:01 pm BST Network is UP. Just exit the program.
10-21  8:48:02 pm BST Network is UP. Just exit the program.
10-21  8:49:01 pm BST Network is UP. Just exit the program.
10-21  8:50:01 pm BST Network is UP. Just exit the program.
10-21  8:51:01 pm BST Network is UP. Just exit the program.
10-21  8:52:01 pm BST Network is UP. Just exit the program.
10-21  8:53:01 pm BST Network is UP. Just exit the program.
10-21  8:54:01 pm BST Network is UP. Just exit the program.
10-21  8:55:01 pm BST Network is UP. Just exit the program.
10-21  8:56:01 pm BST Network is UP. Just exit the program.
10-21  8:57:01 pm BST Network is UP. Just exit the program.
10-21  8:58:01 pm BST Network is UP. Just exit the program.
10-21  8:59:01 pm BST Network is UP. Just exit the program.
10-21  9:00:01 pm BST Network is UP. Just exit the program.
10-21  9:01:01 pm BST Network is UP. Just exit the program.
10-21  9:02:01 pm BST Network is UP. Just exit the program.
10-21  9:03:01 pm BST Network is UP. Just exit the program.
10-21  9:04:01 pm BST Network is UP. Just exit the program.
10-21  9:05:01 pm BST Network is UP. Just exit the program.
10-21  9:06:01 pm BST Network is UP. Just exit the program.
10-21  9:07:02 pm BST Network is UP. Just exit the program.
10-21  9:08:01 pm BST Network is UP. Just exit the program.
10-21  9:09:01 pm BST Network is UP. Just exit the program.
10-21  9:10:01 pm BST Network is UP. Just exit the program.
10-21  9:11:01 pm BST Network is UP. Just exit the program.
10-21  9:12:01 pm BST Network is UP. Just exit the program.
10-21  9:13:01 pm BST Network is UP. Just exit the program.
10-21  9:14:01 pm BST Network is UP. Just exit the program.
10-21  9:15:01 pm BST Network is UP. Just exit the program.
10-21  9:16:02 pm BST Network is UP. Just exit the program.
10-21  9:17:01 pm BST Network is UP. Just exit the program.
10-21  9:18:01 pm BST Network is UP. Just exit the program.
10-21  9:19:01 pm BST Network is UP. Just exit the program.
10-21  9:20:01 pm BST Network is UP. Just exit the program.
10-21  9:21:01 pm BST Network is UP. Just exit the program.
10-21  9:22:01 pm BST Network is UP. Just exit the program.
10-21  9:23:01 pm BST Network is UP. Just exit the program.
10-21  9:24:01 pm BST Network is UP. Just exit the program.
10-21  9:25:01 pm BST Network is UP. Just exit the program.
10-21  9:26:01 pm BST Network is UP. Just exit the program.
10-21  9:27:01 pm BST Network is UP. Just exit the program.
10-21  9:28:01 pm BST Network is UP. Just exit the program.
10-21  9:29:01 pm BST Network is UP. Just exit the program.
10-21  9:30:01 pm BST Network is UP. Just exit the program.
10-21  9:31:01 pm BST Network is UP. Just exit the program.
10-21  9:32:01 pm BST Network is UP. Just exit the program.
10-21  9:33:01 pm BST Network is UP. Just exit the program.
10-21  9:34:01 pm BST Network is UP. Just exit the program.
10-21  9:35:01 pm BST Network is UP. Just exit the program.
10-21  9:36:01 pm BST Network is UP. Just exit the program.
10-21  9:37:01 pm BST Network is UP. Just exit the program.
10-21  9:38:01 pm BST Network is UP. Just exit the program.
10-21  9:39:01 pm BST Network is UP. Just exit the program.
10-21  9:40:01 pm BST Network is UP. Just exit the program.
10-21  9:41:01 pm BST Network is UP. Just exit the program.
10-21  9:42:01 pm BST Network is UP. Just exit the program.
10-21  9:43:01 pm BST Network is UP. Just exit the program.
10-21  9:44:01 pm BST Network is UP. Just exit the program.
10-21  9:45:01 pm BST Network is UP. Just exit the program.
10-21  9:46:01 pm BST Network is UP. Just exit the program.
10-21  9:47:01 pm BST Network is UP. Just exit the program.
10-21  9:48:01 pm BST Network is UP. Just exit the program.
10-21  9:49:01 pm BST Network is UP. Just exit the program.
10-21  9:50:01 pm BST Network is UP. Just exit the program.
10-21  9:51:01 pm BST Network is UP. Just exit the program.
10-21  9:52:01 pm BST Network is UP. Just exit the program.
10-21  9:53:01 pm BST Network is UP. Just exit the program.
10-21  9:54:01 pm BST Network is UP. Just exit the program.
10-21  9:55:01 pm BST Network is UP. Just exit the program.
10-21  9:56:01 pm BST Network is UP. Just exit the program.
10-21  9:57:01 pm BST Network is UP. Just exit the program.
10-21  9:58:01 pm BST Network is UP. Just exit the program.
10-21  9:59:01 pm BST Network is UP. Just exit the program.
10-21 10:00:01 pm BST Network is UP. Just exit the program.
10-21 10:01:01 pm BST Network is UP. Just exit the program.
10-21 10:02:01 pm BST Network is UP. Just exit the program.
10-21 10:03:01 pm BST Network is UP. Just exit the program.
10-21 10:04:01 pm BST Network is UP. Just exit the program.
10-21 10:05:01 pm BST Network is UP. Just exit the program.
10-21 10:06:01 pm BST Network is UP. Just exit the program.
10-21 10:07:01 pm BST Network is UP. Just exit the program.
10-21 10:08:01 pm BST Network is UP. Just exit the program.
10-21 10:09:01 pm BST Network is UP. Just exit the program.
10-21 10:10:01 pm BST Network is UP. Just exit the program.
10-21 10:11:01 pm BST Network is UP. Just exit the program.
10-21 10:12:01 pm BST Network is UP. Just exit the program.
10-21 10:13:01 pm BST Network is UP. Just exit the program.
10-21 10:14:01 pm BST Network is UP. Just exit the program.
10-21 10:15:01 pm BST Network is UP. Just exit the program.
10-21 10:16:01 pm BST Network is UP. Just exit the program.
10-21 10:17:01 pm BST Network is UP. Just exit the program.
10-21 10:18:01 pm BST Network is UP. Just exit the program.
10-21 10:19:01 pm BST Network is UP. Just exit the program.
10-21 10:20:01 pm BST Network is UP. Just exit the program.
10-21 10:21:01 pm BST Network is UP. Just exit the program.
10-21 10:22:01 pm BST Network is UP. Just exit the program.
10-21 10:23:01 pm BST Network is UP. Just exit the program.
10-21 10:24:01 pm BST Network is UP. Just exit the program.
10-21 10:25:01 pm BST Network is UP. Just exit the program.
10-21 10:26:01 pm BST Network is UP. Just exit the program.
10-21 10:27:01 pm BST Network is UP. Just exit the program.
10-21 10:28:01 pm BST Network is UP. Just exit the program.
10-21 10:29:01 pm BST Network is UP. Just exit the program.
10-21 10:30:01 pm BST Network is UP. Just exit the program.
10-21 10:31:01 pm BST Network is UP. Just exit the program.
10-21 10:32:01 pm BST Network is UP. Just exit the program.
10-21 10:33:01 pm BST Network is UP. Just exit the program.
10-21 10:34:01 pm BST Network is UP. Just exit the program.
10-21 10:35:01 pm BST Network is UP. Just exit the program.
10-21 10:36:01 pm BST Network is UP. Just exit the program.
10-21 10:37:01 pm BST Network is UP. Just exit the program.
10-21 10:38:01 pm BST Network is UP. Just exit the program.
10-21 10:39:01 pm BST Network is UP. Just exit the program.
10-21 10:40:01 pm BST Network is UP. Just exit the program.
10-21 10:41:01 pm BST Network is UP. Just exit the program.
10-21 10:42:01 pm BST Network is UP. Just exit the program.
10-21 10:43:01 pm BST Network is UP. Just exit the program.
10-21 10:44:01 pm BST Network is UP. Just exit the program.
10-21 10:45:02 pm BST Network is UP. Just exit the program.
10-21 10:46:01 pm BST Network is UP. Just exit the program.
10-21 10:47:01 pm BST Network is UP. Just exit the program.
10-21 10:48:01 pm BST Network is UP. Just exit the program.
10-21 10:49:01 pm BST Network is UP. Just exit the program.
10-21 10:50:01 pm BST Network is UP. Just exit the program.
10-21 10:51:01 pm BST Network is UP. Just exit the program.
10-21 10:52:02 pm BST Network is UP. Just exit the program.
10-21 10:53:01 pm BST Network is UP. Just exit the program.
10-21 10:54:01 pm BST Network is UP. Just exit the program.
10-21 10:55:01 pm BST Network is UP. Just exit the program.
10-21 10:56:01 pm BST Network is UP. Just exit the program.
10-21 10:57:01 pm BST Network is UP. Just exit the program.
10-21 10:58:01 pm BST Network is UP. Just exit the program.
10-21 10:59:01 pm BST Network is UP. Just exit the program.
10-21 11:00:01 pm BST Network is UP. Just exit the program.
10-21 11:01:01 pm BST Network is UP. Just exit the program.
10-21 11:02:02 pm BST Network is UP. Just exit the program.
10-21 11:03:01 pm BST Network is UP. Just exit the program.
10-21 11:04:01 pm BST Network is UP. Just exit the program.
10-21 11:05:01 pm BST Network is UP. Just exit the program.
10-21 11:06:01 pm BST Network is UP. Just exit the program.
10-21 11:07:01 pm BST Network is UP. Just exit the program.
10-21 11:08:01 pm BST Network is UP. Just exit the program.
10-21 11:09:01 pm BST Network is UP. Just exit the program.
10-21 11:10:01 pm BST Network is UP. Just exit the program.
10-21 11:11:01 pm BST Network is UP. Just exit the program.
10-21 11:12:01 pm BST Network is UP. Just exit the program.
10-21 11:13:01 pm BST Network is UP. Just exit the program.
10-21 11:14:01 pm BST Network is UP. Just exit the program.
10-21 11:15:01 pm BST Network is UP. Just exit the program.
10-21 11:16:01 pm BST Network is UP. Just exit the program.
10-21 11:17:01 pm BST Network is UP. Just exit the program.
10-21 11:18:01 pm BST Network is UP. Just exit the program.
10-21 11:19:01 pm BST Network is UP. Just exit the program.
10-21 11:20:01 pm BST Network is UP. Just exit the program.
10-21 11:21:01 pm BST Network is UP. Just exit the program.
10-21 11:22:01 pm BST Network is UP. Just exit the program.
10-21 11:23:01 pm BST Network is UP. Just exit the program.
10-21 11:24:01 pm BST Network is UP. Just exit the program.
10-21 11:25:01 pm BST Network is UP. Just exit the program.
10-21 11:26:01 pm BST Network is UP. Just exit the program.
10-21 11:27:01 pm BST Network is UP. Just exit the program.
10-21 11:28:02 pm BST Network is UP. Just exit the program.
10-21 11:29:01 pm BST Network is UP. Just exit the program.
10-21 11:30:01 pm BST Network is UP. Just exit the program.
10-21 11:31:01 pm BST Network is UP. Just exit the program.
10-21 11:32:01 pm BST Network is UP. Just exit the program.
10-21 11:33:01 pm BST Network is UP. Just exit the program.
10-21 11:34:01 pm BST Network is UP. Just exit the program.
10-21 11:35:01 pm BST Network is UP. Just exit the program.
10-21 11:36:01 pm BST Network is UP. Just exit the program.
10-21 11:37:01 pm BST Network is UP. Just exit the program.
10-21 11:38:02 pm BST Network is UP. Just exit the program.
10-21 11:39:01 pm BST Network is UP. Just exit the program.
10-21 11:40:01 pm BST Network is UP. Just exit the program.
10-21 11:41:01 pm BST Network is UP. Just exit the program.
10-21 11:42:01 pm BST Network is UP. Just exit the program.
10-21 11:43:01 pm BST Network is UP. Just exit the program.
10-21 11:44:01 pm BST Network is UP. Just exit the program.
10-21 11:45:01 pm BST Network is UP. Just exit the program.
10-21 11:46:01 pm BST Network is UP. Just exit the program.
10-21 11:47:01 pm BST Network is UP. Just exit the program.
10-21 11:48:01 pm BST Network is UP. Just exit the program.
10-21 11:49:01 pm BST Network is UP. Just exit the program.
10-21 11:50:01 pm BST Network is UP. Just exit the program.
10-21 11:51:01 pm BST Network is UP. Just exit the program.
10-21 11:52:01 pm BST Network is UP. Just exit the program.
10-21 11:53:01 pm BST Network is UP. Just exit the program.
10-21 11:54:01 pm BST Network is UP. Just exit the program.
10-21 11:55:01 pm BST Network is UP. Just exit the program.
10-21 11:56:01 pm BST Network is UP. Just exit the program.
10-21 11:57:01 pm BST Network is UP. Just exit the program.
10-21 11:58:02 pm BST Network is UP. Just exit the program.
10-21 11:59:01 pm BST Network is UP. Just exit the program.
10-22 12:00:01 am BST Network is UP. Just exit the program.
10-22 12:01:01 am BST Network is UP. Just exit the program.
10-22 12:02:01 am BST Network is UP. Just exit the program.
10-22 12:03:01 am BST Network is UP. Just exit the program.
10-22 12:04:01 am BST Network is UP. Just exit the program.
10-22 12:05:01 am BST Network is UP. Just exit the program.
10-22 12:06:01 am BST Network is UP. Just exit the program.
10-22 12:07:01 am BST Network is UP. Just exit the program.
10-22 12:08:01 am BST Network is UP. Just exit the program.
10-22 12:09:01 am BST Network is UP. Just exit the program.
10-22 12:10:01 am BST Network is UP. Just exit the program.
10-22 12:11:01 am BST Network is UP. Just exit the program.
10-22 12:12:01 am BST Network is UP. Just exit the program.
10-22 12:13:01 am BST Network is UP. Just exit the program.
10-22 12:14:01 am BST Network is UP. Just exit the program.
10-22 12:15:01 am BST Network is UP. Just exit the program.
10-22 12:16:01 am BST Network is UP. Just exit the program.
10-22 12:17:01 am BST Network is UP. Just exit the program.
10-22 12:18:02 am BST Network is UP. Just exit the program.
10-22 12:19:01 am BST Network is UP. Just exit the program.
10-22 12:20:01 am BST Network is UP. Just exit the program.
10-22 12:21:01 am BST Network is UP. Just exit the program.
10-22 12:22:01 am BST Network is UP. Just exit the program.
10-22 12:23:01 am BST Network is UP. Just exit the program.
10-22 12:24:01 am BST Network is UP. Just exit the program.
10-22 12:25:01 am BST Network is UP. Just exit the program.
10-22 12:26:01 am BST Network is UP. Just exit the program.
10-22 12:27:01 am BST Network is UP. Just exit the program.
10-22 12:28:02 am BST Network is UP. Just exit the program.
10-22 12:29:01 am BST Network is UP. Just exit the program.
10-22 12:30:01 am BST Network is UP. Just exit the program.
10-22 12:31:01 am BST Network is UP. Just exit the program.
10-22 12:32:01 am BST Network is UP. Just exit the program.
10-22 12:33:01 am BST Network is UP. Just exit the program.
10-22 12:34:01 am BST Network is UP. Just exit the program.
10-22 12:35:01 am BST Network is UP. Just exit the program.
10-22 12:36:01 am BST Network is UP. Just exit the program.
10-22 12:37:01 am BST Network is UP. Just exit the program.
10-22 12:38:01 am BST Network is UP. Just exit the program.
10-22 12:39:01 am BST Network is UP. Just exit the program.
10-22 12:40:01 am BST Network is UP. Just exit the program.
10-22 12:41:01 am BST Network is UP. Just exit the program.
10-22 12:42:01 am BST Network is UP. Just exit the program.
10-22 12:43:01 am BST Network is UP. Just exit the program.
10-22 12:44:01 am BST Network is UP. Just exit the program.
10-22 12:45:01 am BST Network is UP. Just exit the program.
10-22 12:46:01 am BST Network is UP. Just exit the program.
10-22 12:47:01 am BST Network is UP. Just exit the program.
10-22 12:48:02 am BST Network is UP. Just exit the program.
10-22 12:49:01 am BST Network is UP. Just exit the program.
10-22 12:50:01 am BST Network is UP. Just exit the program.
10-22 12:51:01 am BST Network is UP. Just exit the program.
10-22 12:52:01 am BST Network is UP. Just exit the program.
10-22 12:53:01 am BST Network is UP. Just exit the program.
10-22 12:54:01 am BST Network is UP. Just exit the program.
10-22 12:55:01 am BST Network is UP. Just exit the program.
10-22 12:56:01 am BST Network is UP. Just exit the program.
10-22 12:57:01 am BST Network is UP. Just exit the program.
10-22 12:58:02 am BST Network is UP. Just exit the program.
10-22 12:59:01 am BST Network is UP. Just exit the program.
10-22  1:00:01 am BST Network is UP. Just exit the program.
10-22  1:01:01 am BST Network is UP. Just exit the program.
10-22  1:02:01 am BST Network is UP. Just exit the program.
10-22  1:03:01 am BST Network is UP. Just exit the program.
10-22  1:04:01 am BST Network is UP. Just exit the program.
10-22  1:05:01 am BST Network is UP. Just exit the program.
10-22  1:06:01 am BST Network is UP. Just exit the program.
10-22  1:07:01 am BST Network is UP. Just exit the program.
10-22  1:08:01 am BST Network is UP. Just exit the program.
10-22  1:09:01 am BST Network is UP. Just exit the program.
10-22  1:10:01 am BST Network is UP. Just exit the program.
10-22  1:11:01 am BST Network is UP. Just exit the program.
10-22  1:12:01 am BST Network is UP. Just exit the program.
10-22  1:13:01 am BST Network is UP. Just exit the program.
10-22  1:14:01 am BST Network is UP. Just exit the program.
10-22  1:15:01 am BST Network is UP. Just exit the program.
10-22  1:16:01 am BST Network is UP. Just exit the program.
10-22  1:17:01 am BST Network is UP. Just exit the program.
10-22  1:18:02 am BST Network is UP. Just exit the program.
10-22  1:19:01 am BST Network is UP. Just exit the program.
10-22  1:20:01 am BST Network is UP. Just exit the program.
10-22  1:21:01 am BST Network is UP. Just exit the program.
10-22  1:22:01 am BST Network is UP. Just exit the program.
10-22  1:23:01 am BST Network is UP. Just exit the program.
10-22  1:24:01 am BST Network is UP. Just exit the program.
10-22  1:25:01 am BST Network is UP. Just exit the program.
10-22  1:26:01 am BST Network is UP. Just exit the program.
10-22  1:27:01 am BST Network is UP. Just exit the program.
10-22  1:28:01 am BST Network is UP. Just exit the program.
10-22  1:29:02 am BST Network is UP. Just exit the program.
10-22  1:30:01 am BST Network is UP. Just exit the program.
10-22  1:31:01 am BST Network is UP. Just exit the program.
10-22  1:32:01 am BST Network is UP. Just exit the program.
10-22  1:33:01 am BST Network is UP. Just exit the program.
10-22  1:34:01 am BST Network is UP. Just exit the program.
10-22  1:35:01 am BST Network is UP. Just exit the program.
10-22  1:36:01 am BST Network is UP. Just exit the program.
10-22  1:37:01 am BST Network is UP. Just exit the program.
10-22  1:38:01 am BST Network is UP. Just exit the program.
10-22  1:39:01 am BST Network is UP. Just exit the program.
10-22  1:40:01 am BST Network is UP. Just exit the program.
10-22  1:41:01 am BST Network is UP. Just exit the program.
10-22  1:42:01 am BST Network is UP. Just exit the program.
10-22  1:43:01 am BST Network is UP. Just exit the program.
10-22  1:44:01 am BST Network is UP. Just exit the program.
10-22  1:45:01 am BST Network is UP. Just exit the program.
10-22  1:46:01 am BST Network is UP. Just exit the program.
10-22  1:47:01 am BST Network is UP. Just exit the program.
10-22  1:48:01 am BST Network is UP. Just exit the program.
10-22  1:49:01 am BST Network is UP. Just exit the program.
10-22  1:50:01 am BST Network is UP. Just exit the program.
10-22  1:51:01 am BST Network is UP. Just exit the program.
10-22  1:52:01 am BST Network is UP. Just exit the program.
10-22  1:53:01 am BST Network is UP. Just exit the program.
10-22  1:54:01 am BST Network is UP. Just exit the program.
10-22  1:55:01 am BST Network is UP. Just exit the program.
10-22  1:56:01 am BST Network is UP. Just exit the program.
10-22  1:57:01 am BST Network is UP. Just exit the program.
10-22  1:58:02 am BST Network is UP. Just exit the program.
10-22  1:59:01 am BST Network is UP. Just exit the program.
10-22  2:00:01 am BST Network is UP. Just exit the program.
10-22  2:01:01 am BST Network is UP. Just exit the program.
10-22  2:02:01 am BST Network is UP. Just exit the program.
10-22  2:03:01 am BST Network is UP. Just exit the program.
10-22  2:04:01 am BST Network is UP. Just exit the program.
10-22  2:05:01 am BST Network is UP. Just exit the program.
10-22  2:06:01 am BST Network is UP. Just exit the program.
10-22  2:07:01 am BST Network is UP. Just exit the program.
10-22  2:08:01 am BST Network is UP. Just exit the program.
10-22  2:09:01 am BST Network is UP. Just exit the program.
10-22  2:10:01 am BST Network is UP. Just exit the program.
10-22  2:11:01 am BST Network is UP. Just exit the program.
10-22  2:12:01 am BST Network is UP. Just exit the program.
10-22  2:13:01 am BST Network is UP. Just exit the program.
10-22  2:14:01 am BST Network is UP. Just exit the program.
10-22  2:15:01 am BST Network is UP. Just exit the program.
10-22  2:16:01 am BST Network is UP. Just exit the program.
10-22  2:17:01 am BST Network is UP. Just exit the program.
10-22  2:18:01 am BST Network is UP. Just exit the program.
10-22  2:19:02 am BST Network is UP. Just exit the program.
10-22  2:20:01 am BST Network is UP. Just exit the program.
10-22  2:21:01 am BST Network is UP. Just exit the program.
10-22  2:22:01 am BST Network is UP. Just exit the program.
10-22  2:23:01 am BST Network is UP. Just exit the program.
10-22  2:24:01 am BST Network is UP. Just exit the program.
10-22  2:25:01 am BST Network is UP. Just exit the program.
10-22  2:26:01 am BST Network is UP. Just exit the program.
10-22  2:27:01 am BST Network is UP. Just exit the program.
10-22  2:28:01 am BST Network is UP. Just exit the program.
10-22  2:29:01 am BST Network is UP. Just exit the program.
10-22  2:30:01 am BST Network is UP. Just exit the program.
10-22  2:31:01 am BST Network is UP. Just exit the program.
10-22  2:32:01 am BST Network is UP. Just exit the program.
10-22  2:33:01 am BST Network is UP. Just exit the program.
10-22  2:34:01 am BST Network is UP. Just exit the program.
10-22  2:35:01 am BST Network is UP. Just exit the program.
10-22  2:36:01 am BST Network is UP. Just exit the program.
10-22  2:37:01 am BST Network is UP. Just exit the program.
10-22  2:38:01 am BST Network is UP. Just exit the program.
10-22  2:39:02 am BST Network is UP. Just exit the program.
10-22  2:40:01 am BST Network is UP. Just exit the program.
10-22  2:41:01 am BST Network is UP. Just exit the program.
10-22  2:42:01 am BST Network is UP. Just exit the program.
10-22  2:43:01 am BST Network is UP. Just exit the program.
10-22  2:44:01 am BST Network is UP. Just exit the program.
10-22  2:45:01 am BST Network is UP. Just exit the program.
10-22  2:46:01 am BST Network is UP. Just exit the program.
10-22  2:47:01 am BST Network is UP. Just exit the program.
10-22  2:48:01 am BST Network is UP. Just exit the program.
10-22  2:49:01 am BST Network is UP. Just exit the program.
10-22  2:50:01 am BST Network is UP. Just exit the program.
10-22  2:51:01 am BST Network is UP. Just exit the program.
10-22  2:52:01 am BST Network is UP. Just exit the program.
10-22  2:53:01 am BST Network is UP. Just exit the program.
10-22  2:54:01 am BST Network is UP. Just exit the program.
10-22  2:55:01 am BST Network is UP. Just exit the program.
10-22  2:56:01 am BST Network is UP. Just exit the program.
10-22  2:57:01 am BST Network is UP. Just exit the program.
10-22  2:58:01 am BST Network is UP. Just exit the program.
10-22  2:59:01 am BST Network is UP. Just exit the program.
10-22  3:00:01 am BST Network is UP. Just exit the program.
10-22  3:01:01 am BST Network is UP. Just exit the program.
10-22  3:02:01 am BST Network is UP. Just exit the program.
10-22  3:03:01 am BST Network is UP. Just exit the program.
10-22  3:04:01 am BST Network is UP. Just exit the program.
10-22  3:05:01 am BST Network is UP. Just exit the program.
10-22  3:06:01 am BST Network is UP. Just exit the program.
10-22  3:07:01 am BST Network is UP. Just exit the program.
10-22  3:08:01 am BST Network is UP. Just exit the program.
10-22  3:09:01 am BST Network is UP. Just exit the program.
10-22  3:10:01 am BST Network is UP. Just exit the program.
10-22  3:11:01 am BST Network is UP. Just exit the program.
10-22  3:12:01 am BST Network is UP. Just exit the program.
10-22  3:13:01 am BST Network is UP. Just exit the program.
10-22  3:14:01 am BST Network is UP. Just exit the program.
10-22  3:15:01 am BST Network is UP. Just exit the program.
10-22  3:16:01 am BST Network is UP. Just exit the program.
10-22  3:17:01 am BST Network is UP. Just exit the program.
10-22  3:18:02 am BST Network is UP. Just exit the program.
10-22  3:19:01 am BST Network is UP. Just exit the program.
10-22  3:20:01 am BST Network is UP. Just exit the program.
10-22  3:21:01 am BST Network is UP. Just exit the program.
10-22  3:22:01 am BST Network is UP. Just exit the program.
10-22  3:23:01 am BST Network is UP. Just exit the program.
10-22  3:24:01 am BST Network is UP. Just exit the program.
10-22  3:25:01 am BST Network is UP. Just exit the program.
10-22  3:26:01 am BST Network is UP. Just exit the program.
10-22  3:27:01 am BST Network is UP. Just exit the program.
10-22  3:28:01 am BST Network is UP. Just exit the program.
10-22  3:29:01 am BST Network is UP. Just exit the program.
10-22  3:30:01 am BST Network is UP. Just exit the program.
10-22  3:31:01 am BST Network is UP. Just exit the program.
10-22  3:32:01 am BST Network is UP. Just exit the program.
10-22  3:33:01 am BST Network is UP. Just exit the program.
10-22  3:34:01 am BST Network is UP. Just exit the program.
10-22  3:35:01 am BST Network is UP. Just exit the program.
10-22  3:36:01 am BST Network is UP. Just exit the program.
10-22  3:37:01 am BST Network is UP. Just exit the program.
10-22  3:38:01 am BST Network is UP. Just exit the program.
10-22  3:39:01 am BST Network is UP. Just exit the program.
10-22  3:40:01 am BST Network is UP. Just exit the program.
10-22  3:41:01 am BST Network is UP. Just exit the program.
10-22  3:42:01 am BST Network is UP. Just exit the program.
10-22  3:43:01 am BST Network is UP. Just exit the program.
10-22  3:44:01 am BST Network is UP. Just exit the program.
10-22  3:45:01 am BST Network is UP. Just exit the program.
10-22  3:46:01 am BST Network is UP. Just exit the program.
10-22  3:47:01 am BST Network is UP. Just exit the program.
10-22  3:48:01 am BST Network is UP. Just exit the program.
10-22  3:49:01 am BST Network is UP. Just exit the program.
10-22  3:50:01 am BST Network is UP. Just exit the program.
10-22  3:51:01 am BST Network is UP. Just exit the program.
10-22  3:52:01 am BST Network is UP. Just exit the program.
10-22  3:53:01 am BST Network is UP. Just exit the program.
10-22  3:54:01 am BST Network is UP. Just exit the program.
10-22  3:55:01 am BST Network is UP. Just exit the program.
10-22  3:56:01 am BST Network is UP. Just exit the program.
10-22  3:57:01 am BST Network is UP. Just exit the program.
10-22  3:58:01 am BST Network is UP. Just exit the program.
10-22  3:59:01 am BST Network is UP. Just exit the program.
10-22  4:00:01 am BST Network is UP. Just exit the program.
10-22  4:01:01 am BST Network is UP. Just exit the program.
10-22  4:02:01 am BST Network is UP. Just exit the program.
10-22  4:03:01 am BST Network is UP. Just exit the program.
10-22  4:04:01 am BST Network is UP. Just exit the program.
10-22  4:05:01 am BST Network is UP. Just exit the program.
10-22  4:06:01 am BST Network is UP. Just exit the program.
10-22  4:07:01 am BST Network is UP. Just exit the program.
10-22  4:08:01 am BST Network is UP. Just exit the program.
10-22  4:09:01 am BST Network is UP. Just exit the program.
10-22  4:10:01 am BST Network is UP. Just exit the program.
10-22  4:11:01 am BST Network is UP. Just exit the program.
10-22  4:12:01 am BST Network is UP. Just exit the program.
10-22  4:13:01 am BST Network is UP. Just exit the program.
10-22  4:14:01 am BST Network is UP. Just exit the program.
10-22  4:15:01 am BST Network is UP. Just exit the program.
10-22  4:16:01 am BST Network is UP. Just exit the program.
10-22  4:17:01 am BST Network is UP. Just exit the program.
10-22  4:18:01 am BST Network is UP. Just exit the program.
10-22  4:19:01 am BST Network is UP. Just exit the program.
10-22  4:20:01 am BST Network is UP. Just exit the program.
10-22  4:21:01 am BST Network is UP. Just exit the program.
10-22  4:22:01 am BST Network is UP. Just exit the program.
10-22  4:23:01 am BST Network is UP. Just exit the program.
10-22  4:24:01 am BST Network is UP. Just exit the program.
10-22  4:25:01 am BST Network is UP. Just exit the program.
10-22  4:26:01 am BST Network is UP. Just exit the program.
10-22  4:27:01 am BST Network is UP. Just exit the program.
10-22  4:28:01 am BST Network is UP. Just exit the program.
10-22  4:29:01 am BST Network is UP. Just exit the program.
10-22  4:30:01 am BST Network is UP. Just exit the program.
10-22  4:31:01 am BST Network is UP. Just exit the program.
10-22  4:32:01 am BST Network is UP. Just exit the program.
10-22  4:33:01 am BST Network is UP. Just exit the program.
10-22  4:34:01 am BST Network is UP. Just exit the program.
10-22  4:35:02 am BST Network is UP. Just exit the program.
10-22  4:36:01 am BST Network is UP. Just exit the program.
10-22  4:37:01 am BST Network is UP. Just exit the program.
10-22  4:38:01 am BST Network is UP. Just exit the program.
10-22  4:39:01 am BST Network is UP. Just exit the program.
10-22  4:40:01 am BST Network is UP. Just exit the program.
10-22  4:41:01 am BST Network is UP. Just exit the program.
10-22  4:42:01 am BST Network is UP. Just exit the program.
10-22  4:43:01 am BST Network is UP. Just exit the program.
10-22  4:44:01 am BST Network is UP. Just exit the program.
10-22  4:45:01 am BST Network is UP. Just exit the program.
10-22  4:46:01 am BST Network is UP. Just exit the program.
10-22  4:47:01 am BST Network is UP. Just exit the program.
10-22  4:48:01 am BST Network is UP. Just exit the program.
10-22  4:49:01 am BST Network is UP. Just exit the program.
10-22  4:50:01 am BST Network is UP. Just exit the program.
10-22  4:51:01 am BST Network is UP. Just exit the program.
10-22  4:52:01 am BST Network is UP. Just exit the program.
10-22  4:53:01 am BST Network is UP. Just exit the program.
10-22  4:54:01 am BST Network is UP. Just exit the program.
10-22  4:55:01 am BST Network is UP. Just exit the program.
10-22  4:56:01 am BST Network is UP. Just exit the program.
10-22  4:57:01 am BST Network is UP. Just exit the program.
10-22  4:58:01 am BST Network is UP. Just exit the program.
10-22  4:59:01 am BST Network is UP. Just exit the program.
10-22  5:00:01 am BST Network is UP. Just exit the program.
10-22  5:01:01 am BST Network is UP. Just exit the program.
10-22  5:02:01 am BST Network is UP. Just exit the program.
10-22  5:03:01 am BST Network is UP. Just exit the program.
10-22  5:04:01 am BST Network is UP. Just exit the program.
10-22  5:05:01 am BST Network is UP. Just exit the program.
10-22  5:06:01 am BST Network is UP. Just exit the program.
10-22  5:07:01 am BST Network is UP. Just exit the program.
10-22  5:08:01 am BST Network is UP. Just exit the program.
10-22  5:09:01 am BST Network is UP. Just exit the program.
10-22  5:10:01 am BST Network is UP. Just exit the program.
10-22  5:11:01 am BST Network is UP. Just exit the program.
10-22  5:12:01 am BST Network is UP. Just exit the program.
10-22  5:13:01 am BST Network is UP. Just exit the program.
10-22  5:14:02 am BST Network is UP. Just exit the program.
10-22  5:15:01 am BST Network is UP. Just exit the program.
10-22  5:16:01 am BST Network is UP. Just exit the program.
10-22  5:17:01 am BST Network is UP. Just exit the program.
10-22  5:18:01 am BST Network is UP. Just exit the program.
10-22  5:19:01 am BST Network is UP. Just exit the program.
10-22  5:20:01 am BST Network is UP. Just exit the program.
10-22  5:21:01 am BST Network is UP. Just exit the program.
10-22  5:22:01 am BST Network is UP. Just exit the program.
10-22  5:23:01 am BST Network is UP. Just exit the program.
10-22  5:24:01 am BST Network is UP. Just exit the program.
10-22  5:25:01 am BST Network is UP. Just exit the program.
10-22  5:26:01 am BST Network is UP. Just exit the program.
10-22  5:27:01 am BST Network is UP. Just exit the program.
10-22  5:28:01 am BST Network is UP. Just exit the program.
10-22  5:29:01 am BST Network is UP. Just exit the program.
10-22  5:30:01 am BST Network is UP. Just exit the program.
10-22  5:31:01 am BST Network is UP. Just exit the program.
10-22  5:32:01 am BST Network is UP. Just exit the program.
10-22  5:33:01 am BST Network is UP. Just exit the program.
10-22  5:34:01 am BST Network is UP. Just exit the program.
10-22  5:35:01 am BST Network is UP. Just exit the program.
10-22  5:36:01 am BST Network is UP. Just exit the program.
10-22  5:37:01 am BST Network is UP. Just exit the program.
10-22  5:38:01 am BST Network is UP. Just exit the program.
10-22  5:39:01 am BST Network is UP. Just exit the program.
10-22  5:40:01 am BST Network is UP. Just exit the program.
10-22  5:41:01 am BST Network is UP. Just exit the program.
10-22  5:42:01 am BST Network is UP. Just exit the program.
10-22  5:43:01 am BST Network is UP. Just exit the program.
10-22  5:44:02 am BST Network is UP. Just exit the program.
10-22  5:45:01 am BST Network is UP. Just exit the program.
10-22  5:46:01 am BST Network is UP. Just exit the program.
10-22  5:47:01 am BST Network is UP. Just exit the program.
10-22  5:48:01 am BST Network is UP. Just exit the program.
10-22  5:49:01 am BST Network is UP. Just exit the program.
10-22  5:50:01 am BST Network is UP. Just exit the program.
10-22  5:51:01 am BST Network is UP. Just exit the program.
10-22  5:52:01 am BST Network is UP. Just exit the program.
10-22  5:53:01 am BST Network is UP. Just exit the program.
10-22  5:54:01 am BST Network is UP. Just exit the program.
10-22  5:55:01 am BST Network is UP. Just exit the program.
10-22  5:56:01 am BST Network is UP. Just exit the program.
10-22  5:57:01 am BST Network is UP. Just exit the program.
10-22  5:58:01 am BST Network is UP. Just exit the program.
10-22  5:59:01 am BST Network is UP. Just exit the program.
10-22  6:00:01 am BST Network is UP. Just exit the program.
10-22  6:01:01 am BST Network is UP. Just exit the program.
10-22  6:02:01 am BST Network is UP. Just exit the program.
10-22  6:03:01 am BST Network is UP. Just exit the program.
10-22  6:04:01 am BST Network is UP. Just exit the program.
10-22  6:05:01 am BST Network is UP. Just exit the program.
10-22  6:06:01 am BST Network is UP. Just exit the program.
10-22  6:07:01 am BST Network is UP. Just exit the program.
10-22  6:08:01 am BST Network is UP. Just exit the program.
10-22  6:09:01 am BST Network is UP. Just exit the program.
10-22  6:10:01 am BST Network is UP. Just exit the program.
10-22  6:11:01 am BST Network is UP. Just exit the program.
10-22  6:12:01 am BST Network is UP. Just exit the program.
10-22  6:13:01 am BST Network is UP. Just exit the program.
10-22  6:14:01 am BST Network is UP. Just exit the program.
10-22  6:15:02 am BST Network is UP. Just exit the program.
10-22  6:16:01 am BST Network is UP. Just exit the program.
10-22  6:17:01 am BST Network is UP. Just exit the program.
10-22  6:18:01 am BST Network is UP. Just exit the program.
10-22  6:19:01 am BST Network is UP. Just exit the program.
10-22  6:20:01 am BST Network is UP. Just exit the program.
10-22  6:21:01 am BST Network is UP. Just exit the program.
10-22  6:22:01 am BST Network is UP. Just exit the program.
10-22  6:23:01 am BST Network is UP. Just exit the program.
10-22  6:24:01 am BST Network is UP. Just exit the program.
10-22  6:25:02 am BST Network is UP. Just exit the program.
10-22  6:26:01 am BST Network is UP. Just exit the program.
10-22  6:27:01 am BST Network is UP. Just exit the program.
10-22  6:28:01 am BST Network is UP. Just exit the program.
10-22  6:29:01 am BST Network is UP. Just exit the program.
10-22  6:30:01 am BST Network is UP. Just exit the program.
10-22  6:31:01 am BST Network is UP. Just exit the program.
10-22  6:32:01 am BST Network is UP. Just exit the program.
10-22  6:33:01 am BST Network is UP. Just exit the program.
10-22  6:34:01 am BST Network is UP. Just exit the program.
10-22  6:35:02 am BST Network is UP. Just exit the program.
10-22  6:36:01 am BST Network is UP. Just exit the program.
10-22  6:37:01 am BST Network is UP. Just exit the program.
10-22  6:38:01 am BST Network is UP. Just exit the program.
10-22  6:39:01 am BST Network is UP. Just exit the program.
10-22  6:40:01 am BST Network is UP. Just exit the program.
10-22  6:41:01 am BST Network is UP. Just exit the program.
10-22  6:42:01 am BST Network is UP. Just exit the program.
10-22  6:43:01 am BST Network is UP. Just exit the program.
10-22  6:44:01 am BST Network is UP. Just exit the program.
10-22  6:45:01 am BST Network is UP. Just exit the program.
10-22  6:46:01 am BST Network is UP. Just exit the program.
10-22  6:47:01 am BST Network is UP. Just exit the program.
10-22  6:48:01 am BST Network is UP. Just exit the program.
10-22  6:49:01 am BST Network is UP. Just exit the program.
10-22  6:50:01 am BST Network is UP. Just exit the program.
10-22  6:51:01 am BST Network is UP. Just exit the program.
10-22  6:52:01 am BST Network is UP. Just exit the program.
10-22  6:53:01 am BST Network is UP. Just exit the program.
10-22  6:54:01 am BST Network is UP. Just exit the program.
10-22  6:55:01 am BST Network is UP. Just exit the program.
10-22  6:56:01 am BST Network is UP. Just exit the program.
10-22  6:57:01 am BST Network is UP. Just exit the program.
10-22  6:58:01 am BST Network is UP. Just exit the program.
10-22  6:59:01 am BST Network is UP. Just exit the program.
10-22  7:00:01 am BST Network is UP. Just exit the program.
10-22  7:01:01 am BST Network is UP. Just exit the program.
10-22  7:02:01 am BST Network is UP. Just exit the program.
10-22  7:03:01 am BST Network is UP. Just exit the program.
10-22  7:04:01 am BST Network is UP. Just exit the program.
10-22  7:05:01 am BST Network is UP. Just exit the program.
10-22  7:06:01 am BST Network is UP. Just exit the program.
10-22  7:07:01 am BST Network is UP. Just exit the program.
10-22  7:08:01 am BST Network is UP. Just exit the program.
10-22  7:09:01 am BST Network is UP. Just exit the program.
10-22  7:10:01 am BST Network is UP. Just exit the program.
10-22  7:11:01 am BST Network is UP. Just exit the program.
10-22  7:12:01 am BST Network is UP. Just exit the program.
10-22  7:13:01 am BST Network is UP. Just exit the program.
10-22  7:14:01 am BST Network is UP. Just exit the program.
10-22  7:15:01 am BST Network is UP. Just exit the program.
10-22  7:16:01 am BST Network is UP. Just exit the program.
10-22  7:17:01 am BST Network is UP. Just exit the program.
10-22  7:18:01 am BST Network is UP. Just exit the program.
10-22  7:19:01 am BST Network is UP. Just exit the program.
10-22  7:20:01 am BST Network is UP. Just exit the program.
10-22  7:21:01 am BST Network is UP. Just exit the program.
10-22  7:22:01 am BST Network is UP. Just exit the program.
10-22  7:23:01 am BST Network is UP. Just exit the program.
10-22  7:24:01 am BST Network is UP. Just exit the program.
10-22  7:25:01 am BST Network is UP. Just exit the program.
10-22  7:26:01 am BST Network is UP. Just exit the program.
10-22  7:27:01 am BST Network is UP. Just exit the program.
10-22  7:28:01 am BST Network is UP. Just exit the program.
10-22  7:29:01 am BST Network is UP. Just exit the program.
10-22  7:30:01 am BST Network is UP. Just exit the program.
10-22  7:31:01 am BST Network is UP. Just exit the program.
10-22  7:32:01 am BST Network is UP. Just exit the program.
10-22  7:33:01 am BST Network is UP. Just exit the program.
10-22  7:34:01 am BST Network is UP. Just exit the program.
10-22  7:35:01 am BST Network is UP. Just exit the program.
10-22  7:36:01 am BST Network is UP. Just exit the program.
10-22  7:37:01 am BST Network is UP. Just exit the program.
10-22  7:38:01 am BST Network is UP. Just exit the program.
10-22  7:39:01 am BST Network is UP. Just exit the program.
10-22  7:40:01 am BST Network is UP. Just exit the program.
10-22  7:41:01 am BST Network is UP. Just exit the program.
10-22  7:42:01 am BST Network is UP. Just exit the program.
10-22  7:43:01 am BST Network is UP. Just exit the program.
10-22  7:44:01 am BST Network is UP. Just exit the program.
10-22  7:45:02 am BST Network is UP. Just exit the program.
10-22  7:46:01 am BST Network is UP. Just exit the program.
10-22  7:47:01 am BST Network is UP. Just exit the program.
10-22  7:48:01 am BST Network is UP. Just exit the program.
10-22  7:49:01 am BST Network is UP. Just exit the program.
10-22  7:50:01 am BST Network is UP. Just exit the program.
10-22  7:51:01 am BST Network is UP. Just exit the program.
10-22  7:52:01 am BST Network is UP. Just exit the program.
10-22  7:53:01 am BST Network is UP. Just exit the program.
10-22  7:54:01 am BST Network is UP. Just exit the program.
10-22  7:55:02 am BST Network is UP. Just exit the program.
10-22  7:56:01 am BST Network is UP. Just exit the program.
10-22  7:57:01 am BST Network is UP. Just exit the program.
10-22  7:58:01 am BST Network is UP. Just exit the program.
10-22  7:59:01 am BST Network is UP. Just exit the program.
10-22  8:00:01 am BST Network is UP. Just exit the program.
10-22  8:01:01 am BST Network is UP. Just exit the program.
10-22  8:02:01 am BST Network is UP. Just exit the program.
10-22  8:03:01 am BST Network is UP. Just exit the program.
10-22  8:04:01 am BST Network is UP. Just exit the program.
10-22  8:05:01 am BST Network is UP. Just exit the program.
10-22  8:06:01 am BST Network is UP. Just exit the program.
10-22  8:07:01 am BST Network is UP. Just exit the program.
10-22  8:08:01 am BST Network is UP. Just exit the program.
10-22  8:09:01 am BST Network is UP. Just exit the program.
10-22  8:10:01 am BST Network is UP. Just exit the program.
10-22  8:11:01 am BST Network is UP. Just exit the program.
10-22  8:12:01 am BST Network is UP. Just exit the program.
10-22  8:13:01 am BST Network is UP. Just exit the program.
10-22  8:14:01 am BST Network is UP. Just exit the program.
10-22  8:15:01 am BST Network is UP. Just exit the program.
10-22  8:16:02 am BST Network is UP. Just exit the program.
10-22  8:17:01 am BST Network is UP. Just exit the program.
10-22  8:18:01 am BST Network is UP. Just exit the program.
10-22  8:19:01 am BST Network is UP. Just exit the program.
10-22  8:20:01 am BST Network is UP. Just exit the program.
10-22  8:21:01 am BST Network is UP. Just exit the program.
10-22  8:22:01 am BST Network is UP. Just exit the program.
10-22  8:23:01 am BST Network is UP. Just exit the program.
10-22  8:24:01 am BST Network is UP. Just exit the program.
10-22  8:25:01 am BST Network is UP. Just exit the program.
10-22  8:26:01 am BST Network is UP. Just exit the program.
10-22  8:27:01 am BST Network is UP. Just exit the program.
10-22  8:28:01 am BST Network is UP. Just exit the program.
10-22  8:29:01 am BST Network is UP. Just exit the program.
10-22  8:30:01 am BST Network is UP. Just exit the program.
10-22  8:31:01 am BST Network is UP. Just exit the program.
10-22  8:32:01 am BST Network is UP. Just exit the program.
10-22  8:33:01 am BST Network is UP. Just exit the program.
10-22  8:34:01 am BST Network is UP. Just exit the program.
10-22  8:35:01 am BST Network is UP. Just exit the program.
10-22  8:36:01 am BST Network is UP. Just exit the program.
10-22  8:37:01 am BST Network is UP. Just exit the program.
10-22  8:38:02 am BST Network is UP. Just exit the program.
10-22  8:39:01 am BST Network is UP. Just exit the program.
10-22  8:40:01 am BST Network is UP. Just exit the program.
10-22  8:41:01 am BST Network is UP. Just exit the program.
10-22  8:42:01 am BST Network is UP. Just exit the program.
10-22  8:43:01 am BST Network is UP. Just exit the program.
10-22  8:44:01 am BST Network is UP. Just exit the program.
10-22  8:45:01 am BST Network is UP. Just exit the program.
10-22  8:46:01 am BST Network is UP. Just exit the program.
10-22  8:47:01 am BST Network is UP. Just exit the program.
10-22  8:48:01 am BST Network is UP. Just exit the program.
10-22  8:49:01 am BST Network is UP. Just exit the program.
10-22  8:50:01 am BST Network is UP. Just exit the program.
10-22  8:51:01 am BST Network is UP. Just exit the program.
10-22  8:52:01 am BST Network is UP. Just exit the program.
10-22  8:53:01 am BST Network is UP. Just exit the program.
10-22  8:54:01 am BST Network is UP. Just exit the program.
10-22  8:55:01 am BST Network is UP. Just exit the program.
10-22  8:56:01 am BST Network is UP. Just exit the program.
10-22  8:57:01 am BST Network is UP. Just exit the program.
10-22  8:58:01 am BST Network is UP. Just exit the program.
10-22  8:59:01 am BST Network is UP. Just exit the program.
10-22  9:00:01 am BST Network is UP. Just exit the program.
10-22  9:01:01 am BST Network is UP. Just exit the program.
10-22  9:02:01 am BST Network is UP. Just exit the program.
10-22  9:03:01 am BST Network is UP. Just exit the program.
10-22  9:04:01 am BST Network is UP. Just exit the program.
10-22  9:05:01 am BST Network is UP. Just exit the program.
10-22  9:06:01 am BST Network is UP. Just exit the program.
10-22  9:07:01 am BST Network is UP. Just exit the program.
10-22  9:08:01 am BST Network is UP. Just exit the program.
10-22  9:09:01 am BST Network is UP. Just exit the program.
10-22  9:10:01 am BST Network is UP. Just exit the program.
10-22  9:11:01 am BST Network is UP. Just exit the program.
10-22  9:12:01 am BST Network is UP. Just exit the program.
10-22  9:13:01 am BST Network is UP. Just exit the program.
10-22  9:14:01 am BST Network is UP. Just exit the program.
10-22  9:15:01 am BST Network is UP. Just exit the program.
10-22  9:16:01 am BST Network is UP. Just exit the program.
10-22  9:17:01 am BST Network is UP. Just exit the program.
10-22  9:18:01 am BST Network is UP. Just exit the program.
10-22  9:19:02 am BST Network is UP. Just exit the program.
10-22  9:20:01 am BST Network is UP. Just exit the program.
10-22  9:21:01 am BST Network is UP. Just exit the program.
10-22  9:22:01 am BST Network is UP. Just exit the program.
10-22  9:23:01 am BST Network is UP. Just exit the program.
10-22  9:24:01 am BST Network is UP. Just exit the program.
10-22  9:25:01 am BST Network is UP. Just exit the program.
10-22  9:26:01 am BST Network is UP. Just exit the program.
10-22  9:27:01 am BST Network is UP. Just exit the program.
10-22  9:28:01 am BST Network is UP. Just exit the program.
10-22  9:29:01 am BST Network is UP. Just exit the program.
10-22  9:30:01 am BST Network is UP. Just exit the program.
10-22  9:31:01 am BST Network is UP. Just exit the program.
10-22  9:32:01 am BST Network is UP. Just exit the program.
10-22  9:33:01 am BST Network is UP. Just exit the program.
10-22  9:34:01 am BST Network is UP. Just exit the program.
10-22  9:35:01 am BST Network is UP. Just exit the program.
10-22  9:36:01 am BST Network is UP. Just exit the program.
10-22  9:37:01 am BST Network is UP. Just exit the program.
10-22  9:38:01 am BST Network is UP. Just exit the program.
10-22  9:39:01 am BST Network is UP. Just exit the program.
10-22  9:40:01 am BST Network is UP. Just exit the program.
10-22  9:41:01 am BST Network is UP. Just exit the program.
10-22  9:42:01 am BST Network is UP. Just exit the program.
10-22  9:43:01 am BST Network is UP. Just exit the program.
10-22  9:44:01 am BST Network is UP. Just exit the program.
10-22  9:45:01 am BST Network is UP. Just exit the program.
10-22  9:46:01 am BST Network is UP. Just exit the program.
10-22  9:47:01 am BST Network is UP. Just exit the program.
10-22  9:48:01 am BST Network is UP. Just exit the program.
10-22  9:49:02 am BST Network is UP. Just exit the program.
10-22  9:50:01 am BST Network is UP. Just exit the program.
10-22  9:51:01 am BST Network is UP. Just exit the program.
10-22  9:52:01 am BST Network is UP. Just exit the program.
10-22  9:53:01 am BST Network is UP. Just exit the program.
10-22  9:54:01 am BST Network is UP. Just exit the program.
10-22  9:55:01 am BST Network is UP. Just exit the program.
10-22  9:56:01 am BST Network is UP. Just exit the program.
10-22  9:57:01 am BST Network is UP. Just exit the program.
10-22  9:58:01 am BST Network is UP. Just exit the program.
10-22  9:59:02 am BST Network is UP. Just exit the program.
10-22 10:00:01 am BST Network is UP. Just exit the program.
10-22 10:01:01 am BST Network is UP. Just exit the program.
10-22 10:02:01 am BST Network is UP. Just exit the program.
10-22 10:03:01 am BST Network is UP. Just exit the program.
10-22 10:04:01 am BST Network is UP. Just exit the program.
10-22 10:05:01 am BST Network is UP. Just exit the program.
10-22 10:06:01 am BST Network is UP. Just exit the program.
10-22 10:07:01 am BST Network is UP. Just exit the program.
10-22 10:08:01 am BST Network is UP. Just exit the program.
10-22 10:09:02 am BST Network is UP. Just exit the program.
10-22 10:10:01 am BST Network is UP. Just exit the program.
10-22 10:11:01 am BST Network is UP. Just exit the program.
10-22 10:12:01 am BST Network is UP. Just exit the program.
10-22 10:13:01 am BST Network is UP. Just exit the program.
10-22 10:14:01 am BST Network is UP. Just exit the program.
10-22 10:15:01 am BST Network is UP. Just exit the program.
10-22 10:16:01 am BST Network is UP. Just exit the program.
10-22 10:17:01 am BST Network is UP. Just exit the program.
10-22 10:18:01 am BST Network is UP. Just exit the program.
10-22 10:19:02 am BST Network is UP. Just exit the program.
10-22 10:20:01 am BST Network is UP. Just exit the program.
10-22 10:21:01 am BST Network is UP. Just exit the program.
10-22 10:22:01 am BST Network is UP. Just exit the program.
10-22 10:23:01 am BST Network is UP. Just exit the program.
10-22 10:24:01 am BST Network is UP. Just exit the program.
10-22 10:25:01 am BST Network is UP. Just exit the program.
10-22 10:26:01 am BST Network is UP. Just exit the program.
10-22 10:27:01 am BST Network is UP. Just exit the program.
10-22 10:28:01 am BST Network is UP. Just exit the program.
10-22 10:29:01 am BST Network is UP. Just exit the program.
10-22 10:30:01 am BST Network is UP. Just exit the program.
10-22 10:31:01 am BST Network is UP. Just exit the program.
10-22 10:32:01 am BST Network is UP. Just exit the program.
10-22 10:33:01 am BST Network is UP. Just exit the program.
10-22 10:34:01 am BST Network is UP. Just exit the program.
10-22 10:35:01 am BST Network is UP. Just exit the program.
10-22 10:36:01 am BST Network is UP. Just exit the program.
10-22 10:37:01 am BST Network is UP. Just exit the program.
10-22 10:38:01 am BST Network is UP. Just exit the program.
10-22 10:39:01 am BST Network is UP. Just exit the program.
10-22 10:40:01 am BST Network is UP. Just exit the program.
10-22 10:41:01 am BST Network is UP. Just exit the program.
10-22 10:42:01 am BST Network is UP. Just exit the program.
10-22 10:43:01 am BST Network is UP. Just exit the program.
10-22 10:44:01 am BST Network is UP. Just exit the program.
10-22 10:45:01 am BST Network is UP. Just exit the program.
10-22 10:46:01 am BST Network is UP. Just exit the program.
10-22 10:47:01 am BST Network is UP. Just exit the program.
10-22 10:48:01 am BST Network is UP. Just exit the program.
10-22 10:49:01 am BST Network is UP. Just exit the program.
10-22 10:50:01 am BST Network is UP. Just exit the program.
10-22 10:51:01 am BST Network is UP. Just exit the program.
10-22 10:52:01 am BST Network is UP. Just exit the program.
10-22 10:53:01 am BST Network is UP. Just exit the program.
10-22 10:54:01 am BST Network is UP. Just exit the program.
10-22 10:55:01 am BST Network is UP. Just exit the program.
10-22 10:56:01 am BST Network is UP. Just exit the program.
10-22 10:57:01 am BST Network is UP. Just exit the program.
10-22 10:58:01 am BST Network is UP. Just exit the program.
10-22 10:59:01 am BST Network is UP. Just exit the program.
10-22 11:00:01 am BST Network is UP. Just exit the program.
10-22 11:01:01 am BST Network is UP. Just exit the program.
10-22 11:02:01 am BST Network is UP. Just exit the program.
10-22 11:03:01 am BST Network is UP. Just exit the program.
10-22 11:04:01 am BST Network is UP. Just exit the program.
10-22 11:05:01 am BST Network is UP. Just exit the program.
10-22 11:06:01 am BST Network is UP. Just exit the program.
10-22 11:07:01 am BST Network is UP. Just exit the program.
10-22 11:08:02 am BST Network is UP. Just exit the program.
10-22 11:09:01 am BST Network is UP. Just exit the program.
10-22 11:10:01 am BST Network is UP. Just exit the program.
10-22 11:11:01 am BST Network is UP. Just exit the program.
10-22 11:12:01 am BST Network is UP. Just exit the program.
10-22 11:13:01 am BST Network is UP. Just exit the program.
10-22 11:14:01 am BST Network is UP. Just exit the program.
10-22 11:15:01 am BST Network is UP. Just exit the program.
10-22 11:16:01 am BST Network is UP. Just exit the program.
10-22 11:17:01 am BST Network is UP. Just exit the program.
10-22 11:18:01 am BST Network is UP. Just exit the program.
10-22 11:19:01 am BST Network is UP. Just exit the program.
10-22 11:20:01 am BST Network is UP. Just exit the program.
10-22 11:21:01 am BST Network is UP. Just exit the program.
10-22 11:22:01 am BST Network is UP. Just exit the program.
10-22 11:23:01 am BST Network is UP. Just exit the program.
10-22 11:24:01 am BST Network is UP. Just exit the program.
10-22 11:25:01 am BST Network is UP. Just exit the program.
10-22 11:26:01 am BST Network is UP. Just exit the program.
10-22 11:27:01 am BST Network is UP. Just exit the program.
10-22 11:28:01 am BST Network is UP. Just exit the program.
10-22 11:29:01 am BST Network is UP. Just exit the program.
10-22 11:30:01 am BST Network is UP. Just exit the program.
10-22 11:31:01 am BST Network is UP. Just exit the program.
10-22 11:32:01 am BST Network is UP. Just exit the program.
10-22 11:33:01 am BST Network is UP. Just exit the program.
10-22 11:34:01 am BST Network is UP. Just exit the program.
10-22 11:35:01 am BST Network is UP. Just exit the program.
10-22 11:36:01 am BST Network is UP. Just exit the program.
10-22 11:37:01 am BST Network is UP. Just exit the program.
10-22 11:38:01 am BST Network is UP. Just exit the program.
10-22 11:39:01 am BST Network is UP. Just exit the program.
10-22 11:40:02 am BST Network is UP. Just exit the program.
10-22 11:41:01 am BST Network is UP. Just exit the program.
10-22 11:42:01 am BST Network is UP. Just exit the program.
10-22 11:43:01 am BST Network is UP. Just exit the program.
10-22 11:44:01 am BST Network is UP. Just exit the program.
10-22 11:45:01 am BST Network is UP. Just exit the program.
10-22 11:46:01 am BST Network is UP. Just exit the program.
10-22 11:47:01 am BST Network is UP. Just exit the program.
10-22 11:48:01 am BST Network is UP. Just exit the program.
10-22 11:49:01 am BST Network is UP. Just exit the program.
10-22 11:50:02 am BST Network is UP. Just exit the program.
10-22 11:51:01 am BST Network is UP. Just exit the program.
10-22 11:52:01 am BST Network is UP. Just exit the program.
10-22 11:53:01 am BST Network is UP. Just exit the program.
10-22 11:54:01 am BST Network is UP. Just exit the program.
10-22 11:55:01 am BST Network is UP. Just exit the program.
10-22 11:56:01 am BST Network is UP. Just exit the program.
10-22 11:57:01 am BST Network is UP. Just exit the program.
10-22 11:58:01 am BST Network is UP. Just exit the program.
10-22 11:59:01 am BST Network is UP. Just exit the program.
10-22 12:00:02 pm BST Network is UP. Just exit the program.
10-22 12:01:01 pm BST Network is UP. Just exit the program.
10-22 12:02:01 pm BST Network is UP. Just exit the program.
10-22 12:03:01 pm BST Network is UP. Just exit the program.
10-22 12:04:01 pm BST Network is UP. Just exit the program.
10-22 12:05:01 pm BST Network is UP. Just exit the program.
10-22 12:06:01 pm BST Network is UP. Just exit the program.
10-22 12:07:01 pm BST Network is UP. Just exit the program.
10-22 12:08:01 pm BST Network is UP. Just exit the program.
10-22 12:09:01 pm BST Network is UP. Just exit the program.
10-22 12:10:01 pm BST Network is UP. Just exit the program.
10-22 12:11:01 pm BST Network is UP. Just exit the program.
10-22 12:12:01 pm BST Network is UP. Just exit the program.
10-22 12:13:01 pm BST Network is UP. Just exit the program.
10-22 12:14:01 pm BST Network is UP. Just exit the program.
10-22 12:15:01 pm BST Network is UP. Just exit the program.
10-22 12:16:01 pm BST Network is UP. Just exit the program.
10-22 12:17:01 pm BST Network is UP. Just exit the program.
10-22 12:18:01 pm BST Network is UP. Just exit the program.
10-22 12:19:01 pm BST Network is UP. Just exit the program.
10-22 12:20:01 pm BST Network is UP. Just exit the program.
10-22 12:21:01 pm BST Network is UP. Just exit the program.
10-22 12:22:01 pm BST Network is UP. Just exit the program.
10-22 12:23:01 pm BST Network is UP. Just exit the program.
10-22 12:24:01 pm BST Network is UP. Just exit the program.
10-22 12:25:01 pm BST Network is UP. Just exit the program.
10-22 12:26:01 pm BST Network is UP. Just exit the program.
10-22 12:27:01 pm BST Network is UP. Just exit the program.
10-22 12:28:01 pm BST Network is UP. Just exit the program.
10-22 12:29:01 pm BST Network is UP. Just exit the program.
10-22 12:30:01 pm BST Network is UP. Just exit the program.
10-22 12:31:02 pm BST Network is UP. Just exit the program.
10-22 12:32:01 pm BST Network is UP. Just exit the program.
10-22 12:33:01 pm BST Network is UP. Just exit the program.
10-22 12:34:01 pm BST Network is UP. Just exit the program.
10-22 12:35:01 pm BST Network is UP. Just exit the program.
10-22 12:36:01 pm BST Network is UP. Just exit the program.
10-22 12:37:01 pm BST Network is UP. Just exit the program.
10-22 12:38:01 pm BST Network is UP. Just exit the program.
10-22 12:39:01 pm BST Network is UP. Just exit the program.
10-22 12:40:01 pm BST Network is UP. Just exit the program.
10-22 12:41:01 pm BST Network is UP. Just exit the program.
10-22 12:42:01 pm BST Network is UP. Just exit the program.
10-22 12:43:01 pm BST Network is UP. Just exit the program.
10-22 12:44:01 pm BST Network is UP. Just exit the program.
10-22 12:45:01 pm BST Network is UP. Just exit the program.
10-22 12:46:01 pm BST Network is UP. Just exit the program.
10-22 12:47:01 pm BST Network is UP. Just exit the program.
10-22 12:48:01 pm BST Network is UP. Just exit the program.
10-22 12:49:01 pm BST Network is UP. Just exit the program.
10-22 12:50:01 pm BST Network is UP. Just exit the program.
10-22 12:51:01 pm BST Network is UP. Just exit the program.
10-22 12:52:01 pm BST Network is UP. Just exit the program.
10-22 12:53:01 pm BST Network is UP. Just exit the program.
10-22 12:54:01 pm BST Network is UP. Just exit the program.
10-22 12:55:01 pm BST Network is UP. Just exit the program.
10-22 12:56:01 pm BST Network is UP. Just exit the program.
10-22 12:57:01 pm BST Network is UP. Just exit the program.
10-22 12:58:01 pm BST Network is UP. Just exit the program.
10-22 12:59:01 pm BST Network is UP. Just exit the program.
10-22  1:00:01 pm BST Network is UP. Just exit the program.
10-22  1:01:01 pm BST Network is UP. Just exit the program.
10-22  1:02:02 pm BST Network is UP. Just exit the program.
10-22  1:03:01 pm BST Network is UP. Just exit the program.
10-22  1:04:01 pm BST Network is UP. Just exit the program.
10-22  1:05:01 pm BST Network is UP. Just exit the program.
10-22  1:06:01 pm BST Network is UP. Just exit the program.
10-22  1:07:01 pm BST Network is UP. Just exit the program.
10-22  1:08:01 pm BST Network is UP. Just exit the program.
10-22  1:09:01 pm BST Network is UP. Just exit the program.
10-22  1:10:01 pm BST Network is UP. Just exit the program.
10-22  1:11:01 pm BST Network is UP. Just exit the program.
10-22  1:12:01 pm BST Network is UP. Just exit the program.
10-22  1:13:01 pm BST Network is UP. Just exit the program.
10-22  1:14:01 pm BST Network is UP. Just exit the program.
10-22  1:15:01 pm BST Network is UP. Just exit the program.
10-22  1:16:01 pm BST Network is UP. Just exit the program.
10-22  1:17:01 pm BST Network is UP. Just exit the program.
10-22  1:18:01 pm BST Network is UP. Just exit the program.
10-22  1:19:01 pm BST Network is UP. Just exit the program.
10-22  1:20:01 pm BST Network is UP. Just exit the program.
10-22  1:21:02 pm BST Network is UP. Just exit the program.
10-22  1:22:01 pm BST Network is UP. Just exit the program.
10-22  1:23:01 pm BST Network is UP. Just exit the program.
10-22  1:24:01 pm BST Network is UP. Just exit the program.
10-22  1:25:01 pm BST Network is UP. Just exit the program.
10-22  1:26:01 pm BST Network is UP. Just exit the program.
10-22  1:27:01 pm BST Network is UP. Just exit the program.
10-22  1:28:01 pm BST Network is UP. Just exit the program.
10-22  1:29:01 pm BST Network is UP. Just exit the program.
10-22  1:30:01 pm BST Network is UP. Just exit the program.
10-22  1:31:01 pm BST Network is UP. Just exit the program.
10-22  1:32:01 pm BST Network is UP. Just exit the program.
10-22  1:33:01 pm BST Network is UP. Just exit the program.
10-22  1:34:01 pm BST Network is UP. Just exit the program.
10-22  1:35:01 pm BST Network is UP. Just exit the program.
10-22  1:36:01 pm BST Network is UP. Just exit the program.
10-22  1:37:01 pm BST Network is UP. Just exit the program.
10-22  1:38:01 pm BST Network is UP. Just exit the program.
10-22  1:39:01 pm BST Network is UP. Just exit the program.
10-22  1:40:01 pm BST Network is UP. Just exit the program.
10-22  1:41:01 pm BST Network is UP. Just exit the program.
10-22  1:42:01 pm BST Network is UP. Just exit the program.
10-22  1:43:01 pm BST Network is UP. Just exit the program.
10-22  1:44:01 pm BST Network is UP. Just exit the program.
10-22  1:45:01 pm BST Network is UP. Just exit the program.
10-22  1:46:01 pm BST Network is UP. Just exit the program.
10-22  1:47:01 pm BST Network is UP. Just exit the program.
10-22  1:48:01 pm BST Network is UP. Just exit the program.
10-22  1:49:01 pm BST Network is UP. Just exit the program.
10-22  1:50:01 pm BST Network is UP. Just exit the program.
10-22  1:51:01 pm BST Network is UP. Just exit the program.
10-22  1:52:01 pm BST Network is UP. Just exit the program.
10-22  1:53:01 pm BST Network is UP. Just exit the program.
10-22  1:54:01 pm BST Network is UP. Just exit the program.
10-22  1:55:01 pm BST Network is UP. Just exit the program.
10-22  1:56:01 pm BST Network is UP. Just exit the program.
10-22  1:57:01 pm BST Network is UP. Just exit the program.
10-22  1:58:01 pm BST Network is UP. Just exit the program.
10-22  1:59:01 pm BST Network is UP. Just exit the program.
10-22  2:00:01 pm BST Network is UP. Just exit the program.
10-22  2:01:01 pm BST Network is UP. Just exit the program.
10-22  2:02:01 pm BST Network is UP. Just exit the program.
10-22  2:03:01 pm BST Network is UP. Just exit the program.
10-22  2:04:01 pm BST Network is UP. Just exit the program.
10-22  2:05:01 pm BST Network is UP. Just exit the program.
10-22  2:06:01 pm BST Network is UP. Just exit the program.
10-22  2:07:01 pm BST Network is UP. Just exit the program.
10-22  2:08:01 pm BST Network is UP. Just exit the program.
10-22  2:09:01 pm BST Network is UP. Just exit the program.
10-22  2:10:01 pm BST Network is UP. Just exit the program.
10-22  2:11:01 pm BST Network is UP. Just exit the program.
10-22  2:12:01 pm BST Network is UP. Just exit the program.
10-22  2:13:01 pm BST Network is UP. Just exit the program.
10-22  2:14:01 pm BST Network is UP. Just exit the program.
10-22  2:15:01 pm BST Network is UP. Just exit the program.
10-22  2:16:01 pm BST Network is UP. Just exit the program.
10-22  2:17:01 pm BST Network is UP. Just exit the program.
10-22  2:18:01 pm BST Network is UP. Just exit the program.
10-22  2:19:01 pm BST Network is UP. Just exit the program.
10-22  2:20:01 pm BST Network is UP. Just exit the program.
10-22  2:21:01 pm BST Network is UP. Just exit the program.
10-22  2:22:01 pm BST Network is UP. Just exit the program.
10-22  2:23:01 pm BST Network is UP. Just exit the program.
10-22  2:24:01 pm BST Network is UP. Just exit the program.
10-22  2:25:01 pm BST Network is UP. Just exit the program.
10-22  2:26:01 pm BST Network is UP. Just exit the program.
10-22  2:27:01 pm BST Network is UP. Just exit the program.
10-22  2:28:01 pm BST Network is UP. Just exit the program.
10-22  2:29:01 pm BST Network is UP. Just exit the program.
10-22  2:30:01 pm BST Network is UP. Just exit the program.
10-22  2:31:01 pm BST Network is UP. Just exit the program.
10-22  2:32:01 pm BST Network is UP. Just exit the program.
10-22  2:33:01 pm BST Network is UP. Just exit the program.
10-22  2:34:01 pm BST Network is UP. Just exit the program.
10-22  2:35:01 pm BST Network is UP. Just exit the program.
10-22  2:36:01 pm BST Network is UP. Just exit the program.
10-22  2:37:01 pm BST Network is UP. Just exit the program.
10-22  2:38:01 pm BST Network is UP. Just exit the program.
10-22  2:39:01 pm BST Network is UP. Just exit the program.
10-22  2:40:01 pm BST Network is UP. Just exit the program.
10-22  2:41:01 pm BST Network is UP. Just exit the program.
10-22  2:42:02 pm BST Network is UP. Just exit the program.
10-22  2:43:01 pm BST Network is UP. Just exit the program.
10-22  2:44:01 pm BST Network is UP. Just exit the program.
10-22  2:45:01 pm BST Network is UP. Just exit the program.
10-22  2:46:01 pm BST Network is UP. Just exit the program.
10-22  2:47:01 pm BST Network is UP. Just exit the program.
10-22  2:48:01 pm BST Network is UP. Just exit the program.
10-22  2:49:01 pm BST Network is UP. Just exit the program.
10-22  2:50:01 pm BST Network is UP. Just exit the program.
10-22  2:51:01 pm BST Network is UP. Just exit the program.
10-22  2:52:02 pm BST Network is UP. Just exit the program.
10-22  2:53:01 pm BST Network is UP. Just exit the program.
10-22  2:54:01 pm BST Network is UP. Just exit the program.
10-22  2:55:01 pm BST Network is UP. Just exit the program.
10-22  2:56:01 pm BST Network is UP. Just exit the program.
10-22  2:57:01 pm BST Network is UP. Just exit the program.
10-22  2:58:01 pm BST Network is UP. Just exit the program.
10-22  2:59:01 pm BST Network is UP. Just exit the program.
10-22  3:00:01 pm BST Network is UP. Just exit the program.
10-22  3:01:01 pm BST Network is UP. Just exit the program.
10-22  3:02:01 pm BST Network is UP. Just exit the program.
10-22  3:03:01 pm BST Network is UP. Just exit the program.
10-22  3:04:01 pm BST Network is UP. Just exit the program.
10-22  3:05:01 pm BST Network is UP. Just exit the program.
10-22  3:06:01 pm BST Network is UP. Just exit the program.
10-22  3:07:01 pm BST Network is UP. Just exit the program.
10-22  3:08:01 pm BST Network is UP. Just exit the program.
10-22  3:09:01 pm BST Network is UP. Just exit the program.
10-22  3:10:01 pm BST Network is UP. Just exit the program.
10-22  3:11:01 pm BST Network is UP. Just exit the program.
10-22  3:12:01 pm BST Network is UP. Just exit the program.
10-22  3:13:02 pm BST Network is UP. Just exit the program.
10-22  3:14:01 pm BST Network is UP. Just exit the program.
10-22  3:15:01 pm BST Network is UP. Just exit the program.
10-22  3:16:01 pm BST Network is UP. Just exit the program.
10-22  3:17:01 pm BST Network is UP. Just exit the program.
10-22  3:18:01 pm BST Network is UP. Just exit the program.
10-22  3:19:01 pm BST Network is UP. Just exit the program.
10-22  3:20:01 pm BST Network is UP. Just exit the program.
10-22  3:21:01 pm BST Network is UP. Just exit the program.
10-22  3:22:01 pm BST Network is UP. Just exit the program.
10-22  3:23:02 pm BST Network is UP. Just exit the program.
10-22  3:24:01 pm BST Network is UP. Just exit the program.
10-22  3:25:01 pm BST Network is UP. Just exit the program.
10-22  3:26:01 pm BST Network is UP. Just exit the program.
10-22  3:27:01 pm BST Network is UP. Just exit the program.
10-22  3:28:01 pm BST Network is UP. Just exit the program.
10-22  3:29:01 pm BST Network is UP. Just exit the program.
10-22  3:30:01 pm BST Network is UP. Just exit the program.
10-22  3:31:01 pm BST Network is UP. Just exit the program.
10-22  3:32:01 pm BST Network is UP. Just exit the program.
10-22  3:33:02 pm BST Network is UP. Just exit the program.
10-22  3:34:01 pm BST Network is UP. Just exit the program.
10-22  3:35:01 pm BST Network is UP. Just exit the program.
10-22  3:36:01 pm BST Network is UP. Just exit the program.
10-22  3:37:01 pm BST Network is UP. Just exit the program.
10-22  3:38:01 pm BST Network is UP. Just exit the program.
10-22  3:39:01 pm BST Network is UP. Just exit the program.
10-22  3:40:01 pm BST Network is UP. Just exit the program.
10-22  3:41:01 pm BST Network is UP. Just exit the program.
10-22  3:42:01 pm BST Network is UP. Just exit the program.
10-22  3:43:02 pm BST Network is UP. Just exit the program.
10-22  3:44:01 pm BST Network is UP. Just exit the program.
10-22  3:45:01 pm BST Network is UP. Just exit the program.
10-22  3:46:01 pm BST Network is UP. Just exit the program.
10-22  3:47:01 pm BST Network is UP. Just exit the program.
10-22  3:48:01 pm BST Network is UP. Just exit the program.
10-22  3:49:01 pm BST Network is UP. Just exit the program.
10-22  3:50:01 pm BST Network is UP. Just exit the program.
10-22  3:51:02 pm BST Network is UP. Just exit the program.
10-22  3:52:01 pm BST Network is UP. Just exit the program.
10-22  3:53:01 pm BST Network is UP. Just exit the program.
10-22  3:54:01 pm BST Network is UP. Just exit the program.
10-22  3:55:01 pm BST Network is UP. Just exit the program.
10-22  3:56:01 pm BST Network is UP. Just exit the program.
10-22  3:57:01 pm BST Network is UP. Just exit the program.
10-22  3:58:01 pm BST Network is UP. Just exit the program.
10-22  3:59:01 pm BST Network is UP. Just exit the program.
10-22  4:00:01 pm BST Network is UP. Just exit the program.
10-22  4:01:01 pm BST Network is UP. Just exit the program.
10-22  4:02:01 pm BST Network is UP. Just exit the program.
10-22  4:03:01 pm BST Network is UP. Just exit the program.
10-22  4:04:01 pm BST Network is UP. Just exit the program.
10-22  4:05:01 pm BST Network is UP. Just exit the program.
10-22  4:06:01 pm BST Network is UP. Just exit the program.
10-22  4:07:01 pm BST Network is UP. Just exit the program.
10-22  4:08:01 pm BST Network is UP. Just exit the program.
10-22  4:09:01 pm BST Network is UP. Just exit the program.
10-22  4:10:01 pm BST Network is UP. Just exit the program.
10-22  4:11:01 pm BST Network is UP. Just exit the program.
10-22  4:12:01 pm BST Network is UP. Just exit the program.
10-22  4:13:01 pm BST Network is UP. Just exit the program.
10-22  4:14:01 pm BST Network is UP. Just exit the program.
10-22  4:15:01 pm BST Network is UP. Just exit the program.
10-22  4:16:01 pm BST Network is UP. Just exit the program.
10-22  4:17:01 pm BST Network is UP. Just exit the program.
10-22  4:18:01 pm BST Network is UP. Just exit the program.
10-22  4:19:02 pm BST Network is UP. Just exit the program.
10-22  4:20:01 pm BST Network is UP. Just exit the program.
10-22  4:21:01 pm BST Network is UP. Just exit the program.
10-22  4:22:01 pm BST Network is UP. Just exit the program.
10-22  4:23:01 pm BST Network is UP. Just exit the program.
10-22  4:24:01 pm BST Network is UP. Just exit the program.
10-22  4:25:01 pm BST Network is UP. Just exit the program.
10-22  4:26:01 pm BST Network is UP. Just exit the program.
10-22  4:27:01 pm BST Network is UP. Just exit the program.
10-22  4:28:02 pm BST Network is UP. Just exit the program.
10-22  4:29:01 pm BST Network is UP. Just exit the program.
10-22  4:30:01 pm BST Network is UP. Just exit the program.
10-22  4:31:01 pm BST Network is UP. Just exit the program.
10-22  4:32:01 pm BST Network is UP. Just exit the program.
10-22  4:33:01 pm BST Network is UP. Just exit the program.
10-22  4:34:01 pm BST Network is UP. Just exit the program.
10-22  4:35:01 pm BST Network is UP. Just exit the program.
10-22  4:36:01 pm BST Network is UP. Just exit the program.
10-22  4:37:01 pm BST Network is UP. Just exit the program.
10-22  4:38:01 pm BST Network is UP. Just exit the program.
10-22  4:39:01 pm BST Network is UP. Just exit the program.
10-22  4:40:01 pm BST Network is UP. Just exit the program.
10-22  4:41:01 pm BST Network is UP. Just exit the program.
10-22  4:42:01 pm BST Network is UP. Just exit the program.
10-22  4:43:01 pm BST Network is UP. Just exit the program.
10-22  4:44:01 pm BST Network is UP. Just exit the program.
10-22  4:45:01 pm BST Network is UP. Just exit the program.
10-22  4:46:01 pm BST Network is UP. Just exit the program.
10-22  4:47:01 pm BST Network is UP. Just exit the program.
10-22  4:48:01 pm BST Network is UP. Just exit the program.
10-22  4:49:02 pm BST Network is UP. Just exit the program.
10-22  4:50:01 pm BST Network is UP. Just exit the program.
10-22  4:51:01 pm BST Network is UP. Just exit the program.
10-22  4:59:54 pm BST Network is UP. Just exit the program.
10-22  5:00:01 pm BST Network is UP. Just exit the program.
10-22  5:01:01 pm BST Network is UP. Just exit the program.
10-22  5:02:01 pm BST Network is UP. Just exit the program.
10-22  5:03:01 pm BST Network is UP. Just exit the program.
10-22  5:04:01 pm BST Network is UP. Just exit the program.
10-22  5:05:01 pm BST Network is UP. Just exit the program.
10-22  5:06:01 pm BST Network is UP. Just exit the program.
10-22  5:07:01 pm BST Network is UP. Just exit the program.
10-22  5:08:01 pm BST Network is UP. Just exit the program.
10-22  5:09:01 pm BST Network is UP. Just exit the program.
10-22  5:10:01 pm BST Network is UP. Just exit the program.
10-22  5:11:01 pm BST Network is UP. Just exit the program.
10-22  5:12:01 pm BST Network is UP. Just exit the program.
10-22  5:13:02 pm BST Network is UP. Just exit the program.
10-22  5:14:01 pm BST Network is UP. Just exit the program.
10-22  5:15:01 pm BST Network is UP. Just exit the program.
10-22  5:16:01 pm BST Network is UP. Just exit the program.
10-22  5:17:01 pm BST Network is UP. Just exit the program.
10-22  5:18:01 pm BST Network is UP. Just exit the program.
10-22  5:19:01 pm BST Network is UP. Just exit the program.
10-22  5:20:01 pm BST Network is UP. Just exit the program.
10-22  5:21:01 pm BST Network is UP. Just exit the program.
10-22  5:22:01 pm BST Network is UP. Just exit the program.
10-22  5:23:01 pm BST Network is UP. Just exit the program.
10-22  5:24:01 pm BST Network is UP. Just exit the program.
10-22  5:25:01 pm BST Network is UP. Just exit the program.
10-22  5:26:01 pm BST Network is UP. Just exit the program.
10-22  5:27:01 pm BST Network is UP. Just exit the program.
10-22  5:28:01 pm BST Network is UP. Just exit the program.
10-22  5:29:01 pm BST Network is UP. Just exit the program.
10-22  5:30:01 pm BST Network is UP. Just exit the program.
10-22  5:31:01 pm BST Network is UP. Just exit the program.
10-22  5:32:01 pm BST Network is UP. Just exit the program.
10-22  5:33:02 pm BST Network is UP. Just exit the program.
10-22  5:34:01 pm BST Network is UP. Just exit the program.
10-22  5:35:01 pm BST Network is UP. Just exit the program.
10-22  5:36:01 pm BST Network is UP. Just exit the program.
10-22  5:37:01 pm BST Network is UP. Just exit the program.
10-22  5:38:01 pm BST Network is UP. Just exit the program.
10-22  5:39:01 pm BST Network is UP. Just exit the program.
10-22  5:40:01 pm BST Network is UP. Just exit the program.
10-22  5:41:01 pm BST Network is UP. Just exit the program.
10-22  5:42:01 pm BST Network is UP. Just exit the program.
10-22  5:43:02 pm BST Network is UP. Just exit the program.
10-22  5:44:01 pm BST Network is UP. Just exit the program.
10-22  5:45:01 pm BST Network is UP. Just exit the program.
10-22  5:46:01 pm BST Network is UP. Just exit the program.
10-22  5:47:01 pm BST Network is UP. Just exit the program.
10-22  5:48:01 pm BST Network is UP. Just exit the program.
10-22  5:49:01 pm BST Network is UP. Just exit the program.
10-22  5:50:01 pm BST Network is UP. Just exit the program.
10-22  5:51:01 pm BST Network is UP. Just exit the program.
10-22  5:52:01 pm BST Network is UP. Just exit the program.
10-22  5:53:01 pm BST Network is UP. Just exit the program.
10-22  5:54:01 pm BST Network is UP. Just exit the program.
10-22  5:55:01 pm BST Network is UP. Just exit the program.
10-22  5:56:01 pm BST Network is UP. Just exit the program.
10-22  5:57:01 pm BST Network is UP. Just exit the program.
10-22  5:58:01 pm BST Network is UP. Just exit the program.
10-22  5:59:01 pm BST Network is UP. Just exit the program.
10-22  6:00:01 pm BST Network is UP. Just exit the program.
10-22  6:01:01 pm BST Network is UP. Just exit the program.
10-22  6:02:01 pm BST Network is UP. Just exit the program.
10-22  6:03:01 pm BST Network is UP. Just exit the program.
10-22  6:04:01 pm BST Network is UP. Just exit the program.
10-22  6:05:01 pm BST Network is UP. Just exit the program.
10-22  6:06:01 pm BST Network is UP. Just exit the program.
10-22  6:07:01 pm BST Network is UP. Just exit the program.
10-22  6:08:01 pm BST Network is UP. Just exit the program.
10-22  6:09:01 pm BST Network is UP. Just exit the program.
10-22  6:10:01 pm BST Network is UP. Just exit the program.
10-22  6:11:01 pm BST Network is UP. Just exit the program.
10-22  6:12:01 pm BST Network is UP. Just exit the program.
10-22  6:13:02 pm BST Network is UP. Just exit the program.
10-22  6:14:01 pm BST Network is UP. Just exit the program.
10-22  6:15:01 pm BST Network is UP. Just exit the program.
10-22  6:16:01 pm BST Network is UP. Just exit the program.
10-22  6:17:01 pm BST Network is UP. Just exit the program.
10-22  6:18:01 pm BST Network is UP. Just exit the program.
10-22  6:19:01 pm BST Network is UP. Just exit the program.
10-22  6:20:01 pm BST Network is UP. Just exit the program.
10-22  6:21:01 pm BST Network is UP. Just exit the program.
10-22  6:22:01 pm BST Network is UP. Just exit the program.
10-22  6:23:01 pm BST Network is UP. Just exit the program.
10-22  6:24:01 pm BST Network is UP. Just exit the program.
10-22  6:25:01 pm BST Network is UP. Just exit the program.
10-22  6:26:01 pm BST Network is UP. Just exit the program.
10-22  6:27:01 pm BST Network is UP. Just exit the program.
10-22  6:28:01 pm BST Network is UP. Just exit the program.
10-22  6:29:01 pm BST Network is UP. Just exit the program.
10-22  6:30:01 pm BST Network is UP. Just exit the program.
10-22  6:31:01 pm BST Network is UP. Just exit the program.
10-22  6:32:01 pm BST Network is UP. Just exit the program.
10-22  6:33:01 pm BST Network is UP. Just exit the program.
10-22  6:34:02 pm BST Network is UP. Just exit the program.
10-22  6:35:01 pm BST Network is UP. Just exit the program.
10-22  6:36:01 pm BST Network is UP. Just exit the program.
10-22  6:37:01 pm BST Network is UP. Just exit the program.
10-22  6:38:01 pm BST Network is UP. Just exit the program.
10-22  6:39:01 pm BST Network is UP. Just exit the program.
10-22  6:40:01 pm BST Network is UP. Just exit the program.
10-22  6:41:01 pm BST Network is UP. Just exit the program.
10-22  6:42:01 pm BST Network is UP. Just exit the program.
10-22  6:43:01 pm BST Network is UP. Just exit the program.
10-22  6:44:01 pm BST Network is UP. Just exit the program.
10-22  6:45:01 pm BST Network is UP. Just exit the program.
10-22  6:46:01 pm BST Network is UP. Just exit the program.
10-22  6:47:01 pm BST Network is UP. Just exit the program.
10-22  6:48:01 pm BST Network is UP. Just exit the program.
10-22  6:49:01 pm BST Network is UP. Just exit the program.
10-22  6:50:01 pm BST Network is UP. Just exit the program.
10-22  6:51:01 pm BST Network is UP. Just exit the program.
10-22  6:52:01 pm BST Network is UP. Just exit the program.
10-22  6:53:01 pm BST Network is UP. Just exit the program.
10-22  6:54:01 pm BST Network is UP. Just exit the program.
10-22  6:55:01 pm BST Network is UP. Just exit the program.
10-22  6:56:01 pm BST Network is UP. Just exit the program.
10-22  6:57:01 pm BST Network is UP. Just exit the program.
10-22  6:58:01 pm BST Network is UP. Just exit the program.
10-22  6:59:01 pm BST Network is UP. Just exit the program.
10-22  7:00:01 pm BST Network is UP. Just exit the program.
10-22  7:01:01 pm BST Network is UP. Just exit the program.
10-22  7:02:01 pm BST Network is UP. Just exit the program.
10-22  7:03:01 pm BST Network is UP. Just exit the program.
10-22  7:04:01 pm BST Network is UP. Just exit the program.
10-22  7:05:01 pm BST Network is UP. Just exit the program.
10-22  7:06:01 pm BST Network is UP. Just exit the program.
10-22  7:07:01 pm BST Network is UP. Just exit the program.
10-22  7:08:01 pm BST Network is UP. Just exit the program.
10-22  7:09:01 pm BST Network is UP. Just exit the program.
10-22  7:10:01 pm BST Network is UP. Just exit the program.
10-22  7:11:01 pm BST Network is UP. Just exit the program.
10-22  7:12:01 pm BST Network is UP. Just exit the program.
10-22  7:13:01 pm BST Network is UP. Just exit the program.
10-22  7:14:01 pm BST Network is UP. Just exit the program.
10-22  7:15:01 pm BST Network is UP. Just exit the program.
10-22  7:16:01 pm BST Network is UP. Just exit the program.
10-22  7:17:01 pm BST Network is UP. Just exit the program.
10-22  7:18:01 pm BST Network is UP. Just exit the program.
10-22  7:19:01 pm BST Network is UP. Just exit the program.
10-22  7:20:01 pm BST Network is UP. Just exit the program.
10-22  7:21:01 pm BST Network is UP. Just exit the program.
10-22  7:22:01 pm BST Network is UP. Just exit the program.
10-22  7:23:01 pm BST Network is UP. Just exit the program.
10-22  7:24:01 pm BST Network is UP. Just exit the program.
10-22  7:25:01 pm BST Network is UP. Just exit the program.
10-22  7:26:01 pm BST Network is UP. Just exit the program.
10-22  7:27:01 pm BST Network is UP. Just exit the program.
10-22  7:28:01 pm BST Network is UP. Just exit the program.
10-22  7:29:01 pm BST Network is UP. Just exit the program.
10-22  7:30:01 pm BST Network is UP. Just exit the program.
10-22  7:31:01 pm BST Network is UP. Just exit the program.
10-22  7:32:01 pm BST Network is UP. Just exit the program.
10-22  7:33:01 pm BST Network is UP. Just exit the program.
10-22  7:34:01 pm BST Network is UP. Just exit the program.
10-22  7:35:01 pm BST Network is UP. Just exit the program.
10-22  7:36:01 pm BST Network is UP. Just exit the program.
10-22  7:37:01 pm BST Network is UP. Just exit the program.
10-22  7:38:01 pm BST Network is UP. Just exit the program.
10-22  7:39:01 pm BST Network is UP. Just exit the program.
10-22  7:40:01 pm BST Network is UP. Just exit the program.
10-22  7:41:01 pm BST Network is UP. Just exit the program.
10-22  7:42:01 pm BST Network is UP. Just exit the program.
10-22  7:43:01 pm BST Network is UP. Just exit the program.
10-22  7:44:01 pm BST Network is UP. Just exit the program.
10-22  7:45:01 pm BST Network is UP. Just exit the program.
10-22  7:46:01 pm BST Network is UP. Just exit the program.
10-22  7:47:01 pm BST Network is UP. Just exit the program.
10-22  7:48:01 pm BST Network is UP. Just exit the program.
10-22  7:49:01 pm BST Network is UP. Just exit the program.
10-22  7:50:01 pm BST Network is UP. Just exit the program.
10-22  7:51:01 pm BST Network is UP. Just exit the program.
10-22  7:52:01 pm BST Network is UP. Just exit the program.
10-22  7:53:01 pm BST Network is UP. Just exit the program.
10-22  7:54:01 pm BST Network is UP. Just exit the program.
10-22  7:55:02 pm BST Network is UP. Just exit the program.
10-22  7:56:01 pm BST Network is UP. Just exit the program.
10-22  7:57:01 pm BST Network is UP. Just exit the program.
10-22  7:58:01 pm BST Network is UP. Just exit the program.
10-22  7:59:01 pm BST Network is UP. Just exit the program.
10-22  8:00:01 pm BST Network is UP. Just exit the program.
10-22  8:01:01 pm BST Network is UP. Just exit the program.
10-22  8:02:01 pm BST Network is UP. Just exit the program.
10-22  8:03:01 pm BST Network is UP. Just exit the program.
10-22  8:04:02 pm BST Network is UP. Just exit the program.
10-22  8:05:01 pm BST Network is UP. Just exit the program.
10-22  8:06:01 pm BST Network is UP. Just exit the program.
10-22  8:07:01 pm BST Network is UP. Just exit the program.
10-22  8:08:01 pm BST Network is UP. Just exit the program.
10-22  8:09:01 pm BST Network is UP. Just exit the program.
10-22  8:10:01 pm BST Network is UP. Just exit the program.
10-22  8:11:01 pm BST Network is UP. Just exit the program.
10-22  8:12:01 pm BST Network is UP. Just exit the program.
10-22  8:13:02 pm BST Network is UP. Just exit the program.
10-22  8:14:01 pm BST Network is UP. Just exit the program.
10-22  8:15:01 pm BST Network is UP. Just exit the program.
10-22  8:16:01 pm BST Network is UP. Just exit the program.
10-22  8:17:01 pm BST Network is UP. Just exit the program.
10-22  8:18:01 pm BST Network is UP. Just exit the program.
10-22  8:19:01 pm BST Network is UP. Just exit the program.
10-22  8:20:01 pm BST Network is UP. Just exit the program.
10-22  8:21:01 pm BST Network is UP. Just exit the program.
10-22  8:22:01 pm BST Network is UP. Just exit the program.
10-22  8:23:02 pm BST Network is UP. Just exit the program.
10-22  8:24:01 pm BST Network is UP. Just exit the program.
10-22  8:25:01 pm BST Network is UP. Just exit the program.
10-22  8:26:01 pm BST Network is UP. Just exit the program.
10-22  8:27:01 pm BST Network is UP. Just exit the program.
10-22  8:28:01 pm BST Network is UP. Just exit the program.
10-22  8:29:01 pm BST Network is UP. Just exit the program.
10-22  8:30:01 pm BST Network is UP. Just exit the program.
10-22  8:31:01 pm BST Network is UP. Just exit the program.
10-22  8:32:01 pm BST Network is UP. Just exit the program.
10-22  8:33:01 pm BST Network is UP. Just exit the program.
10-22  8:34:01 pm BST Network is UP. Just exit the program.
10-22  8:35:01 pm BST Network is UP. Just exit the program.
10-22  8:36:01 pm BST Network is UP. Just exit the program.
10-22  8:37:01 pm BST Network is UP. Just exit the program.
10-22  8:38:01 pm BST Network is UP. Just exit the program.
10-22  8:39:01 pm BST Network is UP. Just exit the program.
10-22  8:40:01 pm BST Network is UP. Just exit the program.
10-22  8:41:01 pm BST Network is UP. Just exit the program.
10-22  8:42:02 pm BST Network is UP. Just exit the program.
10-22  8:43:01 pm BST Network is UP. Just exit the program.
10-22  8:44:01 pm BST Network is UP. Just exit the program.
10-22  8:45:01 pm BST Network is UP. Just exit the program.
10-22  8:46:01 pm BST Network is UP. Just exit the program.
10-22  8:47:01 pm BST Network is UP. Just exit the program.
10-22  8:48:01 pm BST Network is UP. Just exit the program.
10-22  8:49:01 pm BST Network is UP. Just exit the program.
10-22  8:50:01 pm BST Network is UP. Just exit the program.
10-22  8:51:01 pm BST Network is UP. Just exit the program.
10-22  8:52:02 pm BST Network is UP. Just exit the program.
10-22  8:53:01 pm BST Network is UP. Just exit the program.
10-22  8:54:01 pm BST Network is UP. Just exit the program.
10-22  8:55:01 pm BST Network is UP. Just exit the program.
10-22  8:56:01 pm BST Network is UP. Just exit the program.
10-22  8:57:01 pm BST Network is UP. Just exit the program.
10-22  8:58:01 pm BST Network is UP. Just exit the program.
10-22  8:59:01 pm BST Network is UP. Just exit the program.
10-22  9:00:01 pm BST Network is UP. Just exit the program.
10-22  9:01:01 pm BST Network is UP. Just exit the program.
10-22  9:02:01 pm BST Network is UP. Just exit the program.
10-22  9:03:01 pm BST Network is UP. Just exit the program.
10-22  9:04:01 pm BST Network is UP. Just exit the program.
10-22  9:05:01 pm BST Network is UP. Just exit the program.
10-22  9:06:01 pm BST Network is UP. Just exit the program.
10-22  9:07:01 pm BST Network is UP. Just exit the program.
10-22  9:08:01 pm BST Network is UP. Just exit the program.
10-22  9:09:01 pm BST Network is UP. Just exit the program.
10-22  9:10:01 pm BST Network is UP. Just exit the program.
10-22  9:11:01 pm BST Network is UP. Just exit the program.
10-22  9:12:01 pm BST Network is UP. Just exit the program.
10-22  9:13:01 pm BST Network is UP. Just exit the program.
10-22  9:14:01 pm BST Network is UP. Just exit the program.
10-22  9:15:01 pm BST Network is UP. Just exit the program.
10-22  9:16:01 pm BST Network is UP. Just exit the program.
10-22  9:17:01 pm BST Network is UP. Just exit the program.
10-22  9:18:01 pm BST Network is UP. Just exit the program.
10-22  9:19:01 pm BST Network is UP. Just exit the program.
10-22  9:20:01 pm BST Network is UP. Just exit the program.
10-22  9:21:01 pm BST Network is UP. Just exit the program.
10-22  9:22:01 pm BST Network is UP. Just exit the program.
10-22  9:23:01 pm BST Network is UP. Just exit the program.
10-22  9:24:01 pm BST Network is UP. Just exit the program.
10-22  9:25:01 pm BST Network is UP. Just exit the program.
10-22  9:26:01 pm BST Network is UP. Just exit the program.
10-22  9:27:01 pm BST Network is UP. Just exit the program.
10-22  9:28:01 pm BST Network is UP. Just exit the program.
10-22  9:29:01 pm BST Network is UP. Just exit the program.
10-22  9:30:01 pm BST Network is UP. Just exit the program.
10-22  9:31:01 pm BST Network is UP. Just exit the program.
10-22  9:32:01 pm BST Network is UP. Just exit the program.
10-22  9:33:02 pm BST Network is UP. Just exit the program.
10-22  9:34:01 pm BST Network is UP. Just exit the program.
10-22  9:35:01 pm BST Network is UP. Just exit the program.
10-22  9:36:01 pm BST Network is UP. Just exit the program.
10-22  9:37:01 pm BST Network is UP. Just exit the program.
10-22  9:38:01 pm BST Network is UP. Just exit the program.
10-22  9:39:01 pm BST Network is UP. Just exit the program.
10-22  9:40:01 pm BST Network is UP. Just exit the program.
10-22  9:41:01 pm BST Network is UP. Just exit the program.
10-22  9:42:01 pm BST Network is UP. Just exit the program.
10-22  9:43:02 pm BST Network is UP. Just exit the program.
10-22  9:44:01 pm BST Network is UP. Just exit the program.
10-22  9:45:01 pm BST Network is UP. Just exit the program.
10-22  9:46:01 pm BST Network is UP. Just exit the program.
10-22  9:47:01 pm BST Network is UP. Just exit the program.
10-22  9:48:01 pm BST Network is UP. Just exit the program.
10-22  9:49:01 pm BST Network is UP. Just exit the program.
10-22  9:50:01 pm BST Network is UP. Just exit the program.
10-22  9:51:01 pm BST Network is UP. Just exit the program.
10-22  9:52:01 pm BST Network is UP. Just exit the program.
10-22  9:53:01 pm BST Network is UP. Just exit the program.
10-22  9:54:01 pm BST Network is UP. Just exit the program.
10-22  9:55:01 pm BST Network is UP. Just exit the program.
10-22  9:56:01 pm BST Network is UP. Just exit the program.
10-22  9:57:01 pm BST Network is UP. Just exit the program.
10-22  9:58:01 pm BST Network is UP. Just exit the program.
10-22  9:59:01 pm BST Network is UP. Just exit the program.
10-22 10:00:01 pm BST Network is UP. Just exit the program.
10-22 10:01:01 pm BST Network is UP. Just exit the program.
10-22 10:02:01 pm BST Network is UP. Just exit the program.
10-22 10:03:01 pm BST Network is UP. Just exit the program.
10-22 10:04:01 pm BST Network is UP. Just exit the program.
10-22 10:05:01 pm BST Network is UP. Just exit the program.
10-22 10:06:01 pm BST Network is UP. Just exit the program.
10-22 10:07:01 pm BST Network is UP. Just exit the program.
10-22 10:08:01 pm BST Network is UP. Just exit the program.
10-22 10:09:01 pm BST Network is UP. Just exit the program.
10-22 10:10:01 pm BST Network is UP. Just exit the program.
10-22 10:11:01 pm BST Network is UP. Just exit the program.
10-22 10:12:01 pm BST Network is UP. Just exit the program.
10-22 10:13:01 pm BST Network is UP. Just exit the program.
10-22 10:14:01 pm BST Network is UP. Just exit the program.
10-22 10:15:01 pm BST Network is UP. Just exit the program.
10-22 10:16:01 pm BST Network is UP. Just exit the program.
10-22 10:17:01 pm BST Network is UP. Just exit the program.
10-22 10:18:01 pm BST Network is UP. Just exit the program.
10-22 10:19:01 pm BST Network is UP. Just exit the program.
10-22 10:20:01 pm BST Network is UP. Just exit the program.
10-22 10:21:01 pm BST Network is UP. Just exit the program.
10-22 10:22:01 pm BST Network is UP. Just exit the program.
10-22 10:23:01 pm BST Network is UP. Just exit the program.
10-22 10:24:01 pm BST Network is UP. Just exit the program.
10-22 10:25:01 pm BST Network is UP. Just exit the program.
10-22 10:26:01 pm BST Network is UP. Just exit the program.
10-22 10:27:01 pm BST Network is UP. Just exit the program.
10-22 10:28:01 pm BST Network is UP. Just exit the program.
10-22 10:29:01 pm BST Network is UP. Just exit the program.
10-22 10:30:01 pm BST Network is UP. Just exit the program.
10-22 10:31:01 pm BST Network is UP. Just exit the program.
10-22 10:32:01 pm BST Network is UP. Just exit the program.
10-22 10:33:01 pm BST Network is UP. Just exit the program.
10-22 10:34:02 pm BST Network is UP. Just exit the program.
10-22 10:35:01 pm BST Network is UP. Just exit the program.
10-22 10:36:01 pm BST Network is UP. Just exit the program.
10-22 10:37:01 pm BST Network is UP. Just exit the program.
10-22 10:38:01 pm BST Network is UP. Just exit the program.
10-22 10:39:01 pm BST Network is UP. Just exit the program.
10-22 10:40:01 pm BST Network is UP. Just exit the program.
10-22 10:41:01 pm BST Network is UP. Just exit the program.
10-22 10:42:01 pm BST Network is UP. Just exit the program.
10-22 10:43:01 pm BST Network is UP. Just exit the program.
10-22 10:44:01 pm BST Network is UP. Just exit the program.
10-22 10:45:01 pm BST Network is UP. Just exit the program.
10-22 10:46:01 pm BST Network is UP. Just exit the program.
10-22 10:47:01 pm BST Network is UP. Just exit the program.
10-22 10:48:01 pm BST Network is UP. Just exit the program.
10-22 10:49:01 pm BST Network is UP. Just exit the program.
10-22 10:50:01 pm BST Network is UP. Just exit the program.
10-22 10:51:01 pm BST Network is UP. Just exit the program.
10-22 10:52:01 pm BST Network is UP. Just exit the program.
10-22 10:53:01 pm BST Network is UP. Just exit the program.
10-22 10:54:01 pm BST Network is UP. Just exit the program.
10-22 10:55:01 pm BST Network is UP. Just exit the program.
10-22 10:56:01 pm BST Network is UP. Just exit the program.
10-22 10:57:01 pm BST Network is UP. Just exit the program.
10-22 10:58:01 pm BST Network is UP. Just exit the program.
10-22 10:59:02 pm BST Network is UP. Just exit the program.
10-22 11:00:01 pm BST Network is UP. Just exit the program.
10-22 11:01:01 pm BST Network is UP. Just exit the program.
10-22 11:02:01 pm BST Network is UP. Just exit the program.
10-22 11:03:01 pm BST Network is UP. Just exit the program.
10-22 11:04:01 pm BST Network is UP. Just exit the program.
10-22 11:05:01 pm BST Network is UP. Just exit the program.
10-22 11:06:01 pm BST Network is UP. Just exit the program.
10-22 11:07:01 pm BST Network is UP. Just exit the program.
10-22 11:08:01 pm BST Network is UP. Just exit the program.
10-22 11:09:01 pm BST Network is UP. Just exit the program.
10-22 11:10:01 pm BST Network is UP. Just exit the program.
10-22 11:11:01 pm BST Network is UP. Just exit the program.
10-22 11:12:01 pm BST Network is UP. Just exit the program.
10-22 11:13:01 pm BST Network is UP. Just exit the program.
10-22 11:14:01 pm BST Network is UP. Just exit the program.
10-22 11:15:01 pm BST Network is UP. Just exit the program.
10-22 11:16:01 pm BST Network is UP. Just exit the program.
10-22 11:17:01 pm BST Network is UP. Just exit the program.
10-22 11:18:01 pm BST Network is UP. Just exit the program.
10-22 11:19:01 pm BST Network is UP. Just exit the program.
10-22 11:20:01 pm BST Network is UP. Just exit the program.
10-22 11:21:01 pm BST Network is UP. Just exit the program.
10-22 11:22:01 pm BST Network is UP. Just exit the program.
10-22 11:23:01 pm BST Network is UP. Just exit the program.
10-22 11:24:01 pm BST Network is UP. Just exit the program.
10-22 11:25:01 pm BST Network is UP. Just exit the program.
10-22 11:26:01 pm BST Network is UP. Just exit the program.
10-22 11:27:01 pm BST Network is UP. Just exit the program.
10-22 11:28:01 pm BST Network is UP. Just exit the program.
10-22 11:29:01 pm BST Network is DOWN. Perform a reset
10-22 11:30:01 pm BST Network is UP. Just exit the program.
10-22 11:31:01 pm BST Network is UP. Just exit the program.
10-22 11:32:01 pm BST Network is UP. Just exit the program.
10-22 11:33:01 pm BST Network is UP. Just exit the program.
10-22 11:34:01 pm BST Network is UP. Just exit the program.
10-22 11:35:01 pm BST Network is UP. Just exit the program.
10-22 11:36:01 pm BST Network is UP. Just exit the program.
10-22 11:37:01 pm BST Network is UP. Just exit the program.
10-22 11:38:01 pm BST Network is UP. Just exit the program.
10-22 11:39:01 pm BST Network is UP. Just exit the program.
10-22 11:40:01 pm BST Network is UP. Just exit the program.
10-22 11:41:01 pm BST Network is UP. Just exit the program.
10-22 11:42:01 pm BST Network is UP. Just exit the program.
10-22 11:43:01 pm BST Network is UP. Just exit the program.
10-22 11:44:01 pm BST Network is UP. Just exit the program.
10-22 11:45:01 pm BST Network is UP. Just exit the program.
10-22 11:46:01 pm BST Network is UP. Just exit the program.
10-22 11:47:01 pm BST Network is UP. Just exit the program.
10-22 11:48:01 pm BST Network is UP. Just exit the program.
10-22 11:49:02 pm BST Network is UP. Just exit the program.
10-22 11:50:01 pm BST Network is UP. Just exit the program.
10-22 11:51:01 pm BST Network is UP. Just exit the program.
10-22 11:52:01 pm BST Network is UP. Just exit the program.
10-22 11:53:01 pm BST Network is UP. Just exit the program.
10-22 11:54:01 pm BST Network is UP. Just exit the program.
10-22 11:55:01 pm BST Network is UP. Just exit the program.
10-22 11:56:01 pm BST Network is UP. Just exit the program.
10-22 11:57:01 pm BST Network is UP. Just exit the program.
10-22 11:58:01 pm BST Network is UP. Just exit the program.
10-22 11:59:01 pm BST Network is UP. Just exit the program.
10-23 12:00:01 am BST Network is UP. Just exit the program.
10-23 12:01:01 am BST Network is UP. Just exit the program.
10-23 12:02:01 am BST Network is UP. Just exit the program.
10-23 12:03:01 am BST Network is UP. Just exit the program.
10-23 12:04:01 am BST Network is UP. Just exit the program.
10-23 12:05:01 am BST Network is UP. Just exit the program.
10-23 12:06:01 am BST Network is UP. Just exit the program.
10-23 12:07:01 am BST Network is UP. Just exit the program.
10-23 12:08:01 am BST Network is UP. Just exit the program.
10-23 12:09:01 am BST Network is UP. Just exit the program.
10-23 12:10:02 am BST Network is UP. Just exit the program.
10-23 12:11:01 am BST Network is UP. Just exit the program.
10-23 12:12:01 am BST Network is UP. Just exit the program.
10-23 12:13:01 am BST Network is UP. Just exit the program.
10-23 12:14:01 am BST Network is UP. Just exit the program.
10-23 12:15:01 am BST Network is UP. Just exit the program.
10-23 12:16:01 am BST Network is UP. Just exit the program.
10-23 12:17:01 am BST Network is UP. Just exit the program.
10-23 12:18:01 am BST Network is UP. Just exit the program.
10-23 12:19:01 am BST Network is UP. Just exit the program.
10-23 12:20:02 am BST Network is UP. Just exit the program.
10-23 12:21:01 am BST Network is UP. Just exit the program.
10-23 12:22:01 am BST Network is UP. Just exit the program.
10-23 12:23:01 am BST Network is UP. Just exit the program.
10-23 12:24:01 am BST Network is UP. Just exit the program.
10-23 12:25:01 am BST Network is UP. Just exit the program.
10-23 12:26:01 am BST Network is UP. Just exit the program.
10-23 12:27:01 am BST Network is UP. Just exit the program.
10-23 12:28:01 am BST Network is UP. Just exit the program.
10-23 12:29:01 am BST Network is UP. Just exit the program.
10-23 12:30:01 am BST Network is UP. Just exit the program.
10-23 12:31:01 am BST Network is UP. Just exit the program.
10-23 12:32:01 am BST Network is UP. Just exit the program.
10-23 12:33:01 am BST Network is UP. Just exit the program.
10-23 12:34:01 am BST Network is UP. Just exit the program.
10-23 12:35:01 am BST Network is UP. Just exit the program.
10-23 12:36:01 am BST Network is UP. Just exit the program.
10-23 12:37:01 am BST Network is UP. Just exit the program.
10-23 12:38:01 am BST Network is UP. Just exit the program.
10-23 12:39:01 am BST Network is UP. Just exit the program.
10-23 12:40:01 am BST Network is UP. Just exit the program.
10-23 12:41:01 am BST Network is UP. Just exit the program.
10-23 12:42:01 am BST Network is UP. Just exit the program.
10-23 12:43:01 am BST Network is UP. Just exit the program.
10-23 12:44:01 am BST Network is UP. Just exit the program.
10-23 12:45:01 am BST Network is UP. Just exit the program.
10-23 12:46:01 am BST Network is UP. Just exit the program.
10-23 12:47:01 am BST Network is UP. Just exit the program.
10-23 12:48:01 am BST Network is UP. Just exit the program.
10-23 12:49:01 am BST Network is UP. Just exit the program.
10-23 12:50:01 am BST Network is UP. Just exit the program.
10-23 12:51:01 am BST Network is UP. Just exit the program.
10-23 12:52:01 am BST Network is UP. Just exit the program.
10-23 12:53:01 am BST Network is UP. Just exit the program.
10-23 12:54:01 am BST Network is UP. Just exit the program.
10-23 12:55:01 am BST Network is UP. Just exit the program.
10-23 12:56:01 am BST Network is UP. Just exit the program.
10-23 12:57:01 am BST Network is UP. Just exit the program.
10-23 12:58:01 am BST Network is UP. Just exit the program.
10-23 12:59:01 am BST Network is UP. Just exit the program.
10-23  1:00:01 am BST Network is UP. Just exit the program.
10-23  1:01:01 am BST Network is UP. Just exit the program.
10-23  1:02:01 am BST Network is UP. Just exit the program.
10-23  1:03:01 am BST Network is UP. Just exit the program.
10-23  1:04:01 am BST Network is UP. Just exit the program.
10-23  1:05:01 am BST Network is UP. Just exit the program.
10-23  1:06:02 am BST Network is UP. Just exit the program.
10-23  1:07:01 am BST Network is UP. Just exit the program.
10-23  1:08:01 am BST Network is UP. Just exit the program.
10-23  1:09:01 am BST Network is UP. Just exit the program.
10-23  1:10:01 am BST Network is UP. Just exit the program.
10-23  1:11:01 am BST Network is UP. Just exit the program.
10-23  1:12:01 am BST Network is UP. Just exit the program.
10-23  1:13:01 am BST Network is UP. Just exit the program.
10-23  1:14:01 am BST Network is UP. Just exit the program.
10-23  1:15:01 am BST Network is UP. Just exit the program.
10-23  1:16:02 am BST Network is UP. Just exit the program.
10-23  1:17:01 am BST Network is UP. Just exit the program.
10-23  1:18:01 am BST Network is UP. Just exit the program.
10-23  1:19:01 am BST Network is UP. Just exit the program.
10-23  1:20:01 am BST Network is UP. Just exit the program.
10-23  1:21:01 am BST Network is UP. Just exit the program.
10-23  1:22:01 am BST Network is UP. Just exit the program.
10-23  1:23:01 am BST Network is UP. Just exit the program.
10-23  1:24:02 am BST Network is UP. Just exit the program.
10-23  1:25:01 am BST Network is UP. Just exit the program.
10-23  1:26:01 am BST Network is UP. Just exit the program.
10-23  1:27:01 am BST Network is UP. Just exit the program.
10-23  1:28:01 am BST Network is UP. Just exit the program.
10-23  1:29:01 am BST Network is UP. Just exit the program.
10-23  1:30:01 am BST Network is UP. Just exit the program.
10-23  1:31:01 am BST Network is UP. Just exit the program.
10-23  1:32:01 am BST Network is UP. Just exit the program.
10-23  1:33:01 am BST Network is UP. Just exit the program.
10-23  1:34:01 am BST Network is UP. Just exit the program.
10-23  1:35:02 am BST Network is UP. Just exit the program.
10-23  1:36:01 am BST Network is UP. Just exit the program.
10-23  1:37:01 am BST Network is UP. Just exit the program.
10-23  1:38:01 am BST Network is UP. Just exit the program.
10-23  1:39:01 am BST Network is UP. Just exit the program.
10-23  1:40:01 am BST Network is UP. Just exit the program.
10-23  1:41:01 am BST Network is UP. Just exit the program.
10-23  1:42:01 am BST Network is UP. Just exit the program.
10-23  1:43:01 am BST Network is UP. Just exit the program.
10-23  1:44:01 am BST Network is UP. Just exit the program.
10-23  1:45:01 am BST Network is UP. Just exit the program.
10-23  1:46:01 am BST Network is UP. Just exit the program.
10-23  1:47:01 am BST Network is UP. Just exit the program.
10-23  1:48:01 am BST Network is UP. Just exit the program.
10-23  1:49:01 am BST Network is UP. Just exit the program.
10-23  1:50:01 am BST Network is UP. Just exit the program.
10-23  1:51:01 am BST Network is UP. Just exit the program.
10-23  1:52:01 am BST Network is UP. Just exit the program.
10-23  1:53:01 am BST Network is UP. Just exit the program.
10-23  1:54:02 am BST Network is UP. Just exit the program.
10-23  1:55:01 am BST Network is UP. Just exit the program.
10-23  1:56:01 am BST Network is UP. Just exit the program.
10-23  1:57:01 am BST Network is UP. Just exit the program.
10-23  1:58:01 am BST Network is UP. Just exit the program.
10-23  1:59:01 am BST Network is UP. Just exit the program.
10-23  2:00:01 am BST Network is UP. Just exit the program.
10-23  2:01:01 am BST Network is UP. Just exit the program.
10-23  2:02:02 am BST Network is UP. Just exit the program.
10-23  2:03:01 am BST Network is UP. Just exit the program.
10-23  2:04:01 am BST Network is UP. Just exit the program.
10-23  2:05:01 am BST Network is UP. Just exit the program.
10-23  2:06:01 am BST Network is UP. Just exit the program.
10-23  2:07:01 am BST Network is UP. Just exit the program.
10-23  2:08:01 am BST Network is UP. Just exit the program.
10-23  2:09:01 am BST Network is UP. Just exit the program.
10-23  2:10:01 am BST Network is UP. Just exit the program.
10-23  2:11:01 am BST Network is UP. Just exit the program.
10-23  2:12:02 am BST Network is UP. Just exit the program.
10-23  2:13:01 am BST Network is UP. Just exit the program.
10-23  2:14:01 am BST Network is UP. Just exit the program.
10-23  2:15:01 am BST Network is UP. Just exit the program.
10-23  2:16:01 am BST Network is UP. Just exit the program.
10-23  2:17:01 am BST Network is UP. Just exit the program.
10-23  2:18:01 am BST Network is UP. Just exit the program.
10-23  2:19:01 am BST Network is UP. Just exit the program.
10-23  2:20:01 am BST Network is UP. Just exit the program.
10-23  2:21:01 am BST Network is UP. Just exit the program.
10-23  2:22:01 am BST Network is UP. Just exit the program.
10-23  2:23:01 am BST Network is UP. Just exit the program.
10-23  2:24:01 am BST Network is UP. Just exit the program.
10-23  2:25:01 am BST Network is UP. Just exit the program.
10-23  2:26:01 am BST Network is UP. Just exit the program.
10-23  2:27:01 am BST Network is UP. Just exit the program.
10-23  2:28:01 am BST Network is UP. Just exit the program.
10-23  2:29:01 am BST Network is UP. Just exit the program.
10-23  2:30:01 am BST Network is UP. Just exit the program.
10-23  2:31:01 am BST Network is UP. Just exit the program.
10-23  2:32:01 am BST Network is UP. Just exit the program.
10-23  2:33:01 am BST Network is UP. Just exit the program.
10-23  2:34:01 am BST Network is UP. Just exit the program.
10-23  2:35:01 am BST Network is UP. Just exit the program.
10-23  2:36:01 am BST Network is UP. Just exit the program.
10-30  1:43:03 pm GMT Network is UP. Just exit the program.
10-30  1:44:01 pm GMT Network is UP. Just exit the program.
10-30  1:45:01 pm GMT Network is UP. Just exit the program.
10-30  1:46:01 pm GMT Network is UP. Just exit the program.
10-30  1:47:01 pm GMT Network is UP. Just exit the program.
10-30  1:48:01 pm GMT Network is UP. Just exit the program.
10-30  1:49:01 pm GMT Network is UP. Just exit the program.
10-30  1:50:01 pm GMT Network is UP. Just exit the program.
10-30  1:51:01 pm GMT Network is UP. Just exit the program.
10-30  1:52:01 pm GMT Network is UP. Just exit the program.
10-30  1:53:01 pm GMT Network is UP. Just exit the program.
10-30  1:54:01 pm GMT Network is UP. Just exit the program.
10-30  1:55:01 pm GMT Network is UP. Just exit the program.
10-30  1:56:01 pm GMT Network is UP. Just exit the program.
10-30  1:57:01 pm GMT Network is UP. Just exit the program.
10-30  1:58:01 pm GMT Network is UP. Just exit the program.
10-30  1:59:01 pm GMT Network is UP. Just exit the program.
10-30  2:00:01 pm GMT Network is UP. Just exit the program.
10-30  2:01:01 pm GMT Network is UP. Just exit the program.
10-30  2:02:01 pm GMT Network is UP. Just exit the program.
10-30  2:03:01 pm GMT Network is UP. Just exit the program.
10-30  2:04:01 pm GMT Network is UP. Just exit the program.
10-30  2:05:01 pm GMT Network is UP. Just exit the program.
10-30  2:06:01 pm GMT Network is UP. Just exit the program.
10-30  2:07:01 pm GMT Network is UP. Just exit the program.
10-30  2:08:01 pm GMT Network is UP. Just exit the program.
10-30  2:09:01 pm GMT Network is UP. Just exit the program.
10-30  2:10:01 pm GMT Network is UP. Just exit the program.
10-30  2:11:01 pm GMT Network is UP. Just exit the program.
10-30  2:12:01 pm GMT Network is UP. Just exit the program.
10-30  2:13:01 pm GMT Network is UP. Just exit the program.
10-30  2:14:01 pm GMT Network is UP. Just exit the program.
10-30  2:15:01 pm GMT Network is UP. Just exit the program.
10-30  2:16:01 pm GMT Network is UP. Just exit the program.
10-30  2:17:01 pm GMT Network is UP. Just exit the program.
10-30  2:18:01 pm GMT Network is UP. Just exit the program.
10-30  2:19:01 pm GMT Network is UP. Just exit the program.
10-30  2:20:01 pm GMT Network is UP. Just exit the program.
10-30  2:21:01 pm GMT Network is UP. Just exit the program.
10-30  2:22:01 pm GMT Network is UP. Just exit the program.
10-30  2:23:01 pm GMT Network is UP. Just exit the program.
10-30  2:24:01 pm GMT Network is UP. Just exit the program.
10-30  2:25:01 pm GMT Network is UP. Just exit the program.
10-30  2:26:01 pm GMT Network is UP. Just exit the program.
10-30  2:27:01 pm GMT Network is UP. Just exit the program.
10-30  2:28:01 pm GMT Network is UP. Just exit the program.
10-30  2:29:01 pm GMT Network is UP. Just exit the program.
10-30  2:30:01 pm GMT Network is UP. Just exit the program.
10-30  2:31:01 pm GMT Network is UP. Just exit the program.
10-30  2:32:01 pm GMT Network is UP. Just exit the program.
10-30  2:33:01 pm GMT Network is UP. Just exit the program.
10-30  2:34:01 pm GMT Network is UP. Just exit the program.
10-30  2:35:01 pm GMT Network is UP. Just exit the program.
10-30  2:36:01 pm GMT Network is UP. Just exit the program.
10-30  2:37:01 pm GMT Network is UP. Just exit the program.
10-30  2:38:01 pm GMT Network is UP. Just exit the program.
10-30  2:39:01 pm GMT Network is UP. Just exit the program.
10-30  2:40:01 pm GMT Network is UP. Just exit the program.
10-30  2:41:01 pm GMT Network is UP. Just exit the program.
10-30  2:42:01 pm GMT Network is UP. Just exit the program.
10-30  2:43:01 pm GMT Network is UP. Just exit the program.
10-30  2:44:01 pm GMT Network is UP. Just exit the program.
10-30  2:45:01 pm GMT Network is UP. Just exit the program.
10-30  2:46:01 pm GMT Network is UP. Just exit the program.
10-30  2:47:01 pm GMT Network is UP. Just exit the program.
10-30  2:48:01 pm GMT Network is UP. Just exit the program.
10-30  2:49:01 pm GMT Network is UP. Just exit the program.
10-30  2:50:01 pm GMT Network is UP. Just exit the program.
10-30  2:51:01 pm GMT Network is UP. Just exit the program.
10-30  2:52:01 pm GMT Network is UP. Just exit the program.
10-30  2:53:01 pm GMT Network is UP. Just exit the program.
10-30  2:54:01 pm GMT Network is UP. Just exit the program.
10-30  2:55:01 pm GMT Network is UP. Just exit the program.
10-30  2:56:01 pm GMT Network is UP. Just exit the program.
10-30  2:57:01 pm GMT Network is UP. Just exit the program.
10-30  2:58:01 pm GMT Network is UP. Just exit the program.
10-30  2:59:01 pm GMT Network is UP. Just exit the program.
10-30  3:00:01 pm GMT Network is UP. Just exit the program.
10-30  3:01:01 pm GMT Network is UP. Just exit the program.
10-30  3:02:01 pm GMT Network is UP. Just exit the program.
10-30  3:03:01 pm GMT Network is UP. Just exit the program.
10-30  3:04:01 pm GMT Network is UP. Just exit the program.
10-30  3:05:01 pm GMT Network is UP. Just exit the program.
10-30  3:06:01 pm GMT Network is UP. Just exit the program.
10-30  3:07:01 pm GMT Network is UP. Just exit the program.
10-30  3:08:01 pm GMT Network is UP. Just exit the program.
10-30  3:09:01 pm GMT Network is UP. Just exit the program.
10-30  3:10:01 pm GMT Network is UP. Just exit the program.
10-30  3:11:01 pm GMT Network is UP. Just exit the program.
10-30  3:12:01 pm GMT Network is UP. Just exit the program.
10-30  3:13:01 pm GMT Network is UP. Just exit the program.
10-30  3:14:01 pm GMT Network is UP. Just exit the program.
10-30  3:15:01 pm GMT Network is UP. Just exit the program.
10-30  3:16:01 pm GMT Network is UP. Just exit the program.
10-30  3:17:01 pm GMT Network is UP. Just exit the program.
10-30  3:18:01 pm GMT Network is UP. Just exit the program.
10-30  3:19:01 pm GMT Network is UP. Just exit the program.
10-30  3:20:01 pm GMT Network is UP. Just exit the program.
10-30  3:21:01 pm GMT Network is UP. Just exit the program.
10-30  3:22:01 pm GMT Network is UP. Just exit the program.
10-30  3:23:01 pm GMT Network is UP. Just exit the program.
10-30  3:24:01 pm GMT Network is UP. Just exit the program.
10-30  3:25:01 pm GMT Network is UP. Just exit the program.
10-30  3:26:01 pm GMT Network is UP. Just exit the program.
10-30  3:27:01 pm GMT Network is UP. Just exit the program.
10-30  3:28:01 pm GMT Network is UP. Just exit the program.
10-30  3:29:02 pm GMT Network is UP. Just exit the program.
10-30  3:30:01 pm GMT Network is UP. Just exit the program.
10-30  3:31:01 pm GMT Network is UP. Just exit the program.
10-30  3:32:01 pm GMT Network is UP. Just exit the program.
10-30  3:33:01 pm GMT Network is UP. Just exit the program.
10-30  3:34:01 pm GMT Network is UP. Just exit the program.
10-30  3:35:01 pm GMT Network is UP. Just exit the program.
10-30  3:36:01 pm GMT Network is UP. Just exit the program.
10-30  3:37:01 pm GMT Network is UP. Just exit the program.
10-30  3:38:01 pm GMT Network is UP. Just exit the program.
10-30  3:39:01 pm GMT Network is UP. Just exit the program.
10-30  3:40:01 pm GMT Network is UP. Just exit the program.
10-30  3:41:01 pm GMT Network is UP. Just exit the program.
10-30  3:42:01 pm GMT Network is UP. Just exit the program.
10-30  3:43:01 pm GMT Network is UP. Just exit the program.
10-30  3:44:01 pm GMT Network is UP. Just exit the program.
10-30  3:45:01 pm GMT Network is UP. Just exit the program.
10-30  3:46:01 pm GMT Network is UP. Just exit the program.
10-30  3:47:01 pm GMT Network is UP. Just exit the program.
10-30  3:48:01 pm GMT Network is UP. Just exit the program.
10-30  3:49:01 pm GMT Network is UP. Just exit the program.
10-30  3:50:01 pm GMT Network is UP. Just exit the program.
10-30  3:51:01 pm GMT Network is UP. Just exit the program.
10-30  3:52:01 pm GMT Network is UP. Just exit the program.
10-30  3:53:01 pm GMT Network is UP. Just exit the program.
10-30  3:54:01 pm GMT Network is UP. Just exit the program.
10-30  3:55:01 pm GMT Network is UP. Just exit the program.
10-30  3:56:01 pm GMT Network is UP. Just exit the program.
10-30  3:57:01 pm GMT Network is UP. Just exit the program.
10-30  3:58:01 pm GMT Network is UP. Just exit the program.
10-30  3:59:01 pm GMT Network is UP. Just exit the program.
10-30  4:00:01 pm GMT Network is UP. Just exit the program.
10-30  4:01:01 pm GMT Network is UP. Just exit the program.
10-30  4:02:01 pm GMT Network is UP. Just exit the program.
10-30  4:03:01 pm GMT Network is UP. Just exit the program.
10-30  4:04:01 pm GMT Network is UP. Just exit the program.
10-30  4:05:01 pm GMT Network is UP. Just exit the program.
10-30  4:06:01 pm GMT Network is UP. Just exit the program.
10-30  4:07:01 pm GMT Network is UP. Just exit the program.
10-30  4:08:01 pm GMT Network is UP. Just exit the program.
10-30  4:09:01 pm GMT Network is UP. Just exit the program.
10-30  4:10:01 pm GMT Network is UP. Just exit the program.
10-30  4:11:01 pm GMT Network is UP. Just exit the program.
10-30  4:12:01 pm GMT Network is UP. Just exit the program.
10-30  4:13:01 pm GMT Network is UP. Just exit the program.
10-30  4:14:01 pm GMT Network is UP. Just exit the program.
10-30  4:15:01 pm GMT Network is UP. Just exit the program.
10-30  4:16:01 pm GMT Network is UP. Just exit the program.
10-30  4:17:01 pm GMT Network is UP. Just exit the program.
10-30  4:18:01 pm GMT Network is UP. Just exit the program.
10-30  4:19:01 pm GMT Network is UP. Just exit the program.
10-30  4:20:01 pm GMT Network is UP. Just exit the program.
10-30  4:21:02 pm GMT Network is UP. Just exit the program.
10-30  4:22:01 pm GMT Network is UP. Just exit the program.
10-30  4:23:01 pm GMT Network is UP. Just exit the program.
10-30  4:24:01 pm GMT Network is UP. Just exit the program.
10-30  4:25:01 pm GMT Network is UP. Just exit the program.
10-30  4:26:01 pm GMT Network is UP. Just exit the program.
10-30  4:27:01 pm GMT Network is UP. Just exit the program.
10-30  4:28:01 pm GMT Network is UP. Just exit the program.
10-30  4:29:01 pm GMT Network is UP. Just exit the program.
10-30  4:30:01 pm GMT Network is UP. Just exit the program.
10-30  4:31:01 pm GMT Network is UP. Just exit the program.
10-30  4:32:01 pm GMT Network is UP. Just exit the program.
10-30  4:33:01 pm GMT Network is UP. Just exit the program.
10-30  4:34:01 pm GMT Network is UP. Just exit the program.
10-30  4:35:01 pm GMT Network is UP. Just exit the program.
10-30  4:36:01 pm GMT Network is UP. Just exit the program.
10-30  4:37:01 pm GMT Network is UP. Just exit the program.
10-30  4:38:01 pm GMT Network is UP. Just exit the program.
10-30  4:39:01 pm GMT Network is UP. Just exit the program.
10-30  4:40:01 pm GMT Network is UP. Just exit the program.
10-30  4:41:01 pm GMT Network is UP. Just exit the program.
10-30  4:42:01 pm GMT Network is UP. Just exit the program.
10-30  4:43:01 pm GMT Network is UP. Just exit the program.
10-30  4:44:01 pm GMT Network is UP. Just exit the program.
10-30  4:45:01 pm GMT Network is UP. Just exit the program.
10-30  4:46:01 pm GMT Network is UP. Just exit the program.
10-30  4:47:01 pm GMT Network is UP. Just exit the program.
10-30  4:48:01 pm GMT Network is UP. Just exit the program.
10-30  4:49:01 pm GMT Network is UP. Just exit the program.
10-30  4:50:01 pm GMT Network is UP. Just exit the program.
10-30  4:51:01 pm GMT Network is UP. Just exit the program.
10-30  4:52:01 pm GMT Network is UP. Just exit the program.
10-30  4:53:01 pm GMT Network is UP. Just exit the program.
10-30  4:54:01 pm GMT Network is UP. Just exit the program.
10-30  4:55:01 pm GMT Network is UP. Just exit the program.
10-30  4:56:01 pm GMT Network is UP. Just exit the program.
10-30  4:57:01 pm GMT Network is UP. Just exit the program.
10-30  4:58:01 pm GMT Network is UP. Just exit the program.
10-30  4:59:01 pm GMT Network is UP. Just exit the program.
10-30  5:00:01 pm GMT Network is UP. Just exit the program.
10-30  5:01:01 pm GMT Network is UP. Just exit the program.
10-30  5:02:02 pm GMT Network is UP. Just exit the program.
10-30  5:03:01 pm GMT Network is UP. Just exit the program.
10-30  5:04:01 pm GMT Network is UP. Just exit the program.
10-30  5:05:01 pm GMT Network is UP. Just exit the program.
10-30  5:06:01 pm GMT Network is UP. Just exit the program.
10-30  5:07:01 pm GMT Network is UP. Just exit the program.
10-30  5:08:01 pm GMT Network is UP. Just exit the program.
10-30  5:09:01 pm GMT Network is UP. Just exit the program.
10-30  5:10:01 pm GMT Network is UP. Just exit the program.
10-30  5:11:01 pm GMT Network is UP. Just exit the program.
10-30  5:12:02 pm GMT Network is UP. Just exit the program.
10-30  5:13:01 pm GMT Network is UP. Just exit the program.
10-30  5:14:01 pm GMT Network is UP. Just exit the program.
10-30  5:15:01 pm GMT Network is UP. Just exit the program.
10-30  5:16:01 pm GMT Network is UP. Just exit the program.
10-30  5:17:01 pm GMT Network is UP. Just exit the program.
10-30  5:18:01 pm GMT Network is UP. Just exit the program.
10-30  5:19:01 pm GMT Network is UP. Just exit the program.
10-30  5:20:01 pm GMT Network is UP. Just exit the program.
10-30  5:21:01 pm GMT Network is UP. Just exit the program.
10-30  5:22:01 pm GMT Network is UP. Just exit the program.
10-30  5:23:01 pm GMT Network is UP. Just exit the program.
10-30  5:24:01 pm GMT Network is UP. Just exit the program.
10-30  5:25:01 pm GMT Network is UP. Just exit the program.
10-30  5:26:01 pm GMT Network is UP. Just exit the program.
10-30  5:27:01 pm GMT Network is UP. Just exit the program.
10-30  5:28:01 pm GMT Network is UP. Just exit the program.
10-30  5:29:01 pm GMT Network is UP. Just exit the program.
10-30  5:30:01 pm GMT Network is UP. Just exit the program.
10-30  5:31:01 pm GMT Network is UP. Just exit the program.
10-30  5:32:01 pm GMT Network is UP. Just exit the program.
10-30  5:33:01 pm GMT Network is UP. Just exit the program.
10-30  5:34:01 pm GMT Network is UP. Just exit the program.
10-30  5:35:01 pm GMT Network is UP. Just exit the program.
10-30  5:36:01 pm GMT Network is UP. Just exit the program.
10-30  5:37:01 pm GMT Network is UP. Just exit the program.
10-30  5:38:01 pm GMT Network is UP. Just exit the program.
10-30  5:39:01 pm GMT Network is UP. Just exit the program.
10-30  5:40:01 pm GMT Network is UP. Just exit the program.
10-30  5:41:01 pm GMT Network is UP. Just exit the program.
10-30  5:42:01 pm GMT Network is UP. Just exit the program.
10-30  5:43:02 pm GMT Network is UP. Just exit the program.
10-30  5:44:01 pm GMT Network is UP. Just exit the program.
10-30  5:45:01 pm GMT Network is UP. Just exit the program.
10-30  5:46:01 pm GMT Network is UP. Just exit the program.
10-30  5:47:01 pm GMT Network is UP. Just exit the program.
10-30  5:48:01 pm GMT Network is UP. Just exit the program.
10-30  5:49:01 pm GMT Network is UP. Just exit the program.
10-30  5:50:01 pm GMT Network is UP. Just exit the program.
10-30  5:51:01 pm GMT Network is UP. Just exit the program.
10-30  5:52:01 pm GMT Network is UP. Just exit the program.
10-30  5:53:01 pm GMT Network is UP. Just exit the program.
10-30  5:54:01 pm GMT Network is UP. Just exit the program.
10-30  5:55:01 pm GMT Network is UP. Just exit the program.
10-30  5:56:01 pm GMT Network is UP. Just exit the program.
10-30  5:57:01 pm GMT Network is UP. Just exit the program.
10-30  5:58:01 pm GMT Network is UP. Just exit the program.
10-30  5:59:01 pm GMT Network is UP. Just exit the program.
10-30  6:00:01 pm GMT Network is UP. Just exit the program.
10-30  6:01:01 pm GMT Network is UP. Just exit the program.
10-30  6:02:01 pm GMT Network is UP. Just exit the program.
10-30  6:03:01 pm GMT Network is UP. Just exit the program.
10-30  6:04:01 pm GMT Network is UP. Just exit the program.
10-30  6:05:01 pm GMT Network is UP. Just exit the program.
10-30  6:06:01 pm GMT Network is UP. Just exit the program.
10-30  6:07:01 pm GMT Network is UP. Just exit the program.
10-30  6:08:01 pm GMT Network is UP. Just exit the program.
10-30  6:09:01 pm GMT Network is UP. Just exit the program.
10-30  6:10:01 pm GMT Network is UP. Just exit the program.
10-30  6:11:01 pm GMT Network is UP. Just exit the program.
10-30  6:12:01 pm GMT Network is UP. Just exit the program.
10-30  6:13:01 pm GMT Network is UP. Just exit the program.
10-30  6:14:01 pm GMT Network is UP. Just exit the program.
10-30  6:15:01 pm GMT Network is UP. Just exit the program.
10-30  6:16:01 pm GMT Network is UP. Just exit the program.
10-30  6:17:01 pm GMT Network is UP. Just exit the program.
10-30  6:18:01 pm GMT Network is UP. Just exit the program.
10-30  6:19:01 pm GMT Network is UP. Just exit the program.
10-30  6:20:01 pm GMT Network is UP. Just exit the program.
10-30  6:21:01 pm GMT Network is UP. Just exit the program.
10-30  6:22:01 pm GMT Network is UP. Just exit the program.
10-30  6:23:01 pm GMT Network is UP. Just exit the program.
10-30  6:24:01 pm GMT Network is UP. Just exit the program.
10-30  6:25:01 pm GMT Network is UP. Just exit the program.
10-30  6:26:01 pm GMT Network is UP. Just exit the program.
10-30  6:27:01 pm GMT Network is UP. Just exit the program.
10-30  6:28:01 pm GMT Network is UP. Just exit the program.
10-30  6:29:01 pm GMT Network is UP. Just exit the program.
10-30  6:30:01 pm GMT Network is UP. Just exit the program.
10-30  6:31:01 pm GMT Network is UP. Just exit the program.
10-30  6:32:01 pm GMT Network is UP. Just exit the program.
10-30  6:33:01 pm GMT Network is UP. Just exit the program.
10-30  6:34:01 pm GMT Network is UP. Just exit the program.
10-30  6:35:01 pm GMT Network is UP. Just exit the program.
10-30  6:36:01 pm GMT Network is UP. Just exit the program.
10-30  6:37:01 pm GMT Network is UP. Just exit the program.
10-30  6:38:01 pm GMT Network is UP. Just exit the program.
10-30  6:39:01 pm GMT Network is UP. Just exit the program.
10-30  6:40:01 pm GMT Network is UP. Just exit the program.
10-30  6:41:01 pm GMT Network is UP. Just exit the program.
10-30  6:42:01 pm GMT Network is UP. Just exit the program.
10-30  6:43:01 pm GMT Network is UP. Just exit the program.
10-30  6:44:01 pm GMT Network is UP. Just exit the program.
10-30  6:45:01 pm GMT Network is UP. Just exit the program.
10-30  6:46:01 pm GMT Network is UP. Just exit the program.
10-30  6:47:01 pm GMT Network is UP. Just exit the program.
10-30  6:48:01 pm GMT Network is UP. Just exit the program.
10-30  6:49:01 pm GMT Network is UP. Just exit the program.
10-30  6:50:01 pm GMT Network is UP. Just exit the program.
10-30  6:51:01 pm GMT Network is UP. Just exit the program.
10-30  6:52:01 pm GMT Network is UP. Just exit the program.
10-30  6:53:01 pm GMT Network is UP. Just exit the program.
10-30  6:54:01 pm GMT Network is UP. Just exit the program.
10-30  6:55:01 pm GMT Network is UP. Just exit the program.
10-30  6:56:01 pm GMT Network is UP. Just exit the program.
10-30  6:57:01 pm GMT Network is UP. Just exit the program.
10-30  6:58:01 pm GMT Network is UP. Just exit the program.
10-30  6:59:01 pm GMT Network is UP. Just exit the program.
10-30  7:00:01 pm GMT Network is UP. Just exit the program.
10-30  7:01:01 pm GMT Network is UP. Just exit the program.
10-30  7:02:01 pm GMT Network is UP. Just exit the program.
10-30  7:03:01 pm GMT Network is UP. Just exit the program.
10-30  7:04:01 pm GMT Network is UP. Just exit the program.
10-30  7:05:01 pm GMT Network is UP. Just exit the program.
10-30  7:06:01 pm GMT Network is UP. Just exit the program.
10-30  7:07:01 pm GMT Network is UP. Just exit the program.
10-30  7:08:01 pm GMT Network is UP. Just exit the program.
10-30  7:09:01 pm GMT Network is UP. Just exit the program.
10-30  7:10:01 pm GMT Network is UP. Just exit the program.
10-30  7:11:02 pm GMT Network is UP. Just exit the program.
10-30  7:12:01 pm GMT Network is UP. Just exit the program.
10-30  7:13:01 pm GMT Network is UP. Just exit the program.
10-30  7:14:01 pm GMT Network is UP. Just exit the program.
10-30  7:15:01 pm GMT Network is UP. Just exit the program.
10-30  7:16:01 pm GMT Network is UP. Just exit the program.
10-30  7:17:01 pm GMT Network is UP. Just exit the program.
10-30  7:18:01 pm GMT Network is UP. Just exit the program.
10-30  7:19:01 pm GMT Network is UP. Just exit the program.
10-30  7:20:01 pm GMT Network is UP. Just exit the program.
10-30  7:21:01 pm GMT Network is UP. Just exit the program.
10-30  7:22:01 pm GMT Network is UP. Just exit the program.
10-30  7:23:01 pm GMT Network is UP. Just exit the program.
10-30  7:24:01 pm GMT Network is UP. Just exit the program.
10-30  7:25:01 pm GMT Network is UP. Just exit the program.
10-30  7:26:01 pm GMT Network is UP. Just exit the program.
10-30  7:27:01 pm GMT Network is UP. Just exit the program.
10-30  7:28:01 pm GMT Network is UP. Just exit the program.
10-30  7:29:01 pm GMT Network is UP. Just exit the program.
10-30  7:30:01 pm GMT Network is UP. Just exit the program.
10-30  7:31:01 pm GMT Network is UP. Just exit the program.
10-30  7:32:01 pm GMT Network is UP. Just exit the program.
10-30  7:33:01 pm GMT Network is UP. Just exit the program.
10-30  7:34:01 pm GMT Network is UP. Just exit the program.
10-30  7:35:01 pm GMT Network is UP. Just exit the program.
10-30  7:36:01 pm GMT Network is UP. Just exit the program.
10-30  7:37:01 pm GMT Network is UP. Just exit the program.
10-30  7:38:01 pm GMT Network is UP. Just exit the program.
10-30  7:39:01 pm GMT Network is UP. Just exit the program.
10-30  7:40:01 pm GMT Network is UP. Just exit the program.
10-30  7:41:01 pm GMT Network is UP. Just exit the program.
10-30  7:42:02 pm GMT Network is UP. Just exit the program.
10-30  7:43:01 pm GMT Network is UP. Just exit the program.
10-30  7:44:01 pm GMT Network is UP. Just exit the program.
10-30  7:45:01 pm GMT Network is UP. Just exit the program.
10-30  7:46:01 pm GMT Network is UP. Just exit the program.
10-30  7:47:01 pm GMT Network is UP. Just exit the program.
10-30  7:48:01 pm GMT Network is UP. Just exit the program.
10-30  7:49:01 pm GMT Network is UP. Just exit the program.
10-30  7:50:01 pm GMT Network is UP. Just exit the program.
10-30  7:51:01 pm GMT Network is UP. Just exit the program.
10-30  7:52:02 pm GMT Network is UP. Just exit the program.
10-30  7:53:01 pm GMT Network is UP. Just exit the program.
10-30  7:54:01 pm GMT Network is UP. Just exit the program.
10-30  7:55:01 pm GMT Network is UP. Just exit the program.
10-30  7:56:01 pm GMT Network is UP. Just exit the program.
10-30  7:57:01 pm GMT Network is UP. Just exit the program.
10-30  7:58:01 pm GMT Network is UP. Just exit the program.
10-30  7:59:01 pm GMT Network is UP. Just exit the program.
10-30  8:00:01 pm GMT Network is UP. Just exit the program.
10-30  8:01:01 pm GMT Network is UP. Just exit the program.
10-30  8:02:01 pm GMT Network is UP. Just exit the program.
10-30  8:03:02 pm GMT Network is UP. Just exit the program.
10-30  8:04:01 pm GMT Network is UP. Just exit the program.
10-30  8:05:01 pm GMT Network is UP. Just exit the program.
10-30  8:06:01 pm GMT Network is UP. Just exit the program.
10-30  8:07:01 pm GMT Network is UP. Just exit the program.
10-30  8:08:01 pm GMT Network is UP. Just exit the program.
10-30  8:09:01 pm GMT Network is UP. Just exit the program.
10-30  8:10:01 pm GMT Network is UP. Just exit the program.
10-30  8:11:01 pm GMT Network is UP. Just exit the program.
10-30  8:12:01 pm GMT Network is UP. Just exit the program.
10-30  8:13:01 pm GMT Network is UP. Just exit the program.
10-30  8:14:01 pm GMT Network is UP. Just exit the program.
10-30  8:15:01 pm GMT Network is UP. Just exit the program.
10-30  8:16:01 pm GMT Network is UP. Just exit the program.
10-30  8:17:01 pm GMT Network is UP. Just exit the program.
10-30  8:18:01 pm GMT Network is UP. Just exit the program.
10-30  8:19:01 pm GMT Network is UP. Just exit the program.
10-30  8:20:01 pm GMT Network is UP. Just exit the program.
10-30  8:21:01 pm GMT Network is UP. Just exit the program.
10-30  8:22:01 pm GMT Network is UP. Just exit the program.
10-30  8:23:01 pm GMT Network is UP. Just exit the program.
10-30  8:24:01 pm GMT Network is UP. Just exit the program.
10-30  8:25:01 pm GMT Network is UP. Just exit the program.
10-30  8:26:01 pm GMT Network is UP. Just exit the program.
10-30  8:27:01 pm GMT Network is UP. Just exit the program.
10-30  8:28:01 pm GMT Network is UP. Just exit the program.
10-30  8:29:01 pm GMT Network is UP. Just exit the program.
10-30  8:30:01 pm GMT Network is UP. Just exit the program.
10-30  8:31:01 pm GMT Network is UP. Just exit the program.
10-30  8:32:01 pm GMT Network is UP. Just exit the program.
10-30  8:33:01 pm GMT Network is UP. Just exit the program.
10-30  8:34:01 pm GMT Network is UP. Just exit the program.
10-30  8:35:01 pm GMT Network is UP. Just exit the program.
10-30  8:36:01 pm GMT Network is UP. Just exit the program.
10-30  8:37:01 pm GMT Network is UP. Just exit the program.
10-30  8:38:01 pm GMT Network is UP. Just exit the program.
10-30  8:39:01 pm GMT Network is UP. Just exit the program.
10-30  8:40:01 pm GMT Network is UP. Just exit the program.
10-30  8:41:01 pm GMT Network is UP. Just exit the program.
10-30  8:42:02 pm GMT Network is UP. Just exit the program.
10-30  8:43:01 pm GMT Network is UP. Just exit the program.
10-30  8:44:01 pm GMT Network is UP. Just exit the program.
10-30  8:45:01 pm GMT Network is UP. Just exit the program.
10-30  8:46:01 pm GMT Network is UP. Just exit the program.
10-30  8:47:01 pm GMT Network is UP. Just exit the program.
10-30  8:48:01 pm GMT Network is UP. Just exit the program.
10-30  8:49:01 pm GMT Network is UP. Just exit the program.
10-30  8:50:01 pm GMT Network is UP. Just exit the program.
10-30  8:51:01 pm GMT Network is UP. Just exit the program.
10-30  8:52:01 pm GMT Network is UP. Just exit the program.
10-30  8:53:01 pm GMT Network is UP. Just exit the program.
10-30  8:54:01 pm GMT Network is UP. Just exit the program.
10-30  8:55:01 pm GMT Network is UP. Just exit the program.
10-30  8:56:01 pm GMT Network is UP. Just exit the program.
10-30  8:57:01 pm GMT Network is UP. Just exit the program.
10-30  8:58:01 pm GMT Network is UP. Just exit the program.
10-30  8:59:01 pm GMT Network is UP. Just exit the program.
10-30  9:00:01 pm GMT Network is UP. Just exit the program.
10-30  9:01:01 pm GMT Network is UP. Just exit the program.
10-30  9:02:01 pm GMT Network is UP. Just exit the program.
10-30  9:03:01 pm GMT Network is UP. Just exit the program.
10-30  9:04:01 pm GMT Network is UP. Just exit the program.
10-30  9:05:01 pm GMT Network is UP. Just exit the program.
10-30  9:06:01 pm GMT Network is UP. Just exit the program.
10-30  9:07:01 pm GMT Network is UP. Just exit the program.
10-30  9:08:01 pm GMT Network is UP. Just exit the program.
10-30  9:09:01 pm GMT Network is UP. Just exit the program.
10-30  9:10:01 pm GMT Network is UP. Just exit the program.
10-30  9:11:01 pm GMT Network is UP. Just exit the program.
10-30  9:12:02 pm GMT Network is UP. Just exit the program.
10-30  9:13:01 pm GMT Network is UP. Just exit the program.
10-30  9:14:01 pm GMT Network is UP. Just exit the program.
10-30  9:15:01 pm GMT Network is UP. Just exit the program.
10-30  9:16:01 pm GMT Network is UP. Just exit the program.
10-30  9:17:01 pm GMT Network is UP. Just exit the program.
10-30  9:18:01 pm GMT Network is UP. Just exit the program.
10-30  9:19:01 pm GMT Network is UP. Just exit the program.
10-30  9:20:01 pm GMT Network is UP. Just exit the program.
10-30  9:21:01 pm GMT Network is UP. Just exit the program.
10-30  9:22:01 pm GMT Network is UP. Just exit the program.
10-30  9:23:01 pm GMT Network is UP. Just exit the program.
10-30  9:24:02 pm GMT Network is UP. Just exit the program.
10-30  9:25:01 pm GMT Network is UP. Just exit the program.
10-30  9:26:01 pm GMT Network is UP. Just exit the program.
10-30  9:27:01 pm GMT Network is UP. Just exit the program.
10-30  9:28:01 pm GMT Network is UP. Just exit the program.
10-30  9:29:01 pm GMT Network is UP. Just exit the program.
10-30  9:30:01 pm GMT Network is UP. Just exit the program.
10-30  9:31:01 pm GMT Network is UP. Just exit the program.
10-30  9:32:01 pm GMT Network is UP. Just exit the program.
10-30  9:33:01 pm GMT Network is UP. Just exit the program.
10-30  9:34:01 pm GMT Network is UP. Just exit the program.
10-30  9:35:01 pm GMT Network is UP. Just exit the program.
10-30  9:36:01 pm GMT Network is UP. Just exit the program.
10-30  9:37:01 pm GMT Network is UP. Just exit the program.
10-30  9:38:01 pm GMT Network is UP. Just exit the program.
10-30  9:39:01 pm GMT Network is UP. Just exit the program.
10-30  9:40:01 pm GMT Network is UP. Just exit the program.
10-30  9:41:01 pm GMT Network is UP. Just exit the program.
10-30  9:42:01 pm GMT Network is UP. Just exit the program.
10-30  9:43:01 pm GMT Network is UP. Just exit the program.
10-30  9:44:01 pm GMT Network is UP. Just exit the program.
10-30  9:45:02 pm GMT Network is UP. Just exit the program.
10-30  9:46:01 pm GMT Network is UP. Just exit the program.
10-30  9:47:01 pm GMT Network is UP. Just exit the program.
10-30  9:48:01 pm GMT Network is UP. Just exit the program.
10-30  9:49:01 pm GMT Network is UP. Just exit the program.
10-30  9:50:01 pm GMT Network is UP. Just exit the program.
10-30  9:51:01 pm GMT Network is UP. Just exit the program.
10-30  9:52:01 pm GMT Network is UP. Just exit the program.
10-30  9:53:01 pm GMT Network is UP. Just exit the program.
10-30  9:54:01 pm GMT Network is UP. Just exit the program.
10-30  9:55:01 pm GMT Network is UP. Just exit the program.
10-30  9:56:01 pm GMT Network is UP. Just exit the program.
10-30  9:57:01 pm GMT Network is UP. Just exit the program.
10-30  9:58:01 pm GMT Network is UP. Just exit the program.
10-30  9:59:01 pm GMT Network is UP. Just exit the program.
10-30 10:00:01 pm GMT Network is UP. Just exit the program.
10-30 10:01:01 pm GMT Network is UP. Just exit the program.
10-30 10:02:01 pm GMT Network is UP. Just exit the program.
10-30 10:03:01 pm GMT Network is UP. Just exit the program.
10-30 10:04:01 pm GMT Network is UP. Just exit the program.
10-30 10:05:01 pm GMT Network is UP. Just exit the program.
10-30 10:06:01 pm GMT Network is UP. Just exit the program.
10-30 10:07:01 pm GMT Network is UP. Just exit the program.
10-30 10:08:01 pm GMT Network is UP. Just exit the program.
10-30 10:09:01 pm GMT Network is UP. Just exit the program.
10-30 10:10:01 pm GMT Network is UP. Just exit the program.
10-30 10:11:01 pm GMT Network is UP. Just exit the program.
10-30 10:12:01 pm GMT Network is UP. Just exit the program.
10-30 10:13:01 pm GMT Network is UP. Just exit the program.
10-30 10:14:01 pm GMT Network is UP. Just exit the program.
10-30 10:15:01 pm GMT Network is UP. Just exit the program.
10-30 10:16:01 pm GMT Network is UP. Just exit the program.
10-30 10:17:01 pm GMT Network is UP. Just exit the program.
10-30 10:18:01 pm GMT Network is UP. Just exit the program.
10-30 10:19:01 pm GMT Network is UP. Just exit the program.
10-30 10:20:01 pm GMT Network is UP. Just exit the program.
10-30 10:21:01 pm GMT Network is UP. Just exit the program.
10-30 10:22:01 pm GMT Network is UP. Just exit the program.
10-30 10:23:01 pm GMT Network is UP. Just exit the program.
10-30 10:24:01 pm GMT Network is UP. Just exit the program.
10-30 10:25:01 pm GMT Network is UP. Just exit the program.
10-30 10:26:01 pm GMT Network is UP. Just exit the program.
10-30 10:27:01 pm GMT Network is UP. Just exit the program.
10-30 10:28:01 pm GMT Network is UP. Just exit the program.
10-30 10:29:01 pm GMT Network is UP. Just exit the program.
10-30 10:30:01 pm GMT Network is UP. Just exit the program.
10-30 10:31:01 pm GMT Network is UP. Just exit the program.
10-30 10:32:02 pm GMT Network is UP. Just exit the program.
10-30 10:33:01 pm GMT Network is UP. Just exit the program.
10-30 10:34:01 pm GMT Network is UP. Just exit the program.
10-30 10:35:01 pm GMT Network is UP. Just exit the program.
10-30 10:36:01 pm GMT Network is UP. Just exit the program.
10-30 10:37:01 pm GMT Network is UP. Just exit the program.
10-30 10:38:01 pm GMT Network is UP. Just exit the program.
10-30 10:39:01 pm GMT Network is UP. Just exit the program.
10-30 10:40:01 pm GMT Network is UP. Just exit the program.
10-30 10:41:01 pm GMT Network is UP. Just exit the program.
10-30 10:42:02 pm GMT Network is UP. Just exit the program.
10-30 10:43:01 pm GMT Network is UP. Just exit the program.
10-30 10:44:01 pm GMT Network is UP. Just exit the program.
10-30 10:45:01 pm GMT Network is UP. Just exit the program.
10-30 10:46:01 pm GMT Network is UP. Just exit the program.
10-30 10:47:01 pm GMT Network is UP. Just exit the program.
10-30 10:48:01 pm GMT Network is UP. Just exit the program.
10-30 10:49:01 pm GMT Network is UP. Just exit the program.
10-30 10:50:01 pm GMT Network is UP. Just exit the program.
10-30 10:51:01 pm GMT Network is UP. Just exit the program.
10-30 10:52:01 pm GMT Network is UP. Just exit the program.
10-30 10:53:01 pm GMT Network is UP. Just exit the program.
10-30 10:54:01 pm GMT Network is UP. Just exit the program.
10-30 10:55:01 pm GMT Network is UP. Just exit the program.
10-30 10:56:01 pm GMT Network is UP. Just exit the program.
10-30 10:57:01 pm GMT Network is UP. Just exit the program.
10-30 10:58:01 pm GMT Network is UP. Just exit the program.
10-30 10:59:01 pm GMT Network is UP. Just exit the program.
10-30 11:00:01 pm GMT Network is UP. Just exit the program.
10-30 11:01:01 pm GMT Network is UP. Just exit the program.
10-30 11:02:01 pm GMT Network is UP. Just exit the program.
10-30 11:03:01 pm GMT Network is UP. Just exit the program.
10-30 11:04:01 pm GMT Network is UP. Just exit the program.
10-30 11:05:01 pm GMT Network is UP. Just exit the program.
10-30 11:06:01 pm GMT Network is UP. Just exit the program.
10-30 11:07:01 pm GMT Network is UP. Just exit the program.
10-30 11:08:01 pm GMT Network is UP. Just exit the program.
10-30 11:09:01 pm GMT Network is DOWN. Perform a reset
10-30 11:10:01 pm GMT Network is DOWN. Perform a reset
10-30 11:11:01 pm GMT Network is DOWN. Perform a reset
10-30 11:12:01 pm GMT Network is DOWN. Perform a reset
10-30 11:13:01 pm GMT Network is DOWN. Perform a reset
10-30 11:14:01 pm GMT Network is DOWN. Perform a reset
10-30 11:15:01 pm GMT Network is DOWN. Perform a reset
10-30 11:16:01 pm GMT Network is DOWN. Perform a reset
10-30 11:17:01 pm GMT Network is DOWN. Perform a reset
10-30 11:18:01 pm GMT Network is DOWN. Perform a reset
10-30 11:19:01 pm GMT Network is DOWN. Perform a reset
10-30 11:20:01 pm GMT Network is DOWN. Perform a reset
10-30 11:21:01 pm GMT Network is DOWN. Perform a reset
10-30 11:22:01 pm GMT Network is DOWN. Perform a reset
10-30 11:23:01 pm GMT Network is DOWN. Perform a reset
10-30 11:24:01 pm GMT Network is DOWN. Perform a reset
10-30 11:25:01 pm GMT Network is DOWN. Perform a reset
10-30 11:26:01 pm GMT Network is DOWN. Perform a reset
10-30 11:27:01 pm GMT Network is DOWN. Perform a reset
10-30 11:28:01 pm GMT Network is DOWN. Perform a reset
10-30 11:29:01 pm GMT Network is DOWN. Perform a reset
10-30 11:30:01 pm GMT Network is DOWN. Perform a reset
10-30 11:31:01 pm GMT Network is DOWN. Perform a reset
10-30 11:32:01 pm GMT Network is DOWN. Perform a reset
10-30 11:33:01 pm GMT Network is DOWN. Perform a reset
10-30 11:34:01 pm GMT Network is DOWN. Perform a reset
10-30 11:35:01 pm GMT Network is DOWN. Perform a reset
10-30 11:36:01 pm GMT Network is DOWN. Perform a reset
10-30 11:37:01 pm GMT Network is DOWN. Perform a reset
10-30 11:38:01 pm GMT Network is DOWN. Perform a reset
10-30 11:39:01 pm GMT Network is DOWN. Perform a reset
10-30 11:40:01 pm GMT Network is DOWN. Perform a reset
10-30 11:41:01 pm GMT Network is DOWN. Perform a reset
10-30 11:42:01 pm GMT Network is DOWN. Perform a reset
10-30 11:43:01 pm GMT Network is DOWN. Perform a reset
10-30 11:44:01 pm GMT Network is DOWN. Perform a reset
10-30 11:45:01 pm GMT Network is DOWN. Perform a reset
10-30 11:46:01 pm GMT Network is DOWN. Perform a reset
10-30 11:47:01 pm GMT Network is DOWN. Perform a reset
10-30 11:48:01 pm GMT Network is DOWN. Perform a reset
10-30 11:49:01 pm GMT Network is DOWN. Perform a reset
10-30 11:50:01 pm GMT Network is DOWN. Perform a reset
10-30 11:51:01 pm GMT Network is DOWN. Perform a reset
10-30 11:52:02 pm GMT Network is DOWN. Perform a reset
10-30 11:53:01 pm GMT Network is DOWN. Perform a reset
10-30 11:54:01 pm GMT Network is DOWN. Perform a reset
10-30 11:55:01 pm GMT Network is DOWN. Perform a reset
10-30 11:56:01 pm GMT Network is DOWN. Perform a reset
10-30 11:57:01 pm GMT Network is DOWN. Perform a reset
10-30 11:58:01 pm GMT Network is DOWN. Perform a reset
10-30 11:59:01 pm GMT Network is DOWN. Perform a reset
10-31 12:00:01 am GMT Network is DOWN. Perform a reset
10-31 12:01:01 am GMT Network is DOWN. Perform a reset
10-31 12:02:02 am GMT Network is DOWN. Perform a reset
10-31 12:03:01 am GMT Network is DOWN. Perform a reset
10-31 12:04:01 am GMT Network is DOWN. Perform a reset
10-31 12:05:01 am GMT Network is DOWN. Perform a reset
10-31 12:06:01 am GMT Network is DOWN. Perform a reset
10-31 12:07:01 am GMT Network is DOWN. Perform a reset
10-31 12:08:01 am GMT Network is DOWN. Perform a reset
10-31 12:09:01 am GMT Network is DOWN. Perform a reset
10-31 12:10:01 am GMT Network is DOWN. Perform a reset
10-31 12:11:01 am GMT Network is DOWN. Perform a reset
10-31 12:12:01 am GMT Network is DOWN. Perform a reset
10-31 12:13:01 am GMT Network is DOWN. Perform a reset
10-31 12:14:01 am GMT Network is DOWN. Perform a reset
10-31 12:15:01 am GMT Network is DOWN. Perform a reset
10-31 12:16:01 am GMT Network is DOWN. Perform a reset
10-31 12:17:01 am GMT Network is DOWN. Perform a reset
10-31 12:18:01 am GMT Network is DOWN. Perform a reset
10-31 12:19:01 am GMT Network is DOWN. Perform a reset
10-31 12:20:01 am GMT Network is DOWN. Perform a reset
10-31 12:21:01 am GMT Network is DOWN. Perform a reset
10-31 12:22:01 am GMT Network is DOWN. Perform a reset
10-31 12:23:01 am GMT Network is DOWN. Perform a reset
10-31 12:24:01 am GMT Network is DOWN. Perform a reset
10-31 12:25:01 am GMT Network is DOWN. Perform a reset
10-31 12:26:01 am GMT Network is DOWN. Perform a reset
10-31 12:27:01 am GMT Network is DOWN. Perform a reset
10-31 12:28:01 am GMT Network is DOWN. Perform a reset
10-31 12:29:01 am GMT Network is DOWN. Perform a reset
10-31 12:30:01 am GMT Network is DOWN. Perform a reset
10-31 12:31:01 am GMT Network is DOWN. Perform a reset
10-31 12:32:01 am GMT Network is DOWN. Perform a reset
10-31 12:33:01 am GMT Network is DOWN. Perform a reset
10-31 12:34:01 am GMT Network is DOWN. Perform a reset
10-31 12:35:01 am GMT Network is DOWN. Perform a reset
10-31 12:36:01 am GMT Network is DOWN. Perform a reset
10-31 12:37:01 am GMT Network is DOWN. Perform a reset
10-31 12:38:01 am GMT Network is DOWN. Perform a reset
10-31 12:39:01 am GMT Network is DOWN. Perform a reset
10-31 12:40:01 am GMT Network is DOWN. Perform a reset
10-31 12:41:01 am GMT Network is DOWN. Perform a reset
10-31 12:42:01 am GMT Network is DOWN. Perform a reset
10-31 12:43:01 am GMT Network is DOWN. Perform a reset
10-31 12:44:01 am GMT Network is DOWN. Perform a reset
10-31 12:45:01 am GMT Network is DOWN. Perform a reset
10-31 12:46:01 am GMT Network is DOWN. Perform a reset
10-31 12:47:01 am GMT Network is DOWN. Perform a reset
10-31 12:48:01 am GMT Network is DOWN. Perform a reset
10-31 12:49:01 am GMT Network is DOWN. Perform a reset
10-31 12:50:01 am GMT Network is DOWN. Perform a reset
10-31 12:51:01 am GMT Network is DOWN. Perform a reset
10-31 12:52:01 am GMT Network is DOWN. Perform a reset
10-31 12:53:01 am GMT Network is DOWN. Perform a reset
10-31 12:54:01 am GMT Network is DOWN. Perform a reset
10-31 12:55:01 am GMT Network is DOWN. Perform a reset
10-31 12:56:01 am GMT Network is DOWN. Perform a reset
10-31 12:57:01 am GMT Network is DOWN. Perform a reset
10-31 12:58:01 am GMT Network is DOWN. Perform a reset
10-31 12:59:01 am GMT Network is DOWN. Perform a reset
10-31  1:00:01 am GMT Network is DOWN. Perform a reset
10-31  1:01:02 am GMT Network is DOWN. Perform a reset
10-31  1:02:01 am GMT Network is DOWN. Perform a reset
10-31  1:03:01 am GMT Network is DOWN. Perform a reset
10-31  1:04:01 am GMT Network is DOWN. Perform a reset
10-31  1:05:01 am GMT Network is DOWN. Perform a reset
10-31  1:06:01 am GMT Network is DOWN. Perform a reset
10-31  1:07:01 am GMT Network is DOWN. Perform a reset
10-31  1:08:01 am GMT Network is DOWN. Perform a reset
10-31  1:09:01 am GMT Network is DOWN. Perform a reset
10-31  1:10:01 am GMT Network is DOWN. Perform a reset
10-31  1:11:02 am GMT Network is DOWN. Perform a reset
10-31  1:12:01 am GMT Network is DOWN. Perform a reset
10-31  1:13:01 am GMT Network is DOWN. Perform a reset
10-31  1:14:01 am GMT Network is DOWN. Perform a reset
10-31  1:15:01 am GMT Network is DOWN. Perform a reset
10-31  1:16:01 am GMT Network is DOWN. Perform a reset
10-31  1:17:01 am GMT Network is DOWN. Perform a reset
10-31  1:18:01 am GMT Network is DOWN. Perform a reset
10-31  1:19:01 am GMT Network is DOWN. Perform a reset
10-31  1:20:01 am GMT Network is DOWN. Perform a reset
10-31  1:21:01 am GMT Network is DOWN. Perform a reset
10-31  1:22:01 am GMT Network is DOWN. Perform a reset
10-31  1:23:01 am GMT Network is DOWN. Perform a reset
10-31  1:24:01 am GMT Network is DOWN. Perform a reset
10-31  1:25:01 am GMT Network is DOWN. Perform a reset
10-31  1:26:01 am GMT Network is DOWN. Perform a reset
10-31  1:27:01 am GMT Network is DOWN. Perform a reset
10-31  1:28:01 am GMT Network is DOWN. Perform a reset
10-31  1:29:01 am GMT Network is DOWN. Perform a reset
10-31  1:30:01 am GMT Network is DOWN. Perform a reset
10-31  1:31:01 am GMT Network is DOWN. Perform a reset
10-31  1:32:01 am GMT Network is DOWN. Perform a reset
10-31  1:33:01 am GMT Network is DOWN. Perform a reset
10-31  1:34:01 am GMT Network is DOWN. Perform a reset
10-31  1:35:01 am GMT Network is DOWN. Perform a reset
10-31  1:36:01 am GMT Network is DOWN. Perform a reset
10-31  1:37:01 am GMT Network is DOWN. Perform a reset
10-31  1:38:01 am GMT Network is DOWN. Perform a reset
10-31  1:39:01 am GMT Network is DOWN. Perform a reset
10-31  1:40:01 am GMT Network is DOWN. Perform a reset
10-31  1:41:01 am GMT Network is DOWN. Perform a reset
10-31  1:42:01 am GMT Network is DOWN. Perform a reset
10-31  1:43:01 am GMT Network is DOWN. Perform a reset
10-31  1:44:01 am GMT Network is DOWN. Perform a reset
10-31  1:45:01 am GMT Network is DOWN. Perform a reset
10-31  1:46:01 am GMT Network is DOWN. Perform a reset
10-31  1:47:01 am GMT Network is DOWN. Perform a reset
10-31  1:48:01 am GMT Network is DOWN. Perform a reset
10-31  1:49:01 am GMT Network is DOWN. Perform a reset
10-31  1:50:02 am GMT Network is DOWN. Perform a reset
10-31  1:51:01 am GMT Network is DOWN. Perform a reset
10-31  1:52:01 am GMT Network is DOWN. Perform a reset
10-31  1:53:01 am GMT Network is DOWN. Perform a reset
10-31  1:54:01 am GMT Network is DOWN. Perform a reset
10-31  1:55:01 am GMT Network is DOWN. Perform a reset
10-31  1:56:01 am GMT Network is DOWN. Perform a reset
10-31  1:57:01 am GMT Network is DOWN. Perform a reset
10-31  1:58:01 am GMT Network is DOWN. Perform a reset
10-31  1:59:01 am GMT Network is DOWN. Perform a reset
10-31  2:00:01 am GMT Network is DOWN. Perform a reset
10-31  2:01:01 am GMT Network is DOWN. Perform a reset
10-31  2:02:01 am GMT Network is DOWN. Perform a reset
10-31  2:03:01 am GMT Network is DOWN. Perform a reset
10-31  2:04:01 am GMT Network is DOWN. Perform a reset
10-31  2:05:01 am GMT Network is DOWN. Perform a reset
10-31  2:06:01 am GMT Network is DOWN. Perform a reset
10-31  2:07:01 am GMT Network is DOWN. Perform a reset
10-31  2:08:01 am GMT Network is DOWN. Perform a reset
10-31  2:09:02 am GMT Network is DOWN. Perform a reset
10-31  2:10:01 am GMT Network is DOWN. Perform a reset
10-31  2:11:01 am GMT Network is DOWN. Perform a reset
10-31  2:12:01 am GMT Network is DOWN. Perform a reset
10-31  2:13:01 am GMT Network is DOWN. Perform a reset
10-31  2:14:01 am GMT Network is DOWN. Perform a reset
10-31  2:15:01 am GMT Network is DOWN. Perform a reset
10-31  2:16:01 am GMT Network is DOWN. Perform a reset
10-31  2:17:01 am GMT Network is DOWN. Perform a reset
10-31  2:18:01 am GMT Network is DOWN. Perform a reset
10-31  2:19:01 am GMT Network is DOWN. Perform a reset
10-31  2:20:01 am GMT Network is DOWN. Perform a reset
10-31  2:21:01 am GMT Network is DOWN. Perform a reset
10-31  2:22:01 am GMT Network is DOWN. Perform a reset
10-31  2:23:01 am GMT Network is DOWN. Perform a reset
10-31  2:24:01 am GMT Network is DOWN. Perform a reset
10-31  2:25:01 am GMT Network is DOWN. Perform a reset
10-31  2:26:01 am GMT Network is DOWN. Perform a reset
10-31  2:27:01 am GMT Network is DOWN. Perform a reset
10-31  2:28:01 am GMT Network is DOWN. Perform a reset
10-31  2:29:01 am GMT Network is DOWN. Perform a reset
10-31  2:30:01 am GMT Network is DOWN. Perform a reset
10-31  2:31:01 am GMT Network is DOWN. Perform a reset
10-31  2:32:01 am GMT Network is DOWN. Perform a reset
10-31  2:33:01 am GMT Network is DOWN. Perform a reset
10-31  2:34:01 am GMT Network is DOWN. Perform a reset
10-31  2:35:01 am GMT Network is DOWN. Perform a reset
10-31  2:36:01 am GMT Network is DOWN. Perform a reset
10-31  2:37:01 am GMT Network is DOWN. Perform a reset
10-31  2:38:01 am GMT Network is DOWN. Perform a reset
10-31  2:39:01 am GMT Network is DOWN. Perform a reset
10-31  2:40:01 am GMT Network is DOWN. Perform a reset
10-31  2:41:01 am GMT Network is DOWN. Perform a reset
10-31  2:42:01 am GMT Network is DOWN. Perform a reset
10-31  2:43:01 am GMT Network is DOWN. Perform a reset
10-31  2:44:01 am GMT Network is DOWN. Perform a reset
10-31  2:45:01 am GMT Network is DOWN. Perform a reset
10-31  2:46:01 am GMT Network is DOWN. Perform a reset
10-31  2:47:01 am GMT Network is DOWN. Perform a reset
10-31  2:48:01 am GMT Network is DOWN. Perform a reset
10-31  2:49:01 am GMT Network is DOWN. Perform a reset
10-31  2:50:01 am GMT Network is DOWN. Perform a reset
10-31  2:51:01 am GMT Network is DOWN. Perform a reset
10-31  2:52:01 am GMT Network is DOWN. Perform a reset
10-31  2:53:01 am GMT Network is DOWN. Perform a reset
10-31  2:54:01 am GMT Network is DOWN. Perform a reset
10-31  2:55:01 am GMT Network is DOWN. Perform a reset
10-31  2:56:01 am GMT Network is DOWN. Perform a reset
10-31  2:57:01 am GMT Network is DOWN. Perform a reset
10-31  2:58:01 am GMT Network is DOWN. Perform a reset
10-31  2:59:01 am GMT Network is DOWN. Perform a reset
10-31  3:00:01 am GMT Network is DOWN. Perform a reset
10-31  3:01:01 am GMT Network is DOWN. Perform a reset
10-31  3:02:01 am GMT Network is DOWN. Perform a reset
10-31  3:03:01 am GMT Network is DOWN. Perform a reset
10-31  3:04:01 am GMT Network is DOWN. Perform a reset
10-31  3:05:01 am GMT Network is DOWN. Perform a reset
10-31  3:06:01 am GMT Network is DOWN. Perform a reset
10-31  3:07:01 am GMT Network is DOWN. Perform a reset
10-31  3:08:02 am GMT Network is DOWN. Perform a reset
10-31  3:09:01 am GMT Network is DOWN. Perform a reset
10-31  3:10:01 am GMT Network is DOWN. Perform a reset
10-31  3:11:01 am GMT Network is DOWN. Perform a reset
10-31  3:12:01 am GMT Network is DOWN. Perform a reset
10-31  3:13:01 am GMT Network is DOWN. Perform a reset
10-31  3:14:01 am GMT Network is DOWN. Perform a reset
10-31  3:15:01 am GMT Network is DOWN. Perform a reset
10-31  3:16:01 am GMT Network is DOWN. Perform a reset
10-31  3:17:01 am GMT Network is DOWN. Perform a reset
10-31  3:18:02 am GMT Network is DOWN. Perform a reset
10-31  3:19:01 am GMT Network is DOWN. Perform a reset
10-31  3:20:01 am GMT Network is DOWN. Perform a reset
10-31  3:21:01 am GMT Network is DOWN. Perform a reset
10-31  3:22:01 am GMT Network is DOWN. Perform a reset
10-31  3:23:01 am GMT Network is DOWN. Perform a reset
10-31  3:24:01 am GMT Network is DOWN. Perform a reset
10-31  3:25:01 am GMT Network is DOWN. Perform a reset
10-31  3:26:01 am GMT Network is DOWN. Perform a reset
10-31  3:27:01 am GMT Network is DOWN. Perform a reset
10-31  3:28:01 am GMT Network is DOWN. Perform a reset
10-31  3:29:01 am GMT Network is DOWN. Perform a reset
10-31  3:30:01 am GMT Network is DOWN. Perform a reset
10-31  3:31:01 am GMT Network is DOWN. Perform a reset
10-31  3:32:01 am GMT Network is DOWN. Perform a reset
10-31  3:33:01 am GMT Network is DOWN. Perform a reset
10-31  3:34:01 am GMT Network is DOWN. Perform a reset
10-31  3:35:01 am GMT Network is DOWN. Perform a reset
10-31  3:36:01 am GMT Network is DOWN. Perform a reset
10-31  3:37:01 am GMT Network is DOWN. Perform a reset
10-31  3:38:01 am GMT Network is DOWN. Perform a reset
10-31  3:39:01 am GMT Network is DOWN. Perform a reset
10-31  3:40:01 am GMT Network is DOWN. Perform a reset
10-31  3:41:01 am GMT Network is DOWN. Perform a reset
10-31  3:42:01 am GMT Network is DOWN. Perform a reset
10-31  3:43:01 am GMT Network is DOWN. Perform a reset
10-31  3:44:01 am GMT Network is DOWN. Perform a reset
10-31  3:45:01 am GMT Network is DOWN. Perform a reset
10-31  3:46:01 am GMT Network is DOWN. Perform a reset
10-31  3:47:01 am GMT Network is DOWN. Perform a reset
10-31  3:48:01 am GMT Network is DOWN. Perform a reset
10-31  3:49:01 am GMT Network is DOWN. Perform a reset
10-31  3:50:01 am GMT Network is DOWN. Perform a reset
10-31  3:51:01 am GMT Network is DOWN. Perform a reset
10-31  3:52:01 am GMT Network is DOWN. Perform a reset
10-31  3:53:01 am GMT Network is DOWN. Perform a reset
10-31  3:54:01 am GMT Network is DOWN. Perform a reset
10-31  3:55:01 am GMT Network is DOWN. Perform a reset
10-31  3:56:01 am GMT Network is DOWN. Perform a reset
10-31  3:57:01 am GMT Network is DOWN. Perform a reset
10-31  3:58:01 am GMT Network is DOWN. Perform a reset
10-31  3:59:01 am GMT Network is DOWN. Perform a reset
10-31  4:00:01 am GMT Network is DOWN. Perform a reset
10-31  4:01:01 am GMT Network is DOWN. Perform a reset
10-31  4:02:01 am GMT Network is DOWN. Perform a reset
10-31  4:03:01 am GMT Network is DOWN. Perform a reset
10-31  4:04:01 am GMT Network is DOWN. Perform a reset
10-31  4:05:01 am GMT Network is DOWN. Perform a reset
10-31  4:06:01 am GMT Network is DOWN. Perform a reset
10-31  4:07:02 am GMT Network is DOWN. Perform a reset
10-31  4:08:01 am GMT Network is DOWN. Perform a reset
10-31  4:09:01 am GMT Network is DOWN. Perform a reset
10-31  4:10:01 am GMT Network is DOWN. Perform a reset
10-31  4:11:01 am GMT Network is DOWN. Perform a reset
10-31  4:12:01 am GMT Network is DOWN. Perform a reset
10-31  4:13:01 am GMT Network is DOWN. Perform a reset
10-31  4:14:01 am GMT Network is DOWN. Perform a reset
10-31  4:15:01 am GMT Network is DOWN. Perform a reset
10-31  4:16:01 am GMT Network is DOWN. Perform a reset
10-31  4:17:02 am GMT Network is DOWN. Perform a reset
10-31  4:18:01 am GMT Network is DOWN. Perform a reset
10-31  4:19:01 am GMT Network is DOWN. Perform a reset
10-31  4:20:01 am GMT Network is DOWN. Perform a reset
10-31  4:21:01 am GMT Network is DOWN. Perform a reset
10-31  4:22:01 am GMT Network is DOWN. Perform a reset
10-31  4:23:01 am GMT Network is DOWN. Perform a reset
10-31  4:24:01 am GMT Network is DOWN. Perform a reset
10-31  4:25:01 am GMT Network is DOWN. Perform a reset
10-31  4:26:01 am GMT Network is DOWN. Perform a reset
10-31  4:27:01 am GMT Network is DOWN. Perform a reset
10-31  4:28:01 am GMT Network is DOWN. Perform a reset
10-31  4:29:01 am GMT Network is DOWN. Perform a reset
10-31  4:30:01 am GMT Network is DOWN. Perform a reset
10-31  4:31:01 am GMT Network is DOWN. Perform a reset
10-31  4:32:01 am GMT Network is DOWN. Perform a reset
10-31  4:33:01 am GMT Network is DOWN. Perform a reset
10-31  4:34:01 am GMT Network is DOWN. Perform a reset
10-31  4:35:01 am GMT Network is DOWN. Perform a reset
10-31  4:36:01 am GMT Network is DOWN. Perform a reset
10-31  4:37:01 am GMT Network is DOWN. Perform a reset
10-31  4:38:01 am GMT Network is DOWN. Perform a reset
10-31  4:39:01 am GMT Network is DOWN. Perform a reset
10-31  4:40:01 am GMT Network is DOWN. Perform a reset
10-31  4:41:01 am GMT Network is DOWN. Perform a reset
10-31  4:42:01 am GMT Network is DOWN. Perform a reset
10-31  4:43:01 am GMT Network is DOWN. Perform a reset
10-31  4:44:01 am GMT Network is DOWN. Perform a reset
10-31  4:45:01 am GMT Network is DOWN. Perform a reset
10-31  4:46:01 am GMT Network is DOWN. Perform a reset
10-31  4:47:01 am GMT Network is DOWN. Perform a reset
10-31  4:48:01 am GMT Network is DOWN. Perform a reset
10-31  4:49:01 am GMT Network is DOWN. Perform a reset
10-31  4:50:01 am GMT Network is DOWN. Perform a reset
10-31  4:51:01 am GMT Network is DOWN. Perform a reset
10-31  4:52:01 am GMT Network is DOWN. Perform a reset
10-31  4:53:01 am GMT Network is DOWN. Perform a reset
10-31  4:54:01 am GMT Network is DOWN. Perform a reset
10-31  4:55:01 am GMT Network is DOWN. Perform a reset
10-31  4:56:02 am GMT Network is DOWN. Perform a reset
10-31  4:57:01 am GMT Network is DOWN. Perform a reset
10-31  4:58:01 am GMT Network is DOWN. Perform a reset
10-31  4:59:01 am GMT Network is DOWN. Perform a reset
10-31  5:00:01 am GMT Network is DOWN. Perform a reset
10-31  5:01:01 am GMT Network is DOWN. Perform a reset
10-31  5:02:01 am GMT Network is DOWN. Perform a reset
10-31  5:03:01 am GMT Network is DOWN. Perform a reset
10-31  5:04:01 am GMT Network is DOWN. Perform a reset
10-31  5:05:01 am GMT Network is DOWN. Perform a reset
10-31  5:06:01 am GMT Network is DOWN. Perform a reset
10-31  5:07:01 am GMT Network is DOWN. Perform a reset
10-31  5:08:01 am GMT Network is DOWN. Perform a reset
10-31  5:09:01 am GMT Network is DOWN. Perform a reset
10-31  5:10:01 am GMT Network is DOWN. Perform a reset
10-31  5:11:01 am GMT Network is DOWN. Perform a reset
10-31  5:12:01 am GMT Network is DOWN. Perform a reset
10-31  5:13:01 am GMT Network is DOWN. Perform a reset
10-31  5:14:01 am GMT Network is DOWN. Perform a reset
10-31  5:15:01 am GMT Network is DOWN. Perform a reset
10-31  5:16:01 am GMT Network is DOWN. Perform a reset
10-31  5:17:01 am GMT Network is DOWN. Perform a reset
10-31  5:18:01 am GMT Network is DOWN. Perform a reset
10-31  5:19:01 am GMT Network is DOWN. Perform a reset
10-31  5:20:01 am GMT Network is DOWN. Perform a reset
10-31  5:21:01 am GMT Network is DOWN. Perform a reset
10-31  5:22:01 am GMT Network is DOWN. Perform a reset
10-31  5:23:01 am GMT Network is DOWN. Perform a reset
10-31  5:24:01 am GMT Network is DOWN. Perform a reset
10-31  5:25:01 am GMT Network is DOWN. Perform a reset
10-31  5:26:01 am GMT Network is DOWN. Perform a reset
10-31  5:27:01 am GMT Network is DOWN. Perform a reset
10-31  5:28:01 am GMT Network is DOWN. Perform a reset
10-31  5:29:01 am GMT Network is DOWN. Perform a reset
10-31  5:30:01 am GMT Network is DOWN. Perform a reset
10-31  5:31:01 am GMT Network is DOWN. Perform a reset
10-31  5:32:01 am GMT Network is DOWN. Perform a reset
10-31  5:33:01 am GMT Network is DOWN. Perform a reset
10-31  5:34:01 am GMT Network is DOWN. Perform a reset
10-31  5:35:01 am GMT Network is DOWN. Perform a reset
10-31  5:36:01 am GMT Network is DOWN. Perform a reset
10-31  5:37:01 am GMT Network is DOWN. Perform a reset
10-31  5:38:01 am GMT Network is DOWN. Perform a reset
10-31  5:39:01 am GMT Network is DOWN. Perform a reset
10-31  5:40:01 am GMT Network is DOWN. Perform a reset
10-31  5:41:01 am GMT Network is DOWN. Perform a reset
10-31  5:42:01 am GMT Network is DOWN. Perform a reset
10-31  5:43:01 am GMT Network is DOWN. Perform a reset
10-31  5:44:01 am GMT Network is DOWN. Perform a reset
10-31  5:45:01 am GMT Network is DOWN. Perform a reset
10-31  5:46:01 am GMT Network is DOWN. Perform a reset
10-31  5:47:01 am GMT Network is DOWN. Perform a reset
10-31  5:48:01 am GMT Network is DOWN. Perform a reset
10-31  5:49:01 am GMT Network is DOWN. Perform a reset
10-31  5:50:01 am GMT Network is DOWN. Perform a reset
10-31  5:51:01 am GMT Network is DOWN. Perform a reset
10-31  5:52:01 am GMT Network is DOWN. Perform a reset
10-31  5:53:01 am GMT Network is DOWN. Perform a reset
10-31  5:54:01 am GMT Network is DOWN. Perform a reset
10-31  5:55:01 am GMT Network is DOWN. Perform a reset
10-31  5:56:01 am GMT Network is DOWN. Perform a reset
10-31  5:57:01 am GMT Network is DOWN. Perform a reset
10-31  5:58:01 am GMT Network is DOWN. Perform a reset
10-31  5:59:01 am GMT Network is DOWN. Perform a reset
10-31  6:00:01 am GMT Network is DOWN. Perform a reset
10-31  6:01:01 am GMT Network is DOWN. Perform a reset
10-31  6:02:01 am GMT Network is DOWN. Perform a reset
10-31  6:03:01 am GMT Network is DOWN. Perform a reset
10-31  6:04:01 am GMT Network is DOWN. Perform a reset
10-31  6:05:02 am GMT Network is DOWN. Perform a reset
10-31  6:06:01 am GMT Network is DOWN. Perform a reset
10-31  6:07:01 am GMT Network is DOWN. Perform a reset
10-31  6:08:01 am GMT Network is DOWN. Perform a reset
10-31  6:09:01 am GMT Network is DOWN. Perform a reset
10-31  6:10:01 am GMT Network is DOWN. Perform a reset
10-31  6:11:01 am GMT Network is DOWN. Perform a reset
10-31  6:12:01 am GMT Network is DOWN. Perform a reset
10-31  6:13:01 am GMT Network is DOWN. Perform a reset
10-31  6:14:01 am GMT Network is DOWN. Perform a reset
10-31  6:15:02 am GMT Network is DOWN. Perform a reset
10-31  6:16:01 am GMT Network is DOWN. Perform a reset
10-31  6:17:01 am GMT Network is DOWN. Perform a reset
10-31  6:18:01 am GMT Network is DOWN. Perform a reset
10-31  6:19:01 am GMT Network is DOWN. Perform a reset
10-31  6:20:01 am GMT Network is DOWN. Perform a reset
10-31  6:21:01 am GMT Network is DOWN. Perform a reset
10-31  6:22:01 am GMT Network is DOWN. Perform a reset
10-31  6:23:01 am GMT Network is DOWN. Perform a reset
10-31  6:24:01 am GMT Network is DOWN. Perform a reset
10-31  6:25:01 am GMT Network is DOWN. Perform a reset
10-31  6:26:01 am GMT Network is DOWN. Perform a reset
10-31  6:27:01 am GMT Network is DOWN. Perform a reset
10-31  6:28:01 am GMT Network is DOWN. Perform a reset
10-31  6:29:01 am GMT Network is DOWN. Perform a reset
10-31  6:30:01 am GMT Network is DOWN. Perform a reset
10-31  6:31:01 am GMT Network is DOWN. Perform a reset
10-31  6:32:01 am GMT Network is DOWN. Perform a reset
10-31  6:33:01 am GMT Network is DOWN. Perform a reset
10-31  6:34:01 am GMT Network is DOWN. Perform a reset
10-31  6:35:01 am GMT Network is DOWN. Perform a reset
10-31  6:36:01 am GMT Network is DOWN. Perform a reset
10-31  6:37:01 am GMT Network is DOWN. Perform a reset
10-31  6:38:01 am GMT Network is DOWN. Perform a reset
10-31  6:39:01 am GMT Network is DOWN. Perform a reset
10-31  6:40:01 am GMT Network is DOWN. Perform a reset
10-31  6:41:01 am GMT Network is DOWN. Perform a reset
10-31  6:42:01 am GMT Network is DOWN. Perform a reset
10-31  6:43:01 am GMT Network is DOWN. Perform a reset
10-31  6:44:02 am GMT Network is DOWN. Perform a reset
10-31  6:45:01 am GMT Network is DOWN. Perform a reset
10-31  6:46:01 am GMT Network is DOWN. Perform a reset
10-31  6:47:01 am GMT Network is DOWN. Perform a reset
10-31  6:48:01 am GMT Network is DOWN. Perform a reset
10-31  6:49:01 am GMT Network is DOWN. Perform a reset
10-31  6:50:01 am GMT Network is DOWN. Perform a reset
10-31  6:51:01 am GMT Network is DOWN. Perform a reset
10-31  6:52:01 am GMT Network is DOWN. Perform a reset
10-31  6:53:01 am GMT Network is DOWN. Perform a reset
10-31  6:54:01 am GMT Network is DOWN. Perform a reset
10-31  6:55:01 am GMT Network is DOWN. Perform a reset
10-31  6:56:01 am GMT Network is DOWN. Perform a reset
10-31  6:57:01 am GMT Network is DOWN. Perform a reset
10-31  6:58:01 am GMT Network is DOWN. Perform a reset
10-31  6:59:01 am GMT Network is DOWN. Perform a reset
10-31  7:00:01 am GMT Network is DOWN. Perform a reset
10-31  7:01:01 am GMT Network is DOWN. Perform a reset
10-31  7:02:01 am GMT Network is DOWN. Perform a reset
10-31  7:03:01 am GMT Network is DOWN. Perform a reset
10-31  7:04:01 am GMT Network is DOWN. Perform a reset
10-31  7:05:01 am GMT Network is DOWN. Perform a reset
10-31  7:06:01 am GMT Network is DOWN. Perform a reset
10-31  7:07:01 am GMT Network is DOWN. Perform a reset
10-31  7:08:01 am GMT Network is DOWN. Perform a reset
10-31  7:09:01 am GMT Network is DOWN. Perform a reset
10-31  7:10:01 am GMT Network is DOWN. Perform a reset
10-31  7:11:01 am GMT Network is DOWN. Perform a reset
10-31  7:12:01 am GMT Network is DOWN. Perform a reset
10-31  7:13:01 am GMT Network is DOWN. Perform a reset
10-31  7:14:01 am GMT Network is DOWN. Perform a reset
10-31  7:15:01 am GMT Network is DOWN. Perform a reset
10-31  7:16:01 am GMT Network is DOWN. Perform a reset
10-31  7:17:01 am GMT Network is DOWN. Perform a reset
10-31  7:18:01 am GMT Network is DOWN. Perform a reset
10-31  7:19:01 am GMT Network is DOWN. Perform a reset
10-31  7:20:01 am GMT Network is DOWN. Perform a reset
10-31  7:21:01 am GMT Network is DOWN. Perform a reset
10-31  7:22:01 am GMT Network is DOWN. Perform a reset
10-31  7:23:01 am GMT Network is DOWN. Perform a reset
10-31  7:24:01 am GMT Network is DOWN. Perform a reset
10-31  7:25:01 am GMT Network is DOWN. Perform a reset
10-31  7:26:01 am GMT Network is DOWN. Perform a reset
10-31  7:27:01 am GMT Network is DOWN. Perform a reset
10-31  7:28:01 am GMT Network is DOWN. Perform a reset
10-31  7:29:01 am GMT Network is DOWN. Perform a reset
10-31  7:30:01 am GMT Network is DOWN. Perform a reset
10-31  7:31:01 am GMT Network is DOWN. Perform a reset
10-31  7:32:01 am GMT Network is DOWN. Perform a reset
10-31  7:33:02 am GMT Network is DOWN. Perform a reset
10-31  7:34:01 am GMT Network is DOWN. Perform a reset
10-31  7:35:01 am GMT Network is DOWN. Perform a reset
10-31  7:36:01 am GMT Network is DOWN. Perform a reset
10-31  7:37:01 am GMT Network is DOWN. Perform a reset
10-31  7:38:01 am GMT Network is DOWN. Perform a reset
10-31  7:39:01 am GMT Network is DOWN. Perform a reset
10-31  7:40:01 am GMT Network is DOWN. Perform a reset
10-31  7:41:01 am GMT Network is DOWN. Perform a reset
10-31  7:42:01 am GMT Network is DOWN. Perform a reset
10-31  7:43:02 am GMT Network is DOWN. Perform a reset
10-31  7:44:01 am GMT Network is DOWN. Perform a reset
10-31  7:45:01 am GMT Network is DOWN. Perform a reset
10-31  7:46:01 am GMT Network is DOWN. Perform a reset
10-31  7:47:01 am GMT Network is DOWN. Perform a reset
10-31  7:48:01 am GMT Network is DOWN. Perform a reset
10-31  7:49:01 am GMT Network is DOWN. Perform a reset
10-31  7:50:01 am GMT Network is DOWN. Perform a reset
10-31  7:51:01 am GMT Network is DOWN. Perform a reset
10-31  7:52:01 am GMT Network is DOWN. Perform a reset
10-31  7:53:02 am GMT Network is DOWN. Perform a reset
10-31  7:54:01 am GMT Network is DOWN. Perform a reset
10-31  7:55:01 am GMT Network is DOWN. Perform a reset
10-31  7:56:01 am GMT Network is DOWN. Perform a reset
10-31  7:57:01 am GMT Network is DOWN. Perform a reset
10-31  7:58:01 am GMT Network is DOWN. Perform a reset
10-31  7:59:01 am GMT Network is DOWN. Perform a reset
10-31  8:00:01 am GMT Network is DOWN. Perform a reset
10-31  8:01:01 am GMT Network is DOWN. Perform a reset
10-31  8:02:01 am GMT Network is DOWN. Perform a reset
10-31  8:03:01 am GMT Network is DOWN. Perform a reset
10-31  8:04:01 am GMT Network is DOWN. Perform a reset
10-31  8:05:01 am GMT Network is DOWN. Perform a reset
10-31  8:06:01 am GMT Network is DOWN. Perform a reset
10-31  8:07:01 am GMT Network is DOWN. Perform a reset
10-31  8:08:01 am GMT Network is DOWN. Perform a reset
10-31  8:09:01 am GMT Network is DOWN. Perform a reset
10-31  8:10:01 am GMT Network is DOWN. Perform a reset
10-31  8:11:01 am GMT Network is DOWN. Perform a reset
10-31  8:12:01 am GMT Network is DOWN. Perform a reset
10-31  8:13:01 am GMT Network is DOWN. Perform a reset
10-31  8:14:01 am GMT Network is DOWN. Perform a reset
10-31  8:15:01 am GMT Network is DOWN. Perform a reset
10-31  8:16:01 am GMT Network is DOWN. Perform a reset
10-31  8:17:01 am GMT Network is DOWN. Perform a reset
10-31  8:18:01 am GMT Network is DOWN. Perform a reset
10-31  8:19:01 am GMT Network is DOWN. Perform a reset
10-31  8:20:01 am GMT Network is DOWN. Perform a reset
10-31  8:21:01 am GMT Network is DOWN. Perform a reset
10-31  8:22:02 am GMT Network is DOWN. Perform a reset
10-31  8:23:01 am GMT Network is DOWN. Perform a reset
10-31  8:24:01 am GMT Network is DOWN. Perform a reset
10-31  8:25:01 am GMT Network is DOWN. Perform a reset
10-31  8:26:01 am GMT Network is DOWN. Perform a reset
10-31  8:27:01 am GMT Network is DOWN. Perform a reset
10-31  8:28:01 am GMT Network is DOWN. Perform a reset
10-31  8:29:01 am GMT Network is DOWN. Perform a reset
10-31  8:30:01 am GMT Network is DOWN. Perform a reset
10-31  8:31:01 am GMT Network is DOWN. Perform a reset
10-31  8:32:02 am GMT Network is DOWN. Perform a reset
10-31  8:33:01 am GMT Network is DOWN. Perform a reset
10-31  8:34:01 am GMT Network is DOWN. Perform a reset
10-31  8:35:01 am GMT Network is DOWN. Perform a reset
10-31  8:36:01 am GMT Network is DOWN. Perform a reset
10-31  8:37:01 am GMT Network is DOWN. Perform a reset
10-31  8:38:01 am GMT Network is DOWN. Perform a reset
10-31  8:39:01 am GMT Network is DOWN. Perform a reset
10-31  8:40:01 am GMT Network is DOWN. Perform a reset
10-31  8:41:01 am GMT Network is DOWN. Perform a reset
10-31  8:42:01 am GMT Network is DOWN. Perform a reset
10-31  8:43:02 am GMT Network is DOWN. Perform a reset
10-31  8:44:01 am GMT Network is DOWN. Perform a reset
10-31  8:45:01 am GMT Network is DOWN. Perform a reset
10-31  8:46:01 am GMT Network is DOWN. Perform a reset
10-31  8:47:01 am GMT Network is DOWN. Perform a reset
10-31  8:48:01 am GMT Network is DOWN. Perform a reset
10-31  8:49:01 am GMT Network is DOWN. Perform a reset
10-31  8:50:01 am GMT Network is DOWN. Perform a reset
10-31  8:51:01 am GMT Network is DOWN. Perform a reset
10-31  8:52:01 am GMT Network is DOWN. Perform a reset
10-31  8:53:01 am GMT Network is DOWN. Perform a reset
10-31  8:54:01 am GMT Network is DOWN. Perform a reset
10-31  8:55:01 am GMT Network is DOWN. Perform a reset
10-31  8:56:01 am GMT Network is DOWN. Perform a reset
10-31  8:57:01 am GMT Network is DOWN. Perform a reset
10-31  8:58:01 am GMT Network is DOWN. Perform a reset
10-31  8:59:01 am GMT Network is DOWN. Perform a reset
10-31  9:00:01 am GMT Network is DOWN. Perform a reset
10-31  9:01:01 am GMT Network is DOWN. Perform a reset
10-31  9:02:01 am GMT Network is DOWN. Perform a reset
10-31  9:03:01 am GMT Network is DOWN. Perform a reset
10-31  9:04:01 am GMT Network is DOWN. Perform a reset
10-31  9:05:01 am GMT Network is DOWN. Perform a reset
10-31  9:06:01 am GMT Network is DOWN. Perform a reset
10-31  9:07:01 am GMT Network is DOWN. Perform a reset
10-31  9:08:01 am GMT Network is DOWN. Perform a reset
10-31  9:09:01 am GMT Network is DOWN. Perform a reset
10-31  9:10:01 am GMT Network is DOWN. Perform a reset
10-31  9:11:01 am GMT Network is DOWN. Perform a reset
10-31  9:12:01 am GMT Network is DOWN. Perform a reset
10-31  9:13:01 am GMT Network is DOWN. Perform a reset
10-31  9:14:01 am GMT Network is DOWN. Perform a reset
10-31  9:15:01 am GMT Network is DOWN. Perform a reset
10-31  9:16:01 am GMT Network is DOWN. Perform a reset
10-31  9:17:01 am GMT Network is DOWN. Perform a reset
10-31  9:18:02 am GMT Network is DOWN. Perform a reset
10-31  9:19:01 am GMT Network is DOWN. Perform a reset
10-31  9:20:01 am GMT Network is DOWN. Perform a reset
10-31  9:21:01 am GMT Network is DOWN. Perform a reset
10-31  9:22:01 am GMT Network is DOWN. Perform a reset
10-31  9:23:01 am GMT Network is DOWN. Perform a reset
10-31  9:24:01 am GMT Network is DOWN. Perform a reset
10-31  9:25:01 am GMT Network is DOWN. Perform a reset
10-31  9:26:01 am GMT Network is DOWN. Perform a reset
10-31  9:27:01 am GMT Network is DOWN. Perform a reset
10-31  9:28:01 am GMT Network is DOWN. Perform a reset
10-31  9:29:01 am GMT Network is DOWN. Perform a reset
10-31  9:30:02 am GMT Network is DOWN. Perform a reset
10-31  9:31:01 am GMT Network is DOWN. Perform a reset
10-31  9:32:01 am GMT Network is DOWN. Perform a reset
10-31  9:33:01 am GMT Network is DOWN. Perform a reset
10-31  9:34:01 am GMT Network is DOWN. Perform a reset
10-31  9:35:01 am GMT Network is DOWN. Perform a reset
10-31  9:36:01 am GMT Network is DOWN. Perform a reset
10-31  9:37:01 am GMT Network is DOWN. Perform a reset
10-31  9:38:01 am GMT Network is DOWN. Perform a reset
10-31  9:39:01 am GMT Network is DOWN. Perform a reset
10-31  9:40:01 am GMT Network is DOWN. Perform a reset
10-31  9:41:01 am GMT Network is DOWN. Perform a reset
10-31  9:42:02 am GMT Network is DOWN. Perform a reset
10-31  9:43:01 am GMT Network is DOWN. Perform a reset
10-31  9:44:01 am GMT Network is DOWN. Perform a reset
10-31  9:45:01 am GMT Network is DOWN. Perform a reset
10-31  9:46:01 am GMT Network is DOWN. Perform a reset
10-31  9:47:01 am GMT Network is DOWN. Perform a reset
10-31  9:48:01 am GMT Network is DOWN. Perform a reset
10-31  9:49:01 am GMT Network is DOWN. Perform a reset
10-31  9:50:01 am GMT Network is DOWN. Perform a reset
10-31  9:51:01 am GMT Network is DOWN. Perform a reset
10-31  9:52:01 am GMT Network is DOWN. Perform a reset
10-31  9:53:01 am GMT Network is DOWN. Perform a reset
10-31  9:54:02 am GMT Network is DOWN. Perform a reset
10-31  9:55:01 am GMT Network is DOWN. Perform a reset
10-31  9:56:01 am GMT Network is DOWN. Perform a reset
10-31  9:57:01 am GMT Network is DOWN. Perform a reset
10-31  9:58:01 am GMT Network is DOWN. Perform a reset
10-31  9:59:01 am GMT Network is DOWN. Perform a reset
10-31 10:00:01 am GMT Network is DOWN. Perform a reset
10-31 10:01:01 am GMT Network is DOWN. Perform a reset
10-31 10:02:01 am GMT Network is DOWN. Perform a reset
10-31 10:03:01 am GMT Network is DOWN. Perform a reset
10-31 10:04:01 am GMT Network is DOWN. Perform a reset
10-31 10:05:01 am GMT Network is DOWN. Perform a reset
10-31 10:06:02 am GMT Network is DOWN. Perform a reset
10-31 10:07:01 am GMT Network is DOWN. Perform a reset
10-31 10:08:01 am GMT Network is DOWN. Perform a reset
10-31 10:09:01 am GMT Network is DOWN. Perform a reset
10-31 10:10:01 am GMT Network is DOWN. Perform a reset
10-31 10:11:01 am GMT Network is DOWN. Perform a reset
10-31 10:12:01 am GMT Network is DOWN. Perform a reset
10-31 10:13:01 am GMT Network is DOWN. Perform a reset
10-31 10:14:01 am GMT Network is DOWN. Perform a reset
10-31 10:15:01 am GMT Network is DOWN. Perform a reset
10-31 10:16:01 am GMT Network is DOWN. Perform a reset
10-31 10:17:01 am GMT Network is DOWN. Perform a reset
10-31 10:18:01 am GMT Network is DOWN. Perform a reset
10-31 10:19:01 am GMT Network is DOWN. Perform a reset
10-31 10:20:01 am GMT Network is DOWN. Perform a reset
10-31 10:21:01 am GMT Network is DOWN. Perform a reset
10-31 10:22:01 am GMT Network is DOWN. Perform a reset
10-31 10:23:01 am GMT Network is DOWN. Perform a reset
10-31 10:24:01 am GMT Network is DOWN. Perform a reset
10-31 10:25:01 am GMT Network is DOWN. Perform a reset
10-31 10:26:01 am GMT Network is DOWN. Perform a reset
10-31 10:27:01 am GMT Network is DOWN. Perform a reset
10-31 10:28:01 am GMT Network is DOWN. Perform a reset
10-31 10:29:01 am GMT Network is DOWN. Perform a reset
10-31 10:30:01 am GMT Network is DOWN. Perform a reset
10-31 10:31:01 am GMT Network is DOWN. Perform a reset
10-31 10:32:01 am GMT Network is DOWN. Perform a reset
10-31 10:33:01 am GMT Network is DOWN. Perform a reset
10-31 10:34:01 am GMT Network is DOWN. Perform a reset
10-31 10:35:01 am GMT Network is DOWN. Perform a reset
10-31 10:36:01 am GMT Network is DOWN. Perform a reset
10-31 10:37:01 am GMT Network is DOWN. Perform a reset
10-31 10:38:01 am GMT Network is DOWN. Perform a reset
10-31 10:39:01 am GMT Network is DOWN. Perform a reset
10-31 10:40:01 am GMT Network is DOWN. Perform a reset
10-31 10:41:02 am GMT Network is DOWN. Perform a reset
10-31 10:42:01 am GMT Network is DOWN. Perform a reset
10-31 10:43:01 am GMT Network is DOWN. Perform a reset
10-31 10:44:01 am GMT Network is DOWN. Perform a reset
10-31 10:45:01 am GMT Network is DOWN. Perform a reset
10-31 10:46:01 am GMT Network is DOWN. Perform a reset
10-31 10:47:01 am GMT Network is DOWN. Perform a reset
10-31 10:48:01 am GMT Network is DOWN. Perform a reset
10-31 10:49:01 am GMT Network is DOWN. Perform a reset
10-31 10:50:01 am GMT Network is DOWN. Perform a reset
10-31 10:51:01 am GMT Network is DOWN. Perform a reset
10-31 10:52:01 am GMT Network is DOWN. Perform a reset
10-31 10:53:02 am GMT Network is DOWN. Perform a reset
10-31 10:54:01 am GMT Network is DOWN. Perform a reset
10-31 10:55:01 am GMT Network is DOWN. Perform a reset
10-31 10:56:01 am GMT Network is DOWN. Perform a reset
10-31 10:57:01 am GMT Network is DOWN. Perform a reset
10-31 10:58:01 am GMT Network is DOWN. Perform a reset
10-31 10:59:01 am GMT Network is DOWN. Perform a reset
10-31 11:00:01 am GMT Network is DOWN. Perform a reset
10-31 11:01:01 am GMT Network is DOWN. Perform a reset
10-31 11:02:01 am GMT Network is DOWN. Perform a reset
10-31 11:03:01 am GMT Network is DOWN. Perform a reset
10-31 11:04:01 am GMT Network is DOWN. Perform a reset
10-31 11:05:01 am GMT Network is DOWN. Perform a reset
10-31 11:06:01 am GMT Network is DOWN. Perform a reset
10-31 11:07:01 am GMT Network is DOWN. Perform a reset
10-31 11:08:01 am GMT Network is DOWN. Perform a reset
10-31 11:09:01 am GMT Network is DOWN. Perform a reset
10-31 11:10:01 am GMT Network is DOWN. Perform a reset
10-31 11:11:01 am GMT Network is DOWN. Perform a reset
10-31 11:12:01 am GMT Network is DOWN. Perform a reset
10-31 11:13:01 am GMT Network is DOWN. Perform a reset
10-31 11:14:01 am GMT Network is DOWN. Perform a reset
10-31 11:15:01 am GMT Network is DOWN. Perform a reset
10-31 11:16:01 am GMT Network is DOWN. Perform a reset
10-31 11:17:01 am GMT Network is DOWN. Perform a reset
10-31 11:18:01 am GMT Network is DOWN. Perform a reset
10-31 11:19:01 am GMT Network is DOWN. Perform a reset
10-31 11:20:01 am GMT Network is DOWN. Perform a reset
10-31 11:21:01 am GMT Network is DOWN. Perform a reset
10-31 11:22:01 am GMT Network is DOWN. Perform a reset
10-31 11:23:01 am GMT Network is DOWN. Perform a reset
10-31 11:24:01 am GMT Network is DOWN. Perform a reset
10-31 11:25:01 am GMT Network is DOWN. Perform a reset
10-31 11:26:01 am GMT Network is DOWN. Perform a reset
10-31 11:27:01 am GMT Network is DOWN. Perform a reset
10-31 11:28:01 am GMT Network is DOWN. Perform a reset
10-31 11:29:01 am GMT Network is DOWN. Perform a reset
10-31 11:30:01 am GMT Network is DOWN. Perform a reset
10-31 11:31:01 am GMT Network is DOWN. Perform a reset
10-31 11:32:01 am GMT Network is DOWN. Perform a reset
10-31 11:33:01 am GMT Network is DOWN. Perform a reset
10-31 11:34:01 am GMT Network is DOWN. Perform a reset
10-31 11:35:01 am GMT Network is DOWN. Perform a reset
10-31 11:36:01 am GMT Network is DOWN. Perform a reset
10-31 11:37:01 am GMT Network is DOWN. Perform a reset
10-31 11:38:01 am GMT Network is DOWN. Perform a reset
10-31 11:39:01 am GMT Network is DOWN. Perform a reset
10-31 11:40:01 am GMT Network is DOWN. Perform a reset
10-31 11:41:01 am GMT Network is DOWN. Perform a reset
10-31 11:42:01 am GMT Network is DOWN. Perform a reset
10-31 11:43:01 am GMT Network is DOWN. Perform a reset
10-31 11:44:01 am GMT Network is DOWN. Perform a reset
10-31 11:45:01 am GMT Network is DOWN. Perform a reset
10-31 11:46:01 am GMT Network is DOWN. Perform a reset
10-31 11:47:01 am GMT Network is DOWN. Perform a reset
10-31 11:48:01 am GMT Network is DOWN. Perform a reset
10-31 11:49:01 am GMT Network is DOWN. Perform a reset
10-31 11:50:01 am GMT Network is DOWN. Perform a reset
10-31 11:51:01 am GMT Network is DOWN. Perform a reset
10-31 11:52:01 am GMT Network is DOWN. Perform a reset
10-31 11:53:01 am GMT Network is DOWN. Perform a reset
10-31 11:54:01 am GMT Network is DOWN. Perform a reset
10-31 11:55:01 am GMT Network is DOWN. Perform a reset
10-31 11:56:01 am GMT Network is DOWN. Perform a reset
10-31 11:57:01 am GMT Network is DOWN. Perform a reset
10-31 11:58:01 am GMT Network is DOWN. Perform a reset
10-31 11:59:01 am GMT Network is DOWN. Perform a reset
10-31 12:00:01 pm GMT Network is DOWN. Perform a reset
10-31 12:01:01 pm GMT Network is DOWN. Perform a reset
10-31 12:02:01 pm GMT Network is DOWN. Perform a reset
10-31 12:03:01 pm GMT Network is DOWN. Perform a reset
10-31 12:04:01 pm GMT Network is DOWN. Perform a reset
10-31 12:05:01 pm GMT Network is DOWN. Perform a reset
10-31 12:06:01 pm GMT Network is DOWN. Perform a reset
10-31 12:07:01 pm GMT Network is DOWN. Perform a reset
10-31 12:08:01 pm GMT Network is DOWN. Perform a reset
10-31 12:09:01 pm GMT Network is DOWN. Perform a reset
10-31 12:10:01 pm GMT Network is DOWN. Perform a reset
10-31 12:11:01 pm GMT Network is DOWN. Perform a reset
10-31 12:12:01 pm GMT Network is DOWN. Perform a reset
10-31 12:13:01 pm GMT Network is DOWN. Perform a reset
10-31 12:14:01 pm GMT Network is DOWN. Perform a reset
10-31 12:15:01 pm GMT Network is DOWN. Perform a reset
10-31 12:16:02 pm GMT Network is DOWN. Perform a reset
10-31 12:17:01 pm GMT Network is DOWN. Perform a reset
10-31 12:18:01 pm GMT Network is DOWN. Perform a reset
10-31 12:19:01 pm GMT Network is DOWN. Perform a reset
10-31 12:20:01 pm GMT Network is DOWN. Perform a reset
10-31 12:21:01 pm GMT Network is DOWN. Perform a reset
10-31 12:22:01 pm GMT Network is DOWN. Perform a reset
10-31 12:23:01 pm GMT Network is DOWN. Perform a reset
10-31 12:24:01 pm GMT Network is DOWN. Perform a reset
10-31 12:25:01 pm GMT Network is DOWN. Perform a reset
10-31 12:26:01 pm GMT Network is DOWN. Perform a reset
10-31 12:27:01 pm GMT Network is DOWN. Perform a reset
10-31 12:28:01 pm GMT Network is DOWN. Perform a reset
10-31 12:29:01 pm GMT Network is DOWN. Perform a reset
10-31 12:30:01 pm GMT Network is DOWN. Perform a reset
10-31 12:31:01 pm GMT Network is DOWN. Perform a reset
10-31 12:32:01 pm GMT Network is DOWN. Perform a reset
10-31 12:33:01 pm GMT Network is DOWN. Perform a reset
10-31 12:34:01 pm GMT Network is DOWN. Perform a reset
10-31 12:35:01 pm GMT Network is DOWN. Perform a reset
10-31 12:36:01 pm GMT Network is DOWN. Perform a reset
10-31 12:37:01 pm GMT Network is DOWN. Perform a reset
10-31 12:38:01 pm GMT Network is DOWN. Perform a reset
10-31 12:39:01 pm GMT Network is DOWN. Perform a reset
10-31 12:40:01 pm GMT Network is DOWN. Perform a reset
10-31 12:41:01 pm GMT Network is DOWN. Perform a reset
10-31 12:42:01 pm GMT Network is DOWN. Perform a reset
10-31 12:43:01 pm GMT Network is DOWN. Perform a reset
10-31 12:44:01 pm GMT Network is DOWN. Perform a reset
10-31 12:45:01 pm GMT Network is DOWN. Perform a reset
10-31 12:46:01 pm GMT Network is DOWN. Perform a reset
10-31 12:47:01 pm GMT Network is DOWN. Perform a reset
10-31 12:48:01 pm GMT Network is DOWN. Perform a reset
10-31 12:49:01 pm GMT Network is DOWN. Perform a reset
10-31 12:50:01 pm GMT Network is DOWN. Perform a reset
10-31 12:51:01 pm GMT Network is DOWN. Perform a reset
10-31 12:52:01 pm GMT Network is DOWN. Perform a reset
10-31 12:53:01 pm GMT Network is DOWN. Perform a reset
10-31 12:54:01 pm GMT Network is DOWN. Perform a reset
10-31 12:55:01 pm GMT Network is DOWN. Perform a reset
10-31 12:56:01 pm GMT Network is DOWN. Perform a reset
10-31 12:57:01 pm GMT Network is DOWN. Perform a reset
10-31 12:58:01 pm GMT Network is DOWN. Perform a reset
10-31 12:59:01 pm GMT Network is DOWN. Perform a reset
10-31  1:00:01 pm GMT Network is DOWN. Perform a reset
10-31  1:01:01 pm GMT Network is DOWN. Perform a reset
10-31  1:02:01 pm GMT Network is DOWN. Perform a reset
10-31  1:03:01 pm GMT Network is DOWN. Perform a reset
10-31  1:04:01 pm GMT Network is DOWN. Perform a reset
10-31  1:05:01 pm GMT Network is DOWN. Perform a reset
10-31  1:06:01 pm GMT Network is DOWN. Perform a reset
10-31  1:07:01 pm GMT Network is DOWN. Perform a reset
10-31  1:08:01 pm GMT Network is DOWN. Perform a reset
10-31  1:09:01 pm GMT Network is DOWN. Perform a reset
10-31  1:10:01 pm GMT Network is DOWN. Perform a reset
10-31  1:11:01 pm GMT Network is DOWN. Perform a reset
10-31  1:12:01 pm GMT Network is DOWN. Perform a reset
10-31  1:13:01 pm GMT Network is DOWN. Perform a reset
10-31  1:14:01 pm GMT Network is DOWN. Perform a reset
10-31  1:15:01 pm GMT Network is DOWN. Perform a reset
10-31  1:16:01 pm GMT Network is DOWN. Perform a reset
10-31  1:17:01 pm GMT Network is DOWN. Perform a reset
10-31  1:18:01 pm GMT Network is DOWN. Perform a reset
10-31  1:19:01 pm GMT Network is DOWN. Perform a reset
10-31  1:20:01 pm GMT Network is DOWN. Perform a reset
10-31  1:21:01 pm GMT Network is DOWN. Perform a reset
10-31  1:22:01 pm GMT Network is DOWN. Perform a reset
10-31  1:23:01 pm GMT Network is DOWN. Perform a reset
10-31  1:24:01 pm GMT Network is DOWN. Perform a reset
10-31  1:25:01 pm GMT Network is DOWN. Perform a reset
10-31  1:26:01 pm GMT Network is DOWN. Perform a reset
10-31  1:27:01 pm GMT Network is DOWN. Perform a reset
10-31  1:28:02 pm GMT Network is DOWN. Perform a reset
10-31  1:29:01 pm GMT Network is DOWN. Perform a reset
10-31  1:30:01 pm GMT Network is DOWN. Perform a reset
10-31  1:31:01 pm GMT Network is DOWN. Perform a reset
10-31  1:32:01 pm GMT Network is DOWN. Perform a reset
10-31  1:33:01 pm GMT Network is DOWN. Perform a reset
10-31  1:34:01 pm GMT Network is DOWN. Perform a reset
10-31  1:35:01 pm GMT Network is DOWN. Perform a reset
10-31  1:36:01 pm GMT Network is DOWN. Perform a reset
10-31  1:37:01 pm GMT Network is DOWN. Perform a reset
10-31  1:38:01 pm GMT Network is DOWN. Perform a reset
10-31  1:39:01 pm GMT Network is DOWN. Perform a reset
10-31  1:40:01 pm GMT Network is DOWN. Perform a reset
10-31  1:41:01 pm GMT Network is DOWN. Perform a reset
10-31  1:42:01 pm GMT Network is DOWN. Perform a reset
10-31  1:43:01 pm GMT Network is DOWN. Perform a reset
10-31  1:44:01 pm GMT Network is DOWN. Perform a reset
10-31  1:45:01 pm GMT Network is DOWN. Perform a reset
10-31  1:46:01 pm GMT Network is DOWN. Perform a reset
10-31  1:47:01 pm GMT Network is DOWN. Perform a reset
10-31  1:48:01 pm GMT Network is DOWN. Perform a reset
10-31  1:49:01 pm GMT Network is DOWN. Perform a reset
10-31  1:50:01 pm GMT Network is DOWN. Perform a reset
10-31  1:51:01 pm GMT Network is DOWN. Perform a reset
10-31  1:52:01 pm GMT Network is DOWN. Perform a reset
10-31  1:53:01 pm GMT Network is DOWN. Perform a reset
10-31  1:54:01 pm GMT Network is DOWN. Perform a reset
10-31  1:55:01 pm GMT Network is DOWN. Perform a reset
10-31  1:56:01 pm GMT Network is DOWN. Perform a reset
10-31  1:57:01 pm GMT Network is DOWN. Perform a reset
10-31  1:58:01 pm GMT Network is DOWN. Perform a reset
10-31  1:59:01 pm GMT Network is DOWN. Perform a reset
10-31  2:00:01 pm GMT Network is DOWN. Perform a reset
10-31  2:01:01 pm GMT Network is DOWN. Perform a reset
10-31  2:02:01 pm GMT Network is DOWN. Perform a reset
10-31  2:03:02 pm GMT Network is DOWN. Perform a reset
10-31  2:04:01 pm GMT Network is DOWN. Perform a reset
10-31  2:05:01 pm GMT Network is DOWN. Perform a reset
10-31  2:06:01 pm GMT Network is DOWN. Perform a reset
10-31  2:07:01 pm GMT Network is DOWN. Perform a reset
10-31  2:08:01 pm GMT Network is DOWN. Perform a reset
10-31  2:09:01 pm GMT Network is DOWN. Perform a reset
10-31  2:10:01 pm GMT Network is DOWN. Perform a reset
10-31  2:11:01 pm GMT Network is DOWN. Perform a reset
10-31  2:12:01 pm GMT Network is DOWN. Perform a reset
10-31  2:13:01 pm GMT Network is DOWN. Perform a reset
10-31  2:14:01 pm GMT Network is DOWN. Perform a reset
10-31  2:15:02 pm GMT Network is DOWN. Perform a reset
10-31  2:16:01 pm GMT Network is DOWN. Perform a reset
10-31  2:17:01 pm GMT Network is DOWN. Perform a reset
10-31  2:18:01 pm GMT Network is DOWN. Perform a reset
10-31  2:19:01 pm GMT Network is DOWN. Perform a reset
10-31  2:20:01 pm GMT Network is DOWN. Perform a reset
10-31  2:21:01 pm GMT Network is DOWN. Perform a reset
10-31  2:22:01 pm GMT Network is DOWN. Perform a reset
10-31  2:23:01 pm GMT Network is DOWN. Perform a reset
10-31  2:24:01 pm GMT Network is DOWN. Perform a reset
10-31  2:25:01 pm GMT Network is DOWN. Perform a reset
10-31  2:26:01 pm GMT Network is DOWN. Perform a reset
10-31  2:27:01 pm GMT Network is DOWN. Perform a reset
10-31  2:28:01 pm GMT Network is DOWN. Perform a reset
10-31  2:29:01 pm GMT Network is DOWN. Perform a reset
10-31  2:30:01 pm GMT Network is DOWN. Perform a reset
10-31  2:31:01 pm GMT Network is DOWN. Perform a reset
10-31  2:32:01 pm GMT Network is DOWN. Perform a reset
10-31  2:33:01 pm GMT Network is DOWN. Perform a reset
10-31  2:34:01 pm GMT Network is DOWN. Perform a reset
10-31  2:35:01 pm GMT Network is DOWN. Perform a reset
10-31  2:36:01 pm GMT Network is DOWN. Perform a reset
10-31  2:37:01 pm GMT Network is DOWN. Perform a reset
10-31  2:38:02 pm GMT Network is DOWN. Perform a reset
10-31  2:39:01 pm GMT Network is DOWN. Perform a reset
10-31  2:40:01 pm GMT Network is DOWN. Perform a reset
10-31  2:41:01 pm GMT Network is DOWN. Perform a reset
10-31  2:42:01 pm GMT Network is DOWN. Perform a reset
10-31  2:43:01 pm GMT Network is DOWN. Perform a reset
10-31  2:44:01 pm GMT Network is DOWN. Perform a reset
10-31  2:45:01 pm GMT Network is DOWN. Perform a reset
10-31  2:46:01 pm GMT Network is DOWN. Perform a reset
10-31  2:47:01 pm GMT Network is DOWN. Perform a reset
10-31  2:48:01 pm GMT Network is DOWN. Perform a reset
10-31  2:49:01 pm GMT Network is DOWN. Perform a reset
10-31  2:50:02 pm GMT Network is DOWN. Perform a reset
10-31  2:51:01 pm GMT Network is DOWN. Perform a reset
10-31  2:52:01 pm GMT Network is DOWN. Perform a reset
10-31  2:53:01 pm GMT Network is DOWN. Perform a reset
10-31  2:54:01 pm GMT Network is DOWN. Perform a reset
10-31  2:55:01 pm GMT Network is DOWN. Perform a reset
10-31  2:56:01 pm GMT Network is DOWN. Perform a reset
10-31  2:57:01 pm GMT Network is DOWN. Perform a reset
10-31  2:58:01 pm GMT Network is DOWN. Perform a reset
10-31  2:59:01 pm GMT Network is DOWN. Perform a reset
10-31  3:00:01 pm GMT Network is DOWN. Perform a reset
10-31  3:01:01 pm GMT Network is DOWN. Perform a reset
10-31  3:02:01 pm GMT Network is DOWN. Perform a reset
10-31  3:03:01 pm GMT Network is DOWN. Perform a reset
10-31  3:04:01 pm GMT Network is DOWN. Perform a reset
10-31  3:05:01 pm GMT Network is DOWN. Perform a reset
10-31  3:06:01 pm GMT Network is DOWN. Perform a reset
10-31  3:07:01 pm GMT Network is DOWN. Perform a reset
10-31  3:08:01 pm GMT Network is DOWN. Perform a reset
10-31  3:09:01 pm GMT Network is DOWN. Perform a reset
10-31  3:10:01 pm GMT Network is DOWN. Perform a reset
10-31  3:11:01 pm GMT Network is DOWN. Perform a reset
10-31  3:12:01 pm GMT Network is DOWN. Perform a reset
10-31  3:13:01 pm GMT Network is DOWN. Perform a reset
10-31  3:14:01 pm GMT Network is DOWN. Perform a reset
10-31  3:15:01 pm GMT Network is DOWN. Perform a reset
10-31  3:16:01 pm GMT Network is DOWN. Perform a reset
10-31  3:17:01 pm GMT Network is DOWN. Perform a reset
10-31  3:18:01 pm GMT Network is DOWN. Perform a reset
10-31  3:19:01 pm GMT Network is DOWN. Perform a reset
10-31  3:20:01 pm GMT Network is DOWN. Perform a reset
10-31  3:21:01 pm GMT Network is DOWN. Perform a reset
10-31  3:22:01 pm GMT Network is DOWN. Perform a reset
10-31  3:23:01 pm GMT Network is DOWN. Perform a reset
10-31  3:24:01 pm GMT Network is DOWN. Perform a reset
10-31  3:25:01 pm GMT Network is DOWN. Perform a reset
10-31  3:26:01 pm GMT Network is DOWN. Perform a reset
10-31  3:27:01 pm GMT Network is DOWN. Perform a reset
10-31  3:28:01 pm GMT Network is DOWN. Perform a reset
10-31  3:29:01 pm GMT Network is DOWN. Perform a reset
10-31  3:30:01 pm GMT Network is DOWN. Perform a reset
10-31  3:31:01 pm GMT Network is DOWN. Perform a reset
10-31  3:32:01 pm GMT Network is DOWN. Perform a reset
10-31  3:33:01 pm GMT Network is DOWN. Perform a reset
10-31  3:34:01 pm GMT Network is DOWN. Perform a reset
10-31  3:35:01 pm GMT Network is DOWN. Perform a reset
10-31  3:36:01 pm GMT Network is DOWN. Perform a reset
10-31  3:37:02 pm GMT Network is DOWN. Perform a reset
10-31  3:38:01 pm GMT Network is DOWN. Perform a reset
10-31  3:39:01 pm GMT Network is DOWN. Perform a reset
10-31  3:40:01 pm GMT Network is DOWN. Perform a reset
10-31  3:41:01 pm GMT Network is DOWN. Perform a reset
10-31  3:42:01 pm GMT Network is DOWN. Perform a reset
10-31  3:43:01 pm GMT Network is DOWN. Perform a reset
10-31  3:44:01 pm GMT Network is DOWN. Perform a reset
10-31  3:45:01 pm GMT Network is DOWN. Perform a reset
10-31  3:46:01 pm GMT Network is DOWN. Perform a reset
10-31  3:47:01 pm GMT Network is DOWN. Perform a reset
10-31  3:48:01 pm GMT Network is DOWN. Perform a reset
10-31  3:49:01 pm GMT Network is DOWN. Perform a reset
10-31  3:50:01 pm GMT Network is DOWN. Perform a reset
10-31  3:51:01 pm GMT Network is DOWN. Perform a reset
10-31  3:52:01 pm GMT Network is DOWN. Perform a reset
10-31  3:53:01 pm GMT Network is DOWN. Perform a reset
10-31  3:54:01 pm GMT Network is DOWN. Perform a reset
10-31  3:55:01 pm GMT Network is DOWN. Perform a reset
10-31  3:56:01 pm GMT Network is DOWN. Perform a reset
10-31  3:57:01 pm GMT Network is DOWN. Perform a reset
10-31  3:58:01 pm GMT Network is DOWN. Perform a reset
10-31  3:59:01 pm GMT Network is DOWN. Perform a reset
10-31  4:00:01 pm GMT Network is DOWN. Perform a reset
10-31  4:01:01 pm GMT Network is DOWN. Perform a reset
10-31  4:02:01 pm GMT Network is DOWN. Perform a reset
10-31  4:03:01 pm GMT Network is DOWN. Perform a reset
10-31  4:04:01 pm GMT Network is DOWN. Perform a reset
10-31  4:05:01 pm GMT Network is DOWN. Perform a reset
10-31  4:06:01 pm GMT Network is DOWN. Perform a reset
10-31  4:07:01 pm GMT Network is DOWN. Perform a reset
10-31  4:08:01 pm GMT Network is DOWN. Perform a reset
10-31  4:09:01 pm GMT Network is DOWN. Perform a reset
10-31  4:10:01 pm GMT Network is DOWN. Perform a reset
10-31  4:11:01 pm GMT Network is DOWN. Perform a reset
10-31  4:12:01 pm GMT Network is DOWN. Perform a reset
10-31  4:13:01 pm GMT Network is DOWN. Perform a reset
10-31  4:14:01 pm GMT Network is DOWN. Perform a reset
10-31  4:15:01 pm GMT Network is DOWN. Perform a reset
10-31  4:16:01 pm GMT Network is DOWN. Perform a reset
10-31  4:17:01 pm GMT Network is DOWN. Perform a reset
10-31  4:18:01 pm GMT Network is DOWN. Perform a reset
10-31  4:19:01 pm GMT Network is DOWN. Perform a reset
10-31  4:20:01 pm GMT Network is DOWN. Perform a reset
10-31  4:21:01 pm GMT Network is DOWN. Perform a reset
10-31  4:22:01 pm GMT Network is DOWN. Perform a reset
10-31  4:23:01 pm GMT Network is DOWN. Perform a reset
10-31  4:24:02 pm GMT Network is DOWN. Perform a reset
10-31  4:25:01 pm GMT Network is DOWN. Perform a reset
10-31  4:26:01 pm GMT Network is DOWN. Perform a reset
10-31  4:27:01 pm GMT Network is DOWN. Perform a reset
10-31  4:28:01 pm GMT Network is DOWN. Perform a reset
10-31  4:29:01 pm GMT Network is DOWN. Perform a reset
10-31  4:30:01 pm GMT Network is DOWN. Perform a reset
10-31  4:31:01 pm GMT Network is DOWN. Perform a reset
10-31  4:32:01 pm GMT Network is DOWN. Perform a reset
10-31  4:33:01 pm GMT Network is DOWN. Perform a reset
10-31  4:34:01 pm GMT Network is DOWN. Perform a reset
10-31  4:35:01 pm GMT Network is DOWN. Perform a reset
10-31  4:36:01 pm GMT Network is DOWN. Perform a reset
10-31  4:37:01 pm GMT Network is DOWN. Perform a reset
10-31  4:38:01 pm GMT Network is DOWN. Perform a reset
10-31  4:39:01 pm GMT Network is DOWN. Perform a reset
10-31  4:40:01 pm GMT Network is DOWN. Perform a reset
10-31  4:41:01 pm GMT Network is DOWN. Perform a reset
10-31  4:42:01 pm GMT Network is DOWN. Perform a reset
10-31  4:43:01 pm GMT Network is DOWN. Perform a reset
10-31  4:44:01 pm GMT Network is DOWN. Perform a reset
10-31  4:45:01 pm GMT Network is DOWN. Perform a reset
10-31  4:46:01 pm GMT Network is DOWN. Perform a reset
10-31  4:47:01 pm GMT Network is DOWN. Perform a reset
10-31  4:48:01 pm GMT Network is DOWN. Perform a reset
10-31  4:49:01 pm GMT Network is DOWN. Perform a reset
10-31  4:50:01 pm GMT Network is DOWN. Perform a reset
10-31  4:51:01 pm GMT Network is DOWN. Perform a reset
10-31  4:52:01 pm GMT Network is DOWN. Perform a reset
10-31  4:53:01 pm GMT Network is DOWN. Perform a reset
10-31  4:54:01 pm GMT Network is DOWN. Perform a reset
10-31  4:55:01 pm GMT Network is DOWN. Perform a reset
10-31  4:56:01 pm GMT Network is DOWN. Perform a reset
10-31  4:57:01 pm GMT Network is DOWN. Perform a reset
10-31  4:58:01 pm GMT Network is DOWN. Perform a reset
10-31  4:59:02 pm GMT Network is DOWN. Perform a reset
10-31  5:00:01 pm GMT Network is DOWN. Perform a reset
10-31  5:01:01 pm GMT Network is DOWN. Perform a reset
10-31  5:02:01 pm GMT Network is DOWN. Perform a reset
10-31  5:03:01 pm GMT Network is DOWN. Perform a reset
10-31  5:04:01 pm GMT Network is DOWN. Perform a reset
10-31  5:05:01 pm GMT Network is DOWN. Perform a reset
10-31  5:06:01 pm GMT Network is DOWN. Perform a reset
10-31  5:07:01 pm GMT Network is DOWN. Perform a reset
10-31  5:08:01 pm GMT Network is DOWN. Perform a reset
10-31  5:09:01 pm GMT Network is DOWN. Perform a reset
10-31  5:10:01 pm GMT Network is DOWN. Perform a reset
10-31  5:11:01 pm GMT Network is DOWN. Perform a reset
10-31  5:12:01 pm GMT Network is DOWN. Perform a reset
10-31  5:13:01 pm GMT Network is DOWN. Perform a reset
10-31  5:14:01 pm GMT Network is DOWN. Perform a reset
10-31  5:15:01 pm GMT Network is DOWN. Perform a reset
10-31  5:16:01 pm GMT Network is DOWN. Perform a reset
10-31  5:17:01 pm GMT Network is DOWN. Perform a reset
10-31  5:18:01 pm GMT Network is DOWN. Perform a reset
10-31  5:19:01 pm GMT Network is DOWN. Perform a reset
10-31  5:20:01 pm GMT Network is DOWN. Perform a reset
10-31  5:21:01 pm GMT Network is DOWN. Perform a reset
10-31  5:22:02 pm GMT Network is DOWN. Perform a reset
10-31  5:23:01 pm GMT Network is DOWN. Perform a reset
10-31  5:24:01 pm GMT Network is DOWN. Perform a reset
10-31  5:25:01 pm GMT Network is DOWN. Perform a reset
10-31  5:26:01 pm GMT Network is DOWN. Perform a reset
10-31  5:27:01 pm GMT Network is DOWN. Perform a reset
10-31  5:28:01 pm GMT Network is DOWN. Perform a reset
10-31  5:29:01 pm GMT Network is DOWN. Perform a reset
10-31  5:30:01 pm GMT Network is DOWN. Perform a reset
10-31  5:31:01 pm GMT Network is DOWN. Perform a reset
10-31  5:32:01 pm GMT Network is DOWN. Perform a reset
10-31  5:33:01 pm GMT Network is DOWN. Perform a reset
10-31  5:34:01 pm GMT Network is DOWN. Perform a reset
10-31  5:35:01 pm GMT Network is DOWN. Perform a reset
10-31  5:36:01 pm GMT Network is DOWN. Perform a reset
10-31  5:37:01 pm GMT Network is DOWN. Perform a reset
10-31  5:38:01 pm GMT Network is DOWN. Perform a reset
10-31  5:39:01 pm GMT Network is DOWN. Perform a reset
10-31  5:40:01 pm GMT Network is DOWN. Perform a reset
10-31  5:41:01 pm GMT Network is DOWN. Perform a reset
10-31  5:42:01 pm GMT Network is DOWN. Perform a reset
10-31  5:43:01 pm GMT Network is DOWN. Perform a reset
10-31  5:44:01 pm GMT Network is DOWN. Perform a reset
10-31  5:45:01 pm GMT Network is DOWN. Perform a reset
10-31  5:46:01 pm GMT Network is DOWN. Perform a reset
10-31  5:47:01 pm GMT Network is DOWN. Perform a reset
10-31  5:48:01 pm GMT Network is DOWN. Perform a reset
10-31  5:49:01 pm GMT Network is DOWN. Perform a reset
10-31  5:50:01 pm GMT Network is DOWN. Perform a reset
10-31  5:51:01 pm GMT Network is DOWN. Perform a reset
10-31  5:52:01 pm GMT Network is DOWN. Perform a reset
10-31  5:53:01 pm GMT Network is DOWN. Perform a reset
10-31  5:54:01 pm GMT Network is DOWN. Perform a reset
10-31  5:55:01 pm GMT Network is DOWN. Perform a reset
10-31  5:56:01 pm GMT Network is DOWN. Perform a reset
10-31  5:57:01 pm GMT Network is DOWN. Perform a reset
10-31  5:58:01 pm GMT Network is DOWN. Perform a reset
10-31  5:59:01 pm GMT Network is DOWN. Perform a reset
10-31  6:00:01 pm GMT Network is DOWN. Perform a reset
10-31  6:01:01 pm GMT Network is DOWN. Perform a reset
10-31  6:02:01 pm GMT Network is DOWN. Perform a reset
10-31  6:03:01 pm GMT Network is DOWN. Perform a reset
10-31  6:04:01 pm GMT Network is DOWN. Perform a reset
10-31  6:05:01 pm GMT Network is DOWN. Perform a reset
10-31  6:06:01 pm GMT Network is DOWN. Perform a reset
10-31  6:07:01 pm GMT Network is DOWN. Perform a reset
10-31  6:08:01 pm GMT Network is DOWN. Perform a reset
10-31  6:09:46 pm GMT Network is UP. Just exit the program.
10-31  6:10:02 pm GMT Network is UP. Just exit the program.
10-31  6:11:01 pm GMT Network is UP. Just exit the program.
10-31  6:12:01 pm GMT Network is UP. Just exit the program.
10-31  6:13:01 pm GMT Network is UP. Just exit the program.
10-31  6:14:01 pm GMT Network is UP. Just exit the program.
10-31  6:15:01 pm GMT Network is UP. Just exit the program.
10-31  6:16:01 pm GMT Network is UP. Just exit the program.
10-31  6:17:01 pm GMT Network is UP. Just exit the program.
10-31  6:18:01 pm GMT Network is UP. Just exit the program.
10-31  6:19:01 pm GMT Network is UP. Just exit the program.
10-31  6:20:01 pm GMT Network is UP. Just exit the program.
10-31  6:21:01 pm GMT Network is UP. Just exit the program.
10-31  6:22:01 pm GMT Network is UP. Just exit the program.
10-31  6:46:47 pm GMT Network is UP. Just exit the program.
10-31  6:47:01 pm GMT Network is UP. Just exit the program.
10-31  6:48:01 pm GMT Network is UP. Just exit the program.
10-31  6:49:01 pm GMT Network is UP. Just exit the program.
10-31  6:50:01 pm GMT Network is UP. Just exit the program.
10-31  6:51:01 pm GMT Network is UP. Just exit the program.
10-31  6:52:01 pm GMT Network is UP. Just exit the program.
10-31  6:53:01 pm GMT Network is UP. Just exit the program.
10-31  6:54:01 pm GMT Network is UP. Just exit the program.
10-31  6:55:01 pm GMT Network is UP. Just exit the program.
10-31  6:56:01 pm GMT Network is UP. Just exit the program.
10-31  6:57:01 pm GMT Network is UP. Just exit the program.
10-31  6:58:01 pm GMT Network is UP. Just exit the program.
10-31  6:59:01 pm GMT Network is UP. Just exit the program.
10-31  7:00:01 pm GMT Network is UP. Just exit the program.
10-31  7:01:02 pm GMT Network is UP. Just exit the program.
10-31  7:02:01 pm GMT Network is UP. Just exit the program.
10-31  7:03:01 pm GMT Network is UP. Just exit the program.
10-31  7:04:01 pm GMT Network is UP. Just exit the program.
10-31  7:05:01 pm GMT Network is UP. Just exit the program.
10-31  7:06:01 pm GMT Network is UP. Just exit the program.
10-31  7:07:01 pm GMT Network is UP. Just exit the program.
10-31  7:08:01 pm GMT Network is UP. Just exit the program.
10-31  7:09:01 pm GMT Network is UP. Just exit the program.
10-31  7:10:01 pm GMT Network is UP. Just exit the program.
10-31  7:11:01 pm GMT Network is UP. Just exit the program.
10-31  7:12:01 pm GMT Network is UP. Just exit the program.
10-31  7:13:01 pm GMT Network is UP. Just exit the program.
10-31  7:14:01 pm GMT Network is UP. Just exit the program.
10-31  7:15:01 pm GMT Network is UP. Just exit the program.
10-31  7:16:01 pm GMT Network is UP. Just exit the program.
10-31  7:17:01 pm GMT Network is UP. Just exit the program.
10-31  7:18:01 pm GMT Network is UP. Just exit the program.
10-31  7:19:01 pm GMT Network is UP. Just exit the program.
10-31  7:20:01 pm GMT Network is UP. Just exit the program.
10-31  7:21:01 pm GMT Network is UP. Just exit the program.
10-31  7:22:01 pm GMT Network is UP. Just exit the program.
10-31  7:23:01 pm GMT Network is UP. Just exit the program.
10-31  7:24:01 pm GMT Network is UP. Just exit the program.
10-31  7:25:01 pm GMT Network is UP. Just exit the program.
10-31  7:26:01 pm GMT Network is UP. Just exit the program.
10-31  7:27:01 pm GMT Network is UP. Just exit the program.
10-31  7:44:34 pm GMT Network is UP. Just exit the program.
10-31  7:45:01 pm GMT Network is UP. Just exit the program.
10-31  7:46:01 pm GMT Network is UP. Just exit the program.
10-31  7:47:01 pm GMT Network is UP. Just exit the program.
10-31  7:48:01 pm GMT Network is UP. Just exit the program.
10-31  7:49:01 pm GMT Network is UP. Just exit the program.
10-31  7:50:01 pm GMT Network is UP. Just exit the program.
10-31  7:51:01 pm GMT Network is UP. Just exit the program.
10-31  7:52:01 pm GMT Network is UP. Just exit the program.
10-31  7:53:01 pm GMT Network is UP. Just exit the program.
10-31  7:54:01 pm GMT Network is UP. Just exit the program.
10-31  7:55:01 pm GMT Network is UP. Just exit the program.
10-31  7:56:01 pm GMT Network is UP. Just exit the program.
10-31  7:57:01 pm GMT Network is UP. Just exit the program.
10-31  7:58:01 pm GMT Network is UP. Just exit the program.
10-31  7:59:02 pm GMT Network is UP. Just exit the program.
10-31  8:00:01 pm GMT Network is UP. Just exit the program.
10-31  8:01:01 pm GMT Network is UP. Just exit the program.
10-31  8:02:01 pm GMT Network is UP. Just exit the program.
10-31  8:03:01 pm GMT Network is UP. Just exit the program.
10-31  8:13:18 pm GMT Network is UP. Just exit the program.
10-31  8:14:01 pm GMT Network is UP. Just exit the program.
10-31  8:15:01 pm GMT Network is UP. Just exit the program.
10-31  8:16:01 pm GMT Network is UP. Just exit the program.
10-31  8:17:02 pm GMT Network is DOWN. Perform a reset
10-31  8:18:01 pm GMT Network is UP. Just exit the program.
10-31  8:19:01 pm GMT Network is DOWN. Perform a reset
10-31  8:20:01 pm GMT Network is DOWN. Perform a reset
10-31  8:21:02 pm GMT Network is DOWN. Perform a reset
10-31  8:22:01 pm GMT Network is DOWN. Perform a reset
10-31  8:23:01 pm GMT Network is DOWN. Perform a reset
10-31  8:24:01 pm GMT Network is DOWN. Perform a reset
10-31  8:25:01 pm GMT Network is DOWN. Perform a reset
10-31  8:26:01 pm GMT Network is DOWN. Perform a reset
10-31  8:28:16 pm GMT Network is UP. Just exit the program.
10-31  8:29:01 pm GMT Network is UP. Just exit the program.
10-31  8:30:01 pm GMT Network is UP. Just exit the program.
10-31  8:31:01 pm GMT Network is UP. Just exit the program.
10-31  8:32:01 pm GMT Network is UP. Just exit the program.
10-31  8:34:15 pm GMT Network is UP. Just exit the program.
10-31  8:34:15 pm GMT Network is UP. Just exit the program.
10-31  8:35:01 pm GMT Network is DOWN. Perform a reset
10-31  8:36:01 pm GMT Network is DOWN. Perform a reset
10-31  8:34:01 pm GMT Network is UP. Just exit the program.
10-31  8:38:44 pm GMT Network is UP. Just exit the program.
10-31  8:38:44 pm GMT Network is UP. Just exit the program.
10-31  8:38:44 pm GMT Network is UP. Just exit the program.
10-31  8:38:44 pm GMT Network is UP. Just exit the program.
10-31  8:39:01 pm GMT Network is UP. Just exit the program.
10-31  8:40:01 pm GMT Network is UP. Just exit the program.
10-31  8:41:01 pm GMT Network is UP. Just exit the program.
10-31  8:42:01 pm GMT Network is UP. Just exit the program.
10-31  8:43:01 pm GMT Network is UP. Just exit the program.
10-31  8:44:01 pm GMT Network is UP. Just exit the program.
10-31  8:45:01 pm GMT Network is UP. Just exit the program.
10-31  8:46:02 pm GMT Network is UP. Just exit the program.
10-31  8:47:01 pm GMT Network is UP. Just exit the program.
10-31  8:48:01 pm GMT Network is UP. Just exit the program.
10-31  8:49:01 pm GMT Network is UP. Just exit the program.
10-31  8:50:01 pm GMT Network is UP. Just exit the program.
10-31  8:51:01 pm GMT Network is UP. Just exit the program.
10-31  8:52:01 pm GMT Network is UP. Just exit the program.
10-31  8:53:01 pm GMT Network is UP. Just exit the program.
10-31  8:54:01 pm GMT Network is UP. Just exit the program.
10-31  8:55:01 pm GMT Network is UP. Just exit the program.
10-31  8:56:01 pm GMT Network is UP. Just exit the program.
10-31  8:57:02 pm GMT Network is UP. Just exit the program.
10-31  8:58:01 pm GMT Network is UP. Just exit the program.
10-31  8:59:01 pm GMT Network is UP. Just exit the program.
10-31  9:00:01 pm GMT Network is UP. Just exit the program.
10-31  9:01:01 pm GMT Network is UP. Just exit the program.
10-31  9:02:01 pm GMT Network is UP. Just exit the program.
10-31  9:03:01 pm GMT Network is UP. Just exit the program.
10-31  9:04:01 pm GMT Network is UP. Just exit the program.
10-31  9:05:01 pm GMT Network is UP. Just exit the program.
10-31  9:06:01 pm GMT Network is UP. Just exit the program.
10-31  9:07:01 pm GMT Network is UP. Just exit the program.
10-31  9:08:01 pm GMT Network is UP. Just exit the program.
10-31  9:09:01 pm GMT Network is UP. Just exit the program.
10-31  9:10:01 pm GMT Network is UP. Just exit the program.
10-31  9:11:01 pm GMT Network is UP. Just exit the program.
10-31  9:12:01 pm GMT Network is UP. Just exit the program.
10-31  9:13:01 pm GMT Network is UP. Just exit the program.
10-31  9:14:01 pm GMT Network is UP. Just exit the program.
10-31  9:15:01 pm GMT Network is UP. Just exit the program.
10-31  9:16:01 pm GMT Network is UP. Just exit the program.
10-31  9:17:01 pm GMT Network is UP. Just exit the program.
10-31  9:18:02 pm GMT Network is UP. Just exit the program.
10-31  9:19:01 pm GMT Network is UP. Just exit the program.
10-31  9:20:01 pm GMT Network is UP. Just exit the program.
10-31  9:21:01 pm GMT Network is UP. Just exit the program.
10-31  9:22:01 pm GMT Network is UP. Just exit the program.
10-31  9:23:01 pm GMT Network is UP. Just exit the program.
10-31  9:24:01 pm GMT Network is UP. Just exit the program.
10-31  9:25:01 pm GMT Network is UP. Just exit the program.
10-31  9:26:01 pm GMT Network is UP. Just exit the program.
10-31  9:27:01 pm GMT Network is UP. Just exit the program.
10-31  9:28:01 pm GMT Network is UP. Just exit the program.
10-31  9:29:01 pm GMT Network is UP. Just exit the program.
10-31  9:30:01 pm GMT Network is UP. Just exit the program.
10-31  9:31:01 pm GMT Network is UP. Just exit the program.
10-31  9:32:01 pm GMT Network is UP. Just exit the program.
10-31  9:33:01 pm GMT Network is UP. Just exit the program.
10-31  9:34:01 pm GMT Network is UP. Just exit the program.
10-31  9:35:01 pm GMT Network is UP. Just exit the program.
10-31  9:36:01 pm GMT Network is UP. Just exit the program.
10-31  9:37:01 pm GMT Network is UP. Just exit the program.
10-31  9:38:01 pm GMT Network is UP. Just exit the program.
10-31  9:39:01 pm GMT Network is UP. Just exit the program.
10-31  9:40:01 pm GMT Network is UP. Just exit the program.
10-31  9:41:01 pm GMT Network is UP. Just exit the program.
10-31  9:42:01 pm GMT Network is UP. Just exit the program.
10-31  9:43:01 pm GMT Network is UP. Just exit the program.
10-31  9:44:01 pm GMT Network is UP. Just exit the program.
10-31  9:45:01 pm GMT Network is UP. Just exit the program.
10-31  9:46:01 pm GMT Network is UP. Just exit the program.
10-31  9:47:01 pm GMT Network is UP. Just exit the program.
10-31  9:48:01 pm GMT Network is UP. Just exit the program.
10-31  9:49:01 pm GMT Network is UP. Just exit the program.
10-31  9:50:01 pm GMT Network is UP. Just exit the program.
10-31  9:51:01 pm GMT Network is UP. Just exit the program.
10-31  9:52:01 pm GMT Network is UP. Just exit the program.
10-31  9:53:01 pm GMT Network is UP. Just exit the program.
10-31  9:54:01 pm GMT Network is UP. Just exit the program.
10-31  9:55:01 pm GMT Network is UP. Just exit the program.
10-31  9:56:01 pm GMT Network is UP. Just exit the program.
10-31  9:57:01 pm GMT Network is UP. Just exit the program.
10-31  9:58:01 pm GMT Network is UP. Just exit the program.
10-31  9:59:01 pm GMT Network is UP. Just exit the program.
10-31 10:00:01 pm GMT Network is UP. Just exit the program.
10-31 10:01:01 pm GMT Network is UP. Just exit the program.
10-31 10:02:01 pm GMT Network is UP. Just exit the program.
10-31 10:03:01 pm GMT Network is UP. Just exit the program.
10-31 10:04:01 pm GMT Network is UP. Just exit the program.
10-31 10:05:01 pm GMT Network is UP. Just exit the program.
10-31 10:06:01 pm GMT Network is UP. Just exit the program.
10-31 10:07:01 pm GMT Network is UP. Just exit the program.
10-31 10:08:01 pm GMT Network is UP. Just exit the program.
10-31 10:09:01 pm GMT Network is UP. Just exit the program.
10-31 10:10:01 pm GMT Network is UP. Just exit the program.
10-31 10:11:01 pm GMT Network is UP. Just exit the program.
10-31 10:12:01 pm GMT Network is UP. Just exit the program.
10-31 10:13:01 pm GMT Network is UP. Just exit the program.
10-31 10:14:01 pm GMT Network is UP. Just exit the program.
10-31 10:15:01 pm GMT Network is UP. Just exit the program.
10-31 10:16:01 pm GMT Network is UP. Just exit the program.
10-31 10:17:01 pm GMT Network is UP. Just exit the program.
10-31 10:18:01 pm GMT Network is UP. Just exit the program.
10-31 10:19:01 pm GMT Network is UP. Just exit the program.
10-31 10:20:01 pm GMT Network is UP. Just exit the program.
10-31 10:21:01 pm GMT Network is UP. Just exit the program.
10-31 10:22:01 pm GMT Network is UP. Just exit the program.
10-31 10:23:01 pm GMT Network is UP. Just exit the program.
10-31 10:24:01 pm GMT Network is UP. Just exit the program.
10-31 10:25:01 pm GMT Network is UP. Just exit the program.
10-31 10:26:01 pm GMT Network is UP. Just exit the program.
10-31 10:27:01 pm GMT Network is UP. Just exit the program.
10-31 10:28:01 pm GMT Network is UP. Just exit the program.
10-31 10:29:01 pm GMT Network is UP. Just exit the program.
10-31 10:30:01 pm GMT Network is UP. Just exit the program.
10-31 10:31:01 pm GMT Network is UP. Just exit the program.
10-31 10:32:01 pm GMT Network is UP. Just exit the program.
10-31 10:33:01 pm GMT Network is UP. Just exit the program.
10-31 10:34:01 pm GMT Network is UP. Just exit the program.
10-31 10:35:01 pm GMT Network is UP. Just exit the program.
10-31 10:36:01 pm GMT Network is UP. Just exit the program.
10-31 10:37:01 pm GMT Network is UP. Just exit the program.
10-31 10:38:01 pm GMT Network is UP. Just exit the program.
10-31 10:39:01 pm GMT Network is UP. Just exit the program.
10-31 10:40:01 pm GMT Network is UP. Just exit the program.
10-31 10:41:01 pm GMT Network is UP. Just exit the program.
10-31 10:42:01 pm GMT Network is UP. Just exit the program.
10-31 10:43:01 pm GMT Network is UP. Just exit the program.
10-31 10:44:01 pm GMT Network is UP. Just exit the program.
10-31 10:45:01 pm GMT Network is UP. Just exit the program.
10-31 10:46:01 pm GMT Network is UP. Just exit the program.
10-31 10:47:01 pm GMT Network is UP. Just exit the program.
10-31 10:48:01 pm GMT Network is UP. Just exit the program.
10-31 10:49:01 pm GMT Network is UP. Just exit the program.
10-31 10:50:01 pm GMT Network is UP. Just exit the program.
10-31 10:51:01 pm GMT Network is UP. Just exit the program.
10-31 10:52:01 pm GMT Network is UP. Just exit the program.
10-31 10:53:01 pm GMT Network is UP. Just exit the program.
10-31 10:54:01 pm GMT Network is UP. Just exit the program.
10-31 10:55:01 pm GMT Network is UP. Just exit the program.
10-31 10:56:01 pm GMT Network is UP. Just exit the program.
10-31 10:57:01 pm GMT Network is UP. Just exit the program.
10-31 10:58:01 pm GMT Network is UP. Just exit the program.
10-31 10:59:01 pm GMT Network is UP. Just exit the program.
10-31 11:00:01 pm GMT Network is UP. Just exit the program.
10-31 11:01:01 pm GMT Network is UP. Just exit the program.
10-31 11:02:01 pm GMT Network is UP. Just exit the program.
10-31 11:03:01 pm GMT Network is UP. Just exit the program.
10-31 11:04:01 pm GMT Network is UP. Just exit the program.
10-31 11:05:01 pm GMT Network is UP. Just exit the program.
10-31 11:06:01 pm GMT Network is UP. Just exit the program.
10-31 11:07:01 pm GMT Network is UP. Just exit the program.
10-31 11:08:01 pm GMT Network is UP. Just exit the program.
10-31 11:09:01 pm GMT Network is UP. Just exit the program.
10-31 11:10:01 pm GMT Network is UP. Just exit the program.
10-31 11:11:01 pm GMT Network is UP. Just exit the program.
10-31 11:12:01 pm GMT Network is UP. Just exit the program.
10-31 11:13:01 pm GMT Network is UP. Just exit the program.
10-31 11:14:01 pm GMT Network is UP. Just exit the program.
10-31 11:15:01 pm GMT Network is UP. Just exit the program.
10-31 11:16:01 pm GMT Network is UP. Just exit the program.
10-31 11:17:01 pm GMT Network is UP. Just exit the program.
10-31 11:18:01 pm GMT Network is UP. Just exit the program.
10-31 11:19:01 pm GMT Network is UP. Just exit the program.
10-31 11:20:01 pm GMT Network is UP. Just exit the program.
10-31 11:21:01 pm GMT Network is UP. Just exit the program.
10-31 11:22:01 pm GMT Network is UP. Just exit the program.
10-31 11:23:01 pm GMT Network is UP. Just exit the program.
10-31 11:24:01 pm GMT Network is UP. Just exit the program.
10-31 11:25:01 pm GMT Network is UP. Just exit the program.
10-31 11:26:01 pm GMT Network is UP. Just exit the program.
10-31 11:27:01 pm GMT Network is UP. Just exit the program.
10-31 11:28:01 pm GMT Network is UP. Just exit the program.
10-31 11:29:01 pm GMT Network is UP. Just exit the program.
10-31 11:30:01 pm GMT Network is UP. Just exit the program.
10-31 11:31:01 pm GMT Network is UP. Just exit the program.
10-31 11:32:01 pm GMT Network is UP. Just exit the program.
10-31 11:33:01 pm GMT Network is UP. Just exit the program.
10-31 11:34:01 pm GMT Network is UP. Just exit the program.
10-31 11:35:01 pm GMT Network is UP. Just exit the program.
10-31 11:36:01 pm GMT Network is UP. Just exit the program.
10-31 11:37:01 pm GMT Network is UP. Just exit the program.
10-31 11:38:01 pm GMT Network is UP. Just exit the program.
10-31 11:39:01 pm GMT Network is UP. Just exit the program.
10-31 11:40:01 pm GMT Network is UP. Just exit the program.
10-31 11:41:01 pm GMT Network is UP. Just exit the program.
10-31 11:42:01 pm GMT Network is UP. Just exit the program.
10-31 11:43:01 pm GMT Network is UP. Just exit the program.
10-31 11:44:01 pm GMT Network is UP. Just exit the program.
10-31 11:45:01 pm GMT Network is UP. Just exit the program.
10-31 11:46:02 pm GMT Network is UP. Just exit the program.
10-31 11:47:01 pm GMT Network is UP. Just exit the program.
10-31 11:48:01 pm GMT Network is UP. Just exit the program.
10-31 11:49:01 pm GMT Network is UP. Just exit the program.
10-31 11:50:01 pm GMT Network is UP. Just exit the program.
10-31 11:51:01 pm GMT Network is UP. Just exit the program.
10-31 11:52:01 pm GMT Network is UP. Just exit the program.
10-31 11:53:01 pm GMT Network is UP. Just exit the program.
10-31 11:54:01 pm GMT Network is UP. Just exit the program.
10-31 11:55:01 pm GMT Network is UP. Just exit the program.
10-31 11:56:01 pm GMT Network is UP. Just exit the program.
10-31 11:57:01 pm GMT Network is UP. Just exit the program.
10-31 11:58:01 pm GMT Network is UP. Just exit the program.
10-31 11:59:01 pm GMT Network is UP. Just exit the program.
11-01 12:00:01 am GMT Network is UP. Just exit the program.
11-01 12:01:01 am GMT Network is UP. Just exit the program.
11-01 12:02:01 am GMT Network is UP. Just exit the program.
11-01 12:03:01 am GMT Network is UP. Just exit the program.
11-01 12:04:01 am GMT Network is UP. Just exit the program.
11-01 12:05:01 am GMT Network is UP. Just exit the program.
11-01 12:06:01 am GMT Network is UP. Just exit the program.
11-01 12:07:01 am GMT Network is UP. Just exit the program.
11-01 12:08:01 am GMT Network is UP. Just exit the program.
11-01 12:09:01 am GMT Network is UP. Just exit the program.
11-01 12:10:01 am GMT Network is UP. Just exit the program.
11-01 12:11:01 am GMT Network is UP. Just exit the program.
11-01 12:12:01 am GMT Network is UP. Just exit the program.
11-01 12:13:01 am GMT Network is UP. Just exit the program.
11-01 12:14:01 am GMT Network is UP. Just exit the program.
11-01 12:15:01 am GMT Network is UP. Just exit the program.
11-01 12:16:01 am GMT Network is UP. Just exit the program.
11-01 12:17:01 am GMT Network is UP. Just exit the program.
11-01 12:18:01 am GMT Network is UP. Just exit the program.
11-01 12:19:01 am GMT Network is UP. Just exit the program.
11-01 12:20:01 am GMT Network is UP. Just exit the program.
11-01 12:21:01 am GMT Network is UP. Just exit the program.
11-01 12:22:01 am GMT Network is UP. Just exit the program.
11-01 12:23:01 am GMT Network is UP. Just exit the program.
11-01 12:24:01 am GMT Network is UP. Just exit the program.
11-01 12:25:01 am GMT Network is UP. Just exit the program.
11-01 12:26:01 am GMT Network is UP. Just exit the program.
11-01 12:27:01 am GMT Network is UP. Just exit the program.
11-01 12:28:01 am GMT Network is UP. Just exit the program.
11-01 12:29:01 am GMT Network is UP. Just exit the program.
11-01 12:30:01 am GMT Network is UP. Just exit the program.
11-01 12:31:01 am GMT Network is UP. Just exit the program.
11-01 12:32:01 am GMT Network is UP. Just exit the program.
11-01 12:33:01 am GMT Network is UP. Just exit the program.
11-01 12:34:01 am GMT Network is UP. Just exit the program.
11-01 12:35:01 am GMT Network is UP. Just exit the program.
11-01 12:36:01 am GMT Network is UP. Just exit the program.
11-01 12:37:01 am GMT Network is UP. Just exit the program.
11-01 12:38:01 am GMT Network is UP. Just exit the program.
11-01 12:39:01 am GMT Network is UP. Just exit the program.
11-01 12:40:01 am GMT Network is UP. Just exit the program.
11-01 12:41:01 am GMT Network is UP. Just exit the program.
11-01 12:42:01 am GMT Network is UP. Just exit the program.
11-01 12:43:01 am GMT Network is UP. Just exit the program.
11-01 12:44:01 am GMT Network is UP. Just exit the program.
11-01 12:45:01 am GMT Network is UP. Just exit the program.
11-01 12:46:01 am GMT Network is UP. Just exit the program.
11-01 12:47:01 am GMT Network is UP. Just exit the program.
11-01 12:48:01 am GMT Network is UP. Just exit the program.
11-01 12:49:01 am GMT Network is UP. Just exit the program.
11-01 12:50:01 am GMT Network is UP. Just exit the program.
11-01 12:51:01 am GMT Network is UP. Just exit the program.
11-01 12:52:02 am GMT Network is UP. Just exit the program.
11-01 12:53:01 am GMT Network is UP. Just exit the program.
11-01 12:39:01 am GMT Network is UP. Just exit the program.
09-15  2:44:43 am BST Network is UP. Just exit the program.
09-15  2:45:01 am BST Network is UP. Just exit the program.
09-15  2:46:01 am BST Network is UP. Just exit the program.
09-15  2:47:01 am BST Network is UP. Just exit the program.
09-15  2:45:01 am BST Network is UP. Just exit the program.
09-15  2:46:02 am BST Network is UP. Just exit the program.
09-15  2:51:11 am BST Network is UP. Just exit the program.
09-15  2:51:11 am BST Network is UP. Just exit the program.
09-15  2:51:11 am BST Network is UP. Just exit the program.
09-15  2:51:11 am BST Network is UP. Just exit the program.
09-15  2:51:11 am BST Network is UP. Just exit the program.
09-15  2:52:01 am BST Network is UP. Just exit the program.
09-15  2:53:01 am BST Network is UP. Just exit the program.
09-15  2:54:01 am BST Network is UP. Just exit the program.
09-15  2:55:01 am BST Network is UP. Just exit the program.
09-15  2:56:01 am BST Network is UP. Just exit the program.
09-15  2:57:01 am BST Network is UP. Just exit the program.
09-15  2:58:01 am BST Network is UP. Just exit the program.
09-15  2:59:01 am BST Network is UP. Just exit the program.
09-15  3:00:01 am BST Network is UP. Just exit the program.
09-15  3:01:01 am BST Network is UP. Just exit the program.
09-15  3:02:01 am BST Network is UP. Just exit the program.
09-15  3:03:01 am BST Network is UP. Just exit the program.
09-15  3:04:01 am BST Network is UP. Just exit the program.
09-15  3:05:01 am BST Network is UP. Just exit the program.
09-15  3:06:01 am BST Network is UP. Just exit the program.
09-15  3:07:01 am BST Network is UP. Just exit the program.
09-15  3:08:01 am BST Network is UP. Just exit the program.
09-15  3:09:01 am BST Network is UP. Just exit the program.
09-15  3:10:01 am BST Network is UP. Just exit the program.
09-15  3:11:01 am BST Network is UP. Just exit the program.
09-15  3:12:01 am BST Network is UP. Just exit the program.
09-15  3:13:01 am BST Network is UP. Just exit the program.
09-15  3:14:01 am BST Network is UP. Just exit the program.
09-15  3:15:01 am BST Network is UP. Just exit the program.
09-15  3:16:01 am BST Network is UP. Just exit the program.
09-15  3:17:01 am BST Network is UP. Just exit the program.
09-15  3:18:01 am BST Network is UP. Just exit the program.
09-15  3:19:01 am BST Network is UP. Just exit the program.
09-15  3:20:01 am BST Network is UP. Just exit the program.
09-15  3:21:02 am BST Network is UP. Just exit the program.
09-15  3:22:01 am BST Network is UP. Just exit the program.
09-15  3:23:01 am BST Network is UP. Just exit the program.
09-15  3:24:01 am BST Network is UP. Just exit the program.
09-15  3:25:01 am BST Network is UP. Just exit the program.
09-15  3:26:01 am BST Network is UP. Just exit the program.
09-15  3:27:01 am BST Network is UP. Just exit the program.
09-15  3:28:01 am BST Network is UP. Just exit the program.
09-15  3:29:01 am BST Network is UP. Just exit the program.
09-15  3:30:01 am BST Network is UP. Just exit the program.
09-25  2:43:12 pm BST Network is UP. Just exit the program.
09-25  2:44:01 pm BST Network is UP. Just exit the program.
09-25  2:45:01 pm BST Network is UP. Just exit the program.
09-25  2:46:01 pm BST Network is UP. Just exit the program.
09-25  2:47:01 pm BST Network is UP. Just exit the program.
09-25  2:48:01 pm BST Network is UP. Just exit the program.
09-25  2:49:01 pm BST Network is UP. Just exit the program.
09-25  2:50:01 pm BST Network is UP. Just exit the program.
09-25  2:51:02 pm BST Network is UP. Just exit the program.
09-25  2:52:01 pm BST Network is UP. Just exit the program.
09-25  2:53:01 pm BST Network is UP. Just exit the program.
09-25  2:54:01 pm BST Network is UP. Just exit the program.
09-25  2:55:01 pm BST Network is UP. Just exit the program.
09-25  2:56:01 pm BST Network is UP. Just exit the program.
09-25  2:57:01 pm BST Network is UP. Just exit the program.
09-25  2:58:01 pm BST Network is UP. Just exit the program.
09-25  2:59:01 pm BST Network is UP. Just exit the program.
09-25  3:00:01 pm BST Network is UP. Just exit the program.
09-25  3:01:01 pm BST Network is UP. Just exit the program.
09-25  3:02:01 pm BST Network is UP. Just exit the program.
09-25  3:03:01 pm BST Network is UP. Just exit the program.
09-25  3:04:01 pm BST Network is UP. Just exit the program.
09-25  3:05:01 pm BST Network is UP. Just exit the program.
09-25  3:06:01 pm BST Network is UP. Just exit the program.
09-25  3:07:01 pm BST Network is UP. Just exit the program.
09-25  3:08:01 pm BST Network is UP. Just exit the program.
09-25  3:09:01 pm BST Network is UP. Just exit the program.
09-25  3:10:01 pm BST Network is UP. Just exit the program.
09-25  3:11:02 pm BST Network is UP. Just exit the program.
09-25  3:12:01 pm BST Network is UP. Just exit the program.
09-25  3:13:01 pm BST Network is UP. Just exit the program.
09-25  3:14:01 pm BST Network is UP. Just exit the program.
09-25  3:15:01 pm BST Network is UP. Just exit the program.
09-25  3:16:01 pm BST Network is UP. Just exit the program.
09-25  3:17:01 pm BST Network is UP. Just exit the program.
09-25  3:18:01 pm BST Network is UP. Just exit the program.
09-25  3:19:01 pm BST Network is UP. Just exit the program.
09-25  3:20:01 pm BST Network is UP. Just exit the program.
09-25  3:21:02 pm BST Network is UP. Just exit the program.
09-25  3:22:01 pm BST Network is UP. Just exit the program.
09-25  3:23:01 pm BST Network is UP. Just exit the program.
09-25  3:24:01 pm BST Network is UP. Just exit the program.
09-25  3:25:01 pm BST Network is UP. Just exit the program.
09-25  3:26:01 pm BST Network is UP. Just exit the program.
09-25  3:27:01 pm BST Network is UP. Just exit the program.
09-25  3:28:01 pm BST Network is UP. Just exit the program.
09-25  3:29:01 pm BST Network is UP. Just exit the program.
09-25  3:30:01 pm BST Network is UP. Just exit the program.
09-25  3:31:01 pm BST Network is UP. Just exit the program.
09-25  3:32:01 pm BST Network is UP. Just exit the program.
09-25  3:33:01 pm BST Network is UP. Just exit the program.
09-25  3:34:01 pm BST Network is UP. Just exit the program.
09-25  3:35:01 pm BST Network is UP. Just exit the program.
09-25  3:36:01 pm BST Network is UP. Just exit the program.
09-25  3:37:01 pm BST Network is UP. Just exit the program.
09-25  3:38:01 pm BST Network is UP. Just exit the program.
09-25  3:39:01 pm BST Network is UP. Just exit the program.
09-25  3:40:01 pm BST Network is UP. Just exit the program.
09-25  3:41:02 pm BST Network is UP. Just exit the program.
09-25  3:42:01 pm BST Network is UP. Just exit the program.
09-25  3:43:01 pm BST Network is UP. Just exit the program.
09-25  3:44:01 pm BST Network is UP. Just exit the program.
09-25  3:45:01 pm BST Network is UP. Just exit the program.
09-25  3:46:01 pm BST Network is UP. Just exit the program.
09-25  3:47:01 pm BST Network is UP. Just exit the program.
09-25  3:48:01 pm BST Network is UP. Just exit the program.
09-25  3:49:01 pm BST Network is UP. Just exit the program.
09-25  3:50:01 pm BST Network is UP. Just exit the program.
09-25  3:51:02 pm BST Network is UP. Just exit the program.
09-25  3:52:01 pm BST Network is UP. Just exit the program.
09-25  3:53:01 pm BST Network is UP. Just exit the program.
09-25  3:54:01 pm BST Network is UP. Just exit the program.
09-25  3:55:01 pm BST Network is UP. Just exit the program.
09-25  3:56:01 pm BST Network is UP. Just exit the program.
09-25  3:57:01 pm BST Network is UP. Just exit the program.
09-25  3:58:01 pm BST Network is UP. Just exit the program.
09-25  3:59:01 pm BST Network is UP. Just exit the program.
09-25  4:00:01 pm BST Network is UP. Just exit the program.
09-25  4:01:01 pm BST Network is UP. Just exit the program.
09-25  4:02:01 pm BST Network is UP. Just exit the program.
09-25  4:03:01 pm BST Network is UP. Just exit the program.
09-25  4:04:01 pm BST Network is UP. Just exit the program.
09-25  4:05:01 pm BST Network is UP. Just exit the program.
09-25  4:06:01 pm BST Network is UP. Just exit the program.
09-25  4:07:01 pm BST Network is UP. Just exit the program.
09-25  4:08:01 pm BST Network is UP. Just exit the program.
09-25  4:09:01 pm BST Network is UP. Just exit the program.
09-25  4:10:01 pm BST Network is UP. Just exit the program.
09-25  4:11:01 pm BST Network is UP. Just exit the program.
09-25  4:12:01 pm BST Network is UP. Just exit the program.
09-25  4:13:01 pm BST Network is UP. Just exit the program.
09-25  4:14:01 pm BST Network is UP. Just exit the program.
09-25  4:15:01 pm BST Network is UP. Just exit the program.
09-25  4:16:01 pm BST Network is UP. Just exit the program.
09-25  4:17:01 pm BST Network is UP. Just exit the program.
09-25  4:18:01 pm BST Network is UP. Just exit the program.
09-25  4:19:01 pm BST Network is UP. Just exit the program.
09-25  4:20:01 pm BST Network is UP. Just exit the program.
09-25  4:21:01 pm BST Network is UP. Just exit the program.
09-25  4:22:01 pm BST Network is UP. Just exit the program.
09-25  4:23:02 pm BST Network is UP. Just exit the program.
09-25  5:48:26 pm BST Network is UP. Just exit the program.
09-25  5:49:01 pm BST Network is UP. Just exit the program.
09-25  5:50:01 pm BST Network is UP. Just exit the program.
09-25  5:51:01 pm BST Network is UP. Just exit the program.
09-25  5:52:01 pm BST Network is UP. Just exit the program.
09-25  5:53:01 pm BST Network is UP. Just exit the program.
09-25  5:54:01 pm BST Network is UP. Just exit the program.
09-25  5:55:01 pm BST Network is UP. Just exit the program.
09-25  5:56:01 pm BST Network is UP. Just exit the program.
09-25  5:57:01 pm BST Network is UP. Just exit the program.
09-25  5:58:01 pm BST Network is UP. Just exit the program.
09-25  5:59:01 pm BST Network is UP. Just exit the program.
09-25  6:00:01 pm BST Network is UP. Just exit the program.
09-25  6:01:01 pm BST Network is UP. Just exit the program.
09-25  6:02:01 pm BST Network is UP. Just exit the program.
09-25  6:03:01 pm BST Network is UP. Just exit the program.
09-25  6:04:02 pm BST Network is UP. Just exit the program.
09-25  6:05:01 pm BST Network is UP. Just exit the program.
09-25  6:06:01 pm BST Network is UP. Just exit the program.
09-25  6:07:01 pm BST Network is UP. Just exit the program.
09-25  6:08:01 pm BST Network is UP. Just exit the program.
09-25  6:09:01 pm BST Network is UP. Just exit the program.
09-25  6:10:01 pm BST Network is UP. Just exit the program.
09-25  6:11:01 pm BST Network is UP. Just exit the program.
09-25  6:12:01 pm BST Network is UP. Just exit the program.
09-25  6:13:01 pm BST Network is UP. Just exit the program.
09-25  6:14:01 pm BST Network is UP. Just exit the program.
09-25  6:15:01 pm BST Network is UP. Just exit the program.
09-25  6:16:01 pm BST Network is UP. Just exit the program.
09-25  6:17:01 pm BST Network is UP. Just exit the program.
09-25  6:18:01 pm BST Network is UP. Just exit the program.
09-25  6:19:01 pm BST Network is UP. Just exit the program.
09-25  6:20:01 pm BST Network is UP. Just exit the program.
09-25  6:21:01 pm BST Network is UP. Just exit the program.
09-25  6:22:01 pm BST Network is UP. Just exit the program.
09-25  6:23:01 pm BST Network is UP. Just exit the program.
09-25  6:24:01 pm BST Network is UP. Just exit the program.
09-25  6:25:02 pm BST Network is UP. Just exit the program.
09-25  6:26:01 pm BST Network is UP. Just exit the program.
09-25  6:27:01 pm BST Network is UP. Just exit the program.
09-25  6:28:01 pm BST Network is UP. Just exit the program.
09-25  6:29:01 pm BST Network is UP. Just exit the program.
09-25  6:30:01 pm BST Network is UP. Just exit the program.
09-25  6:31:01 pm BST Network is UP. Just exit the program.
09-25  6:32:01 pm BST Network is UP. Just exit the program.
09-25  6:33:01 pm BST Network is UP. Just exit the program.
09-25  6:34:01 pm BST Network is UP. Just exit the program.
09-25  6:35:01 pm BST Network is UP. Just exit the program.
09-25  6:36:01 pm BST Network is UP. Just exit the program.
09-25  6:37:01 pm BST Network is UP. Just exit the program.
09-25  6:38:01 pm BST Network is UP. Just exit the program.
09-25  6:39:01 pm BST Network is UP. Just exit the program.
09-25  6:40:01 pm BST Network is UP. Just exit the program.
09-25  6:41:01 pm BST Network is UP. Just exit the program.
09-25  6:42:01 pm BST Network is UP. Just exit the program.
09-25  6:43:01 pm BST Network is UP. Just exit the program.
09-25  6:44:01 pm BST Network is UP. Just exit the program.
09-25  6:45:01 pm BST Network is UP. Just exit the program.
09-25  6:46:01 pm BST Network is UP. Just exit the program.
09-25  6:47:02 pm BST Network is UP. Just exit the program.
09-25  6:48:01 pm BST Network is UP. Just exit the program.
09-25  6:49:01 pm BST Network is UP. Just exit the program.
09-25  6:50:01 pm BST Network is UP. Just exit the program.
09-25  6:51:01 pm BST Network is UP. Just exit the program.
09-25  6:52:01 pm BST Network is UP. Just exit the program.
09-25  6:53:01 pm BST Network is UP. Just exit the program.
09-25  6:54:01 pm BST Network is UP. Just exit the program.
09-25  6:55:01 pm BST Network is UP. Just exit the program.
09-25  6:56:01 pm BST Network is UP. Just exit the program.
09-25  6:57:01 pm BST Network is UP. Just exit the program.
09-25  6:58:02 pm BST Network is UP. Just exit the program.
09-25  6:59:01 pm BST Network is UP. Just exit the program.
09-25  7:00:01 pm BST Network is UP. Just exit the program.
09-25  7:01:01 pm BST Network is UP. Just exit the program.
09-25  7:02:01 pm BST Network is UP. Just exit the program.
09-25  7:03:01 pm BST Network is UP. Just exit the program.
09-25  7:04:01 pm BST Network is UP. Just exit the program.
09-25  7:05:01 pm BST Network is UP. Just exit the program.
09-25  7:06:01 pm BST Network is UP. Just exit the program.
09-25  7:07:01 pm BST Network is UP. Just exit the program.
09-25  7:08:01 pm BST Network is UP. Just exit the program.
09-25  7:09:01 pm BST Network is UP. Just exit the program.
09-25  7:10:01 pm BST Network is UP. Just exit the program.
09-25  7:11:01 pm BST Network is UP. Just exit the program.
09-25  7:12:01 pm BST Network is UP. Just exit the program.
09-25  7:13:01 pm BST Network is UP. Just exit the program.
09-25  7:14:01 pm BST Network is UP. Just exit the program.
09-25  7:15:01 pm BST Network is UP. Just exit the program.
09-25  7:16:01 pm BST Network is UP. Just exit the program.
09-25  7:17:01 pm BST Network is UP. Just exit the program.
09-25  7:18:01 pm BST Network is UP. Just exit the program.
09-25  7:19:01 pm BST Network is UP. Just exit the program.
09-25  7:20:01 pm BST Network is UP. Just exit the program.
09-25  7:21:01 pm BST Network is UP. Just exit the program.
09-25  7:22:01 pm BST Network is UP. Just exit the program.
09-25  7:23:01 pm BST Network is UP. Just exit the program.
09-25  7:24:01 pm BST Network is UP. Just exit the program.
09-25  7:25:01 pm BST Network is UP. Just exit the program.
09-25  7:26:01 pm BST Network is UP. Just exit the program.
09-25  7:27:01 pm BST Network is UP. Just exit the program.
09-25  7:28:01 pm BST Network is UP. Just exit the program.
09-25  7:29:01 pm BST Network is UP. Just exit the program.
09-25  7:30:01 pm BST Network is UP. Just exit the program.
09-25  7:31:01 pm BST Network is UP. Just exit the program.
09-25  7:32:01 pm BST Network is UP. Just exit the program.
09-25  7:33:01 pm BST Network is UP. Just exit the program.
09-25  7:34:01 pm BST Network is UP. Just exit the program.
09-25  7:35:01 pm BST Network is UP. Just exit the program.
09-25  7:36:01 pm BST Network is UP. Just exit the program.
09-25  7:37:01 pm BST Network is UP. Just exit the program.
09-25  7:38:01 pm BST Network is UP. Just exit the program.
09-25  7:39:01 pm BST Network is UP. Just exit the program.
09-25  7:40:01 pm BST Network is UP. Just exit the program.
09-25  7:41:02 pm BST Network is UP. Just exit the program.
09-25  7:42:01 pm BST Network is UP. Just exit the program.
09-25  7:43:01 pm BST Network is UP. Just exit the program.
09-25  7:44:01 pm BST Network is UP. Just exit the program.
09-25  7:45:01 pm BST Network is UP. Just exit the program.
09-25  7:46:01 pm BST Network is UP. Just exit the program.
09-25  7:47:01 pm BST Network is UP. Just exit the program.
09-25  7:48:01 pm BST Network is UP. Just exit the program.
09-25  7:49:01 pm BST Network is UP. Just exit the program.
09-25  7:50:01 pm BST Network is UP. Just exit the program.
09-25  7:51:01 pm BST Network is UP. Just exit the program.
09-25  7:52:01 pm BST Network is UP. Just exit the program.
09-25  7:53:01 pm BST Network is UP. Just exit the program.
09-25  7:54:01 pm BST Network is UP. Just exit the program.
09-25  7:55:01 pm BST Network is UP. Just exit the program.
09-25  7:56:01 pm BST Network is UP. Just exit the program.
09-25  7:57:01 pm BST Network is UP. Just exit the program.
09-25  7:58:01 pm BST Network is UP. Just exit the program.
09-25  7:59:01 pm BST Network is UP. Just exit the program.
09-25  8:00:01 pm BST Network is UP. Just exit the program.
09-25  8:01:01 pm BST Network is UP. Just exit the program.
09-25  8:02:01 pm BST Network is UP. Just exit the program.
09-25  8:03:01 pm BST Network is UP. Just exit the program.
09-25  8:04:01 pm BST Network is UP. Just exit the program.
09-25  8:05:01 pm BST Network is UP. Just exit the program.
09-25  8:06:01 pm BST Network is UP. Just exit the program.
09-25  8:07:01 pm BST Network is UP. Just exit the program.
09-25  8:08:01 pm BST Network is UP. Just exit the program.
09-25  8:09:01 pm BST Network is UP. Just exit the program.
09-25  8:10:01 pm BST Network is UP. Just exit the program.
09-25  8:11:01 pm BST Network is UP. Just exit the program.
09-25  8:12:01 pm BST Network is UP. Just exit the program.
09-25  8:13:01 pm BST Network is UP. Just exit the program.
09-25  8:14:01 pm BST Network is UP. Just exit the program.
09-25  8:15:01 pm BST Network is UP. Just exit the program.
09-25  8:16:01 pm BST Network is UP. Just exit the program.
09-25  8:17:01 pm BST Network is UP. Just exit the program.
09-25  8:18:01 pm BST Network is UP. Just exit the program.
09-25  8:19:01 pm BST Network is UP. Just exit the program.
09-25  8:20:01 pm BST Network is UP. Just exit the program.
09-25  8:21:01 pm BST Network is UP. Just exit the program.
09-25  8:22:01 pm BST Network is UP. Just exit the program.
09-25  8:23:01 pm BST Network is UP. Just exit the program.
09-25  8:24:01 pm BST Network is UP. Just exit the program.
09-25  8:25:01 pm BST Network is UP. Just exit the program.
09-25  8:26:01 pm BST Network is UP. Just exit the program.
09-25  8:27:01 pm BST Network is UP. Just exit the program.
09-25  8:28:01 pm BST Network is UP. Just exit the program.
09-25  8:29:01 pm BST Network is UP. Just exit the program.
09-25  8:30:01 pm BST Network is UP. Just exit the program.
09-25  8:31:01 pm BST Network is UP. Just exit the program.
09-25  8:32:01 pm BST Network is UP. Just exit the program.
09-25  8:33:01 pm BST Network is UP. Just exit the program.
09-25  8:34:01 pm BST Network is UP. Just exit the program.
09-25  8:35:01 pm BST Network is UP. Just exit the program.
09-25  8:36:01 pm BST Network is UP. Just exit the program.
09-25  8:37:01 pm BST Network is UP. Just exit the program.
09-25  8:38:01 pm BST Network is UP. Just exit the program.
09-25  8:39:01 pm BST Network is UP. Just exit the program.
09-25  8:40:01 pm BST Network is UP. Just exit the program.
09-25  8:41:01 pm BST Network is UP. Just exit the program.
09-25  8:42:01 pm BST Network is UP. Just exit the program.
09-25  8:43:01 pm BST Network is UP. Just exit the program.
09-25  8:44:01 pm BST Network is UP. Just exit the program.
09-25  8:45:01 pm BST Network is UP. Just exit the program.
09-25  8:46:01 pm BST Network is UP. Just exit the program.
09-25  8:47:01 pm BST Network is UP. Just exit the program.
09-25  8:48:01 pm BST Network is UP. Just exit the program.
09-25  8:49:01 pm BST Network is UP. Just exit the program.
09-25  8:50:01 pm BST Network is UP. Just exit the program.
09-25  8:51:01 pm BST Network is UP. Just exit the program.
09-25  8:52:01 pm BST Network is UP. Just exit the program.
09-25  8:53:01 pm BST Network is UP. Just exit the program.
09-25  8:54:01 pm BST Network is UP. Just exit the program.
09-25  8:55:01 pm BST Network is UP. Just exit the program.
09-25  8:56:02 pm BST Network is UP. Just exit the program.
09-25  8:57:01 pm BST Network is UP. Just exit the program.
09-25  8:58:01 pm BST Network is UP. Just exit the program.
09-25  8:59:01 pm BST Network is UP. Just exit the program.
09-25  9:00:01 pm BST Network is UP. Just exit the program.
09-25  9:01:01 pm BST Network is UP. Just exit the program.
09-25  9:02:01 pm BST Network is UP. Just exit the program.
09-25  9:03:01 pm BST Network is UP. Just exit the program.
09-25  9:04:01 pm BST Network is UP. Just exit the program.
09-25  9:05:01 pm BST Network is UP. Just exit the program.
09-25  9:06:01 pm BST Network is UP. Just exit the program.
09-25  9:07:01 pm BST Network is UP. Just exit the program.
09-25  9:08:01 pm BST Network is UP. Just exit the program.
09-25  9:09:01 pm BST Network is UP. Just exit the program.
09-25  9:10:01 pm BST Network is UP. Just exit the program.
09-25  9:11:01 pm BST Network is UP. Just exit the program.
09-25  9:12:01 pm BST Network is UP. Just exit the program.
09-25  9:13:01 pm BST Network is UP. Just exit the program.
09-25  9:14:01 pm BST Network is UP. Just exit the program.
09-25  9:15:01 pm BST Network is UP. Just exit the program.
09-25  9:16:01 pm BST Network is UP. Just exit the program.
09-25  9:17:01 pm BST Network is UP. Just exit the program.
09-25  9:18:01 pm BST Network is UP. Just exit the program.
09-25  9:19:01 pm BST Network is UP. Just exit the program.
09-25  9:20:01 pm BST Network is UP. Just exit the program.
09-25  9:21:01 pm BST Network is UP. Just exit the program.
09-25  9:22:01 pm BST Network is UP. Just exit the program.
09-25  9:23:01 pm BST Network is UP. Just exit the program.
09-25  9:24:01 pm BST Network is UP. Just exit the program.
09-25  9:25:01 pm BST Network is UP. Just exit the program.
09-25  9:26:01 pm BST Network is UP. Just exit the program.
09-25  9:27:01 pm BST Network is UP. Just exit the program.
09-25  9:28:02 pm BST Network is UP. Just exit the program.
09-25  9:29:01 pm BST Network is UP. Just exit the program.
09-25  9:30:01 pm BST Network is UP. Just exit the program.
09-25  9:31:01 pm BST Network is UP. Just exit the program.
09-25  9:32:01 pm BST Network is UP. Just exit the program.
09-25  9:33:01 pm BST Network is UP. Just exit the program.
09-25  9:34:01 pm BST Network is UP. Just exit the program.
09-25  9:35:01 pm BST Network is UP. Just exit the program.
09-25  9:36:01 pm BST Network is UP. Just exit the program.
09-25  9:37:01 pm BST Network is UP. Just exit the program.
09-25  9:38:01 pm BST Network is UP. Just exit the program.
09-25  9:39:01 pm BST Network is UP. Just exit the program.
09-25  9:40:01 pm BST Network is UP. Just exit the program.
09-25  9:41:01 pm BST Network is UP. Just exit the program.
09-25  9:42:01 pm BST Network is UP. Just exit the program.
09-25  9:43:01 pm BST Network is UP. Just exit the program.
09-25  9:44:01 pm BST Network is UP. Just exit the program.
09-25  9:45:01 pm BST Network is UP. Just exit the program.
09-25  9:46:01 pm BST Network is UP. Just exit the program.
09-25  9:47:01 pm BST Network is UP. Just exit the program.
09-25  9:48:01 pm BST Network is UP. Just exit the program.
09-25  9:49:01 pm BST Network is UP. Just exit the program.
09-25  9:50:01 pm BST Network is UP. Just exit the program.
09-25  9:51:01 pm BST Network is UP. Just exit the program.
09-25  9:52:01 pm BST Network is UP. Just exit the program.
09-25  9:53:01 pm BST Network is UP. Just exit the program.
09-25  9:54:01 pm BST Network is UP. Just exit the program.
09-25  9:55:01 pm BST Network is UP. Just exit the program.
09-25  9:56:01 pm BST Network is UP. Just exit the program.
09-25  9:57:01 pm BST Network is UP. Just exit the program.
09-25  9:58:01 pm BST Network is UP. Just exit the program.
09-25  9:59:01 pm BST Network is UP. Just exit the program.
09-25 10:00:01 pm BST Network is UP. Just exit the program.
09-25 10:01:01 pm BST Network is UP. Just exit the program.
09-25 10:02:01 pm BST Network is UP. Just exit the program.
09-25 10:03:01 pm BST Network is UP. Just exit the program.
09-25 10:04:01 pm BST Network is UP. Just exit the program.
09-25 10:05:01 pm BST Network is UP. Just exit the program.
09-25 10:06:01 pm BST Network is UP. Just exit the program.
09-25 10:07:01 pm BST Network is UP. Just exit the program.
09-25 10:08:01 pm BST Network is UP. Just exit the program.
09-25 10:09:01 pm BST Network is UP. Just exit the program.
09-25 10:10:01 pm BST Network is UP. Just exit the program.
09-25 10:11:01 pm BST Network is UP. Just exit the program.
09-25 10:12:01 pm BST Network is UP. Just exit the program.
09-25 10:13:01 pm BST Network is UP. Just exit the program.
09-25 10:14:01 pm BST Network is UP. Just exit the program.
09-25 10:15:01 pm BST Network is UP. Just exit the program.
09-25 10:16:01 pm BST Network is UP. Just exit the program.
09-25 10:17:01 pm BST Network is UP. Just exit the program.
09-25 10:18:01 pm BST Network is UP. Just exit the program.
09-25 10:19:02 pm BST Network is UP. Just exit the program.
09-25 10:20:01 pm BST Network is UP. Just exit the program.
09-25 10:21:01 pm BST Network is UP. Just exit the program.
09-25 10:22:01 pm BST Network is UP. Just exit the program.
09-25 10:23:01 pm BST Network is UP. Just exit the program.
09-25 10:24:01 pm BST Network is UP. Just exit the program.
09-25 10:25:01 pm BST Network is UP. Just exit the program.
09-25 10:26:01 pm BST Network is UP. Just exit the program.
09-25 10:27:01 pm BST Network is UP. Just exit the program.
09-25 10:28:01 pm BST Network is UP. Just exit the program.
09-25 10:29:01 pm BST Network is UP. Just exit the program.
09-25 10:30:02 pm BST Network is UP. Just exit the program.
09-25 10:31:01 pm BST Network is UP. Just exit the program.
09-25 10:32:01 pm BST Network is UP. Just exit the program.
09-25 10:33:01 pm BST Network is UP. Just exit the program.
09-25 10:34:01 pm BST Network is UP. Just exit the program.
09-25 10:35:01 pm BST Network is UP. Just exit the program.
09-25 10:36:01 pm BST Network is UP. Just exit the program.
09-25 10:37:01 pm BST Network is UP. Just exit the program.
09-25 10:38:01 pm BST Network is UP. Just exit the program.
09-25 10:39:01 pm BST Network is UP. Just exit the program.
09-25 10:40:01 pm BST Network is UP. Just exit the program.
09-25 10:41:01 pm BST Network is UP. Just exit the program.
09-25 10:42:01 pm BST Network is UP. Just exit the program.
09-25 10:43:01 pm BST Network is UP. Just exit the program.
09-25 10:44:01 pm BST Network is UP. Just exit the program.
09-25 10:45:01 pm BST Network is UP. Just exit the program.
09-25 10:46:01 pm BST Network is UP. Just exit the program.
09-25 10:47:01 pm BST Network is UP. Just exit the program.
09-25 10:48:01 pm BST Network is UP. Just exit the program.
09-25 10:49:01 pm BST Network is UP. Just exit the program.
09-25 10:50:01 pm BST Network is UP. Just exit the program.
09-25 10:51:01 pm BST Network is UP. Just exit the program.
09-25 10:52:01 pm BST Network is UP. Just exit the program.
09-25 10:53:01 pm BST Network is UP. Just exit the program.
09-25 10:54:01 pm BST Network is UP. Just exit the program.
09-25 10:55:01 pm BST Network is UP. Just exit the program.
09-25 10:56:01 pm BST Network is UP. Just exit the program.
09-25 10:57:01 pm BST Network is UP. Just exit the program.
09-25 10:58:01 pm BST Network is UP. Just exit the program.
09-25 10:59:01 pm BST Network is UP. Just exit the program.
09-25 11:00:01 pm BST Network is UP. Just exit the program.
09-25 11:01:01 pm BST Network is UP. Just exit the program.
09-25 11:02:02 pm BST Network is UP. Just exit the program.
09-25 11:03:01 pm BST Network is UP. Just exit the program.
09-25 11:04:01 pm BST Network is UP. Just exit the program.
09-25 11:05:01 pm BST Network is UP. Just exit the program.
09-25 11:06:01 pm BST Network is UP. Just exit the program.
09-25 11:07:01 pm BST Network is UP. Just exit the program.
09-25 11:08:01 pm BST Network is UP. Just exit the program.
09-25 11:09:01 pm BST Network is UP. Just exit the program.
09-25 11:10:01 pm BST Network is UP. Just exit the program.
09-25 11:11:01 pm BST Network is UP. Just exit the program.
09-25 11:12:01 pm BST Network is UP. Just exit the program.
09-25 11:13:01 pm BST Network is UP. Just exit the program.
09-25 11:14:01 pm BST Network is UP. Just exit the program.
09-25 11:15:01 pm BST Network is UP. Just exit the program.
09-25 11:16:01 pm BST Network is UP. Just exit the program.
09-25 11:17:01 pm BST Network is UP. Just exit the program.
09-25 11:18:01 pm BST Network is UP. Just exit the program.
09-25 11:19:01 pm BST Network is UP. Just exit the program.
09-25 11:20:01 pm BST Network is UP. Just exit the program.
09-25 11:21:01 pm BST Network is UP. Just exit the program.
09-25 11:22:01 pm BST Network is UP. Just exit the program.
09-25 11:23:01 pm BST Network is UP. Just exit the program.
09-25 11:32:12 pm BST Network is UP. Just exit the program.
09-25 11:33:01 pm BST Network is UP. Just exit the program.
09-25 11:34:02 pm BST Network is UP. Just exit the program.
09-25 11:35:01 pm BST Network is UP. Just exit the program.
09-25 11:36:01 pm BST Network is UP. Just exit the program.
09-25 11:37:01 pm BST Network is UP. Just exit the program.
09-25 11:38:01 pm BST Network is UP. Just exit the program.
09-25 11:39:01 pm BST Network is UP. Just exit the program.
09-25 11:40:01 pm BST Network is UP. Just exit the program.
09-25 11:41:01 pm BST Network is UP. Just exit the program.
09-25 11:42:01 pm BST Network is UP. Just exit the program.
09-25 11:43:01 pm BST Network is UP. Just exit the program.
09-25 11:44:01 pm BST Network is UP. Just exit the program.
09-25 11:45:01 pm BST Network is UP. Just exit the program.
09-25 11:46:01 pm BST Network is UP. Just exit the program.
09-25 11:47:01 pm BST Network is UP. Just exit the program.
09-25 11:48:01 pm BST Network is UP. Just exit the program.
09-25 11:49:01 pm BST Network is UP. Just exit the program.
09-25 11:50:01 pm BST Network is UP. Just exit the program.
09-25 11:51:01 pm BST Network is UP. Just exit the program.
09-25 11:52:01 pm BST Network is UP. Just exit the program.
09-25 11:53:01 pm BST Network is UP. Just exit the program.
09-25 11:54:01 pm BST Network is UP. Just exit the program.
09-25 11:55:01 pm BST Network is UP. Just exit the program.
09-25 11:56:01 pm BST Network is UP. Just exit the program.
09-25 11:57:01 pm BST Network is UP. Just exit the program.
09-25 11:58:01 pm BST Network is UP. Just exit the program.
09-25 11:59:01 pm BST Network is UP. Just exit the program.
09-26 12:00:01 am BST Network is UP. Just exit the program.
09-26 12:01:01 am BST Network is UP. Just exit the program.
09-26 12:02:01 am BST Network is UP. Just exit the program.
09-26 12:03:01 am BST Network is UP. Just exit the program.
09-26 12:04:01 am BST Network is UP. Just exit the program.
09-26 12:05:01 am BST Network is UP. Just exit the program.
09-26 12:06:01 am BST Network is UP. Just exit the program.
09-26 12:07:01 am BST Network is UP. Just exit the program.
09-26 12:08:01 am BST Network is UP. Just exit the program.
09-26 12:09:01 am BST Network is UP. Just exit the program.
09-26 12:10:01 am BST Network is UP. Just exit the program.
09-26 12:11:01 am BST Network is UP. Just exit the program.
09-26 12:12:01 am BST Network is UP. Just exit the program.
09-26 12:13:01 am BST Network is UP. Just exit the program.
09-26 12:14:01 am BST Network is UP. Just exit the program.
09-26 12:15:01 am BST Network is UP. Just exit the program.
09-26 12:16:01 am BST Network is UP. Just exit the program.
09-26 12:17:01 am BST Network is UP. Just exit the program.
09-26 12:18:01 am BST Network is UP. Just exit the program.
09-26 12:19:01 am BST Network is UP. Just exit the program.
09-26 12:20:01 am BST Network is UP. Just exit the program.
09-26 12:21:01 am BST Network is UP. Just exit the program.
09-26 12:22:01 am BST Network is UP. Just exit the program.
09-26 12:23:01 am BST Network is UP. Just exit the program.
09-26 12:24:01 am BST Network is UP. Just exit the program.
09-26 12:25:01 am BST Network is UP. Just exit the program.
09-26 12:26:02 am BST Network is UP. Just exit the program.
09-26 12:27:01 am BST Network is UP. Just exit the program.
09-26 12:28:01 am BST Network is UP. Just exit the program.
09-26 12:29:01 am BST Network is UP. Just exit the program.
09-26 12:30:01 am BST Network is UP. Just exit the program.
09-26 12:31:01 am BST Network is UP. Just exit the program.
09-26 12:32:01 am BST Network is UP. Just exit the program.
09-26 12:33:01 am BST Network is UP. Just exit the program.
09-26 12:34:01 am BST Network is UP. Just exit the program.
09-26 12:35:01 am BST Network is UP. Just exit the program.
09-26 12:36:01 am BST Network is UP. Just exit the program.
09-26 12:37:01 am BST Network is UP. Just exit the program.
09-26 12:38:01 am BST Network is UP. Just exit the program.
09-26 12:39:01 am BST Network is UP. Just exit the program.
09-26 12:40:01 am BST Network is UP. Just exit the program.
09-26 12:41:01 am BST Network is UP. Just exit the program.
09-26 12:42:01 am BST Network is UP. Just exit the program.
09-26 12:43:01 am BST Network is UP. Just exit the program.
09-26 12:44:01 am BST Network is UP. Just exit the program.
09-26 12:45:01 am BST Network is UP. Just exit the program.
09-26 12:46:01 am BST Network is UP. Just exit the program.
09-26 12:47:01 am BST Network is UP. Just exit the program.
09-26 12:48:01 am BST Network is UP. Just exit the program.
09-26 12:49:01 am BST Network is UP. Just exit the program.
09-26 12:50:01 am BST Network is UP. Just exit the program.
09-26 12:51:01 am BST Network is UP. Just exit the program.
09-26 12:52:01 am BST Network is UP. Just exit the program.
09-26 12:53:01 am BST Network is UP. Just exit the program.
09-26 12:54:01 am BST Network is UP. Just exit the program.
09-26 12:55:01 am BST Network is UP. Just exit the program.
09-26 12:56:01 am BST Network is UP. Just exit the program.
09-26 12:57:01 am BST Network is UP. Just exit the program.
09-26 12:58:01 am BST Network is UP. Just exit the program.
09-26 12:59:01 am BST Network is UP. Just exit the program.
09-26  1:00:01 am BST Network is UP. Just exit the program.
09-26  1:01:01 am BST Network is UP. Just exit the program.
09-26  1:02:01 am BST Network is UP. Just exit the program.
09-26  1:03:01 am BST Network is UP. Just exit the program.
09-26  1:04:01 am BST Network is UP. Just exit the program.
09-26  1:05:01 am BST Network is UP. Just exit the program.
09-26  1:06:01 am BST Network is UP. Just exit the program.
09-26  1:07:01 am BST Network is UP. Just exit the program.
09-26  1:08:01 am BST Network is UP. Just exit the program.
09-26  1:09:01 am BST Network is UP. Just exit the program.
09-26  1:10:01 am BST Network is UP. Just exit the program.
09-26  1:11:01 am BST Network is UP. Just exit the program.
09-26  1:12:01 am BST Network is UP. Just exit the program.
09-26  1:13:01 am BST Network is UP. Just exit the program.
09-26  1:14:01 am BST Network is UP. Just exit the program.
09-26  1:15:01 am BST Network is UP. Just exit the program.
09-26  1:16:01 am BST Network is UP. Just exit the program.
09-26  1:17:01 am BST Network is UP. Just exit the program.
09-26  1:18:01 am BST Network is UP. Just exit the program.
09-26  1:19:01 am BST Network is UP. Just exit the program.
09-26  1:20:01 am BST Network is UP. Just exit the program.
09-26  1:21:01 am BST Network is UP. Just exit the program.
09-26  1:22:01 am BST Network is UP. Just exit the program.
09-26  1:23:02 am BST Network is UP. Just exit the program.
09-26  1:24:01 am BST Network is UP. Just exit the program.
09-26  1:25:01 am BST Network is UP. Just exit the program.
09-26  1:26:01 am BST Network is UP. Just exit the program.
09-26  1:27:01 am BST Network is UP. Just exit the program.
09-26  1:28:01 am BST Network is UP. Just exit the program.
09-26  1:29:01 am BST Network is UP. Just exit the program.
09-26  1:30:01 am BST Network is UP. Just exit the program.
09-26  1:31:01 am BST Network is UP. Just exit the program.
09-26  1:32:01 am BST Network is UP. Just exit the program.
09-26  1:33:01 am BST Network is UP. Just exit the program.
09-26  1:34:01 am BST Network is UP. Just exit the program.
09-26  1:35:01 am BST Network is UP. Just exit the program.
09-26  1:36:01 am BST Network is UP. Just exit the program.
09-26  1:37:01 am BST Network is UP. Just exit the program.
09-26  1:38:01 am BST Network is UP. Just exit the program.
09-26  1:39:01 am BST Network is UP. Just exit the program.
09-26  1:40:01 am BST Network is UP. Just exit the program.
09-26  1:41:01 am BST Network is UP. Just exit the program.
09-26  1:42:01 am BST Network is UP. Just exit the program.
09-26  1:43:01 am BST Network is UP. Just exit the program.
09-26  1:44:01 am BST Network is UP. Just exit the program.
09-26  1:45:01 am BST Network is UP. Just exit the program.
09-26  1:46:01 am BST Network is UP. Just exit the program.
09-26  1:47:01 am BST Network is UP. Just exit the program.
09-26  1:48:01 am BST Network is UP. Just exit the program.
09-26  1:49:01 am BST Network is UP. Just exit the program.
09-26  1:50:01 am BST Network is UP. Just exit the program.
09-26  1:51:01 am BST Network is UP. Just exit the program.
09-26  1:52:01 am BST Network is UP. Just exit the program.
09-26  1:53:01 am BST Network is UP. Just exit the program.
09-26  1:54:01 am BST Network is UP. Just exit the program.
09-26  1:55:01 am BST Network is UP. Just exit the program.
09-26  1:56:01 am BST Network is UP. Just exit the program.
09-26  1:57:01 am BST Network is UP. Just exit the program.
09-26  1:58:01 am BST Network is UP. Just exit the program.
09-26  1:59:01 am BST Network is UP. Just exit the program.
09-26  2:00:01 am BST Network is UP. Just exit the program.
09-26  2:01:01 am BST Network is UP. Just exit the program.
09-26  2:02:01 am BST Network is UP. Just exit the program.
09-26  2:03:01 am BST Network is UP. Just exit the program.
09-26  2:04:01 am BST Network is UP. Just exit the program.
09-26  2:05:01 am BST Network is UP. Just exit the program.
09-26  2:06:01 am BST Network is UP. Just exit the program.
09-26  2:07:02 am BST Network is UP. Just exit the program.
09-26  2:08:01 am BST Network is UP. Just exit the program.
09-26  2:09:01 am BST Network is UP. Just exit the program.
09-26  2:10:01 am BST Network is UP. Just exit the program.
09-26  2:11:01 am BST Network is UP. Just exit the program.
09-26  2:12:01 am BST Network is UP. Just exit the program.
09-26  2:13:01 am BST Network is UP. Just exit the program.
09-26  2:14:01 am BST Network is UP. Just exit the program.
09-26  2:15:01 am BST Network is UP. Just exit the program.
09-26  2:16:01 am BST Network is UP. Just exit the program.
09-26  2:17:01 am BST Network is UP. Just exit the program.
09-26  2:18:01 am BST Network is UP. Just exit the program.
09-26  2:19:01 am BST Network is UP. Just exit the program.
09-26  2:20:01 am BST Network is UP. Just exit the program.
09-26  2:21:01 am BST Network is UP. Just exit the program.
09-26  2:22:01 am BST Network is UP. Just exit the program.
09-26  2:23:01 am BST Network is UP. Just exit the program.
09-26  2:24:01 am BST Network is UP. Just exit the program.
09-26  2:25:01 am BST Network is UP. Just exit the program.
09-26  2:26:01 am BST Network is UP. Just exit the program.
09-26  2:27:01 am BST Network is UP. Just exit the program.
09-26  2:28:01 am BST Network is UP. Just exit the program.
09-26  2:29:01 am BST Network is UP. Just exit the program.
09-26  2:30:01 am BST Network is UP. Just exit the program.
09-26  2:31:01 am BST Network is UP. Just exit the program.
09-26  2:32:01 am BST Network is UP. Just exit the program.
09-26  2:33:01 am BST Network is UP. Just exit the program.
09-26  2:34:01 am BST Network is UP. Just exit the program.
09-26  2:35:01 am BST Network is UP. Just exit the program.
09-26  2:36:01 am BST Network is UP. Just exit the program.
09-26  2:37:01 am BST Network is UP. Just exit the program.
09-26  2:38:01 am BST Network is UP. Just exit the program.
09-26  2:39:01 am BST Network is UP. Just exit the program.
09-26  2:40:02 am BST Network is UP. Just exit the program.
09-26  2:41:01 am BST Network is UP. Just exit the program.
09-26  2:42:01 am BST Network is UP. Just exit the program.
09-26  2:43:01 am BST Network is UP. Just exit the program.
09-26  2:44:01 am BST Network is UP. Just exit the program.
09-26  2:45:01 am BST Network is UP. Just exit the program.
09-26  2:46:01 am BST Network is UP. Just exit the program.
09-26  2:47:01 am BST Network is UP. Just exit the program.
09-26  2:48:01 am BST Network is UP. Just exit the program.
09-26  2:49:01 am BST Network is UP. Just exit the program.
09-26  2:50:01 am BST Network is UP. Just exit the program.
09-26  2:51:01 am BST Network is UP. Just exit the program.
09-26  2:52:01 am BST Network is UP. Just exit the program.
09-26  2:53:01 am BST Network is UP. Just exit the program.
09-26  2:54:01 am BST Network is UP. Just exit the program.
09-26  2:55:01 am BST Network is UP. Just exit the program.
09-26  2:56:01 am BST Network is UP. Just exit the program.
09-26  2:57:01 am BST Network is UP. Just exit the program.
09-26  2:58:01 am BST Network is UP. Just exit the program.
09-26  2:59:01 am BST Network is UP. Just exit the program.
09-26  3:00:01 am BST Network is UP. Just exit the program.
09-26  3:01:01 am BST Network is UP. Just exit the program.
09-26  3:02:01 am BST Network is UP. Just exit the program.
09-26  3:03:01 am BST Network is UP. Just exit the program.
09-26  3:04:01 am BST Network is UP. Just exit the program.
09-26  3:05:01 am BST Network is UP. Just exit the program.
09-26  3:06:01 am BST Network is UP. Just exit the program.
09-26  3:07:01 am BST Network is UP. Just exit the program.
09-26  3:08:01 am BST Network is UP. Just exit the program.
09-26  3:09:01 am BST Network is UP. Just exit the program.
09-26  3:10:01 am BST Network is UP. Just exit the program.
09-26  3:11:01 am BST Network is UP. Just exit the program.
09-26  3:12:01 am BST Network is UP. Just exit the program.
09-26  3:13:02 am BST Network is UP. Just exit the program.
09-26  3:14:01 am BST Network is UP. Just exit the program.
09-26  3:15:01 am BST Network is UP. Just exit the program.
09-26  3:16:01 am BST Network is UP. Just exit the program.
09-26  3:17:01 am BST Network is UP. Just exit the program.
09-26  3:18:01 am BST Network is UP. Just exit the program.
09-26  3:19:01 am BST Network is UP. Just exit the program.
09-26  3:20:01 am BST Network is UP. Just exit the program.
09-26  3:21:01 am BST Network is UP. Just exit the program.
09-26  3:22:01 am BST Network is UP. Just exit the program.
09-26  3:23:01 am BST Network is UP. Just exit the program.
09-26  3:24:01 am BST Network is UP. Just exit the program.
09-26  3:25:01 am BST Network is UP. Just exit the program.
09-26  3:26:01 am BST Network is UP. Just exit the program.
09-26  3:27:01 am BST Network is UP. Just exit the program.
09-26  3:28:01 am BST Network is UP. Just exit the program.
09-26  3:29:01 am BST Network is UP. Just exit the program.
09-26  3:30:01 am BST Network is UP. Just exit the program.
09-26  3:31:01 am BST Network is UP. Just exit the program.
09-26  3:32:01 am BST Network is UP. Just exit the program.
09-26  3:33:01 am BST Network is UP. Just exit the program.
09-26  3:34:01 am BST Network is UP. Just exit the program.
09-26  3:35:01 am BST Network is UP. Just exit the program.
09-26  3:36:01 am BST Network is UP. Just exit the program.
09-26  3:37:01 am BST Network is UP. Just exit the program.
09-26  3:38:01 am BST Network is UP. Just exit the program.
09-26  3:39:01 am BST Network is UP. Just exit the program.
09-26  3:40:01 am BST Network is UP. Just exit the program.
09-26  3:41:01 am BST Network is UP. Just exit the program.
09-26  3:42:01 am BST Network is UP. Just exit the program.
09-26  3:43:01 am BST Network is UP. Just exit the program.
09-26  3:44:01 am BST Network is UP. Just exit the program.
09-26  3:45:01 am BST Network is UP. Just exit the program.
09-26  3:46:01 am BST Network is UP. Just exit the program.
09-26  3:47:01 am BST Network is UP. Just exit the program.
09-26  3:48:01 am BST Network is UP. Just exit the program.
09-26  3:49:01 am BST Network is UP. Just exit the program.
09-26  3:50:01 am BST Network is UP. Just exit the program.
09-26  3:51:01 am BST Network is UP. Just exit the program.
09-26  3:52:01 am BST Network is UP. Just exit the program.
09-26  3:53:01 am BST Network is UP. Just exit the program.
09-26  3:54:01 am BST Network is UP. Just exit the program.
09-26  3:55:01 am BST Network is UP. Just exit the program.
09-26  3:56:01 am BST Network is UP. Just exit the program.
09-26  3:57:02 am BST Network is UP. Just exit the program.
09-26  3:58:01 am BST Network is UP. Just exit the program.
09-26  3:59:01 am BST Network is UP. Just exit the program.
09-26  4:00:01 am BST Network is UP. Just exit the program.
09-26  4:01:01 am BST Network is UP. Just exit the program.
09-26  4:02:01 am BST Network is UP. Just exit the program.
09-26  4:03:01 am BST Network is UP. Just exit the program.
09-26  4:04:01 am BST Network is UP. Just exit the program.
09-26  4:05:01 am BST Network is UP. Just exit the program.
09-26  4:06:01 am BST Network is UP. Just exit the program.
09-26  4:07:01 am BST Network is UP. Just exit the program.
09-26  4:08:01 am BST Network is UP. Just exit the program.
09-26  4:09:01 am BST Network is UP. Just exit the program.
09-26  4:10:01 am BST Network is UP. Just exit the program.
09-26  4:11:01 am BST Network is UP. Just exit the program.
09-26  4:12:01 am BST Network is UP. Just exit the program.
09-26  4:13:01 am BST Network is UP. Just exit the program.
09-26  4:14:01 am BST Network is UP. Just exit the program.
09-26  4:15:01 am BST Network is UP. Just exit the program.
09-26  4:16:01 am BST Network is UP. Just exit the program.
09-26  4:17:01 am BST Network is UP. Just exit the program.
09-26  4:18:01 am BST Network is UP. Just exit the program.
09-26  4:19:01 am BST Network is UP. Just exit the program.
09-26  4:20:01 am BST Network is UP. Just exit the program.
09-26  4:21:01 am BST Network is UP. Just exit the program.
09-26  4:22:01 am BST Network is UP. Just exit the program.
09-26  4:23:01 am BST Network is UP. Just exit the program.
09-26  4:24:01 am BST Network is UP. Just exit the program.
09-26  4:25:01 am BST Network is UP. Just exit the program.
09-26  4:26:01 am BST Network is UP. Just exit the program.
09-26  4:27:01 am BST Network is UP. Just exit the program.
09-26  4:28:01 am BST Network is UP. Just exit the program.
09-26  4:29:01 am BST Network is UP. Just exit the program.
09-26  4:30:01 am BST Network is UP. Just exit the program.
09-26  4:31:01 am BST Network is UP. Just exit the program.
09-26  4:32:01 am BST Network is UP. Just exit the program.
09-26  4:33:01 am BST Network is UP. Just exit the program.
09-26  4:34:01 am BST Network is UP. Just exit the program.
09-26  4:35:01 am BST Network is UP. Just exit the program.
09-26  4:36:01 am BST Network is UP. Just exit the program.
09-26  4:37:01 am BST Network is UP. Just exit the program.
09-26  4:38:01 am BST Network is UP. Just exit the program.
09-26  4:39:01 am BST Network is UP. Just exit the program.
09-26  4:40:01 am BST Network is UP. Just exit the program.
09-26  4:41:01 am BST Network is UP. Just exit the program.
09-26  4:42:02 am BST Network is UP. Just exit the program.
09-26  4:43:01 am BST Network is UP. Just exit the program.
09-26  4:44:01 am BST Network is UP. Just exit the program.
09-26  4:45:01 am BST Network is UP. Just exit the program.
09-26  4:46:01 am BST Network is UP. Just exit the program.
09-26  4:47:01 am BST Network is UP. Just exit the program.
09-26  4:48:01 am BST Network is UP. Just exit the program.
09-26  4:49:01 am BST Network is UP. Just exit the program.
09-26  4:50:01 am BST Network is UP. Just exit the program.
09-26  4:51:01 am BST Network is UP. Just exit the program.
09-26  4:52:01 am BST Network is UP. Just exit the program.
09-26  4:53:01 am BST Network is UP. Just exit the program.
09-26  4:54:01 am BST Network is UP. Just exit the program.
09-26  4:55:01 am BST Network is UP. Just exit the program.
09-26  4:56:01 am BST Network is UP. Just exit the program.
09-26  4:57:01 am BST Network is UP. Just exit the program.
09-26  4:58:01 am BST Network is UP. Just exit the program.
09-26  4:59:01 am BST Network is UP. Just exit the program.
09-26  5:00:01 am BST Network is UP. Just exit the program.
09-26  5:01:01 am BST Network is UP. Just exit the program.
09-26  5:02:01 am BST Network is UP. Just exit the program.
09-26  5:03:01 am BST Network is UP. Just exit the program.
09-26  5:04:02 am BST Network is UP. Just exit the program.
09-26  5:05:01 am BST Network is UP. Just exit the program.
09-26  5:06:01 am BST Network is UP. Just exit the program.
09-26  5:07:01 am BST Network is UP. Just exit the program.
09-26  5:08:01 am BST Network is UP. Just exit the program.
09-26  5:09:01 am BST Network is UP. Just exit the program.
09-26  5:10:01 am BST Network is UP. Just exit the program.
09-26  5:11:01 am BST Network is UP. Just exit the program.
09-26  5:12:01 am BST Network is UP. Just exit the program.
09-26  5:13:01 am BST Network is UP. Just exit the program.
09-26  5:14:01 am BST Network is UP. Just exit the program.
09-26  5:15:01 am BST Network is UP. Just exit the program.
09-26  5:16:01 am BST Network is UP. Just exit the program.
09-26  5:17:01 am BST Network is UP. Just exit the program.
09-26  5:18:01 am BST Network is UP. Just exit the program.
09-26  5:19:01 am BST Network is UP. Just exit the program.
09-26  5:20:01 am BST Network is UP. Just exit the program.
09-26  5:21:01 am BST Network is UP. Just exit the program.
09-26  5:22:01 am BST Network is UP. Just exit the program.
09-26  5:23:01 am BST Network is UP. Just exit the program.
09-26  5:24:01 am BST Network is UP. Just exit the program.
09-26  5:25:01 am BST Network is UP. Just exit the program.
09-26  5:26:01 am BST Network is UP. Just exit the program.
09-26  5:27:01 am BST Network is UP. Just exit the program.
09-26  5:28:01 am BST Network is UP. Just exit the program.
09-26  5:29:01 am BST Network is UP. Just exit the program.
09-26  5:30:01 am BST Network is UP. Just exit the program.
09-26  5:31:01 am BST Network is UP. Just exit the program.
09-26  5:32:01 am BST Network is UP. Just exit the program.
09-26  5:33:01 am BST Network is UP. Just exit the program.
09-26  5:34:01 am BST Network is UP. Just exit the program.
09-26  5:35:01 am BST Network is UP. Just exit the program.
09-26  5:36:02 am BST Network is UP. Just exit the program.
09-26  5:37:01 am BST Network is UP. Just exit the program.
09-26  5:38:01 am BST Network is UP. Just exit the program.
09-26  5:39:01 am BST Network is UP. Just exit the program.
09-26  5:40:01 am BST Network is UP. Just exit the program.
09-26  5:41:01 am BST Network is UP. Just exit the program.
09-26  5:42:01 am BST Network is UP. Just exit the program.
09-26  5:43:01 am BST Network is UP. Just exit the program.
09-26  5:44:02 am BST Network is UP. Just exit the program.
09-26  5:45:01 am BST Network is UP. Just exit the program.
09-26  5:46:01 am BST Network is UP. Just exit the program.
09-26  5:47:01 am BST Network is UP. Just exit the program.
09-26  5:48:01 am BST Network is UP. Just exit the program.
09-26  5:49:01 am BST Network is UP. Just exit the program.
09-26  5:50:01 am BST Network is UP. Just exit the program.
09-26  5:51:01 am BST Network is UP. Just exit the program.
09-26  5:52:01 am BST Network is UP. Just exit the program.
09-26  5:53:01 am BST Network is UP. Just exit the program.
09-26  5:54:01 am BST Network is UP. Just exit the program.
09-26  5:55:01 am BST Network is UP. Just exit the program.
09-26  5:56:01 am BST Network is UP. Just exit the program.
09-26  5:57:01 am BST Network is UP. Just exit the program.
09-26  5:58:01 am BST Network is UP. Just exit the program.
09-26  5:59:01 am BST Network is UP. Just exit the program.
09-26  6:00:01 am BST Network is UP. Just exit the program.
09-26  6:01:01 am BST Network is UP. Just exit the program.
09-26  6:02:01 am BST Network is UP. Just exit the program.
09-26  6:03:01 am BST Network is UP. Just exit the program.
09-26  6:04:01 am BST Network is UP. Just exit the program.
09-26  6:05:01 am BST Network is UP. Just exit the program.
09-26  6:06:01 am BST Network is UP. Just exit the program.
09-26  6:07:01 am BST Network is UP. Just exit the program.
09-26  6:08:01 am BST Network is UP. Just exit the program.
09-26  6:09:01 am BST Network is UP. Just exit the program.
09-26  6:10:01 am BST Network is UP. Just exit the program.
09-26  6:11:01 am BST Network is UP. Just exit the program.
09-26  6:12:01 am BST Network is UP. Just exit the program.
09-26  6:13:01 am BST Network is UP. Just exit the program.
09-26  6:14:01 am BST Network is UP. Just exit the program.
09-26  6:15:01 am BST Network is UP. Just exit the program.
09-26  6:16:01 am BST Network is UP. Just exit the program.
09-26  6:17:01 am BST Network is UP. Just exit the program.
09-26  6:18:01 am BST Network is UP. Just exit the program.
09-26  6:19:01 am BST Network is UP. Just exit the program.
09-26  6:20:01 am BST Network is UP. Just exit the program.
09-26  6:21:01 am BST Network is UP. Just exit the program.
09-26  6:22:01 am BST Network is UP. Just exit the program.
09-26  6:23:01 am BST Network is UP. Just exit the program.
09-26  6:24:01 am BST Network is UP. Just exit the program.
09-26  6:25:01 am BST Network is UP. Just exit the program.
09-26  6:26:01 am BST Network is UP. Just exit the program.
09-26  6:27:01 am BST Network is UP. Just exit the program.
09-26  6:28:01 am BST Network is UP. Just exit the program.
09-26  6:29:01 am BST Network is UP. Just exit the program.
09-26  6:30:01 am BST Network is UP. Just exit the program.
09-26  6:31:01 am BST Network is UP. Just exit the program.
09-26  6:32:01 am BST Network is UP. Just exit the program.
09-26  6:33:01 am BST Network is UP. Just exit the program.
09-26  6:34:01 am BST Network is UP. Just exit the program.
09-26  6:35:01 am BST Network is UP. Just exit the program.
09-26  6:36:01 am BST Network is UP. Just exit the program.
09-26  6:37:01 am BST Network is UP. Just exit the program.
09-26  6:38:01 am BST Network is UP. Just exit the program.
09-26  6:39:01 am BST Network is UP. Just exit the program.
09-26  6:40:01 am BST Network is UP. Just exit the program.
09-26  6:41:01 am BST Network is UP. Just exit the program.
09-26  6:42:01 am BST Network is UP. Just exit the program.
09-26  6:43:01 am BST Network is UP. Just exit the program.
09-26  6:44:01 am BST Network is UP. Just exit the program.
09-26  6:45:01 am BST Network is UP. Just exit the program.
09-26  6:46:01 am BST Network is UP. Just exit the program.
09-26  6:47:01 am BST Network is UP. Just exit the program.
09-26  6:48:01 am BST Network is UP. Just exit the program.
09-26  6:49:01 am BST Network is UP. Just exit the program.
09-26  6:50:01 am BST Network is UP. Just exit the program.
09-26  6:51:01 am BST Network is UP. Just exit the program.
09-26  6:52:02 am BST Network is UP. Just exit the program.
09-26  6:53:01 am BST Network is UP. Just exit the program.
09-26  6:54:01 am BST Network is UP. Just exit the program.
09-26  6:55:01 am BST Network is UP. Just exit the program.
09-26  6:56:01 am BST Network is UP. Just exit the program.
09-26  6:57:01 am BST Network is UP. Just exit the program.
09-26  6:58:01 am BST Network is UP. Just exit the program.
09-26  6:59:01 am BST Network is UP. Just exit the program.
09-26  7:00:01 am BST Network is UP. Just exit the program.
09-26  7:01:01 am BST Network is UP. Just exit the program.
09-26  7:02:01 am BST Network is UP. Just exit the program.
09-26  7:03:01 am BST Network is UP. Just exit the program.
09-26  7:04:01 am BST Network is UP. Just exit the program.
09-26  7:05:01 am BST Network is UP. Just exit the program.
09-26  7:06:01 am BST Network is UP. Just exit the program.
09-26  7:07:01 am BST Network is UP. Just exit the program.
09-26  7:08:01 am BST Network is UP. Just exit the program.
09-26  7:09:01 am BST Network is UP. Just exit the program.
09-26  7:10:01 am BST Network is UP. Just exit the program.
09-26  7:11:01 am BST Network is UP. Just exit the program.
09-26  7:12:01 am BST Network is UP. Just exit the program.
09-26  7:13:01 am BST Network is UP. Just exit the program.
09-26  7:14:01 am BST Network is UP. Just exit the program.
09-26  7:15:01 am BST Network is UP. Just exit the program.
09-26  7:16:01 am BST Network is UP. Just exit the program.
09-26  7:17:01 am BST Network is UP. Just exit the program.
09-26  7:18:01 am BST Network is UP. Just exit the program.
09-26  7:19:01 am BST Network is UP. Just exit the program.
09-26  7:20:01 am BST Network is UP. Just exit the program.
09-26  7:21:01 am BST Network is UP. Just exit the program.
09-26  7:22:01 am BST Network is UP. Just exit the program.
09-26  7:23:02 am BST Network is UP. Just exit the program.
09-26  7:24:01 am BST Network is UP. Just exit the program.
09-26  7:25:01 am BST Network is UP. Just exit the program.
09-26  7:26:01 am BST Network is UP. Just exit the program.
09-26  7:27:01 am BST Network is UP. Just exit the program.
09-26  7:28:01 am BST Network is UP. Just exit the program.
09-26  7:29:01 am BST Network is UP. Just exit the program.
09-26  7:30:01 am BST Network is UP. Just exit the program.
09-26  7:31:01 am BST Network is UP. Just exit the program.
09-26  7:32:01 am BST Network is UP. Just exit the program.
09-26  7:33:01 am BST Network is UP. Just exit the program.
09-26  7:34:01 am BST Network is UP. Just exit the program.
09-26  7:35:01 am BST Network is UP. Just exit the program.
09-26  7:36:01 am BST Network is UP. Just exit the program.
09-26  7:37:01 am BST Network is UP. Just exit the program.
09-26  7:38:01 am BST Network is UP. Just exit the program.
09-26  7:39:01 am BST Network is UP. Just exit the program.
09-26  7:40:01 am BST Network is UP. Just exit the program.
09-26  7:41:01 am BST Network is UP. Just exit the program.
09-26  7:42:01 am BST Network is UP. Just exit the program.
09-26  7:43:01 am BST Network is UP. Just exit the program.
09-26  7:44:01 am BST Network is UP. Just exit the program.
09-26  7:45:01 am BST Network is UP. Just exit the program.
09-26  7:46:01 am BST Network is UP. Just exit the program.
09-26  7:47:01 am BST Network is UP. Just exit the program.
09-26  7:48:01 am BST Network is UP. Just exit the program.
09-26  7:49:01 am BST Network is UP. Just exit the program.
09-26  7:50:01 am BST Network is UP. Just exit the program.
09-26  7:51:01 am BST Network is UP. Just exit the program.
09-26  7:52:01 am BST Network is UP. Just exit the program.
09-26  7:53:01 am BST Network is UP. Just exit the program.
09-26  7:54:01 am BST Network is UP. Just exit the program.
09-26  7:55:01 am BST Network is UP. Just exit the program.
09-26  7:56:01 am BST Network is UP. Just exit the program.
09-26  7:57:02 am BST Network is UP. Just exit the program.
09-26  7:58:01 am BST Network is UP. Just exit the program.
09-26  7:59:01 am BST Network is UP. Just exit the program.
09-26  8:00:01 am BST Network is UP. Just exit the program.
09-26  8:01:01 am BST Network is UP. Just exit the program.
09-26  8:02:01 am BST Network is UP. Just exit the program.
09-26  8:03:01 am BST Network is UP. Just exit the program.
09-26  8:04:01 am BST Network is UP. Just exit the program.
09-26  8:05:01 am BST Network is UP. Just exit the program.
09-26  8:06:01 am BST Network is UP. Just exit the program.
09-26  8:07:01 am BST Network is UP. Just exit the program.
09-26  8:08:01 am BST Network is UP. Just exit the program.
09-26  8:09:01 am BST Network is UP. Just exit the program.
09-26  8:10:01 am BST Network is UP. Just exit the program.
09-26  8:11:01 am BST Network is UP. Just exit the program.
09-26  8:12:01 am BST Network is UP. Just exit the program.
09-26  8:13:01 am BST Network is UP. Just exit the program.
09-26  8:14:01 am BST Network is UP. Just exit the program.
09-26  8:15:01 am BST Network is UP. Just exit the program.
09-26  8:16:01 am BST Network is UP. Just exit the program.
09-26  8:17:01 am BST Network is UP. Just exit the program.
09-26  8:18:01 am BST Network is UP. Just exit the program.
09-26  8:19:01 am BST Network is UP. Just exit the program.
09-26  8:20:02 am BST Network is UP. Just exit the program.
09-26  8:21:01 am BST Network is UP. Just exit the program.
09-26  8:22:01 am BST Network is UP. Just exit the program.
09-26  8:23:01 am BST Network is UP. Just exit the program.
09-26  8:24:01 am BST Network is UP. Just exit the program.
09-26  8:25:01 am BST Network is UP. Just exit the program.
09-26  8:26:01 am BST Network is UP. Just exit the program.
09-26  8:27:01 am BST Network is UP. Just exit the program.
09-26  8:28:01 am BST Network is UP. Just exit the program.
09-26  8:29:01 am BST Network is UP. Just exit the program.
09-26  8:30:01 am BST Network is UP. Just exit the program.
09-26  8:31:01 am BST Network is UP. Just exit the program.
09-26  8:32:01 am BST Network is UP. Just exit the program.
09-26  8:33:01 am BST Network is UP. Just exit the program.
09-26  8:34:01 am BST Network is UP. Just exit the program.
09-26  8:35:01 am BST Network is UP. Just exit the program.
09-26  8:36:01 am BST Network is UP. Just exit the program.
09-26  8:37:01 am BST Network is UP. Just exit the program.
09-26  8:38:01 am BST Network is UP. Just exit the program.
09-26  8:39:01 am BST Network is UP. Just exit the program.
09-26  8:40:01 am BST Network is UP. Just exit the program.
09-26  8:41:01 am BST Network is UP. Just exit the program.
09-26  8:42:01 am BST Network is UP. Just exit the program.
09-26  8:43:01 am BST Network is UP. Just exit the program.
09-26  8:44:01 am BST Network is UP. Just exit the program.
09-26  8:45:01 am BST Network is UP. Just exit the program.
09-26  8:46:01 am BST Network is UP. Just exit the program.
09-26  8:47:01 am BST Network is UP. Just exit the program.
09-26  8:48:01 am BST Network is UP. Just exit the program.
09-26  8:49:01 am BST Network is UP. Just exit the program.
09-26  8:50:01 am BST Network is UP. Just exit the program.
09-26  8:51:01 am BST Network is UP. Just exit the program.
09-26  8:52:01 am BST Network is UP. Just exit the program.
09-26  8:53:01 am BST Network is UP. Just exit the program.
09-26  8:54:01 am BST Network is UP. Just exit the program.
09-26  8:55:01 am BST Network is UP. Just exit the program.
09-26  8:56:01 am BST Network is UP. Just exit the program.
09-26  8:57:01 am BST Network is UP. Just exit the program.
09-26  8:58:01 am BST Network is UP. Just exit the program.
09-26  8:59:01 am BST Network is UP. Just exit the program.
09-26  9:00:01 am BST Network is UP. Just exit the program.
09-26  9:01:02 am BST Network is UP. Just exit the program.
09-26  9:02:01 am BST Network is UP. Just exit the program.
09-26  9:03:01 am BST Network is UP. Just exit the program.
09-26  9:04:01 am BST Network is UP. Just exit the program.
09-26  9:05:01 am BST Network is UP. Just exit the program.
09-26  9:06:01 am BST Network is UP. Just exit the program.
09-26  9:07:01 am BST Network is UP. Just exit the program.
09-26  9:08:01 am BST Network is UP. Just exit the program.
09-26  9:09:01 am BST Network is UP. Just exit the program.
09-26  9:10:01 am BST Network is UP. Just exit the program.
09-26  9:11:01 am BST Network is UP. Just exit the program.
09-26  9:12:01 am BST Network is UP. Just exit the program.
09-26  9:13:01 am BST Network is UP. Just exit the program.
09-26  9:14:01 am BST Network is UP. Just exit the program.
09-26  9:15:01 am BST Network is UP. Just exit the program.
09-26  9:16:01 am BST Network is UP. Just exit the program.
09-26  9:17:01 am BST Network is UP. Just exit the program.
09-26  9:18:01 am BST Network is UP. Just exit the program.
09-26  9:19:01 am BST Network is UP. Just exit the program.
09-26  9:20:01 am BST Network is UP. Just exit the program.
09-26  9:21:01 am BST Network is UP. Just exit the program.
09-26  9:22:01 am BST Network is UP. Just exit the program.
09-26  9:23:01 am BST Network is UP. Just exit the program.
09-26  9:24:01 am BST Network is UP. Just exit the program.
09-26  9:25:01 am BST Network is UP. Just exit the program.
09-26  9:26:01 am BST Network is UP. Just exit the program.
09-26  9:27:01 am BST Network is UP. Just exit the program.
09-26  9:28:01 am BST Network is UP. Just exit the program.
09-26  9:29:01 am BST Network is UP. Just exit the program.
09-26  9:30:01 am BST Network is UP. Just exit the program.
09-26  9:31:01 am BST Network is UP. Just exit the program.
09-26  9:32:01 am BST Network is UP. Just exit the program.
09-26  9:33:01 am BST Network is UP. Just exit the program.
09-26  9:34:01 am BST Network is UP. Just exit the program.
09-26  9:35:01 am BST Network is UP. Just exit the program.
09-26  9:36:01 am BST Network is UP. Just exit the program.
09-26  9:37:01 am BST Network is UP. Just exit the program.
09-26  9:38:01 am BST Network is UP. Just exit the program.
09-26  9:39:01 am BST Network is UP. Just exit the program.
09-26  9:40:01 am BST Network is UP. Just exit the program.
09-26  9:41:01 am BST Network is UP. Just exit the program.
09-26  9:42:01 am BST Network is UP. Just exit the program.
09-26  9:43:01 am BST Network is UP. Just exit the program.
09-26  9:44:01 am BST Network is UP. Just exit the program.
09-26  9:45:01 am BST Network is UP. Just exit the program.
09-26  9:46:01 am BST Network is UP. Just exit the program.
09-26  9:47:01 am BST Network is UP. Just exit the program.
09-26  9:48:01 am BST Network is UP. Just exit the program.
09-26  9:49:01 am BST Network is UP. Just exit the program.
09-26  9:50:01 am BST Network is UP. Just exit the program.
09-26  9:51:01 am BST Network is UP. Just exit the program.
09-26  9:52:01 am BST Network is UP. Just exit the program.
09-26  9:53:01 am BST Network is UP. Just exit the program.
09-26  9:54:01 am BST Network is UP. Just exit the program.
09-26  9:55:01 am BST Network is UP. Just exit the program.
09-26  9:56:02 am BST Network is UP. Just exit the program.
09-26  9:57:01 am BST Network is UP. Just exit the program.
09-26  9:58:01 am BST Network is UP. Just exit the program.
09-26  9:59:01 am BST Network is UP. Just exit the program.
09-26 10:00:01 am BST Network is UP. Just exit the program.
09-26 10:01:01 am BST Network is UP. Just exit the program.
09-26 10:02:01 am BST Network is UP. Just exit the program.
09-26 10:03:01 am BST Network is UP. Just exit the program.
09-26 10:04:01 am BST Network is UP. Just exit the program.
09-26 10:05:01 am BST Network is UP. Just exit the program.
09-26 10:06:01 am BST Network is UP. Just exit the program.
09-26 10:07:01 am BST Network is UP. Just exit the program.
09-26 10:08:01 am BST Network is UP. Just exit the program.
09-26 10:09:01 am BST Network is UP. Just exit the program.
09-26 10:10:01 am BST Network is UP. Just exit the program.
09-26 10:11:01 am BST Network is UP. Just exit the program.
09-26 10:12:01 am BST Network is UP. Just exit the program.
09-26 10:13:01 am BST Network is UP. Just exit the program.
09-26 10:14:01 am BST Network is UP. Just exit the program.
09-26 10:15:01 am BST Network is UP. Just exit the program.
09-26 10:16:01 am BST Network is UP. Just exit the program.
09-26 10:17:02 am BST Network is UP. Just exit the program.
09-26 10:18:01 am BST Network is UP. Just exit the program.
09-26 10:19:01 am BST Network is UP. Just exit the program.
09-26 10:20:01 am BST Network is UP. Just exit the program.
09-26 10:21:01 am BST Network is UP. Just exit the program.
09-26 10:22:01 am BST Network is UP. Just exit the program.
09-26 10:23:01 am BST Network is UP. Just exit the program.
09-26 10:24:01 am BST Network is UP. Just exit the program.
09-26 10:25:01 am BST Network is UP. Just exit the program.
09-26 10:26:01 am BST Network is UP. Just exit the program.
09-26 10:27:01 am BST Network is UP. Just exit the program.
09-26 10:28:01 am BST Network is UP. Just exit the program.
09-26 10:29:01 am BST Network is UP. Just exit the program.
09-26 10:30:01 am BST Network is UP. Just exit the program.
09-26 10:31:01 am BST Network is UP. Just exit the program.
09-26 10:32:01 am BST Network is UP. Just exit the program.
09-26 10:33:01 am BST Network is UP. Just exit the program.
09-26 10:34:01 am BST Network is UP. Just exit the program.
09-26 10:35:01 am BST Network is UP. Just exit the program.
09-26 10:36:01 am BST Network is UP. Just exit the program.
09-26 10:37:01 am BST Network is UP. Just exit the program.
09-26 10:38:01 am BST Network is UP. Just exit the program.
09-26 10:39:01 am BST Network is UP. Just exit the program.
09-26 10:40:01 am BST Network is UP. Just exit the program.
09-26 10:41:01 am BST Network is UP. Just exit the program.
09-26 10:42:01 am BST Network is UP. Just exit the program.
09-26 10:43:01 am BST Network is UP. Just exit the program.
09-26 10:44:01 am BST Network is UP. Just exit the program.
09-26 10:45:01 am BST Network is UP. Just exit the program.
09-26 10:46:01 am BST Network is UP. Just exit the program.
09-26 10:47:01 am BST Network is UP. Just exit the program.
09-26 10:48:01 am BST Network is UP. Just exit the program.
09-26 10:49:01 am BST Network is UP. Just exit the program.
09-26 10:50:01 am BST Network is UP. Just exit the program.
09-26 10:51:01 am BST Network is UP. Just exit the program.
09-26 10:52:01 am BST Network is UP. Just exit the program.
09-26 10:53:01 am BST Network is UP. Just exit the program.
09-26 10:54:01 am BST Network is UP. Just exit the program.
09-26 10:55:01 am BST Network is UP. Just exit the program.
09-26 10:56:01 am BST Network is UP. Just exit the program.
09-26 10:57:01 am BST Network is UP. Just exit the program.
09-26 10:58:02 am BST Network is UP. Just exit the program.
09-26 10:59:01 am BST Network is UP. Just exit the program.
09-26 11:00:01 am BST Network is UP. Just exit the program.
09-26 11:01:01 am BST Network is UP. Just exit the program.
09-26 11:02:01 am BST Network is UP. Just exit the program.
09-26 11:03:01 am BST Network is UP. Just exit the program.
09-26 11:04:01 am BST Network is UP. Just exit the program.
09-26 11:05:01 am BST Network is UP. Just exit the program.
09-26 11:06:01 am BST Network is UP. Just exit the program.
09-26 11:07:01 am BST Network is UP. Just exit the program.
09-26 11:08:01 am BST Network is UP. Just exit the program.
09-26 11:09:01 am BST Network is UP. Just exit the program.
09-26 11:10:01 am BST Network is UP. Just exit the program.
09-26 11:11:01 am BST Network is UP. Just exit the program.
09-26 11:12:01 am BST Network is UP. Just exit the program.
09-26 11:13:01 am BST Network is UP. Just exit the program.
09-26 11:14:01 am BST Network is UP. Just exit the program.
09-26 11:15:01 am BST Network is UP. Just exit the program.
09-26 11:16:01 am BST Network is UP. Just exit the program.
09-26 11:17:01 am BST Network is UP. Just exit the program.
09-26 11:18:01 am BST Network is UP. Just exit the program.
09-26 11:19:01 am BST Network is UP. Just exit the program.
09-26 11:20:01 am BST Network is UP. Just exit the program.
09-26 11:21:01 am BST Network is UP. Just exit the program.
09-26 11:22:01 am BST Network is UP. Just exit the program.
09-26 11:23:01 am BST Network is UP. Just exit the program.
09-26 11:24:01 am BST Network is UP. Just exit the program.
09-26 11:25:01 am BST Network is UP. Just exit the program.
09-26 11:26:01 am BST Network is UP. Just exit the program.
09-26 11:27:01 am BST Network is UP. Just exit the program.
09-26 11:28:01 am BST Network is UP. Just exit the program.
09-26 11:29:01 am BST Network is UP. Just exit the program.
09-26 11:30:01 am BST Network is UP. Just exit the program.
09-26 11:31:01 am BST Network is UP. Just exit the program.
09-26 11:32:01 am BST Network is UP. Just exit the program.
09-26 11:33:01 am BST Network is UP. Just exit the program.
09-26 11:34:01 am BST Network is UP. Just exit the program.
09-26 11:35:01 am BST Network is UP. Just exit the program.
09-26 11:36:01 am BST Network is UP. Just exit the program.
09-26 11:37:01 am BST Network is UP. Just exit the program.
09-26 11:38:01 am BST Network is UP. Just exit the program.
09-26 11:39:01 am BST Network is UP. Just exit the program.
09-26 11:40:02 am BST Network is UP. Just exit the program.
09-26 11:41:01 am BST Network is UP. Just exit the program.
09-26 11:42:01 am BST Network is UP. Just exit the program.
09-26 11:43:01 am BST Network is UP. Just exit the program.
09-26 11:44:01 am BST Network is UP. Just exit the program.
09-26 11:45:01 am BST Network is UP. Just exit the program.
09-26 11:46:01 am BST Network is UP. Just exit the program.
09-26 11:47:01 am BST Network is UP. Just exit the program.
09-26 11:48:01 am BST Network is UP. Just exit the program.
09-26 11:49:01 am BST Network is UP. Just exit the program.
09-26 11:50:01 am BST Network is UP. Just exit the program.
09-26 11:51:02 am BST Network is UP. Just exit the program.
09-26 11:52:01 am BST Network is UP. Just exit the program.
09-26 11:53:01 am BST Network is UP. Just exit the program.
09-26 11:54:01 am BST Network is UP. Just exit the program.
09-26 11:55:01 am BST Network is UP. Just exit the program.
09-26 11:56:01 am BST Network is UP. Just exit the program.
09-26 11:57:01 am BST Network is UP. Just exit the program.
09-26 11:58:01 am BST Network is UP. Just exit the program.
09-26 11:59:01 am BST Network is UP. Just exit the program.
09-26 12:00:01 pm BST Network is UP. Just exit the program.
09-26 12:01:01 pm BST Network is UP. Just exit the program.
09-26 12:02:02 pm BST Network is UP. Just exit the program.
09-26 12:03:01 pm BST Network is UP. Just exit the program.
09-26 12:04:01 pm BST Network is UP. Just exit the program.
09-26 12:05:01 pm BST Network is UP. Just exit the program.
09-26 12:06:01 pm BST Network is UP. Just exit the program.
09-26 12:07:01 pm BST Network is UP. Just exit the program.
09-26 12:08:01 pm BST Network is UP. Just exit the program.
09-26 12:09:01 pm BST Network is UP. Just exit the program.
09-26 12:10:01 pm BST Network is UP. Just exit the program.
09-26 12:11:01 pm BST Network is UP. Just exit the program.
09-26 12:12:01 pm BST Network is UP. Just exit the program.
09-26 12:13:01 pm BST Network is UP. Just exit the program.
09-26 12:14:01 pm BST Network is UP. Just exit the program.
09-26 12:15:01 pm BST Network is UP. Just exit the program.
09-26 12:16:01 pm BST Network is UP. Just exit the program.
09-26 12:17:01 pm BST Network is UP. Just exit the program.
09-26 12:18:01 pm BST Network is UP. Just exit the program.
09-26 12:19:01 pm BST Network is UP. Just exit the program.
09-26 12:20:01 pm BST Network is UP. Just exit the program.
09-26 12:21:01 pm BST Network is UP. Just exit the program.
09-26 12:22:01 pm BST Network is UP. Just exit the program.
09-26 12:23:01 pm BST Network is UP. Just exit the program.
09-26 12:24:01 pm BST Network is UP. Just exit the program.
09-26 12:25:01 pm BST Network is UP. Just exit the program.
09-26 12:26:01 pm BST Network is UP. Just exit the program.
09-26 12:27:01 pm BST Network is UP. Just exit the program.
09-26 12:28:01 pm BST Network is UP. Just exit the program.
09-26 12:29:01 pm BST Network is UP. Just exit the program.
09-26 12:30:01 pm BST Network is UP. Just exit the program.
09-26 12:31:01 pm BST Network is UP. Just exit the program.
09-26 12:32:01 pm BST Network is UP. Just exit the program.
09-26 12:33:01 pm BST Network is UP. Just exit the program.
09-26 12:34:01 pm BST Network is UP. Just exit the program.
09-26 12:35:01 pm BST Network is UP. Just exit the program.
09-26 12:36:01 pm BST Network is UP. Just exit the program.
09-26 12:37:01 pm BST Network is UP. Just exit the program.
09-26 12:38:01 pm BST Network is UP. Just exit the program.
09-26 12:39:01 pm BST Network is UP. Just exit the program.
09-26 12:40:01 pm BST Network is UP. Just exit the program.
09-26 12:41:01 pm BST Network is UP. Just exit the program.
09-26 12:42:01 pm BST Network is UP. Just exit the program.
09-26 12:43:01 pm BST Network is UP. Just exit the program.
09-26 12:44:01 pm BST Network is UP. Just exit the program.
09-26 12:45:01 pm BST Network is UP. Just exit the program.
09-26 12:46:01 pm BST Network is UP. Just exit the program.
09-26 12:47:01 pm BST Network is UP. Just exit the program.
09-26 12:48:01 pm BST Network is UP. Just exit the program.
09-26 12:49:01 pm BST Network is UP. Just exit the program.
09-26 12:50:01 pm BST Network is UP. Just exit the program.
09-26 12:51:01 pm BST Network is UP. Just exit the program.
09-26 12:52:01 pm BST Network is UP. Just exit the program.
09-26 12:53:01 pm BST Network is UP. Just exit the program.
09-26 12:54:01 pm BST Network is UP. Just exit the program.
09-26 12:55:01 pm BST Network is UP. Just exit the program.
09-26 12:56:01 pm BST Network is UP. Just exit the program.
09-26 12:57:02 pm BST Network is UP. Just exit the program.
09-26 12:58:01 pm BST Network is UP. Just exit the program.
09-26 12:59:01 pm BST Network is UP. Just exit the program.
09-26  1:00:01 pm BST Network is UP. Just exit the program.
09-26  1:01:01 pm BST Network is UP. Just exit the program.
09-26  1:02:01 pm BST Network is UP. Just exit the program.
09-26  1:03:01 pm BST Network is UP. Just exit the program.
09-26  1:04:01 pm BST Network is UP. Just exit the program.
09-26  1:05:01 pm BST Network is UP. Just exit the program.
09-26  1:06:01 pm BST Network is UP. Just exit the program.
09-26  1:07:01 pm BST Network is UP. Just exit the program.
09-26  1:08:01 pm BST Network is UP. Just exit the program.
09-26  1:09:01 pm BST Network is UP. Just exit the program.
09-26  1:10:01 pm BST Network is UP. Just exit the program.
09-26  1:11:01 pm BST Network is UP. Just exit the program.
09-26  1:12:01 pm BST Network is UP. Just exit the program.
09-26  1:13:01 pm BST Network is UP. Just exit the program.
09-26  1:14:01 pm BST Network is UP. Just exit the program.
09-26  1:15:01 pm BST Network is UP. Just exit the program.
09-26  1:16:01 pm BST Network is UP. Just exit the program.
09-26  1:17:01 pm BST Network is UP. Just exit the program.
09-26  1:18:01 pm BST Network is UP. Just exit the program.
09-26  1:19:01 pm BST Network is UP. Just exit the program.
09-26  1:20:01 pm BST Network is UP. Just exit the program.
09-26  1:21:01 pm BST Network is UP. Just exit the program.
09-26  1:22:01 pm BST Network is UP. Just exit the program.
09-26  1:23:01 pm BST Network is UP. Just exit the program.
09-26  1:24:01 pm BST Network is UP. Just exit the program.
09-26  1:25:01 pm BST Network is UP. Just exit the program.
09-26  1:26:01 pm BST Network is UP. Just exit the program.
09-26  1:27:01 pm BST Network is UP. Just exit the program.
09-26  1:28:01 pm BST Network is UP. Just exit the program.
09-26  1:29:01 pm BST Network is UP. Just exit the program.
09-26  1:30:01 pm BST Network is UP. Just exit the program.
09-26  1:31:01 pm BST Network is UP. Just exit the program.
09-26  1:32:01 pm BST Network is UP. Just exit the program.
09-26  1:33:01 pm BST Network is UP. Just exit the program.
09-26  1:34:01 pm BST Network is UP. Just exit the program.
09-26  1:35:01 pm BST Network is UP. Just exit the program.
09-26  1:36:01 pm BST Network is UP. Just exit the program.
09-26  1:37:01 pm BST Network is UP. Just exit the program.
09-26  1:38:01 pm BST Network is UP. Just exit the program.
09-26  1:39:01 pm BST Network is UP. Just exit the program.
09-26  1:40:01 pm BST Network is UP. Just exit the program.
09-26  1:41:01 pm BST Network is UP. Just exit the program.
09-26  1:42:01 pm BST Network is UP. Just exit the program.
09-26  1:43:01 pm BST Network is UP. Just exit the program.
09-26  1:44:01 pm BST Network is UP. Just exit the program.
09-26  1:45:01 pm BST Network is UP. Just exit the program.
09-26  1:46:01 pm BST Network is UP. Just exit the program.
09-26  1:47:01 pm BST Network is UP. Just exit the program.
09-26  1:48:01 pm BST Network is UP. Just exit the program.
09-26  1:49:01 pm BST Network is UP. Just exit the program.
09-26  1:50:01 pm BST Network is UP. Just exit the program.
09-26  1:51:01 pm BST Network is UP. Just exit the program.
09-26  1:52:01 pm BST Network is UP. Just exit the program.
09-26  1:53:01 pm BST Network is UP. Just exit the program.
09-26  1:54:01 pm BST Network is UP. Just exit the program.
09-26  1:55:01 pm BST Network is UP. Just exit the program.
09-26  1:56:01 pm BST Network is UP. Just exit the program.
09-26  1:57:01 pm BST Network is UP. Just exit the program.
09-26  1:58:01 pm BST Network is UP. Just exit the program.
09-26  1:59:01 pm BST Network is UP. Just exit the program.
09-26  2:00:02 pm BST Network is UP. Just exit the program.
09-26  2:01:01 pm BST Network is UP. Just exit the program.
09-26  2:02:01 pm BST Network is UP. Just exit the program.
09-26  2:03:01 pm BST Network is UP. Just exit the program.
09-26  2:04:01 pm BST Network is UP. Just exit the program.
09-26  2:05:01 pm BST Network is UP. Just exit the program.
09-26  2:06:01 pm BST Network is UP. Just exit the program.
09-26  2:07:01 pm BST Network is UP. Just exit the program.
09-26  2:08:01 pm BST Network is UP. Just exit the program.
09-26  2:09:02 pm BST Network is UP. Just exit the program.
09-26  2:10:01 pm BST Network is UP. Just exit the program.
09-26  2:11:01 pm BST Network is UP. Just exit the program.
09-26  2:12:01 pm BST Network is UP. Just exit the program.
09-26  2:13:01 pm BST Network is UP. Just exit the program.
09-26  2:14:01 pm BST Network is UP. Just exit the program.
09-26  2:15:01 pm BST Network is UP. Just exit the program.
09-26  2:16:01 pm BST Network is UP. Just exit the program.
09-26  2:17:01 pm BST Network is UP. Just exit the program.
09-26  2:18:02 pm BST Network is UP. Just exit the program.
09-26  2:19:01 pm BST Network is UP. Just exit the program.
09-26  2:20:01 pm BST Network is UP. Just exit the program.
09-26  2:21:01 pm BST Network is UP. Just exit the program.
09-26  2:22:01 pm BST Network is UP. Just exit the program.
09-26  2:23:01 pm BST Network is UP. Just exit the program.
09-26  2:24:01 pm BST Network is UP. Just exit the program.
09-26  2:25:01 pm BST Network is UP. Just exit the program.
09-26  2:26:01 pm BST Network is UP. Just exit the program.
09-26  2:27:02 pm BST Network is UP. Just exit the program.
09-26  2:28:01 pm BST Network is UP. Just exit the program.
09-26  2:29:01 pm BST Network is UP. Just exit the program.
09-26  2:30:01 pm BST Network is UP. Just exit the program.
09-26  2:31:01 pm BST Network is UP. Just exit the program.
09-26  2:32:01 pm BST Network is UP. Just exit the program.
09-26  2:33:01 pm BST Network is UP. Just exit the program.
09-26  2:34:01 pm BST Network is UP. Just exit the program.
09-26  2:35:01 pm BST Network is UP. Just exit the program.
09-26  2:36:01 pm BST Network is UP. Just exit the program.
09-26  2:37:01 pm BST Network is UP. Just exit the program.
09-26  2:38:01 pm BST Network is UP. Just exit the program.
09-26  2:39:01 pm BST Network is UP. Just exit the program.
09-26  2:40:01 pm BST Network is UP. Just exit the program.
09-26  2:41:01 pm BST Network is UP. Just exit the program.
09-26  2:42:01 pm BST Network is UP. Just exit the program.
09-26  2:43:01 pm BST Network is UP. Just exit the program.
09-26  2:44:01 pm BST Network is UP. Just exit the program.
09-26  2:45:01 pm BST Network is UP. Just exit the program.
09-26  2:46:01 pm BST Network is UP. Just exit the program.
09-26  2:47:01 pm BST Network is UP. Just exit the program.
09-26  2:48:01 pm BST Network is UP. Just exit the program.
09-26  2:49:01 pm BST Network is UP. Just exit the program.
09-26  2:50:01 pm BST Network is UP. Just exit the program.
09-26  2:51:01 pm BST Network is UP. Just exit the program.
09-26  2:52:01 pm BST Network is UP. Just exit the program.
09-26  2:53:01 pm BST Network is UP. Just exit the program.
09-26  2:54:01 pm BST Network is UP. Just exit the program.
09-26  2:55:01 pm BST Network is UP. Just exit the program.
09-26  2:56:01 pm BST Network is UP. Just exit the program.
09-26  2:57:01 pm BST Network is UP. Just exit the program.
09-26  2:58:01 pm BST Network is UP. Just exit the program.
09-26  2:59:01 pm BST Network is UP. Just exit the program.
09-26  3:00:01 pm BST Network is UP. Just exit the program.
09-26  3:01:01 pm BST Network is UP. Just exit the program.
09-26  3:02:01 pm BST Network is UP. Just exit the program.
09-26  3:03:01 pm BST Network is UP. Just exit the program.
09-26  3:04:01 pm BST Network is UP. Just exit the program.
09-26  3:05:01 pm BST Network is UP. Just exit the program.
09-26  3:06:01 pm BST Network is UP. Just exit the program.
09-26  3:07:01 pm BST Network is UP. Just exit the program.
09-26  3:08:01 pm BST Network is UP. Just exit the program.
09-26  3:09:01 pm BST Network is UP. Just exit the program.
09-26  3:10:01 pm BST Network is UP. Just exit the program.
09-26  3:11:01 pm BST Network is UP. Just exit the program.
09-26  3:12:01 pm BST Network is UP. Just exit the program.
09-26  3:13:01 pm BST Network is UP. Just exit the program.
09-26  3:14:01 pm BST Network is UP. Just exit the program.
09-26  3:15:01 pm BST Network is UP. Just exit the program.
09-26  3:16:01 pm BST Network is UP. Just exit the program.
09-26  3:17:01 pm BST Network is UP. Just exit the program.
09-26  3:18:01 pm BST Network is UP. Just exit the program.
09-26  3:19:02 pm BST Network is UP. Just exit the program.
09-26  3:20:01 pm BST Network is UP. Just exit the program.
09-26  3:21:01 pm BST Network is UP. Just exit the program.
09-26  3:22:01 pm BST Network is UP. Just exit the program.
09-26  3:23:01 pm BST Network is UP. Just exit the program.
09-26  3:24:01 pm BST Network is UP. Just exit the program.
09-26  3:25:01 pm BST Network is UP. Just exit the program.
09-26  3:26:01 pm BST Network is UP. Just exit the program.
09-26  3:27:01 pm BST Network is UP. Just exit the program.
09-26  3:28:01 pm BST Network is UP. Just exit the program.
09-26  3:29:01 pm BST Network is UP. Just exit the program.
09-26  3:30:01 pm BST Network is UP. Just exit the program.
09-26  3:31:01 pm BST Network is UP. Just exit the program.
09-26  3:32:01 pm BST Network is UP. Just exit the program.
09-26  3:33:01 pm BST Network is UP. Just exit the program.
09-26  3:34:01 pm BST Network is UP. Just exit the program.
09-26  3:35:01 pm BST Network is UP. Just exit the program.
09-26  3:36:01 pm BST Network is UP. Just exit the program.
09-26  3:37:02 pm BST Network is UP. Just exit the program.
09-26  3:38:01 pm BST Network is UP. Just exit the program.
09-26  3:39:01 pm BST Network is UP. Just exit the program.
09-26  3:40:01 pm BST Network is UP. Just exit the program.
09-26  3:41:01 pm BST Network is UP. Just exit the program.
09-26  3:42:01 pm BST Network is UP. Just exit the program.
09-26  3:43:01 pm BST Network is UP. Just exit the program.
09-26  3:44:01 pm BST Network is UP. Just exit the program.
09-26  3:45:01 pm BST Network is UP. Just exit the program.
09-26  3:46:01 pm BST Network is UP. Just exit the program.
09-26  3:47:01 pm BST Network is UP. Just exit the program.
09-26  3:48:01 pm BST Network is UP. Just exit the program.
09-26  3:49:01 pm BST Network is UP. Just exit the program.
09-26  3:50:01 pm BST Network is UP. Just exit the program.
09-26  3:51:01 pm BST Network is UP. Just exit the program.
09-26  3:52:01 pm BST Network is UP. Just exit the program.
09-26  3:53:01 pm BST Network is UP. Just exit the program.
09-26  3:54:01 pm BST Network is UP. Just exit the program.
09-26  3:55:01 pm BST Network is UP. Just exit the program.
09-26  3:56:01 pm BST Network is UP. Just exit the program.
09-26  3:57:01 pm BST Network is UP. Just exit the program.
09-26  3:58:01 pm BST Network is UP. Just exit the program.
09-26  3:59:01 pm BST Network is UP. Just exit the program.
09-26  4:00:02 pm BST Network is UP. Just exit the program.
09-26  4:01:01 pm BST Network is UP. Just exit the program.
09-26  4:02:01 pm BST Network is UP. Just exit the program.
09-26  4:03:01 pm BST Network is UP. Just exit the program.
09-26  4:04:01 pm BST Network is UP. Just exit the program.
09-26  4:05:01 pm BST Network is UP. Just exit the program.
09-26  4:06:01 pm BST Network is UP. Just exit the program.
09-26  4:07:01 pm BST Network is UP. Just exit the program.
09-26  4:08:01 pm BST Network is UP. Just exit the program.
09-26  4:09:01 pm BST Network is UP. Just exit the program.
09-26  4:10:01 pm BST Network is UP. Just exit the program.
09-26  4:11:01 pm BST Network is UP. Just exit the program.
09-26  4:12:01 pm BST Network is UP. Just exit the program.
                                                            09-26  3:18:01 pm BST Network is UP. Just exit the program.
09-26  3:19:01 pm BST Network is UP. Just exit the program.
09-26  4:18:43 pm BST Network is UP. Just exit the program.
09-26  4:19:01 pm BST Network is UP. Just exit the program.
09-26  4:20:01 pm BST Network is UP. Just exit the program.
09-26  4:47:53 pm BST Network is UP. Just exit the program.
09-26  4:48:01 pm BST Network is UP. Just exit the program.
09-26  4:49:01 pm BST Network is UP. Just exit the program.
09-26  4:50:01 pm BST Network is UP. Just exit the program.
09-26  4:51:01 pm BST Network is UP. Just exit the program.
09-26  4:52:01 pm BST Network is UP. Just exit the program.
09-26  4:53:01 pm BST Network is UP. Just exit the program.
09-27  2:48:05 pm BST Network is UP. Just exit the program.
09-27  2:49:01 pm BST Network is UP. Just exit the program.
09-27  2:50:01 pm BST Network is UP. Just exit the program.
09-27  2:51:01 pm BST Network is UP. Just exit the program.
09-27  2:52:01 pm BST Network is UP. Just exit the program.
09-27  2:53:01 pm BST Network is UP. Just exit the program.
09-27  2:54:01 pm BST Network is UP. Just exit the program.
09-27  2:55:01 pm BST Network is UP. Just exit the program.
09-27  2:56:01 pm BST Network is UP. Just exit the program.
09-27  2:57:01 pm BST Network is UP. Just exit the program.
09-27  2:58:01 pm BST Network is UP. Just exit the program.
09-27  2:59:01 pm BST Network is UP. Just exit the program.
09-27  3:00:01 pm BST Network is UP. Just exit the program.
09-27  3:01:02 pm BST Network is UP. Just exit the program.
09-27  3:02:01 pm BST Network is UP. Just exit the program.
09-27  3:03:01 pm BST Network is UP. Just exit the program.
09-27  3:04:01 pm BST Network is UP. Just exit the program.
09-27  3:05:01 pm BST Network is UP. Just exit the program.
09-27  3:06:01 pm BST Network is UP. Just exit the program.
09-27  3:07:01 pm BST Network is UP. Just exit the program.
09-27  3:08:01 pm BST Network is UP. Just exit the program.
09-27  3:09:01 pm BST Network is UP. Just exit the program.
09-27  3:10:01 pm BST Network is UP. Just exit the program.
09-27  3:11:01 pm BST Network is UP. Just exit the program.
09-27  3:12:01 pm BST Network is UP. Just exit the program.
09-27  3:13:01 pm BST Network is UP. Just exit the program.
09-27  3:14:01 pm BST Network is UP. Just exit the program.
09-27  3:15:01 pm BST Network is UP. Just exit the program.
09-27  3:16:01 pm BST Network is UP. Just exit the program.
09-27  3:17:01 pm BST Network is UP. Just exit the program.
09-27  3:18:01 pm BST Network is UP. Just exit the program.
09-27  3:19:01 pm BST Network is UP. Just exit the program.
09-27  3:20:01 pm BST Network is UP. Just exit the program.
09-27  3:21:01 pm BST Network is UP. Just exit the program.
09-27  3:22:01 pm BST Network is UP. Just exit the program.
09-27  3:23:02 pm BST Network is UP. Just exit the program.
09-27  3:24:01 pm BST Network is UP. Just exit the program.
09-27  3:25:01 pm BST Network is UP. Just exit the program.
09-27  3:26:01 pm BST Network is UP. Just exit the program.
09-27  3:27:01 pm BST Network is UP. Just exit the program.
09-27  3:28:01 pm BST Network is UP. Just exit the program.
09-27  3:29:01 pm BST Network is UP. Just exit the program.
09-27  3:30:01 pm BST Network is UP. Just exit the program.
09-27  3:31:01 pm BST Network is UP. Just exit the program.
09-27  3:32:01 pm BST Network is UP. Just exit the program.
09-27  3:33:01 pm BST Network is UP. Just exit the program.
09-27  3:34:01 pm BST Network is UP. Just exit the program.
09-27  3:35:01 pm BST Network is UP. Just exit the program.
09-27  3:36:01 pm BST Network is UP. Just exit the program.
09-27  3:37:01 pm BST Network is UP. Just exit the program.
09-27  3:38:01 pm BST Network is UP. Just exit the program.
09-27  3:39:01 pm BST Network is UP. Just exit the program.
09-27  3:40:01 pm BST Network is UP. Just exit the program.
09-27  3:41:01 pm BST Network is UP. Just exit the program.
09-27  3:42:01 pm BST Network is UP. Just exit the program.
09-27  3:43:01 pm BST Network is UP. Just exit the program.
09-27  3:44:01 pm BST Network is UP. Just exit the program.
09-27  3:45:01 pm BST Network is UP. Just exit the program.
09-27  3:46:01 pm BST Network is UP. Just exit the program.
09-27  3:47:01 pm BST Network is UP. Just exit the program.
09-27  3:48:01 pm BST Network is UP. Just exit the program.
09-27  3:49:01 pm BST Network is UP. Just exit the program.
09-27  3:50:01 pm BST Network is UP. Just exit the program.
09-27  3:51:01 pm BST Network is UP. Just exit the program.
09-27  3:52:01 pm BST Network is UP. Just exit the program.
09-27  3:53:01 pm BST Network is UP. Just exit the program.
09-27  3:54:01 pm BST Network is UP. Just exit the program.
09-27  3:55:01 pm BST Network is UP. Just exit the program.
09-27  3:56:01 pm BST Network is UP. Just exit the program.
09-27  3:57:02 pm BST Network is UP. Just exit the program.
09-27  3:58:01 pm BST Network is UP. Just exit the program.
09-27  3:59:01 pm BST Network is UP. Just exit the program.
09-27  4:00:01 pm BST Network is UP. Just exit the program.
09-27  4:01:01 pm BST Network is UP. Just exit the program.
09-27  4:02:01 pm BST Network is UP. Just exit the program.
09-27  4:03:01 pm BST Network is UP. Just exit the program.
09-27  4:04:01 pm BST Network is UP. Just exit the program.
09-27  4:05:01 pm BST Network is UP. Just exit the program.
09-27  4:06:01 pm BST Network is UP. Just exit the program.
09-27  4:07:01 pm BST Network is UP. Just exit the program.
09-27  4:08:01 pm BST Network is UP. Just exit the program.
09-27  4:09:01 pm BST Network is UP. Just exit the program.
09-27  4:10:01 pm BST Network is UP. Just exit the program.
09-27  4:11:01 pm BST Network is UP. Just exit the program.
09-27  4:12:01 pm BST Network is UP. Just exit the program.
09-27  4:13:01 pm BST Network is UP. Just exit the program.
09-27  4:14:01 pm BST Network is UP. Just exit the program.
09-27  4:15:01 pm BST Network is UP. Just exit the program.
09-27  4:16:01 pm BST Network is UP. Just exit the program.
09-27  4:17:01 pm BST Network is UP. Just exit the program.
09-27  4:18:01 pm BST Network is UP. Just exit the program.
09-27  4:19:01 pm BST Network is UP. Just exit the program.
09-27  4:20:01 pm BST Network is UP. Just exit the program.
09-27  4:21:01 pm BST Network is UP. Just exit the program.
09-27  4:22:01 pm BST Network is UP. Just exit the program.
09-27  4:23:01 pm BST Network is UP. Just exit the program.
09-27  4:24:01 pm BST Network is UP. Just exit the program.
09-27  4:25:01 pm BST Network is UP. Just exit the program.
09-27  4:26:01 pm BST Network is UP. Just exit the program.
09-27  4:27:01 pm BST Network is UP. Just exit the program.
09-27  4:28:01 pm BST Network is UP. Just exit the program.
09-27  4:29:01 pm BST Network is UP. Just exit the program.
09-27  4:30:01 pm BST Network is UP. Just exit the program.
09-27  4:31:01 pm BST Network is UP. Just exit the program.
09-27  4:32:01 pm BST Network is UP. Just exit the program.
09-27  4:33:01 pm BST Network is UP. Just exit the program.
09-27  4:34:01 pm BST Network is UP. Just exit the program.
09-27  4:35:01 pm BST Network is UP. Just exit the program.
09-27  4:36:01 pm BST Network is UP. Just exit the program.
09-27  4:37:01 pm BST Network is UP. Just exit the program.
09-27  4:38:01 pm BST Network is UP. Just exit the program.
09-27  4:39:01 pm BST Network is UP. Just exit the program.
09-27  4:40:02 pm BST Network is UP. Just exit the program.
09-27  4:41:01 pm BST Network is UP. Just exit the program.
09-27  4:42:01 pm BST Network is UP. Just exit the program.
09-27  4:43:01 pm BST Network is UP. Just exit the program.
09-27  4:44:01 pm BST Network is UP. Just exit the program.
09-27  4:45:01 pm BST Network is UP. Just exit the program.
09-27  4:46:01 pm BST Network is UP. Just exit the program.
09-27  4:47:01 pm BST Network is UP. Just exit the program.
09-27  4:48:01 pm BST Network is UP. Just exit the program.
09-27  4:49:01 pm BST Network is UP. Just exit the program.
09-27  4:50:02 pm BST Network is UP. Just exit the program.
09-27  4:51:01 pm BST Network is UP. Just exit the program.
09-27  4:52:01 pm BST Network is UP. Just exit the program.
09-27  4:53:01 pm BST Network is UP. Just exit the program.
09-27  4:54:01 pm BST Network is UP. Just exit the program.
09-27  4:55:01 pm BST Network is UP. Just exit the program.
09-27  4:56:01 pm BST Network is UP. Just exit the program.
09-27  4:57:01 pm BST Network is UP. Just exit the program.
09-27  4:58:01 pm BST Network is UP. Just exit the program.
09-27  4:59:01 pm BST Network is UP. Just exit the program.
09-27  5:00:01 pm BST Network is UP. Just exit the program.
09-27  5:01:01 pm BST Network is UP. Just exit the program.
09-27  5:02:01 pm BST Network is UP. Just exit the program.
09-27  5:03:01 pm BST Network is UP. Just exit the program.
09-27  5:04:01 pm BST Network is UP. Just exit the program.
09-27  5:05:01 pm BST Network is UP. Just exit the program.
09-27  5:06:01 pm BST Network is UP. Just exit the program.
09-27  5:07:01 pm BST Network is UP. Just exit the program.
09-27  5:08:01 pm BST Network is UP. Just exit the program.
09-27  5:09:01 pm BST Network is UP. Just exit the program.
09-27  5:10:01 pm BST Network is UP. Just exit the program.
09-27  5:11:01 pm BST Network is UP. Just exit the program.
09-27  5:12:01 pm BST Network is UP. Just exit the program.
09-27  5:13:01 pm BST Network is UP. Just exit the program.
09-27  5:14:01 pm BST Network is UP. Just exit the program.
09-27  5:15:01 pm BST Network is UP. Just exit the program.
09-27  5:16:01 pm BST Network is UP. Just exit the program.
09-27  5:17:01 pm BST Network is UP. Just exit the program.
09-27  5:18:01 pm BST Network is UP. Just exit the program.
09-27  5:19:01 pm BST Network is UP. Just exit the program.
09-27  5:20:01 pm BST Network is UP. Just exit the program.
09-27  5:21:01 pm BST Network is UP. Just exit the program.
09-27  5:22:01 pm BST Network is UP. Just exit the program.
09-27  5:23:01 pm BST Network is UP. Just exit the program.
09-27  5:24:01 pm BST Network is UP. Just exit the program.
09-27  5:25:01 pm BST Network is UP. Just exit the program.
09-27  5:26:01 pm BST Network is UP. Just exit the program.
09-27  5:27:01 pm BST Network is UP. Just exit the program.
09-27  5:28:01 pm BST Network is UP. Just exit the program.
09-27  5:29:01 pm BST Network is UP. Just exit the program.
09-27  5:30:01 pm BST Network is UP. Just exit the program.
09-27  5:31:01 pm BST Network is UP. Just exit the program.
09-27  5:32:01 pm BST Network is UP. Just exit the program.
09-27  5:33:01 pm BST Network is UP. Just exit the program.
09-27  5:34:01 pm BST Network is UP. Just exit the program.
09-27  5:35:01 pm BST Network is UP. Just exit the program.
09-27  5:36:01 pm BST Network is UP. Just exit the program.
09-27  5:37:01 pm BST Network is UP. Just exit the program.
09-27  5:38:01 pm BST Network is UP. Just exit the program.
09-27  5:39:01 pm BST Network is UP. Just exit the program.
09-27  5:40:01 pm BST Network is UP. Just exit the program.
09-27  5:41:01 pm BST Network is UP. Just exit the program.
09-27  5:42:01 pm BST Network is UP. Just exit the program.
09-27  5:43:02 pm BST Network is UP. Just exit the program.
09-27  5:44:01 pm BST Network is UP. Just exit the program.
09-27  5:45:01 pm BST Network is UP. Just exit the program.
09-27  5:46:01 pm BST Network is UP. Just exit the program.
09-27  5:47:01 pm BST Network is UP. Just exit the program.
09-27  5:48:01 pm BST Network is UP. Just exit the program.
09-27  5:49:01 pm BST Network is UP. Just exit the program.
09-27  5:50:01 pm BST Network is UP. Just exit the program.
09-27  5:51:01 pm BST Network is UP. Just exit the program.
09-27  5:52:01 pm BST Network is UP. Just exit the program.
09-27  5:53:01 pm BST Network is UP. Just exit the program.
09-27  5:54:01 pm BST Network is UP. Just exit the program.
09-27  5:55:01 pm BST Network is UP. Just exit the program.
09-27  5:56:01 pm BST Network is UP. Just exit the program.
09-27  5:57:01 pm BST Network is UP. Just exit the program.
09-27  5:58:01 pm BST Network is UP. Just exit the program.
09-27  5:59:01 pm BST Network is UP. Just exit the program.
09-27  6:00:01 pm BST Network is UP. Just exit the program.
09-27  6:01:01 pm BST Network is UP. Just exit the program.
09-27  6:02:01 pm BST Network is UP. Just exit the program.
09-27  6:03:01 pm BST Network is UP. Just exit the program.
09-27  6:04:01 pm BST Network is UP. Just exit the program.
09-27  6:05:01 pm BST Network is UP. Just exit the program.
09-27  6:06:01 pm BST Network is UP. Just exit the program.
09-27  6:07:01 pm BST Network is UP. Just exit the program.
09-27  6:08:01 pm BST Network is UP. Just exit the program.
09-27  6:09:01 pm BST Network is UP. Just exit the program.
09-27  6:10:01 pm BST Network is UP. Just exit the program.
09-27  6:11:01 pm BST Network is UP. Just exit the program.
09-27  6:12:01 pm BST Network is UP. Just exit the program.
09-27  6:13:01 pm BST Network is UP. Just exit the program.
09-27  6:14:01 pm BST Network is UP. Just exit the program.
09-27  6:15:01 pm BST Network is UP. Just exit the program.
09-27  6:16:01 pm BST Network is UP. Just exit the program.
09-27  6:17:01 pm BST Network is UP. Just exit the program.
09-27  6:18:01 pm BST Network is UP. Just exit the program.
09-27  6:19:01 pm BST Network is UP. Just exit the program.
09-27  6:20:01 pm BST Network is UP. Just exit the program.
09-27  6:21:01 pm BST Network is UP. Just exit the program.
09-27  6:22:01 pm BST Network is UP. Just exit the program.
09-27  6:23:01 pm BST Network is UP. Just exit the program.
09-27  6:24:01 pm BST Network is UP. Just exit the program.
09-27  6:25:01 pm BST Network is UP. Just exit the program.
09-27  6:26:01 pm BST Network is UP. Just exit the program.
09-27  6:27:01 pm BST Network is UP. Just exit the program.
09-27  6:28:01 pm BST Network is UP. Just exit the program.
09-27  6:29:01 pm BST Network is UP. Just exit the program.
09-27  6:30:01 pm BST Network is UP. Just exit the program.
09-27  6:31:01 pm BST Network is UP. Just exit the program.
09-27  6:32:01 pm BST Network is UP. Just exit the program.
09-27  6:33:02 pm BST Network is UP. Just exit the program.
09-27  6:34:01 pm BST Network is UP. Just exit the program.
09-27  6:35:01 pm BST Network is UP. Just exit the program.
09-27  6:36:01 pm BST Network is UP. Just exit the program.
09-27  6:37:01 pm BST Network is UP. Just exit the program.
09-27  6:38:01 pm BST Network is UP. Just exit the program.
09-27  6:39:01 pm BST Network is UP. Just exit the program.
09-27  6:40:01 pm BST Network is UP. Just exit the program.
09-27  6:41:01 pm BST Network is UP. Just exit the program.
09-27  6:42:01 pm BST Network is UP. Just exit the program.
09-27  6:43:01 pm BST Network is UP. Just exit the program.
09-27  6:44:01 pm BST Network is UP. Just exit the program.
09-27  6:45:01 pm BST Network is UP. Just exit the program.
09-27  6:46:01 pm BST Network is UP. Just exit the program.
09-27  6:47:01 pm BST Network is UP. Just exit the program.
09-27  6:48:01 pm BST Network is UP. Just exit the program.
09-27  6:49:01 pm BST Network is UP. Just exit the program.
09-27  6:50:01 pm BST Network is UP. Just exit the program.
09-27  6:51:01 pm BST Network is UP. Just exit the program.
09-27  6:52:01 pm BST Network is UP. Just exit the program.
09-27  6:53:01 pm BST Network is UP. Just exit the program.
09-27  6:54:01 pm BST Network is UP. Just exit the program.
09-27  6:55:01 pm BST Network is UP. Just exit the program.
09-27  6:56:01 pm BST Network is UP. Just exit the program.
09-27  6:57:01 pm BST Network is UP. Just exit the program.
09-27  6:58:01 pm BST Network is UP. Just exit the program.
09-27  6:59:01 pm BST Network is UP. Just exit the program.
09-27  7:00:01 pm BST Network is UP. Just exit the program.
09-27  7:01:01 pm BST Network is UP. Just exit the program.
09-27  7:02:01 pm BST Network is UP. Just exit the program.
09-27  7:03:01 pm BST Network is UP. Just exit the program.
09-27  7:04:01 pm BST Network is UP. Just exit the program.
09-27  7:05:01 pm BST Network is UP. Just exit the program.
09-27  7:06:01 pm BST Network is UP. Just exit the program.
09-27  7:07:01 pm BST Network is UP. Just exit the program.
09-27  7:08:01 pm BST Network is UP. Just exit the program.
09-27  7:09:01 pm BST Network is UP. Just exit the program.
09-27  7:10:01 pm BST Network is UP. Just exit the program.
09-27  7:11:01 pm BST Network is UP. Just exit the program.
09-27  7:12:01 pm BST Network is UP. Just exit the program.
09-27  7:13:01 pm BST Network is UP. Just exit the program.
09-27  7:14:01 pm BST Network is UP. Just exit the program.
09-27  7:15:01 pm BST Network is UP. Just exit the program.
09-27  7:16:01 pm BST Network is UP. Just exit the program.
09-27  7:17:01 pm BST Network is UP. Just exit the program.
09-27  7:18:01 pm BST Network is UP. Just exit the program.
09-27  7:19:01 pm BST Network is UP. Just exit the program.
09-27  7:20:01 pm BST Network is UP. Just exit the program.
09-27  7:21:01 pm BST Network is UP. Just exit the program.
09-27  7:22:01 pm BST Network is UP. Just exit the program.
09-27  7:23:01 pm BST Network is UP. Just exit the program.
09-27  7:24:01 pm BST Network is UP. Just exit the program.
09-27  7:25:01 pm BST Network is UP. Just exit the program.
09-27  7:26:01 pm BST Network is UP. Just exit the program.
09-27  7:27:01 pm BST Network is UP. Just exit the program.
09-27  7:28:01 pm BST Network is UP. Just exit the program.
09-27  7:29:01 pm BST Network is UP. Just exit the program.
09-27  7:30:01 pm BST Network is UP. Just exit the program.
09-27  7:31:01 pm BST Network is UP. Just exit the program.
09-27  7:32:01 pm BST Network is UP. Just exit the program.
09-27  7:33:01 pm BST Network is UP. Just exit the program.
09-27  7:34:01 pm BST Network is UP. Just exit the program.
09-27  7:35:01 pm BST Network is UP. Just exit the program.
09-27  7:36:01 pm BST Network is UP. Just exit the program.
09-27  7:37:01 pm BST Network is UP. Just exit the program.
09-27  7:38:01 pm BST Network is UP. Just exit the program.
09-27  7:39:01 pm BST Network is UP. Just exit the program.
09-27  7:40:01 pm BST Network is UP. Just exit the program.
09-27  7:41:01 pm BST Network is UP. Just exit the program.
09-27  7:42:01 pm BST Network is UP. Just exit the program.
09-27  7:43:01 pm BST Network is UP. Just exit the program.
09-27  7:44:01 pm BST Network is UP. Just exit the program.
09-27  7:45:01 pm BST Network is UP. Just exit the program.
09-27  7:46:02 pm BST Network is UP. Just exit the program.
09-27  7:47:01 pm BST Network is UP. Just exit the program.
09-27  7:48:01 pm BST Network is UP. Just exit the program.
09-27  7:49:01 pm BST Network is UP. Just exit the program.
09-27  7:50:01 pm BST Network is UP. Just exit the program.
09-27  7:51:01 pm BST Network is UP. Just exit the program.
09-27  7:52:01 pm BST Network is UP. Just exit the program.
09-27  7:53:01 pm BST Network is UP. Just exit the program.
09-27  7:54:01 pm BST Network is UP. Just exit the program.
09-27  7:55:01 pm BST Network is UP. Just exit the program.
09-27  7:56:01 pm BST Network is UP. Just exit the program.
09-27  7:57:01 pm BST Network is UP. Just exit the program.
09-27  7:58:01 pm BST Network is UP. Just exit the program.
09-27  7:59:01 pm BST Network is UP. Just exit the program.
09-27  8:00:01 pm BST Network is UP. Just exit the program.
09-27  8:01:01 pm BST Network is UP. Just exit the program.
09-27  8:02:01 pm BST Network is UP. Just exit the program.
09-27  8:03:01 pm BST Network is UP. Just exit the program.
09-27  8:04:01 pm BST Network is UP. Just exit the program.
09-27  8:05:01 pm BST Network is UP. Just exit the program.
09-27  8:06:01 pm BST Network is UP. Just exit the program.
09-27  8:07:01 pm BST Network is UP. Just exit the program.
09-27  8:08:01 pm BST Network is UP. Just exit the program.
09-27  8:09:01 pm BST Network is UP. Just exit the program.
09-27  8:10:01 pm BST Network is UP. Just exit the program.
09-27  8:11:01 pm BST Network is UP. Just exit the program.
09-27  8:12:01 pm BST Network is UP. Just exit the program.
09-27  8:13:01 pm BST Network is UP. Just exit the program.
09-27  8:14:01 pm BST Network is UP. Just exit the program.
09-27  8:15:01 pm BST Network is UP. Just exit the program.
09-27  8:16:01 pm BST Network is UP. Just exit the program.
09-27  8:17:01 pm BST Network is UP. Just exit the program.
09-27  8:18:01 pm BST Network is UP. Just exit the program.
09-27  8:19:01 pm BST Network is UP. Just exit the program.
09-27  8:20:01 pm BST Network is UP. Just exit the program.
09-27  8:21:01 pm BST Network is UP. Just exit the program.
09-27  8:22:01 pm BST Network is UP. Just exit the program.
09-27  8:23:01 pm BST Network is UP. Just exit the program.
09-27  8:24:01 pm BST Network is UP. Just exit the program.
09-27  8:25:01 pm BST Network is UP. Just exit the program.
09-27  8:26:01 pm BST Network is UP. Just exit the program.
09-27  8:27:01 pm BST Network is UP. Just exit the program.
09-27  8:28:01 pm BST Network is UP. Just exit the program.
09-27  8:29:01 pm BST Network is UP. Just exit the program.
09-27  8:30:01 pm BST Network is UP. Just exit the program.
09-27  8:31:01 pm BST Network is UP. Just exit the program.
09-27  8:32:01 pm BST Network is UP. Just exit the program.
09-27  8:33:01 pm BST Network is UP. Just exit the program.
09-27  8:34:01 pm BST Network is UP. Just exit the program.
09-27  8:35:01 pm BST Network is UP. Just exit the program.
09-27  8:36:01 pm BST Network is UP. Just exit the program.
09-27  8:37:01 pm BST Network is UP. Just exit the program.
09-27  8:38:01 pm BST Network is UP. Just exit the program.
09-27  8:39:01 pm BST Network is UP. Just exit the program.
09-27  8:40:01 pm BST Network is UP. Just exit the program.
09-27  8:41:01 pm BST Network is UP. Just exit the program.
09-27  8:42:01 pm BST Network is UP. Just exit the program.
09-27  8:43:01 pm BST Network is UP. Just exit the program.
09-27  8:44:01 pm BST Network is UP. Just exit the program.
09-27  8:45:01 pm BST Network is UP. Just exit the program.
09-27  8:46:01 pm BST Network is UP. Just exit the program.
09-27  8:47:01 pm BST Network is UP. Just exit the program.
09-27  8:48:01 pm BST Network is UP. Just exit the program.
09-27  8:49:01 pm BST Network is UP. Just exit the program.
09-27  8:50:01 pm BST Network is UP. Just exit the program.
09-27  8:51:01 pm BST Network is UP. Just exit the program.
09-27  8:52:01 pm BST Network is UP. Just exit the program.
09-27  8:53:01 pm BST Network is UP. Just exit the program.
09-27  8:54:01 pm BST Network is UP. Just exit the program.
09-27  8:55:01 pm BST Network is UP. Just exit the program.
09-27  8:56:01 pm BST Network is UP. Just exit the program.
09-27  8:57:01 pm BST Network is UP. Just exit the program.
09-27  8:58:01 pm BST Network is UP. Just exit the program.
09-27  8:59:01 pm BST Network is UP. Just exit the program.
09-27  9:00:02 pm BST Network is UP. Just exit the program.
09-27  9:01:01 pm BST Network is UP. Just exit the program.
09-27  9:02:01 pm BST Network is UP. Just exit the program.
09-27  9:03:01 pm BST Network is UP. Just exit the program.
09-27  9:04:01 pm BST Network is UP. Just exit the program.
09-27  9:05:01 pm BST Network is UP. Just exit the program.
09-27  9:06:01 pm BST Network is UP. Just exit the program.
09-27  9:07:01 pm BST Network is UP. Just exit the program.
09-27  9:08:01 pm BST Network is UP. Just exit the program.
09-27  9:09:01 pm BST Network is UP. Just exit the program.
09-27  9:10:01 pm BST Network is UP. Just exit the program.
09-27  9:11:02 pm BST Network is UP. Just exit the program.
09-27  9:12:01 pm BST Network is UP. Just exit the program.
09-27  9:13:01 pm BST Network is UP. Just exit the program.
09-27  9:14:01 pm BST Network is UP. Just exit the program.
09-27  9:15:01 pm BST Network is UP. Just exit the program.
09-27  9:16:01 pm BST Network is UP. Just exit the program.
09-27  9:17:01 pm BST Network is UP. Just exit the program.
09-27  9:18:01 pm BST Network is UP. Just exit the program.
09-27  9:19:01 pm BST Network is UP. Just exit the program.
09-27  9:20:01 pm BST Network is UP. Just exit the program.
09-27  9:21:01 pm BST Network is UP. Just exit the program.
09-27  9:22:02 pm BST Network is UP. Just exit the program.
09-27  9:23:01 pm BST Network is UP. Just exit the program.
09-27  9:24:01 pm BST Network is UP. Just exit the program.
09-27  9:25:01 pm BST Network is UP. Just exit the program.
09-27  9:26:01 pm BST Network is UP. Just exit the program.
09-27  9:27:01 pm BST Network is UP. Just exit the program.
09-27  9:28:01 pm BST Network is UP. Just exit the program.
09-27  9:29:01 pm BST Network is UP. Just exit the program.
09-27  9:30:01 pm BST Network is UP. Just exit the program.
09-27  9:31:01 pm BST Network is UP. Just exit the program.
09-27  9:32:01 pm BST Network is UP. Just exit the program.
09-27  9:33:02 pm BST Network is UP. Just exit the program.
09-27  9:34:01 pm BST Network is UP. Just exit the program.
09-27  9:35:01 pm BST Network is UP. Just exit the program.
09-27  9:36:01 pm BST Network is UP. Just exit the program.
09-27  9:37:01 pm BST Network is UP. Just exit the program.
09-27  9:38:01 pm BST Network is UP. Just exit the program.
09-27  9:39:01 pm BST Network is UP. Just exit the program.
09-27  9:40:01 pm BST Network is UP. Just exit the program.
09-27  9:41:01 pm BST Network is UP. Just exit the program.
09-27  9:42:01 pm BST Network is UP. Just exit the program.
09-27  9:43:01 pm BST Network is UP. Just exit the program.
09-27  9:44:01 pm BST Network is UP. Just exit the program.
09-27  9:45:01 pm BST Network is UP. Just exit the program.
09-27  9:46:01 pm BST Network is UP. Just exit the program.
09-27  9:47:01 pm BST Network is UP. Just exit the program.
09-27  9:48:01 pm BST Network is UP. Just exit the program.
09-27  9:49:01 pm BST Network is UP. Just exit the program.
09-27  9:50:01 pm BST Network is UP. Just exit the program.
09-27  9:51:01 pm BST Network is UP. Just exit the program.
09-27  9:52:01 pm BST Network is UP. Just exit the program.
09-27  9:53:01 pm BST Network is UP. Just exit the program.
09-27  9:54:01 pm BST Network is UP. Just exit the program.
09-27  9:55:01 pm BST Network is UP. Just exit the program.
09-27  9:56:01 pm BST Network is UP. Just exit the program.
09-27  9:57:01 pm BST Network is UP. Just exit the program.
09-27  9:58:01 pm BST Network is UP. Just exit the program.
09-27  9:59:01 pm BST Network is UP. Just exit the program.
09-27 10:00:01 pm BST Network is UP. Just exit the program.
09-27 10:01:01 pm BST Network is UP. Just exit the program.
09-27 10:02:01 pm BST Network is UP. Just exit the program.
09-27 10:03:01 pm BST Network is UP. Just exit the program.
09-27 10:04:01 pm BST Network is UP. Just exit the program.
09-27 10:05:01 pm BST Network is UP. Just exit the program.
09-27 10:06:01 pm BST Network is UP. Just exit the program.
09-27 10:07:01 pm BST Network is UP. Just exit the program.
09-27 10:08:01 pm BST Network is UP. Just exit the program.
09-27 10:09:01 pm BST Network is UP. Just exit the program.
09-27 10:10:01 pm BST Network is UP. Just exit the program.
09-27 10:11:01 pm BST Network is UP. Just exit the program.
09-27 10:12:01 pm BST Network is UP. Just exit the program.
09-27 10:13:01 pm BST Network is UP. Just exit the program.
09-27 10:14:01 pm BST Network is UP. Just exit the program.
09-27 10:15:01 pm BST Network is UP. Just exit the program.
09-27 10:16:01 pm BST Network is UP. Just exit the program.
09-27 10:17:02 pm BST Network is UP. Just exit the program.
09-27 10:18:01 pm BST Network is UP. Just exit the program.
09-27 10:19:01 pm BST Network is UP. Just exit the program.
09-27 10:20:01 pm BST Network is UP. Just exit the program.
09-27 10:21:01 pm BST Network is UP. Just exit the program.
09-27 10:22:01 pm BST Network is UP. Just exit the program.
09-27 10:23:01 pm BST Network is UP. Just exit the program.
09-27 10:24:01 pm BST Network is UP. Just exit the program.
09-27 10:25:01 pm BST Network is UP. Just exit the program.
09-27 10:26:01 pm BST Network is UP. Just exit the program.
09-27 10:27:02 pm BST Network is UP. Just exit the program.
09-27 10:28:01 pm BST Network is UP. Just exit the program.
09-27 10:29:01 pm BST Network is UP. Just exit the program.
09-27 10:30:01 pm BST Network is UP. Just exit the program.
09-27 10:31:01 pm BST Network is UP. Just exit the program.
09-27 10:32:01 pm BST Network is UP. Just exit the program.
09-27 10:33:01 pm BST Network is UP. Just exit the program.
09-27 10:34:01 pm BST Network is UP. Just exit the program.
09-27 10:35:01 pm BST Network is UP. Just exit the program.
09-27 10:36:01 pm BST Network is UP. Just exit the program.
09-27 10:37:01 pm BST Network is UP. Just exit the program.
09-27 10:38:01 pm BST Network is UP. Just exit the program.
09-27 10:39:01 pm BST Network is UP. Just exit the program.
09-27 10:40:01 pm BST Network is UP. Just exit the program.
09-27 10:41:01 pm BST Network is UP. Just exit the program.
09-27 10:42:01 pm BST Network is UP. Just exit the program.
09-27 10:43:01 pm BST Network is UP. Just exit the program.
09-27 10:44:01 pm BST Network is UP. Just exit the program.
09-27 10:45:01 pm BST Network is UP. Just exit the program.
09-27 10:46:01 pm BST Network is UP. Just exit the program.
09-27 10:47:01 pm BST Network is UP. Just exit the program.
09-27 10:48:01 pm BST Network is UP. Just exit the program.
09-27 10:49:02 pm BST Network is UP. Just exit the program.
09-27 10:50:01 pm BST Network is UP. Just exit the program.
09-27 10:51:01 pm BST Network is UP. Just exit the program.
09-27 10:52:01 pm BST Network is UP. Just exit the program.
09-27 10:53:01 pm BST Network is UP. Just exit the program.
09-27 10:54:01 pm BST Network is UP. Just exit the program.
09-27 10:55:01 pm BST Network is UP. Just exit the program.
09-27 10:56:01 pm BST Network is UP. Just exit the program.
09-27 10:57:01 pm BST Network is UP. Just exit the program.
09-27 10:58:01 pm BST Network is UP. Just exit the program.
09-27 10:59:01 pm BST Network is UP. Just exit the program.
09-27 11:00:01 pm BST Network is UP. Just exit the program.
09-27 11:01:01 pm BST Network is UP. Just exit the program.
09-27 11:02:01 pm BST Network is UP. Just exit the program.
09-27 11:03:01 pm BST Network is UP. Just exit the program.
09-27 11:04:01 pm BST Network is UP. Just exit the program.
09-27 11:05:01 pm BST Network is UP. Just exit the program.
09-27 11:06:01 pm BST Network is UP. Just exit the program.
09-27 11:07:01 pm BST Network is UP. Just exit the program.
09-27 11:08:01 pm BST Network is UP. Just exit the program.
09-27 11:09:01 pm BST Network is UP. Just exit the program.
09-27 11:10:01 pm BST Network is UP. Just exit the program.
09-27 11:11:02 pm BST Network is UP. Just exit the program.
09-27 11:12:01 pm BST Network is UP. Just exit the program.
09-27 11:13:01 pm BST Network is UP. Just exit the program.
09-27 11:14:01 pm BST Network is UP. Just exit the program.
09-27 11:15:01 pm BST Network is UP. Just exit the program.
09-27 11:16:01 pm BST Network is UP. Just exit the program.
09-27 11:17:01 pm BST Network is UP. Just exit the program.
09-27 11:18:01 pm BST Network is UP. Just exit the program.
09-27 11:19:01 pm BST Network is UP. Just exit the program.
09-27 11:20:01 pm BST Network is UP. Just exit the program.
09-27 11:21:01 pm BST Network is UP. Just exit the program.
09-27 11:22:01 pm BST Network is UP. Just exit the program.
09-27 11:23:01 pm BST Network is UP. Just exit the program.
09-27 11:24:01 pm BST Network is UP. Just exit the program.
09-27 11:25:01 pm BST Network is UP. Just exit the program.
09-27 11:26:01 pm BST Network is UP. Just exit the program.
09-27 11:27:01 pm BST Network is UP. Just exit the program.
09-27 11:28:01 pm BST Network is UP. Just exit the program.
09-27 11:29:01 pm BST Network is UP. Just exit the program.
09-27 11:30:01 pm BST Network is UP. Just exit the program.
09-27 11:31:01 pm BST Network is UP. Just exit the program.
09-27 11:32:01 pm BST Network is UP. Just exit the program.
09-27 11:33:01 pm BST Network is UP. Just exit the program.
09-27 11:34:01 pm BST Network is UP. Just exit the program.
09-27 11:35:01 pm BST Network is UP. Just exit the program.
09-27 11:36:01 pm BST Network is UP. Just exit the program.
09-27 11:37:01 pm BST Network is UP. Just exit the program.
09-27 11:38:01 pm BST Network is UP. Just exit the program.
09-27 11:39:01 pm BST Network is UP. Just exit the program.
09-27 11:40:01 pm BST Network is UP. Just exit the program.
09-27 11:41:01 pm BST Network is UP. Just exit the program.
09-27 11:42:01 pm BST Network is UP. Just exit the program.
09-27 11:43:01 pm BST Network is UP. Just exit the program.
09-27 11:44:01 pm BST Network is UP. Just exit the program.
09-27 11:45:01 pm BST Network is UP. Just exit the program.
09-27 11:46:01 pm BST Network is UP. Just exit the program.
09-27 11:47:01 pm BST Network is UP. Just exit the program.
09-27 11:48:01 pm BST Network is UP. Just exit the program.
09-27 11:49:01 pm BST Network is UP. Just exit the program.
09-27 11:50:01 pm BST Network is UP. Just exit the program.
09-27 11:51:01 pm BST Network is UP. Just exit the program.
09-27 11:52:01 pm BST Network is UP. Just exit the program.
09-27 11:53:01 pm BST Network is UP. Just exit the program.
09-27 11:54:01 pm BST Network is UP. Just exit the program.
09-27 11:55:01 pm BST Network is UP. Just exit the program.
09-27 11:56:01 pm BST Network is UP. Just exit the program.
09-27 11:57:01 pm BST Network is UP. Just exit the program.
09-27 11:58:01 pm BST Network is UP. Just exit the program.
09-27 11:59:01 pm BST Network is UP. Just exit the program.
09-28 12:00:01 am BST Network is UP. Just exit the program.
09-28 12:01:01 am BST Network is UP. Just exit the program.
09-28 12:02:01 am BST Network is UP. Just exit the program.
09-28 12:03:01 am BST Network is UP. Just exit the program.
09-28 12:04:01 am BST Network is UP. Just exit the program.
09-28 12:05:01 am BST Network is UP. Just exit the program.
09-28 12:06:01 am BST Network is UP. Just exit the program.
09-28 12:07:01 am BST Network is UP. Just exit the program.
09-28 12:08:01 am BST Network is UP. Just exit the program.
09-28 12:09:01 am BST Network is UP. Just exit the program.
09-28 12:10:01 am BST Network is UP. Just exit the program.
09-28 12:11:01 am BST Network is UP. Just exit the program.
09-28 12:12:01 am BST Network is UP. Just exit the program.
09-28 12:13:01 am BST Network is UP. Just exit the program.
09-28 12:14:01 am BST Network is UP. Just exit the program.
09-28 12:15:01 am BST Network is UP. Just exit the program.
09-28 12:16:01 am BST Network is UP. Just exit the program.
09-28 12:17:01 am BST Network is UP. Just exit the program.
09-28 12:18:01 am BST Network is UP. Just exit the program.
09-28 12:19:01 am BST Network is UP. Just exit the program.
09-28 12:20:02 am BST Network is UP. Just exit the program.
09-28 12:21:01 am BST Network is UP. Just exit the program.
09-28 12:22:01 am BST Network is UP. Just exit the program.
09-28 12:23:01 am BST Network is UP. Just exit the program.
09-28 12:24:01 am BST Network is UP. Just exit the program.
09-28 12:25:01 am BST Network is UP. Just exit the program.
09-28 12:26:01 am BST Network is UP. Just exit the program.
09-28 12:27:01 am BST Network is UP. Just exit the program.
09-28 12:28:01 am BST Network is UP. Just exit the program.
09-28 12:29:01 am BST Network is UP. Just exit the program.
09-28 12:30:01 am BST Network is UP. Just exit the program.
09-28 12:31:01 am BST Network is UP. Just exit the program.
09-28 12:32:01 am BST Network is UP. Just exit the program.
09-28 12:33:01 am BST Network is UP. Just exit the program.
09-28 12:34:01 am BST Network is UP. Just exit the program.
09-28 12:35:01 am BST Network is UP. Just exit the program.
09-28 12:36:01 am BST Network is UP. Just exit the program.
09-28 12:37:01 am BST Network is UP. Just exit the program.
09-28 12:38:01 am BST Network is UP. Just exit the program.
09-28 12:39:01 am BST Network is UP. Just exit the program.
09-28 12:40:01 am BST Network is UP. Just exit the program.
09-28 12:41:01 am BST Network is UP. Just exit the program.
09-28 12:42:02 am BST Network is UP. Just exit the program.
09-28 12:43:01 am BST Network is UP. Just exit the program.
09-28 12:44:01 am BST Network is UP. Just exit the program.
09-28 12:45:01 am BST Network is UP. Just exit the program.
09-28 12:46:01 am BST Network is UP. Just exit the program.
09-28 12:47:01 am BST Network is UP. Just exit the program.
09-28 12:48:01 am BST Network is UP. Just exit the program.
09-28 12:49:01 am BST Network is UP. Just exit the program.
09-28 12:50:01 am BST Network is UP. Just exit the program.
09-28 12:51:01 am BST Network is UP. Just exit the program.
09-28 12:52:01 am BST Network is UP. Just exit the program.
09-28 12:53:01 am BST Network is UP. Just exit the program.
09-28 12:54:01 am BST Network is UP. Just exit the program.
09-28 12:55:01 am BST Network is UP. Just exit the program.
09-28 12:56:01 am BST Network is UP. Just exit the program.
09-28 12:57:01 am BST Network is UP. Just exit the program.
09-28 12:58:01 am BST Network is UP. Just exit the program.
09-28 12:59:01 am BST Network is UP. Just exit the program.
09-28  1:00:01 am BST Network is UP. Just exit the program.
09-28  1:01:01 am BST Network is UP. Just exit the program.
09-28  1:02:01 am BST Network is UP. Just exit the program.
09-28  1:03:01 am BST Network is UP. Just exit the program.
09-28  1:04:01 am BST Network is UP. Just exit the program.
09-28  1:05:01 am BST Network is UP. Just exit the program.
09-28  1:06:01 am BST Network is UP. Just exit the program.
09-28  1:07:01 am BST Network is UP. Just exit the program.
09-28  1:08:01 am BST Network is UP. Just exit the program.
09-28  1:09:01 am BST Network is UP. Just exit the program.
09-28  1:10:01 am BST Network is UP. Just exit the program.
09-28  1:11:01 am BST Network is UP. Just exit the program.
09-28  1:12:01 am BST Network is UP. Just exit the program.
09-28  1:13:01 am BST Network is UP. Just exit the program.
09-28  1:14:01 am BST Network is UP. Just exit the program.
09-28  1:15:02 am BST Network is UP. Just exit the program.
09-28  1:16:01 am BST Network is UP. Just exit the program.
09-28  1:17:01 am BST Network is UP. Just exit the program.
09-28  1:18:01 am BST Network is UP. Just exit the program.
09-28  1:19:01 am BST Network is UP. Just exit the program.
09-28  1:20:01 am BST Network is UP. Just exit the program.
09-28  1:21:01 am BST Network is UP. Just exit the program.
09-28  1:22:01 am BST Network is UP. Just exit the program.
09-28  1:23:01 am BST Network is UP. Just exit the program.
09-28  1:24:01 am BST Network is UP. Just exit the program.
09-28  1:25:01 am BST Network is UP. Just exit the program.
09-28  1:26:01 am BST Network is UP. Just exit the program.
09-28  1:27:01 am BST Network is UP. Just exit the program.
09-28  1:28:01 am BST Network is UP. Just exit the program.
09-28  1:29:01 am BST Network is UP. Just exit the program.
09-28  1:30:01 am BST Network is UP. Just exit the program.
09-28  1:31:01 am BST Network is UP. Just exit the program.
09-28  1:32:01 am BST Network is UP. Just exit the program.
09-28  1:33:01 am BST Network is UP. Just exit the program.
09-28  1:34:01 am BST Network is UP. Just exit the program.
09-28  1:35:01 am BST Network is UP. Just exit the program.
09-28  1:36:01 am BST Network is UP. Just exit the program.
09-28  1:37:01 am BST Network is UP. Just exit the program.
09-28  1:38:01 am BST Network is UP. Just exit the program.
09-28  1:39:01 am BST Network is UP. Just exit the program.
09-28  1:40:01 am BST Network is UP. Just exit the program.
09-28  1:41:01 am BST Network is UP. Just exit the program.
09-28  1:42:01 am BST Network is UP. Just exit the program.
09-28  1:43:01 am BST Network is UP. Just exit the program.
09-28  1:44:01 am BST Network is UP. Just exit the program.
09-28  1:45:01 am BST Network is UP. Just exit the program.
09-28  1:46:01 am BST Network is UP. Just exit the program.
09-28  1:47:01 am BST Network is UP. Just exit the program.
09-28  1:48:01 am BST Network is UP. Just exit the program.
09-28  1:49:01 am BST Network is UP. Just exit the program.
09-28  1:50:01 am BST Network is UP. Just exit the program.
09-28  1:51:01 am BST Network is UP. Just exit the program.
09-28  1:52:01 am BST Network is UP. Just exit the program.
09-28  1:53:01 am BST Network is UP. Just exit the program.
09-28  1:54:01 am BST Network is UP. Just exit the program.
09-28  1:55:01 am BST Network is UP. Just exit the program.
09-28  1:56:01 am BST Network is UP. Just exit the program.
09-28  1:57:01 am BST Network is UP. Just exit the program.
09-28  1:58:01 am BST Network is UP. Just exit the program.
09-28  1:59:01 am BST Network is UP. Just exit the program.
09-28  2:00:01 am BST Network is UP. Just exit the program.
09-28  2:01:01 am BST Network is UP. Just exit the program.
09-28  2:02:01 am BST Network is UP. Just exit the program.
09-28  2:03:01 am BST Network is UP. Just exit the program.
09-28  2:04:01 am BST Network is UP. Just exit the program.
09-28  2:05:01 am BST Network is UP. Just exit the program.
09-28  2:06:01 am BST Network is UP. Just exit the program.
09-28  2:07:01 am BST Network is UP. Just exit the program.
09-28  2:08:02 am BST Network is UP. Just exit the program.
09-28  2:09:01 am BST Network is UP. Just exit the program.
09-28  2:10:01 am BST Network is UP. Just exit the program.
09-28  2:11:01 am BST Network is UP. Just exit the program.
09-28  2:12:01 am BST Network is UP. Just exit the program.
09-28  2:13:01 am BST Network is UP. Just exit the program.
09-28  2:14:01 am BST Network is UP. Just exit the program.
09-28  2:15:01 am BST Network is UP. Just exit the program.
09-28  2:16:01 am BST Network is UP. Just exit the program.
09-28  2:17:01 am BST Network is UP. Just exit the program.
09-28  2:18:02 am BST Network is UP. Just exit the program.
09-28  2:19:01 am BST Network is UP. Just exit the program.
09-28  2:20:01 am BST Network is UP. Just exit the program.
09-28  2:21:01 am BST Network is UP. Just exit the program.
09-28  2:22:01 am BST Network is UP. Just exit the program.
09-28  2:23:01 am BST Network is UP. Just exit the program.
09-28  2:24:01 am BST Network is UP. Just exit the program.
09-28  2:25:01 am BST Network is UP. Just exit the program.
09-28  2:26:01 am BST Network is UP. Just exit the program.
09-28  2:27:01 am BST Network is UP. Just exit the program.
09-28  2:28:01 am BST Network is UP. Just exit the program.
09-28  2:29:01 am BST Network is UP. Just exit the program.
09-28  2:30:01 am BST Network is UP. Just exit the program.
09-28  2:31:01 am BST Network is UP. Just exit the program.
09-28  2:32:01 am BST Network is UP. Just exit the program.
09-28  2:33:01 am BST Network is UP. Just exit the program.
09-28  2:34:01 am BST Network is UP. Just exit the program.
09-28  2:35:01 am BST Network is UP. Just exit the program.
09-28  2:36:01 am BST Network is UP. Just exit the program.
09-28  2:37:01 am BST Network is UP. Just exit the program.
09-28  2:38:02 am BST Network is UP. Just exit the program.
09-28  2:39:01 am BST Network is UP. Just exit the program.
09-28  2:40:01 am BST Network is UP. Just exit the program.
09-28  2:41:01 am BST Network is UP. Just exit the program.
09-28  2:42:01 am BST Network is UP. Just exit the program.
09-28  2:43:01 am BST Network is UP. Just exit the program.
09-28  2:44:01 am BST Network is UP. Just exit the program.
09-28  2:45:01 am BST Network is UP. Just exit the program.
09-28  2:46:01 am BST Network is UP. Just exit the program.
09-28  2:47:01 am BST Network is UP. Just exit the program.
09-28  2:48:01 am BST Network is UP. Just exit the program.
09-28  2:49:01 am BST Network is UP. Just exit the program.
09-28  2:50:01 am BST Network is UP. Just exit the program.
09-28  2:51:01 am BST Network is UP. Just exit the program.
09-28  2:52:01 am BST Network is UP. Just exit the program.
09-28  2:53:01 am BST Network is UP. Just exit the program.
09-28  2:54:01 am BST Network is UP. Just exit the program.
09-28  2:55:01 am BST Network is UP. Just exit the program.
09-28  2:56:01 am BST Network is UP. Just exit the program.
09-28  2:57:01 am BST Network is UP. Just exit the program.
09-28  2:58:01 am BST Network is UP. Just exit the program.
09-28  2:59:02 am BST Network is UP. Just exit the program.
09-28  3:00:01 am BST Network is UP. Just exit the program.
09-28  3:01:01 am BST Network is UP. Just exit the program.
09-28  3:02:01 am BST Network is UP. Just exit the program.
09-28  3:03:01 am BST Network is UP. Just exit the program.
09-28  3:04:01 am BST Network is UP. Just exit the program.
09-28  3:05:01 am BST Network is UP. Just exit the program.
09-28  3:06:01 am BST Network is UP. Just exit the program.
09-28  3:07:01 am BST Network is UP. Just exit the program.
09-28  3:08:01 am BST Network is UP. Just exit the program.
09-28  3:09:01 am BST Network is UP. Just exit the program.
09-28  3:10:01 am BST Network is UP. Just exit the program.
09-28  3:11:01 am BST Network is UP. Just exit the program.
09-28  3:12:01 am BST Network is UP. Just exit the program.
09-28  3:13:01 am BST Network is UP. Just exit the program.
09-28  3:14:01 am BST Network is UP. Just exit the program.
09-28  3:15:01 am BST Network is UP. Just exit the program.
09-28  3:16:01 am BST Network is UP. Just exit the program.
09-28  3:17:01 am BST Network is UP. Just exit the program.
09-28  3:18:01 am BST Network is UP. Just exit the program.
09-28  3:19:01 am BST Network is UP. Just exit the program.
09-28  3:20:01 am BST Network is UP. Just exit the program.
09-28  3:21:01 am BST Network is UP. Just exit the program.
09-28  3:22:01 am BST Network is UP. Just exit the program.
09-28  3:23:01 am BST Network is UP. Just exit the program.
09-28  3:24:01 am BST Network is UP. Just exit the program.
09-28  3:25:01 am BST Network is UP. Just exit the program.
09-28  3:26:01 am BST Network is UP. Just exit the program.
09-28  3:27:01 am BST Network is UP. Just exit the program.
09-28  3:28:01 am BST Network is UP. Just exit the program.
09-28  3:29:01 am BST Network is UP. Just exit the program.
09-28  3:30:01 am BST Network is UP. Just exit the program.
09-28  3:31:02 am BST Network is UP. Just exit the program.
09-28  3:32:01 am BST Network is UP. Just exit the program.
09-28  3:33:01 am BST Network is UP. Just exit the program.
09-28  3:34:01 am BST Network is UP. Just exit the program.
09-28  3:35:01 am BST Network is UP. Just exit the program.
09-28  3:36:01 am BST Network is UP. Just exit the program.
09-28  3:37:01 am BST Network is UP. Just exit the program.
09-28  3:38:01 am BST Network is UP. Just exit the program.
09-28  3:39:01 am BST Network is UP. Just exit the program.
09-28  3:40:01 am BST Network is UP. Just exit the program.
09-28  3:41:02 am BST Network is UP. Just exit the program.
09-28  3:42:01 am BST Network is UP. Just exit the program.
09-28  3:43:01 am BST Network is UP. Just exit the program.
09-28  3:44:01 am BST Network is UP. Just exit the program.
09-28  3:45:01 am BST Network is UP. Just exit the program.
09-28  3:46:01 am BST Network is UP. Just exit the program.
09-28  3:47:01 am BST Network is UP. Just exit the program.
09-28  3:48:01 am BST Network is UP. Just exit the program.
09-28  3:49:01 am BST Network is UP. Just exit the program.
09-28  3:50:01 am BST Network is UP. Just exit the program.
09-28  3:51:02 am BST Network is UP. Just exit the program.
09-28  3:52:01 am BST Network is UP. Just exit the program.
09-28  3:53:01 am BST Network is UP. Just exit the program.
09-28  3:54:01 am BST Network is UP. Just exit the program.
09-28  3:55:01 am BST Network is UP. Just exit the program.
09-28  3:56:01 am BST Network is UP. Just exit the program.
09-28  3:57:01 am BST Network is UP. Just exit the program.
09-28  3:58:01 am BST Network is UP. Just exit the program.
09-28  3:59:01 am BST Network is UP. Just exit the program.
09-28  4:00:01 am BST Network is UP. Just exit the program.
09-28  4:01:01 am BST Network is UP. Just exit the program.
09-28  4:02:01 am BST Network is UP. Just exit the program.
09-28  4:03:01 am BST Network is UP. Just exit the program.
09-28  4:04:01 am BST Network is UP. Just exit the program.
09-28  4:05:01 am BST Network is UP. Just exit the program.
09-28  4:06:01 am BST Network is UP. Just exit the program.
09-28  4:07:01 am BST Network is UP. Just exit the program.
09-28  4:08:01 am BST Network is UP. Just exit the program.
09-28  4:09:01 am BST Network is UP. Just exit the program.
09-28  4:10:01 am BST Network is UP. Just exit the program.
09-28  4:11:01 am BST Network is UP. Just exit the program.
09-28  4:12:01 am BST Network is UP. Just exit the program.
09-28  4:13:02 am BST Network is UP. Just exit the program.
09-28  4:14:01 am BST Network is UP. Just exit the program.
09-28  4:15:01 am BST Network is UP. Just exit the program.
09-28  4:16:01 am BST Network is UP. Just exit the program.
09-28  4:17:01 am BST Network is UP. Just exit the program.
09-28  4:18:01 am BST Network is UP. Just exit the program.
09-28  4:19:01 am BST Network is UP. Just exit the program.
09-28  4:20:01 am BST Network is UP. Just exit the program.
09-28  4:21:01 am BST Network is UP. Just exit the program.
09-28  4:22:01 am BST Network is UP. Just exit the program.
09-28  4:23:01 am BST Network is UP. Just exit the program.
09-28  4:24:01 am BST Network is UP. Just exit the program.
09-28  4:25:01 am BST Network is UP. Just exit the program.
09-28  4:26:01 am BST Network is UP. Just exit the program.
09-28  4:27:01 am BST Network is UP. Just exit the program.
09-28  4:28:01 am BST Network is UP. Just exit the program.
09-28  4:29:01 am BST Network is UP. Just exit the program.
09-28  4:30:01 am BST Network is UP. Just exit the program.
09-28  4:31:01 am BST Network is UP. Just exit the program.
09-28  4:32:01 am BST Network is UP. Just exit the program.
09-28  4:33:01 am BST Network is UP. Just exit the program.
09-28  4:34:01 am BST Network is UP. Just exit the program.
09-28  4:35:02 am BST Network is UP. Just exit the program.
09-28  4:36:01 am BST Network is UP. Just exit the program.
09-28  4:37:01 am BST Network is UP. Just exit the program.
09-28  4:38:01 am BST Network is UP. Just exit the program.
09-28  4:39:01 am BST Network is UP. Just exit the program.
09-28  4:40:01 am BST Network is UP. Just exit the program.
09-28  4:41:01 am BST Network is UP. Just exit the program.
09-28  4:42:01 am BST Network is UP. Just exit the program.
09-28  4:43:01 am BST Network is UP. Just exit the program.
09-28  4:44:02 am BST Network is UP. Just exit the program.
09-28  4:45:01 am BST Network is UP. Just exit the program.
09-28  4:46:01 am BST Network is UP. Just exit the program.
09-28  4:47:01 am BST Network is UP. Just exit the program.
09-28  4:48:01 am BST Network is UP. Just exit the program.
09-28  4:49:01 am BST Network is UP. Just exit the program.
09-28  4:50:01 am BST Network is UP. Just exit the program.
09-28  4:51:01 am BST Network is UP. Just exit the program.
09-28  4:52:01 am BST Network is UP. Just exit the program.
09-28  4:53:01 am BST Network is UP. Just exit the program.
09-28  4:54:01 am BST Network is UP. Just exit the program.
09-28  4:55:02 am BST Network is UP. Just exit the program.
09-28  4:56:01 am BST Network is UP. Just exit the program.
09-28  4:57:01 am BST Network is UP. Just exit the program.
09-28  4:58:01 am BST Network is UP. Just exit the program.
09-28  4:59:01 am BST Network is UP. Just exit the program.
09-28  5:00:01 am BST Network is UP. Just exit the program.
09-28  5:01:01 am BST Network is UP. Just exit the program.
09-28  5:02:01 am BST Network is UP. Just exit the program.
09-28  5:03:01 am BST Network is UP. Just exit the program.
09-28  5:04:01 am BST Network is UP. Just exit the program.
09-28  5:05:01 am BST Network is UP. Just exit the program.
09-28  5:06:01 am BST Network is UP. Just exit the program.
09-28  5:07:01 am BST Network is UP. Just exit the program.
09-28  5:08:01 am BST Network is UP. Just exit the program.
09-28  5:09:01 am BST Network is UP. Just exit the program.
09-28  5:10:01 am BST Network is UP. Just exit the program.
09-28  5:11:01 am BST Network is UP. Just exit the program.
09-28  5:12:01 am BST Network is UP. Just exit the program.
09-28  5:13:01 am BST Network is UP. Just exit the program.
09-28  5:14:01 am BST Network is UP. Just exit the program.
09-28  5:15:01 am BST Network is UP. Just exit the program.
09-28  5:16:01 am BST Network is UP. Just exit the program.
09-28  5:17:01 am BST Network is UP. Just exit the program.
09-28  5:18:01 am BST Network is UP. Just exit the program.
09-28  5:19:01 am BST Network is UP. Just exit the program.
09-28  5:20:01 am BST Network is UP. Just exit the program.
09-28  5:21:01 am BST Network is UP. Just exit the program.
09-28  5:22:01 am BST Network is UP. Just exit the program.
09-28  5:23:01 am BST Network is UP. Just exit the program.
09-28  5:24:01 am BST Network is UP. Just exit the program.
09-28  5:25:01 am BST Network is UP. Just exit the program.
09-28  5:26:01 am BST Network is UP. Just exit the program.
09-28  5:27:01 am BST Network is UP. Just exit the program.
09-28  5:28:01 am BST Network is UP. Just exit the program.
09-28  5:29:01 am BST Network is UP. Just exit the program.
09-28  5:30:01 am BST Network is UP. Just exit the program.
09-28  5:31:01 am BST Network is UP. Just exit the program.
09-28  5:32:01 am BST Network is UP. Just exit the program.
09-28  5:33:01 am BST Network is UP. Just exit the program.
09-28  5:34:01 am BST Network is UP. Just exit the program.
09-28  5:35:01 am BST Network is UP. Just exit the program.
09-28  5:36:01 am BST Network is UP. Just exit the program.
09-28  5:37:02 am BST Network is UP. Just exit the program.
09-28  5:38:01 am BST Network is UP. Just exit the program.
09-28  5:39:01 am BST Network is UP. Just exit the program.
09-28  5:40:01 am BST Network is UP. Just exit the program.
09-28  5:41:01 am BST Network is UP. Just exit the program.
09-28  5:42:01 am BST Network is UP. Just exit the program.
09-28  5:43:01 am BST Network is UP. Just exit the program.
09-28  5:44:01 am BST Network is UP. Just exit the program.
09-28  5:45:01 am BST Network is UP. Just exit the program.
09-28  5:46:01 am BST Network is UP. Just exit the program.
09-28  5:47:01 am BST Network is UP. Just exit the program.
09-28  5:48:01 am BST Network is UP. Just exit the program.
09-28  5:49:01 am BST Network is UP. Just exit the program.
09-28  5:50:01 am BST Network is UP. Just exit the program.
09-28  5:51:01 am BST Network is UP. Just exit the program.
09-28  5:52:01 am BST Network is UP. Just exit the program.
09-28  5:53:01 am BST Network is UP. Just exit the program.
09-28  5:54:01 am BST Network is UP. Just exit the program.
09-28  5:55:02 am BST Network is UP. Just exit the program.
09-28  5:56:01 am BST Network is UP. Just exit the program.
09-28  5:57:01 am BST Network is UP. Just exit the program.
09-28  5:58:01 am BST Network is UP. Just exit the program.
09-28  5:59:01 am BST Network is UP. Just exit the program.
09-28  6:00:01 am BST Network is UP. Just exit the program.
09-28  6:01:01 am BST Network is UP. Just exit the program.
09-28  6:02:01 am BST Network is UP. Just exit the program.
09-28  6:03:01 am BST Network is UP. Just exit the program.
09-28  6:04:01 am BST Network is UP. Just exit the program.
09-28  6:05:01 am BST Network is UP. Just exit the program.
09-28  6:06:02 am BST Network is UP. Just exit the program.
09-28  6:07:01 am BST Network is UP. Just exit the program.
09-28  6:08:01 am BST Network is UP. Just exit the program.
09-28  6:09:01 am BST Network is UP. Just exit the program.
09-28  6:10:01 am BST Network is UP. Just exit the program.
09-28  6:11:01 am BST Network is UP. Just exit the program.
09-28  6:12:01 am BST Network is UP. Just exit the program.
09-28  6:13:01 am BST Network is UP. Just exit the program.
09-28  6:14:01 am BST Network is UP. Just exit the program.
09-28  6:15:01 am BST Network is UP. Just exit the program.
09-28  6:16:01 am BST Network is UP. Just exit the program.
09-28  6:17:01 am BST Network is UP. Just exit the program.
09-28  6:18:01 am BST Network is UP. Just exit the program.
09-28  6:19:01 am BST Network is UP. Just exit the program.
09-28  6:20:01 am BST Network is UP. Just exit the program.
09-28  6:21:01 am BST Network is UP. Just exit the program.
09-28  6:22:01 am BST Network is UP. Just exit the program.
09-28  6:23:01 am BST Network is UP. Just exit the program.
09-28  6:24:01 am BST Network is UP. Just exit the program.
09-28  6:25:01 am BST Network is UP. Just exit the program.
09-28  6:26:01 am BST Network is UP. Just exit the program.
09-28  6:27:01 am BST Network is UP. Just exit the program.
09-28  6:28:01 am BST Network is UP. Just exit the program.
09-28  6:29:01 am BST Network is UP. Just exit the program.
09-28  6:30:01 am BST Network is UP. Just exit the program.
09-28  6:31:01 am BST Network is UP. Just exit the program.
09-28  6:32:01 am BST Network is UP. Just exit the program.
09-28  6:33:01 am BST Network is UP. Just exit the program.
09-28  6:34:01 am BST Network is UP. Just exit the program.
09-28  6:35:01 am BST Network is UP. Just exit the program.
09-28  6:36:02 am BST Network is UP. Just exit the program.
09-28  6:37:01 am BST Network is UP. Just exit the program.
09-28  6:38:01 am BST Network is UP. Just exit the program.
09-28  6:39:01 am BST Network is UP. Just exit the program.
09-28  6:40:01 am BST Network is UP. Just exit the program.
09-28  6:41:01 am BST Network is UP. Just exit the program.
09-28  6:42:01 am BST Network is UP. Just exit the program.
09-28  6:43:01 am BST Network is UP. Just exit the program.
09-28  6:44:01 am BST Network is UP. Just exit the program.
09-28  6:45:01 am BST Network is UP. Just exit the program.
09-28  6:46:01 am BST Network is UP. Just exit the program.
09-28  6:47:02 am BST Network is UP. Just exit the program.
09-28  6:48:01 am BST Network is UP. Just exit the program.
09-28  6:49:01 am BST Network is UP. Just exit the program.
09-28  6:50:01 am BST Network is UP. Just exit the program.
09-28  6:51:01 am BST Network is UP. Just exit the program.
09-28  6:52:01 am BST Network is UP. Just exit the program.
09-28  6:53:01 am BST Network is UP. Just exit the program.
09-28  6:54:01 am BST Network is UP. Just exit the program.
09-28  6:55:01 am BST Network is UP. Just exit the program.
09-28  6:56:01 am BST Network is UP. Just exit the program.
09-28  6:57:01 am BST Network is UP. Just exit the program.
09-28  6:58:01 am BST Network is UP. Just exit the program.
09-28  6:59:01 am BST Network is UP. Just exit the program.
09-28  7:00:01 am BST Network is UP. Just exit the program.
09-28  7:01:01 am BST Network is UP. Just exit the program.
09-28  7:02:01 am BST Network is UP. Just exit the program.
09-28  7:03:01 am BST Network is UP. Just exit the program.
09-28  7:04:01 am BST Network is UP. Just exit the program.
09-28  7:05:01 am BST Network is UP. Just exit the program.
09-28  7:06:01 am BST Network is UP. Just exit the program.
09-28  7:07:01 am BST Network is UP. Just exit the program.
09-28  7:08:01 am BST Network is UP. Just exit the program.
09-28  7:09:01 am BST Network is UP. Just exit the program.
09-28  7:10:01 am BST Network is UP. Just exit the program.
09-28  7:11:01 am BST Network is UP. Just exit the program.
09-28  7:12:01 am BST Network is UP. Just exit the program.
09-28  7:13:01 am BST Network is UP. Just exit the program.
09-28  7:14:01 am BST Network is UP. Just exit the program.
09-28  7:15:01 am BST Network is UP. Just exit the program.
09-28  7:16:01 am BST Network is UP. Just exit the program.
09-28  7:17:01 am BST Network is UP. Just exit the program.
09-28  7:18:01 am BST Network is UP. Just exit the program.
09-28  7:19:01 am BST Network is UP. Just exit the program.
09-28  7:20:01 am BST Network is UP. Just exit the program.
09-28  7:21:01 am BST Network is UP. Just exit the program.
09-28  7:22:01 am BST Network is UP. Just exit the program.
09-28  7:23:01 am BST Network is UP. Just exit the program.
09-28  7:24:01 am BST Network is UP. Just exit the program.
09-28  7:25:01 am BST Network is UP. Just exit the program.
09-28  7:26:01 am BST Network is UP. Just exit the program.
09-28  7:27:01 am BST Network is UP. Just exit the program.
09-28  7:28:01 am BST Network is UP. Just exit the program.
09-28  7:29:01 am BST Network is UP. Just exit the program.
09-28  7:30:01 am BST Network is UP. Just exit the program.
09-28  7:31:01 am BST Network is UP. Just exit the program.
09-28  7:32:01 am BST Network is UP. Just exit the program.
09-28  7:33:01 am BST Network is UP. Just exit the program.
09-28  7:34:01 am BST Network is UP. Just exit the program.
09-28  7:35:01 am BST Network is UP. Just exit the program.
09-28  7:36:01 am BST Network is UP. Just exit the program.
09-28  7:37:01 am BST Network is UP. Just exit the program.
09-28  7:38:01 am BST Network is UP. Just exit the program.
09-28  7:39:01 am BST Network is UP. Just exit the program.
09-28  7:40:01 am BST Network is UP. Just exit the program.
09-28  7:41:01 am BST Network is UP. Just exit the program.
09-28  7:42:01 am BST Network is UP. Just exit the program.
09-28  7:43:01 am BST Network is UP. Just exit the program.
09-28  7:44:01 am BST Network is UP. Just exit the program.
09-28  7:45:01 am BST Network is UP. Just exit the program.
09-28  7:46:01 am BST Network is UP. Just exit the program.
09-28  7:47:01 am BST Network is UP. Just exit the program.
09-28  7:48:01 am BST Network is UP. Just exit the program.
09-28  7:49:01 am BST Network is UP. Just exit the program.
09-28  7:50:01 am BST Network is UP. Just exit the program.
09-28  7:51:01 am BST Network is UP. Just exit the program.
09-28  7:52:02 am BST Network is UP. Just exit the program.
09-28  7:53:01 am BST Network is UP. Just exit the program.
09-28  7:54:01 am BST Network is UP. Just exit the program.
09-28  7:55:01 am BST Network is UP. Just exit the program.
09-28  7:56:01 am BST Network is UP. Just exit the program.
09-28  7:57:01 am BST Network is UP. Just exit the program.
09-28  7:58:01 am BST Network is UP. Just exit the program.
09-28  7:59:01 am BST Network is UP. Just exit the program.
09-28  8:00:01 am BST Network is UP. Just exit the program.
09-28  8:01:01 am BST Network is UP. Just exit the program.
09-28  8:02:01 am BST Network is UP. Just exit the program.
09-28  8:03:01 am BST Network is UP. Just exit the program.
09-28  8:04:01 am BST Network is UP. Just exit the program.
09-28  8:05:01 am BST Network is UP. Just exit the program.
09-28  8:06:01 am BST Network is UP. Just exit the program.
09-28  8:07:01 am BST Network is UP. Just exit the program.
09-28  8:08:01 am BST Network is UP. Just exit the program.
09-28  8:09:01 am BST Network is UP. Just exit the program.
09-28  8:10:01 am BST Network is UP. Just exit the program.
09-28  8:11:01 am BST Network is UP. Just exit the program.
09-28  8:12:01 am BST Network is UP. Just exit the program.
09-28  8:13:01 am BST Network is UP. Just exit the program.
09-28  8:14:01 am BST Network is UP. Just exit the program.
09-28  8:15:01 am BST Network is UP. Just exit the program.
09-28  8:16:01 am BST Network is UP. Just exit the program.
09-28  8:17:01 am BST Network is UP. Just exit the program.
09-28  8:18:01 am BST Network is UP. Just exit the program.
09-28  8:19:01 am BST Network is UP. Just exit the program.
09-28  8:20:01 am BST Network is UP. Just exit the program.
09-28  8:21:01 am BST Network is UP. Just exit the program.
09-28  8:22:01 am BST Network is UP. Just exit the program.
09-28  8:23:01 am BST Network is UP. Just exit the program.
09-28  8:24:01 am BST Network is UP. Just exit the program.
09-28  8:25:01 am BST Network is UP. Just exit the program.
09-28  8:26:01 am BST Network is UP. Just exit the program.
09-28  8:27:01 am BST Network is UP. Just exit the program.
09-28  8:28:01 am BST Network is UP. Just exit the program.
09-28  8:29:01 am BST Network is UP. Just exit the program.
09-28  8:30:01 am BST Network is UP. Just exit the program.
09-28  8:31:01 am BST Network is UP. Just exit the program.
09-28  8:32:01 am BST Network is UP. Just exit the program.
09-28  8:33:01 am BST Network is UP. Just exit the program.
09-28  8:34:01 am BST Network is UP. Just exit the program.
09-28  8:35:01 am BST Network is UP. Just exit the program.
09-28  8:36:01 am BST Network is UP. Just exit the program.
09-28  8:37:01 am BST Network is UP. Just exit the program.
09-28  8:38:01 am BST Network is UP. Just exit the program.
09-28  8:39:01 am BST Network is UP. Just exit the program.
09-28  8:40:01 am BST Network is UP. Just exit the program.
09-28  8:41:01 am BST Network is UP. Just exit the program.
09-28  8:42:01 am BST Network is UP. Just exit the program.
09-28  8:43:01 am BST Network is UP. Just exit the program.
09-28  8:44:01 am BST Network is UP. Just exit the program.
09-28  8:45:01 am BST Network is UP. Just exit the program.
09-28  8:46:01 am BST Network is UP. Just exit the program.
09-28  8:47:01 am BST Network is UP. Just exit the program.
09-28  8:48:01 am BST Network is UP. Just exit the program.
09-28  8:49:01 am BST Network is UP. Just exit the program.
09-28  8:50:01 am BST Network is UP. Just exit the program.
09-28  8:51:01 am BST Network is UP. Just exit the program.
09-28  8:52:01 am BST Network is UP. Just exit the program.
09-28  8:53:01 am BST Network is UP. Just exit the program.
09-28  8:54:01 am BST Network is UP. Just exit the program.
09-28  8:55:01 am BST Network is UP. Just exit the program.
09-28  8:56:02 am BST Network is UP. Just exit the program.
09-28  8:57:01 am BST Network is UP. Just exit the program.
09-28  8:58:01 am BST Network is UP. Just exit the program.
09-28  8:59:01 am BST Network is UP. Just exit the program.
09-28  9:00:01 am BST Network is UP. Just exit the program.
09-28  9:01:01 am BST Network is UP. Just exit the program.
09-28  9:02:01 am BST Network is UP. Just exit the program.
09-28  9:03:01 am BST Network is UP. Just exit the program.
09-28  9:04:01 am BST Network is UP. Just exit the program.
09-28  9:05:01 am BST Network is UP. Just exit the program.
09-28  9:06:01 am BST Network is UP. Just exit the program.
09-28  9:07:02 am BST Network is UP. Just exit the program.
09-28  9:08:01 am BST Network is UP. Just exit the program.
09-28  9:09:01 am BST Network is UP. Just exit the program.
09-28  9:10:01 am BST Network is UP. Just exit the program.
09-28  9:11:01 am BST Network is UP. Just exit the program.
09-28  9:12:01 am BST Network is UP. Just exit the program.
09-28  9:13:01 am BST Network is UP. Just exit the program.
09-28  9:14:01 am BST Network is UP. Just exit the program.
09-28  9:15:01 am BST Network is UP. Just exit the program.
09-28  9:16:01 am BST Network is UP. Just exit the program.
09-28  9:17:01 am BST Network is UP. Just exit the program.
09-28  9:18:01 am BST Network is UP. Just exit the program.
09-28  9:19:01 am BST Network is UP. Just exit the program.
09-28  9:20:01 am BST Network is UP. Just exit the program.
09-28  9:21:01 am BST Network is UP. Just exit the program.
09-28  9:22:01 am BST Network is UP. Just exit the program.
09-28  9:23:01 am BST Network is UP. Just exit the program.
09-28  9:24:01 am BST Network is UP. Just exit the program.
09-28  9:25:01 am BST Network is UP. Just exit the program.
09-28  9:26:01 am BST Network is UP. Just exit the program.
09-28  9:27:01 am BST Network is UP. Just exit the program.
09-28  9:28:02 am BST Network is UP. Just exit the program.
09-28  9:29:01 am BST Network is UP. Just exit the program.
09-28  9:30:01 am BST Network is UP. Just exit the program.
09-28  9:31:01 am BST Network is UP. Just exit the program.
09-28  9:32:01 am BST Network is UP. Just exit the program.
09-28  9:33:01 am BST Network is UP. Just exit the program.
09-28  9:34:01 am BST Network is UP. Just exit the program.
09-28  9:35:01 am BST Network is UP. Just exit the program.
09-28  9:36:01 am BST Network is UP. Just exit the program.
09-28  9:37:01 am BST Network is UP. Just exit the program.
09-28  9:38:01 am BST Network is UP. Just exit the program.
09-28  9:39:01 am BST Network is UP. Just exit the program.
09-28  9:40:02 am BST Network is UP. Just exit the program.
09-28  9:41:01 am BST Network is UP. Just exit the program.
09-28  9:42:01 am BST Network is UP. Just exit the program.
09-28  9:43:01 am BST Network is UP. Just exit the program.
09-28  9:44:01 am BST Network is UP. Just exit the program.
09-28  9:45:01 am BST Network is UP. Just exit the program.
09-28  9:46:01 am BST Network is UP. Just exit the program.
09-28  9:47:01 am BST Network is UP. Just exit the program.
09-28  9:48:01 am BST Network is UP. Just exit the program.
09-28  9:49:01 am BST Network is UP. Just exit the program.
09-28  9:50:01 am BST Network is UP. Just exit the program.
09-28  9:51:01 am BST Network is UP. Just exit the program.
09-28  9:52:01 am BST Network is UP. Just exit the program.
09-28  9:53:01 am BST Network is UP. Just exit the program.
09-28  9:54:01 am BST Network is UP. Just exit the program.
09-28  9:55:01 am BST Network is UP. Just exit the program.
09-28  9:56:01 am BST Network is UP. Just exit the program.
09-28  9:57:01 am BST Network is UP. Just exit the program.
09-28  9:58:01 am BST Network is UP. Just exit the program.
09-28  9:59:01 am BST Network is UP. Just exit the program.
09-28 10:00:01 am BST Network is UP. Just exit the program.
09-28 10:01:01 am BST Network is UP. Just exit the program.
09-28 10:02:01 am BST Network is UP. Just exit the program.
09-28 10:03:02 am BST Network is UP. Just exit the program.
09-28 10:04:01 am BST Network is UP. Just exit the program.
09-28 10:05:01 am BST Network is UP. Just exit the program.
09-28 10:06:01 am BST Network is UP. Just exit the program.
09-28 10:07:01 am BST Network is UP. Just exit the program.
09-28 10:08:01 am BST Network is UP. Just exit the program.
09-28 10:09:01 am BST Network is UP. Just exit the program.
09-28 10:10:01 am BST Network is UP. Just exit the program.
09-28 10:11:01 am BST Network is UP. Just exit the program.
09-28 10:12:01 am BST Network is UP. Just exit the program.
09-28 10:13:01 am BST Network is UP. Just exit the program.
09-28 10:14:01 am BST Network is UP. Just exit the program.
09-28 10:15:01 am BST Network is UP. Just exit the program.
09-28 10:16:01 am BST Network is UP. Just exit the program.
09-28 10:17:01 am BST Network is UP. Just exit the program.
09-28 10:18:01 am BST Network is UP. Just exit the program.
09-28 10:19:01 am BST Network is UP. Just exit the program.
09-28 10:20:01 am BST Network is UP. Just exit the program.
09-28 10:21:01 am BST Network is UP. Just exit the program.
09-28 10:22:01 am BST Network is UP. Just exit the program.
09-28 10:23:01 am BST Network is UP. Just exit the program.
09-28 10:24:01 am BST Network is UP. Just exit the program.
09-28 10:25:01 am BST Network is UP. Just exit the program.
09-28 10:26:01 am BST Network is UP. Just exit the program.
09-28 10:27:01 am BST Network is UP. Just exit the program.
09-28 10:28:01 am BST Network is UP. Just exit the program.
09-28 10:29:01 am BST Network is UP. Just exit the program.
09-28 10:30:01 am BST Network is UP. Just exit the program.
09-28 10:31:01 am BST Network is UP. Just exit the program.
09-28 10:32:01 am BST Network is UP. Just exit the program.
09-28 10:33:01 am BST Network is UP. Just exit the program.
09-28 10:34:01 am BST Network is UP. Just exit the program.
09-28 10:35:01 am BST Network is UP. Just exit the program.
09-28 10:36:01 am BST Network is UP. Just exit the program.
09-28 10:37:01 am BST Network is UP. Just exit the program.
09-28 10:38:01 am BST Network is UP. Just exit the program.
09-28 10:39:01 am BST Network is UP. Just exit the program.
09-28 10:40:01 am BST Network is UP. Just exit the program.
09-28 10:41:01 am BST Network is UP. Just exit the program.
09-28 10:42:01 am BST Network is UP. Just exit the program.
09-28 10:43:01 am BST Network is UP. Just exit the program.
09-28 10:44:01 am BST Network is UP. Just exit the program.
09-28 10:45:01 am BST Network is UP. Just exit the program.
09-28 10:46:01 am BST Network is UP. Just exit the program.
09-28 10:47:01 am BST Network is UP. Just exit the program.
09-28 10:48:01 am BST Network is UP. Just exit the program.
09-28 10:49:01 am BST Network is UP. Just exit the program.
09-28 10:50:01 am BST Network is UP. Just exit the program.
09-28 10:51:01 am BST Network is UP. Just exit the program.
09-28 10:52:01 am BST Network is UP. Just exit the program.
09-28 10:53:01 am BST Network is UP. Just exit the program.
09-28 10:54:01 am BST Network is UP. Just exit the program.
09-28 10:55:01 am BST Network is UP. Just exit the program.
09-28 10:56:02 am BST Network is UP. Just exit the program.
09-28 10:57:01 am BST Network is UP. Just exit the program.
09-28 10:58:01 am BST Network is UP. Just exit the program.
09-28 10:59:01 am BST Network is UP. Just exit the program.
09-28 11:00:01 am BST Network is UP. Just exit the program.
09-28 11:01:01 am BST Network is UP. Just exit the program.
09-28 11:02:01 am BST Network is UP. Just exit the program.
09-28 11:03:01 am BST Network is UP. Just exit the program.
09-28 11:04:01 am BST Network is UP. Just exit the program.
09-28 11:05:01 am BST Network is UP. Just exit the program.
09-28 11:06:01 am BST Network is UP. Just exit the program.
09-28 11:07:01 am BST Network is UP. Just exit the program.
09-28 11:08:01 am BST Network is UP. Just exit the program.
09-28 11:09:01 am BST Network is UP. Just exit the program.
09-28 11:10:01 am BST Network is UP. Just exit the program.
09-28 11:11:01 am BST Network is UP. Just exit the program.
09-28 11:12:01 am BST Network is UP. Just exit the program.
09-28 11:13:01 am BST Network is UP. Just exit the program.
09-28 11:14:01 am BST Network is UP. Just exit the program.
09-28 11:15:01 am BST Network is UP. Just exit the program.
09-28 11:16:01 am BST Network is UP. Just exit the program.
09-28 11:17:01 am BST Network is UP. Just exit the program.
09-28 11:18:01 am BST Network is UP. Just exit the program.
09-28 11:19:01 am BST Network is UP. Just exit the program.
09-28 11:20:01 am BST Network is UP. Just exit the program.
09-28 11:21:01 am BST Network is UP. Just exit the program.
09-28 11:22:01 am BST Network is UP. Just exit the program.
09-28 11:23:01 am BST Network is UP. Just exit the program.
09-28 11:24:01 am BST Network is UP. Just exit the program.
09-28 11:25:01 am BST Network is UP. Just exit the program.
09-28 11:26:01 am BST Network is UP. Just exit the program.
09-28 11:27:01 am BST Network is UP. Just exit the program.
09-28 11:28:01 am BST Network is UP. Just exit the program.
09-28 11:29:01 am BST Network is UP. Just exit the program.
09-28 11:30:01 am BST Network is UP. Just exit the program.
09-28 11:31:01 am BST Network is UP. Just exit the program.
09-28 11:32:01 am BST Network is UP. Just exit the program.
09-28 11:33:01 am BST Network is UP. Just exit the program.
09-28 11:34:01 am BST Network is UP. Just exit the program.
09-28 11:35:01 am BST Network is UP. Just exit the program.
09-28 11:36:01 am BST Network is UP. Just exit the program.
09-28 11:37:01 am BST Network is UP. Just exit the program.
09-28 11:38:02 am BST Network is UP. Just exit the program.
09-28 11:39:01 am BST Network is UP. Just exit the program.
09-28 11:40:01 am BST Network is UP. Just exit the program.
09-28 11:41:01 am BST Network is UP. Just exit the program.
09-28 11:42:01 am BST Network is UP. Just exit the program.
09-28 11:43:01 am BST Network is UP. Just exit the program.
09-28 11:44:01 am BST Network is UP. Just exit the program.
09-28 11:45:01 am BST Network is UP. Just exit the program.
09-28 11:46:01 am BST Network is UP. Just exit the program.
09-28 11:47:01 am BST Network is UP. Just exit the program.
09-28 11:48:01 am BST Network is UP. Just exit the program.
09-28 11:49:02 am BST Network is UP. Just exit the program.
09-28 11:50:01 am BST Network is UP. Just exit the program.
09-28 11:51:01 am BST Network is UP. Just exit the program.
09-28 11:52:01 am BST Network is UP. Just exit the program.
09-28 11:53:01 am BST Network is UP. Just exit the program.
09-28 11:54:01 am BST Network is UP. Just exit the program.
09-28 11:55:01 am BST Network is UP. Just exit the program.
09-28 11:56:01 am BST Network is UP. Just exit the program.
09-28 11:57:01 am BST Network is UP. Just exit the program.
09-28 11:58:01 am BST Network is UP. Just exit the program.
09-28 11:59:01 am BST Network is UP. Just exit the program.
09-28 12:00:01 pm BST Network is UP. Just exit the program.
09-28 12:01:01 pm BST Network is UP. Just exit the program.
09-28 12:02:01 pm BST Network is UP. Just exit the program.
09-28 12:03:01 pm BST Network is UP. Just exit the program.
09-28 12:04:01 pm BST Network is UP. Just exit the program.
09-28 12:05:01 pm BST Network is UP. Just exit the program.
09-28 12:06:01 pm BST Network is UP. Just exit the program.
09-28 12:07:01 pm BST Network is UP. Just exit the program.
09-28 12:08:01 pm BST Network is UP. Just exit the program.
09-28 12:09:01 pm BST Network is UP. Just exit the program.
09-28 12:10:02 pm BST Network is UP. Just exit the program.
09-28 12:11:01 pm BST Network is UP. Just exit the program.
09-28 12:12:01 pm BST Network is UP. Just exit the program.
09-28 12:13:01 pm BST Network is UP. Just exit the program.
09-28 12:14:01 pm BST Network is UP. Just exit the program.
09-28 12:15:01 pm BST Network is UP. Just exit the program.
09-28 12:16:01 pm BST Network is UP. Just exit the program.
09-28 12:17:01 pm BST Network is UP. Just exit the program.
09-28 12:18:01 pm BST Network is UP. Just exit the program.
09-28 12:19:01 pm BST Network is UP. Just exit the program.
09-28 12:20:01 pm BST Network is UP. Just exit the program.
09-28 12:21:01 pm BST Network is UP. Just exit the program.
09-28 12:22:01 pm BST Network is UP. Just exit the program.
09-28 12:23:01 pm BST Network is UP. Just exit the program.
09-28 12:24:01 pm BST Network is UP. Just exit the program.
09-28 12:25:01 pm BST Network is UP. Just exit the program.
09-28 12:26:01 pm BST Network is UP. Just exit the program.
09-28 12:27:01 pm BST Network is UP. Just exit the program.
09-28 12:28:01 pm BST Network is UP. Just exit the program.
09-28 12:29:01 pm BST Network is UP. Just exit the program.
09-28 12:30:01 pm BST Network is UP. Just exit the program.
09-28 12:31:01 pm BST Network is UP. Just exit the program.
09-28 12:32:01 pm BST Network is UP. Just exit the program.
09-28 12:33:01 pm BST Network is UP. Just exit the program.
09-28 12:34:01 pm BST Network is UP. Just exit the program.
09-28 12:35:01 pm BST Network is UP. Just exit the program.
09-28 12:36:01 pm BST Network is UP. Just exit the program.
09-28 12:37:01 pm BST Network is UP. Just exit the program.
09-28 12:38:01 pm BST Network is UP. Just exit the program.
09-28 12:39:01 pm BST Network is UP. Just exit the program.
09-28 12:40:01 pm BST Network is UP. Just exit the program.
09-28 12:41:01 pm BST Network is UP. Just exit the program.
09-28 12:42:01 pm BST Network is UP. Just exit the program.
09-28 12:43:01 pm BST Network is UP. Just exit the program.
09-28 12:44:01 pm BST Network is UP. Just exit the program.
09-28 12:45:01 pm BST Network is UP. Just exit the program.
09-28 12:46:01 pm BST Network is UP. Just exit the program.
09-28 12:47:01 pm BST Network is UP. Just exit the program.
09-28 12:48:01 pm BST Network is UP. Just exit the program.
09-28 12:49:01 pm BST Network is UP. Just exit the program.
09-28 12:50:02 pm BST Network is UP. Just exit the program.
09-28 12:51:01 pm BST Network is UP. Just exit the program.
09-28 12:52:01 pm BST Network is UP. Just exit the program.
09-28 12:53:01 pm BST Network is UP. Just exit the program.
09-28 12:54:01 pm BST Network is UP. Just exit the program.
09-28 12:55:01 pm BST Network is UP. Just exit the program.
09-28 12:56:01 pm BST Network is UP. Just exit the program.
09-28 12:57:01 pm BST Network is UP. Just exit the program.
09-28 12:58:01 pm BST Network is UP. Just exit the program.
09-28 12:59:01 pm BST Network is UP. Just exit the program.
09-28  1:00:01 pm BST Network is UP. Just exit the program.
09-28  1:01:01 pm BST Network is UP. Just exit the program.
09-28  1:02:01 pm BST Network is UP. Just exit the program.
09-28  1:03:01 pm BST Network is UP. Just exit the program.
09-28  1:04:01 pm BST Network is UP. Just exit the program.
09-28  1:05:01 pm BST Network is UP. Just exit the program.
09-28  1:06:01 pm BST Network is UP. Just exit the program.
09-28  1:07:01 pm BST Network is UP. Just exit the program.
09-28  1:08:01 pm BST Network is UP. Just exit the program.
09-28  1:09:01 pm BST Network is UP. Just exit the program.
09-28  1:10:01 pm BST Network is UP. Just exit the program.
09-28  1:11:02 pm BST Network is UP. Just exit the program.
09-28  1:12:01 pm BST Network is UP. Just exit the program.
09-28  1:13:01 pm BST Network is UP. Just exit the program.
09-28  1:14:01 pm BST Network is UP. Just exit the program.
09-28  1:15:01 pm BST Network is UP. Just exit the program.
09-28  1:16:01 pm BST Network is UP. Just exit the program.
09-28  1:17:01 pm BST Network is UP. Just exit the program.
09-28  1:18:01 pm BST Network is UP. Just exit the program.
09-28  1:19:01 pm BST Network is UP. Just exit the program.
09-28  1:20:02 pm BST Network is UP. Just exit the program.
09-28  1:21:01 pm BST Network is UP. Just exit the program.
09-28  1:22:01 pm BST Network is UP. Just exit the program.
09-28  1:23:01 pm BST Network is UP. Just exit the program.
09-28  1:24:01 pm BST Network is UP. Just exit the program.
09-28  1:25:01 pm BST Network is UP. Just exit the program.
09-28  1:26:01 pm BST Network is UP. Just exit the program.
09-28  1:27:01 pm BST Network is UP. Just exit the program.
09-28  1:28:01 pm BST Network is UP. Just exit the program.
09-28  1:29:01 pm BST Network is UP. Just exit the program.
09-28  1:30:01 pm BST Network is UP. Just exit the program.
09-28  1:31:02 pm BST Network is UP. Just exit the program.
09-28  1:32:01 pm BST Network is UP. Just exit the program.
09-28  1:33:01 pm BST Network is UP. Just exit the program.
09-28  1:34:01 pm BST Network is UP. Just exit the program.
09-28  1:35:01 pm BST Network is UP. Just exit the program.
09-28  1:36:01 pm BST Network is UP. Just exit the program.
09-28  1:37:01 pm BST Network is UP. Just exit the program.
09-28  1:38:01 pm BST Network is UP. Just exit the program.
09-28  1:39:01 pm BST Network is UP. Just exit the program.
09-28  1:40:01 pm BST Network is UP. Just exit the program.
09-28  1:41:01 pm BST Network is UP. Just exit the program.
09-28  1:42:02 pm BST Network is UP. Just exit the program.
09-28  1:43:01 pm BST Network is UP. Just exit the program.
09-28  1:44:01 pm BST Network is UP. Just exit the program.
09-28  1:45:01 pm BST Network is UP. Just exit the program.
09-28  1:46:01 pm BST Network is UP. Just exit the program.
09-28  1:47:01 pm BST Network is UP. Just exit the program.
09-28  1:48:01 pm BST Network is UP. Just exit the program.
09-28  1:49:01 pm BST Network is UP. Just exit the program.
09-28  1:50:01 pm BST Network is UP. Just exit the program.
09-28  1:51:01 pm BST Network is UP. Just exit the program.
09-28  1:52:01 pm BST Network is UP. Just exit the program.
09-28  1:53:01 pm BST Network is UP. Just exit the program.
09-28  1:54:01 pm BST Network is UP. Just exit the program.
09-28  1:55:01 pm BST Network is UP. Just exit the program.
09-28  1:56:01 pm BST Network is UP. Just exit the program.
09-28  1:57:01 pm BST Network is UP. Just exit the program.
09-28  1:58:01 pm BST Network is UP. Just exit the program.
09-28  1:59:01 pm BST Network is UP. Just exit the program.
09-28  2:00:01 pm BST Network is UP. Just exit the program.
09-28  2:01:01 pm BST Network is UP. Just exit the program.
09-28  2:02:01 pm BST Network is UP. Just exit the program.
09-28  2:03:01 pm BST Network is UP. Just exit the program.
09-28  2:04:01 pm BST Network is UP. Just exit the program.
09-28  2:05:01 pm BST Network is UP. Just exit the program.
09-28  2:06:01 pm BST Network is UP. Just exit the program.
09-28  2:07:01 pm BST Network is UP. Just exit the program.
09-28  2:08:01 pm BST Network is UP. Just exit the program.
09-28  2:09:01 pm BST Network is UP. Just exit the program.
09-28  2:10:01 pm BST Network is UP. Just exit the program.
09-28  2:11:01 pm BST Network is UP. Just exit the program.
09-28  2:12:01 pm BST Network is UP. Just exit the program.
09-28  2:13:01 pm BST Network is UP. Just exit the program.
09-28  2:14:01 pm BST Network is UP. Just exit the program.
09-28  2:15:01 pm BST Network is UP. Just exit the program.
09-28  2:16:01 pm BST Network is UP. Just exit the program.
09-28  2:17:02 pm BST Network is UP. Just exit the program.
09-28  2:18:01 pm BST Network is UP. Just exit the program.
09-28  2:19:01 pm BST Network is UP. Just exit the program.
09-28  2:20:01 pm BST Network is UP. Just exit the program.
09-28  2:21:01 pm BST Network is UP. Just exit the program.
09-28  2:22:01 pm BST Network is UP. Just exit the program.
09-28  2:23:01 pm BST Network is UP. Just exit the program.
09-28  2:24:01 pm BST Network is UP. Just exit the program.
09-28  2:25:01 pm BST Network is UP. Just exit the program.
09-28  2:26:01 pm BST Network is UP. Just exit the program.
09-28  2:27:02 pm BST Network is UP. Just exit the program.
09-28  2:28:01 pm BST Network is UP. Just exit the program.
09-28  2:29:01 pm BST Network is UP. Just exit the program.
09-28  2:30:01 pm BST Network is UP. Just exit the program.
09-28  2:31:01 pm BST Network is UP. Just exit the program.
09-28  2:32:01 pm BST Network is UP. Just exit the program.
09-28  2:33:01 pm BST Network is UP. Just exit the program.
09-28  2:34:01 pm BST Network is UP. Just exit the program.
09-28  2:35:01 pm BST Network is UP. Just exit the program.
09-28  2:36:01 pm BST Network is UP. Just exit the program.
09-28  2:37:01 pm BST Network is UP. Just exit the program.
09-28  2:38:01 pm BST Network is UP. Just exit the program.
09-28  2:39:01 pm BST Network is UP. Just exit the program.
09-28  2:40:01 pm BST Network is UP. Just exit the program.
09-28  2:41:01 pm BST Network is UP. Just exit the program.
09-28  2:42:01 pm BST Network is UP. Just exit the program.
09-28  2:43:01 pm BST Network is UP. Just exit the program.
09-28  2:44:01 pm BST Network is UP. Just exit the program.
09-28  2:45:01 pm BST Network is UP. Just exit the program.
09-28  2:46:01 pm BST Network is UP. Just exit the program.
09-28  2:47:01 pm BST Network is UP. Just exit the program.
09-28  2:48:01 pm BST Network is UP. Just exit the program.
09-28  2:49:01 pm BST Network is UP. Just exit the program.
09-28  2:50:01 pm BST Network is UP. Just exit the program.
09-28  2:51:01 pm BST Network is UP. Just exit the program.
09-28  2:52:01 pm BST Network is UP. Just exit the program.
09-28  2:53:01 pm BST Network is UP. Just exit the program.
09-28  2:54:01 pm BST Network is UP. Just exit the program.
09-28  2:55:01 pm BST Network is UP. Just exit the program.
09-28  2:56:02 pm BST Network is UP. Just exit the program.
09-28  2:57:01 pm BST Network is UP. Just exit the program.
09-28  2:58:01 pm BST Network is UP. Just exit the program.
09-28  2:59:01 pm BST Network is UP. Just exit the program.
09-28  3:00:01 pm BST Network is UP. Just exit the program.
09-28  3:01:01 pm BST Network is UP. Just exit the program.
09-28  3:02:01 pm BST Network is UP. Just exit the program.
09-28  3:03:01 pm BST Network is UP. Just exit the program.
09-28  3:04:01 pm BST Network is UP. Just exit the program.
09-28  3:05:01 pm BST Network is UP. Just exit the program.
09-28  3:06:01 pm BST Network is UP. Just exit the program.
09-28  3:07:01 pm BST Network is UP. Just exit the program.
09-28  3:08:01 pm BST Network is UP. Just exit the program.
09-28  3:09:01 pm BST Network is UP. Just exit the program.
09-28  3:10:01 pm BST Network is UP. Just exit the program.
09-28  3:11:01 pm BST Network is UP. Just exit the program.
09-28  3:12:01 pm BST Network is UP. Just exit the program.
09-28  3:13:01 pm BST Network is UP. Just exit the program.
09-28  3:14:01 pm BST Network is UP. Just exit the program.
09-28  3:15:01 pm BST Network is UP. Just exit the program.
09-28  3:16:01 pm BST Network is UP. Just exit the program.
09-28  3:17:01 pm BST Network is UP. Just exit the program.
09-28  3:18:01 pm BST Network is UP. Just exit the program.
09-28  3:19:01 pm BST Network is UP. Just exit the program.
09-28  3:20:01 pm BST Network is UP. Just exit the program.
09-28  3:21:01 pm BST Network is UP. Just exit the program.
09-28  3:22:01 pm BST Network is UP. Just exit the program.
09-28  3:23:01 pm BST Network is UP. Just exit the program.
09-28  3:24:01 pm BST Network is UP. Just exit the program.
09-28  3:25:01 pm BST Network is UP. Just exit the program.
09-28  3:26:01 pm BST Network is UP. Just exit the program.
09-28  3:27:01 pm BST Network is UP. Just exit the program.
09-28  3:28:01 pm BST Network is UP. Just exit the program.
09-28  3:29:01 pm BST Network is UP. Just exit the program.
09-28  3:30:01 pm BST Network is UP. Just exit the program.
09-28  3:31:01 pm BST Network is UP. Just exit the program.
09-28  3:32:01 pm BST Network is UP. Just exit the program.
09-28  3:33:01 pm BST Network is UP. Just exit the program.
09-28  3:34:01 pm BST Network is UP. Just exit the program.
09-28  3:35:01 pm BST Network is UP. Just exit the program.
09-28  3:36:01 pm BST Network is UP. Just exit the program.
09-28  3:37:02 pm BST Network is UP. Just exit the program.
09-28  3:38:01 pm BST Network is UP. Just exit the program.
09-28  3:39:01 pm BST Network is UP. Just exit the program.
09-28  3:40:01 pm BST Network is UP. Just exit the program.
09-28  3:41:01 pm BST Network is UP. Just exit the program.
09-28  3:42:01 pm BST Network is UP. Just exit the program.
09-28  3:43:01 pm BST Network is UP. Just exit the program.
09-28  3:44:01 pm BST Network is UP. Just exit the program.
09-28  3:45:01 pm BST Network is UP. Just exit the program.
09-28  3:46:01 pm BST Network is UP. Just exit the program.
09-28  3:47:01 pm BST Network is UP. Just exit the program.
09-28  3:48:02 pm BST Network is UP. Just exit the program.
09-28  3:49:01 pm BST Network is UP. Just exit the program.
09-28  3:50:01 pm BST Network is UP. Just exit the program.
09-28  3:51:01 pm BST Network is UP. Just exit the program.
09-28  3:52:01 pm BST Network is UP. Just exit the program.
09-28  3:53:01 pm BST Network is UP. Just exit the program.
09-28  3:54:01 pm BST Network is UP. Just exit the program.
09-28  3:55:01 pm BST Network is UP. Just exit the program.
09-28  3:56:01 pm BST Network is UP. Just exit the program.
09-28  3:57:01 pm BST Network is UP. Just exit the program.
09-28  3:58:01 pm BST Network is UP. Just exit the program.
09-28  3:59:01 pm BST Network is UP. Just exit the program.
09-28  4:00:01 pm BST Network is UP. Just exit the program.
09-28  4:01:01 pm BST Network is UP. Just exit the program.
09-28  4:02:01 pm BST Network is UP. Just exit the program.
09-28  4:03:01 pm BST Network is UP. Just exit the program.
09-28  4:04:01 pm BST Network is UP. Just exit the program.
09-28  4:05:01 pm BST Network is UP. Just exit the program.
09-28  4:06:01 pm BST Network is UP. Just exit the program.
09-28  4:07:01 pm BST Network is UP. Just exit the program.
09-28  4:08:02 pm BST Network is UP. Just exit the program.
09-28  4:09:01 pm BST Network is UP. Just exit the program.
09-28  4:10:01 pm BST Network is UP. Just exit the program.
09-28  4:11:01 pm BST Network is UP. Just exit the program.
09-28  4:12:01 pm BST Network is UP. Just exit the program.
09-28  4:13:01 pm BST Network is UP. Just exit the program.
09-28  4:14:01 pm BST Network is UP. Just exit the program.
09-28  4:15:01 pm BST Network is UP. Just exit the program.
09-28  4:16:01 pm BST Network is UP. Just exit the program.
09-28  4:17:01 pm BST Network is UP. Just exit the program.
09-28  4:18:02 pm BST Network is UP. Just exit the program.
09-28  4:19:01 pm BST Network is UP. Just exit the program.
09-28  4:20:01 pm BST Network is UP. Just exit the program.
09-28  4:21:01 pm BST Network is UP. Just exit the program.
09-28  4:22:01 pm BST Network is UP. Just exit the program.
09-28  4:23:01 pm BST Network is UP. Just exit the program.
09-28  4:24:01 pm BST Network is UP. Just exit the program.
09-28  4:25:01 pm BST Network is UP. Just exit the program.
09-28  4:26:01 pm BST Network is UP. Just exit the program.
09-28  4:27:01 pm BST Network is UP. Just exit the program.
09-28  4:28:01 pm BST Network is UP. Just exit the program.
09-28  4:29:01 pm BST Network is UP. Just exit the program.
09-28  4:30:01 pm BST Network is UP. Just exit the program.
09-28  4:31:01 pm BST Network is UP. Just exit the program.
09-28  4:32:01 pm BST Network is UP. Just exit the program.
09-28  4:33:01 pm BST Network is UP. Just exit the program.
09-28  4:34:01 pm BST Network is UP. Just exit the program.
09-28  4:35:01 pm BST Network is UP. Just exit the program.
09-28  4:36:01 pm BST Network is UP. Just exit the program.
09-28  4:37:01 pm BST Network is UP. Just exit the program.
09-28  4:38:01 pm BST Network is UP. Just exit the program.
09-28  4:39:01 pm BST Network is UP. Just exit the program.
09-28  4:40:01 pm BST Network is UP. Just exit the program.
09-28  4:41:01 pm BST Network is UP. Just exit the program.
09-28  4:42:01 pm BST Network is UP. Just exit the program.
09-28  4:43:01 pm BST Network is UP. Just exit the program.
09-28  4:44:01 pm BST Network is UP. Just exit the program.
09-28  4:45:01 pm BST Network is UP. Just exit the program.
09-28  4:46:01 pm BST Network is UP. Just exit the program.
09-28  4:47:01 pm BST Network is UP. Just exit the program.
09-28  4:48:01 pm BST Network is UP. Just exit the program.
09-28  4:49:01 pm BST Network is UP. Just exit the program.
09-28  4:50:01 pm BST Network is UP. Just exit the program.
09-28  4:51:01 pm BST Network is UP. Just exit the program.
09-28  4:52:01 pm BST Network is UP. Just exit the program.
09-28  4:53:01 pm BST Network is UP. Just exit the program.
09-28  4:54:01 pm BST Network is UP. Just exit the program.
09-28  4:55:01 pm BST Network is UP. Just exit the program.
09-28  4:56:02 pm BST Network is UP. Just exit the program.
09-28  4:57:01 pm BST Network is UP. Just exit the program.
09-28  4:58:01 pm BST Network is UP. Just exit the program.
09-28  4:59:01 pm BST Network is UP. Just exit the program.
09-28  5:00:01 pm BST Network is UP. Just exit the program.
09-28  5:01:01 pm BST Network is UP. Just exit the program.
09-28  5:02:01 pm BST Network is UP. Just exit the program.
09-28  5:03:01 pm BST Network is UP. Just exit the program.
09-28  5:04:01 pm BST Network is UP. Just exit the program.
09-28  5:05:01 pm BST Network is UP. Just exit the program.
09-28  5:06:01 pm BST Network is UP. Just exit the program.
09-28  5:07:01 pm BST Network is UP. Just exit the program.
09-28  5:08:01 pm BST Network is UP. Just exit the program.
09-28  5:09:01 pm BST Network is UP. Just exit the program.
09-28  5:10:01 pm BST Network is UP. Just exit the program.
09-28  5:11:01 pm BST Network is UP. Just exit the program.
09-28  5:12:01 pm BST Network is UP. Just exit the program.
09-28  5:13:01 pm BST Network is UP. Just exit the program.
09-28  5:14:01 pm BST Network is UP. Just exit the program.
09-28  5:15:01 pm BST Network is UP. Just exit the program.
09-28  5:16:01 pm BST Network is UP. Just exit the program.
09-28  5:17:01 pm BST Network is UP. Just exit the program.
09-28  5:18:01 pm BST Network is UP. Just exit the program.
09-28  5:19:01 pm BST Network is UP. Just exit the program.
09-28  5:20:01 pm BST Network is UP. Just exit the program.
09-28  5:21:01 pm BST Network is UP. Just exit the program.
09-28  5:22:01 pm BST Network is UP. Just exit the program.
09-28  5:23:01 pm BST Network is UP. Just exit the program.
09-28  5:24:01 pm BST Network is UP. Just exit the program.
09-28  5:25:01 pm BST Network is UP. Just exit the program.
09-28  5:26:01 pm BST Network is UP. Just exit the program.
09-28  5:27:01 pm BST Network is UP. Just exit the program.
09-28  5:28:01 pm BST Network is UP. Just exit the program.
09-28  5:29:01 pm BST Network is UP. Just exit the program.
09-28  5:30:01 pm BST Network is UP. Just exit the program.
09-28  5:31:01 pm BST Network is UP. Just exit the program.
09-28  5:32:01 pm BST Network is UP. Just exit the program.
09-28  5:33:01 pm BST Network is UP. Just exit the program.
09-28  5:34:01 pm BST Network is UP. Just exit the program.
09-28  5:35:01 pm BST Network is UP. Just exit the program.
09-28  5:36:01 pm BST Network is UP. Just exit the program.
09-28  5:37:01 pm BST Network is UP. Just exit the program.
09-28  5:38:01 pm BST Network is UP. Just exit the program.
09-28  5:39:01 pm BST Network is UP. Just exit the program.
09-28  5:40:02 pm BST Network is UP. Just exit the program.
09-28  5:41:01 pm BST Network is UP. Just exit the program.
09-28  5:42:01 pm BST Network is UP. Just exit the program.
09-28  5:43:01 pm BST Network is UP. Just exit the program.
09-28  5:44:01 pm BST Network is UP. Just exit the program.
09-28  5:45:01 pm BST Network is UP. Just exit the program.
09-28  5:46:01 pm BST Network is UP. Just exit the program.
09-28  5:47:01 pm BST Network is UP. Just exit the program.
09-28  5:48:01 pm BST Network is UP. Just exit the program.
09-28  5:49:01 pm BST Network is UP. Just exit the program.
09-28  5:50:01 pm BST Network is UP. Just exit the program.
09-28  5:51:01 pm BST Network is UP. Just exit the program.
09-28  5:52:01 pm BST Network is UP. Just exit the program.
09-28  5:53:01 pm BST Network is UP. Just exit the program.
09-28  5:54:01 pm BST Network is UP. Just exit the program.
09-28  5:55:01 pm BST Network is UP. Just exit the program.
09-28  5:56:01 pm BST Network is UP. Just exit the program.
09-28  5:57:01 pm BST Network is UP. Just exit the program.
09-28  5:58:01 pm BST Network is UP. Just exit the program.
09-28  5:59:01 pm BST Network is UP. Just exit the program.
09-28  6:00:01 pm BST Network is UP. Just exit the program.
09-28  6:01:01 pm BST Network is UP. Just exit the program.
09-28  6:02:01 pm BST Network is UP. Just exit the program.
09-28  6:03:01 pm BST Network is UP. Just exit the program.
09-28  6:04:01 pm BST Network is UP. Just exit the program.
09-28  6:05:01 pm BST Network is UP. Just exit the program.
09-28  6:06:01 pm BST Network is UP. Just exit the program.
09-28  6:07:01 pm BST Network is UP. Just exit the program.
09-28  6:08:01 pm BST Network is UP. Just exit the program.
09-28  6:09:01 pm BST Network is UP. Just exit the program.
09-28  6:10:01 pm BST Network is UP. Just exit the program.
09-28  6:11:01 pm BST Network is UP. Just exit the program.
09-28  6:12:01 pm BST Network is UP. Just exit the program.
09-28  6:13:01 pm BST Network is UP. Just exit the program.
09-28  6:14:01 pm BST Network is UP. Just exit the program.
09-28  6:15:01 pm BST Network is UP. Just exit the program.
09-28  6:16:01 pm BST Network is UP. Just exit the program.
09-28  6:17:01 pm BST Network is UP. Just exit the program.
09-28  6:18:01 pm BST Network is UP. Just exit the program.
09-28  6:19:01 pm BST Network is UP. Just exit the program.
09-28  6:20:01 pm BST Network is UP. Just exit the program.
09-28  6:21:01 pm BST Network is UP. Just exit the program.
09-28  6:22:01 pm BST Network is UP. Just exit the program.
09-28  6:23:01 pm BST Network is UP. Just exit the program.
09-28  6:24:01 pm BST Network is UP. Just exit the program.
09-28  6:25:01 pm BST Network is UP. Just exit the program.
09-28  6:26:01 pm BST Network is UP. Just exit the program.
09-28  6:27:01 pm BST Network is UP. Just exit the program.
09-28  6:28:01 pm BST Network is UP. Just exit the program.
09-28  6:29:01 pm BST Network is UP. Just exit the program.
09-28  6:30:01 pm BST Network is UP. Just exit the program.
09-28  6:31:01 pm BST Network is UP. Just exit the program.
09-28  6:32:01 pm BST Network is UP. Just exit the program.
09-28  6:33:01 pm BST Network is UP. Just exit the program.
09-28  6:34:01 pm BST Network is UP. Just exit the program.
09-28  6:35:01 pm BST Network is UP. Just exit the program.
09-28  6:36:01 pm BST Network is UP. Just exit the program.
09-28  6:37:01 pm BST Network is UP. Just exit the program.
09-28  6:38:01 pm BST Network is UP. Just exit the program.
09-28  6:39:01 pm BST Network is UP. Just exit the program.
09-28  6:40:01 pm BST Network is UP. Just exit the program.
09-28  6:41:01 pm BST Network is UP. Just exit the program.
09-28  6:42:02 pm BST Network is UP. Just exit the program.
09-28  6:43:01 pm BST Network is UP. Just exit the program.
09-28  6:44:01 pm BST Network is UP. Just exit the program.
09-28  6:45:01 pm BST Network is UP. Just exit the program.
09-28  6:46:01 pm BST Network is UP. Just exit the program.
09-28  6:47:01 pm BST Network is UP. Just exit the program.
09-28  6:48:01 pm BST Network is UP. Just exit the program.
09-28  6:49:01 pm BST Network is UP. Just exit the program.
09-28  6:50:01 pm BST Network is UP. Just exit the program.
09-28  6:51:01 pm BST Network is UP. Just exit the program.
09-28  6:52:01 pm BST Network is UP. Just exit the program.
09-28  6:53:01 pm BST Network is UP. Just exit the program.
09-28  6:54:01 pm BST Network is UP. Just exit the program.
09-28  6:55:01 pm BST Network is UP. Just exit the program.
09-28  6:56:01 pm BST Network is UP. Just exit the program.
09-28  6:57:01 pm BST Network is UP. Just exit the program.
09-28  6:58:01 pm BST Network is UP. Just exit the program.
09-28  6:59:01 pm BST Network is UP. Just exit the program.
09-28  7:00:01 pm BST Network is UP. Just exit the program.
09-28  7:01:01 pm BST Network is UP. Just exit the program.
09-28  7:02:01 pm BST Network is UP. Just exit the program.
09-28  7:03:01 pm BST Network is UP. Just exit the program.
09-28  7:04:01 pm BST Network is UP. Just exit the program.
09-28  7:05:01 pm BST Network is UP. Just exit the program.
09-28  7:06:01 pm BST Network is UP. Just exit the program.
09-28  7:07:01 pm BST Network is UP. Just exit the program.
09-28  7:08:01 pm BST Network is UP. Just exit the program.
09-28  7:09:01 pm BST Network is UP. Just exit the program.
09-28  7:10:01 pm BST Network is UP. Just exit the program.
09-28  7:11:01 pm BST Network is UP. Just exit the program.
09-28  7:12:01 pm BST Network is UP. Just exit the program.
09-28  7:13:01 pm BST Network is UP. Just exit the program.
09-28  7:14:01 pm BST Network is UP. Just exit the program.
09-28  7:15:01 pm BST Network is UP. Just exit the program.
09-28  7:16:01 pm BST Network is UP. Just exit the program.
09-28  7:17:01 pm BST Network is UP. Just exit the program.
09-28  7:18:01 pm BST Network is UP. Just exit the program.
09-28  7:19:01 pm BST Network is UP. Just exit the program.
09-28  7:20:01 pm BST Network is UP. Just exit the program.
09-28  7:21:01 pm BST Network is UP. Just exit the program.
09-28  7:22:01 pm BST Network is UP. Just exit the program.
09-28  7:23:01 pm BST Network is UP. Just exit the program.
09-28  7:24:01 pm BST Network is UP. Just exit the program.
09-28  7:25:01 pm BST Network is UP. Just exit the program.
09-28  7:26:01 pm BST Network is UP. Just exit the program.
09-28  7:27:01 pm BST Network is UP. Just exit the program.
09-28  7:28:01 pm BST Network is UP. Just exit the program.
09-28  7:29:02 pm BST Network is UP. Just exit the program.
09-28  7:30:01 pm BST Network is UP. Just exit the program.
09-28  7:31:01 pm BST Network is UP. Just exit the program.
09-28  7:32:01 pm BST Network is UP. Just exit the program.
09-28  7:33:01 pm BST Network is UP. Just exit the program.
09-28  7:34:01 pm BST Network is UP. Just exit the program.
09-28  7:35:01 pm BST Network is UP. Just exit the program.
09-28  7:36:01 pm BST Network is UP. Just exit the program.
09-28  7:37:01 pm BST Network is UP. Just exit the program.
09-28  7:38:01 pm BST Network is UP. Just exit the program.
09-28  7:39:01 pm BST Network is UP. Just exit the program.
09-28  7:40:01 pm BST Network is UP. Just exit the program.
09-28  7:41:01 pm BST Network is UP. Just exit the program.
09-28  7:42:01 pm BST Network is UP. Just exit the program.
09-28  7:43:01 pm BST Network is UP. Just exit the program.
09-28  7:44:01 pm BST Network is UP. Just exit the program.
09-28  7:45:01 pm BST Network is UP. Just exit the program.
09-28  7:46:01 pm BST Network is UP. Just exit the program.
09-28  7:47:01 pm BST Network is UP. Just exit the program.
09-28  7:48:01 pm BST Network is UP. Just exit the program.
09-28  7:49:01 pm BST Network is UP. Just exit the program.
09-28  7:50:01 pm BST Network is UP. Just exit the program.
09-28  7:51:02 pm BST Network is UP. Just exit the program.
09-28  7:52:01 pm BST Network is UP. Just exit the program.
09-28  7:53:01 pm BST Network is UP. Just exit the program.
09-28  7:54:01 pm BST Network is UP. Just exit the program.
09-28  7:55:01 pm BST Network is UP. Just exit the program.
09-28  7:56:01 pm BST Network is UP. Just exit the program.
09-28  7:57:01 pm BST Network is UP. Just exit the program.
09-28  7:58:01 pm BST Network is UP. Just exit the program.
09-28  7:59:01 pm BST Network is UP. Just exit the program.
09-28  8:00:01 pm BST Network is UP. Just exit the program.
09-28  8:01:01 pm BST Network is UP. Just exit the program.
09-28  8:02:01 pm BST Network is UP. Just exit the program.
09-28  8:03:01 pm BST Network is UP. Just exit the program.
09-28  8:04:01 pm BST Network is UP. Just exit the program.
09-28  8:05:01 pm BST Network is UP. Just exit the program.
09-28  8:06:01 pm BST Network is UP. Just exit the program.
09-28  8:07:01 pm BST Network is UP. Just exit the program.
09-28  8:08:01 pm BST Network is UP. Just exit the program.
09-28  8:09:01 pm BST Network is UP. Just exit the program.
09-28  8:10:01 pm BST Network is UP. Just exit the program.
09-28  8:11:01 pm BST Network is UP. Just exit the program.
09-28  8:12:02 pm BST Network is UP. Just exit the program.
09-28  8:13:01 pm BST Network is UP. Just exit the program.
09-28  8:14:01 pm BST Network is UP. Just exit the program.
09-28  8:15:01 pm BST Network is UP. Just exit the program.
09-28  8:16:01 pm BST Network is UP. Just exit the program.
09-28  8:17:01 pm BST Network is UP. Just exit the program.
09-28  8:18:01 pm BST Network is UP. Just exit the program.
09-28  8:19:01 pm BST Network is UP. Just exit the program.
09-28  8:20:01 pm BST Network is UP. Just exit the program.
09-28  8:21:01 pm BST Network is UP. Just exit the program.
09-28  8:22:02 pm BST Network is UP. Just exit the program.
09-28  8:23:01 pm BST Network is UP. Just exit the program.
09-28  8:24:01 pm BST Network is UP. Just exit the program.
09-28  8:25:01 pm BST Network is UP. Just exit the program.
09-28  8:26:01 pm BST Network is UP. Just exit the program.
09-28  8:27:01 pm BST Network is UP. Just exit the program.
09-28  8:28:01 pm BST Network is UP. Just exit the program.
09-28  8:29:01 pm BST Network is UP. Just exit the program.
09-28  8:30:01 pm BST Network is UP. Just exit the program.
09-28  8:31:01 pm BST Network is UP. Just exit the program.
09-28  8:32:01 pm BST Network is UP. Just exit the program.
09-28  8:33:02 pm BST Network is UP. Just exit the program.
09-28  8:34:01 pm BST Network is UP. Just exit the program.
09-28  8:35:01 pm BST Network is UP. Just exit the program.
09-28  8:36:01 pm BST Network is UP. Just exit the program.
09-28  8:37:01 pm BST Network is UP. Just exit the program.
09-28  8:38:01 pm BST Network is UP. Just exit the program.
09-28  8:39:01 pm BST Network is UP. Just exit the program.
09-28  8:40:01 pm BST Network is UP. Just exit the program.
09-28  8:41:01 pm BST Network is UP. Just exit the program.
09-28  8:42:01 pm BST Network is UP. Just exit the program.
09-28  8:43:01 pm BST Network is UP. Just exit the program.
09-28  8:44:01 pm BST Network is UP. Just exit the program.
09-28  8:45:01 pm BST Network is UP. Just exit the program.
09-28  8:46:01 pm BST Network is UP. Just exit the program.
09-28  8:47:01 pm BST Network is UP. Just exit the program.
09-28  8:48:01 pm BST Network is UP. Just exit the program.
09-28  8:49:01 pm BST Network is UP. Just exit the program.
09-28  8:50:01 pm BST Network is UP. Just exit the program.
09-28  8:51:01 pm BST Network is UP. Just exit the program.
09-28  8:52:01 pm BST Network is UP. Just exit the program.
09-28  8:53:01 pm BST Network is UP. Just exit the program.
09-28  8:54:01 pm BST Network is UP. Just exit the program.
09-28  8:55:01 pm BST Network is UP. Just exit the program.
09-28  8:56:01 pm BST Network is UP. Just exit the program.
09-28  8:57:01 pm BST Network is UP. Just exit the program.
09-28  8:58:01 pm BST Network is UP. Just exit the program.
09-28  8:59:01 pm BST Network is UP. Just exit the program.
09-28  9:00:01 pm BST Network is UP. Just exit the program.
09-28  9:01:01 pm BST Network is UP. Just exit the program.
09-28  9:02:01 pm BST Network is UP. Just exit the program.
09-28  9:03:01 pm BST Network is UP. Just exit the program.
09-28  9:04:01 pm BST Network is UP. Just exit the program.
09-28  9:05:01 pm BST Network is UP. Just exit the program.
09-28  9:06:01 pm BST Network is UP. Just exit the program.
09-28  9:07:01 pm BST Network is UP. Just exit the program.
09-28  9:08:01 pm BST Network is UP. Just exit the program.
09-28  9:09:01 pm BST Network is UP. Just exit the program.
09-28  9:10:01 pm BST Network is UP. Just exit the program.
09-28  9:11:01 pm BST Network is UP. Just exit the program.
09-28  9:12:01 pm BST Network is UP. Just exit the program.
09-28  9:13:01 pm BST Network is UP. Just exit the program.
09-28  9:14:01 pm BST Network is UP. Just exit the program.
09-28  9:15:02 pm BST Network is UP. Just exit the program.
09-28  9:16:01 pm BST Network is UP. Just exit the program.
09-28  9:17:01 pm BST Network is UP. Just exit the program.
09-28  9:18:01 pm BST Network is UP. Just exit the program.
09-28  9:19:01 pm BST Network is UP. Just exit the program.
09-28  9:20:01 pm BST Network is UP. Just exit the program.
09-28  9:21:01 pm BST Network is UP. Just exit the program.
09-28  9:22:01 pm BST Network is UP. Just exit the program.
09-28  9:23:01 pm BST Network is UP. Just exit the program.
09-28  9:24:01 pm BST Network is UP. Just exit the program.
09-28  9:25:02 pm BST Network is UP. Just exit the program.
09-28  9:26:01 pm BST Network is UP. Just exit the program.
09-28  9:27:01 pm BST Network is UP. Just exit the program.
09-28  9:28:01 pm BST Network is UP. Just exit the program.
09-28  9:29:01 pm BST Network is UP. Just exit the program.
09-28  9:30:01 pm BST Network is UP. Just exit the program.
09-28  9:31:01 pm BST Network is UP. Just exit the program.
09-28  9:32:01 pm BST Network is UP. Just exit the program.
09-28  9:33:01 pm BST Network is UP. Just exit the program.
09-28  9:34:01 pm BST Network is UP. Just exit the program.
09-28  9:35:02 pm BST Network is UP. Just exit the program.
09-28  9:36:01 pm BST Network is UP. Just exit the program.
09-28  9:37:01 pm BST Network is UP. Just exit the program.
09-28  9:38:01 pm BST Network is UP. Just exit the program.
09-28  9:39:01 pm BST Network is UP. Just exit the program.
09-28  9:40:01 pm BST Network is UP. Just exit the program.
09-28  9:41:01 pm BST Network is UP. Just exit the program.
09-28  9:42:01 pm BST Network is UP. Just exit the program.
09-28  9:43:01 pm BST Network is UP. Just exit the program.
09-28  9:44:01 pm BST Network is UP. Just exit the program.
09-28  9:45:01 pm BST Network is UP. Just exit the program.
09-28  9:46:01 pm BST Network is UP. Just exit the program.
09-28  9:47:01 pm BST Network is UP. Just exit the program.
09-28  9:48:01 pm BST Network is UP. Just exit the program.
09-28  9:49:01 pm BST Network is UP. Just exit the program.
09-28  9:50:01 pm BST Network is UP. Just exit the program.
09-28  9:51:01 pm BST Network is UP. Just exit the program.
09-28  9:52:01 pm BST Network is UP. Just exit the program.
09-28  9:53:01 pm BST Network is UP. Just exit the program.
09-28  9:54:01 pm BST Network is UP. Just exit the program.
09-28  9:55:01 pm BST Network is UP. Just exit the program.
09-28  9:56:01 pm BST Network is UP. Just exit the program.
09-28  9:57:01 pm BST Network is UP. Just exit the program.
09-28  9:58:01 pm BST Network is UP. Just exit the program.
09-28  9:59:01 pm BST Network is UP. Just exit the program.
09-28 10:00:01 pm BST Network is UP. Just exit the program.
09-28 10:01:01 pm BST Network is UP. Just exit the program.
09-28 10:02:01 pm BST Network is UP. Just exit the program.
09-28 10:03:01 pm BST Network is UP. Just exit the program.
09-28 10:04:01 pm BST Network is UP. Just exit the program.
09-28 10:05:02 pm BST Network is UP. Just exit the program.
09-28 10:06:01 pm BST Network is UP. Just exit the program.
09-28 10:07:01 pm BST Network is UP. Just exit the program.
09-28 10:08:01 pm BST Network is UP. Just exit the program.
09-28 10:09:01 pm BST Network is UP. Just exit the program.
09-28 10:10:01 pm BST Network is UP. Just exit the program.
09-28 10:11:01 pm BST Network is UP. Just exit the program.
09-28 10:12:01 pm BST Network is UP. Just exit the program.
09-28 10:13:02 pm BST Network is UP. Just exit the program.
09-28 10:14:01 pm BST Network is UP. Just exit the program.
09-28 10:15:01 pm BST Network is UP. Just exit the program.
09-28 10:16:01 pm BST Network is UP. Just exit the program.
09-28 10:17:01 pm BST Network is UP. Just exit the program.
09-28 10:18:01 pm BST Network is UP. Just exit the program.
09-28 10:19:01 pm BST Network is UP. Just exit the program.
09-28 10:20:01 pm BST Network is UP. Just exit the program.
09-28 10:21:01 pm BST Network is UP. Just exit the program.
09-28 10:22:01 pm BST Network is UP. Just exit the program.
09-28 10:23:01 pm BST Network is UP. Just exit the program.
09-28 10:24:01 pm BST Network is UP. Just exit the program.
09-28 10:25:01 pm BST Network is UP. Just exit the program.
09-28 10:26:01 pm BST Network is UP. Just exit the program.
09-28 10:27:01 pm BST Network is UP. Just exit the program.
09-28 10:28:01 pm BST Network is UP. Just exit the program.
09-28 10:29:01 pm BST Network is UP. Just exit the program.
09-28 10:30:01 pm BST Network is UP. Just exit the program.
09-28 10:31:01 pm BST Network is UP. Just exit the program.
09-28 10:32:01 pm BST Network is UP. Just exit the program.
09-28 10:33:01 pm BST Network is UP. Just exit the program.
09-28 10:34:02 pm BST Network is UP. Just exit the program.
09-28 10:35:01 pm BST Network is UP. Just exit the program.
09-28 10:36:01 pm BST Network is UP. Just exit the program.
09-28 10:37:01 pm BST Network is UP. Just exit the program.
09-28 10:38:01 pm BST Network is UP. Just exit the program.
09-28 10:39:01 pm BST Network is UP. Just exit the program.
09-28 10:40:01 pm BST Network is UP. Just exit the program.
09-28 10:41:01 pm BST Network is UP. Just exit the program.
09-28 10:42:01 pm BST Network is UP. Just exit the program.
09-28 10:43:01 pm BST Network is UP. Just exit the program.
09-28 10:44:02 pm BST Network is UP. Just exit the program.
09-28 10:45:01 pm BST Network is UP. Just exit the program.
09-28 10:46:01 pm BST Network is UP. Just exit the program.
09-28 10:47:01 pm BST Network is UP. Just exit the program.
09-28 10:48:01 pm BST Network is UP. Just exit the program.
09-28 10:49:01 pm BST Network is UP. Just exit the program.
09-28 10:50:01 pm BST Network is UP. Just exit the program.
09-28 10:51:01 pm BST Network is UP. Just exit the program.
09-28 10:52:01 pm BST Network is UP. Just exit the program.
09-28 10:53:01 pm BST Network is UP. Just exit the program.
09-28 10:54:01 pm BST Network is UP. Just exit the program.
09-28 10:55:01 pm BST Network is UP. Just exit the program.
09-28 10:56:01 pm BST Network is UP. Just exit the program.
09-28 10:57:01 pm BST Network is UP. Just exit the program.
09-28 10:58:01 pm BST Network is UP. Just exit the program.
09-28 10:59:01 pm BST Network is UP. Just exit the program.
09-28 11:00:01 pm BST Network is UP. Just exit the program.
09-28 11:01:01 pm BST Network is UP. Just exit the program.
09-28 11:02:01 pm BST Network is UP. Just exit the program.
09-28 11:03:01 pm BST Network is UP. Just exit the program.
09-28 11:04:01 pm BST Network is UP. Just exit the program.
09-28 11:05:01 pm BST Network is UP. Just exit the program.
09-28 11:06:01 pm BST Network is UP. Just exit the program.
09-28 11:07:01 pm BST Network is UP. Just exit the program.
09-28 11:08:01 pm BST Network is UP. Just exit the program.
09-28 11:09:01 pm BST Network is UP. Just exit the program.
09-28 11:10:01 pm BST Network is UP. Just exit the program.
09-28 11:11:01 pm BST Network is UP. Just exit the program.
09-28 11:12:01 pm BST Network is UP. Just exit the program.
09-28 11:13:01 pm BST Network is UP. Just exit the program.
09-28 11:14:01 pm BST Network is UP. Just exit the program.
09-28 11:15:01 pm BST Network is UP. Just exit the program.
09-28 11:16:01 pm BST Network is UP. Just exit the program.
09-28 11:17:01 pm BST Network is UP. Just exit the program.
09-28 11:18:01 pm BST Network is UP. Just exit the program.
09-28 11:19:01 pm BST Network is UP. Just exit the program.
09-28 11:20:01 pm BST Network is UP. Just exit the program.
09-28 11:21:01 pm BST Network is UP. Just exit the program.
09-28 11:22:01 pm BST Network is UP. Just exit the program.
09-28 11:23:01 pm BST Network is UP. Just exit the program.
09-28 11:24:01 pm BST Network is UP. Just exit the program.
09-28 11:25:01 pm BST Network is UP. Just exit the program.
09-28 11:26:01 pm BST Network is UP. Just exit the program.
09-28 11:27:01 pm BST Network is UP. Just exit the program.
09-28 11:28:01 pm BST Network is UP. Just exit the program.
09-28 11:29:01 pm BST Network is UP. Just exit the program.
09-28 11:30:01 pm BST Network is UP. Just exit the program.
09-28 11:31:01 pm BST Network is UP. Just exit the program.
09-28 11:32:01 pm BST Network is UP. Just exit the program.
09-28 11:33:01 pm BST Network is UP. Just exit the program.
09-28 11:34:01 pm BST Network is UP. Just exit the program.
09-28 11:35:01 pm BST Network is UP. Just exit the program.
09-28 11:36:01 pm BST Network is UP. Just exit the program.
09-28 11:37:01 pm BST Network is UP. Just exit the program.
09-28 11:38:01 pm BST Network is UP. Just exit the program.
09-28 11:39:01 pm BST Network is UP. Just exit the program.
09-28 11:40:01 pm BST Network is UP. Just exit the program.
09-28 11:41:01 pm BST Network is UP. Just exit the program.
09-28 11:42:01 pm BST Network is UP. Just exit the program.
09-28 11:43:01 pm BST Network is UP. Just exit the program.
09-28 11:44:01 pm BST Network is UP. Just exit the program.
09-28 11:45:01 pm BST Network is UP. Just exit the program.
09-28 11:46:01 pm BST Network is UP. Just exit the program.
09-28 11:47:01 pm BST Network is UP. Just exit the program.
09-28 11:48:02 pm BST Network is UP. Just exit the program.
09-28 11:49:01 pm BST Network is UP. Just exit the program.
09-28 11:50:01 pm BST Network is UP. Just exit the program.
09-28 11:51:01 pm BST Network is UP. Just exit the program.
09-28 11:52:01 pm BST Network is UP. Just exit the program.
09-28 11:53:01 pm BST Network is UP. Just exit the program.
09-28 11:54:01 pm BST Network is UP. Just exit the program.
09-28 11:55:01 pm BST Network is UP. Just exit the program.
09-28 11:56:01 pm BST Network is UP. Just exit the program.
09-28 11:57:01 pm BST Network is UP. Just exit the program.
09-28 11:58:01 pm BST Network is UP. Just exit the program.
09-28 11:59:01 pm BST Network is UP. Just exit the program.
09-29 12:00:01 am BST Network is UP. Just exit the program.
09-29 12:01:01 am BST Network is UP. Just exit the program.
09-29 12:02:01 am BST Network is UP. Just exit the program.
09-29 12:03:01 am BST Network is UP. Just exit the program.
09-29 12:04:01 am BST Network is UP. Just exit the program.
09-29 12:05:01 am BST Network is UP. Just exit the program.
09-29 12:06:01 am BST Network is UP. Just exit the program.
09-29 12:07:01 am BST Network is UP. Just exit the program.
09-29 12:08:01 am BST Network is UP. Just exit the program.
09-29 12:09:01 am BST Network is UP. Just exit the program.
09-29 12:10:01 am BST Network is UP. Just exit the program.
09-29 12:11:01 am BST Network is UP. Just exit the program.
09-29 12:12:01 am BST Network is UP. Just exit the program.
09-29 12:13:01 am BST Network is UP. Just exit the program.
09-29 12:14:01 am BST Network is UP. Just exit the program.
09-29 12:15:01 am BST Network is UP. Just exit the program.
09-29 12:16:01 am BST Network is UP. Just exit the program.
09-29 12:17:01 am BST Network is UP. Just exit the program.
09-29 12:18:01 am BST Network is UP. Just exit the program.
09-29 12:19:01 am BST Network is UP. Just exit the program.
09-29 12:20:01 am BST Network is UP. Just exit the program.
09-29 12:21:01 am BST Network is UP. Just exit the program.
09-29 12:22:01 am BST Network is UP. Just exit the program.
09-29 12:23:01 am BST Network is UP. Just exit the program.
09-29 12:24:01 am BST Network is UP. Just exit the program.
09-29 12:25:01 am BST Network is UP. Just exit the program.
09-29 12:26:01 am BST Network is UP. Just exit the program.
09-29 12:27:01 am BST Network is UP. Just exit the program.
09-29 12:28:01 am BST Network is UP. Just exit the program.
09-29 12:29:01 am BST Network is UP. Just exit the program.
09-29 12:30:01 am BST Network is UP. Just exit the program.
09-29 12:31:01 am BST Network is UP. Just exit the program.
09-29 12:32:02 am BST Network is UP. Just exit the program.
09-29 12:33:01 am BST Network is UP. Just exit the program.
09-29 12:34:01 am BST Network is UP. Just exit the program.
09-29 12:35:01 am BST Network is UP. Just exit the program.
09-29 12:36:01 am BST Network is UP. Just exit the program.
09-29 12:37:01 am BST Network is DOWN. Perform a reset
09-29 12:38:01 am BST Network is UP. Just exit the program.
09-29 12:39:01 am BST Network is UP. Just exit the program.
09-29 12:40:01 am BST Network is UP. Just exit the program.
09-29 12:41:01 am BST Network is UP. Just exit the program.
09-29 12:42:01 am BST Network is UP. Just exit the program.
09-29 12:43:01 am BST Network is UP. Just exit the program.
09-29 12:44:01 am BST Network is UP. Just exit the program.
09-29 12:45:01 am BST Network is UP. Just exit the program.
09-29 12:46:01 am BST Network is UP. Just exit the program.
09-29 12:47:01 am BST Network is UP. Just exit the program.
09-29 12:48:01 am BST Network is UP. Just exit the program.
09-29 12:49:01 am BST Network is UP. Just exit the program.
09-29 12:50:01 am BST Network is UP. Just exit the program.
09-29 12:51:01 am BST Network is UP. Just exit the program.
09-29 12:52:01 am BST Network is UP. Just exit the program.
09-29 12:53:01 am BST Network is UP. Just exit the program.
09-29 12:54:01 am BST Network is UP. Just exit the program.
09-29 12:55:01 am BST Network is UP. Just exit the program.
09-29 12:56:01 am BST Network is UP. Just exit the program.
09-29 12:57:01 am BST Network is UP. Just exit the program.
09-29 12:58:01 am BST Network is UP. Just exit the program.
09-29 12:59:01 am BST Network is UP. Just exit the program.
09-29  1:00:01 am BST Network is UP. Just exit the program.
09-29  1:01:01 am BST Network is UP. Just exit the program.
09-29  1:02:01 am BST Network is UP. Just exit the program.
09-29  1:03:01 am BST Network is UP. Just exit the program.
09-29  1:04:01 am BST Network is UP. Just exit the program.
09-29  1:05:01 am BST Network is UP. Just exit the program.
09-29  1:06:01 am BST Network is UP. Just exit the program.
09-29  1:07:01 am BST Network is UP. Just exit the program.
09-29  1:08:01 am BST Network is UP. Just exit the program.
09-29  1:09:01 am BST Network is UP. Just exit the program.
09-29  1:10:01 am BST Network is UP. Just exit the program.
09-29  1:11:01 am BST Network is UP. Just exit the program.
09-29  1:12:01 am BST Network is UP. Just exit the program.
09-29  1:13:01 am BST Network is UP. Just exit the program.
09-29  1:14:01 am BST Network is UP. Just exit the program.
09-29  1:15:01 am BST Network is UP. Just exit the program.
09-29  1:16:02 am BST Network is UP. Just exit the program.
09-29  1:17:01 am BST Network is UP. Just exit the program.
09-29  1:18:01 am BST Network is UP. Just exit the program.
09-29  1:19:01 am BST Network is UP. Just exit the program.
09-29  1:20:01 am BST Network is UP. Just exit the program.
09-29  1:21:01 am BST Network is UP. Just exit the program.
09-29  1:22:01 am BST Network is UP. Just exit the program.
09-29  1:23:01 am BST Network is UP. Just exit the program.
09-29  1:24:01 am BST Network is UP. Just exit the program.
09-29  1:25:01 am BST Network is UP. Just exit the program.
09-29  1:26:01 am BST Network is UP. Just exit the program.
09-29  1:27:01 am BST Network is UP. Just exit the program.
09-29  1:28:01 am BST Network is UP. Just exit the program.
09-29  1:29:01 am BST Network is UP. Just exit the program.
09-29  1:30:01 am BST Network is UP. Just exit the program.
09-29  1:31:01 am BST Network is UP. Just exit the program.
09-29  1:32:01 am BST Network is UP. Just exit the program.
09-29  1:33:01 am BST Network is UP. Just exit the program.
09-29  1:34:01 am BST Network is UP. Just exit the program.
09-29  1:35:01 am BST Network is UP. Just exit the program.
09-29  1:36:01 am BST Network is UP. Just exit the program.
09-29  1:37:01 am BST Network is UP. Just exit the program.
09-29  1:38:02 am BST Network is UP. Just exit the program.
09-29  1:39:01 am BST Network is UP. Just exit the program.
09-29  1:40:01 am BST Network is UP. Just exit the program.
09-29  1:41:01 am BST Network is UP. Just exit the program.
09-29  1:42:01 am BST Network is UP. Just exit the program.
09-29  1:43:01 am BST Network is UP. Just exit the program.
09-29  1:44:01 am BST Network is UP. Just exit the program.
09-29  1:45:01 am BST Network is UP. Just exit the program.
09-29  1:46:01 am BST Network is UP. Just exit the program.
09-29  1:47:01 am BST Network is UP. Just exit the program.
09-29  1:48:01 am BST Network is UP. Just exit the program.
09-29  1:49:02 am BST Network is UP. Just exit the program.
09-29  1:50:01 am BST Network is UP. Just exit the program.
09-29  1:51:01 am BST Network is UP. Just exit the program.
09-29  1:52:01 am BST Network is UP. Just exit the program.
09-29  1:53:01 am BST Network is UP. Just exit the program.
09-29  1:54:01 am BST Network is UP. Just exit the program.
09-29  1:55:01 am BST Network is UP. Just exit the program.
09-29  1:56:01 am BST Network is UP. Just exit the program.
09-29  1:57:01 am BST Network is UP. Just exit the program.
09-29  1:58:01 am BST Network is UP. Just exit the program.
09-29  1:59:01 am BST Network is UP. Just exit the program.
09-29  2:00:02 am BST Network is UP. Just exit the program.
09-29  2:01:01 am BST Network is UP. Just exit the program.
09-29  2:02:01 am BST Network is UP. Just exit the program.
09-29  2:03:01 am BST Network is UP. Just exit the program.
09-29  2:04:01 am BST Network is UP. Just exit the program.
09-29  2:05:01 am BST Network is UP. Just exit the program.
09-29  2:06:01 am BST Network is UP. Just exit the program.
09-29  2:07:01 am BST Network is UP. Just exit the program.
09-29  2:08:01 am BST Network is UP. Just exit the program.
09-29  2:09:01 am BST Network is UP. Just exit the program.
09-29  2:10:01 am BST Network is UP. Just exit the program.
09-29  2:11:01 am BST Network is UP. Just exit the program.
09-29  2:12:01 am BST Network is UP. Just exit the program.
09-29  2:13:01 am BST Network is UP. Just exit the program.
09-29  2:14:01 am BST Network is UP. Just exit the program.
09-29  2:15:01 am BST Network is UP. Just exit the program.
09-29  2:16:01 am BST Network is UP. Just exit the program.
09-29  2:17:01 am BST Network is UP. Just exit the program.
09-29  2:18:01 am BST Network is UP. Just exit the program.
09-29  2:19:01 am BST Network is UP. Just exit the program.
09-29  2:20:01 am BST Network is UP. Just exit the program.
09-29  2:21:02 am BST Network is UP. Just exit the program.
09-29  2:22:01 am BST Network is UP. Just exit the program.
09-29  2:23:01 am BST Network is UP. Just exit the program.
09-29  2:24:01 am BST Network is UP. Just exit the program.
09-29  2:25:01 am BST Network is UP. Just exit the program.
09-29  2:26:01 am BST Network is UP. Just exit the program.
09-29  2:27:01 am BST Network is UP. Just exit the program.
09-29  2:28:01 am BST Network is UP. Just exit the program.
09-29  2:29:01 am BST Network is UP. Just exit the program.
09-29  2:30:01 am BST Network is UP. Just exit the program.
09-29  2:31:01 am BST Network is UP. Just exit the program.
09-29  2:32:02 am BST Network is UP. Just exit the program.
09-29  2:33:01 am BST Network is UP. Just exit the program.
09-29  2:34:01 am BST Network is UP. Just exit the program.
09-29  2:35:01 am BST Network is UP. Just exit the program.
09-29  2:36:01 am BST Network is UP. Just exit the program.
09-29  2:37:01 am BST Network is UP. Just exit the program.
09-29  2:38:01 am BST Network is UP. Just exit the program.
09-29  2:39:01 am BST Network is UP. Just exit the program.
09-29  2:40:01 am BST Network is UP. Just exit the program.
09-29  2:41:01 am BST Network is UP. Just exit the program.
09-29  2:42:01 am BST Network is UP. Just exit the program.
09-29  2:43:02 am BST Network is UP. Just exit the program.
09-29  2:44:01 am BST Network is UP. Just exit the program.
09-29  2:45:01 am BST Network is UP. Just exit the program.
09-29  2:46:01 am BST Network is UP. Just exit the program.
09-29  2:47:01 am BST Network is UP. Just exit the program.
09-29  2:48:01 am BST Network is UP. Just exit the program.
09-29  2:49:01 am BST Network is UP. Just exit the program.
09-29  2:50:01 am BST Network is UP. Just exit the program.
09-29  2:51:01 am BST Network is UP. Just exit the program.
09-29  2:52:01 am BST Network is UP. Just exit the program.
09-29  2:53:01 am BST Network is UP. Just exit the program.
09-29  2:54:02 am BST Network is UP. Just exit the program.
09-29  2:55:01 am BST Network is UP. Just exit the program.
09-29  2:56:01 am BST Network is UP. Just exit the program.
09-29  2:57:01 am BST Network is UP. Just exit the program.
09-29  2:58:01 am BST Network is UP. Just exit the program.
09-29  2:59:01 am BST Network is UP. Just exit the program.
09-29  3:00:01 am BST Network is UP. Just exit the program.
09-29  3:01:01 am BST Network is UP. Just exit the program.
09-29  3:02:01 am BST Network is UP. Just exit the program.
09-29  3:03:01 am BST Network is UP. Just exit the program.
09-29  3:04:01 am BST Network is UP. Just exit the program.
09-29  3:05:01 am BST Network is UP. Just exit the program.
09-29  3:06:01 am BST Network is UP. Just exit the program.
09-29  3:07:01 am BST Network is UP. Just exit the program.
09-29  3:08:01 am BST Network is UP. Just exit the program.
09-29  3:09:01 am BST Network is UP. Just exit the program.
09-29  3:10:01 am BST Network is UP. Just exit the program.
09-29  3:11:01 am BST Network is UP. Just exit the program.
09-29  3:12:01 am BST Network is UP. Just exit the program.
09-29  3:13:01 am BST Network is UP. Just exit the program.
09-29  3:14:01 am BST Network is UP. Just exit the program.
09-29  3:15:01 am BST Network is UP. Just exit the program.
09-29  3:16:01 am BST Network is UP. Just exit the program.
09-29  3:17:01 am BST Network is UP. Just exit the program.
09-29  3:18:01 am BST Network is UP. Just exit the program.
09-29  3:19:01 am BST Network is UP. Just exit the program.
09-29  3:20:01 am BST Network is UP. Just exit the program.
09-29  3:21:01 am BST Network is UP. Just exit the program.
09-29  3:22:01 am BST Network is UP. Just exit the program.
09-29  3:23:01 am BST Network is UP. Just exit the program.
09-29  3:24:01 am BST Network is UP. Just exit the program.
09-29  3:25:01 am BST Network is UP. Just exit the program.
09-29  3:26:01 am BST Network is UP. Just exit the program.
09-29  3:27:01 am BST Network is UP. Just exit the program.
09-29  3:28:02 am BST Network is UP. Just exit the program.
09-29  3:29:01 am BST Network is UP. Just exit the program.
09-29  3:30:01 am BST Network is UP. Just exit the program.
09-29  3:31:01 am BST Network is UP. Just exit the program.
09-29  3:32:01 am BST Network is UP. Just exit the program.
09-29  3:33:01 am BST Network is UP. Just exit the program.
09-29  3:34:01 am BST Network is UP. Just exit the program.
09-29  3:35:01 am BST Network is UP. Just exit the program.
09-29  3:36:01 am BST Network is UP. Just exit the program.
09-29  3:37:01 am BST Network is UP. Just exit the program.
09-29  3:38:01 am BST Network is UP. Just exit the program.
09-29  3:39:01 am BST Network is UP. Just exit the program.
09-29  3:40:01 am BST Network is UP. Just exit the program.
09-29  3:41:01 am BST Network is UP. Just exit the program.
09-29  3:42:01 am BST Network is UP. Just exit the program.
09-29  3:43:01 am BST Network is UP. Just exit the program.
09-29  3:44:01 am BST Network is UP. Just exit the program.
09-29  3:45:01 am BST Network is UP. Just exit the program.
09-29  3:46:01 am BST Network is UP. Just exit the program.
09-29  3:47:01 am BST Network is UP. Just exit the program.
09-29  3:48:01 am BST Network is UP. Just exit the program.
09-29  3:49:01 am BST Network is UP. Just exit the program.
09-29  3:50:01 am BST Network is UP. Just exit the program.
09-29  3:51:01 am BST Network is UP. Just exit the program.
09-29  3:52:01 am BST Network is UP. Just exit the program.
09-29  3:53:01 am BST Network is UP. Just exit the program.
09-29  3:54:01 am BST Network is UP. Just exit the program.
09-29  3:55:01 am BST Network is UP. Just exit the program.
09-29  3:56:01 am BST Network is UP. Just exit the program.
09-29  3:57:01 am BST Network is UP. Just exit the program.
09-29  3:58:01 am BST Network is UP. Just exit the program.
09-29  3:59:02 am BST Network is UP. Just exit the program.
09-29  4:00:01 am BST Network is UP. Just exit the program.
09-29  4:01:01 am BST Network is UP. Just exit the program.
09-29  4:02:01 am BST Network is UP. Just exit the program.
09-29  4:03:01 am BST Network is UP. Just exit the program.
09-29  4:04:01 am BST Network is UP. Just exit the program.
09-29  4:05:01 am BST Network is UP. Just exit the program.
09-29  4:06:01 am BST Network is UP. Just exit the program.
09-29  4:07:01 am BST Network is UP. Just exit the program.
09-29  4:08:01 am BST Network is UP. Just exit the program.
09-29  4:09:01 am BST Network is UP. Just exit the program.
09-29  4:10:02 am BST Network is UP. Just exit the program.
09-29  4:11:01 am BST Network is UP. Just exit the program.
09-29  4:12:01 am BST Network is UP. Just exit the program.
09-29  4:13:01 am BST Network is UP. Just exit the program.
09-29  4:14:01 am BST Network is UP. Just exit the program.
09-29  4:15:01 am BST Network is UP. Just exit the program.
09-29  4:16:01 am BST Network is UP. Just exit the program.
09-29  4:17:01 am BST Network is UP. Just exit the program.
09-29  4:18:01 am BST Network is UP. Just exit the program.
09-29  4:19:01 am BST Network is UP. Just exit the program.
09-29  4:20:01 am BST Network is UP. Just exit the program.
09-29  4:21:01 am BST Network is UP. Just exit the program.
09-29  4:22:01 am BST Network is UP. Just exit the program.
09-29  4:23:01 am BST Network is UP. Just exit the program.
09-29  4:24:01 am BST Network is UP. Just exit the program.
09-29  4:25:01 am BST Network is UP. Just exit the program.
09-29  4:26:01 am BST Network is UP. Just exit the program.
09-29  4:27:01 am BST Network is UP. Just exit the program.
09-29  4:28:01 am BST Network is UP. Just exit the program.
09-29  4:29:01 am BST Network is UP. Just exit the program.
09-29  4:30:01 am BST Network is UP. Just exit the program.
09-29  4:31:01 am BST Network is UP. Just exit the program.
09-29  4:32:01 am BST Network is UP. Just exit the program.
09-29  4:33:01 am BST Network is UP. Just exit the program.
09-29  4:34:01 am BST Network is UP. Just exit the program.
09-29  4:35:01 am BST Network is UP. Just exit the program.
09-29  4:36:01 am BST Network is UP. Just exit the program.
09-29  4:37:01 am BST Network is UP. Just exit the program.
09-29  4:38:01 am BST Network is UP. Just exit the program.
09-29  4:39:01 am BST Network is UP. Just exit the program.
09-29  4:40:01 am BST Network is UP. Just exit the program.
09-29  4:41:02 am BST Network is UP. Just exit the program.
09-29  4:42:01 am BST Network is UP. Just exit the program.
09-29  4:43:01 am BST Network is UP. Just exit the program.
09-29  4:44:01 am BST Network is UP. Just exit the program.
09-29  4:45:01 am BST Network is UP. Just exit the program.
09-29  4:46:01 am BST Network is UP. Just exit the program.
09-29  4:47:01 am BST Network is UP. Just exit the program.
09-29  4:48:01 am BST Network is UP. Just exit the program.
09-29  4:49:01 am BST Network is UP. Just exit the program.
09-29  4:50:01 am BST Network is UP. Just exit the program.
09-29  4:51:01 am BST Network is UP. Just exit the program.
09-29  4:52:01 am BST Network is UP. Just exit the program.
09-29  4:53:01 am BST Network is UP. Just exit the program.
09-29  4:54:01 am BST Network is UP. Just exit the program.
09-29  4:55:01 am BST Network is UP. Just exit the program.
09-29  4:56:01 am BST Network is UP. Just exit the program.
09-29  4:57:01 am BST Network is UP. Just exit the program.
09-29  4:58:01 am BST Network is UP. Just exit the program.
09-29  4:59:01 am BST Network is UP. Just exit the program.
09-29  5:00:01 am BST Network is UP. Just exit the program.
09-29  5:01:01 am BST Network is UP. Just exit the program.
09-29  5:02:01 am BST Network is UP. Just exit the program.
09-29  5:03:02 am BST Network is UP. Just exit the program.
09-29  5:04:01 am BST Network is UP. Just exit the program.
09-29  5:05:01 am BST Network is UP. Just exit the program.
09-29  5:06:01 am BST Network is UP. Just exit the program.
09-29  5:07:01 am BST Network is UP. Just exit the program.
09-29  5:08:01 am BST Network is UP. Just exit the program.
09-29  5:09:01 am BST Network is UP. Just exit the program.
09-29  5:10:01 am BST Network is UP. Just exit the program.
09-29  5:11:01 am BST Network is UP. Just exit the program.
09-29  5:12:01 am BST Network is UP. Just exit the program.
09-29  5:13:01 am BST Network is UP. Just exit the program.
09-29  5:14:01 am BST Network is UP. Just exit the program.
09-29  5:15:01 am BST Network is UP. Just exit the program.
09-29  5:16:01 am BST Network is UP. Just exit the program.
09-29  5:17:01 am BST Network is UP. Just exit the program.
09-29  5:18:01 am BST Network is UP. Just exit the program.
09-29  5:19:01 am BST Network is UP. Just exit the program.
09-29  5:20:01 am BST Network is UP. Just exit the program.
09-29  5:21:01 am BST Network is UP. Just exit the program.
09-29  5:22:01 am BST Network is UP. Just exit the program.
09-29  5:23:01 am BST Network is UP. Just exit the program.
09-29  5:24:01 am BST Network is UP. Just exit the program.
09-29  5:25:01 am BST Network is UP. Just exit the program.
09-29  5:26:01 am BST Network is UP. Just exit the program.
09-29  5:27:01 am BST Network is UP. Just exit the program.
09-29  5:28:01 am BST Network is UP. Just exit the program.
09-29  5:29:01 am BST Network is UP. Just exit the program.
09-29  5:30:01 am BST Network is UP. Just exit the program.
09-29  5:31:01 am BST Network is UP. Just exit the program.
09-29  5:32:01 am BST Network is UP. Just exit the program.
09-29  5:33:01 am BST Network is UP. Just exit the program.
09-29  5:34:01 am BST Network is UP. Just exit the program.
09-29  5:35:01 am BST Network is UP. Just exit the program.
09-29  5:36:01 am BST Network is UP. Just exit the program.
09-29  5:37:01 am BST Network is UP. Just exit the program.
09-29  5:38:01 am BST Network is UP. Just exit the program.
09-29  5:39:01 am BST Network is UP. Just exit the program.
09-29  5:40:01 am BST Network is UP. Just exit the program.
09-29  5:41:01 am BST Network is UP. Just exit the program.
09-29  5:42:01 am BST Network is UP. Just exit the program.
09-29  5:43:01 am BST Network is UP. Just exit the program.
09-29  5:44:01 am BST Network is UP. Just exit the program.
09-29  5:45:01 am BST Network is UP. Just exit the program.
09-29  5:46:01 am BST Network is UP. Just exit the program.
09-29  5:47:01 am BST Network is UP. Just exit the program.
09-29  5:48:01 am BST Network is UP. Just exit the program.
09-29  5:49:01 am BST Network is UP. Just exit the program.
09-29  5:50:01 am BST Network is UP. Just exit the program.
09-29  5:51:01 am BST Network is UP. Just exit the program.
09-29  5:52:01 am BST Network is UP. Just exit the program.
09-29  5:53:01 am BST Network is UP. Just exit the program.
09-29  5:54:01 am BST Network is UP. Just exit the program.
09-29  5:55:01 am BST Network is UP. Just exit the program.
09-29  5:56:01 am BST Network is UP. Just exit the program.
09-29  5:57:01 am BST Network is UP. Just exit the program.
09-29  5:58:01 am BST Network is UP. Just exit the program.
09-29  5:59:01 am BST Network is UP. Just exit the program.
09-29  6:00:01 am BST Network is UP. Just exit the program.
09-29  6:01:01 am BST Network is UP. Just exit the program.
09-29  6:02:01 am BST Network is UP. Just exit the program.
09-29  6:03:01 am BST Network is UP. Just exit the program.
09-29  6:04:01 am BST Network is UP. Just exit the program.
09-29  6:05:01 am BST Network is UP. Just exit the program.
09-29  6:06:01 am BST Network is UP. Just exit the program.
09-29  6:07:01 am BST Network is UP. Just exit the program.
09-29  6:08:01 am BST Network is UP. Just exit the program.
09-29  6:09:01 am BST Network is UP. Just exit the program.
09-29  6:10:01 am BST Network is UP. Just exit the program.
09-29  6:11:01 am BST Network is UP. Just exit the program.
09-29  6:12:01 am BST Network is UP. Just exit the program.
09-29  6:13:01 am BST Network is UP. Just exit the program.
09-29  6:14:01 am BST Network is UP. Just exit the program.
09-29  6:15:01 am BST Network is UP. Just exit the program.
09-29  6:16:01 am BST Network is UP. Just exit the program.
09-29  6:17:01 am BST Network is UP. Just exit the program.
09-29  6:18:01 am BST Network is UP. Just exit the program.
09-29  6:19:01 am BST Network is UP. Just exit the program.
09-29  6:20:01 am BST Network is UP. Just exit the program.
09-29  6:21:01 am BST Network is UP. Just exit the program.
09-29  6:22:01 am BST Network is UP. Just exit the program.
09-29  6:23:01 am BST Network is UP. Just exit the program.
09-29  6:24:01 am BST Network is UP. Just exit the program.
09-29  6:25:01 am BST Network is UP. Just exit the program.
09-29  6:26:01 am BST Network is UP. Just exit the program.
09-29  6:27:01 am BST Network is UP. Just exit the program.
09-29  6:28:01 am BST Network is UP. Just exit the program.
09-29  6:29:01 am BST Network is UP. Just exit the program.
09-29  6:30:01 am BST Network is UP. Just exit the program.
09-29  6:31:01 am BST Network is UP. Just exit the program.
09-29  6:32:01 am BST Network is UP. Just exit the program.
09-29  6:33:01 am BST Network is UP. Just exit the program.
09-29  6:34:01 am BST Network is UP. Just exit the program.
09-29  6:35:01 am BST Network is UP. Just exit the program.
09-29  6:36:01 am BST Network is UP. Just exit the program.
09-29  6:37:01 am BST Network is UP. Just exit the program.
09-29  6:38:01 am BST Network is UP. Just exit the program.
09-29  6:39:01 am BST Network is UP. Just exit the program.
09-29  6:40:01 am BST Network is UP. Just exit the program.
09-29  6:41:01 am BST Network is UP. Just exit the program.
09-29  6:42:01 am BST Network is UP. Just exit the program.
09-29  6:43:01 am BST Network is UP. Just exit the program.
09-29  6:44:01 am BST Network is UP. Just exit the program.
09-29  6:45:01 am BST Network is UP. Just exit the program.
09-29  6:46:01 am BST Network is UP. Just exit the program.
09-29  6:47:01 am BST Network is UP. Just exit the program.
09-29  6:48:01 am BST Network is UP. Just exit the program.
09-29  6:49:01 am BST Network is UP. Just exit the program.
09-29  6:50:01 am BST Network is UP. Just exit the program.
09-29  6:51:01 am BST Network is UP. Just exit the program.
09-29  6:52:01 am BST Network is UP. Just exit the program.
09-29  6:53:01 am BST Network is UP. Just exit the program.
09-29  6:54:01 am BST Network is UP. Just exit the program.
09-29  6:55:01 am BST Network is UP. Just exit the program.
09-29  6:56:01 am BST Network is UP. Just exit the program.
09-29  6:57:01 am BST Network is UP. Just exit the program.
09-29  6:58:01 am BST Network is UP. Just exit the program.
09-29  6:59:01 am BST Network is UP. Just exit the program.
09-29  7:00:01 am BST Network is UP. Just exit the program.
09-29  7:01:01 am BST Network is UP. Just exit the program.
09-29  7:02:01 am BST Network is UP. Just exit the program.
09-29  7:03:01 am BST Network is UP. Just exit the program.
09-29  7:04:01 am BST Network is UP. Just exit the program.
09-29  7:05:01 am BST Network is UP. Just exit the program.
09-29  7:06:01 am BST Network is UP. Just exit the program.
09-29  7:07:01 am BST Network is UP. Just exit the program.
09-29  7:08:01 am BST Network is UP. Just exit the program.
09-29  7:09:01 am BST Network is UP. Just exit the program.
09-29  7:10:01 am BST Network is UP. Just exit the program.
09-29  7:11:01 am BST Network is UP. Just exit the program.
09-29  7:12:01 am BST Network is UP. Just exit the program.
09-29  7:13:01 am BST Network is UP. Just exit the program.
09-29  7:14:01 am BST Network is UP. Just exit the program.
09-29  7:15:01 am BST Network is UP. Just exit the program.
09-29  7:16:01 am BST Network is UP. Just exit the program.
09-29  7:17:01 am BST Network is UP. Just exit the program.
09-29  7:18:01 am BST Network is UP. Just exit the program.
09-29  7:19:01 am BST Network is UP. Just exit the program.
09-29  7:20:01 am BST Network is UP. Just exit the program.
09-29  7:21:01 am BST Network is UP. Just exit the program.
09-29  7:22:01 am BST Network is UP. Just exit the program.
09-29  7:23:01 am BST Network is UP. Just exit the program.
09-29  7:24:01 am BST Network is UP. Just exit the program.
09-29  7:25:01 am BST Network is UP. Just exit the program.
09-29  7:26:01 am BST Network is UP. Just exit the program.
09-29  7:27:01 am BST Network is UP. Just exit the program.
09-29  7:28:01 am BST Network is UP. Just exit the program.
09-29  7:29:01 am BST Network is UP. Just exit the program.
09-29  7:30:01 am BST Network is UP. Just exit the program.
09-29  7:31:01 am BST Network is UP. Just exit the program.
09-29  7:32:01 am BST Network is UP. Just exit the program.
09-29  7:33:01 am BST Network is UP. Just exit the program.
09-29  7:34:01 am BST Network is UP. Just exit the program.
09-29  7:35:02 am BST Network is UP. Just exit the program.
09-29  7:36:01 am BST Network is UP. Just exit the program.
09-29  7:37:01 am BST Network is UP. Just exit the program.
09-29  7:38:01 am BST Network is UP. Just exit the program.
09-29  7:39:01 am BST Network is UP. Just exit the program.
09-29  7:40:01 am BST Network is UP. Just exit the program.
09-29  7:41:01 am BST Network is UP. Just exit the program.
09-29  7:42:01 am BST Network is UP. Just exit the program.
09-29  7:43:01 am BST Network is UP. Just exit the program.
09-29  7:44:01 am BST Network is UP. Just exit the program.
09-29  7:45:01 am BST Network is UP. Just exit the program.
09-29  7:46:01 am BST Network is UP. Just exit the program.
09-29  7:47:01 am BST Network is UP. Just exit the program.
09-29  7:48:01 am BST Network is UP. Just exit the program.
09-29  7:49:01 am BST Network is UP. Just exit the program.
09-29  7:50:01 am BST Network is UP. Just exit the program.
09-29  7:51:01 am BST Network is UP. Just exit the program.
09-29  7:52:01 am BST Network is UP. Just exit the program.
09-29  7:53:01 am BST Network is UP. Just exit the program.
09-29  7:54:01 am BST Network is UP. Just exit the program.
09-29  7:55:01 am BST Network is UP. Just exit the program.
09-29  7:56:01 am BST Network is UP. Just exit the program.
09-29  7:57:01 am BST Network is UP. Just exit the program.
09-29  7:58:01 am BST Network is UP. Just exit the program.
09-29  7:59:01 am BST Network is UP. Just exit the program.
09-29  8:00:01 am BST Network is UP. Just exit the program.
09-29  8:01:01 am BST Network is UP. Just exit the program.
09-29  8:02:01 am BST Network is UP. Just exit the program.
09-29  8:03:01 am BST Network is UP. Just exit the program.
09-29  8:04:01 am BST Network is UP. Just exit the program.
09-29  8:05:01 am BST Network is UP. Just exit the program.
09-29  8:06:01 am BST Network is UP. Just exit the program.
09-29  8:07:01 am BST Network is UP. Just exit the program.
09-29  8:08:02 am BST Network is UP. Just exit the program.
09-29  8:09:01 am BST Network is UP. Just exit the program.
09-29  8:10:01 am BST Network is UP. Just exit the program.
09-29  8:11:01 am BST Network is UP. Just exit the program.
09-29  8:12:01 am BST Network is UP. Just exit the program.
09-29  8:13:01 am BST Network is UP. Just exit the program.
09-29  8:14:01 am BST Network is UP. Just exit the program.
09-29  8:15:01 am BST Network is UP. Just exit the program.
09-29  8:16:01 am BST Network is UP. Just exit the program.
09-29  8:17:01 am BST Network is UP. Just exit the program.
09-29  8:18:01 am BST Network is UP. Just exit the program.
09-29  8:19:01 am BST Network is UP. Just exit the program.
09-29  8:20:01 am BST Network is UP. Just exit the program.
09-29  8:21:01 am BST Network is UP. Just exit the program.
09-29  8:22:01 am BST Network is UP. Just exit the program.
09-29  8:23:01 am BST Network is UP. Just exit the program.
09-29  8:24:01 am BST Network is UP. Just exit the program.
09-29  8:25:01 am BST Network is UP. Just exit the program.
09-29  8:26:01 am BST Network is UP. Just exit the program.
09-29  8:27:01 am BST Network is UP. Just exit the program.
09-29  8:28:01 am BST Network is UP. Just exit the program.
09-29  8:29:01 am BST Network is UP. Just exit the program.
09-29  8:30:01 am BST Network is UP. Just exit the program.
09-29  8:31:01 am BST Network is UP. Just exit the program.
09-29  8:32:01 am BST Network is UP. Just exit the program.
09-29  8:33:01 am BST Network is UP. Just exit the program.
09-29  8:34:01 am BST Network is UP. Just exit the program.
09-29  8:35:01 am BST Network is UP. Just exit the program.
09-29  8:36:01 am BST Network is UP. Just exit the program.
09-29  8:37:01 am BST Network is UP. Just exit the program.
09-29  8:38:01 am BST Network is UP. Just exit the program.
09-29  8:39:01 am BST Network is UP. Just exit the program.
09-29  8:40:02 am BST Network is UP. Just exit the program.
09-29  8:41:01 am BST Network is UP. Just exit the program.
09-29  8:42:01 am BST Network is UP. Just exit the program.
09-29  8:43:01 am BST Network is UP. Just exit the program.
09-29  8:44:01 am BST Network is UP. Just exit the program.
09-29  8:45:01 am BST Network is UP. Just exit the program.
09-29  8:46:01 am BST Network is UP. Just exit the program.
09-29  8:47:01 am BST Network is UP. Just exit the program.
09-29  8:48:01 am BST Network is UP. Just exit the program.
09-29  8:49:01 am BST Network is UP. Just exit the program.
09-29  8:50:01 am BST Network is UP. Just exit the program.
09-29  8:51:02 am BST Network is UP. Just exit the program.
09-29  8:52:01 am BST Network is UP. Just exit the program.
09-29  8:53:01 am BST Network is UP. Just exit the program.
09-29  8:54:01 am BST Network is UP. Just exit the program.
09-29  8:55:01 am BST Network is UP. Just exit the program.
09-29  8:56:01 am BST Network is UP. Just exit the program.
09-29  8:57:01 am BST Network is UP. Just exit the program.
09-29  8:58:01 am BST Network is UP. Just exit the program.
09-29  8:59:01 am BST Network is UP. Just exit the program.
09-29  9:00:01 am BST Network is UP. Just exit the program.
09-29  9:01:01 am BST Network is UP. Just exit the program.
09-29  9:02:01 am BST Network is UP. Just exit the program.
09-29  9:03:01 am BST Network is UP. Just exit the program.
09-29  9:04:01 am BST Network is UP. Just exit the program.
09-29  9:05:01 am BST Network is UP. Just exit the program.
09-29  9:06:01 am BST Network is UP. Just exit the program.
09-29  9:07:01 am BST Network is UP. Just exit the program.
09-29  9:08:01 am BST Network is UP. Just exit the program.
09-29  9:09:01 am BST Network is UP. Just exit the program.
09-29  9:10:01 am BST Network is UP. Just exit the program.
09-29  9:11:01 am BST Network is UP. Just exit the program.
09-29  9:12:02 am BST Network is UP. Just exit the program.
09-29  9:13:01 am BST Network is UP. Just exit the program.
09-29  9:14:01 am BST Network is UP. Just exit the program.
09-29  9:15:01 am BST Network is UP. Just exit the program.
09-29  9:16:01 am BST Network is UP. Just exit the program.
09-29  9:17:01 am BST Network is UP. Just exit the program.
09-29  9:18:01 am BST Network is UP. Just exit the program.
09-29  9:19:01 am BST Network is UP. Just exit the program.
09-29  9:20:01 am BST Network is UP. Just exit the program.
09-29  9:21:01 am BST Network is UP. Just exit the program.
09-29  9:22:01 am BST Network is UP. Just exit the program.
09-29  9:23:01 am BST Network is UP. Just exit the program.
09-29  9:24:01 am BST Network is UP. Just exit the program.
09-29  9:25:01 am BST Network is UP. Just exit the program.
09-29  9:26:01 am BST Network is UP. Just exit the program.
09-29  9:27:01 am BST Network is UP. Just exit the program.
09-29  9:28:01 am BST Network is UP. Just exit the program.
09-29  9:29:01 am BST Network is UP. Just exit the program.
09-29  9:30:01 am BST Network is UP. Just exit the program.
09-29  9:31:01 am BST Network is UP. Just exit the program.
09-29  9:32:01 am BST Network is UP. Just exit the program.
09-29  9:33:01 am BST Network is UP. Just exit the program.
09-29  9:34:02 am BST Network is UP. Just exit the program.
09-29  9:35:01 am BST Network is UP. Just exit the program.
09-29  9:36:01 am BST Network is UP. Just exit the program.
09-29  9:37:01 am BST Network is UP. Just exit the program.
09-29  9:38:01 am BST Network is UP. Just exit the program.
09-29  9:39:01 am BST Network is UP. Just exit the program.
09-29  9:40:01 am BST Network is UP. Just exit the program.
09-29  9:41:01 am BST Network is UP. Just exit the program.
09-29  9:42:01 am BST Network is UP. Just exit the program.
09-29  9:43:01 am BST Network is UP. Just exit the program.
09-29  9:44:01 am BST Network is UP. Just exit the program.
09-29  9:45:01 am BST Network is UP. Just exit the program.
09-29  9:46:01 am BST Network is UP. Just exit the program.
09-29  9:47:01 am BST Network is UP. Just exit the program.
09-29  9:48:01 am BST Network is UP. Just exit the program.
09-29  9:49:01 am BST Network is UP. Just exit the program.
09-29  9:50:01 am BST Network is UP. Just exit the program.
09-29  9:51:01 am BST Network is UP. Just exit the program.
09-29  9:52:01 am BST Network is UP. Just exit the program.
09-29  9:53:01 am BST Network is UP. Just exit the program.
09-29  9:54:01 am BST Network is UP. Just exit the program.
09-29  9:55:01 am BST Network is UP. Just exit the program.
09-29  9:56:01 am BST Network is UP. Just exit the program.
09-29  9:57:01 am BST Network is UP. Just exit the program.
09-29  9:58:01 am BST Network is UP. Just exit the program.
09-29  9:59:01 am BST Network is UP. Just exit the program.
09-29 10:00:01 am BST Network is UP. Just exit the program.
09-29 10:01:01 am BST Network is UP. Just exit the program.
09-29 10:02:01 am BST Network is UP. Just exit the program.
09-29 10:03:01 am BST Network is UP. Just exit the program.
09-29 10:04:01 am BST Network is UP. Just exit the program.
09-29 10:05:01 am BST Network is UP. Just exit the program.
09-29 10:06:01 am BST Network is UP. Just exit the program.
09-29 10:07:02 am BST Network is UP. Just exit the program.
09-29 10:08:01 am BST Network is UP. Just exit the program.
09-29 10:09:01 am BST Network is UP. Just exit the program.
09-29 10:10:01 am BST Network is UP. Just exit the program.
09-29 10:11:01 am BST Network is UP. Just exit the program.
09-29 10:12:01 am BST Network is UP. Just exit the program.
09-29 10:13:01 am BST Network is UP. Just exit the program.
09-29 10:14:01 am BST Network is UP. Just exit the program.
09-29 10:15:01 am BST Network is UP. Just exit the program.
09-29 10:16:01 am BST Network is UP. Just exit the program.
09-29 10:17:01 am BST Network is UP. Just exit the program.
09-29 10:18:01 am BST Network is UP. Just exit the program.
09-29 10:19:01 am BST Network is UP. Just exit the program.
09-29 10:20:01 am BST Network is UP. Just exit the program.
09-29 10:21:01 am BST Network is UP. Just exit the program.
09-29 10:22:01 am BST Network is UP. Just exit the program.
09-29 10:23:01 am BST Network is UP. Just exit the program.
09-29 10:24:01 am BST Network is UP. Just exit the program.
09-29 10:25:01 am BST Network is UP. Just exit the program.
09-29 10:26:01 am BST Network is UP. Just exit the program.
09-29 10:27:01 am BST Network is UP. Just exit the program.
09-29 10:28:01 am BST Network is UP. Just exit the program.
09-29 10:29:01 am BST Network is UP. Just exit the program.
09-29 10:30:01 am BST Network is UP. Just exit the program.
09-29 10:31:01 am BST Network is UP. Just exit the program.
09-29 10:32:01 am BST Network is UP. Just exit the program.
09-29 10:33:01 am BST Network is UP. Just exit the program.
09-29 10:34:01 am BST Network is UP. Just exit the program.
09-29 10:35:01 am BST Network is UP. Just exit the program.
09-29 10:36:01 am BST Network is UP. Just exit the program.
09-29 10:37:01 am BST Network is UP. Just exit the program.
09-29 10:38:01 am BST Network is UP. Just exit the program.
09-29 10:39:01 am BST Network is UP. Just exit the program.
09-29 10:40:01 am BST Network is UP. Just exit the program.
09-29 10:41:01 am BST Network is UP. Just exit the program.
09-29 10:42:01 am BST Network is UP. Just exit the program.
09-29 10:43:01 am BST Network is UP. Just exit the program.
09-29 10:44:01 am BST Network is UP. Just exit the program.
09-29 10:45:01 am BST Network is UP. Just exit the program.
09-29 10:46:01 am BST Network is UP. Just exit the program.
09-29 10:47:01 am BST Network is UP. Just exit the program.
09-29 10:48:01 am BST Network is UP. Just exit the program.
09-29 10:49:01 am BST Network is UP. Just exit the program.
09-29 10:50:01 am BST Network is UP. Just exit the program.
09-29 10:51:01 am BST Network is UP. Just exit the program.
09-29 10:52:01 am BST Network is UP. Just exit the program.
09-29 10:53:01 am BST Network is UP. Just exit the program.
09-29 10:54:01 am BST Network is UP. Just exit the program.
09-29 10:55:01 am BST Network is UP. Just exit the program.
09-29 10:56:01 am BST Network is UP. Just exit the program.
09-29 10:57:01 am BST Network is UP. Just exit the program.
09-29 10:58:01 am BST Network is UP. Just exit the program.
09-29 10:59:01 am BST Network is UP. Just exit the program.
09-29 11:00:01 am BST Network is UP. Just exit the program.
09-29 11:01:01 am BST Network is UP. Just exit the program.
09-29 11:02:01 am BST Network is UP. Just exit the program.
09-29 11:03:02 am BST Network is UP. Just exit the program.
09-29 11:04:01 am BST Network is UP. Just exit the program.
09-29 11:05:01 am BST Network is UP. Just exit the program.
09-29 11:06:01 am BST Network is UP. Just exit the program.
09-29 11:07:01 am BST Network is UP. Just exit the program.
09-29 11:08:01 am BST Network is UP. Just exit the program.
09-29 11:09:01 am BST Network is UP. Just exit the program.
09-29 11:10:01 am BST Network is UP. Just exit the program.
09-29 11:11:01 am BST Network is UP. Just exit the program.
09-29 11:12:01 am BST Network is UP. Just exit the program.
09-29 11:13:01 am BST Network is UP. Just exit the program.
09-29 11:14:02 am BST Network is UP. Just exit the program.
09-29 11:15:01 am BST Network is UP. Just exit the program.
09-29 11:16:01 am BST Network is UP. Just exit the program.
09-29 11:17:01 am BST Network is UP. Just exit the program.
09-29 11:18:01 am BST Network is UP. Just exit the program.
09-29 11:19:01 am BST Network is UP. Just exit the program.
09-29 11:20:01 am BST Network is UP. Just exit the program.
09-29 11:21:01 am BST Network is UP. Just exit the program.
09-29 11:22:01 am BST Network is UP. Just exit the program.
09-29 11:23:01 am BST Network is UP. Just exit the program.
09-29 11:24:01 am BST Network is UP. Just exit the program.
09-29 11:25:01 am BST Network is UP. Just exit the program.
09-29 11:26:01 am BST Network is UP. Just exit the program.
09-29 11:27:01 am BST Network is UP. Just exit the program.
09-29 11:28:01 am BST Network is UP. Just exit the program.
09-29 11:29:01 am BST Network is UP. Just exit the program.
09-29 11:30:01 am BST Network is UP. Just exit the program.
09-29 11:31:01 am BST Network is UP. Just exit the program.
09-29 11:32:01 am BST Network is UP. Just exit the program.
09-29 11:33:01 am BST Network is UP. Just exit the program.
09-29 11:34:01 am BST Network is UP. Just exit the program.
09-29 11:35:01 am BST Network is UP. Just exit the program.
09-29 11:36:02 am BST Network is UP. Just exit the program.
09-29 11:37:01 am BST Network is UP. Just exit the program.
09-29 11:38:01 am BST Network is UP. Just exit the program.
09-29 11:39:01 am BST Network is UP. Just exit the program.
09-29 11:40:01 am BST Network is UP. Just exit the program.
09-29 11:41:01 am BST Network is UP. Just exit the program.
09-29 11:42:01 am BST Network is UP. Just exit the program.
09-29 11:43:01 am BST Network is UP. Just exit the program.
09-29 11:44:01 am BST Network is UP. Just exit the program.
09-29 11:45:01 am BST Network is UP. Just exit the program.
09-29 11:46:01 am BST Network is UP. Just exit the program.
09-29 11:47:01 am BST Network is UP. Just exit the program.
09-29 11:48:01 am BST Network is UP. Just exit the program.
09-29 11:49:01 am BST Network is UP. Just exit the program.
09-29 11:50:01 am BST Network is UP. Just exit the program.
09-29 11:51:01 am BST Network is UP. Just exit the program.
09-29 11:52:01 am BST Network is UP. Just exit the program.
09-29 11:53:01 am BST Network is UP. Just exit the program.
09-29 11:54:01 am BST Network is UP. Just exit the program.
09-29 11:55:01 am BST Network is UP. Just exit the program.
09-29 11:56:01 am BST Network is UP. Just exit the program.
09-29 11:57:01 am BST Network is UP. Just exit the program.
09-29 11:58:02 am BST Network is UP. Just exit the program.
09-29 11:59:01 am BST Network is UP. Just exit the program.
09-29 12:00:01 pm BST Network is UP. Just exit the program.
09-29 12:01:01 pm BST Network is UP. Just exit the program.
09-29 12:02:01 pm BST Network is UP. Just exit the program.
09-29 12:03:01 pm BST Network is UP. Just exit the program.
09-29 12:04:01 pm BST Network is UP. Just exit the program.
09-29 12:05:01 pm BST Network is UP. Just exit the program.
09-29 12:06:01 pm BST Network is UP. Just exit the program.
09-29 12:07:01 pm BST Network is UP. Just exit the program.
09-29 12:08:01 pm BST Network is UP. Just exit the program.
09-29 12:09:01 pm BST Network is UP. Just exit the program.
09-29 12:10:01 pm BST Network is UP. Just exit the program.
09-29 12:11:01 pm BST Network is UP. Just exit the program.
09-29 12:12:01 pm BST Network is UP. Just exit the program.
09-29 12:13:01 pm BST Network is UP. Just exit the program.
09-29 12:14:01 pm BST Network is UP. Just exit the program.
09-29 12:15:01 pm BST Network is UP. Just exit the program.
09-29 12:16:01 pm BST Network is UP. Just exit the program.
09-29 12:17:01 pm BST Network is UP. Just exit the program.
09-29 12:18:01 pm BST Network is UP. Just exit the program.
09-29 12:19:01 pm BST Network is UP. Just exit the program.
09-29 12:20:01 pm BST Network is UP. Just exit the program.
09-29 12:21:01 pm BST Network is UP. Just exit the program.
09-29 12:22:01 pm BST Network is UP. Just exit the program.
09-29 12:23:01 pm BST Network is UP. Just exit the program.
09-29 12:24:01 pm BST Network is UP. Just exit the program.
09-29 12:25:01 pm BST Network is UP. Just exit the program.
09-29 12:26:01 pm BST Network is UP. Just exit the program.
09-29 12:27:01 pm BST Network is UP. Just exit the program.
09-29 12:28:01 pm BST Network is UP. Just exit the program.
09-29 12:29:01 pm BST Network is UP. Just exit the program.
09-29 12:30:01 pm BST Network is UP. Just exit the program.
09-29 12:31:01 pm BST Network is UP. Just exit the program.
09-29 12:32:01 pm BST Network is UP. Just exit the program.
09-29 12:33:01 pm BST Network is UP. Just exit the program.
09-29 12:34:01 pm BST Network is UP. Just exit the program.
09-29 12:35:01 pm BST Network is UP. Just exit the program.
09-29 12:36:01 pm BST Network is UP. Just exit the program.
09-29 12:37:01 pm BST Network is UP. Just exit the program.
09-29 12:38:01 pm BST Network is UP. Just exit the program.
09-29 12:39:01 pm BST Network is UP. Just exit the program.
09-29 12:40:01 pm BST Network is UP. Just exit the program.
09-29 12:41:01 pm BST Network is UP. Just exit the program.
09-29 12:42:01 pm BST Network is UP. Just exit the program.
09-29 12:43:01 pm BST Network is UP. Just exit the program.
09-29 12:44:01 pm BST Network is UP. Just exit the program.
09-29 12:45:01 pm BST Network is UP. Just exit the program.
09-29 12:46:01 pm BST Network is UP. Just exit the program.
09-29 12:47:01 pm BST Network is UP. Just exit the program.
09-29 12:48:01 pm BST Network is UP. Just exit the program.
09-29 12:49:01 pm BST Network is UP. Just exit the program.
09-29 12:50:01 pm BST Network is UP. Just exit the program.
09-29 12:51:01 pm BST Network is UP. Just exit the program.
09-29 12:52:02 pm BST Network is UP. Just exit the program.
09-29 12:53:01 pm BST Network is UP. Just exit the program.
09-29 12:54:01 pm BST Network is UP. Just exit the program.
09-29 12:55:01 pm BST Network is UP. Just exit the program.
09-29 12:56:01 pm BST Network is UP. Just exit the program.
09-29 12:57:01 pm BST Network is UP. Just exit the program.
09-29 12:58:01 pm BST Network is UP. Just exit the program.
09-29 12:59:01 pm BST Network is UP. Just exit the program.
09-29  1:00:01 pm BST Network is UP. Just exit the program.
09-29  1:01:01 pm BST Network is UP. Just exit the program.
09-29  1:02:02 pm BST Network is UP. Just exit the program.
09-29  1:03:01 pm BST Network is UP. Just exit the program.
09-29  1:04:01 pm BST Network is UP. Just exit the program.
09-29  1:05:01 pm BST Network is UP. Just exit the program.
09-29  1:06:01 pm BST Network is UP. Just exit the program.
09-29  1:07:01 pm BST Network is UP. Just exit the program.
09-29  1:08:01 pm BST Network is UP. Just exit the program.
09-29  1:09:01 pm BST Network is UP. Just exit the program.
09-29  1:10:01 pm BST Network is UP. Just exit the program.
09-29  1:11:01 pm BST Network is UP. Just exit the program.
09-29  1:12:01 pm BST Network is UP. Just exit the program.
09-29  1:13:01 pm BST Network is UP. Just exit the program.
09-29  1:14:01 pm BST Network is UP. Just exit the program.
09-29  1:15:01 pm BST Network is UP. Just exit the program.
09-29  1:16:01 pm BST Network is UP. Just exit the program.
09-29  1:17:01 pm BST Network is UP. Just exit the program.
09-29  1:18:01 pm BST Network is UP. Just exit the program.
09-29  1:19:01 pm BST Network is UP. Just exit the program.
09-29  1:20:01 pm BST Network is UP. Just exit the program.
09-29  1:21:01 pm BST Network is UP. Just exit the program.
09-29  1:22:01 pm BST Network is UP. Just exit the program.
09-29  1:23:01 pm BST Network is UP. Just exit the program.
09-29  1:24:01 pm BST Network is UP. Just exit the program.
09-29  1:25:01 pm BST Network is UP. Just exit the program.
09-29  1:26:01 pm BST Network is UP. Just exit the program.
09-29  1:27:01 pm BST Network is UP. Just exit the program.
09-29  1:28:01 pm BST Network is UP. Just exit the program.
09-29  1:29:01 pm BST Network is UP. Just exit the program.
09-29  1:30:01 pm BST Network is UP. Just exit the program.
09-29  1:31:01 pm BST Network is UP. Just exit the program.
09-29  1:32:01 pm BST Network is UP. Just exit the program.
09-29  1:33:01 pm BST Network is UP. Just exit the program.
09-29  1:34:01 pm BST Network is UP. Just exit the program.
09-29  1:35:01 pm BST Network is UP. Just exit the program.
09-29  1:36:01 pm BST Network is UP. Just exit the program.
09-29  1:37:01 pm BST Network is UP. Just exit the program.
09-29  1:38:01 pm BST Network is UP. Just exit the program.
09-29  1:39:01 pm BST Network is UP. Just exit the program.
09-29  1:40:01 pm BST Network is UP. Just exit the program.
09-29  1:41:01 pm BST Network is UP. Just exit the program.
09-29  1:42:01 pm BST Network is UP. Just exit the program.
09-29  1:43:01 pm BST Network is UP. Just exit the program.
09-29  1:44:01 pm BST Network is UP. Just exit the program.
09-29  1:45:01 pm BST Network is UP. Just exit the program.
09-29  1:46:01 pm BST Network is UP. Just exit the program.
09-29  1:47:01 pm BST Network is UP. Just exit the program.
09-29  1:48:01 pm BST Network is UP. Just exit the program.
09-29  1:49:01 pm BST Network is UP. Just exit the program.
09-29  1:50:01 pm BST Network is UP. Just exit the program.
09-29  1:51:01 pm BST Network is UP. Just exit the program.
09-29  1:52:01 pm BST Network is UP. Just exit the program.
09-29  1:53:01 pm BST Network is UP. Just exit the program.
09-29  1:54:01 pm BST Network is UP. Just exit the program.
09-29  1:55:01 pm BST Network is UP. Just exit the program.
09-29  1:56:01 pm BST Network is UP. Just exit the program.
09-29  1:57:01 pm BST Network is UP. Just exit the program.
09-29  1:58:01 pm BST Network is UP. Just exit the program.
09-29  1:59:01 pm BST Network is UP. Just exit the program.
09-29  2:00:01 pm BST Network is UP. Just exit the program.
09-29  2:01:01 pm BST Network is UP. Just exit the program.
09-29  2:02:01 pm BST Network is UP. Just exit the program.
09-29  2:03:01 pm BST Network is UP. Just exit the program.
09-29  2:04:01 pm BST Network is UP. Just exit the program.
09-29  2:05:01 pm BST Network is UP. Just exit the program.
09-29  2:06:01 pm BST Network is UP. Just exit the program.
09-29  2:07:01 pm BST Network is UP. Just exit the program.
09-29  2:08:01 pm BST Network is UP. Just exit the program.
09-29  2:09:01 pm BST Network is UP. Just exit the program.
09-29  2:10:01 pm BST Network is UP. Just exit the program.
09-29  2:11:02 pm BST Network is UP. Just exit the program.
09-29  2:12:01 pm BST Network is UP. Just exit the program.
09-29  2:13:01 pm BST Network is UP. Just exit the program.
09-29  2:14:01 pm BST Network is UP. Just exit the program.
09-29  2:15:01 pm BST Network is UP. Just exit the program.
09-29  2:16:01 pm BST Network is UP. Just exit the program.
09-29  2:17:01 pm BST Network is UP. Just exit the program.
09-29  2:18:01 pm BST Network is UP. Just exit the program.
09-29  2:19:01 pm BST Network is UP. Just exit the program.
09-29  2:20:01 pm BST Network is UP. Just exit the program.
09-29  2:21:01 pm BST Network is UP. Just exit the program.
09-29  2:22:02 pm BST Network is UP. Just exit the program.
09-29  2:23:01 pm BST Network is UP. Just exit the program.
09-29  2:24:01 pm BST Network is UP. Just exit the program.
09-29  2:25:01 pm BST Network is UP. Just exit the program.
09-29  2:26:01 pm BST Network is UP. Just exit the program.
09-29  2:27:01 pm BST Network is UP. Just exit the program.
09-29  2:28:01 pm BST Network is UP. Just exit the program.
09-29  2:29:01 pm BST Network is UP. Just exit the program.
09-29  2:30:01 pm BST Network is UP. Just exit the program.
09-29  2:31:01 pm BST Network is UP. Just exit the program.
09-29  2:32:01 pm BST Network is UP. Just exit the program.
09-29  2:33:01 pm BST Network is UP. Just exit the program.
09-29  2:34:01 pm BST Network is UP. Just exit the program.
09-29  2:35:01 pm BST Network is UP. Just exit the program.
09-29  2:36:01 pm BST Network is UP. Just exit the program.
09-29  2:37:01 pm BST Network is UP. Just exit the program.
09-29  2:38:01 pm BST Network is UP. Just exit the program.
09-29  2:39:01 pm BST Network is UP. Just exit the program.
09-29  2:40:01 pm BST Network is UP. Just exit the program.
09-29  2:41:02 pm BST Network is UP. Just exit the program.
09-29  2:42:01 pm BST Network is UP. Just exit the program.
09-29  2:43:01 pm BST Network is UP. Just exit the program.
09-29  2:44:01 pm BST Network is UP. Just exit the program.
09-29  2:45:01 pm BST Network is UP. Just exit the program.
09-29  2:46:01 pm BST Network is UP. Just exit the program.
09-29  2:47:01 pm BST Network is UP. Just exit the program.
09-29  2:48:01 pm BST Network is UP. Just exit the program.
09-29  2:49:01 pm BST Network is UP. Just exit the program.
09-29  2:50:01 pm BST Network is UP. Just exit the program.
09-29  2:51:01 pm BST Network is UP. Just exit the program.
09-29  2:52:01 pm BST Network is UP. Just exit the program.
09-29  2:53:01 pm BST Network is UP. Just exit the program.
09-29  2:54:01 pm BST Network is UP. Just exit the program.
09-29  2:55:01 pm BST Network is UP. Just exit the program.
09-29  2:56:01 pm BST Network is UP. Just exit the program.
09-29  2:57:01 pm BST Network is UP. Just exit the program.
09-29  2:58:01 pm BST Network is UP. Just exit the program.
09-29  2:59:01 pm BST Network is UP. Just exit the program.
09-29  3:00:01 pm BST Network is UP. Just exit the program.
09-29  3:01:01 pm BST Network is UP. Just exit the program.
09-29  3:02:01 pm BST Network is UP. Just exit the program.
09-29  3:03:01 pm BST Network is UP. Just exit the program.
09-29  3:04:01 pm BST Network is UP. Just exit the program.
09-29  3:05:01 pm BST Network is UP. Just exit the program.
09-29  3:06:01 pm BST Network is UP. Just exit the program.
09-29  3:07:01 pm BST Network is UP. Just exit the program.
09-29  3:08:01 pm BST Network is UP. Just exit the program.
09-29  3:09:01 pm BST Network is UP. Just exit the program.
09-29  3:10:01 pm BST Network is UP. Just exit the program.
09-29  3:11:01 pm BST Network is UP. Just exit the program.
09-29  3:12:01 pm BST Network is UP. Just exit the program.
09-29  3:13:01 pm BST Network is UP. Just exit the program.
09-29  3:14:01 pm BST Network is UP. Just exit the program.
09-29  3:15:01 pm BST Network is UP. Just exit the program.
09-29  3:16:01 pm BST Network is UP. Just exit the program.
09-29  3:17:01 pm BST Network is UP. Just exit the program.
09-29  3:18:01 pm BST Network is UP. Just exit the program.
09-29  3:19:01 pm BST Network is UP. Just exit the program.
09-29  3:20:01 pm BST Network is UP. Just exit the program.
09-29  3:21:01 pm BST Network is UP. Just exit the program.
09-29  3:22:01 pm BST Network is UP. Just exit the program.
09-29  3:23:01 pm BST Network is UP. Just exit the program.
09-29  3:24:01 pm BST Network is UP. Just exit the program.
09-29  3:25:01 pm BST Network is UP. Just exit the program.
09-29  3:26:01 pm BST Network is UP. Just exit the program.
09-29  3:27:01 pm BST Network is UP. Just exit the program.
09-29  3:28:01 pm BST Network is UP. Just exit the program.
09-29  3:29:01 pm BST Network is UP. Just exit the program.
09-29  3:30:01 pm BST Network is UP. Just exit the program.
09-29  3:31:01 pm BST Network is UP. Just exit the program.
09-29  3:32:01 pm BST Network is UP. Just exit the program.
09-29  3:33:01 pm BST Network is UP. Just exit the program.
09-29  3:34:01 pm BST Network is UP. Just exit the program.
09-29  3:35:02 pm BST Network is UP. Just exit the program.
09-29  3:36:01 pm BST Network is UP. Just exit the program.
09-29  3:37:01 pm BST Network is UP. Just exit the program.
09-29  3:38:01 pm BST Network is UP. Just exit the program.
09-29  3:39:01 pm BST Network is UP. Just exit the program.
09-29  3:40:01 pm BST Network is UP. Just exit the program.
09-29  3:41:01 pm BST Network is UP. Just exit the program.
09-29  3:42:01 pm BST Network is UP. Just exit the program.
09-29  3:43:01 pm BST Network is UP. Just exit the program.
09-29  3:44:01 pm BST Network is UP. Just exit the program.
09-29  3:45:01 pm BST Network is UP. Just exit the program.
09-29  3:46:01 pm BST Network is UP. Just exit the program.
09-29  3:47:01 pm BST Network is UP. Just exit the program.
09-29  3:48:01 pm BST Network is UP. Just exit the program.
09-29  3:49:01 pm BST Network is UP. Just exit the program.
09-29  3:50:01 pm BST Network is UP. Just exit the program.
09-29  3:51:01 pm BST Network is UP. Just exit the program.
09-29  3:52:01 pm BST Network is UP. Just exit the program.
09-29  3:53:01 pm BST Network is UP. Just exit the program.
09-29  3:54:01 pm BST Network is UP. Just exit the program.
09-29  3:55:01 pm BST Network is UP. Just exit the program.
09-29  3:56:01 pm BST Network is UP. Just exit the program.
09-29  3:57:01 pm BST Network is UP. Just exit the program.
09-29  3:58:01 pm BST Network is UP. Just exit the program.
09-29  3:59:01 pm BST Network is UP. Just exit the program.
09-29  4:00:01 pm BST Network is UP. Just exit the program.
09-29  4:01:01 pm BST Network is UP. Just exit the program.
09-29  4:02:01 pm BST Network is UP. Just exit the program.
09-29  4:03:01 pm BST Network is UP. Just exit the program.
09-29  4:04:01 pm BST Network is UP. Just exit the program.
09-29  4:05:01 pm BST Network is UP. Just exit the program.
09-29  4:06:01 pm BST Network is UP. Just exit the program.
09-29  4:07:02 pm BST Network is UP. Just exit the program.
09-29  4:08:01 pm BST Network is UP. Just exit the program.
09-29  4:09:01 pm BST Network is UP. Just exit the program.
09-29  4:10:01 pm BST Network is UP. Just exit the program.
09-29  4:11:01 pm BST Network is UP. Just exit the program.
09-29  4:12:01 pm BST Network is UP. Just exit the program.
09-29  4:13:01 pm BST Network is UP. Just exit the program.
09-29  4:14:01 pm BST Network is UP. Just exit the program.
09-29  4:15:01 pm BST Network is UP. Just exit the program.
09-29  4:16:01 pm BST Network is UP. Just exit the program.
09-29  4:17:01 pm BST Network is UP. Just exit the program.
09-29  4:18:01 pm BST Network is UP. Just exit the program.
09-29  4:19:01 pm BST Network is UP. Just exit the program.
09-29  4:20:01 pm BST Network is UP. Just exit the program.
09-29  4:21:01 pm BST Network is UP. Just exit the program.
09-29  4:22:01 pm BST Network is UP. Just exit the program.
09-29  4:23:01 pm BST Network is UP. Just exit the program.
09-29  4:24:01 pm BST Network is UP. Just exit the program.
09-29  4:25:01 pm BST Network is UP. Just exit the program.
09-29  4:26:01 pm BST Network is UP. Just exit the program.
09-29  4:27:01 pm BST Network is UP. Just exit the program.
09-29  4:28:01 pm BST Network is UP. Just exit the program.
09-29  4:29:01 pm BST Network is UP. Just exit the program.
09-29  4:30:01 pm BST Network is UP. Just exit the program.
09-29  4:31:01 pm BST Network is UP. Just exit the program.
09-29  4:32:01 pm BST Network is UP. Just exit the program.
09-29  4:33:01 pm BST Network is UP. Just exit the program.
09-29  4:34:01 pm BST Network is UP. Just exit the program.
09-29  4:35:01 pm BST Network is UP. Just exit the program.
09-29  4:36:01 pm BST Network is UP. Just exit the program.
09-29  4:37:01 pm BST Network is UP. Just exit the program.
09-29  4:38:01 pm BST Network is UP. Just exit the program.
09-29  4:39:02 pm BST Network is UP. Just exit the program.
09-29  4:40:01 pm BST Network is UP. Just exit the program.
09-29  4:41:01 pm BST Network is UP. Just exit the program.
09-29  4:42:01 pm BST Network is UP. Just exit the program.
09-29  4:43:01 pm BST Network is UP. Just exit the program.
09-29  4:44:01 pm BST Network is UP. Just exit the program.
09-29  4:45:01 pm BST Network is UP. Just exit the program.
09-29  4:46:01 pm BST Network is UP. Just exit the program.
09-29  4:47:01 pm BST Network is UP. Just exit the program.
09-29  4:48:01 pm BST Network is UP. Just exit the program.
09-29  4:49:01 pm BST Network is UP. Just exit the program.
09-29  4:50:02 pm BST Network is UP. Just exit the program.
09-29  4:51:01 pm BST Network is UP. Just exit the program.
09-29  4:52:01 pm BST Network is UP. Just exit the program.
09-29  4:53:01 pm BST Network is UP. Just exit the program.
09-29  4:54:01 pm BST Network is UP. Just exit the program.
09-29  4:55:01 pm BST Network is UP. Just exit the program.
09-29  4:56:01 pm BST Network is UP. Just exit the program.
09-29  4:57:01 pm BST Network is UP. Just exit the program.
09-29  4:58:01 pm BST Network is UP. Just exit the program.
09-29  4:59:01 pm BST Network is UP. Just exit the program.
09-29  5:00:01 pm BST Network is UP. Just exit the program.
09-29  5:01:01 pm BST Network is UP. Just exit the program.
09-29  5:02:01 pm BST Network is UP. Just exit the program.
09-29  5:03:01 pm BST Network is UP. Just exit the program.
09-29  5:04:01 pm BST Network is UP. Just exit the program.
09-29  5:05:01 pm BST Network is UP. Just exit the program.
09-29  5:06:01 pm BST Network is UP. Just exit the program.
09-29  5:07:01 pm BST Network is UP. Just exit the program.
09-29  5:08:01 pm BST Network is UP. Just exit the program.
09-29  5:09:01 pm BST Network is UP. Just exit the program.
09-29  5:10:01 pm BST Network is UP. Just exit the program.
09-29  5:11:01 pm BST Network is UP. Just exit the program.
09-29  5:12:01 pm BST Network is UP. Just exit the program.
09-29  5:13:01 pm BST Network is UP. Just exit the program.
09-29  5:14:01 pm BST Network is UP. Just exit the program.
09-29  5:15:01 pm BST Network is UP. Just exit the program.
09-29  5:16:01 pm BST Network is UP. Just exit the program.
09-29  5:17:01 pm BST Network is UP. Just exit the program.
09-29  5:18:01 pm BST Network is UP. Just exit the program.
09-29  5:19:01 pm BST Network is UP. Just exit the program.
09-29  5:20:01 pm BST Network is UP. Just exit the program.
09-29  5:21:01 pm BST Network is UP. Just exit the program.
09-29  5:22:02 pm BST Network is UP. Just exit the program.
09-29  5:23:01 pm BST Network is UP. Just exit the program.
09-29  5:24:01 pm BST Network is UP. Just exit the program.
09-29  5:25:01 pm BST Network is UP. Just exit the program.
09-29  5:26:01 pm BST Network is UP. Just exit the program.
09-29  5:27:01 pm BST Network is UP. Just exit the program.
09-29  5:28:01 pm BST Network is UP. Just exit the program.
09-29  5:29:01 pm BST Network is UP. Just exit the program.
09-29  5:30:01 pm BST Network is UP. Just exit the program.
09-29  5:31:01 pm BST Network is UP. Just exit the program.
09-29  5:32:01 pm BST Network is UP. Just exit the program.
09-29  5:33:02 pm BST Network is UP. Just exit the program.
09-29  5:34:01 pm BST Network is UP. Just exit the program.
09-29  5:35:01 pm BST Network is UP. Just exit the program.
09-29  5:36:01 pm BST Network is UP. Just exit the program.
09-29  5:37:01 pm BST Network is UP. Just exit the program.
09-29  5:38:01 pm BST Network is UP. Just exit the program.
09-29  5:39:01 pm BST Network is UP. Just exit the program.
09-29  5:40:01 pm BST Network is UP. Just exit the program.
09-29  5:41:01 pm BST Network is UP. Just exit the program.
09-29  5:42:01 pm BST Network is UP. Just exit the program.
09-29  5:43:01 pm BST Network is UP. Just exit the program.
09-29  5:44:02 pm BST Network is UP. Just exit the program.
09-29  5:45:01 pm BST Network is UP. Just exit the program.
09-29  5:46:01 pm BST Network is UP. Just exit the program.
09-29  5:47:01 pm BST Network is UP. Just exit the program.
09-29  5:48:01 pm BST Network is UP. Just exit the program.
09-29  5:49:01 pm BST Network is UP. Just exit the program.
09-29  5:50:01 pm BST Network is UP. Just exit the program.
09-29  5:51:01 pm BST Network is UP. Just exit the program.
09-29  5:52:01 pm BST Network is UP. Just exit the program.
09-29  5:53:01 pm BST Network is UP. Just exit the program.
09-29  5:54:01 pm BST Network is UP. Just exit the program.
09-29  5:55:01 pm BST Network is UP. Just exit the program.
09-29  5:56:01 pm BST Network is UP. Just exit the program.
09-29  5:57:01 pm BST Network is UP. Just exit the program.
09-29  5:58:01 pm BST Network is UP. Just exit the program.
09-29  5:59:01 pm BST Network is UP. Just exit the program.
09-29  6:00:01 pm BST Network is UP. Just exit the program.
09-29  6:01:01 pm BST Network is UP. Just exit the program.
09-29  6:02:01 pm BST Network is UP. Just exit the program.
09-29  6:03:01 pm BST Network is UP. Just exit the program.
09-29  6:04:01 pm BST Network is UP. Just exit the program.
09-29  6:05:02 pm BST Network is UP. Just exit the program.
09-29  6:06:01 pm BST Network is UP. Just exit the program.
09-29  6:07:01 pm BST Network is UP. Just exit the program.
09-29  6:08:01 pm BST Network is UP. Just exit the program.
09-29  6:09:01 pm BST Network is UP. Just exit the program.
09-29  6:10:01 pm BST Network is UP. Just exit the program.
09-29  6:11:01 pm BST Network is UP. Just exit the program.
09-29  6:12:01 pm BST Network is UP. Just exit the program.
09-29  6:13:01 pm BST Network is UP. Just exit the program.
09-29  6:14:01 pm BST Network is UP. Just exit the program.
09-29  6:15:01 pm BST Network is UP. Just exit the program.
09-29  6:16:01 pm BST Network is UP. Just exit the program.
09-29  6:17:01 pm BST Network is UP. Just exit the program.
09-29  6:18:01 pm BST Network is UP. Just exit the program.
09-29  6:19:01 pm BST Network is UP. Just exit the program.
09-29  6:20:01 pm BST Network is UP. Just exit the program.
09-29  6:21:01 pm BST Network is UP. Just exit the program.
09-29  6:22:01 pm BST Network is UP. Just exit the program.
09-29  6:23:01 pm BST Network is UP. Just exit the program.
09-29  6:24:01 pm BST Network is UP. Just exit the program.
09-29  6:25:01 pm BST Network is UP. Just exit the program.
09-29  6:26:01 pm BST Network is UP. Just exit the program.
09-29  6:27:01 pm BST Network is UP. Just exit the program.
09-29  6:28:01 pm BST Network is UP. Just exit the program.
09-29  6:29:01 pm BST Network is UP. Just exit the program.
09-29  6:30:01 pm BST Network is UP. Just exit the program.
09-29  6:31:01 pm BST Network is UP. Just exit the program.
09-29  6:32:01 pm BST Network is UP. Just exit the program.
09-29  6:33:01 pm BST Network is UP. Just exit the program.
09-29  6:34:01 pm BST Network is UP. Just exit the program.
09-29  6:35:01 pm BST Network is UP. Just exit the program.
09-29  6:36:01 pm BST Network is UP. Just exit the program.
09-29  6:37:01 pm BST Network is UP. Just exit the program.
09-29  6:38:01 pm BST Network is UP. Just exit the program.
09-29  6:39:02 pm BST Network is UP. Just exit the program.
09-29  6:40:01 pm BST Network is UP. Just exit the program.
09-29  6:41:01 pm BST Network is UP. Just exit the program.
09-29  6:42:01 pm BST Network is UP. Just exit the program.
09-29  6:43:01 pm BST Network is UP. Just exit the program.
09-29  6:44:01 pm BST Network is UP. Just exit the program.
09-29  6:45:01 pm BST Network is UP. Just exit the program.
09-29  6:46:01 pm BST Network is UP. Just exit the program.
09-29  6:47:01 pm BST Network is UP. Just exit the program.
09-29  6:48:01 pm BST Network is UP. Just exit the program.
09-29  6:49:01 pm BST Network is UP. Just exit the program.
09-29  6:50:01 pm BST Network is UP. Just exit the program.
09-29  6:51:02 pm BST Network is UP. Just exit the program.
09-29  6:52:01 pm BST Network is UP. Just exit the program.
09-29  6:53:01 pm BST Network is UP. Just exit the program.
09-29  6:54:01 pm BST Network is UP. Just exit the program.
09-29  6:55:01 pm BST Network is UP. Just exit the program.
09-29  6:56:01 pm BST Network is UP. Just exit the program.
09-29  6:57:01 pm BST Network is UP. Just exit the program.
09-29  6:58:01 pm BST Network is UP. Just exit the program.
09-29  6:59:01 pm BST Network is UP. Just exit the program.
09-29  7:00:01 pm BST Network is UP. Just exit the program.
09-29  7:01:01 pm BST Network is UP. Just exit the program.
09-29  7:02:01 pm BST Network is UP. Just exit the program.
09-29  7:03:01 pm BST Network is UP. Just exit the program.
09-29  7:04:01 pm BST Network is UP. Just exit the program.
09-29  7:05:01 pm BST Network is UP. Just exit the program.
09-29  7:06:01 pm BST Network is UP. Just exit the program.
09-29  7:07:01 pm BST Network is UP. Just exit the program.
09-29  7:08:01 pm BST Network is UP. Just exit the program.
09-29  7:09:01 pm BST Network is UP. Just exit the program.
09-29  7:10:01 pm BST Network is UP. Just exit the program.
09-29  7:11:01 pm BST Network is UP. Just exit the program.
09-29  7:12:01 pm BST Network is UP. Just exit the program.
09-29  7:13:01 pm BST Network is UP. Just exit the program.
09-29  7:14:01 pm BST Network is UP. Just exit the program.
09-29  7:15:01 pm BST Network is UP. Just exit the program.
09-29  7:16:01 pm BST Network is UP. Just exit the program.
09-29  7:17:01 pm BST Network is UP. Just exit the program.
09-29  7:18:01 pm BST Network is UP. Just exit the program.
09-29  7:19:01 pm BST Network is UP. Just exit the program.
09-29  7:20:01 pm BST Network is UP. Just exit the program.
09-29  7:21:01 pm BST Network is UP. Just exit the program.
09-29  7:22:01 pm BST Network is UP. Just exit the program.
09-29  7:23:01 pm BST Network is UP. Just exit the program.
09-29  7:24:01 pm BST Network is UP. Just exit the program.
09-29  7:25:01 pm BST Network is UP. Just exit the program.
09-29  7:26:01 pm BST Network is UP. Just exit the program.
09-29  7:27:01 pm BST Network is UP. Just exit the program.
09-29  7:28:01 pm BST Network is UP. Just exit the program.
09-29  7:29:01 pm BST Network is UP. Just exit the program.
09-29  7:30:01 pm BST Network is UP. Just exit the program.
09-29  7:31:01 pm BST Network is UP. Just exit the program.
09-29  7:32:01 pm BST Network is UP. Just exit the program.
09-29  7:33:01 pm BST Network is UP. Just exit the program.
09-29  7:34:01 pm BST Network is UP. Just exit the program.
09-29  7:35:01 pm BST Network is UP. Just exit the program.
09-29  7:36:02 pm BST Network is UP. Just exit the program.
09-29  7:37:01 pm BST Network is UP. Just exit the program.
09-29  7:38:01 pm BST Network is UP. Just exit the program.
09-29  7:39:01 pm BST Network is UP. Just exit the program.
09-29  7:40:01 pm BST Network is UP. Just exit the program.
09-29  7:41:01 pm BST Network is UP. Just exit the program.
09-29  7:42:01 pm BST Network is UP. Just exit the program.
09-29  7:43:01 pm BST Network is UP. Just exit the program.
09-29  7:44:01 pm BST Network is UP. Just exit the program.
09-29  7:45:01 pm BST Network is UP. Just exit the program.
09-29  7:46:01 pm BST Network is UP. Just exit the program.
09-29  7:47:01 pm BST Network is UP. Just exit the program.
09-29  7:48:01 pm BST Network is UP. Just exit the program.
09-29  7:49:01 pm BST Network is UP. Just exit the program.
09-29  7:50:01 pm BST Network is UP. Just exit the program.
09-29  7:51:01 pm BST Network is UP. Just exit the program.
09-29  7:52:01 pm BST Network is UP. Just exit the program.
09-29  7:53:01 pm BST Network is UP. Just exit the program.
09-29  7:54:01 pm BST Network is UP. Just exit the program.
09-29  7:55:01 pm BST Network is UP. Just exit the program.
09-29  7:56:01 pm BST Network is UP. Just exit the program.
09-29  7:57:01 pm BST Network is UP. Just exit the program.
09-29  7:58:01 pm BST Network is UP. Just exit the program.
09-29  7:59:01 pm BST Network is UP. Just exit the program.
09-29  8:00:01 pm BST Network is UP. Just exit the program.
09-29  8:01:01 pm BST Network is UP. Just exit the program.
09-29  8:02:01 pm BST Network is UP. Just exit the program.
09-29  8:03:01 pm BST Network is UP. Just exit the program.
09-29  8:04:01 pm BST Network is UP. Just exit the program.
09-29  8:05:01 pm BST Network is UP. Just exit the program.
09-29  8:06:01 pm BST Network is UP. Just exit the program.
09-29  8:07:01 pm BST Network is UP. Just exit the program.
09-29  8:08:01 pm BST Network is UP. Just exit the program.
09-29  8:09:01 pm BST Network is UP. Just exit the program.
09-29  8:10:01 pm BST Network is UP. Just exit the program.
09-29  8:11:01 pm BST Network is UP. Just exit the program.
09-29  8:12:01 pm BST Network is UP. Just exit the program.
09-29  8:13:01 pm BST Network is UP. Just exit the program.
09-29  8:14:01 pm BST Network is UP. Just exit the program.
09-29  8:15:01 pm BST Network is UP. Just exit the program.
09-29  8:16:01 pm BST Network is UP. Just exit the program.
09-29  8:17:01 pm BST Network is UP. Just exit the program.
09-29  8:18:01 pm BST Network is UP. Just exit the program.
09-29  8:19:01 pm BST Network is UP. Just exit the program.
09-29  8:20:01 pm BST Network is UP. Just exit the program.
09-29  8:21:01 pm BST Network is UP. Just exit the program.
09-29  8:22:01 pm BST Network is UP. Just exit the program.
09-29  8:23:01 pm BST Network is UP. Just exit the program.
09-29  8:24:01 pm BST Network is UP. Just exit the program.
09-29  8:25:01 pm BST Network is UP. Just exit the program.
09-29  8:26:01 pm BST Network is UP. Just exit the program.
09-29  8:27:01 pm BST Network is UP. Just exit the program.
09-29  8:28:02 pm BST Network is UP. Just exit the program.
09-29  8:29:01 pm BST Network is UP. Just exit the program.
09-29  8:30:01 pm BST Network is UP. Just exit the program.
09-29  8:31:01 pm BST Network is UP. Just exit the program.
09-29  8:32:01 pm BST Network is UP. Just exit the program.
09-29  8:33:01 pm BST Network is UP. Just exit the program.
09-29  8:34:01 pm BST Network is UP. Just exit the program.
09-29  8:35:01 pm BST Network is UP. Just exit the program.
09-29  8:36:01 pm BST Network is UP. Just exit the program.
09-29  8:37:01 pm BST Network is UP. Just exit the program.
09-29  8:38:01 pm BST Network is UP. Just exit the program.
09-29  8:39:01 pm BST Network is UP. Just exit the program.
09-29  8:40:01 pm BST Network is UP. Just exit the program.
09-29  8:41:01 pm BST Network is UP. Just exit the program.
09-29  8:42:01 pm BST Network is UP. Just exit the program.
09-29  8:43:01 pm BST Network is UP. Just exit the program.
09-29  8:44:01 pm BST Network is UP. Just exit the program.
09-29  8:45:01 pm BST Network is UP. Just exit the program.
09-29  8:46:01 pm BST Network is UP. Just exit the program.
09-29  8:47:01 pm BST Network is UP. Just exit the program.
09-29  8:48:01 pm BST Network is UP. Just exit the program.
09-29  8:49:01 pm BST Network is UP. Just exit the program.
09-29  8:50:01 pm BST Network is UP. Just exit the program.
09-29  8:51:01 pm BST Network is UP. Just exit the program.
09-29  8:52:01 pm BST Network is UP. Just exit the program.
09-29  8:53:01 pm BST Network is UP. Just exit the program.
09-29  8:54:01 pm BST Network is UP. Just exit the program.
09-29  8:55:01 pm BST Network is UP. Just exit the program.
09-29  8:56:01 pm BST Network is UP. Just exit the program.
09-29  8:57:01 pm BST Network is UP. Just exit the program.
09-29  8:58:01 pm BST Network is UP. Just exit the program.
09-29  8:59:01 pm BST Network is UP. Just exit the program.
09-29  9:00:01 pm BST Network is UP. Just exit the program.
09-29  9:01:01 pm BST Network is UP. Just exit the program.
09-29  9:02:01 pm BST Network is UP. Just exit the program.
09-29  9:03:01 pm BST Network is UP. Just exit the program.
09-29  9:04:01 pm BST Network is UP. Just exit the program.
09-29  9:05:01 pm BST Network is UP. Just exit the program.
09-29  9:06:01 pm BST Network is UP. Just exit the program.
09-29  9:07:01 pm BST Network is UP. Just exit the program.
09-29  9:08:01 pm BST Network is UP. Just exit the program.
09-29  9:09:01 pm BST Network is UP. Just exit the program.
09-29  9:10:02 pm BST Network is UP. Just exit the program.
09-29  9:11:01 pm BST Network is UP. Just exit the program.
09-29  9:12:01 pm BST Network is UP. Just exit the program.
09-29  9:13:01 pm BST Network is UP. Just exit the program.
09-29  9:14:01 pm BST Network is UP. Just exit the program.
09-29  9:15:01 pm BST Network is UP. Just exit the program.
09-29  9:16:01 pm BST Network is UP. Just exit the program.
09-29  9:17:01 pm BST Network is UP. Just exit the program.
09-29  9:18:01 pm BST Network is UP. Just exit the program.
09-29  9:19:01 pm BST Network is UP. Just exit the program.
09-29  9:20:02 pm BST Network is UP. Just exit the program.
09-29  9:21:01 pm BST Network is UP. Just exit the program.
09-29  9:22:01 pm BST Network is UP. Just exit the program.
09-29  9:23:01 pm BST Network is UP. Just exit the program.
09-29  9:24:01 pm BST Network is UP. Just exit the program.
09-29  9:25:01 pm BST Network is UP. Just exit the program.
09-29  9:26:01 pm BST Network is UP. Just exit the program.
09-29  9:27:01 pm BST Network is UP. Just exit the program.
09-29  9:28:01 pm BST Network is UP. Just exit the program.
09-29  9:29:01 pm BST Network is UP. Just exit the program.
09-29  9:30:01 pm BST Network is UP. Just exit the program.
09-29  9:31:02 pm BST Network is UP. Just exit the program.
09-29  9:32:01 pm BST Network is UP. Just exit the program.
09-29  9:33:01 pm BST Network is UP. Just exit the program.
09-29  9:34:01 pm BST Network is UP. Just exit the program.
09-29  9:35:01 pm BST Network is UP. Just exit the program.
09-29  9:36:01 pm BST Network is UP. Just exit the program.
09-29  9:37:01 pm BST Network is UP. Just exit the program.
09-29  9:38:01 pm BST Network is UP. Just exit the program.
09-29  9:39:01 pm BST Network is UP. Just exit the program.
09-29  9:40:01 pm BST Network is UP. Just exit the program.
09-29  9:41:01 pm BST Network is UP. Just exit the program.
09-29  9:42:01 pm BST Network is UP. Just exit the program.
09-29  9:43:01 pm BST Network is UP. Just exit the program.
09-29  9:44:01 pm BST Network is UP. Just exit the program.
09-29  9:45:01 pm BST Network is UP. Just exit the program.
09-29  9:46:01 pm BST Network is UP. Just exit the program.
09-29  9:47:01 pm BST Network is UP. Just exit the program.
09-29  9:48:01 pm BST Network is UP. Just exit the program.
09-29  9:49:01 pm BST Network is UP. Just exit the program.
09-29  9:50:01 pm BST Network is UP. Just exit the program.
09-29  9:51:01 pm BST Network is UP. Just exit the program.
09-29  9:52:01 pm BST Network is UP. Just exit the program.
09-29  9:53:01 pm BST Network is UP. Just exit the program.
09-29  9:54:01 pm BST Network is UP. Just exit the program.
09-29  9:55:01 pm BST Network is UP. Just exit the program.
09-29  9:56:01 pm BST Network is UP. Just exit the program.
09-29  9:57:01 pm BST Network is UP. Just exit the program.
09-29  9:58:01 pm BST Network is UP. Just exit the program.
09-29  9:59:01 pm BST Network is UP. Just exit the program.
09-29 10:00:01 pm BST Network is UP. Just exit the program.
09-29 10:01:01 pm BST Network is UP. Just exit the program.
09-29 10:02:01 pm BST Network is UP. Just exit the program.
09-29 10:03:01 pm BST Network is UP. Just exit the program.
09-29 10:04:01 pm BST Network is UP. Just exit the program.
09-29 10:05:02 pm BST Network is UP. Just exit the program.
09-29 10:06:01 pm BST Network is UP. Just exit the program.
09-29 10:07:01 pm BST Network is UP. Just exit the program.
09-29 10:08:01 pm BST Network is UP. Just exit the program.
09-29 10:09:01 pm BST Network is UP. Just exit the program.
09-29 10:10:01 pm BST Network is UP. Just exit the program.
09-29 10:11:01 pm BST Network is UP. Just exit the program.
09-29 10:12:01 pm BST Network is UP. Just exit the program.
09-29 10:13:01 pm BST Network is UP. Just exit the program.
09-29 10:14:01 pm BST Network is UP. Just exit the program.
09-29 10:15:01 pm BST Network is UP. Just exit the program.
09-29 10:16:02 pm BST Network is UP. Just exit the program.
09-29 10:17:01 pm BST Network is UP. Just exit the program.
09-29 10:18:01 pm BST Network is UP. Just exit the program.
09-29 10:19:01 pm BST Network is UP. Just exit the program.
09-29 10:20:01 pm BST Network is UP. Just exit the program.
09-29 10:21:01 pm BST Network is UP. Just exit the program.
09-29 10:22:01 pm BST Network is UP. Just exit the program.
09-29 10:23:01 pm BST Network is UP. Just exit the program.
09-29 10:24:01 pm BST Network is UP. Just exit the program.
09-29 10:25:01 pm BST Network is UP. Just exit the program.
09-29 10:26:01 pm BST Network is UP. Just exit the program.
09-29 10:27:01 pm BST Network is UP. Just exit the program.
09-29 10:28:01 pm BST Network is UP. Just exit the program.
09-29 10:29:01 pm BST Network is UP. Just exit the program.
09-29 10:30:01 pm BST Network is UP. Just exit the program.
09-29 10:31:01 pm BST Network is UP. Just exit the program.
09-29 10:32:01 pm BST Network is UP. Just exit the program.
09-29 10:33:01 pm BST Network is UP. Just exit the program.
09-29 10:34:01 pm BST Network is UP. Just exit the program.
09-29 10:35:01 pm BST Network is UP. Just exit the program.
09-29 10:36:01 pm BST Network is UP. Just exit the program.
09-29 10:37:01 pm BST Network is UP. Just exit the program.
09-29 10:38:01 pm BST Network is UP. Just exit the program.
09-29 10:39:01 pm BST Network is UP. Just exit the program.
09-29 10:40:01 pm BST Network is UP. Just exit the program.
09-29 10:41:01 pm BST Network is UP. Just exit the program.
09-29 10:42:01 pm BST Network is UP. Just exit the program.
09-29 10:43:01 pm BST Network is UP. Just exit the program.
09-29 10:44:01 pm BST Network is UP. Just exit the program.
09-29 10:45:01 pm BST Network is UP. Just exit the program.
09-29 10:46:01 pm BST Network is UP. Just exit the program.
09-29 10:47:01 pm BST Network is UP. Just exit the program.
09-29 10:48:01 pm BST Network is UP. Just exit the program.
09-29 10:49:01 pm BST Network is UP. Just exit the program.
09-29 10:50:01 pm BST Network is UP. Just exit the program.
09-29 10:51:01 pm BST Network is UP. Just exit the program.
09-29 10:52:01 pm BST Network is UP. Just exit the program.
09-29 10:53:01 pm BST Network is UP. Just exit the program.
09-29 10:54:01 pm BST Network is UP. Just exit the program.
09-29 10:55:01 pm BST Network is UP. Just exit the program.
09-29 10:56:01 pm BST Network is UP. Just exit the program.
09-29 10:57:01 pm BST Network is UP. Just exit the program.
09-29 10:58:01 pm BST Network is UP. Just exit the program.
09-29 10:59:01 pm BST Network is UP. Just exit the program.
09-29 11:00:01 pm BST Network is UP. Just exit the program.
09-29 11:01:01 pm BST Network is UP. Just exit the program.
09-29 11:02:01 pm BST Network is UP. Just exit the program.
09-29 11:03:01 pm BST Network is UP. Just exit the program.
09-29 11:04:01 pm BST Network is UP. Just exit the program.
09-29 11:05:01 pm BST Network is UP. Just exit the program.
09-29 11:06:01 pm BST Network is UP. Just exit the program.
09-29 11:07:01 pm BST Network is UP. Just exit the program.
09-29 11:08:01 pm BST Network is UP. Just exit the program.
09-29 11:09:01 pm BST Network is UP. Just exit the program.
09-29 11:10:01 pm BST Network is UP. Just exit the program.
09-29 11:11:01 pm BST Network is UP. Just exit the program.
09-29 11:12:01 pm BST Network is UP. Just exit the program.
09-29 11:13:01 pm BST Network is UP. Just exit the program.
09-29 11:14:01 pm BST Network is UP. Just exit the program.
09-29 11:15:01 pm BST Network is UP. Just exit the program.
09-29 11:16:01 pm BST Network is UP. Just exit the program.
09-29 11:17:01 pm BST Network is UP. Just exit the program.
09-29 11:18:01 pm BST Network is UP. Just exit the program.
09-29 11:19:01 pm BST Network is UP. Just exit the program.
09-29 11:20:01 pm BST Network is UP. Just exit the program.
09-29 11:21:01 pm BST Network is UP. Just exit the program.
09-29 11:22:02 pm BST Network is UP. Just exit the program.
09-29 11:23:01 pm BST Network is UP. Just exit the program.
09-29 11:24:01 pm BST Network is UP. Just exit the program.
09-29 11:25:01 pm BST Network is UP. Just exit the program.
09-29 11:26:01 pm BST Network is UP. Just exit the program.
09-29 11:27:01 pm BST Network is UP. Just exit the program.
09-29 11:28:01 pm BST Network is UP. Just exit the program.
09-29 11:29:01 pm BST Network is UP. Just exit the program.
09-29 11:30:01 pm BST Network is UP. Just exit the program.
09-29 11:31:01 pm BST Network is UP. Just exit the program.
09-29 11:32:02 pm BST Network is UP. Just exit the program.
09-29 11:33:01 pm BST Network is UP. Just exit the program.
09-29 11:34:01 pm BST Network is UP. Just exit the program.
09-29 11:35:01 pm BST Network is UP. Just exit the program.
09-29 11:36:01 pm BST Network is UP. Just exit the program.
09-29 11:37:01 pm BST Network is UP. Just exit the program.
09-29 11:38:01 pm BST Network is UP. Just exit the program.
09-29 11:39:01 pm BST Network is UP. Just exit the program.
09-29 11:40:01 pm BST Network is UP. Just exit the program.
09-29 11:41:01 pm BST Network is UP. Just exit the program.
09-29 11:42:01 pm BST Network is UP. Just exit the program.
09-29 11:43:02 pm BST Network is UP. Just exit the program.
09-29 11:44:01 pm BST Network is UP. Just exit the program.
09-29 11:45:01 pm BST Network is UP. Just exit the program.
09-29 11:46:01 pm BST Network is UP. Just exit the program.
09-29 11:47:01 pm BST Network is UP. Just exit the program.
09-29 11:48:01 pm BST Network is UP. Just exit the program.
09-29 11:49:01 pm BST Network is UP. Just exit the program.
09-29 11:50:01 pm BST Network is UP. Just exit the program.
09-29 11:51:01 pm BST Network is UP. Just exit the program.
09-29 11:52:01 pm BST Network is UP. Just exit the program.
09-29 11:53:01 pm BST Network is UP. Just exit the program.
09-29 11:54:02 pm BST Network is UP. Just exit the program.
09-29 11:55:01 pm BST Network is UP. Just exit the program.
09-29 11:56:01 pm BST Network is UP. Just exit the program.
09-29 11:57:01 pm BST Network is UP. Just exit the program.
09-29 11:58:01 pm BST Network is UP. Just exit the program.
09-29 11:59:01 pm BST Network is UP. Just exit the program.
09-30 12:00:01 am BST Network is UP. Just exit the program.
09-30 12:01:01 am BST Network is UP. Just exit the program.
09-30 12:02:01 am BST Network is UP. Just exit the program.
09-30 12:03:01 am BST Network is UP. Just exit the program.
09-30 12:04:01 am BST Network is UP. Just exit the program.
09-30 12:05:01 am BST Network is UP. Just exit the program.
09-30 12:06:01 am BST Network is UP. Just exit the program.
09-30 12:07:01 am BST Network is UP. Just exit the program.
09-30 12:08:01 am BST Network is UP. Just exit the program.
09-30 12:09:01 am BST Network is UP. Just exit the program.
09-30 12:10:01 am BST Network is UP. Just exit the program.
09-30 12:11:01 am BST Network is UP. Just exit the program.
09-30 12:12:01 am BST Network is UP. Just exit the program.
09-30 12:13:01 am BST Network is UP. Just exit the program.
09-30 12:14:01 am BST Network is UP. Just exit the program.
09-30 12:15:01 am BST Network is UP. Just exit the program.
09-30 12:16:01 am BST Network is UP. Just exit the program.
09-30 12:17:01 am BST Network is UP. Just exit the program.
09-30 12:18:01 am BST Network is UP. Just exit the program.
09-30 12:19:01 am BST Network is UP. Just exit the program.
09-30 12:20:01 am BST Network is UP. Just exit the program.
09-30 12:21:01 am BST Network is UP. Just exit the program.
09-30 12:22:01 am BST Network is UP. Just exit the program.
09-30 12:23:01 am BST Network is UP. Just exit the program.
09-30 12:24:01 am BST Network is UP. Just exit the program.
09-30 12:25:01 am BST Network is UP. Just exit the program.
09-30 12:26:01 am BST Network is UP. Just exit the program.
09-30 12:27:01 am BST Network is UP. Just exit the program.
09-30 12:28:01 am BST Network is UP. Just exit the program.
09-30 12:29:01 am BST Network is UP. Just exit the program.
09-30 12:30:01 am BST Network is UP. Just exit the program.
09-30 12:31:01 am BST Network is UP. Just exit the program.
09-30 12:32:01 am BST Network is UP. Just exit the program.
09-30 12:33:01 am BST Network is UP. Just exit the program.
09-30 12:34:01 am BST Network is UP. Just exit the program.
09-30 12:35:01 am BST Network is UP. Just exit the program.
09-30 12:36:01 am BST Network is UP. Just exit the program.
09-30 12:37:01 am BST Network is UP. Just exit the program.
09-30 12:38:01 am BST Network is UP. Just exit the program.
09-30 12:39:01 am BST Network is UP. Just exit the program.
09-30 12:40:01 am BST Network is UP. Just exit the program.
09-30 12:41:01 am BST Network is UP. Just exit the program.
09-30 12:42:01 am BST Network is UP. Just exit the program.
09-30 12:43:01 am BST Network is UP. Just exit the program.
09-30 12:44:01 am BST Network is UP. Just exit the program.
09-30 12:45:01 am BST Network is UP. Just exit the program.
09-30 12:46:01 am BST Network is UP. Just exit the program.
09-30 12:47:01 am BST Network is UP. Just exit the program.
09-30 12:48:02 am BST Network is UP. Just exit the program.
09-30 12:49:01 am BST Network is UP. Just exit the program.
09-30 12:50:01 am BST Network is UP. Just exit the program.
09-30 12:51:01 am BST Network is UP. Just exit the program.
09-30 12:52:01 am BST Network is UP. Just exit the program.
09-30 12:53:01 am BST Network is UP. Just exit the program.
09-30 12:54:01 am BST Network is UP. Just exit the program.
09-30 12:55:01 am BST Network is UP. Just exit the program.
09-30 12:56:01 am BST Network is UP. Just exit the program.
09-30 12:57:01 am BST Network is UP. Just exit the program.
09-30 12:58:01 am BST Network is UP. Just exit the program.
09-30 12:59:01 am BST Network is UP. Just exit the program.
09-30  1:00:01 am BST Network is UP. Just exit the program.
09-30  1:01:01 am BST Network is UP. Just exit the program.
09-30  1:02:01 am BST Network is UP. Just exit the program.
09-30  1:03:01 am BST Network is UP. Just exit the program.
09-30  1:04:01 am BST Network is UP. Just exit the program.
09-30  1:05:01 am BST Network is UP. Just exit the program.
09-30  1:06:01 am BST Network is UP. Just exit the program.
09-30  1:07:01 am BST Network is UP. Just exit the program.
09-30  1:08:01 am BST Network is UP. Just exit the program.
09-30  1:09:01 am BST Network is UP. Just exit the program.
09-30  1:10:01 am BST Network is UP. Just exit the program.
09-30  1:11:01 am BST Network is UP. Just exit the program.
09-30  1:12:01 am BST Network is UP. Just exit the program.
09-30  1:13:01 am BST Network is UP. Just exit the program.
09-30  1:14:01 am BST Network is UP. Just exit the program.
09-30  1:15:01 am BST Network is UP. Just exit the program.
09-30  1:16:01 am BST Network is UP. Just exit the program.
09-30  1:17:01 am BST Network is UP. Just exit the program.
09-30  1:18:01 am BST Network is UP. Just exit the program.
09-30  1:19:01 am BST Network is UP. Just exit the program.
09-30  1:20:02 am BST Network is UP. Just exit the program.
09-30  1:21:01 am BST Network is UP. Just exit the program.
09-30  1:22:01 am BST Network is UP. Just exit the program.
09-30  1:23:01 am BST Network is UP. Just exit the program.
09-30  1:24:01 am BST Network is UP. Just exit the program.
09-30  1:25:01 am BST Network is UP. Just exit the program.
09-30  1:26:01 am BST Network is UP. Just exit the program.
09-30  1:27:01 am BST Network is UP. Just exit the program.
09-30  1:28:01 am BST Network is UP. Just exit the program.
09-30  1:29:01 am BST Network is UP. Just exit the program.
09-30  1:30:01 am BST Network is UP. Just exit the program.
09-30  1:31:01 am BST Network is UP. Just exit the program.
09-30  1:32:01 am BST Network is UP. Just exit the program.
09-30  1:33:01 am BST Network is UP. Just exit the program.
09-30  1:34:01 am BST Network is UP. Just exit the program.
09-30  1:35:01 am BST Network is UP. Just exit the program.
09-30  1:36:01 am BST Network is UP. Just exit the program.
09-30  1:37:01 am BST Network is UP. Just exit the program.
09-30  1:38:01 am BST Network is UP. Just exit the program.
09-30  1:39:01 am BST Network is UP. Just exit the program.
09-30  1:40:01 am BST Network is UP. Just exit the program.
09-30  1:41:01 am BST Network is UP. Just exit the program.
09-30  1:42:02 am BST Network is UP. Just exit the program.
09-30  1:43:01 am BST Network is UP. Just exit the program.
09-30  1:44:01 am BST Network is UP. Just exit the program.
09-30  1:45:01 am BST Network is UP. Just exit the program.
09-30  1:46:01 am BST Network is UP. Just exit the program.
09-30  1:47:01 am BST Network is UP. Just exit the program.
09-30  1:48:01 am BST Network is UP. Just exit the program.
09-30  1:49:01 am BST Network is UP. Just exit the program.
09-30  1:50:01 am BST Network is UP. Just exit the program.
09-30  1:51:01 am BST Network is UP. Just exit the program.
09-30  1:52:02 am BST Network is UP. Just exit the program.
09-30  1:53:01 am BST Network is UP. Just exit the program.
09-30  1:54:01 am BST Network is UP. Just exit the program.
09-30  1:55:01 am BST Network is UP. Just exit the program.
09-30  1:56:01 am BST Network is UP. Just exit the program.
09-30  1:57:01 am BST Network is UP. Just exit the program.
09-30  1:58:01 am BST Network is UP. Just exit the program.
09-30  1:59:01 am BST Network is UP. Just exit the program.
09-30  2:00:01 am BST Network is UP. Just exit the program.
09-30  2:01:01 am BST Network is UP. Just exit the program.
09-30  2:02:01 am BST Network is UP. Just exit the program.
09-30  2:03:01 am BST Network is UP. Just exit the program.
09-30  2:04:01 am BST Network is UP. Just exit the program.
09-30  2:05:01 am BST Network is UP. Just exit the program.
09-30  2:06:01 am BST Network is UP. Just exit the program.
09-30  2:07:01 am BST Network is UP. Just exit the program.
09-30  2:08:01 am BST Network is UP. Just exit the program.
09-30  2:09:01 am BST Network is UP. Just exit the program.
09-30  2:10:01 am BST Network is UP. Just exit the program.
09-30  2:11:01 am BST Network is UP. Just exit the program.
09-30  2:12:01 am BST Network is UP. Just exit the program.
09-30  2:13:01 am BST Network is UP. Just exit the program.
09-30  2:14:01 am BST Network is UP. Just exit the program.
09-30  2:15:01 am BST Network is UP. Just exit the program.
09-30  2:16:01 am BST Network is UP. Just exit the program.
09-30  2:17:01 am BST Network is UP. Just exit the program.
09-30  2:18:01 am BST Network is UP. Just exit the program.
09-30  2:19:01 am BST Network is UP. Just exit the program.
09-30  2:20:01 am BST Network is UP. Just exit the program.
09-30  2:21:01 am BST Network is UP. Just exit the program.
09-30  2:22:01 am BST Network is UP. Just exit the program.
09-30  2:23:01 am BST Network is UP. Just exit the program.
09-30  2:24:01 am BST Network is UP. Just exit the program.
09-30  2:25:01 am BST Network is UP. Just exit the program.
09-30  2:26:01 am BST Network is UP. Just exit the program.
09-30  2:27:01 am BST Network is UP. Just exit the program.
09-30  2:28:01 am BST Network is UP. Just exit the program.
09-30  2:29:01 am BST Network is UP. Just exit the program.
09-30  2:30:01 am BST Network is UP. Just exit the program.
09-30  2:31:01 am BST Network is UP. Just exit the program.
09-30  2:32:01 am BST Network is UP. Just exit the program.
09-30  2:33:01 am BST Network is UP. Just exit the program.
09-30  2:34:01 am BST Network is UP. Just exit the program.
09-30  2:35:01 am BST Network is UP. Just exit the program.
09-30  2:36:01 am BST Network is UP. Just exit the program.
09-30  2:37:01 am BST Network is UP. Just exit the program.
09-30  2:38:01 am BST Network is UP. Just exit the program.
09-30  2:39:01 am BST Network is UP. Just exit the program.
09-30  2:40:01 am BST Network is UP. Just exit the program.
09-30  2:41:01 am BST Network is UP. Just exit the program.
09-30  2:42:01 am BST Network is UP. Just exit the program.
09-30  2:43:01 am BST Network is UP. Just exit the program.
09-30  2:44:01 am BST Network is UP. Just exit the program.
09-30  2:45:01 am BST Network is UP. Just exit the program.
09-30  2:46:01 am BST Network is UP. Just exit the program.
09-30  2:47:01 am BST Network is UP. Just exit the program.
09-30  2:48:01 am BST Network is UP. Just exit the program.
09-30  2:49:01 am BST Network is UP. Just exit the program.
09-30  2:50:01 am BST Network is UP. Just exit the program.
09-30  2:51:01 am BST Network is UP. Just exit the program.
09-30  2:52:01 am BST Network is UP. Just exit the program.
09-30  2:53:01 am BST Network is UP. Just exit the program.
09-30  2:54:01 am BST Network is UP. Just exit the program.
09-30  2:55:01 am BST Network is UP. Just exit the program.
09-30  2:56:01 am BST Network is UP. Just exit the program.
09-30  2:57:01 am BST Network is UP. Just exit the program.
09-30  2:58:01 am BST Network is UP. Just exit the program.
09-30  2:59:01 am BST Network is UP. Just exit the program.
09-30  3:00:01 am BST Network is UP. Just exit the program.
09-30  3:01:02 am BST Network is UP. Just exit the program.
09-30  3:02:01 am BST Network is UP. Just exit the program.
09-30  3:03:01 am BST Network is UP. Just exit the program.
09-30  3:04:01 am BST Network is UP. Just exit the program.
09-30  3:05:01 am BST Network is UP. Just exit the program.
09-30  3:06:01 am BST Network is UP. Just exit the program.
09-30  3:07:01 am BST Network is UP. Just exit the program.
09-30  3:08:01 am BST Network is UP. Just exit the program.
09-30  3:09:01 am BST Network is UP. Just exit the program.
09-30  3:10:01 am BST Network is UP. Just exit the program.
09-30  3:11:01 am BST Network is UP. Just exit the program.
09-30  3:12:01 am BST Network is UP. Just exit the program.
09-30  3:13:01 am BST Network is UP. Just exit the program.
09-30  3:14:01 am BST Network is UP. Just exit the program.
09-30  3:15:01 am BST Network is UP. Just exit the program.
09-30  3:16:01 am BST Network is UP. Just exit the program.
09-30  3:17:01 am BST Network is UP. Just exit the program.
09-30  3:18:01 am BST Network is UP. Just exit the program.
09-30  3:19:01 am BST Network is UP. Just exit the program.
09-30  3:20:01 am BST Network is UP. Just exit the program.
09-30  3:21:01 am BST Network is UP. Just exit the program.
09-30  3:22:01 am BST Network is UP. Just exit the program.
09-30  3:23:01 am BST Network is UP. Just exit the program.
09-30  3:24:01 am BST Network is UP. Just exit the program.
09-30  3:25:01 am BST Network is UP. Just exit the program.
09-30  3:26:01 am BST Network is UP. Just exit the program.
09-30  3:27:01 am BST Network is UP. Just exit the program.
09-30  3:28:01 am BST Network is UP. Just exit the program.
09-30  3:29:01 am BST Network is UP. Just exit the program.
09-30  3:30:01 am BST Network is UP. Just exit the program.
09-30  3:31:01 am BST Network is UP. Just exit the program.
09-30  3:32:01 am BST Network is UP. Just exit the program.
09-30  3:33:01 am BST Network is UP. Just exit the program.
09-30  3:34:01 am BST Network is UP. Just exit the program.
09-30  3:35:01 am BST Network is UP. Just exit the program.
09-30  3:36:01 am BST Network is UP. Just exit the program.
09-30  3:37:01 am BST Network is UP. Just exit the program.
09-30  3:38:01 am BST Network is UP. Just exit the program.
09-30  3:39:01 am BST Network is UP. Just exit the program.
09-30  3:40:01 am BST Network is UP. Just exit the program.
09-30  3:41:01 am BST Network is UP. Just exit the program.
09-30  3:42:01 am BST Network is UP. Just exit the program.
09-30  3:43:01 am BST Network is UP. Just exit the program.
09-30  3:44:01 am BST Network is UP. Just exit the program.
09-30  3:45:01 am BST Network is UP. Just exit the program.
09-30  3:46:01 am BST Network is UP. Just exit the program.
09-30  3:47:01 am BST Network is UP. Just exit the program.
09-30  3:48:01 am BST Network is UP. Just exit the program.
09-30  3:49:01 am BST Network is UP. Just exit the program.
09-30  3:50:01 am BST Network is UP. Just exit the program.
09-30  3:51:01 am BST Network is UP. Just exit the program.
09-30  3:52:01 am BST Network is UP. Just exit the program.
09-30  3:53:02 am BST Network is UP. Just exit the program.
09-30  3:54:01 am BST Network is UP. Just exit the program.
09-30  3:55:01 am BST Network is UP. Just exit the program.
09-30  3:56:01 am BST Network is UP. Just exit the program.
09-30  3:57:01 am BST Network is UP. Just exit the program.
09-30  3:58:01 am BST Network is UP. Just exit the program.
09-30  3:59:01 am BST Network is UP. Just exit the program.
09-30  4:00:01 am BST Network is UP. Just exit the program.
09-30  4:01:01 am BST Network is UP. Just exit the program.
09-30  4:02:01 am BST Network is UP. Just exit the program.
09-30  4:03:01 am BST Network is UP. Just exit the program.
09-30  4:04:01 am BST Network is UP. Just exit the program.
09-30  4:05:01 am BST Network is UP. Just exit the program.
09-30  4:06:01 am BST Network is UP. Just exit the program.
09-30  4:07:01 am BST Network is UP. Just exit the program.
09-30  4:08:01 am BST Network is UP. Just exit the program.
09-30  4:09:01 am BST Network is UP. Just exit the program.
09-30  4:10:01 am BST Network is UP. Just exit the program.
09-30  4:11:01 am BST Network is UP. Just exit the program.
09-30  4:12:01 am BST Network is UP. Just exit the program.
09-30  4:13:01 am BST Network is UP. Just exit the program.
09-30  4:14:01 am BST Network is UP. Just exit the program.
09-30  4:15:01 am BST Network is UP. Just exit the program.
09-30  4:16:01 am BST Network is UP. Just exit the program.
09-30  4:17:01 am BST Network is UP. Just exit the program.
09-30  4:18:01 am BST Network is UP. Just exit the program.
09-30  4:19:01 am BST Network is UP. Just exit the program.
09-30  4:20:01 am BST Network is UP. Just exit the program.
09-30  4:21:01 am BST Network is UP. Just exit the program.
09-30  4:22:01 am BST Network is UP. Just exit the program.
09-30  4:23:01 am BST Network is UP. Just exit the program.
09-30  4:24:02 am BST Network is UP. Just exit the program.
09-30  4:25:01 am BST Network is UP. Just exit the program.
09-30  4:26:01 am BST Network is UP. Just exit the program.
09-30  4:27:01 am BST Network is UP. Just exit the program.
09-30  4:28:01 am BST Network is UP. Just exit the program.
09-30  4:29:01 am BST Network is UP. Just exit the program.
09-30  4:30:01 am BST Network is UP. Just exit the program.
09-30  4:31:01 am BST Network is UP. Just exit the program.
09-30  4:32:01 am BST Network is UP. Just exit the program.
09-30  4:33:01 am BST Network is UP. Just exit the program.
09-30  4:34:02 am BST Network is UP. Just exit the program.
09-30  4:35:01 am BST Network is UP. Just exit the program.
09-30  4:36:01 am BST Network is UP. Just exit the program.
09-30  4:37:01 am BST Network is UP. Just exit the program.
09-30  4:38:01 am BST Network is UP. Just exit the program.
09-30  4:39:01 am BST Network is UP. Just exit the program.
09-30  4:40:01 am BST Network is UP. Just exit the program.
09-30  4:41:01 am BST Network is UP. Just exit the program.
09-30  4:42:01 am BST Network is UP. Just exit the program.
09-30  4:43:01 am BST Network is UP. Just exit the program.
09-30  4:44:01 am BST Network is UP. Just exit the program.
09-30  4:45:01 am BST Network is UP. Just exit the program.
09-30  4:46:01 am BST Network is UP. Just exit the program.
09-30  4:47:01 am BST Network is UP. Just exit the program.
09-30  4:48:01 am BST Network is UP. Just exit the program.
09-30  4:49:01 am BST Network is UP. Just exit the program.
09-30  4:50:01 am BST Network is UP. Just exit the program.
09-30  4:51:01 am BST Network is UP. Just exit the program.
09-30  4:52:01 am BST Network is UP. Just exit the program.
09-30  4:53:01 am BST Network is UP. Just exit the program.
09-30  4:54:01 am BST Network is UP. Just exit the program.
09-30  4:55:01 am BST Network is UP. Just exit the program.
09-30  4:56:01 am BST Network is UP. Just exit the program.
09-30  4:57:01 am BST Network is UP. Just exit the program.
09-30  4:58:01 am BST Network is UP. Just exit the program.
09-30  4:59:01 am BST Network is UP. Just exit the program.
09-30  5:00:01 am BST Network is UP. Just exit the program.
09-30  5:01:01 am BST Network is UP. Just exit the program.
09-30  5:02:01 am BST Network is UP. Just exit the program.
09-30  5:03:01 am BST Network is UP. Just exit the program.
09-30  5:04:01 am BST Network is UP. Just exit the program.
09-30  5:05:01 am BST Network is UP. Just exit the program.
09-30  5:06:01 am BST Network is UP. Just exit the program.
09-30  5:07:01 am BST Network is UP. Just exit the program.
09-30  5:08:01 am BST Network is UP. Just exit the program.
09-30  5:09:01 am BST Network is UP. Just exit the program.
09-30  5:10:01 am BST Network is UP. Just exit the program.
09-30  5:11:01 am BST Network is UP. Just exit the program.
09-30  5:12:01 am BST Network is UP. Just exit the program.
09-30  5:13:01 am BST Network is UP. Just exit the program.
09-30  5:14:01 am BST Network is UP. Just exit the program.
09-30  5:15:01 am BST Network is UP. Just exit the program.
09-30  5:16:01 am BST Network is UP. Just exit the program.
09-30  5:17:01 am BST Network is UP. Just exit the program.
09-30  5:18:01 am BST Network is UP. Just exit the program.
09-30  5:19:01 am BST Network is UP. Just exit the program.
09-30  5:20:01 am BST Network is UP. Just exit the program.
09-30  5:21:01 am BST Network is UP. Just exit the program.
09-30  5:22:01 am BST Network is UP. Just exit the program.
09-30  5:23:01 am BST Network is UP. Just exit the program.
09-30  5:24:01 am BST Network is UP. Just exit the program.
09-30  5:25:01 am BST Network is UP. Just exit the program.
09-30  5:26:01 am BST Network is UP. Just exit the program.
09-30  5:27:01 am BST Network is UP. Just exit the program.
09-30  5:28:01 am BST Network is UP. Just exit the program.
09-30  5:29:01 am BST Network is UP. Just exit the program.
09-30  5:30:01 am BST Network is UP. Just exit the program.
09-30  5:31:01 am BST Network is UP. Just exit the program.
09-30  5:32:01 am BST Network is UP. Just exit the program.
09-30  5:33:01 am BST Network is UP. Just exit the program.
09-30  5:34:01 am BST Network is UP. Just exit the program.
09-30  5:35:01 am BST Network is UP. Just exit the program.
09-30  5:36:01 am BST Network is UP. Just exit the program.
09-30  5:37:01 am BST Network is UP. Just exit the program.
09-30  5:38:01 am BST Network is UP. Just exit the program.
09-30  5:39:01 am BST Network is UP. Just exit the program.
09-30  5:40:01 am BST Network is UP. Just exit the program.
09-30  5:41:01 am BST Network is UP. Just exit the program.
09-30  5:42:01 am BST Network is UP. Just exit the program.
09-30  5:43:01 am BST Network is UP. Just exit the program.
09-30  5:44:01 am BST Network is UP. Just exit the program.
09-30  5:45:01 am BST Network is UP. Just exit the program.
09-30  5:46:01 am BST Network is UP. Just exit the program.
09-30  5:47:01 am BST Network is UP. Just exit the program.
09-30  5:48:01 am BST Network is UP. Just exit the program.
09-30  5:49:01 am BST Network is UP. Just exit the program.
09-30  5:50:01 am BST Network is UP. Just exit the program.
09-30  5:51:01 am BST Network is UP. Just exit the program.
09-30  5:52:01 am BST Network is UP. Just exit the program.
09-30  5:53:01 am BST Network is UP. Just exit the program.
09-30  5:54:01 am BST Network is UP. Just exit the program.
09-30  5:55:01 am BST Network is UP. Just exit the program.
09-30  5:56:01 am BST Network is UP. Just exit the program.
09-30  5:57:01 am BST Network is UP. Just exit the program.
09-30  5:58:01 am BST Network is UP. Just exit the program.
09-30  5:59:01 am BST Network is UP. Just exit the program.
09-30  6:00:01 am BST Network is UP. Just exit the program.
09-30  6:01:01 am BST Network is UP. Just exit the program.
09-30  6:02:01 am BST Network is UP. Just exit the program.
09-30  6:03:01 am BST Network is UP. Just exit the program.
09-30  6:04:01 am BST Network is UP. Just exit the program.
09-30  6:05:01 am BST Network is UP. Just exit the program.
09-30  6:06:01 am BST Network is UP. Just exit the program.
09-30  6:07:01 am BST Network is UP. Just exit the program.
09-30  6:08:01 am BST Network is UP. Just exit the program.
09-30  6:09:01 am BST Network is UP. Just exit the program.
09-30  6:10:01 am BST Network is UP. Just exit the program.
09-30  6:11:01 am BST Network is UP. Just exit the program.
09-30  6:12:01 am BST Network is UP. Just exit the program.
09-30  6:13:01 am BST Network is UP. Just exit the program.
09-30  6:14:01 am BST Network is UP. Just exit the program.
09-30  6:15:01 am BST Network is UP. Just exit the program.
09-30  6:16:01 am BST Network is UP. Just exit the program.
09-30  6:17:01 am BST Network is UP. Just exit the program.
09-30  6:18:01 am BST Network is UP. Just exit the program.
09-30  6:19:01 am BST Network is UP. Just exit the program.
09-30  6:20:01 am BST Network is UP. Just exit the program.
09-30  6:21:01 am BST Network is UP. Just exit the program.
09-30  6:22:01 am BST Network is UP. Just exit the program.
09-30  6:23:01 am BST Network is UP. Just exit the program.
09-30  6:24:01 am BST Network is UP. Just exit the program.
09-30  6:25:02 am BST Network is UP. Just exit the program.
09-30  6:26:01 am BST Network is UP. Just exit the program.
09-30  6:27:01 am BST Network is UP. Just exit the program.
09-30  6:28:01 am BST Network is UP. Just exit the program.
09-30  6:29:01 am BST Network is UP. Just exit the program.
09-30  6:30:01 am BST Network is UP. Just exit the program.
09-30  6:31:01 am BST Network is UP. Just exit the program.
09-30  6:32:01 am BST Network is UP. Just exit the program.
09-30  6:33:01 am BST Network is UP. Just exit the program.
09-30  6:34:01 am BST Network is UP. Just exit the program.
09-30  6:35:01 am BST Network is UP. Just exit the program.
09-30  6:36:02 am BST Network is UP. Just exit the program.
09-30  6:37:01 am BST Network is UP. Just exit the program.
09-30  6:38:01 am BST Network is UP. Just exit the program.
09-30  6:39:01 am BST Network is UP. Just exit the program.
09-30  6:40:01 am BST Network is UP. Just exit the program.
09-30  6:41:01 am BST Network is UP. Just exit the program.
09-30  6:42:01 am BST Network is UP. Just exit the program.
09-30  6:43:01 am BST Network is UP. Just exit the program.
09-30  6:44:01 am BST Network is UP. Just exit the program.
09-30  6:45:01 am BST Network is UP. Just exit the program.
09-30  6:46:01 am BST Network is UP. Just exit the program.
09-30  6:47:02 am BST Network is UP. Just exit the program.
09-30  6:48:01 am BST Network is UP. Just exit the program.
09-30  6:49:01 am BST Network is UP. Just exit the program.
09-30  6:50:01 am BST Network is UP. Just exit the program.
09-30  6:51:01 am BST Network is UP. Just exit the program.
09-30  6:52:01 am BST Network is UP. Just exit the program.
09-30  6:53:01 am BST Network is UP. Just exit the program.
09-30  6:54:01 am BST Network is UP. Just exit the program.
09-30  6:55:01 am BST Network is UP. Just exit the program.
09-30  6:56:01 am BST Network is UP. Just exit the program.
09-30  6:57:01 am BST Network is UP. Just exit the program.
09-30  6:58:02 am BST Network is UP. Just exit the program.
09-30  6:59:01 am BST Network is UP. Just exit the program.
09-30  7:00:01 am BST Network is UP. Just exit the program.
09-30  7:01:01 am BST Network is UP. Just exit the program.
09-30  7:02:01 am BST Network is UP. Just exit the program.
09-30  7:03:01 am BST Network is UP. Just exit the program.
09-30  7:04:01 am BST Network is UP. Just exit the program.
09-30  7:05:01 am BST Network is UP. Just exit the program.
09-30  7:06:01 am BST Network is UP. Just exit the program.
09-30  7:07:01 am BST Network is UP. Just exit the program.
09-30  7:08:01 am BST Network is UP. Just exit the program.
09-30  7:09:02 am BST Network is UP. Just exit the program.
09-30  7:10:01 am BST Network is UP. Just exit the program.
09-30  7:11:01 am BST Network is UP. Just exit the program.
09-30  7:12:01 am BST Network is UP. Just exit the program.
09-30  7:13:01 am BST Network is UP. Just exit the program.
09-30  7:14:01 am BST Network is UP. Just exit the program.
09-30  7:15:01 am BST Network is UP. Just exit the program.
09-30  7:16:01 am BST Network is UP. Just exit the program.
09-30  7:17:01 am BST Network is UP. Just exit the program.
09-30  7:18:01 am BST Network is UP. Just exit the program.
09-30  7:19:01 am BST Network is UP. Just exit the program.
09-30  7:20:02 am BST Network is UP. Just exit the program.
09-30  7:21:01 am BST Network is UP. Just exit the program.
09-30  7:22:01 am BST Network is UP. Just exit the program.
09-30  7:23:01 am BST Network is UP. Just exit the program.
09-30  7:24:01 am BST Network is UP. Just exit the program.
09-30  7:25:01 am BST Network is UP. Just exit the program.
09-30  7:26:01 am BST Network is UP. Just exit the program.
09-30  7:27:01 am BST Network is UP. Just exit the program.
09-30  7:28:01 am BST Network is UP. Just exit the program.
09-30  7:29:01 am BST Network is UP. Just exit the program.
09-30  7:30:01 am BST Network is UP. Just exit the program.
09-30  7:31:01 am BST Network is UP. Just exit the program.
09-30  7:32:01 am BST Network is UP. Just exit the program.
09-30  7:33:01 am BST Network is UP. Just exit the program.
09-30  7:34:01 am BST Network is UP. Just exit the program.
09-30  7:35:01 am BST Network is UP. Just exit the program.
09-30  7:36:01 am BST Network is UP. Just exit the program.
09-30  7:37:01 am BST Network is UP. Just exit the program.
09-30  7:38:01 am BST Network is UP. Just exit the program.
09-30  7:39:01 am BST Network is UP. Just exit the program.
09-30  7:40:01 am BST Network is UP. Just exit the program.
09-30  7:41:01 am BST Network is UP. Just exit the program.
09-30  7:42:01 am BST Network is UP. Just exit the program.
09-30  7:43:01 am BST Network is UP. Just exit the program.
09-30  7:44:01 am BST Network is UP. Just exit the program.
09-30  7:45:01 am BST Network is UP. Just exit the program.
09-30  7:46:01 am BST Network is UP. Just exit the program.
09-30  7:47:01 am BST Network is UP. Just exit the program.
09-30  7:48:01 am BST Network is UP. Just exit the program.
09-30  7:49:01 am BST Network is UP. Just exit the program.
09-30  7:50:01 am BST Network is UP. Just exit the program.
09-30  7:51:01 am BST Network is UP. Just exit the program.
09-30  7:52:01 am BST Network is UP. Just exit the program.
09-30  7:53:01 am BST Network is UP. Just exit the program.
09-30  7:54:01 am BST Network is UP. Just exit the program.
09-30  7:55:02 am BST Network is UP. Just exit the program.
09-30  7:56:01 am BST Network is UP. Just exit the program.
09-30  7:57:01 am BST Network is UP. Just exit the program.
09-30  7:58:01 am BST Network is UP. Just exit the program.
09-30  7:59:01 am BST Network is UP. Just exit the program.
09-30  8:00:01 am BST Network is UP. Just exit the program.
09-30  8:01:01 am BST Network is UP. Just exit the program.
09-30  8:02:01 am BST Network is UP. Just exit the program.
09-30  8:03:01 am BST Network is UP. Just exit the program.
09-30  8:04:01 am BST Network is UP. Just exit the program.
09-30  8:05:01 am BST Network is UP. Just exit the program.
09-30  8:06:02 am BST Network is UP. Just exit the program.
09-30  8:07:01 am BST Network is UP. Just exit the program.
09-30  8:08:01 am BST Network is UP. Just exit the program.
09-30  8:09:01 am BST Network is UP. Just exit the program.
09-30  8:10:01 am BST Network is UP. Just exit the program.
09-30  8:11:01 am BST Network is UP. Just exit the program.
09-30  8:12:01 am BST Network is UP. Just exit the program.
09-30  8:13:01 am BST Network is UP. Just exit the program.
09-30  8:14:01 am BST Network is UP. Just exit the program.
09-30  8:15:01 am BST Network is UP. Just exit the program.
09-30  8:16:01 am BST Network is UP. Just exit the program.
09-30  8:17:01 am BST Network is UP. Just exit the program.
09-30  8:18:01 am BST Network is UP. Just exit the program.
09-30  8:19:01 am BST Network is UP. Just exit the program.
09-30  8:20:01 am BST Network is UP. Just exit the program.
09-30  8:21:01 am BST Network is UP. Just exit the program.
09-30  8:22:01 am BST Network is UP. Just exit the program.
09-30  8:23:01 am BST Network is UP. Just exit the program.
09-30  8:24:01 am BST Network is UP. Just exit the program.
09-30  8:25:01 am BST Network is UP. Just exit the program.
09-30  8:26:01 am BST Network is UP. Just exit the program.
09-30  8:27:01 am BST Network is UP. Just exit the program.
09-30  8:28:01 am BST Network is UP. Just exit the program.
09-30  8:29:02 am BST Network is UP. Just exit the program.
09-30  8:30:01 am BST Network is UP. Just exit the program.
09-30  8:31:01 am BST Network is UP. Just exit the program.
09-30  8:32:01 am BST Network is UP. Just exit the program.
09-30  8:33:01 am BST Network is UP. Just exit the program.
09-30  8:34:01 am BST Network is UP. Just exit the program.
09-30  8:35:01 am BST Network is UP. Just exit the program.
09-30  8:36:01 am BST Network is UP. Just exit the program.
09-30  8:37:01 am BST Network is UP. Just exit the program.
09-30  8:38:01 am BST Network is UP. Just exit the program.
09-30  8:39:01 am BST Network is UP. Just exit the program.
09-30  8:40:01 am BST Network is UP. Just exit the program.
09-30  8:41:01 am BST Network is UP. Just exit the program.
09-30  8:42:01 am BST Network is UP. Just exit the program.
09-30  8:43:01 am BST Network is UP. Just exit the program.
09-30  8:44:01 am BST Network is UP. Just exit the program.
09-30  8:45:01 am BST Network is UP. Just exit the program.
09-30  8:46:01 am BST Network is UP. Just exit the program.
09-30  8:47:01 am BST Network is UP. Just exit the program.
09-30  8:48:01 am BST Network is UP. Just exit the program.
09-30  8:49:01 am BST Network is UP. Just exit the program.
09-30  8:50:01 am BST Network is UP. Just exit the program.
09-30  8:51:01 am BST Network is UP. Just exit the program.
09-30  8:52:01 am BST Network is UP. Just exit the program.
09-30  8:53:01 am BST Network is UP. Just exit the program.
09-30  8:54:01 am BST Network is UP. Just exit the program.
09-30  8:55:01 am BST Network is UP. Just exit the program.
09-30  8:56:01 am BST Network is UP. Just exit the program.
09-30  8:57:01 am BST Network is UP. Just exit the program.
09-30  8:58:01 am BST Network is UP. Just exit the program.
09-30  8:59:01 am BST Network is UP. Just exit the program.
09-30  9:00:01 am BST Network is UP. Just exit the program.
09-30  9:01:01 am BST Network is UP. Just exit the program.
09-30  9:02:02 am BST Network is UP. Just exit the program.
09-30  9:03:01 am BST Network is UP. Just exit the program.
09-30  9:04:01 am BST Network is UP. Just exit the program.
09-30  9:05:01 am BST Network is UP. Just exit the program.
09-30  9:06:01 am BST Network is UP. Just exit the program.
09-30  9:07:01 am BST Network is UP. Just exit the program.
09-30  9:08:01 am BST Network is UP. Just exit the program.
09-30  9:09:01 am BST Network is UP. Just exit the program.
09-30  9:10:01 am BST Network is UP. Just exit the program.
09-30  9:11:01 am BST Network is UP. Just exit the program.
09-30  9:12:01 am BST Network is UP. Just exit the program.
09-30  9:13:01 am BST Network is UP. Just exit the program.
09-30  9:14:01 am BST Network is UP. Just exit the program.
09-30  9:15:01 am BST Network is UP. Just exit the program.
09-30  9:16:01 am BST Network is UP. Just exit the program.
09-30  9:17:01 am BST Network is UP. Just exit the program.
09-30  9:18:01 am BST Network is UP. Just exit the program.
09-30  9:19:01 am BST Network is UP. Just exit the program.
09-30  9:20:01 am BST Network is UP. Just exit the program.
09-30  9:21:01 am BST Network is UP. Just exit the program.
09-30  9:22:01 am BST Network is UP. Just exit the program.
09-30  9:23:01 am BST Network is UP. Just exit the program.
09-30  9:24:01 am BST Network is UP. Just exit the program.
09-30  9:25:02 am BST Network is UP. Just exit the program.
09-30  9:26:01 am BST Network is UP. Just exit the program.
09-30  9:27:01 am BST Network is UP. Just exit the program.
09-30  9:28:01 am BST Network is UP. Just exit the program.
09-30  9:29:01 am BST Network is UP. Just exit the program.
09-30  9:30:01 am BST Network is UP. Just exit the program.
09-30  9:31:01 am BST Network is UP. Just exit the program.
09-30  9:32:01 am BST Network is UP. Just exit the program.
09-30  9:33:01 am BST Network is UP. Just exit the program.
09-30  9:34:01 am BST Network is UP. Just exit the program.
09-30  9:35:01 am BST Network is UP. Just exit the program.
09-30  9:36:02 am BST Network is UP. Just exit the program.
09-30  9:37:01 am BST Network is UP. Just exit the program.
09-30  9:38:01 am BST Network is UP. Just exit the program.
09-30  9:39:01 am BST Network is UP. Just exit the program.
09-30  9:40:01 am BST Network is UP. Just exit the program.
09-30  9:41:01 am BST Network is UP. Just exit the program.
09-30  9:42:01 am BST Network is UP. Just exit the program.
09-30  9:43:01 am BST Network is UP. Just exit the program.
09-30  9:44:01 am BST Network is UP. Just exit the program.
09-30  9:45:01 am BST Network is UP. Just exit the program.
09-30  9:46:01 am BST Network is UP. Just exit the program.
09-30  9:47:02 am BST Network is UP. Just exit the program.
09-30  9:48:01 am BST Network is UP. Just exit the program.
09-30  9:49:01 am BST Network is UP. Just exit the program.
09-30  9:50:01 am BST Network is UP. Just exit the program.
09-30  9:51:01 am BST Network is UP. Just exit the program.
09-30  9:52:01 am BST Network is UP. Just exit the program.
09-30  9:53:01 am BST Network is UP. Just exit the program.
09-30  9:54:01 am BST Network is UP. Just exit the program.
09-30  9:55:01 am BST Network is UP. Just exit the program.
09-30  9:56:01 am BST Network is UP. Just exit the program.
09-30  9:57:01 am BST Network is UP. Just exit the program.
09-30  9:58:01 am BST Network is UP. Just exit the program.
09-30  9:59:01 am BST Network is UP. Just exit the program.
09-30 10:00:01 am BST Network is UP. Just exit the program.
09-30 10:01:01 am BST Network is UP. Just exit the program.
09-30 10:02:01 am BST Network is UP. Just exit the program.
09-30 10:03:01 am BST Network is UP. Just exit the program.
09-30 10:04:01 am BST Network is UP. Just exit the program.
09-30 10:05:01 am BST Network is UP. Just exit the program.
09-30 10:06:01 am BST Network is UP. Just exit the program.
09-30 10:07:01 am BST Network is UP. Just exit the program.
09-30 10:08:01 am BST Network is UP. Just exit the program.
09-30 10:09:01 am BST Network is UP. Just exit the program.
09-30 10:10:01 am BST Network is UP. Just exit the program.
09-30 10:11:01 am BST Network is UP. Just exit the program.
09-30 10:12:01 am BST Network is UP. Just exit the program.
09-30 10:13:01 am BST Network is UP. Just exit the program.
09-30 10:14:01 am BST Network is UP. Just exit the program.
09-30 10:15:01 am BST Network is UP. Just exit the program.
09-30 10:16:01 am BST Network is UP. Just exit the program.
09-30 10:17:01 am BST Network is UP. Just exit the program.
09-30 10:18:01 am BST Network is UP. Just exit the program.
09-30 10:19:01 am BST Network is UP. Just exit the program.
09-30 10:20:02 am BST Network is UP. Just exit the program.
09-30 10:21:01 am BST Network is UP. Just exit the program.
09-30 10:22:01 am BST Network is UP. Just exit the program.
09-30 10:23:01 am BST Network is UP. Just exit the program.
09-30 10:24:01 am BST Network is UP. Just exit the program.
09-30 10:25:01 am BST Network is UP. Just exit the program.
09-30 10:26:01 am BST Network is UP. Just exit the program.
09-30 10:27:01 am BST Network is UP. Just exit the program.
09-30 10:28:01 am BST Network is UP. Just exit the program.
09-30 10:29:01 am BST Network is UP. Just exit the program.
09-30 10:30:01 am BST Network is UP. Just exit the program.
09-30 10:31:02 am BST Network is UP. Just exit the program.
09-30 10:32:01 am BST Network is UP. Just exit the program.
09-30 10:33:01 am BST Network is UP. Just exit the program.
09-30 10:34:01 am BST Network is UP. Just exit the program.
09-30 10:35:01 am BST Network is UP. Just exit the program.
09-30 10:36:01 am BST Network is UP. Just exit the program.
09-30 10:37:01 am BST Network is UP. Just exit the program.
09-30 10:38:01 am BST Network is UP. Just exit the program.
09-30 10:39:01 am BST Network is UP. Just exit the program.
09-30 10:40:01 am BST Network is UP. Just exit the program.
09-30 10:41:01 am BST Network is UP. Just exit the program.
09-30 10:42:01 am BST Network is UP. Just exit the program.
09-30 10:43:01 am BST Network is UP. Just exit the program.
09-30 10:44:01 am BST Network is UP. Just exit the program.
09-30 10:45:01 am BST Network is UP. Just exit the program.
09-30 10:46:01 am BST Network is UP. Just exit the program.
09-30 10:47:01 am BST Network is UP. Just exit the program.
09-30 10:48:01 am BST Network is UP. Just exit the program.
09-30 10:49:01 am BST Network is UP. Just exit the program.
09-30 10:50:01 am BST Network is UP. Just exit the program.
09-30 10:51:01 am BST Network is UP. Just exit the program.
09-30 10:52:01 am BST Network is UP. Just exit the program.
09-30 10:53:01 am BST Network is UP. Just exit the program.
09-30 10:54:01 am BST Network is UP. Just exit the program.
09-30 10:55:01 am BST Network is UP. Just exit the program.
09-30 10:56:01 am BST Network is UP. Just exit the program.
09-30 10:57:01 am BST Network is UP. Just exit the program.
09-30 10:58:01 am BST Network is UP. Just exit the program.
09-30 10:59:01 am BST Network is UP. Just exit the program.
09-30 11:00:01 am BST Network is UP. Just exit the program.
09-30 11:01:01 am BST Network is UP. Just exit the program.
09-30 11:02:01 am BST Network is UP. Just exit the program.
09-30 11:03:01 am BST Network is UP. Just exit the program.
09-30 11:04:02 am BST Network is UP. Just exit the program.
09-30 11:05:01 am BST Network is UP. Just exit the program.
09-30 11:06:01 am BST Network is UP. Just exit the program.
09-30 11:07:01 am BST Network is UP. Just exit the program.
09-30 11:08:01 am BST Network is UP. Just exit the program.
09-30 11:09:01 am BST Network is UP. Just exit the program.
09-30 11:10:01 am BST Network is UP. Just exit the program.
09-30 11:11:01 am BST Network is UP. Just exit the program.
09-30 11:12:01 am BST Network is UP. Just exit the program.
09-30 11:13:01 am BST Network is UP. Just exit the program.
09-30 11:14:01 am BST Network is UP. Just exit the program.
09-30 11:15:01 am BST Network is UP. Just exit the program.
09-30 11:16:01 am BST Network is UP. Just exit the program.
09-30 11:17:01 am BST Network is UP. Just exit the program.
09-30 11:18:01 am BST Network is UP. Just exit the program.
09-30 11:19:01 am BST Network is UP. Just exit the program.
09-30 11:20:01 am BST Network is UP. Just exit the program.
09-30 11:21:01 am BST Network is UP. Just exit the program.
09-30 11:22:01 am BST Network is UP. Just exit the program.
09-30 11:23:01 am BST Network is UP. Just exit the program.
09-30 11:24:01 am BST Network is UP. Just exit the program.
09-30 11:25:01 am BST Network is UP. Just exit the program.
09-30 11:26:02 am BST Network is UP. Just exit the program.
09-30 11:27:01 am BST Network is UP. Just exit the program.
09-30 11:28:01 am BST Network is UP. Just exit the program.
09-30 11:29:01 am BST Network is UP. Just exit the program.
09-30 11:30:01 am BST Network is UP. Just exit the program.
09-30 11:31:01 am BST Network is UP. Just exit the program.
09-30 11:32:01 am BST Network is UP. Just exit the program.
09-30 11:33:01 am BST Network is UP. Just exit the program.
09-30 11:34:01 am BST Network is UP. Just exit the program.
09-30 11:35:01 am BST Network is UP. Just exit the program.
09-30 11:36:01 am BST Network is UP. Just exit the program.
09-30 11:37:01 am BST Network is UP. Just exit the program.
09-30 11:38:02 am BST Network is UP. Just exit the program.
09-30 11:39:01 am BST Network is UP. Just exit the program.
09-30 11:40:01 am BST Network is UP. Just exit the program.
09-30 11:41:01 am BST Network is UP. Just exit the program.
09-30 11:42:01 am BST Network is UP. Just exit the program.
09-30 11:43:01 am BST Network is UP. Just exit the program.
09-30 11:44:01 am BST Network is UP. Just exit the program.
09-30 11:45:01 am BST Network is UP. Just exit the program.
09-30 11:46:01 am BST Network is UP. Just exit the program.
09-30 11:47:01 am BST Network is UP. Just exit the program.
09-30 11:48:01 am BST Network is UP. Just exit the program.
09-30 11:49:01 am BST Network is UP. Just exit the program.
09-30 11:50:01 am BST Network is UP. Just exit the program.
09-30 11:51:01 am BST Network is UP. Just exit the program.
09-30 11:52:01 am BST Network is UP. Just exit the program.
09-30 11:53:01 am BST Network is UP. Just exit the program.
09-30 11:54:01 am BST Network is UP. Just exit the program.
09-30 11:55:01 am BST Network is UP. Just exit the program.
09-30 11:56:01 am BST Network is UP. Just exit the program.
09-30 11:57:01 am BST Network is UP. Just exit the program.
09-30 11:58:01 am BST Network is UP. Just exit the program.
09-30 11:59:01 am BST Network is UP. Just exit the program.
09-30 12:00:01 pm BST Network is UP. Just exit the program.
09-30 12:01:01 pm BST Network is UP. Just exit the program.
09-30 12:02:01 pm BST Network is UP. Just exit the program.
09-30 12:03:01 pm BST Network is UP. Just exit the program.
09-30 12:04:01 pm BST Network is UP. Just exit the program.
09-30 12:05:01 pm BST Network is UP. Just exit the program.
09-30 12:06:01 pm BST Network is UP. Just exit the program.
09-30 12:07:01 pm BST Network is UP. Just exit the program.
09-30 12:08:01 pm BST Network is UP. Just exit the program.
09-30 12:09:01 pm BST Network is UP. Just exit the program.
09-30 12:10:01 pm BST Network is UP. Just exit the program.
09-30 12:11:01 pm BST Network is UP. Just exit the program.
09-30 12:12:01 pm BST Network is UP. Just exit the program.
09-30 12:13:01 pm BST Network is UP. Just exit the program.
09-30 12:14:01 pm BST Network is UP. Just exit the program.
09-30 12:15:01 pm BST Network is UP. Just exit the program.
09-30 12:16:01 pm BST Network is UP. Just exit the program.
09-30 12:17:01 pm BST Network is UP. Just exit the program.
09-30 12:18:01 pm BST Network is UP. Just exit the program.
09-30 12:19:01 pm BST Network is UP. Just exit the program.
09-30 12:20:01 pm BST Network is UP. Just exit the program.
09-30 12:21:02 pm BST Network is UP. Just exit the program.
09-30 12:22:01 pm BST Network is UP. Just exit the program.
09-30 12:23:01 pm BST Network is UP. Just exit the program.
09-30 12:24:01 pm BST Network is UP. Just exit the program.
09-30 12:25:01 pm BST Network is UP. Just exit the program.
09-30 12:26:01 pm BST Network is UP. Just exit the program.
09-30 12:27:01 pm BST Network is UP. Just exit the program.
09-30 12:28:01 pm BST Network is UP. Just exit the program.
09-30 12:29:01 pm BST Network is UP. Just exit the program.
09-30 12:30:01 pm BST Network is UP. Just exit the program.
09-30 12:31:01 pm BST Network is UP. Just exit the program.
09-30 12:32:02 pm BST Network is UP. Just exit the program.
09-30 12:33:01 pm BST Network is UP. Just exit the program.
09-30 12:34:01 pm BST Network is UP. Just exit the program.
09-30 12:35:01 pm BST Network is UP. Just exit the program.
09-30 12:36:01 pm BST Network is UP. Just exit the program.
09-30 12:37:01 pm BST Network is UP. Just exit the program.
09-30 12:38:01 pm BST Network is UP. Just exit the program.
09-30 12:39:01 pm BST Network is UP. Just exit the program.
09-30 12:40:01 pm BST Network is UP. Just exit the program.
09-30 12:41:01 pm BST Network is UP. Just exit the program.
09-30 12:42:01 pm BST Network is UP. Just exit the program.
09-30 12:43:01 pm BST Network is UP. Just exit the program.
09-30 12:44:01 pm BST Network is UP. Just exit the program.
09-30 12:45:01 pm BST Network is UP. Just exit the program.
09-30 12:46:01 pm BST Network is UP. Just exit the program.
09-30 12:47:01 pm BST Network is UP. Just exit the program.
09-30 12:48:01 pm BST Network is UP. Just exit the program.
09-30 12:49:01 pm BST Network is UP. Just exit the program.
09-30 12:50:01 pm BST Network is UP. Just exit the program.
09-30 12:51:01 pm BST Network is UP. Just exit the program.
09-30 12:52:01 pm BST Network is UP. Just exit the program.
09-30 12:53:01 pm BST Network is UP. Just exit the program.
09-30 12:54:02 pm BST Network is UP. Just exit the program.
09-30 12:55:01 pm BST Network is UP. Just exit the program.
09-30 12:56:01 pm BST Network is UP. Just exit the program.
09-30 12:57:01 pm BST Network is UP. Just exit the program.
09-30 12:58:01 pm BST Network is UP. Just exit the program.
09-30 12:59:01 pm BST Network is UP. Just exit the program.
09-30  1:00:01 pm BST Network is UP. Just exit the program.
09-30  1:01:01 pm BST Network is UP. Just exit the program.
09-30  1:02:01 pm BST Network is UP. Just exit the program.
09-30  1:03:02 pm BST Network is UP. Just exit the program.
09-30  1:04:01 pm BST Network is UP. Just exit the program.
09-30  1:05:01 pm BST Network is UP. Just exit the program.
09-30  1:06:01 pm BST Network is UP. Just exit the program.
09-30  1:07:01 pm BST Network is UP. Just exit the program.
09-30  1:08:01 pm BST Network is UP. Just exit the program.
09-30  1:09:01 pm BST Network is UP. Just exit the program.
09-30  1:10:01 pm BST Network is UP. Just exit the program.
09-30  1:11:01 pm BST Network is UP. Just exit the program.
09-30  1:12:01 pm BST Network is UP. Just exit the program.
09-30  1:13:01 pm BST Network is UP. Just exit the program.
09-30  1:14:01 pm BST Network is UP. Just exit the program.
09-30  1:15:01 pm BST Network is UP. Just exit the program.
09-30  1:16:01 pm BST Network is UP. Just exit the program.
09-30  1:17:01 pm BST Network is UP. Just exit the program.
09-30  1:18:01 pm BST Network is UP. Just exit the program.
09-30  1:19:01 pm BST Network is UP. Just exit the program.
09-30  1:20:01 pm BST Network is UP. Just exit the program.
09-30  1:21:01 pm BST Network is UP. Just exit the program.
09-30  1:22:01 pm BST Network is UP. Just exit the program.
09-30  1:23:02 pm BST Network is UP. Just exit the program.
09-30  1:24:01 pm BST Network is UP. Just exit the program.
09-30  1:25:01 pm BST Network is UP. Just exit the program.
09-30  1:26:01 pm BST Network is UP. Just exit the program.
09-30  1:27:01 pm BST Network is UP. Just exit the program.
09-30  1:28:01 pm BST Network is UP. Just exit the program.
09-30  1:29:01 pm BST Network is UP. Just exit the program.
09-30  1:30:01 pm BST Network is UP. Just exit the program.
09-30  1:31:01 pm BST Network is UP. Just exit the program.
09-30  1:32:01 pm BST Network is UP. Just exit the program.
09-30  1:33:01 pm BST Network is UP. Just exit the program.
09-30  1:34:01 pm BST Network is UP. Just exit the program.
09-30  1:35:01 pm BST Network is UP. Just exit the program.
09-30  1:36:01 pm BST Network is UP. Just exit the program.
09-30  1:37:01 pm BST Network is UP. Just exit the program.
09-30  1:38:01 pm BST Network is UP. Just exit the program.
09-30  1:39:01 pm BST Network is UP. Just exit the program.
09-30  1:40:01 pm BST Network is UP. Just exit the program.
09-30  1:41:01 pm BST Network is UP. Just exit the program.
09-30  1:42:01 pm BST Network is UP. Just exit the program.
09-30  1:43:02 pm BST Network is UP. Just exit the program.
09-30  1:44:01 pm BST Network is UP. Just exit the program.
09-30  1:45:01 pm BST Network is UP. Just exit the program.
09-30  1:46:01 pm BST Network is UP. Just exit the program.
09-30  1:47:01 pm BST Network is UP. Just exit the program.
09-30  1:48:01 pm BST Network is UP. Just exit the program.
09-30  1:49:01 pm BST Network is UP. Just exit the program.
09-30  1:50:01 pm BST Network is UP. Just exit the program.
09-30  1:51:01 pm BST Network is UP. Just exit the program.
09-30  1:52:01 pm BST Network is UP. Just exit the program.
09-30  1:53:02 pm BST Network is UP. Just exit the program.
09-30  1:54:01 pm BST Network is UP. Just exit the program.
09-30  1:55:01 pm BST Network is UP. Just exit the program.
09-30  1:56:01 pm BST Network is UP. Just exit the program.
09-30  1:57:01 pm BST Network is UP. Just exit the program.
09-30  1:58:01 pm BST Network is UP. Just exit the program.
09-30  1:59:01 pm BST Network is UP. Just exit the program.
09-30  2:00:01 pm BST Network is UP. Just exit the program.
09-30  2:01:01 pm BST Network is UP. Just exit the program.
09-30  2:02:01 pm BST Network is UP. Just exit the program.
09-30  2:03:01 pm BST Network is UP. Just exit the program.
09-30  2:04:01 pm BST Network is UP. Just exit the program.
09-30  2:05:01 pm BST Network is UP. Just exit the program.
09-30  2:06:01 pm BST Network is UP. Just exit the program.
09-30  2:07:01 pm BST Network is UP. Just exit the program.
09-30  2:08:01 pm BST Network is UP. Just exit the program.
09-30  2:09:01 pm BST Network is UP. Just exit the program.
09-30  2:10:01 pm BST Network is UP. Just exit the program.
09-30  2:11:01 pm BST Network is UP. Just exit the program.
09-30  2:12:01 pm BST Network is UP. Just exit the program.
09-30  2:13:01 pm BST Network is UP. Just exit the program.
09-30  2:14:01 pm BST Network is UP. Just exit the program.
09-30  2:15:01 pm BST Network is UP. Just exit the program.
09-30  2:16:01 pm BST Network is UP. Just exit the program.
09-30  2:17:01 pm BST Network is UP. Just exit the program.
09-30  2:18:01 pm BST Network is UP. Just exit the program.
09-30  2:19:01 pm BST Network is UP. Just exit the program.
09-30  2:20:01 pm BST Network is UP. Just exit the program.
09-30  2:21:01 pm BST Network is UP. Just exit the program.
09-30  2:22:01 pm BST Network is UP. Just exit the program.
09-30  2:23:01 pm BST Network is UP. Just exit the program.
09-30  2:24:01 pm BST Network is UP. Just exit the program.
09-30  2:25:01 pm BST Network is UP. Just exit the program.
09-30  2:26:01 pm BST Network is UP. Just exit the program.
09-30  2:27:01 pm BST Network is UP. Just exit the program.
09-30  2:28:01 pm BST Network is UP. Just exit the program.
09-30  2:29:01 pm BST Network is UP. Just exit the program.
09-30  2:30:01 pm BST Network is UP. Just exit the program.
09-30  2:31:01 pm BST Network is UP. Just exit the program.
09-30  2:32:01 pm BST Network is UP. Just exit the program.
09-30  2:33:01 pm BST Network is UP. Just exit the program.
09-30  2:34:01 pm BST Network is UP. Just exit the program.
09-30  2:35:01 pm BST Network is UP. Just exit the program.
09-30  2:36:02 pm BST Network is UP. Just exit the program.
09-30  2:37:01 pm BST Network is UP. Just exit the program.
09-30  2:38:01 pm BST Network is UP. Just exit the program.
09-30  2:39:01 pm BST Network is UP. Just exit the program.
09-30  2:40:01 pm BST Network is UP. Just exit the program.
09-30  2:41:01 pm BST Network is UP. Just exit the program.
09-30  2:42:01 pm BST Network is UP. Just exit the program.
09-30  2:43:01 pm BST Network is UP. Just exit the program.
09-30  2:44:01 pm BST Network is UP. Just exit the program.
09-30  2:45:01 pm BST Network is UP. Just exit the program.
09-30  2:46:01 pm BST Network is UP. Just exit the program.
09-30  2:47:01 pm BST Network is UP. Just exit the program.
09-30  2:48:01 pm BST Network is UP. Just exit the program.
09-30  2:49:01 pm BST Network is UP. Just exit the program.
09-30  2:50:01 pm BST Network is UP. Just exit the program.
09-30  2:51:01 pm BST Network is UP. Just exit the program.
09-30  2:52:01 pm BST Network is UP. Just exit the program.
09-30  2:53:01 pm BST Network is UP. Just exit the program.
09-30  2:54:01 pm BST Network is UP. Just exit the program.
09-30  2:55:01 pm BST Network is UP. Just exit the program.
09-30  2:56:01 pm BST Network is UP. Just exit the program.
09-30  2:57:01 pm BST Network is UP. Just exit the program.
09-30  2:58:01 pm BST Network is UP. Just exit the program.
09-30  2:59:01 pm BST Network is UP. Just exit the program.
09-30  3:00:01 pm BST Network is UP. Just exit the program.
09-30  3:01:01 pm BST Network is UP. Just exit the program.
09-30  3:02:01 pm BST Network is UP. Just exit the program.
09-30  3:03:01 pm BST Network is UP. Just exit the program.
09-30  3:04:01 pm BST Network is UP. Just exit the program.
09-30  3:05:01 pm BST Network is UP. Just exit the program.
09-30  3:06:01 pm BST Network is UP. Just exit the program.
09-30  3:07:01 pm BST Network is UP. Just exit the program.
09-30  3:08:01 pm BST Network is UP. Just exit the program.
09-30  3:09:01 pm BST Network is UP. Just exit the program.
09-30  3:10:01 pm BST Network is UP. Just exit the program.
09-30  3:11:01 pm BST Network is UP. Just exit the program.
09-30  3:12:01 pm BST Network is UP. Just exit the program.
09-30  3:13:01 pm BST Network is UP. Just exit the program.
09-30  3:14:01 pm BST Network is UP. Just exit the program.
09-30  3:15:01 pm BST Network is UP. Just exit the program.
09-30  3:16:01 pm BST Network is UP. Just exit the program.
09-30  3:17:01 pm BST Network is UP. Just exit the program.
09-30  3:18:01 pm BST Network is UP. Just exit the program.
09-30  3:19:01 pm BST Network is UP. Just exit the program.
09-30  3:20:01 pm BST Network is UP. Just exit the program.
09-30  3:21:01 pm BST Network is UP. Just exit the program.
09-30  3:22:01 pm BST Network is UP. Just exit the program.
09-30  3:23:01 pm BST Network is UP. Just exit the program.
09-30  3:24:01 pm BST Network is UP. Just exit the program.
09-30  3:25:01 pm BST Network is UP. Just exit the program.
09-30  3:26:01 pm BST Network is UP. Just exit the program.
09-30  3:27:01 pm BST Network is UP. Just exit the program.
09-30  3:28:01 pm BST Network is UP. Just exit the program.
09-30  3:29:01 pm BST Network is UP. Just exit the program.
09-30  3:30:01 pm BST Network is UP. Just exit the program.
09-30  3:31:01 pm BST Network is UP. Just exit the program.
09-30  3:32:01 pm BST Network is UP. Just exit the program.
09-30  3:33:01 pm BST Network is UP. Just exit the program.
09-30  3:34:01 pm BST Network is UP. Just exit the program.
09-30  3:35:01 pm BST Network is UP. Just exit the program.
09-30  3:36:01 pm BST Network is UP. Just exit the program.
09-30  3:37:01 pm BST Network is UP. Just exit the program.
09-30  3:38:02 pm BST Network is UP. Just exit the program.
09-30  3:39:01 pm BST Network is UP. Just exit the program.
09-30  3:40:01 pm BST Network is UP. Just exit the program.
09-30  3:41:01 pm BST Network is UP. Just exit the program.
09-30  3:42:01 pm BST Network is UP. Just exit the program.
09-30  3:43:01 pm BST Network is UP. Just exit the program.
09-30  3:44:01 pm BST Network is UP. Just exit the program.
09-30  3:45:01 pm BST Network is UP. Just exit the program.
09-30  3:46:01 pm BST Network is UP. Just exit the program.
09-30  3:47:01 pm BST Network is UP. Just exit the program.
09-30  3:48:02 pm BST Network is UP. Just exit the program.
09-30  3:49:01 pm BST Network is UP. Just exit the program.
09-30  3:50:01 pm BST Network is UP. Just exit the program.
09-30  3:51:01 pm BST Network is UP. Just exit the program.
09-30  3:52:01 pm BST Network is UP. Just exit the program.
09-30  3:53:01 pm BST Network is UP. Just exit the program.
09-30  3:54:01 pm BST Network is UP. Just exit the program.
09-30  3:55:01 pm BST Network is UP. Just exit the program.
09-30  3:56:01 pm BST Network is UP. Just exit the program.
09-30  3:57:01 pm BST Network is UP. Just exit the program.
09-30  3:58:02 pm BST Network is UP. Just exit the program.
09-30  3:59:01 pm BST Network is UP. Just exit the program.
09-30  4:00:01 pm BST Network is UP. Just exit the program.
09-30  4:01:01 pm BST Network is UP. Just exit the program.
09-30  4:02:01 pm BST Network is UP. Just exit the program.
09-30  4:03:01 pm BST Network is UP. Just exit the program.
09-30  4:04:01 pm BST Network is UP. Just exit the program.
09-30  4:05:01 pm BST Network is UP. Just exit the program.
09-30  4:06:01 pm BST Network is UP. Just exit the program.
09-30  4:07:01 pm BST Network is UP. Just exit the program.
09-30  4:08:01 pm BST Network is UP. Just exit the program.
09-30  4:09:01 pm BST Network is UP. Just exit the program.
09-30  4:10:01 pm BST Network is UP. Just exit the program.
09-30  4:11:01 pm BST Network is UP. Just exit the program.
09-30  4:12:01 pm BST Network is UP. Just exit the program.
09-30  4:13:01 pm BST Network is UP. Just exit the program.
09-30  4:14:01 pm BST Network is UP. Just exit the program.
09-30  4:15:01 pm BST Network is UP. Just exit the program.
09-30  4:16:01 pm BST Network is UP. Just exit the program.
09-30  4:17:01 pm BST Network is UP. Just exit the program.
09-30  4:18:01 pm BST Network is UP. Just exit the program.
09-30  4:19:01 pm BST Network is UP. Just exit the program.
09-30  4:20:01 pm BST Network is UP. Just exit the program.
09-30  4:21:01 pm BST Network is UP. Just exit the program.
09-30  4:22:01 pm BST Network is UP. Just exit the program.
09-30  4:23:01 pm BST Network is UP. Just exit the program.
09-30  4:24:01 pm BST Network is UP. Just exit the program.
09-30  4:25:01 pm BST Network is UP. Just exit the program.
09-30  4:26:01 pm BST Network is UP. Just exit the program.
09-30  4:27:01 pm BST Network is UP. Just exit the program.
09-30  4:28:01 pm BST Network is UP. Just exit the program.
09-30  4:29:01 pm BST Network is UP. Just exit the program.
09-30  4:30:01 pm BST Network is UP. Just exit the program.
09-30  4:31:01 pm BST Network is UP. Just exit the program.
09-30  4:32:01 pm BST Network is UP. Just exit the program.
09-30  4:33:01 pm BST Network is UP. Just exit the program.
09-30  4:34:01 pm BST Network is UP. Just exit the program.
09-30  4:35:01 pm BST Network is UP. Just exit the program.
09-30  4:36:01 pm BST Network is UP. Just exit the program.
09-30  4:37:01 pm BST Network is UP. Just exit the program.
09-30  4:38:01 pm BST Network is UP. Just exit the program.
09-30  4:39:01 pm BST Network is UP. Just exit the program.
09-30  4:40:01 pm BST Network is UP. Just exit the program.
09-30  4:41:01 pm BST Network is UP. Just exit the program.
09-30  4:42:01 pm BST Network is UP. Just exit the program.
09-30  4:43:01 pm BST Network is UP. Just exit the program.
09-30  4:44:01 pm BST Network is UP. Just exit the program.
09-30  4:45:01 pm BST Network is UP. Just exit the program.
09-30  4:46:01 pm BST Network is UP. Just exit the program.
09-30  4:47:01 pm BST Network is UP. Just exit the program.
09-30  4:48:01 pm BST Network is UP. Just exit the program.
09-30  4:49:01 pm BST Network is UP. Just exit the program.
09-30  4:50:01 pm BST Network is UP. Just exit the program.
09-30  4:51:01 pm BST Network is UP. Just exit the program.
09-30  4:52:01 pm BST Network is UP. Just exit the program.
09-30  4:53:01 pm BST Network is UP. Just exit the program.
09-30  4:54:01 pm BST Network is UP. Just exit the program.
09-30  4:55:01 pm BST Network is UP. Just exit the program.
09-30  4:56:01 pm BST Network is UP. Just exit the program.
09-30  4:57:01 pm BST Network is UP. Just exit the program.
09-30  4:58:01 pm BST Network is UP. Just exit the program.
09-30  4:59:01 pm BST Network is UP. Just exit the program.
09-30  5:00:01 pm BST Network is UP. Just exit the program.
09-30  5:01:01 pm BST Network is UP. Just exit the program.
09-30  5:02:01 pm BST Network is UP. Just exit the program.
09-30  5:03:01 pm BST Network is UP. Just exit the program.
09-30  5:04:01 pm BST Network is UP. Just exit the program.
09-30  5:05:01 pm BST Network is UP. Just exit the program.
09-30  5:06:02 pm BST Network is UP. Just exit the program.
09-30  5:07:01 pm BST Network is UP. Just exit the program.
09-30  5:08:01 pm BST Network is UP. Just exit the program.
09-30  5:09:01 pm BST Network is UP. Just exit the program.
09-30  5:10:01 pm BST Network is UP. Just exit the program.
09-30  5:11:01 pm BST Network is UP. Just exit the program.
09-30  5:12:01 pm BST Network is UP. Just exit the program.
09-30  5:13:01 pm BST Network is UP. Just exit the program.
09-30  5:14:01 pm BST Network is UP. Just exit the program.
09-30  5:15:01 pm BST Network is UP. Just exit the program.
09-30  5:16:01 pm BST Network is UP. Just exit the program.
09-30  5:17:02 pm BST Network is UP. Just exit the program.
09-30  5:18:01 pm BST Network is UP. Just exit the program.
09-30  5:19:01 pm BST Network is UP. Just exit the program.
09-30  5:20:01 pm BST Network is UP. Just exit the program.
09-30  5:21:01 pm BST Network is UP. Just exit the program.
09-30  5:22:01 pm BST Network is UP. Just exit the program.
09-30  5:23:01 pm BST Network is UP. Just exit the program.
09-30  5:24:01 pm BST Network is UP. Just exit the program.
09-30  5:25:01 pm BST Network is UP. Just exit the program.
09-30  5:26:01 pm BST Network is UP. Just exit the program.
09-30  5:27:01 pm BST Network is UP. Just exit the program.
09-30  5:28:02 pm BST Network is UP. Just exit the program.
09-30  5:29:01 pm BST Network is UP. Just exit the program.
09-30  5:30:01 pm BST Network is UP. Just exit the program.
09-30  5:31:01 pm BST Network is UP. Just exit the program.
09-30  5:32:01 pm BST Network is UP. Just exit the program.
09-30  5:33:01 pm BST Network is UP. Just exit the program.
09-30  5:34:01 pm BST Network is UP. Just exit the program.
09-30  5:35:01 pm BST Network is UP. Just exit the program.
09-30  5:36:01 pm BST Network is UP. Just exit the program.
09-30  5:37:01 pm BST Network is UP. Just exit the program.
09-30  5:38:01 pm BST Network is UP. Just exit the program.
09-30  5:39:01 pm BST Network is UP. Just exit the program.
09-30  5:40:01 pm BST Network is UP. Just exit the program.
09-30  5:41:01 pm BST Network is UP. Just exit the program.
09-30  5:42:01 pm BST Network is UP. Just exit the program.
09-30  5:43:01 pm BST Network is UP. Just exit the program.
09-30  5:44:01 pm BST Network is UP. Just exit the program.
09-30  5:45:01 pm BST Network is UP. Just exit the program.
09-30  5:46:01 pm BST Network is UP. Just exit the program.
09-30  5:47:01 pm BST Network is UP. Just exit the program.
09-30  5:48:01 pm BST Network is UP. Just exit the program.
09-30  5:49:01 pm BST Network is UP. Just exit the program.
09-30  5:50:01 pm BST Network is UP. Just exit the program.
09-30  5:51:01 pm BST Network is UP. Just exit the program.
09-30  5:52:01 pm BST Network is UP. Just exit the program.
09-30  5:53:01 pm BST Network is UP. Just exit the program.
09-30  5:54:01 pm BST Network is UP. Just exit the program.
09-30  5:55:01 pm BST Network is UP. Just exit the program.
09-30  5:56:01 pm BST Network is UP. Just exit the program.
09-30  5:57:01 pm BST Network is UP. Just exit the program.
09-30  5:58:01 pm BST Network is UP. Just exit the program.
09-30  5:59:01 pm BST Network is UP. Just exit the program.
09-30  6:00:01 pm BST Network is UP. Just exit the program.
09-30  6:01:01 pm BST Network is UP. Just exit the program.
09-30  6:02:01 pm BST Network is UP. Just exit the program.
09-30  6:03:01 pm BST Network is UP. Just exit the program.
09-30  6:04:01 pm BST Network is UP. Just exit the program.
09-30  6:05:01 pm BST Network is UP. Just exit the program.
09-30  6:06:01 pm BST Network is UP. Just exit the program.
09-30  6:07:01 pm BST Network is UP. Just exit the program.
09-30  6:08:01 pm BST Network is UP. Just exit the program.
09-30  6:09:02 pm BST Network is UP. Just exit the program.
09-30  6:10:01 pm BST Network is UP. Just exit the program.
09-30  6:11:01 pm BST Network is UP. Just exit the program.
09-30  6:12:01 pm BST Network is UP. Just exit the program.
09-30  6:13:01 pm BST Network is UP. Just exit the program.
09-30  6:14:01 pm BST Network is UP. Just exit the program.
09-30  6:15:01 pm BST Network is UP. Just exit the program.
09-30  6:16:01 pm BST Network is UP. Just exit the program.
09-30  6:17:01 pm BST Network is UP. Just exit the program.
09-30  6:18:01 pm BST Network is UP. Just exit the program.
09-30  6:19:01 pm BST Network is UP. Just exit the program.
09-30  6:20:02 pm BST Network is UP. Just exit the program.
09-30  6:21:01 pm BST Network is UP. Just exit the program.
09-30  6:22:01 pm BST Network is UP. Just exit the program.
09-30  6:23:01 pm BST Network is UP. Just exit the program.
09-30  6:24:01 pm BST Network is UP. Just exit the program.
09-30  6:25:01 pm BST Network is UP. Just exit the program.
09-30  6:26:01 pm BST Network is UP. Just exit the program.
09-30  6:27:01 pm BST Network is UP. Just exit the program.
09-30  6:28:01 pm BST Network is UP. Just exit the program.
09-30  6:29:01 pm BST Network is UP. Just exit the program.
09-30  6:30:01 pm BST Network is UP. Just exit the program.
09-30  6:31:01 pm BST Network is UP. Just exit the program.
09-30  6:32:01 pm BST Network is UP. Just exit the program.
09-30  6:33:01 pm BST Network is UP. Just exit the program.
09-30  6:34:01 pm BST Network is UP. Just exit the program.
09-30  6:35:01 pm BST Network is UP. Just exit the program.
09-30  6:36:01 pm BST Network is UP. Just exit the program.
09-30  6:37:01 pm BST Network is UP. Just exit the program.
09-30  6:38:01 pm BST Network is UP. Just exit the program.
09-30  6:39:01 pm BST Network is UP. Just exit the program.
09-30  6:40:01 pm BST Network is UP. Just exit the program.
09-30  6:41:01 pm BST Network is UP. Just exit the program.
09-30  6:42:01 pm BST Network is UP. Just exit the program.
09-30  6:43:01 pm BST Network is UP. Just exit the program.
09-30  6:44:01 pm BST Network is UP. Just exit the program.
09-30  6:45:01 pm BST Network is UP. Just exit the program.
09-30  6:46:01 pm BST Network is UP. Just exit the program.
09-30  6:47:01 pm BST Network is UP. Just exit the program.
09-30  6:48:01 pm BST Network is UP. Just exit the program.
09-30  6:49:01 pm BST Network is UP. Just exit the program.
09-30  6:50:01 pm BST Network is UP. Just exit the program.
09-30  6:51:01 pm BST Network is UP. Just exit the program.
09-30  6:52:01 pm BST Network is UP. Just exit the program.
09-30  6:53:01 pm BST Network is UP. Just exit the program.
09-30  6:54:01 pm BST Network is UP. Just exit the program.
09-30  6:55:01 pm BST Network is UP. Just exit the program.
09-30  6:56:01 pm BST Network is UP. Just exit the program.
09-30  6:57:01 pm BST Network is UP. Just exit the program.
09-30  6:58:01 pm BST Network is UP. Just exit the program.
09-30  6:59:01 pm BST Network is UP. Just exit the program.
09-30  7:00:01 pm BST Network is UP. Just exit the program.
09-30  7:01:02 pm BST Network is UP. Just exit the program.
09-30  7:02:01 pm BST Network is UP. Just exit the program.
09-30  7:03:01 pm BST Network is UP. Just exit the program.
09-30  7:04:01 pm BST Network is UP. Just exit the program.
09-30  7:05:01 pm BST Network is UP. Just exit the program.
09-30  7:06:01 pm BST Network is UP. Just exit the program.
09-30  7:07:01 pm BST Network is UP. Just exit the program.
09-30  7:08:01 pm BST Network is UP. Just exit the program.
09-30  7:09:01 pm BST Network is UP. Just exit the program.
09-30  7:10:01 pm BST Network is UP. Just exit the program.
09-30  7:11:02 pm BST Network is UP. Just exit the program.
09-30  7:12:01 pm BST Network is UP. Just exit the program.
09-30  7:13:01 pm BST Network is UP. Just exit the program.
09-30  7:14:01 pm BST Network is UP. Just exit the program.
09-30  7:15:01 pm BST Network is UP. Just exit the program.
09-30  7:16:01 pm BST Network is UP. Just exit the program.
09-30  7:17:01 pm BST Network is UP. Just exit the program.
09-30  7:18:01 pm BST Network is UP. Just exit the program.
09-30  7:19:01 pm BST Network is UP. Just exit the program.
09-30  7:20:01 pm BST Network is UP. Just exit the program.
09-30  7:21:01 pm BST Network is UP. Just exit the program.
09-30  7:22:02 pm BST Network is UP. Just exit the program.
09-30  7:23:01 pm BST Network is UP. Just exit the program.
09-30  7:24:01 pm BST Network is UP. Just exit the program.
09-30  7:25:01 pm BST Network is UP. Just exit the program.
09-30  7:26:01 pm BST Network is UP. Just exit the program.
09-30  7:27:01 pm BST Network is UP. Just exit the program.
09-30  7:28:01 pm BST Network is UP. Just exit the program.
09-30  7:29:01 pm BST Network is UP. Just exit the program.
09-30  7:30:01 pm BST Network is UP. Just exit the program.
09-30  7:31:01 pm BST Network is UP. Just exit the program.
09-30  7:32:01 pm BST Network is UP. Just exit the program.
09-30  7:33:01 pm BST Network is UP. Just exit the program.
09-30  7:34:01 pm BST Network is UP. Just exit the program.
09-30  7:35:01 pm BST Network is UP. Just exit the program.
09-30  7:36:01 pm BST Network is UP. Just exit the program.
09-30  7:37:01 pm BST Network is UP. Just exit the program.
09-30  7:38:01 pm BST Network is UP. Just exit the program.
09-30  7:39:01 pm BST Network is UP. Just exit the program.
09-30  7:40:01 pm BST Network is UP. Just exit the program.
09-30  7:41:01 pm BST Network is UP. Just exit the program.
09-30  7:42:01 pm BST Network is UP. Just exit the program.
09-30  7:43:01 pm BST Network is UP. Just exit the program.
09-30  7:44:01 pm BST Network is UP. Just exit the program.
09-30  7:45:01 pm BST Network is UP. Just exit the program.
09-30  7:46:01 pm BST Network is UP. Just exit the program.
09-30  7:47:01 pm BST Network is UP. Just exit the program.
09-30  7:48:01 pm BST Network is UP. Just exit the program.
09-30  7:49:01 pm BST Network is UP. Just exit the program.
09-30  7:50:01 pm BST Network is UP. Just exit the program.
09-30  7:51:01 pm BST Network is UP. Just exit the program.
09-30  7:52:01 pm BST Network is UP. Just exit the program.
09-30  7:53:01 pm BST Network is UP. Just exit the program.
09-30  7:54:01 pm BST Network is UP. Just exit the program.
09-30  7:55:01 pm BST Network is UP. Just exit the program.
09-30  7:56:01 pm BST Network is UP. Just exit the program.
09-30  7:57:01 pm BST Network is UP. Just exit the program.
09-30  7:58:01 pm BST Network is UP. Just exit the program.
09-30  7:59:01 pm BST Network is UP. Just exit the program.
09-30  8:00:01 pm BST Network is UP. Just exit the program.
09-30  8:01:01 pm BST Network is UP. Just exit the program.
09-30  8:02:01 pm BST Network is UP. Just exit the program.
09-30  8:03:01 pm BST Network is UP. Just exit the program.
09-30  8:04:01 pm BST Network is UP. Just exit the program.
09-30  8:05:01 pm BST Network is UP. Just exit the program.
09-30  8:06:01 pm BST Network is UP. Just exit the program.
09-30  8:07:01 pm BST Network is UP. Just exit the program.
09-30  8:08:01 pm BST Network is UP. Just exit the program.
09-30  8:09:01 pm BST Network is UP. Just exit the program.
09-30  8:10:01 pm BST Network is UP. Just exit the program.
09-30  8:11:01 pm BST Network is UP. Just exit the program.
09-30  8:12:01 pm BST Network is UP. Just exit the program.
09-30  8:13:01 pm BST Network is UP. Just exit the program.
09-30  8:14:01 pm BST Network is UP. Just exit the program.
09-30  8:15:01 pm BST Network is UP. Just exit the program.
09-30  8:16:01 pm BST Network is UP. Just exit the program.
09-30  8:17:01 pm BST Network is UP. Just exit the program.
09-30  8:18:01 pm BST Network is UP. Just exit the program.
09-30  8:19:01 pm BST Network is UP. Just exit the program.
09-30  8:20:01 pm BST Network is UP. Just exit the program.
09-30  8:21:01 pm BST Network is UP. Just exit the program.
09-30  8:22:01 pm BST Network is UP. Just exit the program.
09-30  8:23:01 pm BST Network is UP. Just exit the program.
09-30  8:24:01 pm BST Network is UP. Just exit the program.
09-30  8:25:01 pm BST Network is UP. Just exit the program.
09-30  8:26:01 pm BST Network is UP. Just exit the program.
09-30  8:27:01 pm BST Network is UP. Just exit the program.
09-30  8:28:01 pm BST Network is UP. Just exit the program.
09-30  8:29:01 pm BST Network is UP. Just exit the program.
09-30  8:30:01 pm BST Network is UP. Just exit the program.
09-30  8:31:01 pm BST Network is UP. Just exit the program.
09-30  8:32:01 pm BST Network is UP. Just exit the program.
09-30  8:33:01 pm BST Network is UP. Just exit the program.
09-30  8:34:01 pm BST Network is UP. Just exit the program.
09-30  8:35:01 pm BST Network is UP. Just exit the program.
09-30  8:36:01 pm BST Network is UP. Just exit the program.
09-30  8:37:01 pm BST Network is UP. Just exit the program.
09-30  8:38:01 pm BST Network is UP. Just exit the program.
09-30  8:39:02 pm BST Network is UP. Just exit the program.
09-30  8:40:01 pm BST Network is UP. Just exit the program.
09-30  8:41:01 pm BST Network is UP. Just exit the program.
09-30  8:42:01 pm BST Network is UP. Just exit the program.
09-30  8:43:01 pm BST Network is UP. Just exit the program.
09-30  8:44:01 pm BST Network is UP. Just exit the program.
09-30  8:45:01 pm BST Network is UP. Just exit the program.
09-30  8:46:01 pm BST Network is UP. Just exit the program.
09-30  8:47:01 pm BST Network is UP. Just exit the program.
09-30  8:48:01 pm BST Network is UP. Just exit the program.
09-30  8:49:01 pm BST Network is UP. Just exit the program.
09-30  8:50:01 pm BST Network is UP. Just exit the program.
09-30  8:51:01 pm BST Network is UP. Just exit the program.
09-30  8:52:01 pm BST Network is UP. Just exit the program.
09-30  8:53:01 pm BST Network is UP. Just exit the program.
09-30  8:54:01 pm BST Network is UP. Just exit the program.
09-30  8:55:01 pm BST Network is UP. Just exit the program.
09-30  8:56:01 pm BST Network is UP. Just exit the program.
09-30  8:57:01 pm BST Network is UP. Just exit the program.
09-30  8:58:01 pm BST Network is UP. Just exit the program.
09-30  8:59:01 pm BST Network is UP. Just exit the program.
09-30  9:00:01 pm BST Network is UP. Just exit the program.
09-30  9:01:01 pm BST Network is UP. Just exit the program.
09-30  9:02:02 pm BST Network is UP. Just exit the program.
09-30  9:03:01 pm BST Network is UP. Just exit the program.
09-30  9:04:01 pm BST Network is UP. Just exit the program.
09-30  9:05:01 pm BST Network is UP. Just exit the program.
09-30  9:06:01 pm BST Network is UP. Just exit the program.
09-30  9:07:01 pm BST Network is UP. Just exit the program.
09-30  9:08:01 pm BST Network is UP. Just exit the program.
09-30  9:09:01 pm BST Network is UP. Just exit the program.
09-30  9:10:01 pm BST Network is UP. Just exit the program.
09-30  9:11:01 pm BST Network is UP. Just exit the program.
09-30  9:12:01 pm BST Network is UP. Just exit the program.
09-30  9:13:02 pm BST Network is UP. Just exit the program.
09-30  9:14:01 pm BST Network is UP. Just exit the program.
09-30  9:15:01 pm BST Network is UP. Just exit the program.
09-30  9:16:01 pm BST Network is UP. Just exit the program.
09-30  9:17:01 pm BST Network is UP. Just exit the program.
09-30  9:18:01 pm BST Network is UP. Just exit the program.
09-30  9:19:01 pm BST Network is UP. Just exit the program.
09-30  9:20:01 pm BST Network is UP. Just exit the program.
09-30  9:21:01 pm BST Network is UP. Just exit the program.
09-30  9:22:01 pm BST Network is UP. Just exit the program.
09-30  9:23:01 pm BST Network is UP. Just exit the program.
09-30  9:24:01 pm BST Network is UP. Just exit the program.
09-30  9:25:01 pm BST Network is UP. Just exit the program.
09-30  9:26:01 pm BST Network is UP. Just exit the program.
09-30  9:27:01 pm BST Network is UP. Just exit the program.
09-30  9:28:01 pm BST Network is UP. Just exit the program.
09-30  9:29:01 pm BST Network is UP. Just exit the program.
09-30  9:30:01 pm BST Network is UP. Just exit the program.
09-30  9:31:01 pm BST Network is UP. Just exit the program.
09-30  9:32:01 pm BST Network is UP. Just exit the program.
09-30  9:33:01 pm BST Network is UP. Just exit the program.
09-30  9:34:01 pm BST Network is UP. Just exit the program.
09-30  9:35:01 pm BST Network is UP. Just exit the program.
09-30  9:36:01 pm BST Network is UP. Just exit the program.
09-30  9:37:01 pm BST Network is UP. Just exit the program.
09-30  9:38:01 pm BST Network is UP. Just exit the program.
09-30  9:39:01 pm BST Network is UP. Just exit the program.
09-30  9:40:01 pm BST Network is UP. Just exit the program.
09-30  9:41:01 pm BST Network is UP. Just exit the program.
09-30  9:42:01 pm BST Network is UP. Just exit the program.
09-30  9:43:01 pm BST Network is UP. Just exit the program.
09-30  9:44:01 pm BST Network is UP. Just exit the program.
09-30  9:45:01 pm BST Network is UP. Just exit the program.
09-30  9:46:01 pm BST Network is UP. Just exit the program.
09-30  9:47:01 pm BST Network is UP. Just exit the program.
09-30  9:48:01 pm BST Network is UP. Just exit the program.
09-30  9:49:01 pm BST Network is UP. Just exit the program.
09-30  9:50:01 pm BST Network is UP. Just exit the program.
09-30  9:51:01 pm BST Network is UP. Just exit the program.
09-30  9:52:01 pm BST Network is UP. Just exit the program.
09-30  9:53:01 pm BST Network is UP. Just exit the program.
09-30  9:54:01 pm BST Network is UP. Just exit the program.
09-30  9:55:02 pm BST Network is UP. Just exit the program.
09-30  9:56:01 pm BST Network is UP. Just exit the program.
09-30  9:57:01 pm BST Network is UP. Just exit the program.
09-30  9:58:01 pm BST Network is UP. Just exit the program.
09-30  9:59:01 pm BST Network is UP. Just exit the program.
09-30 10:00:01 pm BST Network is UP. Just exit the program.
09-30 10:01:01 pm BST Network is UP. Just exit the program.
09-30 10:02:01 pm BST Network is UP. Just exit the program.
09-30 10:03:01 pm BST Network is UP. Just exit the program.
09-30 10:04:01 pm BST Network is UP. Just exit the program.
09-30 10:05:01 pm BST Network is UP. Just exit the program.
09-30 10:06:02 pm BST Network is UP. Just exit the program.
09-30 10:07:01 pm BST Network is UP. Just exit the program.
09-30 10:08:01 pm BST Network is UP. Just exit the program.
09-30 10:09:01 pm BST Network is UP. Just exit the program.
09-30 10:10:01 pm BST Network is UP. Just exit the program.
09-30 10:11:01 pm BST Network is UP. Just exit the program.
09-30 10:12:01 pm BST Network is UP. Just exit the program.
09-30 10:13:01 pm BST Network is UP. Just exit the program.
09-30 10:14:01 pm BST Network is UP. Just exit the program.
09-30 10:15:01 pm BST Network is UP. Just exit the program.
09-30 10:16:01 pm BST Network is UP. Just exit the program.
09-30 10:17:02 pm BST Network is UP. Just exit the program.
09-30 10:18:01 pm BST Network is DOWN. Perform a reset
09-30 10:19:01 pm BST Network is DOWN. Perform a reset
09-30 10:20:01 pm BST Network is DOWN. Perform a reset
09-30 10:21:01 pm BST Network is DOWN. Perform a reset
09-30 10:22:01 pm BST Network is DOWN. Perform a reset
09-30 10:23:01 pm BST Network is DOWN. Perform a reset
09-30 10:24:01 pm BST Network is DOWN. Perform a reset
09-30 10:25:01 pm BST Network is DOWN. Perform a reset
09-30 10:26:01 pm BST Network is DOWN. Perform a reset
09-30 10:27:01 pm BST Network is DOWN. Perform a reset
09-30 10:28:01 pm BST Network is DOWN. Perform a reset
09-30 10:29:01 pm BST Network is DOWN. Perform a reset
09-30 10:30:01 pm BST Network is DOWN. Perform a reset
09-30 10:31:01 pm BST Network is DOWN. Perform a reset
09-30 10:32:01 pm BST Network is DOWN. Perform a reset
09-30 10:33:01 pm BST Network is DOWN. Perform a reset
09-30 10:34:01 pm BST Network is DOWN. Perform a reset
09-30 10:35:01 pm BST Network is DOWN. Perform a reset
09-30 10:36:01 pm BST Network is DOWN. Perform a reset
09-30 10:37:01 pm BST Network is DOWN. Perform a reset
09-30 10:38:01 pm BST Network is DOWN. Perform a reset
09-30 10:39:01 pm BST Network is DOWN. Perform a reset
09-30 10:40:01 pm BST Network is DOWN. Perform a reset
09-30 10:41:01 pm BST Network is DOWN. Perform a reset
09-30 10:42:01 pm BST Network is DOWN. Perform a reset
09-30 10:43:01 pm BST Network is DOWN. Perform a reset
09-30 10:44:01 pm BST Network is DOWN. Perform a reset
09-30 10:45:01 pm BST Network is DOWN. Perform a reset
09-30 10:46:01 pm BST Network is DOWN. Perform a reset
09-30 10:47:01 pm BST Network is DOWN. Perform a reset
09-30 10:48:01 pm BST Network is DOWN. Perform a reset
09-30 10:49:01 pm BST Network is DOWN. Perform a reset
09-30 10:50:01 pm BST Network is DOWN. Perform a reset
09-30 10:51:01 pm BST Network is DOWN. Perform a reset
09-30 10:52:01 pm BST Network is DOWN. Perform a reset
09-30 10:53:01 pm BST Network is DOWN. Perform a reset
09-30 10:54:01 pm BST Network is DOWN. Perform a reset
09-30 10:55:01 pm BST Network is DOWN. Perform a reset
09-30 10:56:02 pm BST Network is DOWN. Perform a reset
09-30 10:57:01 pm BST Network is DOWN. Perform a reset
09-30 10:58:01 pm BST Network is DOWN. Perform a reset
09-30 10:59:01 pm BST Network is DOWN. Perform a reset
09-30 11:00:01 pm BST Network is DOWN. Perform a reset
09-30 11:01:01 pm BST Network is DOWN. Perform a reset
09-30 11:02:01 pm BST Network is DOWN. Perform a reset
09-30 11:03:01 pm BST Network is DOWN. Perform a reset
09-30 11:04:01 pm BST Network is DOWN. Perform a reset
09-30 11:05:01 pm BST Network is DOWN. Perform a reset
09-30 11:06:02 pm BST Network is DOWN. Perform a reset
09-30 11:07:01 pm BST Network is DOWN. Perform a reset
09-30 11:08:01 pm BST Network is DOWN. Perform a reset
09-30 11:09:01 pm BST Network is DOWN. Perform a reset
09-30 11:10:01 pm BST Network is DOWN. Perform a reset
09-30 11:11:01 pm BST Network is DOWN. Perform a reset
09-30 11:12:01 pm BST Network is DOWN. Perform a reset
09-30 11:13:01 pm BST Network is DOWN. Perform a reset
09-30 11:14:01 pm BST Network is DOWN. Perform a reset
09-30 11:15:01 pm BST Network is DOWN. Perform a reset
09-30 11:16:01 pm BST Network is DOWN. Perform a reset
09-30 11:17:01 pm BST Network is DOWN. Perform a reset
09-30 11:18:01 pm BST Network is DOWN. Perform a reset
09-30 11:19:01 pm BST Network is DOWN. Perform a reset
09-30 11:20:01 pm BST Network is DOWN. Perform a reset
09-30 11:21:01 pm BST Network is DOWN. Perform a reset
09-30 11:22:01 pm BST Network is DOWN. Perform a reset
09-30 11:23:01 pm BST Network is DOWN. Perform a reset
09-30 11:24:01 pm BST Network is DOWN. Perform a reset
09-30 11:25:01 pm BST Network is DOWN. Perform a reset
09-30 11:26:01 pm BST Network is DOWN. Perform a reset
09-30 11:27:01 pm BST Network is DOWN. Perform a reset
09-30 11:28:01 pm BST Network is DOWN. Perform a reset
09-30 11:29:01 pm BST Network is DOWN. Perform a reset
09-30 11:30:01 pm BST Network is DOWN. Perform a reset
09-30 11:31:01 pm BST Network is DOWN. Perform a reset
09-30 11:32:01 pm BST Network is DOWN. Perform a reset
09-30 11:33:01 pm BST Network is DOWN. Perform a reset
09-30 11:34:01 pm BST Network is DOWN. Perform a reset
09-30 11:35:01 pm BST Network is DOWN. Perform a reset
09-30 11:36:01 pm BST Network is DOWN. Perform a reset
09-30 11:37:01 pm BST Network is DOWN. Perform a reset
09-30 11:38:01 pm BST Network is DOWN. Perform a reset
09-30 11:39:01 pm BST Network is DOWN. Perform a reset
09-30 11:40:01 pm BST Network is DOWN. Perform a reset
09-30 11:41:01 pm BST Network is DOWN. Perform a reset
09-30 11:42:01 pm BST Network is DOWN. Perform a reset
09-30 11:43:01 pm BST Network is DOWN. Perform a reset
09-30 11:44:01 pm BST Network is DOWN. Perform a reset
09-30 11:45:02 pm BST Network is DOWN. Perform a reset
09-30 11:46:01 pm BST Network is DOWN. Perform a reset
09-30 11:47:01 pm BST Network is DOWN. Perform a reset
09-30 11:48:01 pm BST Network is DOWN. Perform a reset
09-30 11:49:01 pm BST Network is DOWN. Perform a reset
09-30 11:50:01 pm BST Network is DOWN. Perform a reset
09-30 11:51:01 pm BST Network is DOWN. Perform a reset
09-30 11:52:01 pm BST Network is DOWN. Perform a reset
09-30 11:53:01 pm BST Network is DOWN. Perform a reset
09-30 11:54:01 pm BST Network is DOWN. Perform a reset
09-30 11:55:01 pm BST Network is DOWN. Perform a reset
09-30 11:56:01 pm BST Network is DOWN. Perform a reset
09-30 11:57:01 pm BST Network is DOWN. Perform a reset
09-30 11:58:01 pm BST Network is DOWN. Perform a reset
09-30 11:59:01 pm BST Network is DOWN. Perform a reset
10-01 12:00:01 am BST Network is DOWN. Perform a reset
10-01 12:01:01 am BST Network is DOWN. Perform a reset
10-01 12:02:01 am BST Network is DOWN. Perform a reset
10-01 12:03:01 am BST Network is DOWN. Perform a reset
10-01 12:04:01 am BST Network is DOWN. Perform a reset
10-01 12:05:01 am BST Network is DOWN. Perform a reset
10-01 12:06:01 am BST Network is DOWN. Perform a reset
10-01 12:07:01 am BST Network is DOWN. Perform a reset
10-01 12:08:01 am BST Network is DOWN. Perform a reset
10-01 12:09:01 am BST Network is DOWN. Perform a reset
10-01 12:10:01 am BST Network is DOWN. Perform a reset
10-01 12:11:01 am BST Network is DOWN. Perform a reset
10-01 12:12:01 am BST Network is DOWN. Perform a reset
10-01 12:13:01 am BST Network is DOWN. Perform a reset
10-01 12:14:02 am BST Network is DOWN. Perform a reset
10-01 12:15:01 am BST Network is DOWN. Perform a reset
10-01 12:16:01 am BST Network is DOWN. Perform a reset
10-01 12:17:01 am BST Network is DOWN. Perform a reset
10-01 12:18:01 am BST Network is DOWN. Perform a reset
10-01 12:19:01 am BST Network is DOWN. Perform a reset
10-01 12:20:01 am BST Network is DOWN. Perform a reset
10-01 12:21:01 am BST Network is DOWN. Perform a reset
10-01 12:22:01 am BST Network is DOWN. Perform a reset
10-01 12:23:01 am BST Network is DOWN. Perform a reset
10-01 12:24:01 am BST Network is DOWN. Perform a reset
10-01 12:25:01 am BST Network is DOWN. Perform a reset
10-01 12:26:01 am BST Network is DOWN. Perform a reset
10-01 12:27:01 am BST Network is DOWN. Perform a reset
10-01 12:28:01 am BST Network is DOWN. Perform a reset
10-01 12:29:01 am BST Network is DOWN. Perform a reset
10-01 12:30:01 am BST Network is DOWN. Perform a reset
10-01 12:31:01 am BST Network is DOWN. Perform a reset
10-01 12:32:01 am BST Network is DOWN. Perform a reset
10-01 12:33:01 am BST Network is DOWN. Perform a reset
10-01 12:34:01 am BST Network is DOWN. Perform a reset
10-01 12:35:01 am BST Network is DOWN. Perform a reset
10-01 12:36:01 am BST Network is DOWN. Perform a reset
10-01 12:37:01 am BST Network is DOWN. Perform a reset
10-01 12:38:01 am BST Network is DOWN. Perform a reset
10-01 12:39:01 am BST Network is DOWN. Perform a reset
10-01 12:40:01 am BST Network is DOWN. Perform a reset
10-01 12:41:01 am BST Network is DOWN. Perform a reset
10-01 12:42:01 am BST Network is DOWN. Perform a reset
10-01 12:43:02 am BST Network is DOWN. Perform a reset
10-01 12:44:01 am BST Network is DOWN. Perform a reset
10-01 12:45:01 am BST Network is DOWN. Perform a reset
10-01 12:46:01 am BST Network is DOWN. Perform a reset
10-01 12:47:01 am BST Network is DOWN. Perform a reset
10-01 12:48:01 am BST Network is DOWN. Perform a reset
10-01 12:49:01 am BST Network is DOWN. Perform a reset
10-01 12:50:01 am BST Network is DOWN. Perform a reset
10-01 12:51:01 am BST Network is DOWN. Perform a reset
10-01 12:52:01 am BST Network is DOWN. Perform a reset
10-01 12:53:02 am BST Network is DOWN. Perform a reset
10-01 12:54:01 am BST Network is DOWN. Perform a reset
10-01 12:55:01 am BST Network is DOWN. Perform a reset
10-01 12:56:01 am BST Network is DOWN. Perform a reset
10-01 12:57:01 am BST Network is DOWN. Perform a reset
10-01 12:58:01 am BST Network is DOWN. Perform a reset
10-01 12:59:01 am BST Network is DOWN. Perform a reset
10-01  1:00:01 am BST Network is DOWN. Perform a reset
10-01  1:01:01 am BST Network is DOWN. Perform a reset
10-01  1:02:01 am BST Network is DOWN. Perform a reset
10-01  1:03:01 am BST Network is DOWN. Perform a reset
10-01  1:04:01 am BST Network is DOWN. Perform a reset
10-01  1:05:01 am BST Network is DOWN. Perform a reset
10-01  1:06:01 am BST Network is DOWN. Perform a reset
10-01  1:07:01 am BST Network is DOWN. Perform a reset
10-01  1:08:01 am BST Network is DOWN. Perform a reset
10-01  1:09:01 am BST Network is DOWN. Perform a reset
10-01  1:10:01 am BST Network is DOWN. Perform a reset
10-01  1:11:01 am BST Network is DOWN. Perform a reset
10-01  1:12:02 am BST Network is DOWN. Perform a reset
10-01  1:13:01 am BST Network is DOWN. Perform a reset
10-01  1:14:01 am BST Network is DOWN. Perform a reset
10-01  1:15:01 am BST Network is DOWN. Perform a reset
10-01  1:16:01 am BST Network is DOWN. Perform a reset
10-01  1:17:01 am BST Network is DOWN. Perform a reset
10-01  1:18:01 am BST Network is DOWN. Perform a reset
10-01  1:19:01 am BST Network is DOWN. Perform a reset
10-01  1:20:01 am BST Network is DOWN. Perform a reset
10-01  1:21:01 am BST Network is DOWN. Perform a reset
10-01  1:22:02 am BST Network is DOWN. Perform a reset
10-01  1:23:01 am BST Network is DOWN. Perform a reset
10-01  1:24:01 am BST Network is DOWN. Perform a reset
10-01  1:25:01 am BST Network is DOWN. Perform a reset
10-01  1:26:01 am BST Network is DOWN. Perform a reset
10-01  1:27:01 am BST Network is DOWN. Perform a reset
10-01  1:28:01 am BST Network is DOWN. Perform a reset
10-01  1:29:01 am BST Network is DOWN. Perform a reset
10-01  1:30:01 am BST Network is DOWN. Perform a reset
10-01  1:31:01 am BST Network is DOWN. Perform a reset
10-01  1:32:02 am BST Network is DOWN. Perform a reset
10-01  1:33:01 am BST Network is DOWN. Perform a reset
10-01  1:34:01 am BST Network is DOWN. Perform a reset
10-01  1:35:01 am BST Network is DOWN. Perform a reset
10-01  1:36:01 am BST Network is DOWN. Perform a reset
10-01  1:37:01 am BST Network is DOWN. Perform a reset
10-01  1:38:01 am BST Network is DOWN. Perform a reset
10-01  1:39:01 am BST Network is DOWN. Perform a reset
10-01  1:40:01 am BST Network is DOWN. Perform a reset
10-01  1:41:01 am BST Network is DOWN. Perform a reset
10-01  1:42:01 am BST Network is DOWN. Perform a reset
10-01  1:43:01 am BST Network is DOWN. Perform a reset
10-01  1:44:01 am BST Network is DOWN. Perform a reset
10-01  1:45:01 am BST Network is DOWN. Perform a reset
10-01  1:46:01 am BST Network is DOWN. Perform a reset
10-01  1:47:01 am BST Network is DOWN. Perform a reset
10-01  1:48:01 am BST Network is DOWN. Perform a reset
10-01  1:49:01 am BST Network is DOWN. Perform a reset
10-01  1:50:01 am BST Network is DOWN. Perform a reset
10-01  1:51:01 am BST Network is DOWN. Perform a reset
10-01  1:52:01 am BST Network is DOWN. Perform a reset
10-01  1:53:01 am BST Network is DOWN. Perform a reset
10-01  1:54:01 am BST Network is DOWN. Perform a reset
10-01  1:55:01 am BST Network is DOWN. Perform a reset
10-01  1:56:01 am BST Network is DOWN. Perform a reset
10-01  1:57:01 am BST Network is DOWN. Perform a reset
10-01  1:58:01 am BST Network is DOWN. Perform a reset
10-01  1:59:01 am BST Network is DOWN. Perform a reset
10-01  2:00:01 am BST Network is DOWN. Perform a reset
10-01  2:01:01 am BST Network is DOWN. Perform a reset
10-01  2:02:01 am BST Network is DOWN. Perform a reset
10-01  2:03:01 am BST Network is DOWN. Perform a reset
10-01  2:04:01 am BST Network is DOWN. Perform a reset
10-01  2:05:01 am BST Network is DOWN. Perform a reset
10-01  2:06:01 am BST Network is DOWN. Perform a reset
10-01  2:07:01 am BST Network is DOWN. Perform a reset
10-01  2:08:01 am BST Network is DOWN. Perform a reset
10-01  2:09:01 am BST Network is DOWN. Perform a reset
10-01  2:10:01 am BST Network is DOWN. Perform a reset
10-01  2:11:01 am BST Network is DOWN. Perform a reset
10-01  2:12:01 am BST Network is DOWN. Perform a reset
10-01  2:13:01 am BST Network is DOWN. Perform a reset
10-01  2:14:01 am BST Network is DOWN. Perform a reset
10-01  2:15:01 am BST Network is DOWN. Perform a reset
10-01  2:16:01 am BST Network is DOWN. Perform a reset
10-01  2:17:01 am BST Network is DOWN. Perform a reset
10-01  2:18:01 am BST Network is DOWN. Perform a reset
10-01  2:19:01 am BST Network is DOWN. Perform a reset
10-01  2:20:01 am BST Network is DOWN. Perform a reset
10-01  2:21:02 am BST Network is DOWN. Perform a reset
10-01  2:22:01 am BST Network is DOWN. Perform a reset
10-01  2:23:01 am BST Network is DOWN. Perform a reset
10-01  2:24:01 am BST Network is DOWN. Perform a reset
10-01  2:25:01 am BST Network is DOWN. Perform a reset
10-01  2:26:01 am BST Network is DOWN. Perform a reset
10-01  2:27:01 am BST Network is DOWN. Perform a reset
10-01  2:28:01 am BST Network is DOWN. Perform a reset
10-01  2:29:01 am BST Network is DOWN. Perform a reset
10-01  2:30:01 am BST Network is DOWN. Perform a reset
10-01  2:31:02 am BST Network is DOWN. Perform a reset
10-01  2:32:01 am BST Network is DOWN. Perform a reset
10-01  2:33:01 am BST Network is DOWN. Perform a reset
10-01  2:34:01 am BST Network is DOWN. Perform a reset
10-01  2:35:01 am BST Network is DOWN. Perform a reset
10-01  2:36:01 am BST Network is DOWN. Perform a reset
10-01  2:37:01 am BST Network is DOWN. Perform a reset
10-01  2:38:01 am BST Network is DOWN. Perform a reset
10-01  2:39:01 am BST Network is DOWN. Perform a reset
10-01  2:40:01 am BST Network is DOWN. Perform a reset
10-01  2:41:01 am BST Network is DOWN. Perform a reset
10-01  2:42:01 am BST Network is DOWN. Perform a reset
10-01  2:43:01 am BST Network is DOWN. Perform a reset
10-01  2:44:01 am BST Network is DOWN. Perform a reset
10-01  2:45:01 am BST Network is DOWN. Perform a reset
10-01  2:46:01 am BST Network is DOWN. Perform a reset
10-01  2:47:01 am BST Network is DOWN. Perform a reset
10-01  2:48:01 am BST Network is DOWN. Perform a reset
10-01  2:49:01 am BST Network is DOWN. Perform a reset
10-01  2:50:01 am BST Network is DOWN. Perform a reset
10-01  2:51:01 am BST Network is DOWN. Perform a reset
10-01  2:52:01 am BST Network is DOWN. Perform a reset
10-01  2:53:01 am BST Network is DOWN. Perform a reset
10-01  2:54:01 am BST Network is DOWN. Perform a reset
10-01  2:55:01 am BST Network is DOWN. Perform a reset
10-01  2:56:01 am BST Network is DOWN. Perform a reset
10-01  2:57:01 am BST Network is DOWN. Perform a reset
10-01  2:58:01 am BST Network is DOWN. Perform a reset
10-01  2:59:01 am BST Network is DOWN. Perform a reset
10-01  3:00:01 am BST Network is DOWN. Perform a reset
10-01  3:01:01 am BST Network is DOWN. Perform a reset
10-01  3:02:01 am BST Network is DOWN. Perform a reset
10-01  3:03:01 am BST Network is DOWN. Perform a reset
10-01  3:04:01 am BST Network is DOWN. Perform a reset
10-01  3:05:01 am BST Network is DOWN. Perform a reset
10-01  3:06:01 am BST Network is DOWN. Perform a reset
10-01  3:07:01 am BST Network is DOWN. Perform a reset
10-01  3:08:01 am BST Network is DOWN. Perform a reset
10-01  3:09:01 am BST Network is DOWN. Perform a reset
10-01  3:10:01 am BST Network is DOWN. Perform a reset
10-01  3:11:01 am BST Network is DOWN. Perform a reset
10-01  3:12:01 am BST Network is DOWN. Perform a reset
10-01  3:13:01 am BST Network is DOWN. Perform a reset
10-01  3:14:01 am BST Network is DOWN. Perform a reset
10-01  3:15:01 am BST Network is DOWN. Perform a reset
10-01  3:16:01 am BST Network is DOWN. Perform a reset
10-01  3:17:01 am BST Network is DOWN. Perform a reset
10-01  3:18:01 am BST Network is DOWN. Perform a reset
10-01  3:19:01 am BST Network is DOWN. Perform a reset
10-01  3:20:02 am BST Network is DOWN. Perform a reset
10-01  3:21:01 am BST Network is DOWN. Perform a reset
10-01  3:22:01 am BST Network is DOWN. Perform a reset
10-01  3:23:01 am BST Network is DOWN. Perform a reset
10-01  3:24:01 am BST Network is DOWN. Perform a reset
10-01  3:25:01 am BST Network is DOWN. Perform a reset
10-01  3:26:01 am BST Network is DOWN. Perform a reset
10-01  3:27:01 am BST Network is DOWN. Perform a reset
10-01  3:28:01 am BST Network is DOWN. Perform a reset
10-01  3:29:01 am BST Network is DOWN. Perform a reset
10-01  3:30:02 am BST Network is DOWN. Perform a reset
10-01  3:31:01 am BST Network is DOWN. Perform a reset
10-01  3:32:01 am BST Network is DOWN. Perform a reset
10-01  3:33:01 am BST Network is DOWN. Perform a reset
10-01  3:34:01 am BST Network is DOWN. Perform a reset
10-01  3:35:01 am BST Network is DOWN. Perform a reset
10-01  3:36:01 am BST Network is DOWN. Perform a reset
10-01  3:37:01 am BST Network is DOWN. Perform a reset
10-01  3:38:01 am BST Network is DOWN. Perform a reset
10-01  3:39:01 am BST Network is DOWN. Perform a reset
10-01  3:40:01 am BST Network is DOWN. Perform a reset
10-01  3:41:01 am BST Network is DOWN. Perform a reset
10-01  3:42:01 am BST Network is DOWN. Perform a reset
10-01  3:43:01 am BST Network is DOWN. Perform a reset
10-01  3:44:01 am BST Network is DOWN. Perform a reset
10-01  3:45:01 am BST Network is DOWN. Perform a reset
10-01  3:46:01 am BST Network is DOWN. Perform a reset
10-01  3:47:01 am BST Network is DOWN. Perform a reset
10-01  3:48:01 am BST Network is DOWN. Perform a reset
10-01  3:49:01 am BST Network is DOWN. Perform a reset
10-01  3:50:01 am BST Network is DOWN. Perform a reset
10-01  3:51:01 am BST Network is DOWN. Perform a reset
10-01  3:52:01 am BST Network is DOWN. Perform a reset
10-01  3:53:01 am BST Network is DOWN. Perform a reset
10-01  3:54:01 am BST Network is DOWN. Perform a reset
10-01  3:55:01 am BST Network is DOWN. Perform a reset
10-01  3:56:01 am BST Network is DOWN. Perform a reset
10-01  3:57:01 am BST Network is DOWN. Perform a reset
10-01  3:58:01 am BST Network is DOWN. Perform a reset
10-01  3:59:01 am BST Network is DOWN. Perform a reset
10-01  4:00:01 am BST Network is DOWN. Perform a reset
10-01  4:01:01 am BST Network is DOWN. Perform a reset
10-01  4:02:01 am BST Network is DOWN. Perform a reset
10-01  4:03:01 am BST Network is DOWN. Perform a reset
10-01  4:04:01 am BST Network is DOWN. Perform a reset
10-01  4:05:01 am BST Network is DOWN. Perform a reset
10-01  4:06:01 am BST Network is DOWN. Perform a reset
10-01  4:07:01 am BST Network is DOWN. Perform a reset
10-01  4:08:01 am BST Network is DOWN. Perform a reset
10-01  4:09:01 am BST Network is DOWN. Perform a reset
10-01  4:10:01 am BST Network is DOWN. Perform a reset
10-01  4:11:01 am BST Network is DOWN. Perform a reset
10-01  4:12:01 am BST Network is DOWN. Perform a reset
10-01  4:13:01 am BST Network is DOWN. Perform a reset
10-01  4:14:01 am BST Network is DOWN. Perform a reset
10-01  4:15:01 am BST Network is DOWN. Perform a reset
10-01  4:16:01 am BST Network is DOWN. Perform a reset
10-01  4:17:01 am BST Network is DOWN. Perform a reset
10-01  4:18:01 am BST Network is DOWN. Perform a reset
10-01  4:19:02 am BST Network is DOWN. Perform a reset
10-01  4:20:01 am BST Network is DOWN. Perform a reset
10-01  4:21:01 am BST Network is DOWN. Perform a reset
10-01  4:22:01 am BST Network is DOWN. Perform a reset
10-01  4:23:01 am BST Network is DOWN. Perform a reset
10-01  4:24:01 am BST Network is DOWN. Perform a reset
10-01  4:25:01 am BST Network is DOWN. Perform a reset
10-01  4:26:01 am BST Network is DOWN. Perform a reset
10-01  4:27:01 am BST Network is DOWN. Perform a reset
10-01  4:28:01 am BST Network is DOWN. Perform a reset
10-01  4:29:02 am BST Network is DOWN. Perform a reset
10-01  4:30:01 am BST Network is DOWN. Perform a reset
10-01  4:31:01 am BST Network is DOWN. Perform a reset
10-01  4:32:01 am BST Network is DOWN. Perform a reset
10-01  4:33:01 am BST Network is DOWN. Perform a reset
10-01  4:34:01 am BST Network is DOWN. Perform a reset
10-01  4:35:01 am BST Network is DOWN. Perform a reset
10-01  4:36:01 am BST Network is DOWN. Perform a reset
10-01  4:37:01 am BST Network is DOWN. Perform a reset
10-01  4:38:01 am BST Network is DOWN. Perform a reset
10-01  4:39:01 am BST Network is DOWN. Perform a reset
10-01  4:40:01 am BST Network is DOWN. Perform a reset
10-01  4:41:01 am BST Network is DOWN. Perform a reset
10-01  4:42:01 am BST Network is DOWN. Perform a reset
10-01  4:43:01 am BST Network is DOWN. Perform a reset
10-01  4:44:01 am BST Network is DOWN. Perform a reset
10-01  4:45:01 am BST Network is DOWN. Perform a reset
10-01  4:46:01 am BST Network is DOWN. Perform a reset
10-01  4:47:01 am BST Network is DOWN. Perform a reset
10-01  4:48:01 am BST Network is DOWN. Perform a reset
10-01  4:49:01 am BST Network is DOWN. Perform a reset
10-01  4:50:01 am BST Network is DOWN. Perform a reset
10-01  4:51:01 am BST Network is DOWN. Perform a reset
10-01  4:52:01 am BST Network is DOWN. Perform a reset
10-01  4:53:01 am BST Network is DOWN. Perform a reset
10-01  4:54:01 am BST Network is DOWN. Perform a reset
10-01  4:55:01 am BST Network is DOWN. Perform a reset
10-01  4:56:01 am BST Network is DOWN. Perform a reset
10-01  4:57:01 am BST Network is DOWN. Perform a reset
10-01  4:58:01 am BST Network is DOWN. Perform a reset
10-01  4:59:01 am BST Network is DOWN. Perform a reset
10-01  5:00:01 am BST Network is DOWN. Perform a reset
10-01  5:01:01 am BST Network is DOWN. Perform a reset
10-01  5:02:01 am BST Network is DOWN. Perform a reset
10-01  5:03:01 am BST Network is DOWN. Perform a reset
10-01  5:04:01 am BST Network is DOWN. Perform a reset
10-01  5:05:01 am BST Network is DOWN. Perform a reset
10-01  5:06:01 am BST Network is DOWN. Perform a reset
10-01  5:07:01 am BST Network is DOWN. Perform a reset
10-01  5:08:01 am BST Network is DOWN. Perform a reset
10-01  5:09:01 am BST Network is DOWN. Perform a reset
10-01  5:10:01 am BST Network is DOWN. Perform a reset
10-01  5:11:01 am BST Network is DOWN. Perform a reset
10-01  5:12:01 am BST Network is DOWN. Perform a reset
10-01  5:13:01 am BST Network is DOWN. Perform a reset
10-01  5:14:01 am BST Network is DOWN. Perform a reset
10-01  5:15:01 am BST Network is DOWN. Perform a reset
10-01  5:16:01 am BST Network is DOWN. Perform a reset
10-01  5:17:01 am BST Network is DOWN. Perform a reset
10-01  5:18:01 am BST Network is DOWN. Perform a reset
10-01  5:19:01 am BST Network is DOWN. Perform a reset
10-01  5:20:01 am BST Network is DOWN. Perform a reset
10-01  5:21:01 am BST Network is DOWN. Perform a reset
10-01  5:22:01 am BST Network is DOWN. Perform a reset
10-01  5:23:01 am BST Network is DOWN. Perform a reset
10-01  5:24:01 am BST Network is DOWN. Perform a reset
10-01  5:25:01 am BST Network is DOWN. Perform a reset
10-01  5:26:01 am BST Network is DOWN. Perform a reset
10-01  5:27:01 am BST Network is DOWN. Perform a reset
10-01  5:28:01 am BST Network is DOWN. Perform a reset
10-01  5:29:01 am BST Network is DOWN. Perform a reset
10-01  5:30:01 am BST Network is DOWN. Perform a reset
10-01  5:31:01 am BST Network is DOWN. Perform a reset
10-01  5:32:01 am BST Network is DOWN. Perform a reset
10-01  5:33:01 am BST Network is DOWN. Perform a reset
10-01  5:34:01 am BST Network is DOWN. Perform a reset
10-01  5:35:01 am BST Network is DOWN. Perform a reset
10-01  5:36:01 am BST Network is DOWN. Perform a reset
10-01  5:37:02 am BST Network is DOWN. Perform a reset
10-01  5:38:01 am BST Network is DOWN. Perform a reset
10-01  5:39:01 am BST Network is DOWN. Perform a reset
10-01  5:40:01 am BST Network is DOWN. Perform a reset
10-01  5:41:01 am BST Network is DOWN. Perform a reset
10-01  5:42:01 am BST Network is DOWN. Perform a reset
10-01  5:43:01 am BST Network is DOWN. Perform a reset
10-01  5:44:01 am BST Network is DOWN. Perform a reset
10-01  5:45:01 am BST Network is DOWN. Perform a reset
10-01  5:46:01 am BST Network is DOWN. Perform a reset
10-01  5:47:02 am BST Network is DOWN. Perform a reset
10-01  5:48:01 am BST Network is DOWN. Perform a reset
10-01  5:49:01 am BST Network is DOWN. Perform a reset
10-01  5:50:01 am BST Network is DOWN. Perform a reset
10-01  5:51:01 am BST Network is DOWN. Perform a reset
10-01  5:52:01 am BST Network is DOWN. Perform a reset
10-01  5:53:01 am BST Network is DOWN. Perform a reset
10-01  5:54:01 am BST Network is DOWN. Perform a reset
10-01  5:55:01 am BST Network is DOWN. Perform a reset
10-01  5:56:01 am BST Network is DOWN. Perform a reset
10-01  5:57:02 am BST Network is DOWN. Perform a reset
10-01  5:58:01 am BST Network is DOWN. Perform a reset
10-01  5:59:01 am BST Network is DOWN. Perform a reset
10-01  6:00:01 am BST Network is DOWN. Perform a reset
10-01  6:01:01 am BST Network is DOWN. Perform a reset
10-01  6:02:01 am BST Network is DOWN. Perform a reset
10-01  6:03:01 am BST Network is DOWN. Perform a reset
10-01  6:04:01 am BST Network is DOWN. Perform a reset
10-01  6:05:01 am BST Network is DOWN. Perform a reset
10-01  6:06:02 am BST Network is DOWN. Perform a reset
10-01  6:07:01 am BST Network is DOWN. Perform a reset
10-01  6:08:01 am BST Network is DOWN. Perform a reset
10-01  6:09:01 am BST Network is DOWN. Perform a reset
10-01  6:10:01 am BST Network is DOWN. Perform a reset
10-01  6:11:01 am BST Network is DOWN. Perform a reset
10-01  6:12:01 am BST Network is DOWN. Perform a reset
10-01  6:13:01 am BST Network is DOWN. Perform a reset
10-01  6:14:01 am BST Network is DOWN. Perform a reset
10-01  6:15:01 am BST Network is DOWN. Perform a reset
10-01  6:16:01 am BST Network is DOWN. Perform a reset
10-01  6:17:01 am BST Network is DOWN. Perform a reset
10-01  6:18:01 am BST Network is DOWN. Perform a reset
10-01  6:19:01 am BST Network is DOWN. Perform a reset
10-01  6:20:01 am BST Network is DOWN. Perform a reset
10-01  6:21:01 am BST Network is DOWN. Perform a reset
10-01  6:22:01 am BST Network is DOWN. Perform a reset
10-01  6:23:01 am BST Network is DOWN. Perform a reset
10-01  6:24:01 am BST Network is DOWN. Perform a reset
10-01  6:25:01 am BST Network is DOWN. Perform a reset
10-01  6:26:01 am BST Network is DOWN. Perform a reset
10-01  6:27:01 am BST Network is DOWN. Perform a reset
10-01  6:28:01 am BST Network is DOWN. Perform a reset
10-01  6:29:01 am BST Network is DOWN. Perform a reset
10-01  6:30:01 am BST Network is DOWN. Perform a reset
10-01  6:31:01 am BST Network is DOWN. Perform a reset
10-01  6:32:01 am BST Network is DOWN. Perform a reset
10-01  6:33:01 am BST Network is DOWN. Perform a reset
10-01  6:34:01 am BST Network is DOWN. Perform a reset
10-01  6:35:02 am BST Network is DOWN. Perform a reset
10-01  6:36:01 am BST Network is DOWN. Perform a reset
10-01  6:37:01 am BST Network is DOWN. Perform a reset
10-01  6:38:01 am BST Network is DOWN. Perform a reset
10-01  6:39:01 am BST Network is DOWN. Perform a reset
10-01  6:40:01 am BST Network is DOWN. Perform a reset
10-01  6:41:01 am BST Network is DOWN. Perform a reset
10-01  6:42:01 am BST Network is DOWN. Perform a reset
10-01  6:43:01 am BST Network is DOWN. Perform a reset
10-01  6:44:01 am BST Network is DOWN. Perform a reset
10-01  6:45:02 am BST Network is DOWN. Perform a reset
10-01  6:46:01 am BST Network is DOWN. Perform a reset
10-01  6:47:01 am BST Network is DOWN. Perform a reset
10-01  6:48:01 am BST Network is DOWN. Perform a reset
10-01  6:49:01 am BST Network is DOWN. Perform a reset
10-01  6:50:01 am BST Network is DOWN. Perform a reset
10-01  6:51:01 am BST Network is DOWN. Perform a reset
10-01  6:52:01 am BST Network is DOWN. Perform a reset
10-01  6:53:01 am BST Network is DOWN. Perform a reset
10-01  6:54:01 am BST Network is DOWN. Perform a reset
10-01  6:55:01 am BST Network is DOWN. Perform a reset
10-01  6:56:01 am BST Network is DOWN. Perform a reset
10-01  6:57:01 am BST Network is DOWN. Perform a reset
10-01  6:58:01 am BST Network is DOWN. Perform a reset
10-01  6:59:01 am BST Network is DOWN. Perform a reset
10-01  7:00:01 am BST Network is DOWN. Perform a reset
10-01  7:01:01 am BST Network is DOWN. Perform a reset
10-01  7:02:01 am BST Network is DOWN. Perform a reset
10-01  7:03:01 am BST Network is DOWN. Perform a reset
10-01  7:04:01 am BST Network is DOWN. Perform a reset
10-01  7:05:01 am BST Network is DOWN. Perform a reset
10-01  7:06:01 am BST Network is DOWN. Perform a reset
10-01  7:07:01 am BST Network is DOWN. Perform a reset
10-01  7:08:01 am BST Network is DOWN. Perform a reset
10-01  7:09:01 am BST Network is DOWN. Perform a reset
10-01  7:10:01 am BST Network is DOWN. Perform a reset
10-01  7:11:01 am BST Network is DOWN. Perform a reset
10-01  7:12:01 am BST Network is DOWN. Perform a reset
10-01  7:13:01 am BST Network is DOWN. Perform a reset
10-01  7:14:02 am BST Network is DOWN. Perform a reset
10-01  7:15:01 am BST Network is DOWN. Perform a reset
10-01  7:16:01 am BST Network is DOWN. Perform a reset
10-01  7:17:01 am BST Network is DOWN. Perform a reset
10-01  7:18:01 am BST Network is DOWN. Perform a reset
10-01  7:19:01 am BST Network is DOWN. Perform a reset
10-01  7:20:01 am BST Network is DOWN. Perform a reset
10-01  7:21:01 am BST Network is DOWN. Perform a reset
10-01  7:22:01 am BST Network is DOWN. Perform a reset
10-01  7:23:01 am BST Network is DOWN. Perform a reset
10-01  7:24:02 am BST Network is DOWN. Perform a reset
10-01  7:25:01 am BST Network is DOWN. Perform a reset
10-01  7:26:01 am BST Network is DOWN. Perform a reset
10-01  7:27:01 am BST Network is DOWN. Perform a reset
10-01  7:28:01 am BST Network is DOWN. Perform a reset
10-01  7:29:01 am BST Network is DOWN. Perform a reset
10-01  7:30:01 am BST Network is DOWN. Perform a reset
10-01  7:31:01 am BST Network is DOWN. Perform a reset
10-01  7:32:01 am BST Network is DOWN. Perform a reset
10-01  7:33:01 am BST Network is DOWN. Perform a reset
10-01  7:34:02 am BST Network is DOWN. Perform a reset
10-01  7:35:01 am BST Network is DOWN. Perform a reset
10-01  7:36:01 am BST Network is DOWN. Perform a reset
10-01  7:37:01 am BST Network is DOWN. Perform a reset
10-01  7:38:01 am BST Network is DOWN. Perform a reset
10-01  7:39:01 am BST Network is DOWN. Perform a reset
10-01  7:40:01 am BST Network is DOWN. Perform a reset
10-01  7:41:01 am BST Network is DOWN. Perform a reset
10-01  7:42:01 am BST Network is DOWN. Perform a reset
10-01  7:43:01 am BST Network is DOWN. Perform a reset
10-01  7:44:01 am BST Network is DOWN. Perform a reset
10-01  7:45:01 am BST Network is DOWN. Perform a reset
10-01  7:46:01 am BST Network is DOWN. Perform a reset
10-01  7:47:01 am BST Network is DOWN. Perform a reset
10-01  7:48:01 am BST Network is DOWN. Perform a reset
10-01  7:49:01 am BST Network is DOWN. Perform a reset
10-01  7:50:01 am BST Network is DOWN. Perform a reset
10-01  7:51:01 am BST Network is DOWN. Perform a reset
10-01  7:52:01 am BST Network is DOWN. Perform a reset
10-01  7:53:01 am BST Network is DOWN. Perform a reset
10-01  7:54:01 am BST Network is DOWN. Perform a reset
10-01  7:55:01 am BST Network is DOWN. Perform a reset
10-01  7:56:01 am BST Network is DOWN. Perform a reset
10-01  7:57:01 am BST Network is DOWN. Perform a reset
10-01  7:58:01 am BST Network is DOWN. Perform a reset
10-01  7:59:01 am BST Network is DOWN. Perform a reset
10-01  8:00:01 am BST Network is DOWN. Perform a reset
10-01  8:01:01 am BST Network is DOWN. Perform a reset
10-01  8:02:01 am BST Network is DOWN. Perform a reset
10-01  8:03:01 am BST Network is DOWN. Perform a reset
10-01  8:04:01 am BST Network is DOWN. Perform a reset
10-01  8:05:01 am BST Network is DOWN. Perform a reset
10-01  8:06:01 am BST Network is DOWN. Perform a reset
10-01  8:07:01 am BST Network is DOWN. Perform a reset
10-01  8:08:01 am BST Network is DOWN. Perform a reset
10-01  8:09:01 am BST Network is DOWN. Perform a reset
10-01  8:10:01 am BST Network is DOWN. Perform a reset
10-01  8:11:01 am BST Network is DOWN. Perform a reset
10-01  8:12:01 am BST Network is DOWN. Perform a reset
10-01  8:13:02 am BST Network is DOWN. Perform a reset
10-01  8:14:01 am BST Network is DOWN. Perform a reset
10-01  8:15:01 am BST Network is DOWN. Perform a reset
10-01  8:16:01 am BST Network is DOWN. Perform a reset
10-01  8:17:01 am BST Network is DOWN. Perform a reset
10-01  8:18:01 am BST Network is DOWN. Perform a reset
10-01  8:19:01 am BST Network is DOWN. Perform a reset
10-01  8:20:01 am BST Network is DOWN. Perform a reset
10-01  8:21:01 am BST Network is DOWN. Perform a reset
10-01  8:22:01 am BST Network is DOWN. Perform a reset
10-01  8:23:01 am BST Network is DOWN. Perform a reset
10-01  8:24:01 am BST Network is DOWN. Perform a reset
10-01  8:25:01 am BST Network is DOWN. Perform a reset
10-01  8:26:01 am BST Network is DOWN. Perform a reset
10-01  8:27:01 am BST Network is DOWN. Perform a reset
10-01  8:28:01 am BST Network is DOWN. Perform a reset
10-01  8:29:01 am BST Network is DOWN. Perform a reset
10-01  8:30:01 am BST Network is DOWN. Perform a reset
10-01  8:31:01 am BST Network is DOWN. Perform a reset
10-01  8:32:01 am BST Network is DOWN. Perform a reset
10-01  8:33:01 am BST Network is DOWN. Perform a reset
10-01  8:34:01 am BST Network is DOWN. Perform a reset
10-01  8:35:01 am BST Network is DOWN. Perform a reset
10-01  8:36:01 am BST Network is DOWN. Perform a reset
10-01  8:37:01 am BST Network is DOWN. Perform a reset
10-01  8:38:01 am BST Network is DOWN. Perform a reset
10-01  8:39:01 am BST Network is DOWN. Perform a reset
10-01  8:40:01 am BST Network is DOWN. Perform a reset
10-01  8:41:01 am BST Network is DOWN. Perform a reset
10-01  8:42:01 am BST Network is DOWN. Perform a reset
10-01  8:43:01 am BST Network is DOWN. Perform a reset
10-01  8:44:01 am BST Network is DOWN. Perform a reset
10-01  8:45:01 am BST Network is DOWN. Perform a reset
10-01  8:46:01 am BST Network is DOWN. Perform a reset
10-01  8:47:01 am BST Network is DOWN. Perform a reset
10-01  8:48:01 am BST Network is DOWN. Perform a reset
10-01  8:49:01 am BST Network is DOWN. Perform a reset
10-01  8:50:01 am BST Network is DOWN. Perform a reset
10-01  8:51:01 am BST Network is DOWN. Perform a reset
10-01  8:52:01 am BST Network is DOWN. Perform a reset
10-01  8:53:01 am BST Network is DOWN. Perform a reset
10-01  8:54:01 am BST Network is DOWN. Perform a reset
10-01  8:55:01 am BST Network is DOWN. Perform a reset
10-01  8:56:01 am BST Network is DOWN. Perform a reset
10-01  8:57:01 am BST Network is DOWN. Perform a reset
10-01  8:58:01 am BST Network is DOWN. Perform a reset
10-01  8:59:01 am BST Network is DOWN. Perform a reset
10-01  9:00:01 am BST Network is DOWN. Perform a reset
10-01  9:01:01 am BST Network is DOWN. Perform a reset
10-01  9:02:01 am BST Network is DOWN. Perform a reset
10-01  9:03:01 am BST Network is DOWN. Perform a reset
10-01  9:04:01 am BST Network is DOWN. Perform a reset
10-01  9:05:01 am BST Network is DOWN. Perform a reset
10-01  9:06:01 am BST Network is DOWN. Perform a reset
10-01  9:07:01 am BST Network is DOWN. Perform a reset
10-01  9:08:01 am BST Network is DOWN. Perform a reset
10-01  9:09:01 am BST Network is DOWN. Perform a reset
10-01  9:10:01 am BST Network is DOWN. Perform a reset
10-01  9:11:02 am BST Network is DOWN. Perform a reset
10-01  9:12:01 am BST Network is DOWN. Perform a reset
10-01  9:13:01 am BST Network is DOWN. Perform a reset
10-01  9:14:01 am BST Network is DOWN. Perform a reset
10-01  9:15:01 am BST Network is DOWN. Perform a reset
10-01  9:16:01 am BST Network is DOWN. Perform a reset
10-01  9:17:01 am BST Network is DOWN. Perform a reset
10-01  9:18:01 am BST Network is DOWN. Perform a reset
10-01  9:19:01 am BST Network is DOWN. Perform a reset
10-01  9:20:01 am BST Network is DOWN. Perform a reset
10-01  9:21:01 am BST Network is DOWN. Perform a reset
10-01  9:22:01 am BST Network is DOWN. Perform a reset
10-01  9:23:01 am BST Network is DOWN. Perform a reset
10-01  9:24:01 am BST Network is DOWN. Perform a reset
10-01  9:25:01 am BST Network is DOWN. Perform a reset
10-01  9:26:01 am BST Network is DOWN. Perform a reset
10-01  9:27:01 am BST Network is DOWN. Perform a reset
10-01  9:28:01 am BST Network is DOWN. Perform a reset
10-01  9:29:01 am BST Network is DOWN. Perform a reset
10-01  9:30:01 am BST Network is DOWN. Perform a reset
10-01  9:31:01 am BST Network is DOWN. Perform a reset
10-01  9:32:01 am BST Network is DOWN. Perform a reset
10-01  9:33:01 am BST Network is DOWN. Perform a reset
10-01  9:34:01 am BST Network is DOWN. Perform a reset
10-01  9:35:01 am BST Network is DOWN. Perform a reset
10-01  9:36:01 am BST Network is DOWN. Perform a reset
10-01  9:37:01 am BST Network is DOWN. Perform a reset
10-01  9:38:01 am BST Network is DOWN. Perform a reset
10-01  9:39:01 am BST Network is DOWN. Perform a reset
10-01  9:40:01 am BST Network is DOWN. Perform a reset
10-01  9:41:01 am BST Network is DOWN. Perform a reset
10-01  9:42:01 am BST Network is DOWN. Perform a reset
10-01  9:43:01 am BST Network is DOWN. Perform a reset
10-01  9:44:01 am BST Network is DOWN. Perform a reset
10-01  9:45:01 am BST Network is DOWN. Perform a reset
10-01  9:46:01 am BST Network is DOWN. Perform a reset
10-01  9:47:01 am BST Network is DOWN. Perform a reset
10-01  9:48:01 am BST Network is DOWN. Perform a reset
10-01  9:49:01 am BST Network is DOWN. Perform a reset
10-01  9:50:02 am BST Network is DOWN. Perform a reset
10-01  9:51:01 am BST Network is DOWN. Perform a reset
10-01  9:52:01 am BST Network is DOWN. Perform a reset
10-01  9:53:01 am BST Network is DOWN. Perform a reset
10-01  9:54:01 am BST Network is DOWN. Perform a reset
10-01  9:55:01 am BST Network is DOWN. Perform a reset
10-01  9:56:01 am BST Network is DOWN. Perform a reset
10-01  9:57:01 am BST Network is DOWN. Perform a reset
10-01  9:58:01 am BST Network is DOWN. Perform a reset
10-01  9:59:01 am BST Network is DOWN. Perform a reset
10-01 10:00:02 am BST Network is DOWN. Perform a reset
10-01 10:01:01 am BST Network is DOWN. Perform a reset
10-01 10:02:01 am BST Network is DOWN. Perform a reset
10-01 10:03:01 am BST Network is DOWN. Perform a reset
10-01 10:04:01 am BST Network is DOWN. Perform a reset
10-01 10:05:01 am BST Network is DOWN. Perform a reset
10-01 10:06:01 am BST Network is DOWN. Perform a reset
10-01 10:07:01 am BST Network is DOWN. Perform a reset
10-01 10:08:01 am BST Network is DOWN. Perform a reset
10-01 10:09:01 am BST Network is DOWN. Perform a reset
10-01 10:10:01 am BST Network is DOWN. Perform a reset
10-01 10:11:01 am BST Network is DOWN. Perform a reset
10-01 10:12:01 am BST Network is DOWN. Perform a reset
10-01 10:13:01 am BST Network is DOWN. Perform a reset
10-01 10:14:01 am BST Network is DOWN. Perform a reset
10-01 10:15:01 am BST Network is DOWN. Perform a reset
10-01 10:16:01 am BST Network is DOWN. Perform a reset
10-01 10:17:01 am BST Network is DOWN. Perform a reset
10-01 10:18:01 am BST Network is DOWN. Perform a reset
10-01 10:19:01 am BST Network is DOWN. Perform a reset
10-01 10:20:01 am BST Network is DOWN. Perform a reset
10-01 10:21:01 am BST Network is DOWN. Perform a reset
10-01 10:22:01 am BST Network is DOWN. Perform a reset
10-01 10:23:01 am BST Network is DOWN. Perform a reset
10-01 10:24:01 am BST Network is DOWN. Perform a reset
10-01 10:25:01 am BST Network is DOWN. Perform a reset
10-01 10:26:01 am BST Network is DOWN. Perform a reset
10-01 10:27:01 am BST Network is DOWN. Perform a reset
10-01 10:28:01 am BST Network is DOWN. Perform a reset
10-01 10:29:01 am BST Network is DOWN. Perform a reset
10-01 10:30:01 am BST Network is DOWN. Perform a reset
10-01 10:31:01 am BST Network is DOWN. Perform a reset
10-01 10:32:01 am BST Network is DOWN. Perform a reset
10-01 10:33:01 am BST Network is DOWN. Perform a reset
10-01 10:34:01 am BST Network is DOWN. Perform a reset
10-01 10:35:01 am BST Network is DOWN. Perform a reset
10-01 10:36:01 am BST Network is DOWN. Perform a reset
10-01 10:37:01 am BST Network is DOWN. Perform a reset
10-01 10:38:01 am BST Network is DOWN. Perform a reset
10-01 10:39:01 am BST Network is DOWN. Perform a reset
10-01 10:40:01 am BST Network is DOWN. Perform a reset
10-01 10:41:01 am BST Network is DOWN. Perform a reset
10-01 10:42:01 am BST Network is DOWN. Perform a reset
10-01 10:43:01 am BST Network is DOWN. Perform a reset
10-01 10:44:01 am BST Network is DOWN. Perform a reset
10-01 10:45:01 am BST Network is DOWN. Perform a reset
10-01 10:46:01 am BST Network is DOWN. Perform a reset
10-01 10:47:01 am BST Network is DOWN. Perform a reset
10-01 10:48:01 am BST Network is DOWN. Perform a reset
10-01 10:49:01 am BST Network is DOWN. Perform a reset
10-01 10:50:01 am BST Network is DOWN. Perform a reset
10-01 10:51:01 am BST Network is DOWN. Perform a reset
10-01 10:52:01 am BST Network is DOWN. Perform a reset
10-01 10:53:01 am BST Network is DOWN. Perform a reset
10-01 10:54:01 am BST Network is DOWN. Perform a reset
10-01 10:55:01 am BST Network is DOWN. Perform a reset
10-01 10:56:01 am BST Network is DOWN. Perform a reset
10-01 10:57:01 am BST Network is DOWN. Perform a reset
10-01 10:58:01 am BST Network is DOWN. Perform a reset
10-01 10:59:01 am BST Network is DOWN. Perform a reset
10-01 11:00:01 am BST Network is DOWN. Perform a reset
10-01 11:01:01 am BST Network is DOWN. Perform a reset
10-01 11:02:01 am BST Network is DOWN. Perform a reset
10-01 11:03:01 am BST Network is DOWN. Perform a reset
10-01 11:04:01 am BST Network is DOWN. Perform a reset
10-01 11:05:01 am BST Network is DOWN. Perform a reset
10-01 11:06:01 am BST Network is DOWN. Perform a reset
10-01 11:07:01 am BST Network is DOWN. Perform a reset
10-01 11:08:02 am BST Network is DOWN. Perform a reset
10-01 11:09:01 am BST Network is DOWN. Perform a reset
10-01 11:10:01 am BST Network is DOWN. Perform a reset
10-01 11:11:01 am BST Network is DOWN. Perform a reset
10-01 11:12:01 am BST Network is DOWN. Perform a reset
10-01 11:13:01 am BST Network is DOWN. Perform a reset
10-01 11:14:01 am BST Network is DOWN. Perform a reset
10-01 11:15:01 am BST Network is DOWN. Perform a reset
10-01 11:16:01 am BST Network is DOWN. Perform a reset
10-01 11:17:01 am BST Network is DOWN. Perform a reset
10-01 11:18:02 am BST Network is DOWN. Perform a reset
10-01 11:19:01 am BST Network is DOWN. Perform a reset
10-01 11:20:01 am BST Network is DOWN. Perform a reset
10-01 11:21:01 am BST Network is DOWN. Perform a reset
10-01 11:22:01 am BST Network is DOWN. Perform a reset
10-01 11:23:01 am BST Network is DOWN. Perform a reset
10-01 11:24:01 am BST Network is DOWN. Perform a reset
10-01 11:25:01 am BST Network is DOWN. Perform a reset
10-01 11:26:01 am BST Network is DOWN. Perform a reset
10-01 11:27:01 am BST Network is DOWN. Perform a reset
10-01 11:28:01 am BST Network is DOWN. Perform a reset
10-01 11:29:01 am BST Network is DOWN. Perform a reset
10-01 11:30:01 am BST Network is DOWN. Perform a reset
10-01 11:31:01 am BST Network is DOWN. Perform a reset
10-01 11:32:01 am BST Network is DOWN. Perform a reset
10-01 11:33:01 am BST Network is DOWN. Perform a reset
10-01 11:34:01 am BST Network is DOWN. Perform a reset
10-01 11:35:01 am BST Network is DOWN. Perform a reset
10-01 11:36:01 am BST Network is DOWN. Perform a reset
10-01 11:37:01 am BST Network is DOWN. Perform a reset
10-01 11:38:01 am BST Network is DOWN. Perform a reset
10-01 11:39:01 am BST Network is DOWN. Perform a reset
10-01 11:40:01 am BST Network is DOWN. Perform a reset
10-01 11:41:01 am BST Network is DOWN. Perform a reset
10-01 11:42:01 am BST Network is DOWN. Perform a reset
10-01 11:43:01 am BST Network is DOWN. Perform a reset
10-01 11:44:01 am BST Network is DOWN. Perform a reset
10-01 11:45:01 am BST Network is DOWN. Perform a reset
10-01 11:46:01 am BST Network is DOWN. Perform a reset
10-01 11:47:01 am BST Network is DOWN. Perform a reset
10-01 11:48:01 am BST Network is DOWN. Perform a reset
10-01 11:49:01 am BST Network is DOWN. Perform a reset
10-01 11:50:01 am BST Network is DOWN. Perform a reset
10-01 11:51:01 am BST Network is DOWN. Perform a reset
10-01 11:52:01 am BST Network is DOWN. Perform a reset
10-01 11:53:01 am BST Network is DOWN. Perform a reset
10-01 11:54:01 am BST Network is DOWN. Perform a reset
10-01 11:55:01 am BST Network is DOWN. Perform a reset
10-01 11:56:01 am BST Network is DOWN. Perform a reset
10-01 11:57:02 am BST Network is DOWN. Perform a reset
10-01 11:58:01 am BST Network is DOWN. Perform a reset
10-01 11:59:01 am BST Network is DOWN. Perform a reset
10-01 12:00:01 pm BST Network is DOWN. Perform a reset
10-01 12:01:01 pm BST Network is DOWN. Perform a reset
10-01 12:02:01 pm BST Network is DOWN. Perform a reset
10-01 12:03:01 pm BST Network is DOWN. Perform a reset
10-01 12:04:01 pm BST Network is DOWN. Perform a reset
10-01 12:05:01 pm BST Network is DOWN. Perform a reset
10-01 12:06:01 pm BST Network is DOWN. Perform a reset
10-01 12:07:01 pm BST Network is DOWN. Perform a reset
10-01 12:08:01 pm BST Network is DOWN. Perform a reset
10-01 12:09:01 pm BST Network is DOWN. Perform a reset
10-01 12:10:01 pm BST Network is DOWN. Perform a reset
10-01 12:11:01 pm BST Network is DOWN. Perform a reset
10-01 12:12:01 pm BST Network is DOWN. Perform a reset
10-01 12:13:01 pm BST Network is DOWN. Perform a reset
10-01 12:14:01 pm BST Network is DOWN. Perform a reset
10-01 12:15:01 pm BST Network is DOWN. Perform a reset
10-01 12:16:01 pm BST Network is DOWN. Perform a reset
10-01 12:17:01 pm BST Network is DOWN. Perform a reset
10-01 12:18:01 pm BST Network is DOWN. Perform a reset
10-01 12:19:01 pm BST Network is DOWN. Perform a reset
10-01 12:20:01 pm BST Network is DOWN. Perform a reset
10-01 12:21:01 pm BST Network is DOWN. Perform a reset
10-01 12:22:01 pm BST Network is DOWN. Perform a reset
10-01 12:23:01 pm BST Network is DOWN. Perform a reset
10-01 12:24:01 pm BST Network is DOWN. Perform a reset
10-01 12:25:01 pm BST Network is DOWN. Perform a reset
10-01 12:26:01 pm BST Network is DOWN. Perform a reset
10-01 12:27:01 pm BST Network is DOWN. Perform a reset
10-01 12:28:01 pm BST Network is DOWN. Perform a reset
10-01 12:29:01 pm BST Network is DOWN. Perform a reset
10-01 12:30:01 pm BST Network is DOWN. Perform a reset
10-01 12:31:01 pm BST Network is DOWN. Perform a reset
10-01 12:32:01 pm BST Network is DOWN. Perform a reset
10-01 12:33:01 pm BST Network is DOWN. Perform a reset
10-01 12:34:01 pm BST Network is DOWN. Perform a reset
10-01 12:35:01 pm BST Network is DOWN. Perform a reset
10-01 12:36:02 pm BST Network is DOWN. Perform a reset
10-01 12:37:01 pm BST Network is DOWN. Perform a reset
10-01 12:38:01 pm BST Network is DOWN. Perform a reset
10-01 12:39:01 pm BST Network is DOWN. Perform a reset
10-01 12:40:01 pm BST Network is DOWN. Perform a reset
10-01 12:41:01 pm BST Network is DOWN. Perform a reset
10-01 12:42:01 pm BST Network is DOWN. Perform a reset
10-01 12:43:01 pm BST Network is DOWN. Perform a reset
10-01 12:44:01 pm BST Network is DOWN. Perform a reset
10-01 12:45:01 pm BST Network is DOWN. Perform a reset
10-01 12:46:02 pm BST Network is DOWN. Perform a reset
10-01 12:47:01 pm BST Network is DOWN. Perform a reset
10-01 12:48:01 pm BST Network is DOWN. Perform a reset
10-01 12:49:01 pm BST Network is DOWN. Perform a reset
10-01 12:50:01 pm BST Network is DOWN. Perform a reset
10-01 12:51:01 pm BST Network is DOWN. Perform a reset
10-01 12:52:01 pm BST Network is DOWN. Perform a reset
10-01 12:53:01 pm BST Network is DOWN. Perform a reset
10-01 12:54:01 pm BST Network is DOWN. Perform a reset
10-01 12:55:01 pm BST Network is DOWN. Perform a reset
10-01 12:56:01 pm BST Network is DOWN. Perform a reset
10-01 12:57:01 pm BST Network is DOWN. Perform a reset
10-01 12:58:01 pm BST Network is DOWN. Perform a reset
10-01 12:59:01 pm BST Network is DOWN. Perform a reset
10-01  1:00:01 pm BST Network is DOWN. Perform a reset
10-01  1:01:01 pm BST Network is DOWN. Perform a reset
10-01  1:02:01 pm BST Network is DOWN. Perform a reset
10-01  1:03:01 pm BST Network is DOWN. Perform a reset
10-01  1:04:01 pm BST Network is DOWN. Perform a reset
10-01  1:05:01 pm BST Network is DOWN. Perform a reset
10-01  1:06:01 pm BST Network is DOWN. Perform a reset
10-01  1:07:01 pm BST Network is DOWN. Perform a reset
10-01  1:08:01 pm BST Network is DOWN. Perform a reset
10-01  1:09:01 pm BST Network is DOWN. Perform a reset
10-01  1:10:01 pm BST Network is DOWN. Perform a reset
10-01  1:11:01 pm BST Network is DOWN. Perform a reset
10-01  1:12:01 pm BST Network is DOWN. Perform a reset
10-01  1:13:01 pm BST Network is DOWN. Perform a reset
10-01  1:14:01 pm BST Network is DOWN. Perform a reset
10-01  1:15:02 pm BST Network is DOWN. Perform a reset
10-01  1:16:01 pm BST Network is DOWN. Perform a reset
10-01  1:17:01 pm BST Network is DOWN. Perform a reset
10-01  1:18:01 pm BST Network is DOWN. Perform a reset
10-01  1:19:01 pm BST Network is DOWN. Perform a reset
10-01  1:20:01 pm BST Network is DOWN. Perform a reset
10-01  1:21:01 pm BST Network is DOWN. Perform a reset
10-01  1:22:01 pm BST Network is DOWN. Perform a reset
10-01  1:23:01 pm BST Network is DOWN. Perform a reset
10-01  1:24:01 pm BST Network is DOWN. Perform a reset
10-01  1:25:01 pm BST Network is DOWN. Perform a reset
10-01  1:26:01 pm BST Network is DOWN. Perform a reset
10-01  1:27:01 pm BST Network is DOWN. Perform a reset
10-01  1:28:01 pm BST Network is DOWN. Perform a reset
10-01  1:29:01 pm BST Network is DOWN. Perform a reset
10-01  1:30:01 pm BST Network is DOWN. Perform a reset
10-01  1:31:01 pm BST Network is DOWN. Perform a reset
10-01  1:32:01 pm BST Network is DOWN. Perform a reset
10-01  1:33:01 pm BST Network is DOWN. Perform a reset
10-01  1:34:01 pm BST Network is DOWN. Perform a reset
10-01  1:35:01 pm BST Network is DOWN. Perform a reset
10-01  1:36:01 pm BST Network is DOWN. Perform a reset
10-01  1:37:01 pm BST Network is DOWN. Perform a reset
10-01  1:38:01 pm BST Network is DOWN. Perform a reset
10-01  1:39:01 pm BST Network is DOWN. Perform a reset
10-01  1:40:01 pm BST Network is DOWN. Perform a reset
10-01  1:42:19 pm BST Network is UP. Just exit the program.
10-01  1:43:01 pm BST Network is UP. Just exit the program.
10-01  1:44:01 pm BST Network is UP. Just exit the program.
10-01  1:45:01 pm BST Network is UP. Just exit the program.
10-01  1:46:01 pm BST Network is UP. Just exit the program.
10-01  1:47:01 pm BST Network is UP. Just exit the program.
10-01  1:48:01 pm BST Network is UP. Just exit the program.
10-01  1:49:01 pm BST Network is UP. Just exit the program.
10-01  1:50:01 pm BST Network is UP. Just exit the program.
10-01  1:51:01 pm BST Network is UP. Just exit the program.
10-01  1:52:01 pm BST Network is UP. Just exit the program.
10-01  1:53:01 pm BST Network is UP. Just exit the program.
10-01  1:54:01 pm BST Network is UP. Just exit the program.
10-01  1:55:01 pm BST Network is UP. Just exit the program.
10-01  1:56:01 pm BST Network is UP. Just exit the program.
10-01  1:57:01 pm BST Network is UP. Just exit the program.
10-01  1:58:01 pm BST Network is UP. Just exit the program.
10-01  1:59:01 pm BST Network is UP. Just exit the program.
10-01  2:00:01 pm BST Network is UP. Just exit the program.
10-01  2:01:01 pm BST Network is UP. Just exit the program.
10-01  2:02:01 pm BST Network is UP. Just exit the program.
10-01  2:03:01 pm BST Network is UP. Just exit the program.
10-01  2:04:01 pm BST Network is UP. Just exit the program.
10-01  2:05:01 pm BST Network is UP. Just exit the program.
10-01  2:06:01 pm BST Network is UP. Just exit the program.
10-01  2:07:01 pm BST Network is UP. Just exit the program.
10-01  2:08:01 pm BST Network is UP. Just exit the program.
10-01  2:09:01 pm BST Network is UP. Just exit the program.
10-01  2:10:01 pm BST Network is UP. Just exit the program.
10-01  2:11:01 pm BST Network is UP. Just exit the program.
10-01  2:12:01 pm BST Network is UP. Just exit the program.
10-01  2:13:01 pm BST Network is UP. Just exit the program.
10-01  2:14:01 pm BST Network is UP. Just exit the program.
10-01  2:15:01 pm BST Network is UP. Just exit the program.
10-01  2:16:01 pm BST Network is UP. Just exit the program.
10-01  2:17:01 pm BST Network is UP. Just exit the program.
10-01  2:18:01 pm BST Network is UP. Just exit the program.
10-01  2:19:01 pm BST Network is UP. Just exit the program.
10-01  2:20:01 pm BST Network is UP. Just exit the program.
10-01  2:21:01 pm BST Network is UP. Just exit the program.
10-01  2:22:01 pm BST Network is UP. Just exit the program.
10-01  2:23:01 pm BST Network is UP. Just exit the program.
10-01  2:24:02 pm BST Network is UP. Just exit the program.
10-01  2:25:01 pm BST Network is UP. Just exit the program.
10-01  2:26:01 pm BST Network is UP. Just exit the program.
10-01  2:27:01 pm BST Network is UP. Just exit the program.
10-01  2:28:01 pm BST Network is UP. Just exit the program.
10-01  2:29:01 pm BST Network is UP. Just exit the program.
10-01  2:30:01 pm BST Network is UP. Just exit the program.
10-01  2:31:01 pm BST Network is UP. Just exit the program.
10-01  2:32:01 pm BST Network is UP. Just exit the program.
10-01  2:33:01 pm BST Network is UP. Just exit the program.
10-01  2:34:01 pm BST Network is UP. Just exit the program.
10-01  2:35:01 pm BST Network is UP. Just exit the program.
10-01  2:36:01 pm BST Network is UP. Just exit the program.
10-01  2:37:01 pm BST Network is UP. Just exit the program.
10-01  2:38:01 pm BST Network is UP. Just exit the program.
10-01  2:39:01 pm BST Network is UP. Just exit the program.
10-01  2:40:01 pm BST Network is UP. Just exit the program.
10-01  2:41:01 pm BST Network is UP. Just exit the program.
10-01  2:42:02 pm BST Network is UP. Just exit the program.
10-01  2:43:01 pm BST Network is UP. Just exit the program.
10-01  2:44:01 pm BST Network is UP. Just exit the program.
10-01  2:45:01 pm BST Network is UP. Just exit the program.
10-01  2:46:01 pm BST Network is UP. Just exit the program.
10-01  2:47:01 pm BST Network is UP. Just exit the program.
10-01  2:48:01 pm BST Network is UP. Just exit the program.
10-01  2:49:01 pm BST Network is UP. Just exit the program.
10-01  2:50:01 pm BST Network is UP. Just exit the program.
10-01  2:51:01 pm BST Network is UP. Just exit the program.
10-01  2:52:01 pm BST Network is UP. Just exit the program.
10-01  2:53:01 pm BST Network is UP. Just exit the program.
10-01  2:54:01 pm BST Network is UP. Just exit the program.
10-01  2:55:01 pm BST Network is UP. Just exit the program.
10-01  2:56:01 pm BST Network is UP. Just exit the program.
10-01  2:57:01 pm BST Network is UP. Just exit the program.
10-01  2:58:01 pm BST Network is UP. Just exit the program.
10-01  2:59:01 pm BST Network is UP. Just exit the program.
10-01  3:00:01 pm BST Network is UP. Just exit the program.
10-01  3:01:01 pm BST Network is UP. Just exit the program.
10-01  3:02:01 pm BST Network is UP. Just exit the program.
10-01  3:03:01 pm BST Network is UP. Just exit the program.
10-01  3:04:01 pm BST Network is UP. Just exit the program.
10-01  3:05:01 pm BST Network is UP. Just exit the program.
10-01  3:06:01 pm BST Network is UP. Just exit the program.
10-01  3:07:01 pm BST Network is UP. Just exit the program.
10-01  3:08:01 pm BST Network is UP. Just exit the program.
10-01  3:09:01 pm BST Network is UP. Just exit the program.
10-01  3:10:01 pm BST Network is UP. Just exit the program.
10-01  3:11:01 pm BST Network is UP. Just exit the program.
10-01  3:12:01 pm BST Network is UP. Just exit the program.
10-01  3:13:01 pm BST Network is UP. Just exit the program.
10-01  3:14:01 pm BST Network is UP. Just exit the program.
10-01  3:15:02 pm BST Network is UP. Just exit the program.
10-01  3:16:01 pm BST Network is UP. Just exit the program.
10-01  3:17:01 pm BST Network is UP. Just exit the program.
10-01  3:18:01 pm BST Network is UP. Just exit the program.
10-01  3:19:01 pm BST Network is UP. Just exit the program.
10-01  3:20:01 pm BST Network is UP. Just exit the program.
10-01  3:21:01 pm BST Network is UP. Just exit the program.
10-01  3:22:01 pm BST Network is UP. Just exit the program.
10-01  3:23:02 pm BST Network is UP. Just exit the program.
10-01  3:24:01 pm BST Network is UP. Just exit the program.
10-01  3:25:01 pm BST Network is UP. Just exit the program.
10-01  3:26:01 pm BST Network is UP. Just exit the program.
10-01  3:27:01 pm BST Network is UP. Just exit the program.
10-01  3:28:01 pm BST Network is UP. Just exit the program.
10-01  3:29:01 pm BST Network is UP. Just exit the program.
10-01  3:30:01 pm BST Network is UP. Just exit the program.
10-01  3:31:01 pm BST Network is UP. Just exit the program.
10-01  3:32:01 pm BST Network is UP. Just exit the program.
10-01  3:33:01 pm BST Network is UP. Just exit the program.
10-01  3:34:01 pm BST Network is UP. Just exit the program.
10-01  3:35:01 pm BST Network is UP. Just exit the program.
10-01  3:36:01 pm BST Network is UP. Just exit the program.
10-01  3:37:01 pm BST Network is UP. Just exit the program.
10-02  1:41:38 pm BST Network is UP. Just exit the program.
10-02  1:41:38 pm BST Network is UP. Just exit the program.
10-02  1:41:38 pm BST Network is UP. Just exit the program.
10-02  1:41:38 pm BST Network is UP. Just exit the program.
10-02  1:42:01 pm BST Network is UP. Just exit the program.
10-02  1:43:01 pm BST Network is UP. Just exit the program.
10-02  1:44:01 pm BST Network is UP. Just exit the program.
10-02  1:45:02 pm BST Network is UP. Just exit the program.
10-02  1:46:01 pm BST Network is UP. Just exit the program.
10-02  1:47:01 pm BST Network is UP. Just exit the program.
10-02  1:48:01 pm BST Network is UP. Just exit the program.
10-02  1:49:01 pm BST Network is UP. Just exit the program.
10-02  1:50:01 pm BST Network is UP. Just exit the program.
10-02  1:51:01 pm BST Network is UP. Just exit the program.
10-02  1:52:01 pm BST Network is UP. Just exit the program.
10-02  1:53:01 pm BST Network is UP. Just exit the program.
10-02  1:54:01 pm BST Network is UP. Just exit the program.
10-02  1:55:01 pm BST Network is UP. Just exit the program.
10-02  1:56:01 pm BST Network is UP. Just exit the program.
10-02  1:57:01 pm BST Network is UP. Just exit the program.
10-02  1:58:01 pm BST Network is UP. Just exit the program.
10-02  1:59:01 pm BST Network is UP. Just exit the program.
10-02  2:00:01 pm BST Network is UP. Just exit the program.
10-02  2:01:01 pm BST Network is UP. Just exit the program.
10-02  2:02:01 pm BST Network is UP. Just exit the program.
10-02  2:03:01 pm BST Network is UP. Just exit the program.
10-02  2:04:01 pm BST Network is UP. Just exit the program.
10-02  2:05:01 pm BST Network is UP. Just exit the program.
10-02  2:06:01 pm BST Network is UP. Just exit the program.
10-02  2:07:01 pm BST Network is UP. Just exit the program.
10-02  2:08:01 pm BST Network is UP. Just exit the program.
10-02  2:09:01 pm BST Network is UP. Just exit the program.
10-02  2:10:01 pm BST Network is UP. Just exit the program.
10-02  2:11:02 pm BST Network is UP. Just exit the program.
10-02  2:12:01 pm BST Network is UP. Just exit the program.
10-02  2:13:01 pm BST Network is UP. Just exit the program.
10-02  2:14:01 pm BST Network is UP. Just exit the program.
10-02  2:15:01 pm BST Network is UP. Just exit the program.
10-02  2:16:01 pm BST Network is UP. Just exit the program.
10-02  2:17:01 pm BST Network is UP. Just exit the program.
10-02  2:18:01 pm BST Network is UP. Just exit the program.
10-02  2:19:01 pm BST Network is UP. Just exit the program.
10-02  2:20:01 pm BST Network is UP. Just exit the program.
10-02  2:21:01 pm BST Network is UP. Just exit the program.
10-02  2:22:02 pm BST Network is UP. Just exit the program.
10-02  2:23:01 pm BST Network is UP. Just exit the program.
10-02  2:24:01 pm BST Network is UP. Just exit the program.
10-02  2:25:01 pm BST Network is UP. Just exit the program.
10-02  2:26:01 pm BST Network is UP. Just exit the program.
10-02  2:27:01 pm BST Network is UP. Just exit the program.
10-02  2:28:01 pm BST Network is UP. Just exit the program.
10-02  2:29:01 pm BST Network is UP. Just exit the program.
10-02  2:30:01 pm BST Network is UP. Just exit the program.
10-02  2:31:01 pm BST Network is UP. Just exit the program.
10-02  2:32:01 pm BST Network is UP. Just exit the program.
10-02  2:33:01 pm BST Network is UP. Just exit the program.
10-02  2:34:01 pm BST Network is UP. Just exit the program.
10-02  2:35:01 pm BST Network is UP. Just exit the program.
10-02  2:36:01 pm BST Network is UP. Just exit the program.
10-02  2:37:01 pm BST Network is UP. Just exit the program.
10-02  2:38:01 pm BST Network is UP. Just exit the program.
10-02  2:39:01 pm BST Network is UP. Just exit the program.
10-02  2:40:01 pm BST Network is UP. Just exit the program.
10-02  2:41:01 pm BST Network is UP. Just exit the program.
10-02  2:42:02 pm BST Network is UP. Just exit the program.
10-02  2:43:01 pm BST Network is UP. Just exit the program.
10-02  2:44:01 pm BST Network is UP. Just exit the program.
10-02  2:45:01 pm BST Network is UP. Just exit the program.
10-02  2:46:01 pm BST Network is UP. Just exit the program.
10-02  2:47:01 pm BST Network is UP. Just exit the program.
10-02  2:48:01 pm BST Network is UP. Just exit the program.
10-02  2:49:01 pm BST Network is UP. Just exit the program.
10-02  2:50:01 pm BST Network is UP. Just exit the program.
10-02  2:51:01 pm BST Network is UP. Just exit the program.
10-02  2:52:01 pm BST Network is UP. Just exit the program.
10-02  2:53:01 pm BST Network is UP. Just exit the program.
10-02  2:54:01 pm BST Network is UP. Just exit the program.
10-02  2:55:01 pm BST Network is UP. Just exit the program.
10-02  2:56:01 pm BST Network is UP. Just exit the program.
10-02  2:57:01 pm BST Network is UP. Just exit the program.
10-02  2:58:01 pm BST Network is UP. Just exit the program.
10-02  2:59:01 pm BST Network is UP. Just exit the program.
10-02  3:00:01 pm BST Network is UP. Just exit the program.
10-02  3:01:01 pm BST Network is UP. Just exit the program.
10-02  3:02:01 pm BST Network is UP. Just exit the program.
10-02  3:03:01 pm BST Network is UP. Just exit the program.
10-02  3:04:01 pm BST Network is UP. Just exit the program.
10-02  3:05:01 pm BST Network is UP. Just exit the program.
10-02  3:06:01 pm BST Network is UP. Just exit the program.
10-02  3:07:01 pm BST Network is UP. Just exit the program.
10-02  3:08:01 pm BST Network is UP. Just exit the program.
10-02  3:09:01 pm BST Network is UP. Just exit the program.
10-02  3:10:01 pm BST Network is UP. Just exit the program.
10-02  3:11:01 pm BST Network is UP. Just exit the program.
10-02  3:12:01 pm BST Network is UP. Just exit the program.
10-02  3:13:01 pm BST Network is UP. Just exit the program.
10-02  3:14:01 pm BST Network is UP. Just exit the program.
10-02  3:15:01 pm BST Network is UP. Just exit the program.
10-02  3:16:01 pm BST Network is UP. Just exit the program.
10-02  3:17:01 pm BST Network is UP. Just exit the program.
10-02  3:18:01 pm BST Network is UP. Just exit the program.
10-02  3:19:01 pm BST Network is UP. Just exit the program.
10-02  3:20:01 pm BST Network is UP. Just exit the program.
10-02  3:21:01 pm BST Network is UP. Just exit the program.
10-02  3:22:01 pm BST Network is UP. Just exit the program.
10-02  3:23:01 pm BST Network is UP. Just exit the program.
10-02  3:24:01 pm BST Network is UP. Just exit the program.
10-02  3:25:02 pm BST Network is UP. Just exit the program.
10-02  3:26:01 pm BST Network is UP. Just exit the program.
10-02  3:27:01 pm BST Network is UP. Just exit the program.
10-02  3:28:01 pm BST Network is UP. Just exit the program.
10-02  3:29:01 pm BST Network is UP. Just exit the program.
10-02  3:30:01 pm BST Network is UP. Just exit the program.
10-02  3:31:01 pm BST Network is UP. Just exit the program.
10-02  3:32:01 pm BST Network is UP. Just exit the program.
10-02  3:33:01 pm BST Network is UP. Just exit the program.
10-02  3:34:01 pm BST Network is UP. Just exit the program.
10-02  3:35:01 pm BST Network is UP. Just exit the program.
10-02  3:36:02 pm BST Network is UP. Just exit the program.
10-02  3:37:01 pm BST Network is UP. Just exit the program.
10-02  3:38:01 pm BST Network is UP. Just exit the program.
10-02  3:39:01 pm BST Network is UP. Just exit the program.
10-02  3:40:01 pm BST Network is UP. Just exit the program.
10-02  3:41:01 pm BST Network is UP. Just exit the program.
10-02  3:42:01 pm BST Network is UP. Just exit the program.
10-02  3:43:01 pm BST Network is UP. Just exit the program.
10-02  3:44:01 pm BST Network is UP. Just exit the program.
10-02  3:45:01 pm BST Network is UP. Just exit the program.
10-02  3:46:01 pm BST Network is UP. Just exit the program.
10-02  3:47:01 pm BST Network is UP. Just exit the program.
10-02  3:48:01 pm BST Network is UP. Just exit the program.
10-02  3:49:01 pm BST Network is UP. Just exit the program.
10-02  3:50:01 pm BST Network is UP. Just exit the program.
10-02  3:51:01 pm BST Network is UP. Just exit the program.
10-02  3:52:01 pm BST Network is UP. Just exit the program.
10-02  3:53:01 pm BST Network is UP. Just exit the program.
10-02  3:54:01 pm BST Network is UP. Just exit the program.
10-02  3:55:01 pm BST Network is UP. Just exit the program.
10-02  3:56:01 pm BST Network is UP. Just exit the program.
10-02  3:57:01 pm BST Network is UP. Just exit the program.
10-02  3:58:01 pm BST Network is UP. Just exit the program.
10-02  3:59:01 pm BST Network is UP. Just exit the program.
10-02  4:00:01 pm BST Network is UP. Just exit the program.
10-02  4:01:01 pm BST Network is UP. Just exit the program.
10-02  4:02:01 pm BST Network is UP. Just exit the program.
10-02  4:03:01 pm BST Network is UP. Just exit the program.
10-02  4:04:01 pm BST Network is UP. Just exit the program.
10-02  4:05:01 pm BST Network is UP. Just exit the program.
10-02  4:06:02 pm BST Network is UP. Just exit the program.
10-02  4:07:01 pm BST Network is UP. Just exit the program.
10-02  4:08:01 pm BST Network is UP. Just exit the program.
10-02  4:09:01 pm BST Network is UP. Just exit the program.
10-02  4:10:01 pm BST Network is UP. Just exit the program.
10-02  4:11:01 pm BST Network is UP. Just exit the program.
10-02  4:12:01 pm BST Network is UP. Just exit the program.
10-02  4:13:01 pm BST Network is UP. Just exit the program.
10-02  4:14:01 pm BST Network is UP. Just exit the program.
10-02  4:15:01 pm BST Network is UP. Just exit the program.
10-02  4:16:01 pm BST Network is UP. Just exit the program.
10-02  4:17:01 pm BST Network is UP. Just exit the program.
10-02  4:18:01 pm BST Network is UP. Just exit the program.
10-02  4:19:01 pm BST Network is UP. Just exit the program.
10-02  4:20:01 pm BST Network is UP. Just exit the program.
10-02  4:21:01 pm BST Network is UP. Just exit the program.
10-02  4:22:01 pm BST Network is UP. Just exit the program.
10-02  4:23:01 pm BST Network is UP. Just exit the program.
10-02  4:24:01 pm BST Network is UP. Just exit the program.
10-02  4:25:01 pm BST Network is UP. Just exit the program.
10-02  4:26:01 pm BST Network is UP. Just exit the program.
10-02  4:27:01 pm BST Network is UP. Just exit the program.
10-02  4:28:01 pm BST Network is UP. Just exit the program.
10-02  4:29:01 pm BST Network is UP. Just exit the program.
10-02  4:30:01 pm BST Network is UP. Just exit the program.
10-02  4:31:01 pm BST Network is UP. Just exit the program.
10-02  4:32:01 pm BST Network is UP. Just exit the program.
10-02  4:33:01 pm BST Network is UP. Just exit the program.
10-02  4:34:01 pm BST Network is UP. Just exit the program.
10-02  4:35:01 pm BST Network is UP. Just exit the program.
10-02  4:36:01 pm BST Network is UP. Just exit the program.
10-02  4:37:01 pm BST Network is UP. Just exit the program.
10-02  4:38:01 pm BST Network is UP. Just exit the program.
10-02  4:39:01 pm BST Network is UP. Just exit the program.
10-02  4:40:01 pm BST Network is UP. Just exit the program.
10-02  4:41:01 pm BST Network is UP. Just exit the program.
10-02  4:42:01 pm BST Network is UP. Just exit the program.
10-02  4:43:01 pm BST Network is UP. Just exit the program.
10-02  4:44:01 pm BST Network is UP. Just exit the program.
10-02  4:45:01 pm BST Network is UP. Just exit the program.
10-02  4:46:01 pm BST Network is UP. Just exit the program.
10-02  4:47:01 pm BST Network is UP. Just exit the program.
10-02  4:48:01 pm BST Network is UP. Just exit the program.
10-02  4:49:01 pm BST Network is UP. Just exit the program.
10-02  4:50:01 pm BST Network is UP. Just exit the program.
10-02  4:51:01 pm BST Network is UP. Just exit the program.
10-02  4:52:01 pm BST Network is UP. Just exit the program.
10-02  4:53:01 pm BST Network is UP. Just exit the program.
10-02  4:54:01 pm BST Network is UP. Just exit the program.
10-02  4:55:01 pm BST Network is UP. Just exit the program.
10-02  4:56:01 pm BST Network is UP. Just exit the program.
10-02  4:57:02 pm BST Network is UP. Just exit the program.
10-02  4:58:01 pm BST Network is UP. Just exit the program.
10-02  4:59:01 pm BST Network is UP. Just exit the program.
10-02  5:00:01 pm BST Network is UP. Just exit the program.
10-02  5:01:01 pm BST Network is UP. Just exit the program.
10-02  5:02:01 pm BST Network is UP. Just exit the program.
10-02  5:03:01 pm BST Network is UP. Just exit the program.
10-02  5:04:01 pm BST Network is UP. Just exit the program.
10-02  5:05:01 pm BST Network is UP. Just exit the program.
10-02  5:06:01 pm BST Network is UP. Just exit the program.
10-02  5:07:01 pm BST Network is UP. Just exit the program.
10-02  5:08:01 pm BST Network is UP. Just exit the program.
10-02  5:09:01 pm BST Network is UP. Just exit the program.
10-02  5:10:01 pm BST Network is UP. Just exit the program.
10-02  5:11:02 pm BST Network is UP. Just exit the program.
10-02  5:12:01 pm BST Network is UP. Just exit the program.
10-02  5:13:01 pm BST Network is UP. Just exit the program.
10-02  5:14:01 pm BST Network is UP. Just exit the program.
10-02  5:15:01 pm BST Network is UP. Just exit the program.
10-02  5:16:01 pm BST Network is UP. Just exit the program.
10-02  5:17:01 pm BST Network is UP. Just exit the program.
10-02  5:18:01 pm BST Network is UP. Just exit the program.
10-02  5:19:01 pm BST Network is UP. Just exit the program.
10-02  5:20:01 pm BST Network is UP. Just exit the program.
10-02  5:21:01 pm BST Network is UP. Just exit the program.
10-02  5:22:01 pm BST Network is UP. Just exit the program.
10-02  5:23:01 pm BST Network is UP. Just exit the program.
10-02  5:24:01 pm BST Network is UP. Just exit the program.
10-02  5:25:01 pm BST Network is UP. Just exit the program.
10-02  5:26:01 pm BST Network is UP. Just exit the program.
10-02  5:27:01 pm BST Network is UP. Just exit the program.
10-02  5:28:01 pm BST Network is UP. Just exit the program.
10-02  5:29:01 pm BST Network is UP. Just exit the program.
10-02  5:30:01 pm BST Network is UP. Just exit the program.
10-02  5:31:01 pm BST Network is UP. Just exit the program.
10-02  5:32:01 pm BST Network is UP. Just exit the program.
10-02  5:33:01 pm BST Network is UP. Just exit the program.
10-02  5:34:01 pm BST Network is UP. Just exit the program.
10-02  5:35:01 pm BST Network is UP. Just exit the program.
10-02  5:36:01 pm BST Network is UP. Just exit the program.
10-02  5:37:02 pm BST Network is UP. Just exit the program.
10-02  5:38:01 pm BST Network is UP. Just exit the program.
10-02  5:39:01 pm BST Network is UP. Just exit the program.
10-02  5:40:01 pm BST Network is UP. Just exit the program.
10-02  5:41:01 pm BST Network is UP. Just exit the program.
10-02  5:42:01 pm BST Network is UP. Just exit the program.
10-02  5:43:01 pm BST Network is UP. Just exit the program.
10-02  5:44:01 pm BST Network is UP. Just exit the program.
10-02  5:45:01 pm BST Network is UP. Just exit the program.
10-02  5:46:01 pm BST Network is UP. Just exit the program.
10-02  5:47:01 pm BST Network is UP. Just exit the program.
10-02  5:48:01 pm BST Network is UP. Just exit the program.
10-02  5:49:01 pm BST Network is UP. Just exit the program.
10-02  5:50:01 pm BST Network is UP. Just exit the program.
10-02  5:51:01 pm BST Network is UP. Just exit the program.
10-02  5:52:01 pm BST Network is UP. Just exit the program.
10-02  5:53:01 pm BST Network is UP. Just exit the program.
10-02  5:54:01 pm BST Network is UP. Just exit the program.
10-02  5:55:01 pm BST Network is UP. Just exit the program.
10-02  5:56:01 pm BST Network is UP. Just exit the program.
10-02  5:57:01 pm BST Network is UP. Just exit the program.
10-02  5:58:01 pm BST Network is UP. Just exit the program.
10-02  5:59:01 pm BST Network is UP. Just exit the program.
10-02  6:00:01 pm BST Network is UP. Just exit the program.
10-02  6:01:01 pm BST Network is UP. Just exit the program.
10-02  6:02:01 pm BST Network is UP. Just exit the program.
10-02  6:03:01 pm BST Network is UP. Just exit the program.
10-02  6:04:01 pm BST Network is UP. Just exit the program.
10-02  6:05:02 pm BST Network is UP. Just exit the program.
10-02  6:06:01 pm BST Network is UP. Just exit the program.
10-02  6:07:01 pm BST Network is UP. Just exit the program.
10-02  6:08:01 pm BST Network is UP. Just exit the program.
10-02  6:09:01 pm BST Network is UP. Just exit the program.
10-02  6:10:01 pm BST Network is UP. Just exit the program.
10-02  6:11:01 pm BST Network is UP. Just exit the program.
10-02  6:12:01 pm BST Network is UP. Just exit the program.
10-02  6:13:01 pm BST Network is UP. Just exit the program.
10-02  6:14:01 pm BST Network is UP. Just exit the program.
10-02  6:15:02 pm BST Network is UP. Just exit the program.
10-02  6:16:01 pm BST Network is UP. Just exit the program.
10-02  6:17:01 pm BST Network is UP. Just exit the program.
10-02  6:18:01 pm BST Network is UP. Just exit the program.
10-02  6:19:01 pm BST Network is UP. Just exit the program.
10-02  6:20:01 pm BST Network is UP. Just exit the program.
10-02  6:21:01 pm BST Network is UP. Just exit the program.
10-02  6:22:01 pm BST Network is UP. Just exit the program.
10-02  6:23:01 pm BST Network is UP. Just exit the program.
10-02  6:24:02 pm BST Network is UP. Just exit the program.
10-02  6:25:01 pm BST Network is UP. Just exit the program.
10-02  6:26:01 pm BST Network is UP. Just exit the program.
10-02  6:27:01 pm BST Network is UP. Just exit the program.
10-02  6:28:01 pm BST Network is UP. Just exit the program.
10-02  6:29:01 pm BST Network is UP. Just exit the program.
10-02  6:30:01 pm BST Network is UP. Just exit the program.
10-02  6:31:01 pm BST Network is UP. Just exit the program.
10-02  6:32:01 pm BST Network is UP. Just exit the program.
10-02  6:33:01 pm BST Network is UP. Just exit the program.
10-02  6:34:02 pm BST Network is UP. Just exit the program.
10-02  6:35:01 pm BST Network is UP. Just exit the program.
10-02  6:36:01 pm BST Network is UP. Just exit the program.
10-02  6:37:01 pm BST Network is UP. Just exit the program.
10-02  6:38:01 pm BST Network is UP. Just exit the program.
10-02  6:39:01 pm BST Network is UP. Just exit the program.
10-02  6:40:01 pm BST Network is UP. Just exit the program.
10-02 11:10:17 pm BST Network is UP. Just exit the program.
                                                            10-02 11:11:01 pm BST Network is UP. Just exit the program.
10-02 11:12:49 pm BST Network is UP. Just exit the program.
10-02 11:13:01 pm BST Network is UP. Just exit the program.
10-02 11:14:01 pm BST Network is UP. Just exit the program.
10-02 11:15:01 pm BST Network is UP. Just exit the program.
10-02 11:16:01 pm BST Network is UP. Just exit the program.
10-02 11:17:02 pm BST Network is UP. Just exit the program.
10-02 11:18:01 pm BST Network is UP. Just exit the program.
10-02 11:19:01 pm BST Network is UP. Just exit the program.
10-02 11:20:01 pm BST Network is UP. Just exit the program.
10-02 11:21:01 pm BST Network is UP. Just exit the program.
10-02 11:22:01 pm BST Network is UP. Just exit the program.
